{
"type": "FeatureCollection",
"name": "hurricane-harvey_00000149_post_disaster",
"features": [
{ "type": "Feature", "properties": { "feature_type": "building", "subtype": "minor-damage", "uid": "10f4a6f3-93ee-4cbd-9287-8d03bf5de94c" }, "geometry": { "type": "Polygon", "coordinates": [ [ [ -0.000004598915207, 11.515794550704751 ], [ 26.099611924408251, 14.258509841608751 ], [ 26.099611924595258, 39.424910939914362 ], [ 13.516411374451501, 38.638460907836411 ], [ 12.72996134031686, 30.773960563119839 ], [ -0.000004602655379, 33.526535683870378 ], [ -0.000004598915207, 11.515794550704751 ] ] ] } },
{ "type": "Feature", "properties": { "feature_type": "building", "subtype": "minor-damage", "uid": "73ddecab-ce63-4e88-9133-daffc170e164" }, "geometry": { "type": "Polygon", "coordinates": [ [ [ 30.818312133766629, 50.435211421919128 ], [ 29.638637080725751, 17.404309976902191 ], [ 62.276313510684432, 18.190760012969658 ], [ 62.276313507068927, 27.234935407299218 ], [ 68.961138803415821, 27.628160423836881 ], [ 69.747588835493374, 48.862311352776352 ], [ 61.883088490032783, 47.682636303163363 ], [ 63.455988559299442, 58.692936784170747 ], [ 29.638637083219201, 57.120036713033201 ], [ 30.818312133766629, 50.435211421919128 ] ] ] } },
{ "type": "Feature", "properties": { "feature_type": "building", "subtype": "minor-damage", "uid": "021f8607-d09f-4db4-8f2f-894db7a23faa" }, "geometry": { "type": "Polygon", "coordinates": [ [ [ 75.25273907487221, 57.120036712035819 ], [ 73.679839008161338, 28.021385444364061 ], [ 103.171715297467301, 28.021385442369301 ], [ 105.137840385827204, 53.974236574747621 ], [ 75.25273907487221, 57.120036712035819 ] ] ] } },
{ "type": "Feature", "properties": { "feature_type": "building", "subtype": "minor-damage", "uid": "68095f59-eb83-4700-8ef4-2ab97a8823d1" }, "geometry": { "type": "Polygon", "coordinates": [ [ [ 151.072247560441212, 10.737260259051469 ], [ 189.585008847502706, 11.04536234624228 ], [ 188.66070257776471, 27.99097731428343 ], [ 182.806762859117811, 29.531487765198161 ], [ 181.574354498885299, 23.369445956552319 ], [ 154.153268462456197, 24.60185432326838 ], [ 151.072247560441212, 10.737260259051469 ] ] ] } },
{ "type": "Feature", "properties": { "feature_type": "building", "subtype": "minor-damage", "uid": "2d3abc77-f894-4380-9f30-808ecd211d1e" }, "geometry": { "type": "Polygon", "coordinates": [ [ [ 205.298215451126197, 11.661566527605549 ], [ 207.763032173024811, 18.131710422444829 ], [ 231.794995217006914, 17.515506240084179 ], [ 229.946382674227095, 57.876880068013612 ], [ 204.065807089460009, 56.336369621088387 ], [ 204.373909180079096, 44.012286007786209 ], [ 195.438948561536705, 43.087979739232132 ], [ 194.514642290739005, 12.89397488933473 ], [ 205.298215451126197, 11.661566527605549 ] ] ] } },
{ "type": "Feature", "properties": { "feature_type": "building", "subtype": "minor-damage", "uid": "9f45fc2c-a34d-4549-b50e-b4efada0cb6c" }, "geometry": { "type": "Polygon", "coordinates": [ [ [ 236.724628660492613, 18.439812514622538 ], [ 256.135060349800426, 17.823608333259259 ], [ 257.983672891146512, 20.596527144905789 ], [ 271.84826695454592, 20.596527144905789 ], [ 270.615858595871885, 57.876880067016216 ], [ 235.184118211947407, 55.412063344555271 ], [ 236.724628660492613, 18.439812514622538 ] ] ] } },
{ "type": "Feature", "properties": { "feature_type": "building", "subtype": "minor-damage", "uid": "ed88f574-1105-4e0a-8084-f560eed80e6d" }, "geometry": { "type": "Polygon", "coordinates": [ [ [ 298.961250899545519, 34.461121205133182 ], [ 324.841826483751674, 50.482429899633352 ], [ 309.744824061054828, 75.746801301616699 ], [ 300.193659263642928, 70.200963678323646 ], [ 294.955923726795277, 74.514392938890154 ], [ 279.242717125104207, 65.579432324582058 ], [ 290.642494461243984, 44.628490187154718 ], [ 298.961250899545519, 34.461121205133182 ] ] ] } },
{ "type": "Feature", "properties": { "feature_type": "building", "subtype": "minor-damage", "uid": "fcbfc66a-52a6-476e-afe7-86bb1bafdde0" }, "geometry": { "type": "Polygon", "coordinates": [ [ [ 384.4928590846975, 2.791002727662653 ], [ 413.220178998900792, 20.413644353892511 ], [ 403.081124910401911, 38.519098079334498 ], [ 401.149876513304889, 37.553473881907607 ], [ 395.356131322326007, 45.037061422687863 ], [ 383.768640937188707, 45.037061422687863 ], [ 373.629586850061173, 35.139413385846943 ], [ 380.147550189858123, 27.414419795460621 ], [ 373.629586853427384, 22.34489275273582 ], [ 384.4928590846975, 2.791002727662653 ] ] ] } },
{ "type": "Feature", "properties": { "feature_type": "building", "subtype": "minor-damage", "uid": "7ca67563-b829-4f34-be2e-852953be2714" }, "geometry": { "type": "Polygon", "coordinates": [ [ [ 365.66318721094558, 39.001910179544033 ], [ 390.286604279229721, 51.072212662839561 ], [ 385.69988933534529, 56.86595785737471 ], [ 383.768640935131714, 54.934709460526157 ], [ 380.388956241334085, 53.486273160895003 ], [ 373.870992901474892, 61.935484903091663 ], [ 380.147550190980212, 64.832357494374946 ], [ 370.249902155141626, 78.833908375516415 ], [ 350.213200029183497, 65.315169594584461 ], [ 365.66318721094558, 39.001910179544033 ] ] ] } },
{ "type": "Feature", "properties": { "feature_type": "building", "subtype": "minor-damage", "uid": "520a9d75-0aeb-44f6-a991-2b8464fe242f" }, "geometry": { "type": "Polygon", "coordinates": [ [ [ 535.560160319339161, 0.013019449161499 ], [ 532.285113783524935, 7.626890345045836 ], [ 537.770404530219139, 12.355589262378871 ], [ 532.852557653287931, 22.758726875724129 ], [ 527.178118956966841, 17.651732049911558 ], [ 522.827715949050685, 26.352538056647379 ], [ 500.886552975925383, 14.625364742180089 ], [ 499.940813193444228, 10.085813781580271 ], [ 503.345476416198778, 1.006711863372771 ], [ 504.09227611899621, 0.01303161519223 ], [ 535.560160319339161, 0.013019449161499 ] ] ] } },
{ "type": "Feature", "properties": { "feature_type": "building", "subtype": "minor-damage", "uid": "8c95c634-c5f2-4db2-9dff-d6d5e6f59a0b" }, "geometry": { "type": "Polygon", "coordinates": [ [ [ 477.621354308909872, 43.186706197924629 ], [ 489.537675574680975, 25.028502359514871 ], [ 493.320634709966782, 26.730833968119061 ], [ 498.049333626237683, 19.543211615248961 ], [ 519.801348642442804, 32.216124714379717 ], [ 515.261797684401131, 42.051818459520092 ], [ 517.15327724961287, 44.13244598358547 ], [ 506.18269576195928, 63.803833473866213 ], [ 484.998124618945724, 51.509216293188778 ], [ 475.919022696130014, 46.40222146438407 ], [ 477.621354308909872, 43.186706197924629 ] ] ] } },
{ "type": "Feature", "properties": { "feature_type": "building", "subtype": "minor-damage", "uid": "ecc202a2-01dd-4b1c-a314-e38a1d6c72ac" }, "geometry": { "type": "Polygon", "coordinates": [ [ [ 477.053910436466424, 52.833251990321301 ], [ 478.945390002862609, 53.21154790279035 ], [ 487.835343964581625, 58.507690689325663 ], [ 500.508257062895609, 65.884460998928972 ], [ 501.075700933593623, 64.560425300799068 ], [ 508.830767156597119, 70.613159915264632 ], [ 504.858660066572895, 77.044190442199238 ], [ 506.939287590699621, 79.692261834469505 ], [ 500.508257065700718, 87.825623972003058 ], [ 497.103593841824079, 84.799256666266359 ], [ 488.402787837212088, 98.228761588340461 ], [ 470.055436037278582, 86.50158827786268 ], [ 458.139114771382822, 80.827149577860951 ], [ 467.974808514523374, 63.425537562394531 ], [ 477.053910436466424, 52.833251990321301 ] ] ] } },
{ "type": "Feature", "properties": { "feature_type": "building", "subtype": "minor-damage", "uid": "f6d52aed-44c9-46e7-a140-e7f47ab620b8" }, "geometry": { "type": "Polygon", "coordinates": [ [ [ 453.838631191948821, 82.717757649265266 ], [ 477.292977817754604, 98.038742138671537 ], [ 460.647957634652812, 125.465195858006297 ], [ 437.382758961216609, 109.765915453138803 ], [ 443.435493574307714, 100.686813536926095 ], [ 446.651008841264115, 97.093002357000202 ], [ 447.029304750740778, 89.905380008119621 ], [ 451.190559800926621, 87.446456569590438 ], [ 454.40607506202349, 83.474349479190266 ], [ 453.838631191948821, 82.717757649265266 ] ] ] } },
{ "type": "Feature", "properties": { "feature_type": "building", "subtype": "minor-damage", "uid": "44eed85b-b62d-403e-839a-7f181b911147" }, "geometry": { "type": "Polygon", "coordinates": [ [ [ 427.767303994951874, 137.651686900984004 ], [ 425.840673137684007, 130.982580099631406 ], [ 428.063708739442689, 125.054485166425593 ], [ 433.102589434061372, 126.388306524302493 ], [ 434.288208419255795, 125.054485166425593 ], [ 430.731351459433881, 123.276056681277595 ], [ 435.325625033825418, 117.051557003206796 ], [ 453.258112215590472, 127.8703302586013 ], [ 444.069565063503489, 144.024388956474212 ], [ 440.80911284898292, 142.097758104877812 ], [ 434.288208421250488, 151.730912371835899 ], [ 426.581685004334304, 146.988436430058698 ], [ 431.768768076309982, 141.208543865295894 ], [ 427.767303994951874, 137.651686900984004 ] ] ] } },
{ "type": "Feature", "properties": { "feature_type": "building", "subtype": "minor-damage", "uid": "d2720e73-05d6-4f8a-8c4e-cf45b90a9a00" }, "geometry": { "type": "Polygon", "coordinates": [ [ [ 415.277982859376209, 170.635405662229203 ], [ 419.381885707477181, 163.15181812344369 ], [ 421.071728051041021, 158.565103178933697 ], [ 428.07250349397691, 158.565103178933697 ], [ 444.005302774327504, 169.911187514408397 ], [ 442.798272525487391, 172.566654060075109 ], [ 448.833423766384101, 175.946338753562713 ], [ 440.142805980445416, 192.12054408315359 ], [ 435.314684983962991, 188.25804728646429 ], [ 433.142030536138122, 196.948665077269709 ], [ 430.003751891136119, 197.190071126875694 ], [ 426.865473244700411, 199.845537674537212 ], [ 395.724092835372687, 181.498677899489195 ], [ 395.965498885165687, 177.394775057183409 ], [ 404.414710625675013, 163.151818121448997 ], [ 415.277982859376209, 170.635405662229203 ] ] ] } },
{ "type": "Feature", "properties": { "feature_type": "building", "subtype": "minor-damage", "uid": "98bdb5c1-59d1-4962-9008-8610d8c69621" }, "geometry": { "type": "Polygon", "coordinates": [ [ [ 390.353957065045222, 206.298350918967799 ], [ 389.219069324147824, 205.920055004504007 ], [ 387.705885668412691, 205.163463179565895 ], [ 386.570997927764722, 201.38050404390421 ], [ 395.460951891291472, 185.113779774821296 ], [ 416.834670999266621, 198.354136738167512 ], [ 413.997451649142477, 212.729381444904988 ], [ 410.214492511238575, 211.216197791039292 ], [ 402.459426292286992, 227.293774109373203 ], [ 384.301222451393073, 217.0797844517638 ], [ 390.353957065045222, 206.298350918967799 ] ] ] } },
{ "type": "Feature", "properties": { "feature_type": "building", "subtype": "minor-damage", "uid": "93159f5a-1629-430e-b051-9ba81dccec7d" }, "geometry": { "type": "Polygon", "coordinates": [ [ [ 365.386426781821285, 231.265881202765513 ], [ 368.980237957007773, 222.754223151765501 ], [ 371.628309351396126, 218.592968100642594 ], [ 397.163283502762283, 233.91395258905149 ], [ 390.164809103886228, 246.965161602645992 ], [ 381.274855142167098, 260.016370611253706 ], [ 366.332166565611487, 252.828748260378404 ], [ 367.845350216796078, 249.80238095164961 ], [ 357.063916686873085, 240.344983120973012 ], [ 361.981763562744618, 230.698437331568499 ], [ 363.873243130574508, 231.833325067978308 ], [ 365.386426781821285, 231.265881202765513 ] ] ] } },
{ "type": "Feature", "properties": { "feature_type": "building", "subtype": "minor-damage", "uid": "711b7a95-06dd-4fa4-bc3d-deb87bd9b672" }, "geometry": { "type": "Polygon", "coordinates": [ [ [ 350.87630206739658, 266.309649344263391 ], [ 356.656194629351376, 256.380090329448308 ], [ 359.620242097822825, 254.305257098437693 ], [ 388.519704910650773, 271.348530038884689 ], [ 374.29227706425678, 292.837874181230688 ], [ 363.621706177934072, 285.2795531353093 ], [ 364.807325165621876, 281.722696176981572 ], [ 354.729563774701489, 274.312577507482274 ], [ 356.211587511493121, 271.200327665454779 ], [ 350.87630206739658, 266.309649344263391 ] ] ] } },
{ "type": "Feature", "properties": { "feature_type": "building", "subtype": "major-damage", "uid": "ed1bafc2-48ca-41af-8e80-ebe792067f7a" }, "geometry": { "type": "Polygon", "coordinates": [ [ [ 631.831989829911777, 0.012724028452835 ], [ 632.554492524761258, 14.8156560704205 ], [ 617.990099860051146, 14.81565606842574 ], [ 619.503283513105771, 29.001752820424851 ], [ 613.450548901323714, 29.758344645362961 ], [ 599.642748065727915, 31.64982421269513 ], [ 592.833421622026549, 33.163007867558242 ], [ 583.943467659372459, 33.352155823294083 ], [ 582.241136048774365, 19.16605907328973 ], [ 589.42875840357317, 16.89628359249113 ], [ 588.672166577264079, 8.762921455954951 ], [ 591.88768183873492, 7.817181671291488 ], [ 593.022569581128437, 4.223370498347268 ], [ 592.080600257392234, 0.012893180962575 ], [ 631.831989829911777, 0.012724028452835 ] ] ] } },
{ "type": "Feature", "properties": { "feature_type": "building", "subtype": "major-damage", "uid": "a782d29b-b538-4ecd-ab56-bc315eebcfba" }, "geometry": { "type": "Polygon", "coordinates": [ [ [ 643.962083910730598, 36.934378407136357 ], [ 648.40815511069502, 32.784711952097048 ], [ 661.746368715014, 45.085508941790373 ], [ 639.071405585863886, 71.020924284040703 ], [ 631.957691664786353, 64.944626976407676 ], [ 629.141846568435653, 66.130245961851969 ], [ 617.43385907215611, 56.941698813188793 ], [ 616.692847204072109, 53.977651345588527 ], [ 627.363418090394816, 41.676854355895223 ], [ 624.547572993358358, 37.378985527426011 ], [ 626.770608597423575, 35.304152300405043 ], [ 626.029596727157809, 33.673926193673722 ], [ 631.216679795517848, 30.117069230359171 ], [ 634.773536758705973, 32.488307204239902 ], [ 637.44117947844768, 31.154485846363102 ], [ 643.962083910730598, 36.934378407136357 ] ] ] } },
{ "type": "Feature", "properties": { "feature_type": "building", "subtype": "major-damage", "uid": "1ceec664-a43d-43c0-b1d3-11381523280a" }, "geometry": { "type": "Polygon", "coordinates": [ [ [ 584.188370137555808, 84.931990543015772 ], [ 590.997696579885769, 74.150557014209326 ], [ 599.698502587240569, 62.423383700739407 ], [ 627.881548128943223, 80.39243958241596 ], [ 618.235002337361834, 93.065352683541462 ], [ 613.884599334120821, 91.552169025686226 ], [ 609.723344286615543, 100.252975034416806 ], [ 584.188370137555808, 84.931990543015772 ] ] ] } },
{ "type": "Feature", "properties": { "feature_type": "building", "subtype": "major-damage", "uid": "236edd78-dc0d-42ba-84b4-bf080dd8805c" }, "geometry": { "type": "Polygon", "coordinates": [ [ [ 557.518508247660975, 70.745893796003557 ], [ 565.651870383569644, 61.288495959342733 ], [ 580.405411005885526, 73.015669276802157 ], [ 571.704604996660692, 84.742842586282563 ], [ 557.518508247660975, 70.745893796003557 ] ] ] } },
{ "type": "Feature", "properties": { "feature_type": "building", "subtype": "minor-damage", "uid": "0c1962f6-387a-4360-a050-047e55b5c8a5" }, "geometry": { "type": "Polygon", "coordinates": [ [ [ 556.572768465366721, 120.491806397889306 ], [ 558.085952114307133, 115.384811568087201 ], [ 561.301467377897552, 108.953781043147401 ], [ 561.868911249530584, 108.575485129680999 ], [ 568.299941776399578, 111.223556520953807 ], [ 573.217788651460751, 101.387862775813502 ], [ 583.620926266234392, 104.035934169081102 ], [ 581.918594657257017, 107.818893298758596 ], [ 585.890701745847423, 110.277816738285196 ], [ 585.701553789924674, 116.141403396017495 ], [ 580.59455895956421, 117.087143178686205 ], [ 574.352676388929581, 128.057724666220594 ], [ 558.46424802758645, 121.059250269086405 ], [ 556.572768465366721, 120.491806397889306 ] ] ] } },
{ "type": "Feature", "properties": { "feature_type": "building", "subtype": "minor-damage", "uid": "13d821db-35d5-42a7-9538-ddbc3b9c7247" }, "geometry": { "type": "Polygon", "coordinates": [ [ [ 551.469867957344263, 123.491222388903907 ], [ 577.004842112637562, 135.029247743645811 ], [ 571.89784727710321, 145.621533315719091 ], [ 567.358296318625094, 145.621533317713812 ], [ 559.035786224736626, 145.432385362975396 ], [ 556.76601074537291, 148.080456757240398 ], [ 562.818745357030252, 154.322339324449587 ], [ 557.711750529163169, 162.266553507244708 ], [ 534.824847770689303, 146.756421059110494 ], [ 551.469867957344263, 123.491222388903907 ] ] ] } },
{ "type": "Feature", "properties": { "feature_type": "building", "subtype": "minor-damage", "uid": "041ed3b1-1dcc-450b-a866-0abb4958ebd8" }, "geometry": { "type": "Polygon", "coordinates": [ [ [ 512.505388881916019, 160.942517810112207 ], [ 517.801531669570636, 161.509961678317097 ], [ 523.854266286588881, 149.97193632257779 ], [ 538.229510989641312, 154.133191368713796 ], [ 551.09157204450139, 159.240186197518511 ], [ 538.6078069026712, 188.368971526454914 ], [ 507.398394053612606, 173.237134994779211 ], [ 512.505388881916019, 160.942517810112207 ] ] ] } },
{ "type": "Feature", "properties": { "feature_type": "building", "subtype": "minor-damage", "uid": "7d8f8462-3ff8-4c9e-95fa-9513419f0588" }, "geometry": { "type": "Polygon", "coordinates": [ [ [ 490.375077954551102, 188.936415395657093 ], [ 494.158037088964193, 188.936415395657093 ], [ 502.291399222691098, 178.533277778322287 ], [ 523.475970370629284, 191.962782702391195 ], [ 518.368975540767451, 199.528700969725094 ], [ 521.584490802550022, 203.879103971596891 ], [ 513.451128667825742, 217.68690481012959 ], [ 495.292924828365528, 206.716323324590007 ], [ 483.187455597258804, 199.3395530129919 ], [ 490.375077954551102, 188.936415395657093 ] ] ] } },
{ "type": "Feature", "properties": { "feature_type": "building", "subtype": "minor-damage", "uid": "65f7da17-71c7-42fa-8a37-9295ca0b6e47" }, "geometry": { "type": "Polygon", "coordinates": [ [ [ 499.119846384090181, 217.814570139746394 ], [ 499.498142296746096, 219.327753791617312 ], [ 497.039218858467507, 224.056452712939887 ], [ 497.606662731908273, 231.43322301855369 ], [ 493.634555638767381, 237.107661718555391 ], [ 490.419040378979616, 245.430171816811708 ], [ 469.045321272812316, 236.918513764814293 ], [ 466.964693752238816, 234.648738282020986 ], [ 466.775545791952482, 228.406855712816991 ], [ 478.124423192822917, 207.411432524406393 ], [ 499.119846384090181, 217.814570139746394 ] ] ] } },
{ "type": "Feature", "properties": { "feature_type": "building", "subtype": "minor-damage", "uid": "767652b2-def7-4912-9776-cc869c21595f" }, "geometry": { "type": "Polygon", "coordinates": [ [ [ 457.936999172976073, 237.873823091128713 ], [ 479.878162147722094, 248.655256619935187 ], [ 475.338611186875198, 257.16691466794299 ], [ 479.121570319667512, 260.193281977669187 ], [ 470.042468401215274, 274.757674637150501 ], [ 443.75090242322841, 256.977766712207199 ], [ 448.290453381955786, 249.033552534399007 ], [ 453.208300257453175, 249.411848448862798 ], [ 457.936999172976073, 237.873823091128713 ] ] ] } },
{ "type": "Feature", "properties": { "feature_type": "building", "subtype": "minor-damage", "uid": "a9c1c615-431c-4b29-a911-c895abd2eb28" }, "geometry": { "type": "Polygon", "coordinates": [ [ [ 430.132249541747512, 263.030501330662275 ], [ 443.561754467056176, 265.489424762209808 ], [ 453.208300257827318, 270.974715510465217 ], [ 451.884264562690191, 274.946822597873279 ], [ 466.637805183634725, 281.945296995007482 ], [ 457.747851215370304, 295.753097829550711 ], [ 451.695116602715586, 292.159286654611719 ], [ 445.453234033078388, 302.751572226684914 ], [ 435.428392328093082, 301.238388576808688 ], [ 432.023729109826775, 303.697312009353709 ], [ 417.459336447049111, 296.131393746009223 ], [ 418.972520097236213, 292.159286655609094 ], [ 415.567856880715283, 287.430587738276017 ], [ 428.429917933206525, 264.732832937271723 ], [ 430.132249541747512, 263.030501330662275 ] ] ] } },
{ "type": "Feature", "properties": { "feature_type": "building", "subtype": "minor-damage", "uid": "bbe85d56-149e-477c-8446-652ed53a7689" }, "geometry": { "type": "Polygon", "coordinates": [ [ [ 417.873010655814085, 300.122282382229912 ], [ 437.185494633640076, 307.123057820805798 ], [ 435.978464383615574, 312.916803015340975 ], [ 440.323773278080978, 316.537893760429426 ], [ 428.977688945728914, 330.780850689182216 ], [ 407.0097384210531, 321.848826851762908 ], [ 409.906611020625576, 318.710548207881288 ], [ 408.940986821516219, 314.123833264368727 ], [ 413.769107811266281, 309.778524365475221 ], [ 416.183168307699816, 301.087906580654078 ], [ 417.873010655814085, 300.122282382229912 ] ] ] } },
{ "type": "Feature", "properties": { "feature_type": "building", "subtype": "minor-damage", "uid": "99fbc5d2-4e6a-4ad7-8f62-480be1cea7f2" }, "geometry": { "type": "Polygon", "coordinates": [ [ [ 398.560526683224282, 328.8496022923336 ], [ 404.837083974100892, 331.263662792383798 ], [ 406.768332370200426, 327.642572044303222 ], [ 422.218319550902777, 335.608971683298307 ], [ 421.252695352728381, 339.954280577204827 ], [ 426.805034496096312, 343.816777372896695 ], [ 412.320671515126719, 368.923006540904225 ], [ 386.731630248231795, 354.197237507952423 ], [ 398.560526683224282, 328.8496022923336 ] ] ] } },
{ "type": "Feature", "properties": { "feature_type": "building", "subtype": "minor-damage", "uid": "6ec15933-2c20-4788-a311-f343201f76d8" }, "geometry": { "type": "Polygon", "coordinates": [ [ [ 372.556703535685074, 356.63968564642721 ], [ 374.259035145036478, 355.88309381949432 ], [ 386.93194824434778, 363.638160043561527 ], [ 391.471499204197187, 367.421119179223183 ], [ 400.172305214232381, 373.473853788701774 ], [ 387.877688027016006, 390.497169888706992 ], [ 376.33966267122031, 384.822731190700097 ], [ 372.745851492418183, 389.362282148307827 ], [ 355.911683347845781, 379.904884317631172 ], [ 372.556703535685074, 356.63968564642721 ] ] ] } },
{ "type": "Feature", "properties": { "feature_type": "building", "subtype": "minor-damage", "uid": "b9545ef8-8b21-4457-9024-43f98a9779cb" }, "geometry": { "type": "Polygon", "coordinates": [ [ [ 317.368270343601921, 289.036503708931889 ], [ 320.776924930804284, 293.334372536403691 ], [ 327.149626985231578, 291.407741679820504 ], [ 334.559745651672586, 308.006407496985616 ], [ 317.368270339363107, 317.787764146350014 ], [ 315.145234739536704, 313.489895313891282 ], [ 307.142306578815408, 315.416526169477095 ], [ 300.769604520336316, 301.337300699622574 ], [ 302.399830627503093, 299.558872216469183 ], [ 300.769604519089626, 295.705610509287112 ], [ 309.661746925937678, 289.48111082922162 ], [ 317.368270343601921, 289.036503708931889 ] ] ] } },
{ "type": "Feature", "properties": { "feature_type": "building", "subtype": "minor-damage", "uid": "1247336a-6f29-4abc-a978-7777c8be81d9" }, "geometry": { "type": "Polygon", "coordinates": [ [ [ 297.064545184715826, 299.558872216469183 ], [ 303.28904487007668, 336.461263186546603 ], [ 284.022736327942084, 339.128905911276604 ], [ 282.096105474040314, 328.902942148604325 ], [ 278.983855633884389, 329.199346895463975 ], [ 278.983855632575285, 349.947679166671094 ], [ 260.162154212911901, 349.651274420808704 ], [ 259.717547092871825, 320.455406868087891 ], [ 262.088785069743494, 319.862597371376182 ], [ 262.236987440679911, 308.451014620267415 ], [ 265.942046774804282, 307.561800380685497 ], [ 264.90463016104502, 298.521455605452218 ], [ 297.064545184715826, 299.558872216469183 ] ] ] } },
{ "type": "Feature", "properties": { "feature_type": "building", "subtype": "minor-damage", "uid": "28b5ba68-79c1-406e-84c0-760d570f4dcd" }, "geometry": { "type": "Polygon", "coordinates": [ [ [ 268.53012274981819, 356.726935500750074 ], [ 282.905752969018579, 358.505363978916478 ], [ 283.350360088373009, 356.134126004038421 ], [ 288.537443158353824, 355.985923629611079 ], [ 288.68564553165902, 358.801768725776299 ], [ 293.428121481101073, 359.098173471638688 ], [ 293.428121482908921, 390.07246950851021 ], [ 277.866872274773925, 390.517076628799884 ], [ 277.866872274212881, 388.738648146643925 ], [ 268.974729871229727, 388.7386481476413 ], [ 267.492706139674397, 375.252232171506307 ], [ 267.64090851397691, 358.357161603491875 ], [ 268.53012274981819, 356.726935500750074 ] ] ] } },
{ "type": "Feature", "properties": { "feature_type": "building", "subtype": "minor-damage", "uid": "5354408c-6e0b-4e90-b1f2-bc11c02aa87c" }, "geometry": { "type": "Polygon", "coordinates": [ [ [ 300.393633028187821, 382.662350840008287 ], [ 316.547691728670486, 380.439315238560027 ], [ 319.511739195832888, 399.261016658170774 ], [ 303.950489990253914, 400.150230895757886 ], [ 300.393633028187821, 382.662350840008287 ] ] ] } },
{ "type": "Feature", "properties": { "feature_type": "building", "subtype": "minor-damage", "uid": "74cabd00-a49b-4b72-8a4d-83ef5936e184" }, "geometry": { "type": "Polygon", "coordinates": [ [ [ 275.552007372512776, 405.204548650666595 ], [ 277.05840261424288, 404.204497274209018 ], [ 277.625846485128022, 400.421538141539486 ], [ 303.950489990253914, 400.150230895757886 ], [ 304.863152248151891, 406.095976839546381 ], [ 313.374810297028091, 407.041716623212608 ], [ 314.509698036304826, 433.900726469355504 ], [ 305.241448158625985, 434.468170339555172 ], [ 305.052300201768219, 438.629425385691093 ], [ 296.351494196345925, 439.575165171352012 ], [ 295.973198281944576, 434.279022383819324 ], [ 281.030509705451379, 433.900726469355504 ], [ 281.125788368833014, 424.132179960164024 ], [ 276.829332182547489, 424.480541269243417 ], [ 276.597091305423021, 421.461409897292185 ], [ 271.72003293312082, 421.113048583225975 ], [ 270.558828556848482, 405.436789522056301 ], [ 275.552007372512776, 405.204548650666595 ] ] ] } },
{ "type": "Feature", "properties": { "feature_type": "building", "subtype": "minor-damage", "uid": "0393e7ec-bc65-4824-a28b-41c979ec1a05" }, "geometry": { "type": "Polygon", "coordinates": [ [ [ 267.244024753199312, 440.128779034332922 ], [ 297.419780960861715, 442.301433477795399 ], [ 297.661187014706513, 461.37251140565121 ], [ 300.558059607172709, 461.61391745425982 ], [ 301.282277758483986, 456.061578311325491 ], [ 318.90491938302182, 454.85454806130042 ], [ 318.904919388070994, 475.132656237186609 ], [ 301.040871708192412, 473.925625986164107 ], [ 300.799465658025383, 468.856098943439292 ], [ 296.695562811919217, 468.614692895827886 ], [ 298.626811210013386, 472.960001786742396 ], [ 269.175273151792226, 472.960001786742396 ], [ 267.244024753199312, 440.128779034332922 ] ] ] } },
{ "type": "Feature", "properties": { "feature_type": "building", "subtype": "minor-damage", "uid": "f8b31bf7-0598-4154-92d0-08e46674cbb4" }, "geometry": { "type": "Polygon", "coordinates": [ [ [ 329.043973472518019, 418.160828510206898 ], [ 348.839269546376784, 411.884271217457012 ], [ 359.219729681863612, 437.956124585883515 ], [ 338.700215458563605, 445.198306073068181 ], [ 329.043973472518019, 418.160828510206898 ] ] ] } },
{ "type": "Feature", "properties": { "feature_type": "building", "subtype": "minor-damage", "uid": "b0786c8f-ccc6-4324-8fe2-0fa524b5a4b3" }, "geometry": { "type": "Polygon", "coordinates": [ [ [ -0.000004601969681, 132.614269779460699 ], [ 9.202350429856486, 132.748735816528409 ], [ 8.809125411448937, 126.850360556494806 ], [ 32.009401428176439, 129.209710660707714 ], [ 32.009401425994668, 168.532212377308895 ], [ -0.000004598167173, 167.521160256042492 ], [ -0.000004601969681, 132.614269779460699 ] ] ] } },
{ "type": "Feature", "properties": { "feature_type": "building", "subtype": "minor-damage", "uid": "6d1c7d7d-600d-41a2-a87b-f2f786f07090" }, "geometry": { "type": "Polygon", "coordinates": [ [ [ 35.193975626667857, 120.205754392627995 ], [ 48.623480547737728, 118.881718695495493 ], [ 48.812628504657859, 122.853825784898206 ], [ 54.865363121052752, 122.6646778291624 ], [ 55.054511077224838, 121.529790092752606 ], [ 64.890204820988785, 121.340642131032496 ], [ 64.70105686531538, 154.819830462838013 ], [ 50.136664200792318, 154.063238636902611 ], [ 49.380072373859839, 168.060187429176295 ], [ 33.302496056032837, 166.736151733041197 ], [ 35.193975626667857, 120.205754392627995 ] ] ] } },
{ "type": "Feature", "properties": { "feature_type": "building", "subtype": "minor-damage", "uid": "aba9aa57-35b5-450d-93ef-dee7baa16668" }, "geometry": { "type": "Polygon", "coordinates": [ [ [ 74.725898568929267, 120.394902351355896 ], [ 85.885628015809331, 120.773198262827606 ], [ 85.885628012443178, 129.663152225299314 ], [ 92.505806496294625, 130.041448137768299 ], [ 92.316658541306921, 122.286381913701206 ], [ 106.124459376154704, 122.853825782903499 ], [ 105.367867550406601, 160.683417115583495 ], [ 74.158454699664944, 160.494269162839799 ], [ 72.077827176473335, 147.064764238770891 ], [ 74.725898572544764, 144.605840802236486 ], [ 73.591010827782512, 121.718938043501595 ], [ 74.725898568929267, 120.394902351355896 ] ] ] } },
{ "type": "Feature", "properties": { "feature_type": "building", "subtype": "minor-damage", "uid": "612f3168-8765-4cf6-a9bd-9d41a8057a04" }, "geometry": { "type": "Polygon", "coordinates": [ [ [ 112.555489905891207, 122.286381914698595 ], [ 122.580331605640197, 119.827458480158896 ], [ 128.822214176586414, 120.584050302104899 ], [ 127.498178482571404, 129.474004270560812 ], [ 133.929209009004012, 130.419744050237398 ], [ 134.496652880512414, 131.554631788641899 ], [ 148.871897585123207, 132.311223618566913 ], [ 149.439341456070707, 159.170233464709895 ], [ 133.929209006822305, 157.467901855108295 ], [ 133.92920900663529, 162.0074528137134 ], [ 123.147775478520003, 162.196600774436092 ], [ 122.958627521973895, 157.6570498108442 ], [ 110.853158293111306, 155.387274330045614 ], [ 112.555489905891207, 122.286381914698595 ] ] ] } },
{ "type": "Feature", "properties": { "feature_type": "building", "subtype": "minor-damage", "uid": "73481a9a-dcca-432c-a58a-99ff7b4f38b6" }, "geometry": { "type": "Polygon", "coordinates": [ [ [ 153.222300589922696, 123.610417609836304 ], [ 159.842479073150798, 121.151494172304496 ], [ 167.975841211989206, 123.042973740634096 ], [ 174.974315604756413, 123.042973738639304 ], [ 174.217723778509594, 133.067815442507708 ], [ 187.836376662670887, 134.770147054104001 ], [ 188.214672572209906, 167.303595598253906 ], [ 173.0828360387342, 166.168707861844211 ], [ 170.623912601515286, 163.709784423315 ], [ 153.22230058799019, 161.440008942516414 ], [ 152.844004677453796, 127.015080830036894 ], [ 153.222300589922696, 123.610417609836304 ] ] ] } },
{ "type": "Feature", "properties": { "feature_type": "building", "subtype": "minor-damage", "uid": "dc937b5c-d8b8-4a10-bcc5-a41233ed9ca2" }, "geometry": { "type": "Polygon", "coordinates": [ [ [ 240.041212701999513, 122.286381910709096 ], [ 244.013319794891004, 123.421269650111 ], [ 261.03663589301749, 124.556157389512904 ], [ 264.441299114774722, 153.306646805980193 ], [ 244.580763662783994, 152.171759062588706 ], [ 244.769911617647011, 150.658575411715191 ], [ 234.745069918396609, 148.95624380211359 ], [ 234.366774005117406, 139.309698008719494 ], [ 239.662916789281212, 138.931402098245201 ], [ 238.149733134107208, 131.176335876172914 ], [ 237.014845395017602, 130.419744047245189 ], [ 237.203993355366208, 125.880193086645406 ], [ 240.041212701999513, 122.286381910709096 ] ] ] } },
{ "type": "Feature", "properties": { "feature_type": "building", "subtype": "minor-damage", "uid": "c49de1ba-b70f-4c24-ba8e-a49f0dc8dec5" }, "geometry": { "type": "Polygon", "coordinates": [ [ [ 303.594926144006195, 144.038396924057793 ], [ 321.563982028915007, 153.117498845257387 ], [ 317.591874938890896, 161.629156894262707 ], [ 307.945329149740587, 158.98108549999759 ], [ 304.540665930788577, 161.62915689526011 ], [ 306.242997540264582, 163.898932376058696 ], [ 295.839859919756009, 183.002875998134499 ], [ 283.734390693324485, 173.734626124191209 ], [ 293.191788526178016, 156.900457980919214 ], [ 300.568558838333274, 144.41669284051639 ], [ 303.594926144006195, 144.038396924057793 ] ] ] } },
{ "type": "Feature", "properties": { "feature_type": "building", "subtype": "minor-damage", "uid": "5d97f611-4c32-4823-954b-a060969761d5" }, "geometry": { "type": "Polygon", "coordinates": [ [ [ 263.684707286346111, 199.837044146393396 ], [ 267.845962335472223, 199.08045231646841 ], [ 265.954482767455318, 193.784309527938291 ], [ 269.92658986022218, 192.649421790531193 ], [ 274.27699285947358, 194.351753397140612 ], [ 289.787125306415589, 184.894355566463986 ], [ 302.460038403482827, 203.620003274076112 ], [ 295.839859919756009, 208.916146063603492 ], [ 295.650711968446217, 214.023140892408207 ], [ 279.573135647315326, 223.480538726076901 ], [ 263.684707286346111, 199.837044146393396 ] ] ] } },
{ "type": "Feature", "properties": { "feature_type": "building", "subtype": "minor-damage", "uid": "92021625-0bf6-4258-816b-4bf61c688e7a" }, "geometry": { "type": "Polygon", "coordinates": [ [ [ 225.855115950755589, 191.703682007862511 ], [ 241.365248399567605, 193.406013617463998 ], [ 253.281569668580289, 194.54090135487121 ], [ 251.76838601664781, 230.100717208747398 ], [ 240.041212704181191, 230.668161081939189 ], [ 238.338881091027389, 228.020089684682006 ], [ 223.585340474633398, 225.750314205878112 ], [ 222.261304773761395, 205.700630801133599 ], [ 222.639600686978298, 204.565743061731695 ], [ 223.77448843055609, 192.649421790531193 ], [ 225.855115950755589, 191.703682007862511 ] ] ] } },
{ "type": "Feature", "properties": { "feature_type": "building", "subtype": "minor-damage", "uid": "fbb12f30-ec8a-4297-a7bd-4a7fb1241195" }, "geometry": { "type": "Polygon", "coordinates": [ [ [ 180.270458392660402, 201.350227796269593 ], [ 181.216198175640301, 198.1347125337997 ], [ 190.106152140600813, 198.134712536791795 ], [ 190.673596010924911, 203.052559408863289 ], [ 209.777539632866308, 202.295967578938303 ], [ 210.723279417466898, 217.806100027072603 ], [ 209.588391676943502, 218.184395942533797 ], [ 209.777539636668791, 227.074349902013296 ], [ 198.996106102943287, 226.885201947274794 ], [ 197.861218364726312, 228.587533557873797 ], [ 181.21619817657529, 227.830941732935713 ], [ 180.270458392660402, 201.350227796269593 ] ] ] } },
{ "type": "Feature", "properties": { "feature_type": "building", "subtype": "minor-damage", "uid": "cae5f000-6061-48b4-a834-bb999339e05d" }, "geometry": { "type": "Polygon", "coordinates": [ [ [ 147.737009844038795, 201.161079841531091 ], [ 147.926157800460288, 195.67578910025739 ], [ 176.29835130394531, 196.999824795395114 ], [ 175.54175947732449, 225.939462164606113 ], [ 168.164989168410699, 225.372018294406502 ], [ 168.732433036116589, 230.668161084931313 ], [ 159.653331118973398, 229.344125384806603 ], [ 158.14014746242799, 222.723946903133594 ], [ 148.304453715484897, 223.102242816600011 ], [ 147.737009844038795, 201.161079841531091 ] ] ] } },
{ "type": "Feature", "properties": { "feature_type": "building", "subtype": "minor-damage", "uid": "525efa7c-d8ed-45cf-8cb2-f2f69140ae71" }, "geometry": { "type": "Polygon", "coordinates": [ [ [ 103.476387984259802, 202.106819626194607 ], [ 119.364816346725107, 203.998299191531999 ], [ 119.932260214991999, 199.647896189660202 ], [ 135.253244706759205, 199.269600278188506 ], [ 135.631540617233298, 209.294441980062089 ], [ 135.064096747657288, 224.993722384929612 ], [ 118.797372472972597, 225.372018295403791 ], [ 118.608224516114802, 228.398385602137893 ], [ 104.422127766117697, 226.696053992536406 ], [ 103.098092071167599, 205.5114828473925 ], [ 103.476387984259802, 202.106819626194607 ] ] ] } },
{ "type": "Feature", "properties": { "feature_type": "building", "subtype": "minor-damage", "uid": "1e7f5714-328e-4ecc-988c-1b7c226f79f7" }, "geometry": { "type": "Polygon", "coordinates": [ [ [ 64.322760953095866, 195.864937060980111 ], [ 93.451546278900508, 195.675789102252111 ], [ 94.586434018862874, 203.430855323327108 ], [ 95.343025847416101, 214.401436807869402 ], [ 97.234505414248602, 226.128610124331487 ], [ 68.673163956087535, 226.317758080067307 ], [ 67.727424172110261, 211.942513374327092 ], [ 65.457648695551683, 210.99677358966369 ], [ 64.322760953095866, 195.864937060980111 ] ] ] } },
{ "type": "Feature", "properties": { "feature_type": "building", "subtype": "minor-damage", "uid": "946234d8-bcca-4070-8e62-8fd275a47150" }, "geometry": { "type": "Polygon", "coordinates": [ [ [ 24.790838008964389, 200.40448802058259 ], [ 25.547429833839772, 189.055610618584296 ], [ 35.761419494249097, 189.433906535042894 ], [ 35.761419495807509, 191.514534055118787 ], [ 56.945990643433987, 192.649421795518094 ], [ 57.89173042410745, 229.154977431065589 ], [ 42.381597977165512, 229.533273346526812 ], [ 40.490118411766737, 224.615426468470986 ], [ 25.54742983253071, 224.615426470465707 ], [ 25.35828187723132, 216.292916379191098 ], [ 26.30402166270467, 204.565743065721193 ], [ 24.790838008964389, 200.40448802058259 ] ] ] } },
{ "type": "Feature", "properties": { "feature_type": "building", "subtype": "minor-damage", "uid": "52857a34-4a49-44b0-a5cf-0861a773d9ca" }, "geometry": { "type": "Polygon", "coordinates": [ [ [ -0.00000459773082, 193.327429197558587 ], [ 13.53557318129158, 194.739694970238986 ], [ 12.40068544257594, 199.468393886574688 ], [ 17.31853231545529, 201.738169368370706 ], [ 14.29216501021882, 227.083995565634808 ], [ -0.000004601595664, 227.131181147790301 ], [ -0.00000459773082, 193.327429197558587 ] ] ] } },
{ "type": "Feature", "properties": { "feature_type": "building", "subtype": "minor-damage", "uid": "c0d3581d-5835-4b65-afe8-f36df9b7d5f9" }, "geometry": { "type": "Polygon", "coordinates": [ [ [ 11.64409361632916, 176.770639086567712 ], [ 21.29063940466904, 176.770639086567712 ], [ 21.101491451239738, 189.632700139439606 ], [ 12.589833400867461, 187.930368527843314 ], [ 11.64409361632916, 176.770639086567712 ] ] ] } },
{ "type": "Feature", "properties": { "feature_type": "building", "subtype": "minor-damage", "uid": "1c136a1c-96c0-48b3-a2d1-4e397cc0612c" }, "geometry": { "type": "Polygon", "coordinates": [ [ [ -0.000004599974923, 305.686132682736684 ], [ 10.114935773989609, 304.408682266201197 ], [ 9.632123673718009, 331.446159833051979 ], [ -0.000004601470991, 331.356943470218994 ], [ -0.000004599974923, 305.686132682736684 ] ] ] } },
{ "type": "Feature", "properties": { "feature_type": "building", "subtype": "minor-damage", "uid": "f0fe5063-b5a8-444f-bb82-454b22af1cd1" }, "geometry": { "type": "Polygon", "coordinates": [ [ [ 21.4610201087105, 299.339155224473814 ], [ 27.254765302744001, 296.442282630198292 ], [ 35.703977041258497, 298.373531024054728 ], [ 37.393819388313098, 296.925094728413114 ], [ 41.980534333631176, 296.442282628203486 ], [ 42.221940385418897, 294.02822212915072 ], [ 52.843806571695957, 293.304003978337789 ], [ 52.843806569638872, 333.860220329112622 ], [ 35.703977044063627, 335.308656624754292 ], [ 35.945383089119026, 344.482086514771822 ], [ 15.425868866629459, 344.240680463170975 ], [ 17.357117267715878, 329.273505381610391 ], [ 20.736801961700419, 328.790693281400877 ], [ 20.736801958770609, 301.270403622319691 ], [ 21.4610201087105, 299.339155224473814 ] ] ] } },
{ "type": "Feature", "properties": { "feature_type": "building", "subtype": "minor-damage", "uid": "31d88099-ba08-42a3-bf2c-8dcf4d597c5f" }, "geometry": { "type": "Polygon", "coordinates": [ [ [ 59.603175959602702, 294.02822212915072 ], [ 78.432847834601318, 294.511034227365485 ], [ 77.70862968509779, 301.028997567726719 ], [ 91.951586617832803, 302.47743386835532 ], [ 91.468774518620904, 315.99617265028462 ], [ 61.293018308901409, 313.823518206822087 ], [ 59.603175959602702, 294.02822212915072 ] ] ] } },
{ "type": "Feature", "properties": { "feature_type": "building", "subtype": "minor-damage", "uid": "547f8dff-dd6b-4dbe-8125-b77fd70e67e9" }, "geometry": { "type": "Polygon", "coordinates": [ [ [ 99.435174159855947, 295.959470527993972 ], [ 118.989064183797097, 296.200876573610628 ], [ 119.954688381659807, 303.201652015178695 ], [ 132.266396914804488, 303.443058063787419 ], [ 132.024990867380296, 324.20397833589351 ], [ 121.161718631185593, 323.479760189070078 ], [ 121.644530729649503, 326.376632785340291 ], [ 97.745331809933873, 326.135226738726317 ], [ 98.228143909457444, 297.890718922847782 ], [ 99.435174159855947, 295.959470527993972 ] ] ] } },
{ "type": "Feature", "properties": { "feature_type": "building", "subtype": "minor-damage", "uid": "c49c9db9-499d-4239-92de-afc57262e443" }, "geometry": { "type": "Polygon", "coordinates": [ [ [ 138.717258591959791, 297.015570856898705 ], [ 146.868389126422613, 291.828487789844985 ], [ 152.203674566529486, 293.903321015868585 ], [ 158.576376622951386, 295.385344750167405 ], [ 162.429638333684807, 293.162309149716521 ], [ 169.543352253266306, 294.347928132168704 ], [ 168.950542763661304, 324.87761705274022 ], [ 161.8368288384072, 324.729414680307627 ], [ 157.983567129169899, 332.287735724234324 ], [ 144.200746404000398, 332.435938096666689 ], [ 140.643889444116212, 326.063236041176594 ], [ 139.606472830793194, 325.025819427167391 ], [ 138.124449098739291, 323.247390947006181 ], [ 138.717258591959791, 297.015570856898705 ] ] ] } },
{ "type": "Feature", "properties": { "feature_type": "building", "subtype": "minor-damage", "uid": "5e24aaef-e50d-4ad2-a3b4-8944ad796e9a" }, "geometry": { "type": "Polygon", "coordinates": [ [ [ 183.177970609307209, 298.645796962632687 ], [ 195.18236285007751, 299.535011205206672 ], [ 196.664386586183298, 300.720630190650979 ], [ 203.629898133207689, 298.645796962632687 ], [ 209.557993068031209, 298.94220170849502 ], [ 210.595409684346293, 322.950986198151725 ], [ 208.668778826953712, 323.099188569586772 ], [ 209.557993072519395, 337.32661641486601 ], [ 179.028304153459601, 337.771223535155627 ], [ 177.546280416169395, 312.280415316186975 ], [ 178.435494656062588, 311.391201075607682 ], [ 178.139089913130107, 305.166701391552692 ], [ 183.177970606315114, 302.647261047234224 ], [ 183.177970609307209, 298.645796962632687 ] ] ] } },
{ "type": "Feature", "properties": { "feature_type": "building", "subtype": "minor-damage", "uid": "c7d8c6db-7e45-4dab-b2c8-68a24867da08" }, "geometry": { "type": "Polygon", "coordinates": [ [ [ -0.000004600722957, 379.360002965806927 ], [ 11.92981884895419, 378.506749909278824 ], [ 13.06470659184636, 372.264867339077398 ], [ 22.14380850917652, 369.04935207162049 ], [ 27.818247211170121, 371.508275510149815 ], [ 26.68335947045972, 415.768897371759124 ], [ 11.551522936173649, 417.849524893829823 ], [ 11.55152293523861, 411.985938236097411 ], [ 4.931344453506586, 412.175086194825383 ], [ 5.30964036691049, 406.689795453551596 ], [ -0.000004599912586, 410.56451536696369 ], [ -0.000004600722957, 379.360002965806927 ] ] ] } },
{ "type": "Feature", "properties": { "feature_type": "building", "subtype": "minor-damage", "uid": "e16d7b67-ee09-42f3-82d7-8a0d783bb619" }, "geometry": { "type": "Polygon", "coordinates": [ [ [ 31.601206344274111, 377.371862167882114 ], [ 60.162547803183209, 378.317601950550795 ], [ 59.405955973819623, 411.040198453428673 ], [ 50.705149968272622, 412.175086193828008 ], [ 49.759410183858989, 415.768897372756498 ], [ 42.004343962102269, 414.066565762157609 ], [ 41.436900090032822, 409.337866842829783 ], [ 31.222910429997501, 409.337866843827214 ], [ 31.601206344274111, 377.371862167882114 ] ] ] } },
{ "type": "Feature", "properties": { "feature_type": "building", "subtype": "minor-damage", "uid": "eaf4d72a-295e-4c4d-bc6c-26e03e6d9ccd" }, "geometry": { "type": "Polygon", "coordinates": [ [ [ 68.295909937346465, 401.771948577490605 ], [ 87.589001519636497, 391.747106871627523 ], [ 98.937878920444547, 390.233923219756491 ], [ 102.153394184034894, 395.340918049558582 ], [ 104.612317619820004, 397.610693529359821 ], [ 109.719312450928598, 408.392127060160988 ], [ 115.582899108595598, 422.010779939965687 ], [ 84.18433829931304, 436.953468515905627 ], [ 80.779675080173973, 427.117774770765209 ], [ 76.429272076558945, 427.685218641962308 ], [ 74.537792508168025, 422.010779941960493 ], [ 76.42927207948874, 420.87589219856909 ], [ 67.539318112221736, 402.528540402428689 ], [ 68.295909937346465, 401.771948577490605 ] ] ] } },
{ "type": "Feature", "properties": { "feature_type": "building", "subtype": "minor-damage", "uid": "007ecf73-e303-4aa7-b016-daec48983711" }, "geometry": { "type": "Polygon", "coordinates": [ [ [ 91.314646703823499, 438.491178670295426 ], [ 110.986034196026594, 438.869474583761928 ], [ 111.742626022023998, 432.060148144358209 ], [ 137.466748132429814, 432.249296100094114 ], [ 136.710156303502487, 451.164091766434126 ], [ 140.114819526942796, 451.731535638628372 ], [ 141.060559311169413, 465.917632387635422 ], [ 89.801463051329932, 466.106780346363394 ], [ 89.990611005257932, 438.680326629023398 ], [ 91.314646703823499, 438.491178670295426 ] ] ] } },
{ "type": "Feature", "properties": { "feature_type": "building", "subtype": "minor-damage", "uid": "dcba3709-6f3e-466d-a9bf-c352961aa63d" }, "geometry": { "type": "Polygon", "coordinates": [ [ [ 137.905536797469011, 469.732248065863701 ], [ 137.42272469981549, 485.906453395454491 ], [ 129.456325058767504, 486.147859444063215 ], [ 132.594603706138201, 501.597846626830574 ], [ 90.107138962463679, 503.529095022681815 ], [ 92.279793407919797, 484.940829195035519 ], [ 93.728229705929479, 484.458017099812878 ], [ 94.452447853438258, 480.595520302126317 ], [ 92.521199457525739, 479.388490055093314 ], [ 91.314169211490778, 469.973654115469685 ], [ 137.905536797469011, 469.732248065863701 ] ] ] } },
{ "type": "Feature", "properties": { "feature_type": "building", "subtype": "minor-damage", "uid": "332bd61e-4c85-4ddc-8d9e-604a564987e9" }, "geometry": { "type": "Polygon", "coordinates": [ [ [ 87.747631665128509, 523.588664857374511 ], [ 87.180187797547262, 512.050639498643022 ], [ 90.773998972422078, 513.374675194778092 ], [ 91.530590801286976, 506.754496716097208 ], [ 128.225294394546296, 507.321940584302126 ], [ 130.305921919857411, 537.963909561119863 ], [ 91.719738755713649, 537.58561365164303 ], [ 91.152294885825981, 525.858440338173068 ], [ 87.747631665128509, 523.588664857374511 ] ] ] } },
{ "type": "Feature", "properties": { "feature_type": "building", "subtype": "minor-damage", "uid": "2fff871e-f986-4d4f-ae53-86e81d5f840b" }, "geometry": { "type": "Polygon", "coordinates": [ [ [ 86.612743926038846, 540.801128913115576 ], [ 132.953993312562687, 540.990276868851311 ], [ 134.088881051714708, 566.146955107387498 ], [ 129.360182137126799, 567.849286714994378 ], [ 129.549330095044297, 572.010541760132924 ], [ 87.180187796238201, 571.253949939184395 ], [ 86.612743926038846, 540.801128913115576 ] ] ] } },
{ "type": "Feature", "properties": { "feature_type": "building", "subtype": "major-damage", "uid": "7c449617-674b-4f41-a551-a9da4692a65b" }, "geometry": { "type": "Polygon", "coordinates": [ [ [ 23.574078526354111, 468.553295370086516 ], [ 24.735282899883579, 468.321054496702004 ], [ 24.154680717544721, 504.666751425731775 ], [ -0.000004599787914, 504.807385434919809 ], [ -0.000004600161931, 474.823798992360082 ], [ 1.51119540635445, 474.939919431047088 ], [ 1.046713654910502, 469.017777121842414 ], [ 23.574078526354111, 468.553295370086516 ] ] ] } },
{ "type": "Feature", "properties": { "feature_type": "building", "subtype": "major-damage", "uid": "890cb6a7-0c62-4f8f-a8bc-5ee577686ae0" }, "geometry": { "type": "Polygon", "coordinates": [ [ [ -0.000004601782672, 506.64457323935261 ], [ 21.283588094177389, 506.880756816303517 ], [ 20.586865467665991, 514.660826127544851 ], [ 23.489876406975249, 515.009187442608436 ], [ 23.14151509216115, 525.227785938350166 ], [ 15.129204905357639, 525.111665500660592 ], [ 13.96800053114247, 542.181369808121531 ], [ -0.000004601221647, 543.279452739304361 ], [ -0.000004601782672, 506.64457323935261 ] ] ] } },
{ "type": "Feature", "properties": { "feature_type": "building", "subtype": "major-damage", "uid": "d4816904-36c4-4cc9-a330-db7681c371dc" }, "geometry": { "type": "Polygon", "coordinates": [ [ [ -0.000004600909966, 546.10413989974802 ], [ 11.056508248296289, 545.955937526318166 ], [ 11.35291299665197, 547.586163636041647 ], [ 21.727079132250221, 547.141556514754598 ], [ 21.727079131315179, 557.663925025284129 ], [ 24.394721853986731, 557.367520277426934 ], [ 22.912698120436701, 567.889888785961716 ], [ 17.873817426192058, 567.889888787956465 ], [ 17.57741267652732, 579.153269164638004 ], [ -0.000004597917828, 580.687246266551028 ], [ -0.000004600909966, 546.10413989974802 ] ] ] } },
{ "type": "Feature", "properties": { "feature_type": "building", "subtype": "major-damage", "uid": "43aea264-e8f9-4544-a877-9145f831e3e0" }, "geometry": { "type": "Polygon", "coordinates": [ [ [ -0.000004596546432, 585.291981297804455 ], [ 4.096282805095319, 582.974100290233537 ], [ 11.85134902897147, 583.730692116169052 ], [ 11.85134903134025, 585.433023725770568 ], [ 23.57852234206138, 586.567911464175154 ], [ 23.389374385203588, 598.673380690114072 ], [ 20.93045094904442, 599.997416388244005 ], [ 20.552155034206791, 620.23624774972177 ], [ -0.000004601595664, 618.40158448443492 ], [ -0.000004596546432, 585.291981297804455 ] ] ] } },
{ "type": "Feature", "properties": { "feature_type": "building", "subtype": "major-damage", "uid": "6c0a05ea-1c23-40cf-b607-0a954abc8830" }, "geometry": { "type": "Polygon", "coordinates": [ [ [ -0.000004599787914, 626.607799925805807 ], [ 23.545556635461221, 625.92875863257143 ], [ 21.372902186327259, 645.965460757854089 ], [ 26.201023179256531, 646.448272853076674 ], [ 26.442429227740419, 659.242793488182542 ], [ -0.000004599226888, 659.454561977843468 ], [ -0.000004599787914, 626.607799925805807 ] ] ] } },
{ "type": "Feature", "properties": { "feature_type": "building", "subtype": "major-damage", "uid": "16c127e4-1888-4437-a609-9b89b528ee37" }, "geometry": { "type": "Polygon", "coordinates": [ [ [ -0.00000459673344, 661.316383089140118 ], [ 14.20565467923962, 662.524456483045469 ], [ 14.2056546786786, 665.784908693515945 ], [ 19.689142496204791, 665.933111068940548 ], [ 19.837344871754031, 673.787836857732145 ], [ 18.799928254379228, 694.387966760496283 ], [ 10.5005953464866, 692.905943023205282 ], [ 10.352392972059411, 696.462799985522452 ], [ -0.000004600847629, 699.089967852002133 ], [ -0.00000459673344, 661.316383089140118 ] ] ] } },
{ "type": "Feature", "properties": { "feature_type": "building", "subtype": "major-damage", "uid": "b3fa4a2a-1b90-4888-a839-ae1e865ab09d" }, "geometry": { "type": "Polygon", "coordinates": [ [ [ -0.000004597356802, 704.705687507886182 ], [ 23.747043882267889, 706.430788019538682 ], [ 23.747043881956198, 722.143994624853235 ], [ 29.909085689663861, 722.760198804221773 ], [ 29.909085687731441, 740.630120040817019 ], [ -0.000004599974923, 738.849032270601356 ], [ -0.000004597356802, 704.705687507886182 ] ] ] } },
{ "type": "Feature", "properties": { "feature_type": "building", "subtype": "major-damage", "uid": "36934bd9-44b0-4eb4-98b7-b0b7cf886b68" }, "geometry": { "type": "Polygon", "coordinates": [ [ [ -0.000004600847629, 743.137709416501025 ], [ 19.2246471739216, 743.22677974607268 ], [ 17.14401964935859, 775.003636470271431 ], [ -0.000004600161931, 775.752064242287702 ], [ -0.000004600847629, 743.137709416501025 ] ] ] } },
{ "type": "Feature", "properties": { "feature_type": "building", "subtype": "major-damage", "uid": "ed7839e6-3858-437a-b6ed-77096b1d92e3" }, "geometry": { "type": "Polygon", "coordinates": [ [ [ -0.000004597793156, 778.44655276201911 ], [ 10.064681975958949, 778.762092372269535 ], [ 11.102098589032551, 780.688723225860713 ], [ 15.548169790929361, 782.467151707019298 ], [ 17.47480064838431, 786.3204134151988 ], [ 19.549633873222451, 786.3204134151988 ], [ 18.364014885846341, 796.990984297163436 ], [ 7.397039254845794, 797.287389047015267 ], [ 8.138051122368843, 801.881662622344265 ], [ 13.769741311828779, 803.067281607788573 ], [ 14.21434843099615, 814.034257236612916 ], [ -0.000004597980164, 812.672111425277308 ], [ -0.000004597793156, 778.44655276201911 ] ] ] } },
{ "type": "Feature", "properties": { "feature_type": "building", "subtype": "major-damage", "uid": "a03a7e3e-1049-4d5e-985b-de0487d3c0f3" }, "geometry": { "type": "Polygon", "coordinates": [ [ [ -0.000004599600905, 815.940321349427109 ], [ 18.512217263764349, 816.25729283905855 ], [ 19.401431502473109, 822.926399639413717 ], [ 18.512217262330619, 851.381255331966827 ], [ -0.000004599538569, 850.367997505738344 ], [ -0.000004599600905, 815.940321349427109 ] ] ] } },
{ "type": "Feature", "properties": { "feature_type": "building", "subtype": "major-damage", "uid": "9899132e-31f1-4fe2-89df-dc01a95c0f6e" }, "geometry": { "type": "Polygon", "coordinates": [ [ [ -0.000004599912586, 853.477086750022067 ], [ 18.367423071616169, 854.014863911871203 ], [ 17.922815951700759, 873.132970077344339 ], [ 17.774613579455341, 887.805005041915706 ], [ -0.000004600722957, 888.536754011630364 ], [ -0.000004599912586, 853.477086750022067 ] ] ] } },
{ "type": "Feature", "properties": { "feature_type": "building", "subtype": "major-damage", "uid": "7197ce08-1884-43d6-a66f-5f44b37f8837" }, "geometry": { "type": "Polygon", "coordinates": [ [ [ -0.00000459903988, 897.224794999625487 ], [ 18.96247955007453, 897.38739432847683 ], [ 18.66607480813947, 911.022012682031232 ], [ 20.148098538697369, 911.466619800326043 ], [ 18.962479550448538, 931.177535459518708 ], [ -0.00000459592307, 931.212769377641962 ], [ -0.00000459903988, 897.224794999625487 ] ] ] } },
{ "type": "Feature", "properties": { "feature_type": "building", "subtype": "major-damage", "uid": "2790eed4-3e65-45bc-b4d1-549bdb61ebc8" }, "geometry": { "type": "Polygon", "coordinates": [ [ [ -0.000004597793156, 954.99686824262028 ], [ 5.320463411919784, 954.570576560963559 ], [ 5.320463412356137, 957.534624028563826 ], [ 16.435641418718909, 956.793612160417069 ], [ 16.583843794268152, 962.425302347760407 ], [ 20.733510248370312, 963.46271896376436 ], [ 16.880248536764231, 981.691610892647759 ], [ 12.73058208328543, 981.988015635517968 ], [ 12.13777259187265, 986.434086838414487 ], [ -0.000004599600905, 988.21934769979589 ], [ -0.000004597793156, 954.99686824262028 ] ] ] } },
{ "type": "Feature", "properties": { "feature_type": "building", "subtype": "minor-damage", "uid": "324bcec8-b98c-437e-9525-4837d2d86638" }, "geometry": { "type": "Polygon", "coordinates": [ [ [ 130.336115287903596, 575.969474845505601 ], [ 129.611897139085812, 578.624941391172342 ], [ 128.163460842634493, 604.455388706003305 ], [ 99.677546976977467, 603.489764507579025 ], [ 87.607244493376413, 603.489764507579025 ], [ 88.814274740221748, 578.624941393167092 ], [ 89.779898940515608, 574.038226447659667 ], [ 130.336115287903596, 575.969474845505601 ] ] ] } },
{ "type": "Feature", "properties": { "feature_type": "building", "subtype": "minor-damage", "uid": "333ec3b8-265e-41e5-9917-28da69589f47" }, "geometry": { "type": "Polygon", "coordinates": [ [ [ 85.312467352903639, 611.293908660191164 ], [ 132.589024460617509, 609.367277805602612 ], [ 134.219250568158287, 614.702563250075741 ], [ 142.222178732495195, 614.702563250075741 ], [ 142.814988227523486, 628.188979221223917 ], [ 137.1832980387492, 628.781788717935569 ], [ 137.479702782429712, 632.042240931398169 ], [ 139.850940759052008, 632.338645682247488 ], [ 139.25813126620551, 644.491240296516139 ], [ 104.578775889552702, 644.046633177223839 ], [ 100.577311808506394, 638.711347737737697 ], [ 99.539895195245748, 634.858086027563331 ], [ 94.945621620854169, 633.6724670391269 ], [ 95.390228740707229, 627.299764984634066 ], [ 85.016062605296, 625.965943623765156 ], [ 85.312467352903639, 611.293908660191164 ] ] ] } },
{ "type": "Feature", "properties": { "feature_type": "building", "subtype": "minor-damage", "uid": "3c766caa-df6a-4321-808c-b86facc379c3" }, "geometry": { "type": "Polygon", "coordinates": [ [ [ 108.876644719453495, 652.197763710880508 ], [ 111.396085066513507, 650.863942351008973 ], [ 128.735762756554095, 648.640906751555463 ], [ 130.06958411592629, 663.312941716126943 ], [ 121.029239336334101, 663.461144091551546 ], [ 122.955870192791593, 679.76340516085952 ], [ 109.024847093194893, 679.318798040569845 ], [ 108.876644719453495, 676.206548201534474 ], [ 86.942693457203021, 676.947560067686595 ], [ 85.312467350721874, 645.67685928694732 ], [ 109.469454213920699, 645.676859283955196 ], [ 108.876644719453495, 652.197763710880508 ] ] ] } },
{ "type": "Feature", "properties": { "feature_type": "building", "subtype": "minor-damage", "uid": "684a212d-1c98-4342-abf4-1688cab4042b" }, "geometry": { "type": "Polygon", "coordinates": [ [ [ 87.921569323451038, 681.306002317436537 ], [ 100.233277858154096, 680.581784168618356 ], [ 112.303580346368094, 681.788814417645995 ], [ 123.891070731505195, 682.513032563472166 ], [ 123.408258627680496, 715.344255322863319 ], [ 87.438757224114482, 718.241127918136158 ], [ 85.507508827079917, 704.480983085603384 ], [ 88.887193522248836, 703.998170985393813 ], [ 89.370005622146422, 696.755989494219648 ], [ 89.128599572415808, 683.961468864100652 ], [ 87.921569323451038, 681.306002317436537 ] ] ] } },
{ "type": "Feature", "properties": { "feature_type": "building", "subtype": "major-damage", "uid": "5f7282d9-bbc4-45f4-aea7-054b75454ec0" }, "geometry": { "type": "Polygon", "coordinates": [ [ [ 87.556886783150858, 726.373796995856537 ], [ 89.066452469998367, 720.567775121349314 ], [ 132.727736963977009, 719.174329873063357 ], [ 131.682653026329291, 736.824636367974904 ], [ 125.296028966556307, 736.360154617216494 ], [ 125.7605107165042, 749.830125361286036 ], [ 85.582839345794454, 749.249523178822187 ], [ 85.350598470290663, 737.869720306184149 ], [ 87.789127656784572, 737.056877241359416 ], [ 87.556886783150858, 726.373796995856537 ] ] ] } },
{ "type": "Feature", "properties": { "feature_type": "building", "subtype": "major-damage", "uid": "7f2fac78-5229-40fa-a7e0-48c1d1036c1b" }, "geometry": { "type": "Polygon", "coordinates": [ [ [ 88.323764381350429, 752.64011935567521 ], [ 107.877654408782405, 753.847149606697712 ], [ 107.877654408782405, 754.812773805121992 ], [ 122.6034234358671, 755.054179851735967 ], [ 123.569047635537601, 765.917452088995901 ], [ 125.017483936040705, 776.297912223054141 ], [ 132.98388357253819, 776.539318276649738 ], [ 132.018259372992389, 790.058057053592165 ], [ 114.637023795068401, 790.540869151806987 ], [ 113.429993548908698, 783.54009371223367 ], [ 107.153436256224396, 784.022905812443128 ], [ 107.877654403920204, 786.919778409710716 ], [ 87.11673413313369, 785.712748162677713 ], [ 87.840952280891813, 774.125257775602222 ], [ 84.702673634830148, 772.918227529566593 ], [ 85.668297833752618, 762.537767395508354 ], [ 86.633922031303683, 755.295585906328938 ], [ 88.323764381350429, 752.64011935567521 ] ] ] } },
{ "type": "Feature", "properties": { "feature_type": "building", "subtype": "major-damage", "uid": "94716da9-2ac3-441e-a09e-c1ee7ec9cd85" }, "geometry": { "type": "Polygon", "coordinates": [ [ [ 83.366154370311762, 791.728362310395482 ], [ 131.738182546900305, 793.57697484949847 ], [ 131.430080458400596, 813.911712811546749 ], [ 126.808549104723696, 814.219814899734956 ], [ 127.732855373152603, 821.922367153311257 ], [ 84.59856273291301, 823.154775517035205 ], [ 82.749950191130566, 807.749671003898357 ], [ 86.13907318681909, 805.592956373615039 ], [ 83.366154370311762, 791.728362310395482 ] ] ] } },
{ "type": "Feature", "properties": { "feature_type": "building", "subtype": "major-damage", "uid": "161aaef2-4e8c-4428-9a0a-0e051cb93aec" }, "geometry": { "type": "Polygon", "coordinates": [ [ [ 84.263862821927461, 826.022184462371115 ], [ 97.153231382030484, 827.18338883727256 ], [ 97.966074442304262, 824.396498338705896 ], [ 110.623202126342505, 823.467534836191476 ], [ 112.016647378804194, 824.512618772405972 ], [ 126.763942937701401, 825.906064021689303 ], [ 128.041267750354194, 836.356903395802419 ], [ 123.977052440756907, 839.492155208435292 ], [ 123.8609320016336, 846.227140581467438 ], [ 128.04126774904509, 846.691622332225961 ], [ 127.925147313911296, 859.464870455144592 ], [ 97.84995400586142, 858.419786517932835 ], [ 97.849954004365358, 846.343261021151875 ], [ 98.31443575381455, 842.975768334137115 ], [ 85.773428509585329, 843.788611397964473 ], [ 84.728344572187027, 832.524928962018748 ], [ 83.218778882721395, 827.299509274962134 ], [ 84.263862821927461, 826.022184462371115 ] ] ] } },
{ "type": "Feature", "properties": { "feature_type": "building", "subtype": "major-damage", "uid": "c0c72831-3eaf-4225-a233-00cb792e6577" }, "geometry": { "type": "Polygon", "coordinates": [ [ [ 83.505078381319862, 862.12294624337801 ], [ 121.145521756935807, 861.366354415447745 ], [ 121.5238176715864, 896.737022312590739 ], [ 87.477185469723238, 896.358726398126919 ], [ 85.964001815359595, 887.847068350119116 ], [ 89.368665037740143, 880.092002127049341 ], [ 84.072522250397171, 877.633078690514935 ], [ 82.748486553951025, 870.067160423181008 ], [ 83.505078381319862, 862.12294624337801 ] ] ] } },
{ "type": "Feature", "properties": { "feature_type": "building", "subtype": "major-damage", "uid": "642d0bd7-0746-4249-8b45-43c5279bc2ca" }, "geometry": { "type": "Polygon", "coordinates": [ [ [ 87.293009272892803, 1022.985270544864989 ], [ 86.994537522723121, 1017.534216183992953 ], [ 93.803863960876583, 1017.155920268531986 ], [ 93.803863961001255, 1014.129552964790037 ], [ 116.501618765048505, 1013.751257052320966 ], [ 116.501618765235506, 1014.507848881248037 ], [ 124.634980899648099, 1015.453588660924993 ], [ 124.301572927459702, 1022.985899523068952 ], [ 87.293009272892803, 1022.985270544864989 ] ] ] } },
{ "type": "Feature", "properties": { "feature_type": "building", "subtype": "major-damage", "uid": "fef8cdc2-e5df-4320-b291-8d494cf90097" }, "geometry": { "type": "Polygon", "coordinates": [ [ [ 84.913909998534123, 1013.183813182120957 ], [ 85.670501824095211, 999.943456216780305 ], [ 81.887542691240554, 996.538792995582412 ], [ 81.698394732886698, 981.596104420639904 ], [ 124.634980899835099, 981.028660547448112 ], [ 124.0675370291994, 990.675206339844863 ], [ 125.959016598836996, 990.486058384109015 ], [ 127.093904338487704, 1011.292333613792039 ], [ 84.913909998534123, 1013.183813182120957 ] ] ] } },
{ "type": "Feature", "properties": { "feature_type": "building", "subtype": "major-damage", "uid": "b900cbd7-b50f-4a01-95bf-ac724292ba78" }, "geometry": { "type": "Polygon", "coordinates": [ [ [ 122.932649288676004, 977.813145284978191 ], [ 84.15731817178866, 977.623997328244968 ], [ 85.292205911189996, 971.192966805299875 ], [ 86.237945693297192, 961.924716927367058 ], [ 81.698394733634728, 959.087497576368833 ], [ 81.887542693110646, 946.225436522499649 ], [ 123.500093159498704, 945.279696740828285 ], [ 124.445832944036994, 959.465793488837903 ], [ 121.608613596032299, 960.411533269511779 ], [ 123.121797245533799, 976.678257543581594 ], [ 122.932649288676004, 977.813145284978191 ] ] ] } },
{ "type": "Feature", "properties": { "feature_type": "building", "subtype": "major-damage", "uid": "379daa9a-89a2-41d8-a315-1e0153e8a2b1" }, "geometry": { "type": "Polygon", "coordinates": [ [ [ 201.581371125433606, 984.619148232682278 ], [ 205.74262617225321, 984.619148232682278 ], [ 214.25428422549291, 1011.667306037552976 ], [ 187.584422331234606, 1021.124703871221982 ], [ 179.261912237595396, 993.698250155876735 ], [ 194.393748769575012, 990.48273489041469 ], [ 201.581371125433606, 984.619148232682278 ] ] ] } },
{ "type": "Feature", "properties": { "feature_type": "building", "subtype": "major-damage", "uid": "310f60af-1346-4a98-9912-37ed7c511b23" }, "geometry": { "type": "Polygon", "coordinates": [ [ [ 173.350311514568489, 964.851277186923426 ], [ 176.479995410534713, 981.890002376715529 ], [ 169.993662359044009, 982.916816625075512 ], [ 165.075815485229612, 963.812873002999709 ], [ 171.8599954096602, 962.490002376354937 ], [ 173.350311514568489, 964.851277186923426 ] ] ] } },
{ "type": "Feature", "properties": { "feature_type": "building", "subtype": "major-damage", "uid": "b2e2dcdc-f164-482b-bb5a-74a1a27e820e" }, "geometry": { "type": "Polygon", "coordinates": [ [ [ 203.661998647939498, 977.053229967343214 ], [ 202.148814996318691, 977.809821793278616 ], [ 176.969995410625501, 981.810002375601471 ], [ 173.824635559938997, 964.665948382418605 ], [ 172.389995409248286, 962.390002378203803 ], [ 172.830881710352401, 962.299689347139179 ], [ 173.020029667771212, 961.353949567462564 ], [ 170.939402143582214, 949.05933237980355 ], [ 186.260386634414402, 947.167852814466187 ], [ 196.85267220872629, 945.654669160600406 ], [ 203.661998647939498, 977.053229967343214 ] ] ] } },
{ "type": "Feature", "properties": { "feature_type": "building", "subtype": "major-damage", "uid": "78ee157f-ed90-40e8-9d82-da81e7e6c8cd" }, "geometry": { "type": "Polygon", "coordinates": [ [ [ 305.658800030729026, 1022.98815045119602 ], [ 304.336541367187294, 1017.542434552187956 ], [ 322.683401145467428, 1000.644011073778984 ], [ 343.363770742170004, 1022.988445046074048 ], [ 305.658800030729026, 1022.98815045119602 ] ] ] } },
{ "type": "Feature", "properties": { "feature_type": "building", "subtype": "major-damage", "uid": "f4a6bece-f98d-4bd0-9daa-467fd6323f69" }, "geometry": { "type": "Polygon", "coordinates": [ [ [ 324.614649539198183, 990.263550937725881 ], [ 340.306042769381918, 980.607308948496325 ], [ 351.169315005763622, 999.678386873359955 ], [ 334.753703626076287, 1009.576034908205997 ], [ 324.373243491275275, 992.919017484389997 ], [ 324.614649539198183, 990.263550937725881 ] ] ] } },
{ "type": "Feature", "properties": { "feature_type": "building", "subtype": "major-damage", "uid": "9867f5ac-54cf-49ad-904f-990fd62fc797" }, "geometry": { "type": "Polygon", "coordinates": [ [ [ 275.259858426042513, 984.334518327499609 ], [ 293.192345607807624, 971.737316588951671 ], [ 302.825499876256799, 980.333054246887514 ], [ 302.973702250559313, 984.038113578645039 ], [ 315.274499241118974, 1001.525993640379056 ], [ 301.195273770523727, 1012.048362148913952 ], [ 293.340547980800977, 1001.674196011814047 ], [ 290.376500511955612, 1002.711612627817999 ], [ 285.930429313424895, 998.265541424921594 ], [ 280.446941496335114, 999.599362785790504 ], [ 275.259858426042513, 984.334518327499609 ] ] ] } },
{ "type": "Feature", "properties": { "feature_type": "building", "subtype": "major-damage", "uid": "b410066f-5f71-4ee7-8cf9-9e6ed62f4400" }, "geometry": { "type": "Polygon", "coordinates": [ [ [ 274.783423139919307, 949.560117912352553 ], [ 269.865576266042581, 936.887204814219103 ], [ 300.507545249016005, 929.699582461348996 ], [ 309.964943083552612, 960.152403490410052 ], [ 267.974096698025676, 971.879576798893027 ], [ 262.299657997839915, 952.964781131555696 ], [ 274.783423139919307, 949.560117912352553 ] ] ] } },
{ "type": "Feature", "properties": { "feature_type": "building", "subtype": "major-damage", "uid": "5a5d05c7-75cc-4028-8fc1-c28fa9af3408" }, "geometry": { "type": "Polygon", "coordinates": [ [ [ 299.183509548892118, 894.707210476675073 ], [ 302.58817277064918, 927.808102893019509 ], [ 265.893469177202917, 927.24065902481459 ], [ 266.460913043849075, 914.189450014212184 ], [ 268.163244655756216, 912.487118406605305 ], [ 267.059995411906925, 909.960002374065425 ], [ 274.983182022744415, 909.831392568294518 ], [ 274.100426838764122, 906.6534739014254 ], [ 266.009995413243928, 907.300002373178927 ], [ 265.893469173462677, 907.001827663336826 ], [ 262.48880595444831, 906.056087878673338 ], [ 260.597326387054693, 893.950618655726544 ], [ 269.298132395905611, 893.950618654729169 ], [ 285.943152585241023, 888.465327908468453 ], [ 299.183509548892118, 894.707210476675073 ] ] ] } },
{ "type": "Feature", "properties": { "feature_type": "building", "subtype": "major-damage", "uid": "94ccbbd4-6125-405c-9ecd-95c7d2982982" }, "geometry": { "type": "Polygon", "coordinates": [ [ [ 277.464291312683713, 857.791423838046285 ], [ 279.636945757828187, 865.275011376831685 ], [ 283.740848604807127, 865.757823477041256 ], [ 283.740848604432983, 857.30861173484459 ], [ 311.50254431472689, 858.515641984869717 ], [ 310.778326166470208, 883.139059051670301 ], [ 304.984580975865072, 883.139059051670301 ], [ 304.984580972561275, 887.484367945576878 ], [ 276.981479210168004, 886.277337699541249 ], [ 278.429915508177714, 876.862501762909915 ], [ 263.945552528454925, 876.138283614091733 ], [ 264.911176725070902, 857.791423838046285 ], [ 277.464291312683713, 857.791423838046285 ] ] ] } },
{ "type": "Feature", "properties": { "feature_type": "building", "subtype": "major-damage", "uid": "093ff8b2-7bb5-4ea2-8423-e774693d353b" }, "geometry": { "type": "Polygon", "coordinates": [ [ [ 316.089259260917686, 851.514866543301537 ], [ 301.604896278639103, 857.067205688230615 ], [ 297.259587384048984, 846.686745549185503 ], [ 296.77050160174872, 846.686745551180252 ], [ 297.266728351694326, 842.851571830318449 ], [ 298.069995414842992, 833.980002375982394 ], [ 311.985356414811577, 831.478164423005751 ], [ 316.089259260917686, 851.514866543301537 ] ] ] } },
{ "type": "Feature", "properties": { "feature_type": "building", "subtype": "major-damage", "uid": "03bb43d1-6410-40e9-ac38-5b5eaa3b2092" }, "geometry": { "type": "Polygon", "coordinates": [ [ [ 297.559995414785305, 834.070002374617502 ], [ 296.769634318126975, 842.796925683650443 ], [ 296.264612671520808, 846.686745551180252 ], [ 287.120533299602016, 846.686745551180252 ], [ 266.118206977775912, 846.203933451968055 ], [ 264.428364626981079, 817.235207489266145 ], [ 289.775999844083003, 816.510989342442713 ], [ 293.155684542742677, 834.857849116493412 ], [ 297.559995414785305, 834.070002374617502 ] ] ] } },
{ "type": "Feature", "properties": { "feature_type": "building", "subtype": "major-damage", "uid": "7a5c5eac-19a4-4584-a6ad-4327d8f439fb" }, "geometry": { "type": "Polygon", "coordinates": [ [ [ 300.302597330422088, 796.772509914902002 ], [ 314.545554260663721, 796.772509912907253 ], [ 315.752584510688109, 819.223272536245418 ], [ 301.268221530092603, 818.981866487636694 ], [ 300.302597330422088, 796.772509914902002 ] ] ] } },
{ "type": "Feature", "properties": { "feature_type": "building", "subtype": "major-damage", "uid": "61616640-055c-4fcb-b1f4-9c9e516e8555" }, "geometry": { "type": "Polygon", "coordinates": [ [ [ 263.850283828516922, 781.322522738118892 ], [ 290.646355342506524, 781.8053348363336 ], [ 291.129167445396206, 812.222497095674612 ], [ 266.022938274097726, 812.46390314528071 ], [ 263.850283828516922, 781.322522738118892 ] ] ] } },
{ "type": "Feature", "properties": { "feature_type": "building", "subtype": "major-damage", "uid": "b48b25cd-b584-4438-8a20-ef02fbb69436" }, "geometry": { "type": "Polygon", "coordinates": [ [ [ 299.568016764181493, 762.398991834785079 ], [ 315.281223368989288, 762.707093926962784 ], [ 315.589325460855321, 785.50664860548784 ], [ 300.184220946043126, 785.506648602495716 ], [ 299.568016764181493, 762.398991834785079 ] ] ] } },
{ "type": "Feature", "properties": { "feature_type": "building", "subtype": "major-damage", "uid": "e344873c-8d56-4366-bf12-ccda2d7784c3" }, "geometry": { "type": "Polygon", "coordinates": [ [ [ 264.480920007157579, 747.517886201358124 ], [ 294.674924857725273, 748.442192470909617 ], [ 296.523537397325981, 764.155399076224171 ], [ 294.058720677297401, 767.544522068236574 ], [ 293.750618586989901, 775.555176416982817 ], [ 264.480920011209491, 774.630870145436575 ], [ 263.248511646177121, 749.982702923819147 ], [ 264.480920007157579, 747.517886201358124 ] ] ] } },
{ "type": "Feature", "properties": { "feature_type": "building", "subtype": "major-damage", "uid": "ee0ad72a-15f3-4e2e-8d1d-c5c65586291f" }, "geometry": { "type": "Polygon", "coordinates": [ [ [ 268.83828410065388, 714.415072539563653 ], [ 286.460925726126675, 710.793981789488384 ], [ 295.634355615266827, 713.932260437359446 ], [ 295.392949564912783, 743.142392447672705 ], [ 289.116392272228381, 744.832234794915166 ], [ 269.803908297643886, 744.10801664509961 ], [ 269.321096199678777, 734.210368608258705 ], [ 273.666405095640187, 734.210368608258705 ], [ 272.217968798752622, 720.208817729111956 ], [ 268.114065950402278, 719.967411677511109 ], [ 268.83828410065388, 714.415072539563653 ] ] ] } },
{ "type": "Feature", "properties": { "feature_type": "building", "subtype": "major-damage", "uid": "30f0cc03-33c1-4f77-b14a-29895c6e7e0a" }, "geometry": { "type": "Polygon", "coordinates": [ [ [ 277.157040536773593, 692.510253316254307 ], [ 279.313755171855576, 690.045436597782896 ], [ 280.238061440596312, 676.180842533565965 ], [ 294.71885968585741, 674.948434170839391 ], [ 296.567472228200813, 678.337557164846544 ], [ 311.048270472963281, 679.878067618753448 ], [ 313.204985102933676, 697.439886762173614 ], [ 301.497105673618876, 696.20747840144179 ], [ 301.189003579696021, 702.985724385466597 ], [ 282.086673983625417, 704.218132745201046 ], [ 280.5461635315894, 710.072072461669222 ], [ 264.21675274722628, 710.380174553846928 ], [ 262.984344385560121, 692.510253317251681 ], [ 277.157040536773593, 692.510253316254307 ] ] ] } },
{ "type": "Feature", "properties": { "feature_type": "building", "subtype": "major-damage", "uid": "1329cf03-c202-4020-ab61-e6fc734b7a91" }, "geometry": { "type": "Polygon", "coordinates": [ [ [ 269.981579245009073, 634.832887217699067 ], [ 294.381665657846725, 636.724366783036544 ], [ 294.57081361127598, 672.85162650412019 ], [ 266.766063983288916, 671.716738767710467 ], [ 267.522655808101888, 638.426698393635434 ], [ 269.603283329797478, 638.237550437899586 ], [ 269.981579245009073, 634.832887217699067 ] ] ] } },
{ "type": "Feature", "properties": { "feature_type": "building", "subtype": "major-damage", "uid": "8e9988f4-0755-4223-8638-a50c309e6edb" }, "geometry": { "type": "Polygon", "coordinates": [ [ [ 283.47680137783442, 593.654202771551809 ], [ 287.827204380389674, 594.410794598484699 ], [ 312.794734661120174, 606.137967911954661 ], [ 311.47069896592069, 613.51473822355274 ], [ 318.090877449460493, 619.00002896283172 ], [ 310.335811225210421, 635.45590119263727 ], [ 297.284602213305504, 628.646574751238859 ], [ 293.123347167794975, 633.375273668571936 ], [ 282.909357508133724, 626.755095187896245 ], [ 287.259760512559126, 611.623258656220514 ], [ 277.424066765678276, 610.110075002354847 ], [ 280.639582025653226, 594.978238466689618 ], [ 283.47680137783442, 593.654202771551809 ] ] ] } },
{ "type": "Feature", "properties": { "feature_type": "building", "subtype": "minor-damage", "uid": "4f98f5cd-5a61-4a5c-8749-dbf1db0df7e5" }, "geometry": { "type": "Polygon", "coordinates": [ [ [ 293.501643080201518, 570.010708189873526 ], [ 301.824153178204199, 572.46963162541067 ], [ 309.200923484998611, 566.606044966680884 ], [ 314.497066272715585, 568.308376577279887 ], [ 320.738948841417823, 566.984340879149954 ], [ 327.359127327513306, 569.064968404212777 ], [ 335.870785375516789, 577.387478497482107 ], [ 317.523433579635082, 602.733304690756768 ], [ 291.988459426897577, 585.520840634018327 ], [ 289.907831904828015, 582.305325367558908 ], [ 289.718683948468879, 574.928555060947701 ], [ 293.501643080201518, 570.010708189873526 ] ] ] } },
{ "type": "Feature", "properties": { "feature_type": "building", "subtype": "minor-damage", "uid": "da3f5177-c3a8-4eb5-89ba-a85256d09adc" }, "geometry": { "type": "Polygon", "coordinates": [ [ [ 193.241436254913907, 372.341594736770276 ], [ 198.17106969790089, 405.000416303144277 ], [ 177.836331738668093, 402.843701673858391 ], [ 163.97173767682699, 405.924722574690577 ], [ 164.279839765264398, 372.6496968259558 ], [ 183.690271455818987, 369.876778011317185 ], [ 193.241436254913907, 372.341594736770276 ] ] ] } },
{ "type": "Feature", "properties": { "feature_type": "building", "subtype": "minor-damage", "uid": "b2271e34-0acd-451e-922d-ce590208f9ef" }, "geometry": { "type": "Polygon", "coordinates": [ [ [ 199.0953759716908, 410.854356017617704 ], [ 201.560192691906394, 441.048360864522976 ], [ 175.063412926150306, 442.588871319427312 ], [ 175.063412926960694, 409.930049748066324 ], [ 199.0953759716908, 410.854356017617704 ] ] ] } },
{ "type": "Feature", "properties": { "feature_type": "building", "subtype": "minor-damage", "uid": "97cbc265-0ccc-4a51-9c89-fb2614135fec" }, "geometry": { "type": "Polygon", "coordinates": [ [ [ 159.272188010158089, 452.377954146339789 ], [ 167.126913800317112, 452.674358894196985 ], [ 167.423318546491004, 448.821097184022676 ], [ 200.917054930905408, 449.117501929885123 ], [ 202.547281041625411, 465.567965373620325 ], [ 198.990424077003695, 465.271560627757879 ], [ 198.249412210103998, 471.347857935390891 ], [ 194.988959996518304, 471.199655563955787 ], [ 195.581769490860893, 481.425619329620304 ], [ 185.800412847298787, 481.129214582760483 ], [ 184.614793859611012, 476.83134575528868 ], [ 173.351413483246887, 478.757976606885109 ], [ 161.495223609922107, 478.016964740732988 ], [ 159.272188010158089, 452.377954146339789 ] ] ] } },
{ "type": "Feature", "properties": { "feature_type": "building", "subtype": "minor-damage", "uid": "8c2d0d69-1647-48b9-aa09-b85a414d2432" }, "geometry": { "type": "Polygon", "coordinates": [ [ [ 161.643425983102588, 492.096190211584883 ], [ 179.427710790876802, 488.687535623694998 ], [ 194.247948132860103, 490.762368849718598 ], [ 194.840757622589791, 492.688999705304525 ], [ 202.695483413247501, 491.799785463727801 ], [ 203.288292905719999, 512.399915365494508 ], [ 193.951543384753791, 511.807105871774979 ], [ 193.506936261347505, 520.69924827457578 ], [ 161.939830733390693, 521.884867261017462 ], [ 161.643425983102588, 492.096190211584883 ] ] ] } },
{ "type": "Feature", "properties": { "feature_type": "building", "subtype": "minor-damage", "uid": "0e998a88-560e-4e14-a7ca-ee0b6d8d3b6b" }, "geometry": { "type": "Polygon", "coordinates": [ [ [ 212.077024769970308, 525.671066224227047 ], [ 213.590208423710607, 539.100571147298524 ], [ 216.42742777433341, 539.100571147298524 ], [ 219.264647127449592, 558.582810681843398 ], [ 189.379269969226897, 559.150254556032564 ], [ 187.487790403142412, 525.671066225224422 ], [ 212.077024769970308, 525.671066224227047 ] ] ] } },
{ "type": "Feature", "properties": { "feature_type": "building", "subtype": "minor-damage", "uid": "0f7ce946-68cf-4074-8fc4-9fdfcd4ec446" }, "geometry": { "type": "Polygon", "coordinates": [ [ [ 167.508551986506092, 582.797413373021868 ], [ 175.474951624686611, 583.763037574438272 ], [ 176.681981877890308, 566.381801998811852 ], [ 195.028841651432913, 566.381801998811852 ], [ 196.718683999484909, 568.071644344059678 ], [ 209.754610680450014, 568.071644344059678 ], [ 209.996016730741587, 598.247400553794478 ], [ 166.784333839558286, 595.591934007130362 ], [ 167.508551986506092, 582.797413373021868 ] ] ] } },
{ "type": "Feature", "properties": { "feature_type": "building", "subtype": "minor-damage", "uid": "78ce9a33-5e8a-4722-9db4-b2e78018f7fd" }, "geometry": { "type": "Polygon", "coordinates": [ [ [ 159.783558397183413, 609.593484891263984 ], [ 176.199169777057591, 604.282551794943629 ], [ 186.338223861006014, 605.972394144180839 ], [ 202.753835244059388, 607.179424393208592 ], [ 204.202271541321011, 630.595811206991925 ], [ 193.338999302321213, 629.630187014551893 ], [ 195.75305980031311, 638.079398750764312 ], [ 162.439024941726814, 639.286428999792065 ], [ 159.783558397183413, 609.593484891263984 ] ] ] } },
{ "type": "Feature", "properties": { "feature_type": "building", "subtype": "minor-damage", "uid": "d7ce7441-3d3d-4992-bd9d-31417bae2503" }, "geometry": { "type": "Polygon", "coordinates": [ [ [ 192.316584122877288, 648.746291473007773 ], [ 195.705707114077597, 653.05972073457167 ], [ 195.705707114077597, 660.146068810774182 ], [ 204.024463550695998, 658.297456270673933 ], [ 207.105484452897912, 679.864602588467051 ], [ 155.344333284859687, 680.172704682639505 ], [ 153.803822833945787, 668.464825248705893 ], [ 157.192945826268186, 659.221762541222688 ], [ 157.192945826642188, 644.432862209449127 ], [ 177.219581696814288, 645.049066389815039 ], [ 177.835785875434397, 649.362495651378936 ], [ 192.316584122877288, 648.746291473007773 ] ] ] } },
{ "type": "Feature", "properties": { "feature_type": "building", "subtype": "major-damage", "uid": "f24cce4a-4bdb-4d4b-a373-56cdaa0c5b58" }, "geometry": { "type": "Polygon", "coordinates": [ [ [ 193.983937953660188, 738.488446739703022 ], [ 158.980060749328288, 737.764228590884841 ], [ 157.773030501672594, 715.796278069750997 ], [ 157.079995406880101, 715.840002377265819 ], [ 158.145402081859487, 714.353200240407318 ], [ 177.101564669697296, 713.873297394409292 ], [ 184.160726559856812, 713.143039265140942 ], [ 184.629995409198813, 712.8900023764553 ], [ 192.776907704071988, 712.65799942487206 ], [ 193.983937953660188, 738.488446739703022 ] ] ] } },
{ "type": "Feature", "properties": { "feature_type": "building", "subtype": "minor-damage", "uid": "4121c302-b7ae-4908-9116-7ed5652e4bff" }, "geometry": { "type": "Polygon", "coordinates": [ [ [ 189.397223010399188, 705.898630029917967 ], [ 183.603477819046105, 706.864254232331746 ], [ 184.279995408875607, 712.510002375901195 ], [ 184.011853275287791, 712.655771682817999 ], [ 177.069464280572902, 713.373949853180761 ], [ 157.883471019139307, 713.859671203612265 ], [ 156.439995408004393, 715.890002376840016 ], [ 154.15193975870551, 716.037684118359721 ], [ 153.66912765463141, 702.036133242205096 ], [ 158.014436553585, 702.036133241207722 ], [ 158.255842600697491, 690.448642853134857 ], [ 162.601151493791491, 690.207236804526133 ], [ 162.842557545579211, 685.620521859018709 ], [ 189.638629058571411, 685.379115810409985 ], [ 189.397223010399188, 705.898630029917967 ] ] ] } },
{ "type": "Feature", "properties": { "feature_type": "building", "subtype": "major-damage", "uid": "a0341bca-5a1d-4bda-87ed-0584cf25e5ff" }, "geometry": { "type": "Polygon", "coordinates": [ [ [ 171.519709906705799, 750.658024063681069 ], [ 184.857923510526092, 751.695440677690272 ], [ 185.00612588432989, 750.065214568964166 ], [ 191.08242319657279, 749.472405077239387 ], [ 191.230625565763688, 753.473869156854107 ], [ 199.974565599431287, 754.066678653565759 ], [ 201.160184583254306, 785.633784179169993 ], [ 174.187352629938289, 785.781986553597221 ], [ 172.557126518470312, 778.668272631955006 ], [ 172.260721772732808, 753.77027390271644 ], [ 171.519709906705799, 750.658024063681069 ] ] ] } },
{ "type": "Feature", "properties": { "feature_type": "building", "subtype": "major-damage", "uid": "069c32bd-7d7d-4b35-b5be-c75b14061c8f" }, "geometry": { "type": "Polygon", "coordinates": [ [ [ 201.779995409760687, 823.070002377528567 ], [ 202.173773576009893, 853.763547232906944 ], [ 171.998017365043609, 853.280735135689497 ], [ 171.289995407520308, 823.370002377965989 ], [ 171.613307868922305, 823.105247008501124 ], [ 179.007118259474112, 822.389716968517632 ], [ 201.779995409760687, 823.070002377528567 ] ] ] } },
{ "type": "Feature", "properties": { "feature_type": "building", "subtype": "major-damage", "uid": "51ebae87-bf3d-4df7-95dd-d3b70e565aa3" }, "geometry": { "type": "Polygon", "coordinates": [ [ [ 199.035494928202809, 792.687816666613685 ], [ 201.690961473431798, 815.621391387169069 ], [ 201.690961476049893, 815.862797435777793 ], [ 201.779995413313912, 822.570002375802119 ], [ 178.990467350376093, 821.888992488537838 ], [ 171.417102658814002, 822.621898751177696 ], [ 171.129995408097386, 822.850002378205204 ], [ 152.202721289564209, 821.173730531100773 ], [ 151.478503142367089, 806.447961502138583 ], [ 159.44490277961259, 804.516713101300525 ], [ 156.789436233012111, 791.96359851779539 ], [ 199.035494928202809, 792.687816666613685 ] ] ] } },
{ "type": "Feature", "properties": { "feature_type": "building", "subtype": "major-damage", "uid": "0988608a-d93b-4fc3-9a30-c553679e36ca" }, "geometry": { "type": "Polygon", "coordinates": [ [ [ 185.121590831109813, 879.901605687016286 ], [ 194.056551447657398, 879.285401507647748 ], [ 194.672755628272398, 896.847220649073165 ], [ 150.922258808165907, 894.998608109970291 ], [ 149.689850446561991, 866.653215805160016 ], [ 187.89450964213151, 867.269419985525928 ], [ 187.894509641570494, 876.204380599834053 ], [ 185.121590831109813, 879.901605687016286 ] ] ] } },
{ "type": "Feature", "properties": { "feature_type": "building", "subtype": "major-damage", "uid": "cf31d761-687f-419b-a4b1-b332cf8a7a44" }, "geometry": { "type": "Polygon", "coordinates": [ [ [ 433.126137610874196, 1022.988906198282052 ], [ 434.312383891319428, 1020.679884565501993 ], [ 439.864723035559905, 1014.644733320364026 ], [ 440.347535135332919, 1010.058018377848043 ], [ 447.348310575027313, 1005.229897384729952 ], [ 459.660019109106997, 1014.644733320364026 ], [ 462.798297755605006, 1013.437703072332965 ], [ 471.492182576659388, 1022.989000112498957 ], [ 433.126137610874196, 1022.988906198282052 ] ] ] } },
{ "type": "Feature", "properties": { "feature_type": "building", "subtype": "major-damage", "uid": "c825da35-4081-4cc5-b410-ee59682c2067" }, "geometry": { "type": "Polygon", "coordinates": [ [ [ 394.721791742043479, 1009.575206280631051 ], [ 400.515536936825015, 1003.781461089087998 ], [ 400.515536935079581, 998.95334009497185 ], [ 412.82724546847362, 987.607255757502458 ], [ 421.517863258401803, 995.573655396497429 ], [ 427.794420548592711, 996.780685647519931 ], [ 430.44988709619048, 993.401000951040146 ], [ 432.863947596052526, 994.3666251504618 ], [ 435.519414141780203, 993.159594902431536 ], [ 443.003001683429375, 999.436152192189297 ], [ 437.450662539126483, 1005.954115535542996 ], [ 438.416286735368487, 1007.643957880790026 ], [ 422.336045669018006, 1022.98886864895303 ], [ 418.856319228212499, 1022.98885549950603 ], [ 402.929597430640285, 1016.334575671595985 ], [ 395.687415941028291, 1011.023642578266958 ], [ 394.721791742043479, 1009.575206280631051 ] ] ] } },
{ "type": "Feature", "properties": { "feature_type": "building", "subtype": "major-damage", "uid": "8f98a3de-f2d3-4f00-8db4-b618a4b58437" }, "geometry": { "type": "Polygon", "coordinates": [ [ [ 389.821516824858179, 960.284115204146815 ], [ 391.752765219897981, 959.559897056326008 ], [ 401.891819307212586, 967.284890647709631 ], [ 406.478534250099472, 965.112236202252461 ], [ 417.341806488289023, 976.69972658035158 ], [ 394.408231767308791, 1003.254392048988052 ], [ 371.233250999839584, 985.63175042176033 ], [ 383.062147431216488, 971.388793493007597 ], [ 383.06214743183989, 968.974732994952092 ], [ 389.821516824858179, 960.284115204146815 ] ] ] } },
{ "type": "Feature", "properties": { "feature_type": "building", "subtype": "major-damage", "uid": "966daaa1-c02b-45fa-b3c0-ec7f45624634" }, "geometry": { "type": "Polygon", "coordinates": [ [ [ 340.816088736711606, 943.885297548267999 ], [ 355.191718954790019, 933.955738532455371 ], [ 367.196111197804385, 931.584500558574632 ], [ 376.532860722136775, 925.952810366244421 ], [ 386.166014992954786, 934.252143280312566 ], [ 384.091181764688088, 945.515523652007232 ], [ 375.643646481807309, 952.925642323501279 ], [ 380.830729551850482, 959.891153872711016 ], [ 354.747111834562872, 971.450938998247011 ], [ 340.816088736711606, 943.885297548267999 ] ] ] } },
{ "type": "Feature", "properties": { "feature_type": "building", "subtype": "major-damage", "uid": "f7a40402-6397-4aaf-8b51-583a286daf21" }, "geometry": { "type": "Polygon", "coordinates": [ [ [ 338.268275154566084, 883.972695471786096 ], [ 340.343108383144511, 883.67629072592365 ], [ 360.943238285523989, 881.601457495910608 ], [ 373.68864239419139, 887.084945310821468 ], [ 370.576392555282325, 902.794396887407288 ], [ 368.797964073127275, 914.0577772690757 ], [ 340.639513130939122, 912.575753535774311 ], [ 340.787715503745574, 898.200123314073039 ], [ 338.712882275853019, 897.162706705050823 ], [ 338.268275154566084, 883.972695471786096 ] ] ] } },
{ "type": "Feature", "properties": { "feature_type": "building", "subtype": "major-damage", "uid": "5a72e620-db0b-4c32-8921-3afb2359f5f0" }, "geometry": { "type": "Polygon", "coordinates": [ [ [ 333.525799209549916, 850.034351970306375 ], [ 348.790643666399319, 848.107721113723073 ], [ 361.3878454032577, 850.775363833466258 ], [ 373.244035275585077, 851.368173327185787 ], [ 373.392237648765615, 867.818636770920989 ], [ 364.79649999463669, 869.893470001931519 ], [ 364.500095247901811, 880.860445629758487 ], [ 331.006358859310808, 882.046064618194919 ], [ 333.525799209549916, 850.034351970306375 ] ] ] } },
{ "type": "Feature", "properties": { "feature_type": "building", "subtype": "major-damage", "uid": "4c5650a1-e611-44e6-b327-ff2964367de6" }, "geometry": { "type": "Polygon", "coordinates": [ [ [ 341.666794970648709, 819.258379635616279 ], [ 353.393968280434706, 812.827349106686938 ], [ 361.905626330931682, 813.016497066412285 ], [ 363.986253854310291, 817.177752111550944 ], [ 372.876207820392892, 817.93434393748646 ], [ 374.200243514968975, 844.793353786621537 ], [ 337.127244007059005, 845.928241526023498 ], [ 337.505539920899309, 830.796404993350393 ], [ 341.288499054751298, 829.850665207689531 ], [ 341.666794970648709, 819.258379635616279 ] ] ] } },
{ "type": "Feature", "properties": { "feature_type": "building", "subtype": "major-damage", "uid": "2d2b061e-020c-49ae-905e-3fb859b12c90" }, "geometry": { "type": "Polygon", "coordinates": [ [ [ 331.342130776084673, 780.016603737862624 ], [ 342.123564303389628, 778.503420085991706 ], [ 368.036834366725884, 778.314272127263735 ], [ 369.360870066475911, 803.470950363805059 ], [ 364.253875234806287, 804.605838105201769 ], [ 363.686431363297913, 809.334537021537471 ], [ 348.554594833562419, 808.577945193607206 ], [ 346.095671394909687, 812.928348197473838 ], [ 329.261503250711314, 811.9826084148051 ], [ 331.342130776084673, 780.016603737862624 ] ] ] } },
{ "type": "Feature", "properties": { "feature_type": "building", "subtype": "major-damage", "uid": "31348a7c-b02b-4816-94ae-cf783e8988e1" }, "geometry": { "type": "Polygon", "coordinates": [ [ [ 329.306271733520987, 749.867302442265782 ], [ 339.520261391998019, 749.867302444260531 ], [ 339.709409351037493, 774.834832723071372 ], [ 324.199276900791688, 773.132501113469743 ], [ 329.306271733520987, 749.867302442265782 ] ] ] } },
{ "type": "Feature", "properties": { "feature_type": "building", "subtype": "major-damage", "uid": "9847b87a-4b34-4b53-a977-ebcc2de82886" }, "geometry": { "type": "Polygon", "coordinates": [ [ [ 352.004026530835915, 742.490532135654576 ], [ 377.728148638249479, 744.760307612463748 ], [ 377.160704768299524, 775.02398067880722 ], [ 352.193174488317084, 772.943353156736521 ], [ 352.004026530835915, 742.490532135654576 ] ] ] } },
{ "type": "Feature", "properties": { "feature_type": "building", "subtype": "major-damage", "uid": "ef987265-f834-424d-823a-35971721628d" }, "geometry": { "type": "Polygon", "coordinates": [ [ [ 345.862124804808104, 706.891148141900203 ], [ 363.263736820951294, 708.971775663970789 ], [ 374.234318306610021, 709.728367489906304 ], [ 371.586246913655373, 735.641637556372643 ], [ 339.8093901916547, 730.345494769837387 ], [ 342.079165673698924, 717.483433716965578 ], [ 343.024905456242379, 717.294285757240232 ], [ 343.592349325756118, 708.404331797760619 ], [ 345.862124804808104, 706.891148141900203 ] ] ] } },
{ "type": "Feature", "properties": { "feature_type": "building", "subtype": "minor-damage", "uid": "56eaabed-1c42-49ed-8492-2c909e4678af" }, "geometry": { "type": "Polygon", "coordinates": [ [ [ 346.004066899177019, 664.357447124566875 ], [ 360.97124197767539, 666.047289467819837 ], [ 367.247799271170209, 668.461349968867466 ], [ 368.45482951901289, 665.805883421205863 ], [ 380.28372595363129, 669.185568117685648 ], [ 376.662635209916175, 679.324622203135277 ], [ 381.732162252513717, 681.980088750796767 ], [ 381.249350152491388, 685.11836739767034 ], [ 388.974343743247914, 688.739458140763986 ], [ 381.973568302555975, 703.223821118125443 ], [ 364.833738773303025, 697.430075927579878 ], [ 367.247799272853172, 695.257421482122595 ], [ 351.797812090218372, 685.842585545491261 ], [ 348.90093949482241, 682.945712948223672 ], [ 345.762660847140012, 679.083216152531804 ], [ 343.831412450604091, 677.393373808281467 ], [ 345.038442699007874, 667.495725770443187 ], [ 346.004066899177019, 664.357447124566875 ] ] ] } },
{ "type": "Feature", "properties": { "feature_type": "building", "subtype": "minor-damage", "uid": "cc31e991-0446-4e91-a699-bb6d2e819bab" }, "geometry": { "type": "Polygon", "coordinates": [ [ [ 371.678817698224123, 642.690227779524662 ], [ 394.565720455700614, 622.640544371787996 ], [ 402.50993463730731, 628.125835116053963 ], [ 405.347153986558624, 623.964580069917929 ], [ 418.965806866231674, 637.394084991992031 ], [ 411.778184515484725, 643.446819606457552 ], [ 422.937913959060893, 653.660809267059108 ], [ 410.265000861058695, 664.631390753596179 ], [ 406.86033763892749, 658.767804094866506 ], [ 395.889756151897416, 668.414349885268393 ], [ 371.678817698224123, 642.690227779524662 ] ] ] } },
{ "type": "Feature", "properties": { "feature_type": "building", "subtype": "minor-damage", "uid": "b1fd3d7f-f9b6-4bf9-a837-4410c0572794" }, "geometry": { "type": "Polygon", "coordinates": [ [ [ 409.432290141248188, 612.521826630539636 ], [ 417.88150188032381, 608.417923787236532 ], [ 414.984629283307015, 603.106990692910927 ], [ 430.193210411411428, 596.106215251342746 ], [ 432.124458811126374, 602.141366494486647 ], [ 436.469767704656817, 598.761681794017363 ], [ 450.229912535000722, 632.075716652620713 ], [ 427.054931766970412, 645.353049384943915 ], [ 408.708071989625296, 616.142917376625405 ], [ 409.432290141248188, 612.521826630539636 ] ] ] } },
{ "type": "Feature", "properties": { "feature_type": "building", "subtype": "minor-damage", "uid": "0752971a-35e3-458d-8000-60c6ba835c5a" }, "geometry": { "type": "Polygon", "coordinates": [ [ [ 437.676797952312427, 591.278094257226599 ], [ 462.783027119621408, 577.035137324484367 ], [ 473.404893306085512, 589.346845858383404 ], [ 485.475195793488979, 617.108541572057561 ], [ 471.473644908489916, 623.62650491341617 ], [ 464.955681566386602, 615.901511323029922 ], [ 453.368191182870078, 620.971038370741553 ], [ 437.676797952312427, 591.278094257226599 ] ] ] } },
{ "type": "Feature", "properties": { "feature_type": "building", "subtype": "minor-damage", "uid": "bf9c90ba-40af-4de4-a522-84728984030b" }, "geometry": { "type": "Polygon", "coordinates": [ [ [ 475.557315642810693, 570.741964516131247 ], [ 478.076755990868207, 569.259940786819357 ], [ 474.668101402356626, 565.703083824502187 ], [ 478.965970232693678, 563.331845849624074 ], [ 481.485410578132928, 564.96207195635543 ], [ 490.82216010396138, 560.516000758445898 ], [ 503.567564214935203, 581.560737774517975 ], [ 489.340136369538584, 589.415463564306947 ], [ 475.557315642810693, 570.741964516131247 ] ] ] } },
{ "type": "Feature", "properties": { "feature_type": "building", "subtype": "minor-damage", "uid": "42ce0711-b034-4cfd-94d3-4820f7bb1f91" }, "geometry": { "type": "Polygon", "coordinates": [ [ [ 519.637579078300632, 563.160441072277195 ], [ 526.158483509461462, 561.085607844258789 ], [ 525.121066897821606, 556.639536644354507 ], [ 551.056482238188551, 546.858179998979722 ], [ 552.686708344108752, 548.636608481135681 ], [ 559.059410403959191, 546.413572879687422 ], [ 564.098291094650676, 561.678417337978317 ], [ 554.90974394511943, 566.420893285739794 ], [ 559.059410400530624, 578.573487903998057 ], [ 548.388839515828749, 585.390797079777826 ], [ 543.646363569565779, 580.94472587887617 ], [ 526.899495377296148, 587.613832679231336 ], [ 517.859150597891016, 565.087071927863008 ], [ 519.637579078300632, 563.160441072277195 ] ] ] } },
{ "type": "Feature", "properties": { "feature_type": "building", "subtype": "minor-damage", "uid": "28cb643f-d884-4869-ba48-308c31639d84" }, "geometry": { "type": "Polygon", "coordinates": [ [ [ 330.973688898564887, 529.158669907746344 ], [ 334.678748237426873, 526.342824812578556 ], [ 337.494593327855625, 527.676646173447466 ], [ 347.572354719274699, 516.561468168201145 ], [ 353.796854403264319, 522.785967850261386 ], [ 356.909104243108402, 520.266527504945543 ], [ 370.247317847739112, 531.529907876640209 ], [ 348.165164211622482, 557.909930342172288 ], [ 336.457176716901472, 546.94295471235057 ], [ 326.379415325108425, 538.347217059401601 ], [ 330.973688898564887, 529.158669907746344 ] ] ] } },
{ "type": "Feature", "properties": { "feature_type": "building", "subtype": "minor-damage", "uid": "b8c0f18f-cc69-4868-82a3-8ca93ed0ee9c" }, "geometry": { "type": "Polygon", "coordinates": [ [ [ 373.063162941908104, 537.458002813835492 ], [ 382.103507718445826, 537.754407560695199 ], [ 381.80710297214722, 533.604741104658501 ], [ 393.663292844100624, 534.790360092097558 ], [ 395.441721323824595, 551.389025912254851 ], [ 401.814423378376375, 550.944418790967802 ], [ 408.335327808228215, 557.317120845460636 ], [ 405.815887462726721, 586.068381282878704 ], [ 404.48206610067399, 586.661190776598232 ], [ 389.365424014449218, 586.364786032730649 ], [ 377.064627023266212, 585.030964669866876 ], [ 376.471817532601392, 564.430834770094975 ], [ 373.211365314215811, 563.838025275378072 ], [ 373.063162941908104, 537.458002813835492 ] ] ] } },
{ "type": "Feature", "properties": { "feature_type": "building", "subtype": "minor-damage", "uid": "a03ba268-d5cf-471e-84f5-c5cf242d157b" }, "geometry": { "type": "Polygon", "coordinates": [ [ [ 415.004434610948692, 538.643621799279799 ], [ 416.190053597826193, 536.865193322110713 ], [ 419.005898693117217, 535.234967214381982 ], [ 426.860624481343677, 525.009003449714896 ], [ 430.417481446464308, 525.157205821150001 ], [ 433.085124163338492, 522.489563101406929 ], [ 441.680861819711481, 525.009003448717522 ], [ 440.791647582249482, 529.306872277186699 ], [ 456.501099160198692, 549.462395059661162 ], [ 454.278063558065924, 552.426442524269305 ], [ 457.093908652858204, 558.650942205332171 ], [ 438.124004859640308, 571.840953436602149 ], [ 424.785791254074525, 552.722847272126387 ], [ 422.266350907326228, 553.463859138278508 ], [ 415.004434610948692, 538.643621799279799 ] ] ] } },
{ "type": "Feature", "properties": { "feature_type": "building", "subtype": "minor-damage", "uid": "d77a4dea-b254-4b55-bb79-64daf27548e5" }, "geometry": { "type": "Polygon", "coordinates": [ [ [ 438.373341935503618, 489.736375347643673 ], [ 440.003568041423705, 487.957946869477325 ], [ 468.606626105085581, 488.402553987772194 ], [ 474.979328160385478, 490.773791959658183 ], [ 475.423935282170987, 493.737839427258507 ], [ 484.612482430019099, 495.66447028284432 ], [ 484.019672941037413, 500.851553349897983 ], [ 487.724732274787925, 501.740767590477276 ], [ 484.167875311412786, 528.861801919169352 ], [ 452.007960285622516, 526.638766315726343 ], [ 453.341781649607583, 506.63144591166872 ], [ 440.151770415102817, 506.483243540233616 ], [ 440.448175161214408, 494.923458417689574 ], [ 438.373341935503618, 489.736375347643673 ] ] ] } },
{ "type": "Feature", "properties": { "feature_type": "building", "subtype": "minor-damage", "uid": "9dc5bbcf-4f47-4bcf-b9b4-16a12f888c16" }, "geometry": { "type": "Polygon", "coordinates": [ [ [ 455.356325500946298, 411.443948685346982 ], [ 468.875064281060986, 401.304894598899978 ], [ 472.254748978660984, 405.167391397584026 ], [ 474.668809475904879, 403.236142999738092 ], [ 469.599282427697119, 395.993961506569178 ], [ 500.016444688830177, 378.129913833725425 ], [ 510.638310875979982, 396.235367553183096 ], [ 507.982844332184698, 399.856458304255796 ], [ 512.810965323991923, 409.995512387710619 ], [ 485.049269611641023, 425.445499566488479 ], [ 479.255524418417792, 420.858784621978373 ], [ 468.875064279440323, 428.100966111157788 ], [ 455.356325500946298, 411.443948685346982 ] ] ] } },
{ "type": "Feature", "properties": { "feature_type": "building", "subtype": "minor-damage", "uid": "e476fc64-77c4-491a-a861-249cfb25473d" }, "geometry": { "type": "Polygon", "coordinates": [ [ [ 436.043841521811316, 441.619704896079327 ], [ 444.010241161176225, 444.275171443740817 ], [ 455.839137597103672, 438.240020203589211 ], [ 471.047718730381973, 461.17359491816029 ], [ 442.561804863976874, 477.347800251740694 ], [ 433.388374979325022, 462.139219119576808 ], [ 435.802435473077992, 459.242346523306594 ], [ 432.664156827764373, 451.758758981529013 ], [ 437.250871771461675, 448.861886386256117 ], [ 435.802435475072798, 443.550953294922579 ], [ 436.043841521811316, 441.619704896079327 ] ] ] } },
{ "type": "Feature", "properties": { "feature_type": "building", "subtype": "minor-damage", "uid": "33b4e982-4e8a-4b3b-9f66-676e92c45151" }, "geometry": { "type": "Polygon", "coordinates": [ [ [ 482.635209111592019, 433.653305255089492 ], [ 499.292226541695527, 426.893935865122273 ], [ 520.053146813728631, 417.479099925498815 ], [ 521.984395213256676, 418.686130172531705 ], [ 528.502358552804253, 418.203318076311689 ], [ 530.433606951085494, 420.858784620981112 ], [ 537.917194489181497, 417.237693876889978 ], [ 541.538285236512138, 422.065814868014115 ], [ 518.604710515906049, 433.170493156874784 ], [ 528.743764604716603, 450.551728732501203 ], [ 510.396904826748084, 456.104067876432907 ], [ 502.671911235492985, 444.999389589566874 ], [ 489.153172454505579, 452.482977130347081 ], [ 482.635209111592019, 433.653305255089492 ] ] ] } },
{ "type": "Feature", "properties": { "feature_type": "building", "subtype": "minor-damage", "uid": "f289e9ea-38a1-42c1-b6ad-f72359a6cd2e" }, "geometry": { "type": "Polygon", "coordinates": [ [ [ 496.395353944990404, 469.62280665736489 ], [ 513.293777421645473, 464.553279614640076 ], [ 530.433606953953017, 464.553279614640076 ], [ 535.98594609588713, 479.761860740819714 ], [ 537.434382392587736, 479.761860740819714 ], [ 539.607036839477587, 490.866539029680496 ], [ 530.433606951459524, 490.866539030677927 ], [ 529.467982754594118, 496.660284222220923 ], [ 519.328928666344609, 502.212623364157821 ], [ 504.361753583856682, 504.385277812607228 ], [ 502.430505185887114, 488.21107248301638 ], [ 497.602384191898125, 472.761085300249022 ], [ 496.395353944990404, 469.62280665736489 ] ] ] } },
{ "type": "Feature", "properties": { "feature_type": "building", "subtype": "minor-damage", "uid": "c9f69e9a-dc51-43ea-b0cc-9c4e12a00da4" }, "geometry": { "type": "Polygon", "coordinates": [ [ [ 504.361753583295581, 513.317301649029105 ], [ 509.672686679737978, 513.558707696640454 ], [ 510.879716928702805, 508.730586706513805 ], [ 534.537509793576191, 502.212623364157821 ], [ 545.642188081371614, 503.178247562582101 ], [ 548.297654628346095, 503.419653609196075 ], [ 548.539060676580561, 516.214174242307195 ], [ 544.43515783153407, 516.214174244301944 ], [ 546.366406229753011, 523.939167833690817 ], [ 526.329704104605298, 525.146198083715944 ], [ 522.95001941286489, 519.111046842566907 ], [ 518.121898414699331, 520.55948313820852 ], [ 509.672686678117316, 520.800889187814619 ], [ 504.361753583295581, 513.317301649029105 ] ] ] } },
{ "type": "Feature", "properties": { "feature_type": "building", "subtype": "major-damage", "uid": "ac6b44f3-d586-4422-8fed-1e7ddb84a9fc" }, "geometry": { "type": "Polygon", "coordinates": [ [ [ 562.70156236814546, 1022.988975299700996 ], [ 555.615614404862981, 1018.410516932980954 ], [ 564.064826144873564, 1009.961305193775956 ], [ 569.858571334730527, 1003.443341851419973 ], [ 573.479662084554548, 996.683972461453209 ], [ 584.584340366053993, 989.924603071485876 ], [ 606.310884838069455, 1010.685523341596991 ], [ 589.848475531378995, 1022.988900469336954 ], [ 562.70156236814546, 1022.988975299700996 ] ] ] } },
{ "type": "Feature", "properties": { "feature_type": "building", "subtype": "major-damage", "uid": "4bd8b388-8c99-4201-b6df-326de7b77ec0" }, "geometry": { "type": "Polygon", "coordinates": [ [ [ 530.026573137282412, 995.959754312635027 ], [ 529.060948938983302, 997.166784560665292 ], [ 551.270305512329969, 968.439464648566855 ], [ 556.822644653453722, 969.646494899589243 ], [ 560.443735399288244, 963.611343654450707 ], [ 583.618716167443267, 983.406639728132518 ], [ 562.374983796821539, 1007.54724469871303 ], [ 551.511711558819115, 999.822251108326782 ], [ 540.889845376905555, 1006.823026547899985 ], [ 530.026573137282412, 995.959754312635027 ] ] ] } },
{ "type": "Feature", "properties": { "feature_type": "building", "subtype": "major-damage", "uid": "123065fd-5e12-4bf6-8cc2-304755ed7ba9" }, "geometry": { "type": "Polygon", "coordinates": [ [ [ 524.957046093438066, 993.304287765970912 ], [ 509.507058913982405, 979.061330836220691 ], [ 515.542210156312763, 973.991803794493308 ], [ 507.33440446952369, 965.783998105892238 ], [ 522.784391646859945, 948.402762525278945 ], [ 530.267979185766308, 941.643393138303736 ], [ 554.649990205067752, 963.128531556235998 ], [ 524.957046093438066, 993.304287765970912 ] ] ] } },
{ "type": "Feature", "properties": { "feature_type": "building", "subtype": "major-damage", "uid": "f92cfb65-9574-475e-92f4-ff3955e3f97d" }, "geometry": { "type": "Polygon", "coordinates": [ [ [ 478.365678503283277, 943.333235487540946 ], [ 494.539883834362001, 924.986375709500749 ], [ 506.610186317589012, 935.849647945763422 ], [ 510.955495210932384, 930.055902751228246 ], [ 522.30157954615197, 939.470738688856954 ], [ 500.092222976981816, 964.818373906470583 ], [ 480.779739000776488, 945.988702030215563 ], [ 478.365678503283277, 943.333235487540946 ] ] ] } },
{ "type": "Feature", "properties": { "feature_type": "building", "subtype": "major-damage", "uid": "3081a287-eedf-4d73-acc8-7e5411d4b505" }, "geometry": { "type": "Polygon", "coordinates": [ [ [ 465.056488169171018, 925.13503069258627 ], [ 464.299896342363127, 924.189290909917645 ], [ 467.704559561252779, 918.325704250190483 ], [ 466.380523865492421, 915.299336944453785 ], [ 460.327789250718297, 910.003194156921154 ], [ 468.650299344170378, 900.92409223871357 ], [ 473.000702347598519, 903.38301567325334 ], [ 476.783661483881588, 899.410908585845277 ], [ 482.647248141548573, 893.92561784157931 ], [ 500.238008111806778, 912.46211759146081 ], [ 484.538727709066791, 928.539693911789414 ], [ 485.484467489366182, 931.944357130992557 ], [ 472.811554391301684, 942.536642703065809 ], [ 464.489044297787188, 933.079244870394518 ], [ 466.947967733198311, 930.998617346329183 ], [ 465.056488169171018, 925.13503069258627 ] ] ] } },
{ "type": "Feature", "properties": { "feature_type": "building", "subtype": "major-damage", "uid": "ae365f85-9881-45ed-9505-a45759a85a9b" }, "geometry": { "type": "Polygon", "coordinates": [ [ [ 443.361119669539676, 866.480083574126979 ], [ 443.119713618874073, 858.996496038333703 ], [ 461.70797944370571, 855.616811339859169 ], [ 477.640778725365408, 859.23790208195544 ], [ 478.606402923228075, 890.379282493106757 ], [ 468.950160936185227, 888.206628045654838 ], [ 467.501724636866527, 893.517561135990945 ], [ 453.258767708308028, 893.758967189586542 ], [ 450.844707211562877, 889.413658292687728 ], [ 434.911907930651182, 888.448034097255572 ], [ 435.636126079032692, 867.204301723942649 ], [ 443.361119669539676, 866.480083574126979 ] ] ] } },
{ "type": "Feature", "properties": { "feature_type": "building", "subtype": "major-damage", "uid": "0d4f61ea-3109-49c8-8d1e-c11963dcc15b" }, "geometry": { "type": "Polygon", "coordinates": [ [ [ 434.937078210609798, 824.513890470702677 ], [ 440.248011307114496, 824.513890470702677 ], [ 439.523793157735611, 820.651393675010809 ], [ 479.597197402732604, 820.892799725614282 ], [ 479.838603456702117, 853.482616431409838 ], [ 446.524568596494987, 853.724022480018562 ], [ 446.372888426028794, 843.239046159217082 ], [ 439.374414033074686, 841.536714552607691 ], [ 439.752709944795527, 838.69949520260684 ], [ 436.348046724721428, 837.186311544751561 ], [ 434.937078210609798, 824.513890470702677 ] ] ] } },
{ "type": "Feature", "properties": { "feature_type": "building", "subtype": "major-damage", "uid": "0745cd6b-1f89-45a5-8a2c-f63430ad1d64" }, "geometry": { "type": "Polygon", "coordinates": [ [ [ 436.069295782726783, 785.272163534290826 ], [ 448.863816419010618, 784.306539332874422 ], [ 449.105222468554189, 782.858103032245936 ], [ 470.107548788323186, 783.58232118605099 ], [ 479.039572627234008, 785.996381682111746 ], [ 478.315354477356379, 816.654949989063994 ], [ 448.622410367347527, 816.413543937463146 ], [ 449.346628514606891, 809.412768497889829 ], [ 442.104447024683225, 807.240114054427295 ], [ 442.345853077592892, 803.136211209129442 ], [ 434.86226553756461, 803.136211209129442 ], [ 436.069295782726783, 785.272163534290826 ] ] ] } },
{ "type": "Feature", "properties": { "feature_type": "building", "subtype": "major-damage", "uid": "a6058377-7b23-4754-8860-93d7cde1c775" }, "geometry": { "type": "Polygon", "coordinates": [ [ [ 437.340329710056778, 757.862503842474894 ], [ 441.69073271018101, 757.2950599732726 ], [ 446.986875497212282, 747.08107031366842 ], [ 447.932615280005223, 746.324478487732904 ], [ 474.602477172331078, 755.403580405940374 ], [ 472.710997604376587, 779.803666812556799 ], [ 437.907773576702994, 780.371110686745965 ], [ 437.340329707314027, 769.022233286742562 ], [ 436.394589922900423, 759.753983410804381 ], [ 437.340329710056778, 757.862503842474894 ] ] ] } },
{ "type": "Feature", "properties": { "feature_type": "building", "subtype": "major-damage", "uid": "becfc17c-a798-45d0-91f8-1b66b42a32b4" }, "geometry": { "type": "Polygon", "coordinates": [ [ [ 449.841838596101525, 699.753534174568131 ], [ 482.914467402463686, 719.790236292869054 ], [ 475.67228591260232, 731.860538780154116 ], [ 477.844940358307781, 734.274599278209621 ], [ 472.534007270156224, 744.65505941226786 ], [ 444.530905501404618, 727.515229886247539 ], [ 438.73716031098661, 724.376951241368715 ], [ 443.565281306783277, 710.616806409833316 ], [ 446.944965999271801, 703.374624917661663 ], [ 449.841838596101525, 699.753534174568131 ] ] ] } },
{ "type": "Feature", "properties": { "feature_type": "building", "subtype": "major-damage", "uid": "bebbc265-cd2b-4f78-8e52-88efbe804c02" }, "geometry": { "type": "Polygon", "coordinates": [ [ [ 478.569158509556814, 688.166043789487276 ], [ 493.053521490588707, 679.958238100886206 ], [ 498.847266685120815, 684.78635909201023 ], [ 504.39960582487322, 684.303546992798033 ], [ 510.434757066206203, 681.406674395530445 ], [ 517.67693855781306, 692.269946633787868 ], [ 528.781616845421354, 710.858212455449802 ], [ 500.537109031115676, 726.308199638217161 ], [ 485.811340000851885, 705.547279362121571 ], [ 486.052746049772225, 701.926188617033176 ], [ 478.569158509556814, 688.166043789487276 ] ] ] } },
{ "type": "Feature", "properties": { "feature_type": "building", "subtype": "major-damage", "uid": "6da491ad-0b63-4c4d-9bec-9de5b90016d4" }, "geometry": { "type": "Polygon", "coordinates": [ [ [ 521.238957651345572, 661.920291233396938 ], [ 527.274108892117624, 655.643733942641802 ], [ 534.757696431709633, 654.436703694611424 ], [ 536.688944834042786, 659.264824687730197 ], [ 540.068629528713018, 658.540606538912016 ], [ 553.104556208244389, 687.026520401404468 ], [ 532.34363593932801, 699.096822884699918 ], [ 517.135054804740776, 670.36950297459623 ], [ 521.721769750993872, 667.714036430924239 ], [ 521.238957650659927, 665.058569880270625 ], [ 521.238957651345572, 661.920291233396938 ] ] ] } },
{ "type": "Feature", "properties": { "feature_type": "building", "subtype": "major-damage", "uid": "2c665348-1195-41b1-bb93-65eee5247053" }, "geometry": { "type": "Polygon", "coordinates": [ [ [ 542.96550212286229, 652.505455298760239 ], [ 548.035029165958576, 646.95311615582591 ], [ 552.380338060984968, 647.435928253043357 ], [ 548.276435216250206, 644.056243560553185 ], [ 567.106107090189084, 636.572656017778172 ], [ 583.521718468816516, 665.541381977487958 ], [ 574.106882531379597, 671.335127172023135 ], [ 577.486567228979652, 679.542932862618954 ], [ 562.036580046905783, 686.543708301194897 ], [ 542.96550212286229, 652.505455298760239 ] ] ] } },
{ "type": "Feature", "properties": { "feature_type": "building", "subtype": "major-damage", "uid": "4b893d9a-c779-4cd3-ac6a-b39b64f6792e" }, "geometry": { "type": "Polygon", "coordinates": [ [ [ 574.701118296279333, 635.515315521720936 ], [ 579.24066925606644, 628.327693170845578 ], [ 584.725960000017835, 629.084284994786231 ], [ 588.130623219094559, 631.732356388053972 ], [ 591.724434396400511, 630.975764561121082 ], [ 595.696541485240232, 637.785091001522119 ], [ 600.236092444591009, 637.028499174589228 ], [ 601.749276098144264, 642.324641960127224 ], [ 606.856270933491714, 641.568050136186457 ], [ 611.963265761608113, 651.592891837062666 ], [ 607.234566841784044, 653.673519361128001 ], [ 611.963265761047069, 660.482845799534289 ], [ 608.369454583117772, 662.563473324597112 ], [ 609.504342325386574, 666.157284501530853 ], [ 597.58802105363111, 669.372799764998149 ], [ 585.6716997811277, 650.647152056388677 ], [ 582.267036561863961, 651.592891837062666 ], [ 574.701118296279333, 635.515315521720936 ] ] ] } },
{ "type": "Feature", "properties": { "feature_type": "building", "subtype": "major-damage", "uid": "b89b7f72-555d-4515-8e87-8e2d34a52f4d" }, "geometry": { "type": "Polygon", "coordinates": [ [ [ 509.505950096675519, 763.401269788357922 ], [ 499.646683208270417, 759.704044702173064 ], [ 502.727704110160573, 746.76375691448925 ], [ 515.667991906440193, 751.077186176053146 ], [ 518.132808625035068, 748.612369453592123 ], [ 536.310831951928662, 752.617696625970439 ], [ 533.537913138538102, 762.785065604999886 ], [ 545.861996753579433, 766.482290686197871 ], [ 540.008057034807848, 787.125130737431732 ], [ 507.041133375587208, 776.033455486856155 ], [ 509.50595009673782, 765.249882327460796 ], [ 509.505950096675519, 763.401269788357922 ] ] ] } },
{ "type": "Feature", "properties": { "feature_type": "building", "subtype": "major-damage", "uid": "68a42aff-2a2a-4846-af64-52f5b684f488" }, "geometry": { "type": "Polygon", "coordinates": [ [ [ 500.262887387451599, 819.475850214620209 ], [ 507.965439646135621, 816.702931404968467 ], [ 507.349235468949075, 813.930012591327227 ], [ 534.154117320275077, 803.762643611300405 ], [ 540.31615912623738, 803.76264361030303 ], [ 545.245792574772281, 814.238114679515434 ], [ 534.770321501825038, 819.78395230580054 ], [ 542.164771668019739, 835.805261002295538 ], [ 528.608279696236877, 843.199711167683631 ], [ 523.986748339567839, 837.961975632578742 ], [ 504.576316652130117, 843.507813258863962 ], [ 497.181866485561386, 822.864973211619599 ], [ 500.262887387451599, 819.475850214620209 ] ] ] } },
{ "type": "Feature", "properties": { "feature_type": "building", "subtype": "major-damage", "uid": "16afddd6-6654-4958-a1fb-149507b830c6" }, "geometry": { "type": "Polygon", "coordinates": [ [ [ 539.548883011052681, 861.710242273631252 ], [ 552.600092017846009, 865.11490549582652 ], [ 555.81560728212196, 859.629614749565803 ], [ 558.274530720587563, 832.203161037212681 ], [ 569.623408118777547, 833.905492643822186 ], [ 571.704035643278189, 831.068273293821335 ], [ 590.429683354184476, 836.364416080356591 ], [ 581.539729389971967, 869.276160540965066 ], [ 560.733454156310358, 866.438941186974716 ], [ 554.491571584803182, 882.516517508300808 ], [ 535.387627962113697, 878.355262460170024 ], [ 539.548883011052681, 861.710242273631252 ] ] ] } },
{ "type": "Feature", "properties": { "feature_type": "building", "subtype": "major-damage", "uid": "1069ef87-72e1-4c6f-a28e-eba8755f5f62" }, "geometry": { "type": "Polygon", "coordinates": [ [ [ 599.319637317399611, 835.040380382226658 ], [ 609.1553310629713, 830.500829421626918 ], [ 607.263851497073915, 825.961278464019188 ], [ 619.93676459470214, 818.206212239952038 ], [ 624.85461146739442, 816.314732672619925 ], [ 637.716672524436262, 841.282262949435903 ], [ 612.559994282733783, 855.657507659165617 ], [ 601.211116882860779, 837.121007907289481 ], [ 599.319637317399611, 835.040380382226658 ] ] ] } },
{ "type": "Feature", "properties": { "feature_type": "building", "subtype": "major-damage", "uid": "f90607d7-9767-4f4f-ba3d-4570722cfe10" }, "geometry": { "type": "Polygon", "coordinates": [ [ [ 623.350027238216285, 805.41658460527151 ], [ 634.213299472790254, 796.001748670634811 ], [ 640.489856763292892, 795.518936570425353 ], [ 641.455480963773766, 797.208778917667814 ], [ 647.973444307684758, 796.001748670634811 ], [ 651.111722951377715, 800.588463613150111 ], [ 661.009370988151204, 797.45018496527905 ], [ 674.528109773065808, 824.970474630344597 ], [ 647.732038255523094, 838.730619461879996 ], [ 632.282051073823254, 817.728293140167807 ], [ 634.696111573311214, 816.038450792925346 ], [ 624.79846353678704, 807.589239053720803 ], [ 623.350027238216285, 805.41658460527151 ] ] ] } },
{ "type": "Feature", "properties": { "feature_type": "building", "subtype": "major-damage", "uid": "5cb3bc32-551d-4d8d-9817-fd3ee48e81ca" }, "geometry": { "type": "Polygon", "coordinates": [ [ [ 541.980047572616513, 720.881563958192032 ], [ 553.776798085384144, 716.5560887702934 ], [ 551.417447985723015, 710.657713512254645 ], [ 566.359998636400633, 705.152563270753603 ], [ 583.268674377557545, 738.96991474784852 ], [ 556.136148189471214, 747.620865129629919 ], [ 541.980047572616513, 720.881563958192032 ] ] ] } },
{ "type": "Feature", "properties": { "feature_type": "building", "subtype": "major-damage", "uid": "ee3df4b2-e366-4057-9ecb-c302ef38debd" }, "geometry": { "type": "Polygon", "coordinates": [ [ [ 573.831273963328954, 704.759338252221141 ], [ 587.200924550100808, 697.681287941577352 ], [ 589.953499668231871, 702.399988151000457 ], [ 598.604450050133551, 698.074512960109701 ], [ 612.760550669169902, 724.420589110023116 ], [ 604.10960029082139, 729.925739350526783 ], [ 610.401200564646615, 740.149589797461545 ], [ 595.065424895810793, 746.834415091567735 ], [ 573.831273963328954, 704.759338252221141 ] ] ] } },
{ "type": "Feature", "properties": { "feature_type": "building", "subtype": "major-damage", "uid": "619d83a4-6e80-44ef-baeb-c89f5fc955bf" }, "geometry": { "type": "Polygon", "coordinates": [ [ [ 605.682500360275071, 695.321937842351304 ], [ 621.411501046957369, 689.030337561790702 ], [ 624.950526201404841, 694.928712822821581 ], [ 643.03887699229881, 688.243887531707514 ], [ 650.903377335827031, 705.939013301834166 ], [ 641.465976922969844, 712.230613578405382 ], [ 645.00500208084577, 720.095113921127108 ], [ 627.309876305180182, 728.35283928238141 ], [ 605.682500360275071, 695.321937842351304 ] ] ] } },
{ "type": "Feature", "properties": { "feature_type": "building", "subtype": "major-damage", "uid": "4d16bc34-7a86-49ea-94cd-6ec3c4ea183e" }, "geometry": { "type": "Polygon", "coordinates": [ [ [ 656.01530256047613, 780.651766567665163 ], [ 661.913677819384588, 775.933066362231557 ], [ 667.025603041415593, 770.42791612172789 ], [ 675.67655342051205, 770.427916120730515 ], [ 678.035903524474406, 772.394041206410975 ], [ 685.113953832870607, 770.821141137268228 ], [ 700.056504488535097, 798.740117359316514 ], [ 685.900403871618096, 808.570742785723951 ], [ 682.754603730217241, 807.391067736110926 ], [ 676.463003455644071, 813.289442995147056 ], [ 656.01530256047613, 780.651766567665163 ] ] ] } },
{ "type": "Feature", "properties": { "feature_type": "building", "subtype": "major-damage", "uid": "55693efd-71bf-4294-b8f3-47e706f6b90b" }, "geometry": { "type": "Polygon", "coordinates": [ [ [ 581.996950208758562, 889.633660307714422 ], [ 600.585216031782466, 891.323502653959508 ], [ 598.895373689029043, 902.669586989434265 ], [ 608.068803573057608, 902.186774889224694 ], [ 627.381287548888849, 904.359429333684602 ], [ 624.484414952495513, 915.46410762154801 ], [ 630.278160147713379, 917.636762069997303 ], [ 627.139881500404954, 936.949246043469657 ], [ 594.308658739783823, 933.086749249772538 ], [ 598.171155538154153, 914.981295521338438 ], [ 592.618816392479857, 914.015671323911533 ], [ 594.550064790511783, 909.911768481605804 ], [ 578.375859463671986, 906.773489833734743 ], [ 581.996950208758562, 889.633660307714422 ] ] ] } },
{ "type": "Feature", "properties": { "feature_type": "building", "subtype": "major-damage", "uid": "5a80431a-cc5e-47fb-80be-b036ca3a0010" }, "geometry": { "type": "Polygon", "coordinates": [ [ [ 624.725821004594877, 878.046169921636192 ], [ 647.900801773373132, 859.940716193202093 ], [ 663.592195000315428, 878.770388067462363 ], [ 657.074231659209431, 886.012569557639154 ], [ 659.005480057864816, 887.219599806666793 ], [ 641.141432379295111, 897.600059946709393 ], [ 624.725821004594877, 878.046169921636192 ] ] ] } },
{ "type": "Feature", "properties": { "feature_type": "building", "subtype": "major-damage", "uid": "6bd6fe80-fb63-47f3-bf7e-4769a5184409" }, "geometry": { "type": "Polygon", "coordinates": [ [ [ 661.178134503133833, 853.422752851843484 ], [ 667.213285745526605, 851.732910503603648 ], [ 665.040631303000282, 848.836037910325558 ], [ 669.144534147672744, 845.456353211851138 ], [ 671.558594640927026, 847.870413709906529 ], [ 684.35311527752242, 840.869638270333212 ], [ 701.492944802661327, 872.493830775709739 ], [ 699.561696405439761, 875.632109421586051 ], [ 702.458568999776048, 879.977418315492628 ], [ 693.526545162361344, 888.668036106298018 ], [ 684.835927375051256, 875.390703372977327 ], [ 676.628121684646658, 878.287575969247541 ], [ 661.178134503133833, 853.422752851843484 ] ] ] } },
{ "type": "Feature", "properties": { "feature_type": "building", "subtype": "major-damage", "uid": "dca7bc74-b15e-4a94-b5da-7f9547457cbf" }, "geometry": { "type": "Polygon", "coordinates": [ [ [ 703.21837616233563, 845.804803991823633 ], [ 715.771490744836797, 842.183713245737863 ], [ 711.426181853612889, 833.73450150653332 ], [ 721.806641985733449, 827.21653816716946 ], [ 740.153501766070804, 859.564948825353781 ], [ 729.048823477963651, 866.08291216671239 ], [ 721.806641987354283, 860.047760924565864 ], [ 712.874618151809614, 863.910257718262983 ], [ 703.942594311714402, 848.94308263969458 ], [ 703.21837616233563, 845.804803991823633 ] ] ] } },
{ "type": "Feature", "properties": { "feature_type": "building", "subtype": "major-damage", "uid": "789e55ae-2af0-4b5b-8662-1e2cf77e4090" }, "geometry": { "type": "Polygon", "coordinates": [ [ [ 711.995533543321812, 997.628026260463002 ], [ 726.370778248680608, 990.251255950859672 ], [ 734.125844474364499, 1005.761388395004019 ], [ 719.75059976489149, 1013.516454617076988 ], [ 711.995533543321812, 997.628026260463002 ] ] ] } },
{ "type": "Feature", "properties": { "feature_type": "building", "subtype": "major-damage", "uid": "7a667aa5-d498-4f1c-9c5e-f9e9a92197db" }, "geometry": { "type": "Polygon", "coordinates": [ [ [ 683.24504412506144, 973.6062357643209 ], [ 691.000110350059686, 972.660495979657412 ], [ 691.945850131855195, 969.066684803721046 ], [ 700.646656143511109, 969.823276628659187 ], [ 700.835804096940478, 971.525608241252939 ], [ 708.401722363023737, 971.903904152724522 ], [ 710.293201929232964, 1003.49161291520295 ], [ 699.322620443885853, 1004.626500656600001 ], [ 699.133472487339759, 1008.409459790266965 ], [ 686.082263476868661, 1007.842015922062046 ], [ 682.299304342455571, 975.119419415194443 ], [ 683.24504412506144, 973.6062357643209 ] ] ] } },
{ "type": "Feature", "properties": { "feature_type": "building", "subtype": "major-damage", "uid": "32510e4f-c6f8-47ec-9d13-943d39af5bad" }, "geometry": { "type": "Polygon", "coordinates": [ [ [ 644.658860966902012, 979.28067446631735 ], [ 655.25114653859589, 979.091526507589379 ], [ 658.655809758233545, 977.200046940257266 ], [ 659.979845455490135, 970.769016417312173 ], [ 667.545763720825448, 972.09305210846037 ], [ 668.113207592832509, 973.795383720056748 ], [ 677.381457468765916, 975.119419415194443 ], [ 676.057421773067745, 983.252781551730664 ], [ 678.705493165897678, 985.144261122055013 ], [ 678.327197251371786, 997.628026263455126 ], [ 644.469713006304119, 989.872960038390602 ], [ 644.658860966902012, 979.28067446631735 ] ] ] } },
{ "type": "Feature", "properties": { "feature_type": "building", "subtype": "major-damage", "uid": "adbfb524-85c9-4abe-aad6-752dd13128df" }, "geometry": { "type": "Polygon", "coordinates": [ [ [ 591.697433095716406, 966.60776136718664 ], [ 606.640121673518706, 952.799960530648718 ], [ 608.720749196959673, 953.556552359576358 ], [ 615.340927678878643, 950.908480967306105 ], [ 618.745590900324146, 955.637179880649569 ], [ 622.528550034300906, 954.691440100973068 ], [ 624.041733685547683, 955.826327839377541 ], [ 628.01384078012245, 953.745700316309581 ], [ 642.199937526316944, 965.094577715315609 ], [ 638.227830437040893, 969.066684803721046 ], [ 640.119310003125406, 971.336460284519717 ], [ 612.125412415475353, 993.466771214326968 ], [ 591.697433095716406, 966.60776136718664 ] ] ] } },
{ "type": "Feature", "properties": { "feature_type": "building", "subtype": "major-damage", "uid": "a607c439-3eeb-426d-968f-ab7d7172e33f" }, "geometry": { "type": "Polygon", "coordinates": [ [ [ 713.988501801082521, 949.841384993192037 ], [ 723.23156450812462, 944.295547369898941 ], [ 723.231564509932468, 942.138832733631489 ], [ 736.171852301038143, 932.895770028143033 ], [ 754.349875629053713, 964.938387417143304 ], [ 744.798710833137875, 968.94371458752687 ], [ 746.647323372925598, 970.79232713161673 ], [ 729.393606315894658, 978.494879386190405 ], [ 724.463972871723286, 965.554591597509216 ], [ 720.150543606421479, 964.630285324965598 ], [ 713.988501801082521, 949.841384993192037 ] ] ] } },
{ "type": "Feature", "properties": { "feature_type": "building", "subtype": "major-damage", "uid": "a8c1a0a0-a1a1-4ca7-8f58-598834a1ed26" }, "geometry": { "type": "Polygon", "coordinates": [ [ [ 741.717689926011417, 931.355259577228253 ], [ 747.879731734217785, 929.198544941958176 ], [ 746.647323373112613, 925.501319859762702 ], [ 755.582283989348525, 913.177236249452676 ], [ 762.360529975863301, 915.333950881730743 ], [ 764.825346699819079, 913.485338339635632 ], [ 767.906367600524959, 911.636725797540635 ], [ 783.003370025715299, 941.830730642451158 ], [ 777.765634490114394, 947.684670359916595 ], [ 781.462859576858477, 951.99809962546999 ], [ 761.128121615443888, 959.392549788863334 ], [ 752.501263087957, 943.063139008169742 ], [ 749.420242183760251, 943.987445274729112 ], [ 741.717689926011417, 931.355259577228253 ] ] ] } },
{ "type": "Feature", "properties": { "feature_type": "building", "subtype": "major-damage", "uid": "6039bc67-1444-4afe-a844-5632086a29de" }, "geometry": { "type": "Polygon", "coordinates": [ [ [ 857.579995440207995, 880.230002359141167 ], [ 857.195069795570589, 880.419537581238387 ], [ 862.124703241362795, 891.203110742628496 ], [ 840.557556919341664, 900.446173450111701 ], [ 838.708944377060561, 895.516540006187142 ], [ 831.930698393974239, 896.748948368913716 ], [ 825.152452407646365, 886.889681482061974 ], [ 819.606614779680967, 878.262822949957808 ], [ 844.870986187136964, 863.473922619181621 ], [ 845.949995442767431, 862.180002359252967 ], [ 857.579995440207995, 880.230002359141167 ] ] ] } },
{ "type": "Feature", "properties": { "feature_type": "building", "subtype": "major-damage", "uid": "6c60467b-948b-4be1-9c4e-d853afc678b6" }, "geometry": { "type": "Polygon", "coordinates": [ [ [ 872.292072220262298, 873.025087414852919 ], [ 858.02999544042757, 880.010002358820429 ], [ 846.279995439944628, 861.780002359667151 ], [ 846.411496635495155, 861.625310075091761 ], [ 862.740907421665952, 856.387574538989497 ], [ 872.292072220262298, 873.025087414852919 ] ] ] } },
{ "type": "Feature", "properties": { "feature_type": "building", "subtype": "major-damage", "uid": "8ff90c3d-7d23-4af6-8444-4b5c1decf416" }, "geometry": { "type": "Polygon", "coordinates": [ [ [ 846.103394544564367, 926.634851122643909 ], [ 853.18974262063864, 925.710544851097666 ], [ 849.800619629001858, 920.472809316990151 ], [ 859.967988607465145, 920.164707226807195 ], [ 854.422150983115216, 907.840623613505045 ], [ 866.746234593356576, 906.916317343953551 ], [ 869.211051316065664, 908.456827795865706 ], [ 885.848564192045274, 902.294785989214574 ], [ 891.394401821070346, 926.942953212826865 ], [ 867.670540866959414, 934.029301288032002 ], [ 869.211051319307103, 938.95893473395131 ], [ 852.57353844039767, 946.045282811151196 ], [ 846.103394544564367, 926.634851122643909 ] ] ] } },
{ "type": "Feature", "properties": { "feature_type": "building", "subtype": "major-damage", "uid": "42ebf7ff-4d25-4473-a6ab-ada5bfdaad95" }, "geometry": { "type": "Polygon", "coordinates": [ [ [ 858.427478155678386, 946.353384901334152 ], [ 892.934912270550626, 945.120976537610204 ], [ 894.167320632216843, 945.737180719970866 ], [ 894.475422722898315, 946.045282810153822 ], [ 897.556443626845635, 946.045282811151196 ], [ 902.48607706758844, 967.612429131936551 ], [ 895.091626900770393, 967.304327037764097 ], [ 895.091626900583378, 972.850164665046691 ], [ 875.681195213893716, 977.471696018788293 ], [ 858.427478157112205, 973.466368844415229 ], [ 858.427478155678386, 946.353384901334152 ] ] ] } },
{ "type": "Feature", "properties": { "feature_type": "building", "subtype": "major-damage", "uid": "51403271-3ec3-4908-bac1-994bb5f354d5" }, "geometry": { "type": "Polygon", "coordinates": [ [ [ 868.079763158306378, 983.992452035697738 ], [ 898.75131450152594, 981.239876911955093 ], [ 903.076789693349383, 1007.979178081398004 ], [ 878.303613607542275, 1011.518203237219041 ], [ 873.191688382145117, 1007.192728046328057 ], [ 866.900088106512271, 1007.192728049319953 ], [ 865.720413056899815, 995.395977531248036 ], [ 865.720413059206294, 988.317927221601622 ], [ 868.079763158306378, 983.992452035697738 ] ] ] } },
{ "type": "Feature", "properties": { "feature_type": "building", "subtype": "major-damage", "uid": "7497f9ca-3bfc-4998-b865-b523ada50d5d" }, "geometry": { "type": "Polygon", "coordinates": [ [ [ 878.855584908575111, 1022.986185825737039 ], [ 881.915797213164069, 1020.978957449169002 ], [ 881.159205383551125, 1016.817702402036048 ], [ 893.0755266541845, 1015.304518749167983 ], [ 910.098842755552369, 1019.087477879842027 ], [ 909.11586951286688, 1022.98569879253796 ], [ 878.855584908575111, 1022.986185825737039 ] ] ] } },
{ "type": "Feature", "properties": { "feature_type": "building", "subtype": "major-damage", "uid": "40076375-a177-476f-96b5-0c3460c0950a" }, "geometry": { "type": "Polygon", "coordinates": [ [ [ 956.583717122805524, 1022.984857355623035 ], [ 951.983495809388955, 1012.766781131482958 ], [ 972.020197931856273, 1011.076938786235019 ], [ 974.52246985141403, 1022.984514735941048 ], [ 956.583717122805524, 1022.984857355623035 ] ] ] } },
{ "type": "Feature", "properties": { "feature_type": "building", "subtype": "major-damage", "uid": "f2fea5a7-33fe-41a3-8ddc-1f74b768d86d" }, "geometry": { "type": "Polygon", "coordinates": [ [ [ 949.569435310275026, 1010.11131458581599 ], [ 950.052247410047926, 1009.62850248660402 ], [ 946.43115666334063, 997.316793953702131 ], [ 943.534284069378373, 996.109763707666502 ], [ 941.603035671284147, 977.038685778813374 ], [ 972.02019793054717, 972.451970837295448 ], [ 974.917070530556089, 992.730079010189456 ], [ 968.640513236437982, 995.144139507247473 ], [ 969.847543487272901, 1007.938660136368981 ], [ 949.569435310275026, 1010.11131458581599 ] ] ] } },
{ "type": "Feature", "properties": { "feature_type": "building", "subtype": "major-damage", "uid": "f5d181a0-f769-4d30-ae4f-09dab136fd58" }, "geometry": { "type": "Polygon", "coordinates": [ [ [ 925.428830341140497, 946.380117470863638 ], [ 930.981169484757743, 945.414493272439358 ], [ 930.739763433593339, 940.344966229714601 ], [ 939.671787275932616, 938.41371783486079 ], [ 940.154599372588677, 940.103560181105877 ], [ 956.570210749782518, 939.379342032287695 ], [ 959.467083349230393, 953.863705010646527 ], [ 971.778791880317954, 952.415268714007539 ], [ 974.192852380678573, 969.072286142810412 ], [ 937.499132827546646, 975.831655532777745 ], [ 930.739763437084207, 979.694152329466988 ], [ 929.291327138762767, 972.210564788686725 ], [ 925.670236390746481, 971.727752687479779 ], [ 925.428830341888556, 950.725426366765078 ], [ 925.428830341140497, 946.380117470863638 ] ] ] } },
{ "type": "Feature", "properties": { "feature_type": "building", "subtype": "major-damage", "uid": "b097402d-ac62-45ce-8156-1cdc5a712e80" }, "geometry": { "type": "Polygon", "coordinates": [ [ [ 942.527164795765316, 894.111881273119479 ], [ 944.699819245647291, 894.353287321728089 ], [ 946.631067641871482, 897.00875386739483 ], [ 949.769346288182533, 895.801723619364566 ], [ 959.184182227115571, 910.768898697932855 ], [ 957.011527781223094, 912.941553144387512 ], [ 962.081054819768724, 924.287637479862155 ], [ 954.356061233936884, 929.115758476970427 ], [ 931.663892560505701, 937.323564163576748 ], [ 917.662341679495967, 910.286086600715521 ], [ 924.421711070083234, 904.00952931095776 ], [ 924.421711073324673, 903.285311165131702 ], [ 942.527164795765316, 894.111881273119479 ] ] ] } },
{ "type": "Feature", "properties": { "feature_type": "building", "subtype": "major-damage", "uid": "69383101-7a5e-4d64-813e-78793fb27b6c" }, "geometry": { "type": "Polygon", "coordinates": [ [ [ 936.4920135528115, 857.418161719033833 ], [ 938.664668001384484, 859.108004073257916 ], [ 951.700594687648163, 883.007202986253446 ], [ 941.802946650188915, 887.59391793176087 ], [ 941.802946648069565, 891.21500867784664 ], [ 924.904523169232789, 899.181408316841612 ], [ 924.904523169980848, 894.836099422935035 ], [ 908.971723892871637, 868.764246056503225 ], [ 920.317808225597787, 861.280658517717825 ], [ 927.318583664918151, 862.729094815354188 ], [ 936.4920135528115, 857.418161719033833 ] ] ] } },
{ "type": "Feature", "properties": { "feature_type": "building", "subtype": "major-damage", "uid": "8f36fd0c-df24-4d6e-a3ee-c910bbb0c514" }, "geometry": { "type": "Polygon", "coordinates": [ [ [ 893.763142759718107, 833.760368855644401 ], [ 911.144378338764113, 824.345532916020829 ], [ 921.524838472879424, 840.278332195008261 ], [ 915.97249933406215, 843.175204792275736 ], [ 923.214680824297602, 855.245507277566048 ], [ 904.626414994479092, 865.14315531141483 ], [ 888.210803615664531, 836.174429351705044 ], [ 893.763142759718107, 833.760368855644401 ] ] ] } },
{ "type": "Feature", "properties": { "feature_type": "building", "subtype": "major-damage", "uid": "5499056f-308a-4caa-bfec-33756b0152c0" }, "geometry": { "type": "Polygon", "coordinates": [ [ [ 986.515324128426755, 825.141150162963299 ], [ 1010.655929098994989, 812.829441627069627 ], [ 1020.553577134583975, 829.486459053877752 ], [ 1017.173892439040969, 832.866143749360162 ], [ 1022.430299572440958, 841.48665204728286 ], [ 1022.430302561460962, 843.403853603695893 ], [ 1005.586402055150984, 857.248154768549398 ], [ 1000.516875013051958, 845.177852282261711 ], [ 995.205941919477027, 848.074724880526674 ], [ 986.032512033017383, 832.866143752352286 ], [ 986.273918080192175, 828.279428804850113 ], [ 986.515324128426755, 825.141150162963299 ] ] ] } },
{ "type": "Feature", "properties": { "feature_type": "building", "subtype": "major-damage", "uid": "7f06a96a-863e-4605-985d-b848bc615251" }, "geometry": { "type": "Polygon", "coordinates": [ [ [ 985.06688783060406, 822.002871518084476 ], [ 983.377045484983228, 821.520059419869654 ], [ 974.686427698919829, 808.484132735157687 ], [ 966.961434103862302, 796.896642352071694 ], [ 969.858306701003698, 792.309927405566896 ], [ 968.892682502579987, 791.102897157536518 ], [ 978.790330542033871, 781.929467271508543 ], [ 982.411421285749043, 783.136497518541546 ], [ 987.722354381692753, 779.756812822061875 ], [ 1008.72468070090099, 807.0356964345292 ], [ 985.06688783060406, 822.002871518084476 ] ] ] } },
{ "type": "Feature", "properties": { "feature_type": "building", "subtype": "major-damage", "uid": "55626018-f58d-4e55-bc44-7a463b1522da" }, "geometry": { "type": "Polygon", "coordinates": [ [ [ 998.19580913315076, 679.199416493256308 ], [ 1008.363178108248007, 689.366785471288381 ], [ 998.503911222585543, 700.766562811049539 ], [ 988.952746421371103, 690.599193834014955 ], [ 998.19580913315076, 679.199416493256308 ] ] ] } },
{ "type": "Feature", "properties": { "feature_type": "building", "subtype": "major-damage", "uid": "b52f52d6-235f-4c0b-a7fb-a7326b4bfcb5" }, "geometry": { "type": "Polygon", "coordinates": [ [ [ 967.077498009167243, 703.84758371587111 ], [ 973.239539815441162, 697.069337731846304 ], [ 979.401581621777382, 695.220725187756443 ], [ 989.877052690361097, 705.696196258963596 ], [ 979.709683714827634, 712.474442241991028 ], [ 967.077498009167243, 703.84758371587111 ] ] ] } },
{ "type": "Feature", "properties": { "feature_type": "building", "subtype": "major-damage", "uid": "f4dc790b-a3ae-4f84-a357-e2225ec07c14" }, "geometry": { "type": "Polygon", "coordinates": [ [ [ 949.760591018080731, 717.813536567682149 ], [ 960.865269304380035, 709.122918778871508 ], [ 972.694165742676319, 720.227597060750668 ], [ 959.658239057098399, 733.263523747457384 ], [ 949.277778918993477, 720.227597062745417 ], [ 949.760591018080731, 717.813536567682149 ] ] ] } },
{ "type": "Feature", "properties": { "feature_type": "building", "subtype": "major-damage", "uid": "24b95cde-1f13-401b-ac95-ccc5b7676d3b" }, "geometry": { "type": "Polygon", "coordinates": [ [ [ 930.448107042498805, 729.159620902159531 ], [ 943.484033730071587, 722.88306361240177 ], [ 953.623087814206997, 739.298674987609047 ], [ 938.655912734274807, 745.816638325975532 ], [ 930.448107042498805, 729.159620902159531 ] ] ] } },
{ "type": "Feature", "properties": { "feature_type": "building", "subtype": "major-damage", "uid": "dae71425-a760-45bd-8502-f677e0ec5c9d" }, "geometry": { "type": "Polygon", "coordinates": [ [ [ 872.027843018660633, 764.646310205222676 ], [ 878.062994264170129, 760.059595262707376 ], [ 886.753612049423168, 757.162722666437162 ], [ 893.51298144275313, 773.819740091250651 ], [ 879.51143056012279, 778.406455038752824 ], [ 872.027843018660633, 764.646310205222676 ] ] ] } },
{ "type": "Feature", "properties": { "feature_type": "building", "subtype": "major-damage", "uid": "878ecbaf-b79e-4a31-a753-c84d5db8afe2" }, "geometry": { "type": "Polygon", "coordinates": [ [ [ 777.237841508724955, 801.524405600959881 ], [ 788.775866865580383, 797.741446467293031 ], [ 790.099902563023988, 795.282523028763762 ], [ 794.450305566265001, 792.256155722029689 ], [ 803.151111571562637, 789.797232287490033 ], [ 812.419361450550468, 817.223686002835279 ], [ 790.856494392138188, 828.194267488374976 ], [ 788.39757095105449, 824.789604267177083 ], [ 783.668872039022403, 824.789604267177083 ], [ 777.237841508724955, 801.524405600959881 ] ] ] } },
{ "type": "Feature", "properties": { "feature_type": "building", "subtype": "major-damage", "uid": "6a19d2bd-0883-4168-badd-ec129cadea45" }, "geometry": { "type": "Polygon", "coordinates": [ [ [ 816.769764453292737, 801.146109686496175 ], [ 826.038014331844238, 794.71507915756672 ], [ 837.765187643001696, 812.305839126774231 ], [ 826.983754113452733, 817.791129871040198 ], [ 816.769764453292737, 801.146109686496175 ] ] ] } },
{ "type": "Feature", "properties": { "feature_type": "building", "subtype": "major-damage", "uid": "b8c5cebc-cb4a-476c-93ab-6eb93746d560" }, "geometry": { "type": "Polygon", "coordinates": [ [ [ 971.831629897108996, 657.588166560672448 ], [ 988.005835226753902, 647.44911247322807 ], [ 1002.490198206975037, 673.762371891260614 ], [ 992.592550169703259, 679.314711030205444 ], [ 989.695677575990317, 672.796747690841585 ], [ 983.66052633341053, 677.142056583750787 ], [ 971.831629897108996, 657.588166560672448 ] ] ] } },
{ "type": "Feature", "properties": { "feature_type": "building", "subtype": "major-damage", "uid": "12c39332-5dec-43b4-a3fb-3c85723e71bf" }, "geometry": { "type": "Polygon", "coordinates": [ [ [ 953.484770121883344, 673.520965839659766 ], [ 961.933981858964103, 668.21003274732891 ], [ 971.831629896984396, 664.830348050849238 ], [ 984.626150533455075, 685.832674372561428 ], [ 980.522247689468372, 689.936577217859281 ], [ 966.037884706005343, 698.385788957063824 ], [ 964.348042356768929, 692.350637712922548 ], [ 954.45039432012004, 677.383462638343758 ], [ 953.484770121883344, 673.520965839659766 ] ] ] } },
{ "type": "Feature", "properties": { "feature_type": "building", "subtype": "major-damage", "uid": "1d9c4870-caaf-441c-93fa-d84075a0302f" }, "geometry": { "type": "Polygon", "coordinates": [ [ [ 935.137910348091395, 686.798298575972581 ], [ 952.036333824621693, 679.556117084798416 ], [ 962.416793963225246, 697.661570809243017 ], [ 961.933981862641872, 702.489691801364302 ], [ 947.932430978515413, 709.731873293535955 ], [ 935.137910348091395, 686.798298575972581 ] ] ] } },
{ "type": "Feature", "properties": { "feature_type": "building", "subtype": "major-damage", "uid": "66fe40e3-c109-4495-84e4-90f31b91f660" }, "geometry": { "type": "Polygon", "coordinates": [ [ [ 955.416018519354225, 632.481937396654416 ], [ 959.761327415128676, 629.82647085198505 ], [ 958.312891113565797, 624.756943809260292 ], [ 965.555072604674024, 621.377259112780507 ], [ 966.27929075342945, 623.791319605849139 ], [ 969.176163351942364, 623.308507507634317 ], [ 981.24646583504466, 642.138179381894474 ], [ 968.693351251795434, 653.242857667763133 ], [ 956.623048769939714, 633.688967645682169 ], [ 955.416018519354225, 632.481937396654416 ] ] ] } },
{ "type": "Feature", "properties": { "feature_type": "building", "subtype": "major-damage", "uid": "c092de1d-eafd-438b-99b1-769d8a536193" }, "geometry": { "type": "Polygon", "coordinates": [ [ [ 929.344165154868165, 633.688967645682169 ], [ 940.207437387821415, 626.929598254717462 ], [ 947.449618878056867, 635.378809993922005 ], [ 933.448067995738143, 643.103803584308366 ], [ 929.344165154868165, 633.688967645682169 ] ] ] } },
{ "type": "Feature", "properties": { "feature_type": "building", "subtype": "major-damage", "uid": "581cd27c-9e9a-4d3e-8175-69a235cb428e" }, "geometry": { "type": "Polygon", "coordinates": [ [ [ 937.793376893632058, 645.759270126982983 ], [ 954.691800368229906, 636.827246289563618 ], [ 966.037884704509224, 658.553790761091477 ], [ 948.415243081031122, 666.761596452684671 ], [ 937.551970841345678, 646.48348827480379 ], [ 937.793376893632058, 645.759270126982983 ] ] ] } },
{ "type": "Feature", "properties": { "feature_type": "building", "subtype": "major-damage", "uid": "8c963271-3007-4da5-9c8e-1e04daf900bb" }, "geometry": { "type": "Polygon", "coordinates": [ [ [ 920.412141313339362, 662.899099655995428 ], [ 926.688698606709409, 655.174106063614317 ], [ 935.862128494852072, 653.001451621149272 ], [ 947.449618878804927, 669.899875094571371 ], [ 945.518370480149542, 675.935026336717783 ], [ 937.069158745063532, 677.14205658674291 ], [ 940.931655537200299, 682.452989679073767 ], [ 935.137910348091395, 686.798298575972581 ], [ 920.653547364565952, 664.106129905023181 ], [ 920.412141313339362, 662.899099655995428 ] ] ] } },
{ "type": "Feature", "properties": { "feature_type": "building", "subtype": "major-damage", "uid": "232a09a8-a9a4-4ef8-babc-a7110c09df58" }, "geometry": { "type": "Polygon", "coordinates": [ [ [ 899.168408943403278, 671.589717443808581 ], [ 917.273862670768494, 662.174881507177247 ], [ 929.8269772522724, 683.418613881487545 ], [ 925.723074410031018, 691.626419567096491 ], [ 919.929329213441747, 693.799074013551149 ], [ 918.480892917489086, 693.557667964942425 ], [ 912.204335623682709, 693.55766796394505 ], [ 898.927002892675318, 673.762371894252738 ], [ 899.168408943403278, 671.589717443808581 ] ] ] } },
{ "type": "Feature", "properties": { "feature_type": "building", "subtype": "major-damage", "uid": "c23db9c4-2e42-48fc-b87f-c5ebf0500569" }, "geometry": { "type": "Polygon", "coordinates": [ [ [ 882.028579412155409, 688.97095302142975 ], [ 889.994979052081476, 685.34986227733873 ], [ 890.236385103058751, 680.763147331831306 ], [ 898.927002892176574, 677.14205658674291 ], [ 912.445741677091178, 699.351413154490729 ], [ 894.098881897439583, 708.76624909610905 ], [ 882.028579412155409, 688.97095302142975 ] ] ] } },
{ "type": "Feature", "properties": { "feature_type": "building", "subtype": "major-damage", "uid": "0586530a-ff3f-4fd7-ae91-45069eda9b0c" }, "geometry": { "type": "Polygon", "coordinates": [ [ [ 837.36846022221448, 751.977931987563693 ], [ 838.789995439499648, 751.330002362688219 ], [ 842.757332612790492, 756.72331549798173 ], [ 847.556395454359517, 765.601581752810034 ], [ 848.499995442993395, 771.90000236325875 ], [ 828.677842436275796, 780.705251900659619 ], [ 817.331758098251044, 759.220113478737858 ], [ 816.607539947999499, 757.530271130498022 ], [ 834.95439972603026, 750.046683593707371 ], [ 837.36846022221448, 751.977931987563693 ] ] ] } },
{ "type": "Feature", "properties": { "feature_type": "building", "subtype": "major-damage", "uid": "1712b4c3-0cb2-45a7-9106-69908739c33f" }, "geometry": { "type": "Polygon", "coordinates": [ [ [ 861.329899868701204, 744.622795958511347 ], [ 863.753505063193302, 749.954727386496415 ], [ 866.62196229339861, 754.018375132073743 ], [ 866.949995441647729, 760.870002360640569 ], [ 865.612968035896756, 760.427143725770861 ], [ 850.404386905236606, 771.049009912427437 ], [ 848.969995444177243, 771.680002358948514 ], [ 848.037877326511193, 765.440836176762446 ], [ 843.180698181099615, 756.455054753760123 ], [ 839.259995440621083, 751.12000235889127 ], [ 840.023926768191473, 750.770901740530803 ], [ 839.058302571949525, 746.90840494583631 ], [ 856.198132096901418, 738.70059925723524 ], [ 858.099995439469922, 737.580002357101307 ], [ 861.329899868701204, 744.622795958511347 ] ] ] } },
{ "type": "Feature", "properties": { "feature_type": "building", "subtype": "major-damage", "uid": "48331565-cc8c-49b9-830d-66d34357ea72" }, "geometry": { "type": "Polygon", "coordinates": [ [ [ 880.834065437070308, 733.167652856052086 ], [ 883.94774229195275, 738.50538461023848 ], [ 888.093473298047684, 745.908475698454254 ], [ 888.859995445906407, 747.45000236002295 ], [ 888.546542756066515, 747.632623095651866 ], [ 869.234058780172973, 761.634173974798614 ], [ 867.459995443700222, 761.040002359392361 ], [ 867.114466336681176, 753.849062024345017 ], [ 864.18917837740355, 749.704904082318762 ], [ 861.784662581210569, 744.414969319657757 ], [ 858.52999544383681, 737.330002356238083 ], [ 860.302034940576505, 736.286538760177223 ], [ 867.544216434427426, 728.561545169790861 ], [ 875.993428172817175, 728.078733070578778 ], [ 877.779995441911751, 727.410002355736992 ], [ 880.834065437070308, 733.167652856052086 ] ] ] } },
{ "type": "Feature", "properties": { "feature_type": "building", "subtype": "major-damage", "uid": "94e6266a-88c4-4214-9385-6487d33153e5" }, "geometry": { "type": "Polygon", "coordinates": [ [ [ 898.962221447481852, 718.3815890027264 ], [ 901.899095032398577, 724.108492484474596 ], [ 905.444599988743562, 730.017667413693175 ], [ 907.509995443480761, 736.730002357357989 ], [ 889.299995443119201, 747.200002359159726 ], [ 888.535448989632528, 745.674393080710843 ], [ 884.381847087772485, 738.257246830925283 ], [ 881.271024260909485, 732.924407702149665 ], [ 878.249995443843545, 727.230002358466663 ], [ 879.855924969130456, 726.630296771944927 ], [ 897.719972646889687, 717.698272933528301 ], [ 897.669995443413086, 717.560002358828797 ], [ 898.962221447481852, 718.3815890027264 ] ] ] } },
{ "type": "Feature", "properties": { "feature_type": "building", "subtype": "major-damage", "uid": "0f82c309-4328-4038-ae16-92b6ce74de93" }, "geometry": { "type": "Polygon", "coordinates": [ [ [ 918.470886113915071, 704.802010488315204 ], [ 918.76959742545273, 709.730747139784739 ], [ 922.380075534814864, 712.889915483787377 ], [ 924.430144790012946, 715.965019369048491 ], [ 926.327263568041531, 719.467392497181208 ], [ 926.849995445053082, 724.820002358443503 ], [ 926.205886506624779, 725.181860472313815 ], [ 909.548869077269273, 735.562320608366804 ], [ 907.959995442079617, 736.480002361481638 ], [ 905.904615879970152, 729.812535254424802 ], [ 902.336406914801273, 723.865520311247565 ], [ 899.345185559782976, 718.032638674441387 ], [ 897.419995442051345, 716.810002356239124 ], [ 896.030130297092228, 712.628745889806055 ], [ 914.859802171218234, 701.76547365254612 ], [ 916.308238472531684, 701.76547365254612 ], [ 916.439995442159784, 701.70000235664827 ], [ 918.470886113915071, 704.802010488315204 ] ] ] } },
{ "type": "Feature", "properties": { "feature_type": "building", "subtype": "major-damage", "uid": "fc464a93-19d2-48d1-afe0-84726efc59fc" }, "geometry": { "type": "Polygon", "coordinates": [ [ [ 945.75977653424377, 714.318588236051255 ], [ 927.329995442760605, 724.560002355072243 ], [ 926.815021591981917, 719.318073148880444 ], [ 924.858878662705592, 715.706732357365809 ], [ 922.759281464237915, 712.557336560566569 ], [ 919.256045649530279, 709.492005222508851 ], [ 918.96194746896947, 704.639385233590588 ], [ 916.889995445558498, 701.470002356811506 ], [ 934.172286147672821, 692.833449816124244 ], [ 945.75977653424377, 714.318588236051255 ] ] ] } },
{ "type": "Feature", "properties": { "feature_type": "building", "subtype": "major-damage", "uid": "87903893-4fac-4134-b1de-0f4c5a76bd1d" }, "geometry": { "type": "Polygon", "coordinates": [ [ [ 860.403121374846478, 697.490466565170209 ], [ 852.993002706348307, 684.893264828617134 ], [ 865.738406817446844, 677.33494378369312 ], [ 874.926953970780573, 690.376752644525368 ], [ 860.403121374846478, 697.490466565170209 ] ] ] } },
{ "type": "Feature", "properties": { "feature_type": "building", "subtype": "major-damage", "uid": "5da23448-ad63-4d2c-af45-74fe7ce47f6b" }, "geometry": { "type": "Polygon", "coordinates": [ [ [ 863.663573588743816, 699.713502165621094 ], [ 879.817632288790264, 692.155181121694454 ], [ 890.932810294405044, 710.532275423010333 ], [ 875.223358712777895, 721.054643931545002 ], [ 863.663573588743816, 699.713502165621094 ] ] ] } },
{ "type": "Feature", "properties": { "feature_type": "building", "subtype": "major-damage", "uid": "b23532f6-312a-4e69-b926-505e4e0de1bf" }, "geometry": { "type": "Polygon", "coordinates": [ [ [ 840.840408091275549, 706.827216088260684 ], [ 844.990074543133574, 706.530811341400863 ], [ 845.286479290367197, 701.491930647777053 ], [ 848.546931503329461, 701.047323528484753 ], [ 851.807383722338386, 703.270359126940889 ], [ 860.699526124635895, 700.158109285910655 ], [ 865.590204445014479, 707.271823208550245 ], [ 872.852120738960707, 722.240262921976296 ], [ 855.067835932183812, 730.094988707775769 ], [ 847.509514890380501, 718.979810705521459 ], [ 841.285015210754523, 707.420025582977587 ], [ 840.840408091275549, 706.827216088260684 ] ] ] } },
{ "type": "Feature", "properties": { "feature_type": "building", "subtype": "major-damage", "uid": "f2b14598-3882-4fef-9f8d-9e688e4c44dd" }, "geometry": { "type": "Polygon", "coordinates": [ [ [ 814.163980878834877, 705.938001849676084 ], [ 821.425897174588954, 701.936537768066728 ], [ 828.095003977496503, 701.047323530479503 ], [ 828.687813472898824, 713.644525264040453 ], [ 820.684885310245022, 718.535203586229159 ], [ 814.904992743864454, 714.38553713218721 ], [ 814.756790375109858, 707.568227957404815 ], [ 814.163980878834877, 705.938001849676084 ] ] ] } },
{ "type": "Feature", "properties": { "feature_type": "building", "subtype": "major-damage", "uid": "6854f29a-48ef-4a3b-abed-3f68e5e7545a" }, "geometry": { "type": "Polygon", "coordinates": [ [ [ 823.500730400050429, 722.240262923971045 ], [ 832.39287280546489, 714.830144254471634 ], [ 839.506586728599473, 713.644525261048329 ], [ 850.028955238250887, 727.575548363457187 ], [ 849.287943370478501, 736.319488394822883 ], [ 834.467706035040578, 743.729607061330171 ], [ 823.94533752239704, 723.129477158566033 ], [ 823.500730400050429, 722.240262923971045 ] ] ] } },
{ "type": "Feature", "properties": { "feature_type": "building", "subtype": "major-damage", "uid": "a057d32e-fc98-4503-ab1d-110ac7f02aaf" }, "geometry": { "type": "Polygon", "coordinates": [ [ [ 802.011386261143912, 731.428810070639429 ], [ 806.753862208030228, 725.204310388579074 ], [ 808.82869543648394, 723.425881904428365 ], [ 819.795671066611817, 721.64745342526453 ], [ 820.536130209556063, 721.942368234306286 ], [ 830.182676002758171, 742.559495508253121 ], [ 828.669492345028289, 746.531602599650682 ], [ 814.105099683559729, 752.584337214116204 ], [ 802.756222280632301, 733.858689501517233 ], [ 802.011386261143912, 731.428810070639429 ] ] ] } },
{ "type": "Feature", "properties": { "feature_type": "building", "subtype": "major-damage", "uid": "1ac02ffc-eb92-45a7-9bbb-8b570d16fe58" }, "geometry": { "type": "Polygon", "coordinates": [ [ [ 765.210887962267634, 767.806060580792632 ], [ 788.868680832813652, 754.528727847471941 ], [ 789.834305031299778, 758.391224644161184 ], [ 797.800704674591884, 754.528727847471941 ], [ 807.215540608538049, 776.738084417214509 ], [ 795.145238124749994, 782.773235658363546 ], [ 795.14523812543564, 788.32557480229525 ], [ 785.006184037684761, 794.843538145648608 ], [ 780.178063045129534, 786.152920354843332 ], [ 771.97025735522368, 776.255272318002312 ], [ 766.659324262396808, 774.324023922151241 ], [ 765.210887962267634, 767.806060580792632 ] ] ] } },
{ "type": "Feature", "properties": { "feature_type": "building", "subtype": "major-damage", "uid": "64c4ac8a-015f-4ff7-bba9-3360219da061" }, "geometry": { "type": "Polygon", "coordinates": [ [ [ 758.934330670518307, 768.771684778219537 ], [ 757.003082273359155, 768.530278729610814 ], [ 749.036682634555177, 750.907637102383546 ], [ 750.726524982046158, 749.459200807739307 ], [ 744.691373742022165, 741.009989068534765 ], [ 759.17573672373976, 731.353747078307833 ], [ 771.004633155428451, 728.215468433428896 ], [ 778.729626746247163, 737.388898320454246 ], [ 780.660875143655744, 739.320146721292303 ], [ 788.868680832813652, 754.528727847471941 ], [ 758.934330670518307, 768.771684778219537 ] ] ] } },
{ "type": "Feature", "properties": { "feature_type": "building", "subtype": "major-damage", "uid": "5d69cf5d-ac0e-4860-9ad7-35cdf4d1c859" }, "geometry": { "type": "Polygon", "coordinates": [ [ [ 730.270359699409937, 707.253521715272541 ], [ 737.457982049595898, 703.659710536344051 ], [ 737.647130007388682, 701.957378926742422 ], [ 755.23788998095074, 693.445720875742495 ], [ 757.696813414554185, 697.796123880606388 ], [ 759.209997067858126, 697.039532053673611 ], [ 766.397619420038836, 711.225628801683115 ], [ 758.831701154828238, 715.954327719016192 ], [ 762.425512331261416, 724.84428168049044 ], [ 747.104527841426602, 732.031904034357922 ], [ 741.997533012998588, 723.141950071886299 ], [ 744.645604404270102, 722.007062334479087 ], [ 742.564976879644746, 715.576031805549746 ], [ 735.944798395668613, 717.089215460412902 ], [ 730.270359699409937, 707.253521715272541 ] ] ] } },
{ "type": "Feature", "properties": { "feature_type": "building", "subtype": "major-damage", "uid": "3d8e9cc1-725c-4a14-b908-93c9888f7e80" }, "geometry": { "type": "Polygon", "coordinates": [ [ [ 707.572604896110761, 677.368144560400651 ], [ 717.975742512505121, 672.261149729601243 ], [ 726.298252605084599, 664.316935549798245 ], [ 744.834752359818822, 660.533976419123405 ], [ 755.994481807322245, 687.203838305541012 ], [ 739.160313661378382, 697.22868000841197 ], [ 728.757176043674917, 704.794598277740647 ], [ 723.650181211880636, 693.82401679120369 ], [ 718.732334340559646, 695.526348398810455 ], [ 707.572604896110761, 677.368144560400651 ] ] ] } },
{ "type": "Feature", "properties": { "feature_type": "building", "subtype": "major-damage", "uid": "d9fc513b-48f8-4b4e-a825-1c0560b32404" }, "geometry": { "type": "Polygon", "coordinates": [ [ [ 688.916983858777826, 646.65116661528964 ], [ 697.050345996743545, 639.085248349950575 ], [ 702.157340829909231, 634.545697389350721 ], [ 711.236442749545859, 632.843365779749092 ], [ 717.100029403348003, 631.897625996083093 ], [ 725.611687458395409, 645.327130920151944 ], [ 724.287651761699976, 647.975202311424823 ], [ 729.016350674355408, 656.486860360430001 ], [ 707.831779527102867, 669.15977345856345 ], [ 704.04882039387428, 662.917890889359455 ], [ 699.130973520932571, 666.511702067290571 ], [ 690.051871599114179, 651.001569622148395 ], [ 688.916983858777826, 646.65116661528964 ] ] ] } },
{ "type": "Feature", "properties": { "feature_type": "building", "subtype": "major-damage", "uid": "ff4a7576-5fbd-43c7-8fdc-bb35907a53fd" }, "geometry": { "type": "Polygon", "coordinates": [ [ [ 706.696891788324933, 614.306866025878207 ], [ 718.23491714617785, 607.308391625751824 ], [ 727.881462938382583, 622.44022816141694 ], [ 716.343437576851898, 630.006146428750867 ], [ 706.696891788324933, 614.306866025878207 ] ] ] } },
{ "type": "Feature", "properties": { "feature_type": "building", "subtype": "major-damage", "uid": "191cb418-0399-4656-b919-f4c50c56dae8" }, "geometry": { "type": "Polygon", "coordinates": [ [ [ 672.611578560782959, 616.250978864209401 ], [ 697.229111308456936, 603.826092054359606 ], [ 700.132122248077962, 609.632113926872194 ], [ 699.899881369145646, 614.393051861175536 ], [ 711.047443368455788, 629.02422698812552 ], [ 705.589782806833114, 632.856201421909191 ], [ 698.854797432557689, 632.740080985216991 ], [ 686.894392370106289, 642.842559043269148 ], [ 672.611578560782959, 616.250978864209401 ] ] ] } },
{ "type": "Feature", "properties": { "feature_type": "building", "subtype": "major-damage", "uid": "1ab3764a-91b5-4114-934c-aa9911d1ea54" }, "geometry": { "type": "Polygon", "coordinates": [ [ [ 662.394317275194453, 581.335528393140635 ], [ 665.877930402203447, 580.058203578554753 ], [ 665.529569087015375, 575.645626953330748 ], [ 670.174386584935746, 574.019940829665643 ], [ 671.335590960397667, 574.484422582418802 ], [ 675.283685834611788, 570.768568581337831 ], [ 687.94081352008368, 567.517196331015384 ], [ 703.500952143555878, 594.224896951754204 ], [ 700.597941204308881, 598.172991826219686 ], [ 670.638868336379687, 613.849250885394554 ], [ 664.948966898816934, 603.630652387658074 ], [ 669.593784397859395, 600.727641453396586 ], [ 667.968098274070371, 595.618342202034796 ], [ 670.406627460626623, 594.573258263825664 ], [ 668.20033914838973, 590.741283829044505 ], [ 665.761809964700888, 591.321886015497853 ], [ 664.252244272804205, 590.392922514978295 ], [ 662.278196839375028, 589.928440767211896 ], [ 659.491306336321486, 582.148371454973244 ], [ 662.394317275194453, 581.335528393140635 ] ] ] } },
{ "type": "Feature", "properties": { "feature_type": "building", "subtype": "major-damage", "uid": "2699647a-4e2c-4e88-955a-e52c10752d1f" }, "geometry": { "type": "Polygon", "coordinates": [ [ [ 637.964759512216688, 555.664079895400505 ], [ 641.669818846341059, 554.478460909956198 ], [ 639.891390368674251, 549.291377840907671 ], [ 664.492984348297682, 538.769009331375628 ], [ 666.7160199483734, 539.510021197527635 ], [ 673.681531498888603, 536.694176104354597 ], [ 685.982328490383338, 557.887115496848764 ], [ 673.681531496956154, 565.149031794912958 ], [ 674.422543366910304, 567.668472141226175 ], [ 666.567817578122686, 573.300162330564376 ], [ 663.900174853581007, 572.855555208279952 ], [ 660.787925016479676, 574.485781318003433 ], [ 657.527472799216184, 569.002293501097711 ], [ 652.340389729920958, 569.002293500100336 ], [ 649.524544638993575, 568.854091126670482 ], [ 644.782068687619017, 571.521733851400541 ], [ 637.964759512216688, 555.664079895400505 ] ] ] } },
{ "type": "Feature", "properties": { "feature_type": "building", "subtype": "major-damage", "uid": "c23b063b-5512-4b41-a872-c4d7d2575b34" }, "geometry": { "type": "Polygon", "coordinates": [ [ [ 644.371599876811729, 501.776623055331982 ], [ 645.69563557462925, 503.289806706205582 ], [ 653.261553838780173, 519.745678936011132 ], [ 670.095721983601948, 508.585949493738212 ], [ 683.336078949123134, 522.204602374540286 ], [ 668.204242416707075, 533.175183860079983 ], [ 661.773211889027721, 527.122449248606586 ], [ 635.670793868459555, 539.98451030048102 ], [ 629.807207211665286, 541.497693953349426 ], [ 628.483171516465859, 538.093030738135781 ], [ 624.132768513037831, 538.093030737138406 ], [ 624.889360337788503, 532.98603590534151 ], [ 617.3234420711442, 518.232495285137475 ], [ 613.540482938850573, 511.99061271593348 ], [ 644.371599876811729, 501.776623055331982 ] ] ] } },
{ "type": "Feature", "properties": { "feature_type": "building", "subtype": "minor-damage", "uid": "40c4899c-e6f0-4bc7-b4f3-69ef70025b93" }, "geometry": { "type": "Polygon", "coordinates": [ [ [ 611.51487214546512, 476.028168373479616 ], [ 613.595499670900836, 472.623505149289485 ], [ 632.699443292592946, 466.192474619362827 ], [ 652.938274656179829, 468.273102146420285 ], [ 656.721233792836983, 498.53677521475862 ], [ 625.133525023205721, 504.589509826232018 ], [ 623.052897504190696, 492.294892644557194 ], [ 620.026530194465977, 490.214265120491802 ], [ 613.784647623582146, 490.025117164756011 ], [ 611.51487214546512, 476.028168373479616 ] ] ] } },
{ "type": "Feature", "properties": { "feature_type": "building", "subtype": "minor-damage", "uid": "d500b50c-4acb-43bf-9f68-1ae60f56edde" }, "geometry": { "type": "Polygon", "coordinates": [ [ [ 610.451549048616357, 432.21651818521201 ], [ 638.067150722301449, 424.461451962142178 ], [ 649.605176083084189, 456.238308681354113 ], [ 625.583385584336156, 463.236783078488315 ], [ 617.828319360771729, 440.917324196934715 ], [ 612.910472486022286, 441.673916018880618 ], [ 610.451549048616357, 432.21651818521201 ] ] ] } },
{ "type": "Feature", "properties": { "feature_type": "building", "subtype": "minor-damage", "uid": "99709cf7-6ea2-449f-86bf-bae442a260b7" }, "geometry": { "type": "Polygon", "coordinates": [ [ [ 599.258585571847334, 395.525353814746325 ], [ 603.704656770627366, 394.191532452879983 ], [ 603.111847276035405, 391.079282613844612 ], [ 607.261513732942717, 388.856247012396409 ], [ 609.632751706261161, 390.486473119127709 ], [ 617.191072747752855, 387.077818530240393 ], [ 625.490405657141537, 386.781413783380572 ], [ 631.863107713189493, 412.568626753198373 ], [ 624.008381923342085, 414.198852858932412 ], [ 625.342203284584457, 419.830543049267874 ], [ 617.635679868914963, 421.312566785561501 ], [ 618.22848936138746, 425.017626116321708 ], [ 601.037014048890796, 428.722685451071413 ], [ 594.812514367145354, 408.715365047013677 ], [ 602.815442530921132, 405.010305712264028 ], [ 600.296002183798805, 397.303782294907478 ], [ 599.258585571847334, 395.525353814746325 ] ] ] } },
{ "type": "Feature", "properties": { "feature_type": "building", "subtype": "minor-damage", "uid": "8664babb-e8ee-4f67-bc7c-ca7fc504ea59" }, "geometry": { "type": "Polygon", "coordinates": [ [ [ 576.071769912934201, 362.415025490594928 ], [ 611.631585767852016, 347.283188957921823 ], [ 614.468805117664374, 346.904893042460628 ], [ 624.871942736240612, 373.196459018404028 ], [ 608.416070504136997, 382.653856854067385 ], [ 599.526116540859448, 388.895739422274005 ], [ 589.879570750150833, 393.246142427138011 ], [ 584.205132050089674, 385.112780290601791 ], [ 581.557060657571355, 377.925157937731683 ], [ 578.719841305016189, 372.629015150199109 ], [ 578.908989263681747, 370.548387626133717 ], [ 574.747734216238769, 364.684800970396111 ], [ 576.071769912934201, 362.415025490594928 ] ] ] } },
{ "type": "Feature", "properties": { "feature_type": "building", "subtype": "minor-damage", "uid": "73d55d55-4ae7-4234-ab11-fdbf2a238ae6" }, "geometry": { "type": "Polygon", "coordinates": [ [ [ 564.180599184936682, 326.335265922054816 ], [ 573.070553150458295, 320.471679264322518 ], [ 575.151180671655084, 323.498046571056477 ], [ 581.20391528374887, 321.417419049983323 ], [ 579.312435717477342, 318.012755826790624 ], [ 591.607052901950965, 313.284056913447102 ], [ 604.469113954940894, 334.846923970062619 ], [ 581.771359153823482, 348.654724810590096 ], [ 583.662838721902745, 353.005127809469798 ], [ 570.233333798339459, 361.70593381919781 ], [ 563.234859403203473, 349.978760505727791 ], [ 567.585262403327761, 347.330689110465414 ], [ 562.09997166174503, 340.521362673056501 ], [ 568.152706274773777, 337.305847408591774 ], [ 563.424007356819857, 329.172485268066225 ], [ 564.180599184936682, 326.335265922054816 ] ] ] } },
{ "type": "Feature", "properties": { "feature_type": "building", "subtype": "minor-damage", "uid": "2ffb4859-0e6d-4216-9fde-e15dc6ff837a" }, "geometry": { "type": "Polygon", "coordinates": [ [ [ 542.886207286564968, 294.789802460548287 ], [ 535.644025795581456, 286.340590727327992 ], [ 543.610425432951729, 275.477318489070683 ], [ 558.577600513694165, 287.789027019977482 ], [ 549.162764574262496, 298.893705310833127 ], [ 563.405721507870226, 316.516346935068213 ], [ 542.403395185295949, 332.449146213058214 ], [ 523.815129358407262, 310.239789643315703 ], [ 539.747928641313706, 295.031208517136008 ], [ 542.886207286564968, 294.789802460548287 ] ] ] } },
{ "type": "Feature", "properties": { "feature_type": "building", "subtype": "minor-damage", "uid": "421a2af9-f86e-4750-bcc8-16f6ec97f709" }, "geometry": { "type": "Polygon", "coordinates": [ [ [ 580.051825176905936, 232.272936861729903 ], [ 596.696845362189492, 240.595446949015013 ], [ 596.129401493486171, 246.648181564477909 ], [ 603.695319760878533, 255.538135528944395 ], [ 599.534064715056388, 258.942798748147482 ], [ 599.534064713871999, 261.780018097151014 ], [ 588.374335268861955, 272.561451626954806 ], [ 567.378912077843893, 259.888538531813595 ], [ 564.54169272790682, 254.781543700016812 ], [ 566.433172294365363, 250.052844786673205 ], [ 580.051825176905936, 232.272936861729903 ] ] ] } },
{ "type": "Feature", "properties": { "feature_type": "building", "subtype": "minor-damage", "uid": "aaa28644-f466-43a2-87c7-089a1acf8065" }, "geometry": { "type": "Polygon", "coordinates": [ [ [ 648.961757327778059, 159.287649361259412 ], [ 649.269859415342808, 151.893199194873887 ], [ 657.588615857571426, 149.120280380235187 ], [ 661.593943027017872, 153.741811734974192 ], [ 665.291168110769831, 154.358015913345298 ], [ 665.291168111206161, 150.660790834142091 ], [ 675.150435001605956, 149.428382471415489 ], [ 680.6962726261429, 154.049913825157091 ], [ 686.242110252238263, 152.817505464425409 ], [ 688.70692697575771, 157.747138909347314 ], [ 685.009701889636972, 162.676772351277094 ], [ 688.090722793147961, 170.071222517662591 ], [ 662.51824929943632, 188.865450026801398 ], [ 653.275186593765625, 173.152243423481508 ], [ 656.048105405036722, 171.303630882383914 ], [ 652.042778230104659, 164.525384896364301 ], [ 648.961757327778059, 159.287649361259412 ] ] ] } },
{ "type": "Feature", "properties": { "feature_type": "building", "subtype": "minor-damage", "uid": "8eba792d-56f2-4683-864c-c65253839a23" }, "geometry": { "type": "Polygon", "coordinates": [ [ [ 708.492608956410777, 94.361202126063333 ], [ 712.189834041347126, 93.74499794470006 ], [ 722.665305111302132, 98.366529299439023 ], [ 725.746326012568943, 95.593610487792503 ], [ 738.994715896475554, 102.988060652183194 ], [ 724.205815565831585, 135.030678043178312 ], [ 710.341221498006234, 128.868636236527209 ], [ 710.341221498317964, 125.787615333700401 ], [ 698.017137889884225, 123.322798616226294 ], [ 708.492608956410777, 94.361202126063333 ] ] ] } },
{ "type": "Feature", "properties": { "feature_type": "building", "subtype": "major-damage", "uid": "c5486661-4beb-43c4-af91-07febaf501af" }, "geometry": { "type": "Polygon", "coordinates": [ [ [ 752.243105778262702, 122.398492340690595 ], [ 763.334781028458679, 118.085063074139796 ], [ 762.718576848903467, 112.5392254508467 ], [ 764.875291481055683, 109.7663066362081 ], [ 765.183393572422915, 105.4528773736468 ], [ 776.583170911056186, 103.912366922732105 ], [ 787.366744071256335, 150.743884645500799 ], [ 772.577843740238336, 153.208701366964391 ], [ 768.572516564807643, 147.354761650496187 ], [ 759.329453855833094, 148.587170015217509 ], [ 758.097045495039538, 141.808924026205801 ], [ 752.243105779945836, 125.171411153334503 ], [ 752.243105778262702, 122.398492340690595 ] ] ] } },
{ "type": "Feature", "properties": { "feature_type": "building", "subtype": "major-damage", "uid": "bce36fbf-3ea7-42ec-aa70-ff9e4f2b9d3f" }, "geometry": { "type": "Polygon", "coordinates": [ [ [ 786.442437800645621, 98.366529298441648 ], [ 796.3017046907961, 84.810037325405062 ], [ 799.382725593746159, 86.350547774325037 ], [ 804.62046112897292, 84.810037324407688 ], [ 808.009584124536786, 86.3505477763198 ], [ 815.095932197431921, 81.729016422578212 ], [ 824.338994907777874, 86.658649866502742 ], [ 833.273955528876058, 101.447550199273707 ], [ 819.409361461362437, 121.474186068147006 ], [ 802.155644406076931, 109.7663066362081 ], [ 789.52345870365798, 102.371856470820006 ], [ 786.442437800645621, 98.366529298441648 ] ] ] } },
{ "type": "Feature", "properties": { "feature_type": "building", "subtype": "major-damage", "uid": "07aad476-933a-432b-85df-86c194c96821" }, "geometry": { "type": "Polygon", "coordinates": [ [ [ 778.825992587922542, 4.524514052812275 ], [ 781.907013490560871, 5.448820322363739 ], [ 786.836646934919145, 8.837943313378782 ], [ 793.922995012427236, 2.984003600900158 ], [ 798.236424274113574, 0.211084786261494 ], [ 818.879264324526503, 20.853924835500631 ], [ 793.614892924176843, 37.491437711364071 ], [ 770.815338240053165, 8.529841225190593 ], [ 778.825992587922542, 4.524514052812275 ] ] ] } },
{ "type": "Feature", "properties": { "feature_type": "building", "subtype": "major-damage", "uid": "a9ff1681-5dbe-4810-9fcd-b1f2c04b6679" }, "geometry": { "type": "Polygon", "coordinates": [ [ [ 805.938976532361153, 37.183335618188977 ], [ 830.587143754464705, 35.950927257457202 ], [ 831.511450029875277, 51.356031770594093 ], [ 834.592470929957813, 51.356031770594093 ], [ 835.208675110073955, 68.917850917006362 ], [ 808.095691164887398, 71.382667642459467 ], [ 805.322772353117557, 43.961581605205957 ], [ 805.938976532361153, 37.183335618188977 ] ] ] } },
{ "type": "Feature", "properties": { "feature_type": "building", "subtype": "major-damage", "uid": "5fdd0932-9012-4dcf-9616-e7809087ec67" }, "geometry": { "type": "Polygon", "coordinates": [ [ [ 911.739076195465259, 22.96011886721292 ], [ 914.820097098602218, 18.646689606646412 ], [ 930.841405793717627, 21.419608416298178 ], [ 922.522649359218576, 63.321492694144958 ], [ 903.112217666482252, 59.008063433578457 ], [ 911.430974104472057, 27.273548134761079 ], [ 911.739076195465259, 22.96011886721292 ] ] ] } },
{ "type": "Feature", "properties": { "feature_type": "building", "subtype": "major-damage", "uid": "696ea4c6-4025-489b-be91-3ab6ed9365d7" }, "geometry": { "type": "Polygon", "coordinates": [ [ [ 935.462937148142487, 29.430262765044329 ], [ 938.852060143581639, 28.19785440231778 ], [ 941.008774776980658, 23.884425139756519 ], [ 959.494900192062232, 26.965446041585999 ], [ 949.943735391533551, 67.018717776340338 ], [ 930.225201614536331, 62.705288514776448 ], [ 935.462937148142487, 29.430262765044329 ] ] ] } },
{ "type": "Feature", "properties": { "feature_type": "building", "subtype": "major-damage", "uid": "1df5d1c8-75a5-47c0-8bd9-6a467c71e275" }, "geometry": { "type": "Polygon", "coordinates": [ [ [ 962.884023185070305, 36.208508752061313 ], [ 967.813656632607831, 33.743692026608223 ], [ 979.521536059304481, 36.824712930432447 ], [ 970.27847335463116, 75.64557630545238 ], [ 955.489573017815928, 71.332147041893734 ], [ 962.884023185070305, 36.208508752061313 ] ] ] } },
{ "type": "Feature", "properties": { "feature_type": "building", "subtype": "major-damage", "uid": "75b2096d-460f-4c05-965d-944da74ad82f" }, "geometry": { "type": "Polygon", "coordinates": [ [ [ 904.652728122632539, 97.520824719412829 ], [ 926.527976530784485, 102.450458161342596 ], [ 920.674036815940099, 133.876871368979693 ], [ 902.496013486241395, 132.028258829876705 ], [ 900.955503038381948, 127.406727473142993 ], [ 905.577034391934149, 100.293743529064599 ], [ 904.652728122632539, 97.520824719412829 ] ] ] } },
{ "type": "Feature", "properties": { "feature_type": "building", "subtype": "major-damage", "uid": "7cd8c7a2-94f8-430a-916f-c9fbf4f70980" }, "geometry": { "type": "Polygon", "coordinates": [ [ [ 930.533303704843888, 97.828926805606258 ], [ 949.019429121920211, 101.218049797618704 ], [ 947.170816580137739, 118.779868942036202 ], [ 945.014101948671168, 143.428036167643199 ], [ 922.522649356039437, 137.574096456161897 ], [ 930.533303704843888, 97.828926805606258 ] ] ] } },
{ "type": "Feature", "properties": { "feature_type": "building", "subtype": "major-damage", "uid": "1ba20fc8-70ab-4830-bc16-c6d44982497a" }, "geometry": { "type": "Polygon", "coordinates": [ [ [ 952.100450023498752, 105.531479061177293 ], [ 967.505554542487403, 103.374764430894103 ], [ 965.656941997588092, 114.466439681469694 ], [ 970.894677531942307, 114.158337590289406 ], [ 964.42453363517393, 144.044240347011709 ], [ 958.262491829523356, 140.963219444184801 ], [ 956.413879289611032, 144.352342438192011 ], [ 949.635633301600137, 144.352342437194608 ], [ 946.862714492573105, 134.80117764152331 ], [ 951.48424584556426, 107.688193694452707 ], [ 952.100450023498752, 105.531479061177293 ] ] ] } },
{ "type": "Feature", "properties": { "feature_type": "building", "subtype": "major-damage", "uid": "60a60eed-079b-442b-aa17-b1f39236705f" }, "geometry": { "type": "Polygon", "coordinates": [ [ [ 964.026241265117278, 156.190049211524411 ], [ 950.507502481387064, 195.056423211067312 ], [ 932.849995446567732, 191.470002358220199 ], [ 944.149995445584409, 151.600002357434789 ], [ 964.026241265117278, 156.190049211524411 ] ] ] } },
{ "type": "Feature", "properties": { "feature_type": "building", "subtype": "major-damage", "uid": "d8fd2eb3-9562-4656-8faa-0854a471d547" }, "geometry": { "type": "Polygon", "coordinates": [ [ [ 942.299696795408295, 146.05099512607481 ], [ 942.069995444796746, 150.880002358379812 ], [ 941.820375454860482, 150.802328645365606 ], [ 928.94999544437394, 190.67000235904851 ], [ 913.349995443203738, 187.500002360909207 ], [ 920.839995444646092, 141.470002358123594 ], [ 942.299696795408295, 146.05099512607481 ] ] ] } },
{ "type": "Feature", "properties": { "feature_type": "building", "subtype": "major-damage", "uid": "0566532a-af43-494b-acee-7c5bb41fe060" }, "geometry": { "type": "Polygon", "coordinates": [ [ [ 918.229995443085841, 140.910002360299188 ], [ 910.05999544295878, 186.840002355957409 ], [ 891.121614260496472, 182.986120728769095 ], [ 895.708329205440577, 145.326776979251292 ], [ 899.088013897617316, 140.740062033743897 ], [ 917.43487367795467, 140.740062034741186 ], [ 918.229995443085841, 140.910002360299188 ] ] ] } },
{ "type": "Feature", "properties": { "feature_type": "building", "subtype": "minor-damage", "uid": "ee6f0a1d-6068-4f0e-afd7-a06725e4b827" }, "geometry": { "type": "Polygon", "coordinates": [ [ [ 1022.430056920755987, 572.879530684756674 ], [ 1020.414608410383948, 573.052723606310224 ], [ 1006.489995448369996, 551.760002354451217 ], [ 1011.635787068771947, 547.060014676201718 ], [ 1015.638932718516003, 544.288606147910286 ], [ 1017.869995449310977, 542.3400023546792 ], [ 1018.565995868725963, 544.091127122131525 ], [ 1022.430051261002973, 539.928457473215872 ], [ 1022.430056920755987, 572.879530684756674 ] ] ] } },
{ "type": "Feature", "properties": { "feature_type": "building", "subtype": "minor-damage", "uid": "b6737366-6296-4e45-9c3e-2e88380fba9a" }, "geometry": { "type": "Polygon", "coordinates": [ [ [ 1017.669995447148949, 541.840002353950126 ], [ 1015.331017217461977, 543.893648099345 ], [ 1011.32350852039599, 546.668077197338789 ], [ 1006.209995448273048, 551.330002354322914 ], [ 1004.701401805077012, 549.020760566056083 ], [ 999.463666270972226, 549.020760567053458 ], [ 996.074543277278508, 529.302226790357963 ], [ 1010.863443611537946, 524.680695437613736 ], [ 1017.669995447148949, 541.840002353950126 ] ] ] } },
{ "type": "Feature", "properties": { "feature_type": "building", "subtype": "minor-damage", "uid": "be1b37c1-e0b7-49fa-a931-a49b0d61e847" }, "geometry": { "type": "Polygon", "coordinates": [ [ [ 1022.430051339297961, 501.189018323806181 ], [ 997.621054498738886, 510.976052764362976 ], [ 987.48200041585028, 486.835447794779782 ], [ 988.447624609536433, 484.904199400923403 ], [ 985.550752014327486, 479.834672358198588 ], [ 1010.656981182508957, 470.1784303679716 ], [ 1014.036665880856958, 471.868272714216687 ], [ 1022.430051878693007, 496.229569328652815 ], [ 1022.430051339297961, 501.189018323806181 ] ] ] } },
{ "type": "Feature", "properties": { "feature_type": "building", "subtype": "minor-damage", "uid": "6f095663-8aa8-4970-80e5-f7a3990b719d" }, "geometry": { "type": "Polygon", "coordinates": [ [ [ 1002.207769442125027, 435.898771312938777 ], [ 1015.726508226103988, 465.5917154254563 ], [ 991.585903260023997, 473.799521113059996 ], [ 979.032788676463042, 445.072201203953625 ], [ 1002.207769442125027, 435.898771312938777 ] ] ] } },
{ "type": "Feature", "properties": { "feature_type": "building", "subtype": "minor-damage", "uid": "a538eed9-c2f5-4617-b084-242e4c1e01b6" }, "geometry": { "type": "Polygon", "coordinates": [ [ [ 986.508447133253298, 376.369986610912179 ], [ 1010.15194172077895, 376.180838650189514 ], [ 1011.475977413546957, 384.692496702186872 ], [ 1019.231043638358983, 384.692496702186872 ], [ 1018.474451814667987, 396.797965928125791 ], [ 1018.663599770466021, 405.498771934861679 ], [ 1012.800013111052976, 405.120476019400485 ], [ 1012.800013111864018, 408.903435155062198 ], [ 986.13015122178183, 407.768547412668113 ], [ 986.319299175834431, 402.661552588850327 ], [ 985.184411436121422, 395.473930232988096 ], [ 984.427819610996721, 390.177787446452783 ], [ 985.373559396781729, 377.69402230305792 ], [ 986.508447133253298, 376.369986610912179 ] ] ] } },
{ "type": "Feature", "properties": { "feature_type": "building", "subtype": "major-damage", "uid": "3bf773e4-38c6-403c-8465-5270b28464d5" }, "geometry": { "type": "Polygon", "coordinates": [ [ [ 782.525892210222196, 647.566297056610324 ], [ 790.492291852329913, 664.947532632236744 ], [ 769.731371578488961, 673.87955647065337 ], [ 761.61999543548211, 657.650002360739222 ], [ 770.46398549945377, 651.984448392895501 ], [ 782.28999543905536, 646.790002361859592 ], [ 782.525892210222196, 647.566297056610324 ] ] ] } },
{ "type": "Feature", "properties": { "feature_type": "building", "subtype": "major-damage", "uid": "546e0b43-8c45-4566-9fec-7ef9467bc8e6" }, "geometry": { "type": "Polygon", "coordinates": [ [ [ 791.69932209873889, 635.495994572317386 ], [ 780.836049865224709, 642.013957913675995 ], [ 782.139995439709423, 646.310002359164969 ], [ 770.2271991666438, 651.542358762276081 ], [ 761.219995436395152, 657.310002360243402 ], [ 759.592317489304378, 656.498320891037451 ], [ 755.005602545482361, 647.324891007004339 ], [ 749.1999954349576, 638.200002360804319 ], [ 755.53006754796354, 632.547510127008081 ], [ 762.903744658524829, 627.680883237701778 ], [ 770.679995436594709, 624.570002359381874 ], [ 772.05159177133055, 626.632498145096179 ], [ 784.55999543731491, 621.420002361271827 ], [ 791.69932209873889, 635.495994572317386 ] ] ] } },
{ "type": "Feature", "properties": { "feature_type": "building", "subtype": "major-damage", "uid": "22fb52f7-7631-40d1-bf0c-6e1374878ec8" }, "geometry": { "type": "Polygon", "coordinates": [ [ [ 782.889995437748098, 614.86000235769086 ], [ 770.356680570947901, 624.090131341746883 ], [ 770.389995436795289, 624.150002360764233 ], [ 762.670797920475366, 627.235545450421228 ], [ 755.224237692481893, 632.150275201502836 ], [ 748.929995437992488, 637.770002360676017 ], [ 748.246233157513302, 636.703024819350389 ], [ 738.53999543481666, 617.290002363727581 ], [ 751.050618398419942, 610.189948070017977 ], [ 757.569995438056594, 606.790002361383358 ], [ 759.273606650619968, 609.009457322853109 ], [ 775.07999543534072, 601.840002362643531 ], [ 782.889995437748098, 614.86000235769086 ] ] ] } },
{ "type": "Feature", "properties": { "feature_type": "building", "subtype": "major-damage", "uid": "5d3ace6a-bdeb-4b09-8998-f07585ec8872" }, "geometry": { "type": "Polygon", "coordinates": [ [ [ 752.539995435649416, 587.64000236388074 ], [ 752.758930243403256, 590.756362385390162 ], [ 754.557606738683944, 595.702722743191202 ], [ 756.333578785670397, 598.662676157932879 ], [ 757.679223358485842, 602.849125944626167 ], [ 758.949995434644848, 603.990002364282304 ], [ 756.571893160856803, 605.497229781639817 ], [ 757.25999543629564, 606.390002360800167 ], [ 750.811544436985173, 609.750720498626606 ], [ 738.30999543367102, 616.84000236157533 ], [ 737.865773018909749, 615.942104549239048 ], [ 729.657967330125871, 601.216335518281994 ], [ 734.968900421020294, 597.112432673981516 ], [ 733.520464121327564, 593.008529830678299 ], [ 749.936075500391325, 584.317912042865146 ], [ 752.539995435649416, 587.64000236388074 ] ] ] } },
{ "type": "Feature", "properties": { "feature_type": "building", "subtype": "major-damage", "uid": "63c73a84-e300-4f98-9f54-e8b9a26b4793" }, "geometry": { "type": "Polygon", "coordinates": [ [ [ 771.559995436319014, 595.980002362078039 ], [ 759.379995435084538, 603.710002361879333 ], [ 758.113962572214746, 602.567710032876903 ], [ 756.79196442697139, 598.454826910488919 ], [ 755.011079515694405, 595.486685386040563 ], [ 753.252899045231175, 590.651689103453691 ], [ 753.039995435567903, 587.500002361681823 ], [ 763.696220333104066, 582.86947574323392 ], [ 771.559995436319014, 595.980002362078039 ] ] ] } },
{ "type": "Feature", "properties": { "feature_type": "building", "subtype": "major-damage", "uid": "089cac77-2900-408b-ae0d-d7cc704a39c5" }, "geometry": { "type": "Polygon", "coordinates": [ [ [ 875.401025584976651, 625.406643298377503 ], [ 848.920311650443523, 641.295071657983499 ], [ 847.785423910294185, 638.268704349254676 ], [ 835.11251081347632, 644.321438963720198 ], [ 825.087669109426088, 629.567898343516163 ], [ 829.627220071831402, 625.784939208851824 ], [ 828.924607588569984, 626.116196364345797 ], [ 828.459995438717669, 625.58000236035582 ], [ 832.231477200966197, 622.659008032929478 ], [ 835.335042879664684, 622.659008033926852 ], [ 838.06043891908007, 623.243021469475366 ], [ 843.788158251911341, 619.424541913546136 ], [ 850.213778467280918, 617.723642446633676 ], [ 857.459775671965758, 613.337907299754193 ], [ 863.36313167061769, 607.244120459215651 ], [ 863.789995443711746, 606.580002360578533 ], [ 875.401025584976651, 625.406643298377503 ] ] ] } },
{ "type": "Feature", "properties": { "feature_type": "building", "subtype": "major-damage", "uid": "40c8be0c-b311-4177-867d-149dfd9412d2" }, "geometry": { "type": "Polygon", "coordinates": [ [ [ 851.938124086662128, 590.487421929280458 ], [ 854.586195479180333, 590.298273970552486 ], [ 861.839995440308371, 603.250002357219046 ], [ 856.517935172399575, 608.273425520346109 ], [ 856.150532194163702, 609.375634454430951 ], [ 851.141994962803778, 612.158155142760052 ], [ 842.268098307334185, 615.745475064081234 ], [ 833.95703426640921, 618.956567988343863 ], [ 830.695358096198788, 619.915884512749358 ], [ 826.729995440559605, 623.580002360431763 ], [ 824.919280412827561, 621.49466500761207 ], [ 817.489995439496397, 610.500002360309963 ], [ 820.18697300295787, 606.59502435256104 ], [ 822.787693122838618, 604.467162434605143 ], [ 836.297083119767194, 598.677423866662821 ], [ 845.703246425698921, 592.165464656956033 ], [ 850.806361146511563, 590.46442641471026 ], [ 851.579995444178962, 589.540002360666904 ], [ 851.938124086662128, 590.487421929280458 ] ] ] } },
{ "type": "Feature", "properties": { "feature_type": "building", "subtype": "major-damage", "uid": "ab3fe8d9-1a46-452e-9586-83aa83463721" }, "geometry": { "type": "Polygon", "coordinates": [ [ [ 844.75050173067882, 580.273432268678903 ], [ 847.776869039842495, 579.516840441746126 ], [ 849.599995441604619, 584.330002361547827 ], [ 845.951935242835589, 585.438590646303282 ], [ 840.131388834778136, 590.289045988369253 ], [ 828.170977911041177, 597.943708976891799 ], [ 823.288754524472779, 596.479041956513356 ], [ 819.851476296999181, 600.898399677722182 ], [ 811.789995440351504, 603.470002360532021 ], [ 810.438482169062468, 600.851824959370333 ], [ 808.281767539029715, 592.224966431255666 ], [ 806.179995437784669, 588.690002358928837 ], [ 829.530484130684385, 577.677687855266527 ], [ 837.889995438686583, 573.010002361997522 ], [ 844.75050173067882, 580.273432268678903 ] ] ] } },
{ "type": "Feature", "properties": { "feature_type": "building", "subtype": "major-damage", "uid": "22d81ce0-db55-4a57-82e3-97018526a01f" }, "geometry": { "type": "Polygon", "coordinates": [ [ [ 841.556793290303176, 565.111982485182466 ], [ 837.729995439700019, 568.040002359238997 ], [ 829.562678734922656, 569.978586820754344 ], [ 812.945591391654261, 579.852508285061504 ], [ 808.834446862432742, 579.368844219602465 ], [ 802.96999543890297, 583.280002360515482 ], [ 802.427827821567121, 582.3656995414118 ], [ 798.114398561626217, 575.279351466206663 ], [ 795.329995439610911, 570.980002361531092 ], [ 797.371588867838454, 569.136914632616254 ], [ 801.529602863762307, 566.490905722661068 ], [ 806.416665049807534, 562.355699260396818 ], [ 813.004016817639013, 560.661808804565794 ], [ 825.202349998948762, 554.943840125403199 ], [ 827.486518489598097, 550.946545272110143 ], [ 831.369995439842455, 547.960002357886879 ], [ 841.556793290303176, 565.111982485182466 ] ] ] } },
{ "type": "Feature", "properties": { "feature_type": "building", "subtype": "major-damage", "uid": "028f96bf-f680-4581-86c5-35edb3b15f93" }, "geometry": { "type": "Polygon", "coordinates": [ [ [ 828.249995438411588, 543.060002360715885 ], [ 825.040559284636856, 547.189723461131734 ], [ 820.353859075200489, 550.376679602789523 ], [ 804.742625247451656, 559.028688712500184 ], [ 800.57722451769439, 558.271343127254681 ], [ 790.87999543767512, 564.03000235987497 ], [ 789.179437939343643, 561.106655313801525 ], [ 784.24980449629436, 549.398775882860036 ], [ 794.725275566311666, 543.544836167389235 ], [ 807.973665450218277, 535.842283911818186 ], [ 819.0653406971104, 529.680242105167054 ], [ 828.249995438411588, 543.060002360715885 ] ] ] } },
{ "type": "Feature", "properties": { "feature_type": "building", "subtype": "major-damage", "uid": "d7962253-d83d-433c-99be-2562dd588073" }, "geometry": { "type": "Polygon", "coordinates": [ [ [ 768.294054175755946, 521.836583641228799 ], [ 773.122175169557977, 521.112365488421005 ], [ 771.673738871049522, 517.49127474333261 ], [ 811.505737069931456, 508.559250906910677 ], [ 816.092452012257354, 526.423298582746725 ], [ 796.055749889977051, 532.699855876493984 ], [ 779.398732460621545, 537.527976867617895 ], [ 778.191702213402209, 532.217043773292289 ], [ 772.880769118580588, 533.906886124524249 ], [ 768.294054175755946, 521.836583641228799 ] ] ] } },
{ "type": "Feature", "properties": { "feature_type": "building", "subtype": "major-damage", "uid": "07c55444-718f-4603-85a3-d430ab57fa25" }, "geometry": { "type": "Polygon", "coordinates": [ [ [ 760.810466634667819, 499.385821015895885 ], [ 763.224527135215567, 500.351445217312289 ], [ 767.087023928723625, 497.454572622039507 ], [ 767.32842997596083, 496.247542372014379 ], [ 805.953397929992093, 486.591300386774321 ], [ 811.264331020450186, 503.972535959408617 ], [ 773.122175170555352, 514.835808199660619 ], [ 771.432332820570878, 510.490499303759293 ], [ 766.121399726684331, 511.697529552786989 ], [ 760.810466634667819, 499.385821015895885 ] ] ] } },
{ "type": "Feature", "properties": { "feature_type": "building", "subtype": "major-damage", "uid": "28ba3aae-c653-4ff7-928c-9e666ebd2a97" }, "geometry": { "type": "Polygon", "coordinates": [ [ [ 755.909898512825748, 472.950497569435527 ], [ 787.119311362694702, 466.51946704349831 ], [ 788.254199101784366, 467.654354786889826 ], [ 796.765857152530657, 466.141171131029296 ], [ 802.061999938876284, 482.407895403104192 ], [ 761.395189256091498, 495.269956456973489 ], [ 755.909898512825748, 472.950497569435527 ] ] ] } },
{ "type": "Feature", "properties": { "feature_type": "building", "subtype": "major-damage", "uid": "f558d49b-77f3-4969-ae38-1a1172c7a713" }, "geometry": { "type": "Polygon", "coordinates": [ [ [ 753.45097507305104, 451.955074383019678 ], [ 789.767382759015504, 441.173640853215772 ], [ 796.765857151346268, 461.601620172424191 ], [ 770.09599526126442, 468.410946610830479 ], [ 767.447923868808516, 467.465206826166991 ], [ 758.368821947738184, 470.302426177165273 ], [ 753.45097507305104, 451.955074383019678 ] ] ] } },
{ "type": "Feature", "properties": { "feature_type": "building", "subtype": "major-damage", "uid": "ebeb4fdc-8cf0-46fc-ab5c-423d43803dcc" }, "geometry": { "type": "Polygon", "coordinates": [ [ [ 742.204752219406714, 431.162207040780402 ], [ 776.484411275481762, 424.644243697426987 ], [ 782.036750418475549, 441.301261126229974 ], [ 762.965672493683996, 447.819224467588583 ], [ 759.344581751028613, 446.37078816995222 ], [ 746.79146716441312, 450.474691017244879 ], [ 742.204752219406714, 431.162207040780402 ] ] ] } },
{ "type": "Feature", "properties": { "feature_type": "building", "subtype": "major-damage", "uid": "6f7f0681-ae13-42d8-8de5-731382b86c54" }, "geometry": { "type": "Polygon", "coordinates": [ [ [ 870.967903717360628, 599.784012811181583 ], [ 904.764750671231582, 581.195746987524899 ], [ 909.592871664098539, 583.851213532194265 ], [ 915.145210809523519, 595.680109964886356 ], [ 904.28193857251847, 602.922291457057895 ], [ 906.454593019844651, 606.06057009994197 ], [ 878.934303353297082, 620.786339132893772 ], [ 870.967903717360628, 599.784012811181583 ] ] ] } },
{ "type": "Feature", "properties": { "feature_type": "building", "subtype": "major-damage", "uid": "606f849e-a9fe-4885-b03e-b58fd8449614" }, "geometry": { "type": "Polygon", "coordinates": [ [ [ 858.173383084131387, 580.712934885320578 ], [ 896.315538931719743, 558.986390412795458 ], [ 897.763975230602114, 563.573105357305508 ], [ 902.109284123820771, 563.81451140990373 ], [ 905.7303748721489, 575.88481389319918 ], [ 896.074132883235848, 581.19574698553015 ], [ 897.522569180809228, 582.644183284163887 ], [ 868.553843217187023, 598.576982563151319 ], [ 860.104631479108775, 583.851213535186389 ], [ 858.173383084131387, 580.712934885320578 ] ] ] } },
{ "type": "Feature", "properties": { "feature_type": "building", "subtype": "major-damage", "uid": "da52b246-c1d7-457b-91f2-55857795afe7" }, "geometry": { "type": "Polygon", "coordinates": [ [ [ 845.861674547059465, 562.124669063658644 ], [ 857.690570982924669, 557.537954121143343 ], [ 855.759322587448537, 554.158269423666184 ], [ 886.17648484340782, 538.225470143681491 ], [ 894.384290533002059, 551.744208923616043 ], [ 883.279612247637829, 559.710608566600513 ], [ 884.486642496914214, 562.124669063658644 ], [ 856.242134682982623, 578.298874389259936 ], [ 845.861674547059465, 562.124669063658644 ] ] ] } },
{ "type": "Feature", "properties": { "feature_type": "building", "subtype": "major-damage", "uid": "94677e3d-6013-489c-acfa-87f5decf834d" }, "geometry": { "type": "Polygon", "coordinates": [ [ [ 835.722620458996971, 541.122342739951591 ], [ 874.830400510058325, 516.74033172375448 ], [ 883.521018296869784, 534.604379398593096 ], [ 874.58899446039004, 540.639530641736883 ], [ 874.830400512551819, 542.087966937378496 ], [ 848.034328993824715, 559.952014616206611 ], [ 837.895274907507542, 544.260621387822653 ], [ 835.722620458996971, 541.122342739951591 ] ] ] } },
{ "type": "Feature", "properties": { "feature_type": "building", "subtype": "major-damage", "uid": "d9061950-124f-429e-ab0f-7014581d5536" }, "geometry": { "type": "Polygon", "coordinates": [ [ [ 823.410911925291316, 517.947361971784858 ], [ 858.17338307939383, 499.600502196736784 ], [ 867.105406918803283, 516.257519623545022 ], [ 833.791372061463676, 538.466876193287476 ], [ 823.410911925291316, 517.947361971784858 ] ] ] } },
{ "type": "Feature", "properties": { "feature_type": "building", "subtype": "major-damage", "uid": "a90682a9-80d8-47f3-ba3a-e1402fefd64b" }, "geometry": { "type": "Polygon", "coordinates": [ [ [ 813.321174843537506, 491.0887840067669 ], [ 854.373232273058989, 477.157760906352678 ], [ 859.560315343600905, 491.829795870924215 ], [ 851.705589550699187, 495.534855203679115 ], [ 853.335815657616649, 499.832724031150917 ], [ 821.027698259144586, 513.319140010278034 ], [ 813.321174843537506, 491.0887840067669 ] ] ] } },
{ "type": "Feature", "properties": { "feature_type": "building", "subtype": "major-damage", "uid": "dec41277-ef24-4a0e-8fd2-621b14b8dc9c" }, "geometry": { "type": "Polygon", "coordinates": [ [ [ 817.636416339253515, 465.030577076931309 ], [ 847.573295762038242, 456.583041797412307 ], [ 850.833747975374536, 470.958672013129217 ], [ 839.718569971006559, 474.367326603013908 ], [ 840.311379466969925, 479.850814415930017 ], [ 823.564511272767959, 484.889695112546008 ], [ 817.636416339253515, 465.030577076931309 ] ] ] } },
{ "type": "Feature", "properties": { "feature_type": "building", "subtype": "major-damage", "uid": "a7dc5299-d6c3-4fa6-9e43-0eb60c468129" }, "geometry": { "type": "Polygon", "coordinates": [ [ [ 806.521238334885425, 467.401815054801489 ], [ 801.778762387064035, 446.801685155029588 ], [ 805.780226467487068, 446.357078033742596 ], [ 835.420701142477242, 439.243364108110882 ], [ 841.941605574822461, 438.946959363245924 ], [ 845.646664906017008, 453.02618483509508 ], [ 833.938677409114234, 455.842029928268119 ], [ 833.494070288700073, 457.768660782856614 ], [ 806.521238334885425, 467.401815054801489 ] ] ] } },
{ "type": "Feature", "properties": { "feature_type": "building", "subtype": "major-damage", "uid": "6a7fe9b6-dfc9-4d03-bc3e-f9d66f5682e8" }, "geometry": { "type": "Polygon", "coordinates": [ [ [ 794.494743351065836, 427.065302787941391 ], [ 803.683290502404816, 425.583279053642627 ], [ 802.645873889331256, 421.87821971789549 ], [ 835.991407898695115, 411.504053580795926 ], [ 840.585681473647696, 430.62215974726638 ], [ 811.093409170466657, 440.996325882371309 ], [ 800.571040660067183, 444.404980472255886 ], [ 794.494743351065836, 427.065302787941391 ] ] ] } },
{ "type": "Feature", "properties": { "feature_type": "building", "subtype": "major-damage", "uid": "7924dafb-b827-492b-89cc-9cb040f182fe" }, "geometry": { "type": "Polygon", "coordinates": [ [ [ 787.722144083206899, 403.316070771652278 ], [ 830.469582286689842, 390.264861761049872 ], [ 833.685097550280148, 401.992035075517208 ], [ 832.36106185582878, 408.612213556192785 ], [ 800.773353090062415, 420.717682783129192 ], [ 800.395057176970226, 424.311493963055113 ], [ 795.288062347170808, 425.257233742731728 ], [ 792.829138910201209, 416.178131822529394 ], [ 788.100439993182249, 406.531586035119574 ], [ 787.722144083206899, 403.316070771652278 ] ] ] } },
{ "type": "Feature", "properties": { "feature_type": "building", "subtype": "major-damage", "uid": "8fee4e12-f54b-4cad-a42c-65f834ba924c" }, "geometry": { "type": "Polygon", "coordinates": [ [ [ 782.184381692112083, 377.766443362724203 ], [ 808.854243580884827, 370.767968966587318 ], [ 812.25890680270436, 374.929224013720727 ], [ 821.148860769659677, 374.36178014152631 ], [ 826.255855597152731, 388.737024850258592 ], [ 785.967340824093981, 401.599085905125207 ], [ 778.590570513559442, 379.090479062848772 ], [ 782.184381692112083, 377.766443362724203 ] ] ] } },
{ "type": "Feature", "properties": { "feature_type": "building", "subtype": "major-damage", "uid": "692dbaaf-fa04-482f-b8bc-24ae737c10b5" }, "geometry": { "type": "Polygon", "coordinates": [ [ [ 775.62859010936279, 397.616039105529921 ], [ 785.113542005753629, 419.105383246878489 ], [ 771.627126027568465, 423.551454449775008 ], [ 769.996899923268984, 422.514037834768374 ], [ 755.176662580288394, 426.367299544942682 ], [ 753.694638848234376, 425.329882931930911 ], [ 740.504627615101072, 428.738537518823478 ], [ 735.021139801938375, 413.325490686105184 ], [ 740.504627614290712, 410.95425271022981 ], [ 738.726199135439515, 408.583014735351583 ], [ 775.62859010936279, 397.616039105529921 ] ] ] } },
{ "type": "Feature", "properties": { "feature_type": "building", "subtype": "major-damage", "uid": "7ba1c9dd-e02b-4da3-8661-8a8212503cf7" }, "geometry": { "type": "Polygon", "coordinates": [ [ [ 731.113002057622111, 389.009370233076993 ], [ 766.53336929537727, 379.079811216267103 ], [ 774.091690342105153, 396.123084154719322 ], [ 736.151882750059031, 407.090059785538415 ], [ 731.113002057622111, 389.009370233076993 ] ] ] } },
{ "type": "Feature", "properties": { "feature_type": "building", "subtype": "minor-damage", "uid": "306aa857-c797-4f60-87c9-8297b91065ca" }, "geometry": { "type": "Polygon", "coordinates": [ [ [ 762.911805861522907, 312.755103948826616 ], [ 782.322237550394448, 313.987512309558383 ], [ 777.084502016850593, 346.954435971102328 ], [ 762.295601681282051, 342.949108795731888 ], [ 762.911805861522907, 312.755103948826616 ] ] ] } },
{ "type": "Feature", "properties": { "feature_type": "building", "subtype": "minor-damage", "uid": "59890911-6b15-4446-82af-a0702e858072" }, "geometry": { "type": "Polygon", "coordinates": [ [ [ 787.25187099624884, 316.4523290300246 ], [ 795.5706274336776, 316.760431120207613 ], [ 797.727342067263635, 313.987512308561008 ], [ 806.354200594251779, 317.376635304563024 ], [ 796.494933703166339, 356.505600768768375 ], [ 781.089829189600891, 353.42457986594161 ], [ 787.25187099624884, 316.4523290300246 ] ] ] } },
{ "type": "Feature", "properties": { "feature_type": "building", "subtype": "minor-damage", "uid": "6924b000-2863-4f1e-8d56-8614863af464" }, "geometry": { "type": "Polygon", "coordinates": [ [ [ 800.424872374815209, 360.299185832164085 ], [ 809.613419529769658, 322.211175873650291 ], [ 828.4351209454436, 326.953651819417018 ], [ 825.767478226387539, 342.366698652135312 ], [ 821.766014144655401, 366.968292633516626 ], [ 802.351503230462413, 361.633007191038303 ], [ 800.424872374815209, 360.299185832164085 ] ] ] } },
{ "type": "Feature", "properties": { "feature_type": "building", "subtype": "minor-damage", "uid": "cb768fd0-c034-42dc-b7a2-8d28c0b1c0b7" }, "geometry": { "type": "Polygon", "coordinates": [ [ [ 831.547370790025298, 327.250056567274214 ], [ 836.586251482025773, 327.54646131313649 ], [ 839.253894207627241, 326.509044699127401 ], [ 849.331655594558015, 329.621294540157521 ], [ 842.958953541813912, 365.041661776933381 ], [ 824.730061613687894, 360.150983455742107 ], [ 826.063882973247132, 350.666031563211277 ], [ 831.547370790025298, 327.250056567274214 ] ] ] } },
{ "type": "Feature", "properties": { "feature_type": "building", "subtype": "major-damage", "uid": "8f67f048-1ed2-4891-82bf-9ca2cdbf90c8" }, "geometry": { "type": "Polygon", "coordinates": [ [ [ 920.600978821540593, 276.730035138726009 ], [ 928.567378460344571, 279.868313782607515 ], [ 926.153317964596795, 290.007367872046586 ], [ 934.602529703610003, 291.697210219289104 ], [ 928.567378460032842, 316.079221237481022 ], [ 914.565827578586891, 313.906566791026421 ], [ 914.807233629377151, 302.801888505157706 ], [ 914.565827577340087, 298.697985661854602 ], [ 918.186918322800693, 279.144095636781401 ], [ 920.600978821540593, 276.730035138726009 ] ] ] } },
{ "type": "Feature", "properties": { "feature_type": "building", "subtype": "major-damage", "uid": "bb1a3fea-a29b-48a2-8c31-1125fa1dd537" }, "geometry": { "type": "Polygon", "coordinates": [ [ [ 896.94318595074526, 270.694883897576915 ], [ 906.840833991445948, 272.143320199202776 ], [ 907.565052136586019, 276.730035138726009 ], [ 914.807233627631831, 280.351125886806528 ], [ 911.186142883854245, 301.353452204529219 ], [ 907.565052137645694, 303.767512703581986 ], [ 905.875209789718383, 310.526882094546693 ], [ 895.49474965279785, 308.354227645099911 ], [ 896.460373853278725, 303.043294553766373 ], [ 891.149440758519518, 300.629234057705673 ], [ 895.736155703837539, 273.591756491852323 ], [ 896.94318595074526, 270.694883897576915 ] ] ] } },
{ "type": "Feature", "properties": { "feature_type": "building", "subtype": "major-damage", "uid": "1583cf63-b8ca-43e5-ac6b-fd3bf1d2435a" }, "geometry": { "type": "Polygon", "coordinates": [ [ [ 878.354920128718732, 259.831611661314298 ], [ 895.736155703588224, 264.418326606821779 ], [ 891.390846808125502, 278.902689588172677 ], [ 886.079913714363556, 279.385501686387499 ], [ 882.941635070920029, 302.319076406942997 ], [ 867.974459991798312, 299.422203809675409 ], [ 878.354920128718732, 259.831611661314298 ] ] ] } },
{ "type": "Feature", "properties": { "feature_type": "building", "subtype": "major-damage", "uid": "0172d41e-abb7-47f2-836e-1b862891dd04" }, "geometry": { "type": "Polygon", "coordinates": [ [ [ 854.938533307840999, 256.934739068036322 ], [ 871.595550736884775, 262.245672161364496 ], [ 868.698678137062984, 285.179246880922619 ], [ 866.043211594078002, 285.903465027746108 ], [ 864.594775293387897, 291.214398121074282 ], [ 848.903382063640493, 286.386277127955623 ], [ 854.938533307840999, 256.934739068036322 ] ] ] } },
{ "type": "Feature", "properties": { "feature_type": "building", "subtype": "major-damage", "uid": "e4af582d-2a33-40cc-a60a-c61eb743ed12" }, "geometry": { "type": "Polygon", "coordinates": [ [ [ 832.810554333003779, 250.711827963593493 ], [ 851.484053376868701, 255.898911031644587 ], [ 846.000565562085285, 282.130731118759911 ], [ 842.59191097263863, 281.241516880175425 ], [ 839.183256388677705, 294.283325738015492 ], [ 822.288185820360241, 288.651635546682598 ], [ 831.773137717000395, 251.60104220317541 ], [ 832.810554333003779, 250.711827963593493 ] ] ] } },
{ "type": "Feature", "properties": { "feature_type": "building", "subtype": "major-damage", "uid": "6719bd5f-f12b-4a08-8e20-7352e2711526" }, "geometry": { "type": "Polygon", "coordinates": [ [ [ 806.434357608524692, 248.404255972519508 ], [ 811.917845424554798, 247.070434610653194 ], [ 818.586952222911805, 248.997065464244287 ], [ 817.845940358380972, 254.480553279155089 ], [ 826.145273267270909, 256.258981762308508 ], [ 822.884821051939866, 277.303718784364776 ], [ 819.327964089624516, 277.155516405947992 ], [ 818.142345105552181, 283.676420836862917 ], [ 808.953797956457379, 282.49080185141861 ], [ 809.398405073505273, 278.044730648522091 ], [ 804.21132200502052, 277.303718784364776 ], [ 806.434357608524692, 248.404255972519508 ] ] ] } },
{ "type": "Feature", "properties": { "feature_type": "building", "subtype": "major-damage", "uid": "4ba13885-7533-48ec-8a63-50c215a56383" }, "geometry": { "type": "Polygon", "coordinates": [ [ [ 786.427037198243625, 244.106387143052899 ], [ 803.618512511612948, 245.292006133484108 ], [ 802.729298272779488, 248.848863096798709 ], [ 804.804131499487767, 249.2934702130988 ], [ 800.950869789502462, 279.082147262531294 ], [ 793.392548747948467, 277.600123527235098 ], [ 792.058727387329554, 284.417432705009674 ], [ 783.018382610417802, 282.639004225845781 ], [ 782.721977867173678, 278.933944888104008 ], [ 781.536358876743066, 276.710909288650612 ], [ 781.980965997718158, 270.931016726879875 ], [ 782.721977864119253, 264.261909926524709 ], [ 786.427037198243625, 244.106387143052899 ] ] ] } },
{ "type": "Feature", "properties": { "feature_type": "building", "subtype": "major-damage", "uid": "5c2b8b66-89d5-4109-8412-6e3a269ffb60" }, "geometry": { "type": "Polygon", "coordinates": [ [ [ 762.862859828078285, 241.735149172164313 ], [ 770.865787992976152, 241.735149172164313 ], [ 771.458597485137034, 251.516505814547003 ], [ 778.424109035527522, 251.368303441117092 ], [ 781.239954128262752, 267.52236213898999 ], [ 779.461525648601082, 270.931016728874681 ], [ 776.942085300606095, 271.375623847169493 ], [ 777.979501913991385, 278.341135396379173 ], [ 764.048478819132242, 280.267766251965099 ], [ 761.529038469267107, 272.561242835605981 ], [ 757.675776760528493, 269.745397739440875 ], [ 760.936228978602344, 262.483481443371375 ], [ 761.677240841450271, 243.95818477460989 ], [ 762.862859828078285, 241.735149172164313 ] ] ] } },
{ "type": "Feature", "properties": { "feature_type": "building", "subtype": "minor-damage", "uid": "bd2cf3b4-9342-4834-8db0-03458f9bee7e" }, "geometry": { "type": "Polygon", "coordinates": [ [ [ 726.081093923742174, 250.299508985186208 ], [ 741.212930457217794, 244.625070284187103 ], [ 757.47965473408442, 281.130625918737223 ], [ 755.020731295182486, 285.291880967865325 ], [ 744.995889594061964, 287.939952360135578 ], [ 737.808267241818953, 273.186411741926293 ], [ 734.403604019064346, 274.699595395792073 ], [ 726.081093923742174, 250.299508985186208 ] ] ] } },
{ "type": "Feature", "properties": { "feature_type": "building", "subtype": "minor-damage", "uid": "84d5e4ed-9913-4c9a-82a3-282507c5ff12" }, "geometry": { "type": "Polygon", "coordinates": [ [ [ 699.789527946690214, 273.753855613123392 ], [ 710.381813520067112, 265.05304960339538 ], [ 718.136879744192584, 271.862376044793791 ], [ 722.487282746311507, 269.025156693795623 ], [ 730.053201016322078, 277.536814744795606 ], [ 732.512124452917533, 276.401927005393588 ], [ 743.671853895184768, 288.318248275596773 ], [ 732.701272408154637, 299.856273629341274 ], [ 730.62064488471367, 300.04542158607461 ], [ 726.459389841073289, 300.04542158607461 ], [ 714.353920609343163, 290.209727840934192 ], [ 700.356971817512886, 277.536814746790412 ], [ 699.789527946690214, 273.753855613123392 ] ] ] } },
{ "type": "Feature", "properties": { "feature_type": "building", "subtype": "minor-damage", "uid": "75983add-03e5-49af-8796-b4348b29e0dd" }, "geometry": { "type": "Polygon", "coordinates": [ [ [ 688.027693970918563, 293.530078252993121 ], [ 701.497664718284909, 282.266395816050021 ], [ 722.515463901821363, 300.845665813475875 ], [ 722.28322302868628, 303.16807456427631 ], [ 725.999077029640716, 308.625735122722517 ], [ 717.522285091891945, 317.218647495796517 ], [ 713.458069778055915, 313.502793497707614 ], [ 711.600142779511089, 314.896238749983127 ], [ 709.277734033324805, 312.225468689105981 ], [ 704.981277842800523, 313.96727524846608 ], [ 691.046825346358901, 300.961786252162881 ], [ 691.627427531315902, 299.219979688813282 ], [ 688.027693970918563, 293.530078252993121 ] ] ] } },
{ "type": "Feature", "properties": { "feature_type": "building", "subtype": "minor-damage", "uid": "401d7d87-efdf-4c4c-9581-ba9074ec5988" }, "geometry": { "type": "Polygon", "coordinates": [ [ [ 678.494196443862734, 312.971296666728222 ], [ 677.548456659636145, 308.053449792661922 ], [ 675.467829136943237, 304.837934533184182 ], [ 678.683344402278976, 301.054975398519787 ], [ 682.466303533388214, 305.027082488919973 ], [ 686.438410624908329, 300.10923561684848 ], [ 709.514461339242644, 319.213179236929591 ], [ 708.190425639679688, 321.293806760994983 ], [ 712.162532730015528, 324.698469980198126 ], [ 703.650874679892581, 335.101607596535473 ], [ 702.137691029643179, 333.777571900400289 ], [ 696.463252327462556, 329.238020942792673 ], [ 692.112849322974739, 333.020980074464887 ], [ 676.413568919362092, 316.565107844659281 ], [ 678.494196443862734, 312.971296666728222 ] ] ] } },
{ "type": "Feature", "properties": { "feature_type": "building", "subtype": "major-damage", "uid": "44f1b932-0b85-4b35-a2d9-c6c482bc14e6" }, "geometry": { "type": "Polygon", "coordinates": [ [ [ 703.482626201897233, 549.983203221774602 ], [ 744.338584842911246, 537.121142164913181 ], [ 748.310691932436725, 548.659167524642044 ], [ 746.797508281252135, 551.49638687364552 ], [ 739.988181839919548, 554.901050094843413 ], [ 741.12306958299871, 562.088672444721396 ], [ 709.724508775336972, 573.437549846719662 ], [ 702.915182332383665, 553.38786644197512 ], [ 703.482626201897233, 549.983203221774602 ] ] ] } },
{ "type": "Feature", "properties": { "feature_type": "building", "subtype": "major-damage", "uid": "e22922ba-aaf3-4f7f-92df-1e9faf5f8b88" }, "geometry": { "type": "Polygon", "coordinates": [ [ [ 701.023702765613393, 548.659167525639418 ], [ 695.349264065863963, 532.014147339100646 ], [ 706.130697596908931, 529.555223901568866 ], [ 704.050070072158974, 525.393968854435457 ], [ 730.53078400987124, 515.179979192836527 ], [ 731.098227876143369, 518.017198542837377 ], [ 736.394370666914824, 515.558275106302972 ], [ 742.636253237424739, 531.635851423639451 ], [ 729.206748312490049, 536.931994211172082 ], [ 729.39589626535826, 539.390917647706601 ], [ 701.023702765613393, 548.659167525639418 ] ] ] } },
{ "type": "Feature", "properties": { "feature_type": "building", "subtype": "minor-damage", "uid": "dca2096c-a641-4a61-90f0-ea6e9df50368" }, "geometry": { "type": "Polygon", "coordinates": [ [ [ 687.405049885005269, 503.263657924628092 ], [ 728.071860569410887, 491.914780525622007 ], [ 733.746299268973303, 510.64042823323399 ], [ 703.671774160375776, 521.232713810294172 ], [ 702.536886418543304, 526.528856594834679 ], [ 694.4035242807646, 528.609484119897502 ], [ 687.405049885005269, 503.263657924628092 ] ] ] } },
{ "type": "Feature", "properties": { "feature_type": "building", "subtype": "minor-damage", "uid": "8582f2f9-c12c-4d8d-a2fe-20f5b9dd6fb9" }, "geometry": { "type": "Polygon", "coordinates": [ [ [ 711.842256712602193, 449.548393538091489 ], [ 713.917089941866266, 455.624690849714113 ], [ 718.807768259501927, 455.031881353999779 ], [ 721.030803862819084, 465.702452237959221 ], [ 713.917089939871516, 467.629083091550228 ], [ 714.954506551262057, 473.408975653320908 ], [ 691.390329182904452, 481.708308563399612 ], [ 691.093924439847342, 477.855046855219996 ], [ 689.315495956009158, 477.706844484782209 ], [ 687.981674594953915, 471.334142425302616 ], [ 682.794591527778152, 472.667963786171526 ], [ 679.830544060366492, 464.368630879085003 ], [ 685.099518295956614, 462.104649692338683 ], [ 685.856110121829374, 457.254916957442788 ], [ 711.39764959362185, 449.993000660375913 ], [ 711.842256712602193, 449.548393538091489 ] ] ] } },
{ "type": "Feature", "properties": { "feature_type": "building", "subtype": "minor-damage", "uid": "7ee2f510-6287-42d0-97e8-2ac7e8c963bc" }, "geometry": { "type": "Polygon", "coordinates": [ [ [ 680.635679370232538, 438.627526158382921 ], [ 708.440429002957217, 429.926720154639327 ], [ 711.466796313118266, 447.5174801208546 ], [ 684.721222384921475, 457.254916955447982 ], [ 684.721222384859061, 462.293797651066711 ], [ 676.474424325033738, 464.351648268116207 ], [ 670.043393798725788, 441.843041420852785 ], [ 680.635679370232538, 438.627526158382921 ] ] ] } },
{ "type": "Feature", "properties": { "feature_type": "building", "subtype": "minor-damage", "uid": "6dbf6340-dcc3-4e41-afce-a43ce937dece" }, "geometry": { "type": "Polygon", "coordinates": [ [ [ 696.175587993184081, 406.126546510139178 ], [ 699.072460589577418, 406.850764661949597 ], [ 705.590423934111868, 421.817939738523194 ], [ 694.72715169716912, 424.473406285187309 ], [ 695.934181944637771, 430.74996357693982 ], [ 681.449818963294206, 436.060896667275927 ], [ 679.759976614868265, 430.991369629537985 ], [ 673.966231423702197, 432.439805925179712 ], [ 670.909995430180174, 418.560002365691673 ], [ 672.017862627459067, 413.987482210843893 ], [ 673.858462178054992, 412.376957609510612 ], [ 680.799777905795622, 409.504689029073688 ], [ 689.957722327973897, 407.576700729509298 ], [ 696.175587993308682, 405.88000236216368 ], [ 696.175587993184081, 406.126546510139178 ] ] ] } },
{ "type": "Feature", "properties": { "feature_type": "building", "subtype": "minor-damage", "uid": "59053df1-05b2-4e5f-89c5-ca680835fbd1" }, "geometry": { "type": "Polygon", "coordinates": [ [ [ 696.175587993869726, 403.71248601008898 ], [ 696.17558799555286, 405.360002363400213 ], [ 689.840339078885108, 407.090452788824621 ], [ 680.651423723468838, 409.024961281959918 ], [ 673.591188570698591, 411.946437901045101 ], [ 671.569291323921448, 413.715597992201879 ], [ 670.449995431878506, 418.340002364373618 ], [ 663.102959185699774, 421.093721592697079 ], [ 657.067807944740707, 397.918740822535483 ], [ 662.378741038315638, 396.711710572510526 ], [ 690.864654901541599, 387.779686733096412 ], [ 696.175587993869726, 403.71248601008898 ] ] ] } },
{ "type": "Feature", "properties": { "feature_type": "building", "subtype": "minor-damage", "uid": "ce96df1d-4f4c-43f8-af4a-4055868ea395" }, "geometry": { "type": "Polygon", "coordinates": [ [ [ 657.727013236498692, 356.87148786548488 ], [ 686.937145249103537, 359.044142311939595 ], [ 686.212927098477962, 362.906639105636714 ], [ 689.592611794145569, 363.148045157237505 ], [ 691.523860194047529, 375.701159738747776 ], [ 683.557460552064526, 376.425377887566015 ], [ 682.109024255613235, 384.391777527558418 ], [ 657.72701324036359, 382.219123080106385 ], [ 656.519982987970252, 371.597256894447185 ], [ 656.519982988531297, 360.733984659182113 ], [ 657.727013236498692, 356.87148786548488 ] ] ] } },
{ "type": "Feature", "properties": { "feature_type": "building", "subtype": "minor-damage", "uid": "95ae9b89-9075-4ecf-a433-b18411a8a124" }, "geometry": { "type": "Polygon", "coordinates": [ [ [ 667.968405587278426, 192.411545850684291 ], [ 700.935329246873152, 196.416873020070511 ], [ 695.697593712394337, 225.994673689601996 ], [ 679.368182926597456, 223.529856968138489 ], [ 679.368182926472855, 229.383796684606608 ], [ 670.12512021924374, 227.843286233691913 ], [ 669.200813947012307, 216.751610984113597 ], [ 664.579282596763846, 212.130079627379899 ], [ 667.660303494976233, 195.184464659338687 ], [ 667.968405587278426, 192.411545850684291 ] ] ] } },
{ "type": "Feature", "properties": { "feature_type": "building", "subtype": "minor-damage", "uid": "61f5561a-a470-4c5b-8a90-4bdeeed8ed3e" }, "geometry": { "type": "Polygon", "coordinates": [ [ [ 609.061414507375616, 272.833169280288473 ], [ 610.574598161801532, 272.644021321560615 ], [ 621.734327608806325, 271.319985626422806 ], [ 621.166883734929115, 267.726174449489122 ], [ 620.221143952759576, 253.729225655220489 ], [ 631.002577482308538, 253.729225655220489 ], [ 631.191725440662367, 263.186623488889211 ], [ 634.785536616160584, 263.754067359088879 ], [ 634.974684571771604, 273.778909060962519 ], [ 640.649123275199031, 273.778909060962519 ], [ 641.405715098890028, 296.28751590523359 ], [ 621.545179652447246, 296.665811816705286 ], [ 621.356031692846614, 299.31388321196772 ], [ 617.00562869078999, 299.31388321196772 ], [ 617.951368472086756, 293.82859246770181 ], [ 613.979261385428799, 292.126260859097613 ], [ 614.546705255503525, 287.965005811964204 ], [ 609.061414507749532, 285.695230333160282 ], [ 609.061414507375616, 272.833169280288473 ] ] ] } },
{ "type": "Feature", "properties": { "feature_type": "building", "subtype": "minor-damage", "uid": "d8a828ed-500a-44b3-9b70-b1618572303b" }, "geometry": { "type": "Polygon", "coordinates": [ [ [ 658.171917451473064, 234.4553931504079 ], [ 661.551602145457537, 233.006956850776788 ], [ 663.482850545546626, 233.731175001589691 ], [ 666.862535239281783, 230.110084256501295 ], [ 674.104716728769176, 233.972581051195789 ], [ 679.898461922740353, 241.214762540375204 ], [ 688.589079709863427, 253.767877124877714 ], [ 667.828159438578268, 272.114736900923106 ], [ 646.584427064216356, 250.871004526612694 ], [ 644.411772618448595, 245.560071434281809 ], [ 658.171917451473064, 234.4553931504079 ] ] ] } },
{ "type": "Feature", "properties": { "feature_type": "building", "subtype": "major-damage", "uid": "13a8b114-37e4-4fde-aef9-19f24ca9baf1" }, "geometry": { "type": "Polygon", "coordinates": [ [ [ 833.939249501050426, 145.627140820606286 ], [ 837.02027040506016, 145.319038727431206 ], [ 837.328372495429903, 142.238017827596508 ], [ 869.062887795103734, 150.248672174347888 ], [ 866.906173163387962, 173.356328945050592 ], [ 821.923267981241224, 165.037572509113602 ], [ 825.312390975807602, 144.394732460871893 ], [ 833.939249501050426, 145.627140820606286 ] ] ] } },
{ "type": "Feature", "properties": { "feature_type": "building", "subtype": "major-damage", "uid": "4b989ea9-a3ec-4c90-857a-59714e123d73" }, "geometry": { "type": "Polygon", "coordinates": [ [ [ 775.119806086398057, 183.339179092170809 ], [ 784.054766709678006, 180.874362370707189 ], [ 794.222135688016579, 186.112097901822608 ], [ 788.060093883238665, 218.462817382003209 ], [ 785.287175067978069, 229.862594722761798 ], [ 765.876743378545598, 226.781573819934891 ], [ 768.033458013316022, 214.765592300805196 ], [ 769.265866371242055, 208.603550494154092 ], [ 770.498274733219887, 195.047058523112298 ], [ 774.503601910832458, 192.582241797659208 ], [ 775.119806086398057, 183.339179092170809 ] ] ] } },
{ "type": "Feature", "properties": { "feature_type": "building", "subtype": "major-damage", "uid": "b69b4231-812b-49f4-8345-22dc362522f5" }, "geometry": { "type": "Polygon", "coordinates": [ [ [ 815.024328227222554, 192.574110228378487 ], [ 815.179995437251364, 192.640002362419608 ], [ 814.149995437620078, 203.310002361520787 ], [ 814.035799779281888, 203.296852327503501 ], [ 810.689995437937796, 226.860002364441812 ], [ 810.679019334689542, 226.853769281416589 ], [ 807.782146738545521, 236.510011267654107 ], [ 789.918099058479811, 232.647514473956988 ], [ 787.50403856136063, 226.612363232807894 ], [ 795.953250301308913, 190.884267878143902 ], [ 803.919649944351704, 185.81474083641649 ], [ 815.024328227222554, 192.574110228378487 ] ] ] } },
{ "type": "Feature", "properties": { "feature_type": "building", "subtype": "major-damage", "uid": "4e758406-38f6-4299-8313-1a1eaf86196d" }, "geometry": { "type": "Polygon", "coordinates": [ [ [ 835.785248499131058, 194.746764675830491 ], [ 833.371188005814361, 206.57566110852261 ], [ 836.268060599901332, 208.024097405161598 ], [ 831.922751704189182, 230.233453975901512 ], [ 823.232133915819418, 229.509235829078108 ], [ 822.990727867335522, 227.095175331022688 ], [ 817.196982674237006, 225.888145083989713 ], [ 816.714170574277091, 227.577987428239993 ], [ 812.80999543735004, 227.110002361315509 ], [ 816.162930387248025, 205.87493480304741 ], [ 816.239995440479447, 203.560002359391888 ], [ 817.437173059677662, 202.862479173922793 ], [ 818.069995437723605, 193.850002361690514 ], [ 819.611043170171797, 194.505358623232297 ], [ 820.335261318054563, 192.091298127171598 ], [ 835.785248499131058, 194.746764675830491 ] ] ] } },
{ "type": "Feature", "properties": { "feature_type": "building", "subtype": "major-damage", "uid": "b61add84-2c58-49a1-a8e1-75c6ad4b4b62" }, "geometry": { "type": "Polygon", "coordinates": [ [ [ 859.11206889062521, 205.254402338324411 ], [ 860.149485506316864, 206.884628446053114 ], [ 858.222854654908588, 216.221377965154005 ], [ 858.222854651729449, 223.03868713893911 ], [ 855.703414302674673, 228.52217495584469 ], [ 856.740830919239102, 236.228698370209088 ], [ 854.814200064776287, 244.083424161992809 ], [ 851.998354967677528, 243.490614665281214 ], [ 851.998354971916342, 249.418709605468592 ], [ 832.435641681613106, 244.083424162990212 ], [ 838.808343741276531, 210.58968777781061 ], [ 843.995426808078264, 207.92204505607279 ], [ 845.477450543560735, 201.104735883285088 ], [ 848.441498006733582, 200.956533505865707 ], [ 859.11206889062521, 205.254402338324411 ] ] ] } },
{ "type": "Feature", "properties": { "feature_type": "building", "subtype": "major-damage", "uid": "4186af0f-d2b7-47db-86ef-a03fe1c4d000" }, "geometry": { "type": "Polygon", "coordinates": [ [ [ 862.372521106579597, 202.586759614591813 ], [ 871.4128658814966, 199.919116894848599 ], [ 883.565460500434256, 208.218449802932497 ], [ 875.858937084889476, 241.860388559547204 ], [ 859.260271264179664, 237.266114986213012 ], [ 857.481842786388142, 232.079031916167111 ], [ 862.372521106579597, 202.586759614591813 ] ] ] } },
{ "type": "Feature", "properties": { "feature_type": "building", "subtype": "major-damage", "uid": "174526d9-6738-4230-85e0-7cbff0c2a8e9" }, "geometry": { "type": "Polygon", "coordinates": [ [ [ 886.233103222482441, 211.3306996429653 ], [ 894.087829011768804, 208.6630569232222 ], [ 903.869185654333478, 214.146544739130405 ], [ 896.310864612841897, 250.011519095198594 ], [ 880.156805913730523, 251.493542826505291 ], [ 879.267591675084077, 244.083424162990212 ], [ 880.305008287097962, 233.116448530176314 ], [ 885.195686611091901, 213.70193761684601 ], [ 886.233103222482441, 211.3306996429653 ] ] ] } },
{ "type": "Feature", "properties": { "feature_type": "building", "subtype": "major-damage", "uid": "ef07b276-d183-4754-a8e1-b9c3af4bcc97" }, "geometry": { "type": "Polygon", "coordinates": [ [ [ 904.758399894413628, 224.668913247665188 ], [ 907.722447363446122, 214.73935422985781 ], [ 909.352673471922003, 214.73935422985781 ], [ 910.982899578403135, 214.739354230855213 ], [ 917.652006379752265, 212.219913884541995 ], [ 925.951339292631815, 215.33216372357731 ], [ 926.6923511602796, 222.890484768501295 ], [ 928.76718438511773, 223.335091885798789 ], [ 928.174374889528394, 230.893412928728111 ], [ 924.321113182971544, 230.00419868814879 ], [ 921.505268089862284, 250.159721466633698 ], [ 899.423114453745711, 246.010055013589209 ], [ 904.758399894413628, 224.668913247665188 ] ] ] } },
{ "type": "Feature", "properties": { "feature_type": "building", "subtype": "major-damage", "uid": "1dc2482b-0ac2-4925-b5be-5507dd9ccb4e" }, "geometry": { "type": "Polygon", "coordinates": [ [ [ 932.337590992373407, 220.823664443588598 ], [ 937.575326527226252, 218.358847723122409 ], [ 946.510287142963534, 218.975051901493487 ], [ 946.510287143462165, 223.288481164054787 ], [ 949.899410135971607, 224.520889527778706 ], [ 942.196857880279708, 265.4984675350766 ], [ 923.094528283523459, 261.185038268525773 ], [ 926.791753367961064, 235.304462687174009 ], [ 931.105182630707191, 234.072054326442213 ], [ 932.337590992373407, 220.823664443588598 ] ] ] } },
{ "type": "Feature", "properties": { "feature_type": "building", "subtype": "minor-damage", "uid": "750f684f-4564-4768-a7ba-b3d8678928e3" }, "geometry": { "type": "Polygon", "coordinates": [ [ [ 416.755644552022886, 0.012847544882717 ], [ 408.855043180293819, 7.456288628457193 ], [ 385.946666287382811, 0.012706190326944 ], [ 416.755644552022886, 0.012847544882717 ] ] ] } },
{ "type": "Feature", "properties": { "feature_type": "building", "subtype": "minor-damage", "uid": "4827bfa0-aff7-4ee2-a9b6-d8fa337f1b77" }, "geometry": { "type": "Polygon", "coordinates": [ [ [ 270.683751988732979, 0.011823873832822 ], [ 269.824597226591209, 11.631377101825009 ], [ 248.949154890494412, 9.543832866138484 ], [ 248.424358730212589, 0.011589214458649 ], [ 270.683751988732979, 0.011823873832822 ] ] ] } },
{ "type": "Feature", "properties": { "feature_type": "building", "subtype": "minor-damage", "uid": "a5898f1d-1ce9-4a44-9bf8-cd779a4af94d" }, "geometry": { "type": "Polygon", "coordinates": [ [ [ 296.545163417894514, 348.561016377787382 ], [ 306.565375738113914, 346.890980990834009 ], [ 306.147866891375713, 352.736104843176179 ], [ 296.545163419328276, 352.736104841181373 ], [ 296.545163417894514, 348.561016377787382 ] ] ] } }
]
}
