{
"type": "FeatureCollection",
"name": "hurricane-harvey_00000184_post_disaster",
"features": [
{ "type": "Feature", "properties": { "feature_type": "building", "subtype": "minor-damage", "uid": "d341851d-c38c-48d3-bbf9-cf32a6765f99" }, "geometry": { "type": "Polygon", "coordinates": [ [ [ 1008.751104748315015, 1022.983840727182042 ], [ 1008.305665459771035, 1010.872391065620036 ], [ 1009.271289659380955, 1010.630985013723944 ], [ 1008.788477558704017, 1004.837239821045955 ], [ 1007.340041262590944, 1005.07864587094798 ], [ 1006.615823112572002, 994.215373635300011 ], [ 1022.428326440401975, 994.654536158578253 ], [ 1022.428393377634052, 1022.983551734238972 ], [ 1008.751104748315015, 1022.983840727182042 ] ] ] } },
{ "type": "Feature", "properties": { "feature_type": "building", "subtype": "minor-damage", "uid": "1fd630c6-a4b4-4236-b9ca-f155ae1d5dff" }, "geometry": { "type": "Polygon", "coordinates": [ [ [ 1022.428321026582012, 992.288250832180779 ], [ 1015.137595571003999, 993.019769924097773 ], [ 1012.618155221879988, 986.3506631237492 ], [ 1009.654107758030023, 982.349199040549024 ], [ 1008.616691143853018, 970.493009172930329 ], [ 1016.471416931260023, 970.937616290959568 ], [ 1016.471416932007969, 967.380759329776652 ], [ 1021.213892879565037, 967.380759329776652 ], [ 1021.510297626204988, 964.416711862622719 ], [ 1022.428259286880007, 964.416711893529964 ], [ 1022.428321026582012, 992.288250832180779 ] ] ] } },
{ "type": "Feature", "properties": { "feature_type": "building", "subtype": "minor-damage", "uid": "b9c72bc9-a441-473b-b2fb-cc5c6ee1a3cd" }, "geometry": { "type": "Polygon", "coordinates": [ [ [ 1022.428256479053971, 963.10717533352647 ], [ 1021.367721877310032, 964.060272483655808 ], [ 1019.508859310804951, 966.174410107000085 ], [ 1012.025345728349976, 965.157723729660461 ], [ 1010.839726742472976, 958.785021672338303 ], [ 1006.245453164995979, 959.081426424337906 ], [ 1005.35623892943704, 943.964784338562822 ], [ 1018.694452533369031, 943.816581962562964 ], [ 1018.546250157182953, 941.297141617426291 ], [ 1022.428207285086955, 939.503812834251448 ], [ 1022.428256479053971, 963.10717533352647 ] ] ] } },
{ "type": "Feature", "properties": { "feature_type": "building", "subtype": "minor-damage", "uid": "ba2e26c8-8634-4bde-9584-51688559b060" }, "geometry": { "type": "Polygon", "coordinates": [ [ [ 1022.428204299730965, 938.029198653522485 ], [ 1021.510297625145995, 937.592082279246597 ], [ 1020.472881014582981, 927.514320891720899 ], [ 1008.616691141485035, 927.217916146700418 ], [ 1007.431072152180946, 912.249476435928045 ], [ 1017.212428796989002, 911.656666939905108 ], [ 1018.990857278202952, 911.508464564902283 ], [ 1018.398047783986954, 907.35879811168445 ], [ 1022.428144030368003, 907.038943511538264 ], [ 1022.428204299730965, 938.029198653522485 ] ] ] } },
{ "type": "Feature", "properties": { "feature_type": "building", "subtype": "minor-damage", "uid": "62b914cb-6fae-450d-b3c5-48d886ce319b" }, "geometry": { "type": "Polygon", "coordinates": [ [ [ 1022.428141291709949, 905.572894611662377 ], [ 1019.541808808633959, 905.572894517943496 ], [ 1019.541808811188957, 902.752409078083929 ], [ 1007.895933454521014, 902.570442277441998 ], [ 1007.622983247700972, 883.009011014021894 ], [ 1016.721323374071972, 882.827044209391943 ], [ 1016.630339969202055, 875.730338914567483 ], [ 1022.428087988447032, 875.801916241330105 ], [ 1022.428141291709949, 905.572894611662377 ] ] ] } },
{ "type": "Feature", "properties": { "feature_type": "building", "subtype": "minor-damage", "uid": "1b831156-c1c8-456e-8ceb-f789603adf22" }, "geometry": { "type": "Polygon", "coordinates": [ [ [ 1022.428086460467966, 874.91311971602704 ], [ 1011.960308419274043, 875.594904719589522 ], [ 1011.104853914688988, 863.832405248574673 ], [ 1014.669247689216036, 863.262102243025083 ], [ 1014.740535567775964, 860.980890225811891 ], [ 1008.823641893799959, 861.622481108550687 ], [ 1008.253338887441032, 852.212481529944171 ], [ 1022.428047560802952, 851.44242529881285 ], [ 1022.428086460467966, 874.91311971602704 ] ] ] } },
{ "type": "Feature", "properties": { "feature_type": "building", "subtype": "minor-damage", "uid": "58205294-20e6-4058-b9b9-594c1190e497" }, "geometry": { "type": "Polygon", "coordinates": [ [ [ 1022.427783806137995, 504.46252163894809 ], [ 1011.205474836601979, 503.827296229078172 ], [ 1009.032820388726009, 498.516363137202291 ], [ 1008.308602241511039, 486.446060654035023 ], [ 1005.894541741550029, 486.446060655031999 ], [ 1006.135947791952049, 473.168727922351479 ], [ 1008.308602239828019, 474.134352119968014 ], [ 1008.791414338199957, 464.719516181741483 ], [ 1011.446880886505028, 464.719516181741483 ], [ 1011.688286934662983, 444.441408008863789 ], [ 1022.427797111967038, 445.073144259151206 ], [ 1022.427783806137995, 504.46252163894809 ] ] ] } },
{ "type": "Feature", "properties": { "feature_type": "building", "subtype": "minor-damage", "uid": "c03277f3-6143-4568-a9e9-48cffb701d25" }, "geometry": { "type": "Polygon", "coordinates": [ [ [ 1022.427785112094966, 549.532591937442135 ], [ 1010.068972371573977, 548.349300941780598 ], [ 1009.179758130343998, 538.716146670290186 ], [ 1010.365377118277024, 528.045575789732425 ], [ 1009.327960505533952, 515.596576423099691 ], [ 1014.811448320003024, 513.669945568003982 ], [ 1022.427783291744049, 513.178569371792037 ], [ 1022.427785112094966, 549.532591937442135 ] ] ] } },
{ "type": "Feature", "properties": { "feature_type": "building", "subtype": "minor-damage", "uid": "cceb753e-c3ea-4815-be99-093ec16ca1d1" }, "geometry": { "type": "Polygon", "coordinates": [ [ [ 1022.427803927394052, 613.659502358533587 ], [ 1006.465081244855014, 608.667666908881415 ], [ 1005.87227175350597, 604.666202825681239 ], [ 1004.242045645301005, 595.922262798225233 ], [ 1003.945640899033947, 582.287644446525519 ], [ 1006.761485993116025, 581.694834951499502 ], [ 1007.502497859032019, 571.913478307000332 ], [ 1009.87373583595695, 568.9494308398464 ], [ 1010.06897237032797, 554.870205370117446 ], [ 1017.627293414396945, 550.868741290905405 ], [ 1020.591340881985957, 553.091776890024562 ], [ 1022.427785631723054, 553.091776950842018 ], [ 1022.427803927394052, 613.659502358533587 ] ] ] } },
{ "type": "Feature", "properties": { "feature_type": "building", "subtype": "minor-damage", "uid": "af8a96da-1c3a-48f1-a9c2-19b8495470a1" }, "geometry": { "type": "Polygon", "coordinates": [ [ [ 1022.427828409876952, 657.737803365726222 ], [ 1019.490696625932969, 657.178349587575667 ], [ 1013.478298164639, 659.003541976361134 ], [ 1009.398456354147015, 657.285713845915438 ], [ 1008.454105417648975, 633.761112092213807 ], [ 1010.194077186970048, 633.558789794539507 ], [ 1009.344323535104991, 626.801225015924388 ], [ 1004.812304038386969, 626.517973799778474 ], [ 1004.893232962218008, 617.332541434115797 ], [ 1016.627926287147943, 616.766038997835949 ], [ 1016.749319667409964, 615.511640745076306 ], [ 1022.427804782888984, 615.550534501343577 ], [ 1022.427828409876952, 657.737803365726222 ] ] ] } },
{ "type": "Feature", "properties": { "feature_type": "building", "subtype": "minor-damage", "uid": "99761b96-c6d7-45cc-a90b-4b7354446ae9" }, "geometry": { "type": "Polygon", "coordinates": [ [ [ 1022.427860254273014, 699.456594749589158 ], [ 1020.163638492972041, 699.294847699256479 ], [ 1020.163638489108052, 697.239442352281799 ], [ 1006.986721491898038, 697.779506151585565 ], [ 1006.267430964060964, 678.280487661055304 ], [ 1007.949885079131946, 677.523383310796703 ], [ 1008.693168207710983, 666.286878003776906 ], [ 1008.671311966128997, 661.986408594997556 ], [ 1013.755982478365013, 662.00560366861248 ], [ 1022.427830484651963, 660.833338492525968 ], [ 1022.427860254273014, 699.456594749589158 ] ] ] } },
{ "type": "Feature", "properties": { "feature_type": "building", "subtype": "minor-damage", "uid": "c1473a85-47d5-460a-b526-a60c7675bc36" }, "geometry": { "type": "Polygon", "coordinates": [ [ [ 1022.427998711675968, 819.363136202683791 ], [ 1009.351615298789966, 820.263366433793294 ], [ 1007.766903097368981, 822.856531860849259 ], [ 1003.300895976326956, 823.432790841870087 ], [ 998.978953599043848, 815.36516507667227 ], [ 995.377334950778618, 815.797359312687149 ], [ 994.801075970318834, 788.857251841043876 ], [ 1000.707730550892052, 788.425057606026144 ], [ 999.699277326129618, 772.43387081365745 ], [ 1022.427934754440003, 771.221167309434804 ], [ 1022.427998711675968, 819.363136202683791 ] ] ] } },
{ "type": "Feature", "properties": { "feature_type": "building", "subtype": "minor-damage", "uid": "8b769fa1-ad2d-45d7-b7d9-f71f5c076cf9" }, "geometry": { "type": "Polygon", "coordinates": [ [ [ 1022.427800346449999, 436.731012509758784 ], [ 1014.499705327164975, 436.277902180650585 ], [ 1013.033700165813002, 431.988479664222211 ], [ 1014.716891278691946, 391.048928043423984 ], [ 1022.427823796344001, 391.454836591574292 ], [ 1022.427800346449999, 436.731012509758784 ] ] ] } },
{ "type": "Feature", "properties": { "feature_type": "building", "subtype": "major-damage", "uid": "725d9f7d-8b1f-44de-b5de-0b5c49f3216d" }, "geometry": { "type": "Polygon", "coordinates": [ [ [ 981.109327557427605, 382.580789650862016 ], [ 979.719159682499821, 378.989795755665227 ], [ 997.950068366115829, 374.461098698234082 ], [ 1008.517028176194003, 413.245324814412811 ], [ 1007.123582930947009, 420.793153249446789 ], [ 986.10578374281522, 427.760379498244276 ], [ 982.506050181344904, 428.805463434267779 ], [ 980.764243618211481, 424.857368562076203 ], [ 975.88718524688386, 426.831415999667513 ], [ 969.195650561352068, 412.522709662280874 ], [ 962.649455371917497, 390.60183950631972 ], [ 962.997816683821384, 388.74391250916608 ], [ 980.183641434093715, 382.93789063383889 ], [ 981.109327557427605, 382.580789650862016 ] ] ] } },
{ "type": "Feature", "properties": { "feature_type": "building", "subtype": "major-damage", "uid": "952e9a0c-1171-4ace-bfef-ac280f87b375" }, "geometry": { "type": "Polygon", "coordinates": [ [ [ 960.517703164751879, 390.852391007408187 ], [ 966.21883435865368, 407.08704079130132 ], [ 965.078608119387241, 410.670608966655323 ], [ 970.996925263880598, 427.774002545437611 ], [ 966.816095723621856, 432.334907502504677 ], [ 944.880314748449791, 440.859456048430218 ], [ 939.287776530030783, 439.556340349117193 ], [ 926.256619513537657, 397.096487077292693 ], [ 957.585692840176989, 385.965707129750172 ], [ 960.35481370495495, 389.603571793032586 ], [ 960.517703164751879, 390.852391007408187 ] ] ] } },
{ "type": "Feature", "properties": { "feature_type": "building", "subtype": "major-damage", "uid": "275e0df8-923d-4454-b4ba-8f67616f1161" }, "geometry": { "type": "Polygon", "coordinates": [ [ [ 859.254009068217329, 435.616127238520278 ], [ 870.751632458233303, 426.506471783737993 ], [ 896.046403916193754, 456.577179107570885 ], [ 896.75394996936393, 464.802401993008175 ], [ 878.534639060490917, 479.749312397491622 ], [ 874.377805988434147, 479.041766344009716 ], [ 864.914377506913979, 470.020554146660288 ], [ 860.31532814937475, 468.340132266400303 ], [ 844.218655408985455, 450.73992415986379 ], [ 841.388471190135647, 446.494647829001622 ], [ 841.388471186521429, 445.963988289388624 ], [ 852.443878292363593, 437.473435630655274 ], [ 856.158495081742103, 441.630268702090518 ], [ 860.757544435542627, 438.446311454442423 ], [ 858.543105193539986, 436.179256039613279 ], [ 859.254009068217329, 435.616127238520278 ] ] ] } },
{ "type": "Feature", "properties": { "feature_type": "building", "subtype": "major-damage", "uid": "98bfdddd-d551-4358-b766-43edd570808d" }, "geometry": { "type": "Polygon", "coordinates": [ [ [ 838.663024349036505, 449.815472707933225 ], [ 856.893933034148063, 471.29775363557701 ], [ 857.822896533659218, 475.942571136436982 ], [ 863.745038846431157, 484.41936307204179 ], [ 863.048316223184202, 492.315552820413075 ], [ 854.455403847144566, 497.889333816858823 ], [ 845.049648413963155, 506.133884880561197 ], [ 824.147969664524567, 521.461782627516754 ], [ 811.258601102022794, 505.437162256877912 ], [ 807.774987978996137, 498.934417757867323 ], [ 810.910239790492824, 495.915286384252511 ], [ 807.414611567311681, 491.606815101248685 ], [ 802.665688731778232, 494.98632288368168 ], [ 796.395185107725524, 488.599698825108874 ], [ 796.04682379276835, 481.748593012761205 ], [ 806.381542728015802, 472.110596700695112 ], [ 812.071444165707476, 475.129728074309924 ], [ 816.832382104947214, 472.110596697704125 ], [ 812.652046355184098, 466.769056578145808 ], [ 813.232648539426464, 459.453469017008217 ], [ 824.353374505178067, 451.313375635157115 ], [ 827.608257276671793, 455.407937500962475 ], [ 833.089243352094172, 451.325038393743625 ], [ 837.202489015915035, 448.516577640588707 ], [ 837.734060849400748, 449.118750081258781 ], [ 838.663024349036505, 449.815472707933225 ] ] ] } },
{ "type": "Feature", "properties": { "feature_type": "building", "subtype": "major-damage", "uid": "cbf671b7-88e1-4990-a407-5c4af3c6b2cd" }, "geometry": { "type": "Polygon", "coordinates": [ [ [ 739.983443688154125, 528.374938550837669 ], [ 741.257211304174916, 526.10035351788872 ], [ 747.989982995843889, 522.370034069834674 ], [ 758.635040939759392, 519.185615026697292 ], [ 759.635858353820367, 517.002013398057329 ], [ 779.106306216601411, 510.542191910464624 ], [ 780.925974240155824, 513.81759435192896 ], [ 781.926791657581703, 513.271693947012182 ], [ 787.203828929347878, 523.916751888251838 ], [ 785.020227294975939, 526.100353518885754 ], [ 791.207098579111175, 537.200328468709245 ], [ 796.393152451241917, 536.108527652893713 ], [ 796.757086055952755, 537.018361666073361 ], [ 799.149844239094591, 545.333587833450338 ], [ 784.747277091832188, 550.02149381527488 ], [ 782.475479218841883, 548.911917389072983 ], [ 771.827634116401782, 553.891601862921675 ], [ 765.957811160857204, 557.103210654498639 ], [ 759.0899579484676, 561.583879996995961 ], [ 756.087505703605189, 554.669141501816398 ], [ 756.178489105608605, 551.484722461670003 ], [ 751.629319045569787, 542.659332544795461 ], [ 748.626866803573876, 544.297033765527658 ], [ 739.983443688154125, 528.374938550837669 ] ] ] } },
{ "type": "Feature", "properties": { "feature_type": "building", "subtype": "major-damage", "uid": "b7adc3b3-405b-4304-ae45-1f633095fa24" }, "geometry": { "type": "Polygon", "coordinates": [ [ [ 757.48617997144072, 564.329067621559489 ], [ 757.96897183639328, 563.980237209644315 ], [ 762.415043039615171, 562.569501352758039 ], [ 768.343137976039657, 557.086013536479413 ], [ 778.569101738502468, 553.380954205278726 ], [ 781.829553954601465, 551.454323349186097 ], [ 784.911434661770045, 551.984910215837544 ], [ 798.948205811688013, 548.537275392855008 ], [ 805.745691281486984, 565.893033263864709 ], [ 808.929478486121297, 577.957911089464233 ], [ 807.030377345351667, 583.487646760735402 ], [ 791.502432736245737, 590.748915822983463 ], [ 788.877204692105579, 591.02819540410303 ], [ 779.046563496335352, 592.759728796076956 ], [ 771.506014855961325, 597.730905306106024 ], [ 768.992498639595397, 594.044414859256563 ], [ 762.792491982363345, 581.309266042958257 ], [ 770.109616959898176, 577.008360522630937 ], [ 769.104210473414014, 574.494844308507368 ], [ 760.837534924061288, 577.231784184535513 ], [ 757.48617997144072, 564.329067621559489 ] ] ] } },
{ "type": "Feature", "properties": { "feature_type": "building", "subtype": "major-damage", "uid": "a0b2d0f5-eff9-4f47-96c7-0b895f33bc0c" }, "geometry": { "type": "Polygon", "coordinates": [ [ [ 773.215972001852833, 598.78971183067199 ], [ 778.91900204893409, 596.294636184882279 ], [ 784.693319970088965, 596.080772560293667 ], [ 786.047789606586321, 598.005545195548848 ], [ 790.111198517012781, 595.225318049975385 ], [ 792.748849913067488, 595.225318049975385 ], [ 793.319152916498183, 593.728272664894348 ], [ 815.560970096158485, 588.738121375308765 ], [ 819.481803252580562, 604.564029752389615 ], [ 818.323421634584861, 608.904019448673921 ], [ 819.324239050764504, 613.7261397125435 ], [ 821.78079088092727, 613.817123115855452 ], [ 822.599641495841865, 621.27776201595168 ], [ 819.406957561290824, 626.616838173060273 ], [ 809.316064911587887, 630.649052341731021 ], [ 803.924569129708516, 633.586379230808006 ], [ 802.013917702592835, 634.678180044629471 ], [ 800.012282876651852, 633.313429028848191 ], [ 797.640388482467529, 631.430750818991783 ], [ 787.911408769336049, 636.160544170438129 ], [ 781.408664270452277, 621.413248610716209 ], [ 777.808930707922627, 617.000671987740702 ], [ 773.164113210553751, 600.279328989430496 ], [ 773.215972001852833, 598.78971183067199 ] ] ] } },
{ "type": "Feature", "properties": { "feature_type": "building", "subtype": "major-damage", "uid": "2bdc0388-3646-4154-a596-5a0b9701f13e" }, "geometry": { "type": "Polygon", "coordinates": [ [ [ 780.450851611306575, 641.774885344438985 ], [ 780.268884811786393, 640.774067929941452 ], [ 788.093457315531737, 639.227350108533187 ], [ 788.275424117045873, 638.408499498665606 ], [ 798.283598252109869, 633.495395831484075 ], [ 803.196701920473629, 635.860964261762888 ], [ 810.293407214485569, 631.584744404804042 ], [ 815.206510882974044, 634.405229842669655 ], [ 826.215502431351183, 630.219993384037707 ], [ 829.672871679064428, 646.960939209592311 ], [ 829.217954671477855, 648.871590636272344 ], [ 828.490087461869166, 650.782242063949411 ], [ 830.946639296331455, 652.237976485036711 ], [ 834.222041738853932, 666.340403669379612 ], [ 822.121249375596449, 668.1600716997267 ], [ 812.749959048137839, 670.707606933638431 ], [ 809.65652340787733, 666.704337276645447 ], [ 804.925386542024739, 667.88712149278183 ], [ 803.924569130580835, 671.799407747459895 ], [ 795.736063020504503, 674.892843389279278 ], [ 792.187710372657307, 668.342038500368631 ], [ 787.274606706412101, 653.69371090313291 ], [ 782.907403445519662, 653.329777297861142 ], [ 780.450851611306575, 641.774885344438985 ] ] ] } },
{ "type": "Feature", "properties": { "feature_type": "building", "subtype": "major-damage", "uid": "ec892e19-c555-48fe-be6e-b1a180d81a3d" }, "geometry": { "type": "Polygon", "coordinates": [ [ [ 791.991052172977675, 693.050745837748423 ], [ 791.278173415854098, 683.284306882168949 ], [ 796.624764082722322, 682.072412996871662 ], [ 803.53968801161102, 682.214988749256122 ], [ 803.89612739244717, 683.997185640102998 ], [ 812.807111836957574, 683.141731129784603 ], [ 813.020975463103923, 681.57339787150238 ], [ 828.276580839864323, 680.860519113568444 ], [ 828.062717210353071, 683.498170507754594 ], [ 828.633020215777833, 684.781352273232073 ], [ 834.621201764076091, 684.139761390493277 ], [ 835.7618077748009, 697.684457749364014 ], [ 832.981580629415248, 698.112184998541125 ], [ 833.409307879339963, 700.892412148102721 ], [ 835.480372697499888, 700.847347189103857 ], [ 835.480372698372321, 707.812858735469945 ], [ 831.627110992481789, 707.51645398945243 ], [ 831.62711099011392, 711.073310954623366 ], [ 838.148015421065679, 710.776906204617944 ], [ 839.117903174616913, 721.660373550502186 ], [ 824.711678768552474, 722.257194335578788 ], [ 817.272100546196839, 719.564920552255671 ], [ 815.518382606273349, 716.490561014990362 ], [ 809.842533914937007, 716.87762638574236 ], [ 810.285969221528148, 719.86492491645015 ], [ 803.468660047612275, 719.372643862056179 ], [ 798.133374603783409, 721.743881840166182 ], [ 795.910339007718335, 711.814322819667154 ], [ 792.205279671035328, 694.474645135769833 ], [ 791.991052172977675, 693.050745837748423 ] ] ] } },
{ "type": "Feature", "properties": { "feature_type": "building", "subtype": "major-damage", "uid": "4d43d34f-e55e-435c-bbfe-7db449220811" }, "geometry": { "type": "Polygon", "coordinates": [ [ [ 791.685865749978916, 723.3889319761754 ], [ 792.132713079894529, 722.495237324568961 ], [ 797.662448751911597, 724.059202968868135 ], [ 804.421014569824706, 720.651992100147254 ], [ 811.291292220559512, 721.37811900407894 ], [ 810.565165315818035, 718.585323211826903 ], [ 814.586791259947177, 717.412348978103978 ], [ 816.597604227743318, 721.154695339183263 ], [ 821.512924824288689, 721.154695339183263 ], [ 824.75256794427446, 724.115058882101039 ], [ 839.219250153351936, 723.277220141733551 ], [ 838.884114659934312, 736.682639950724706 ], [ 833.577802652688206, 740.424986312801025 ], [ 833.298523071132536, 741.87724012564945 ], [ 833.745370400051229, 742.379943369670514 ], [ 834.080505894902103, 754.947524439291215 ], [ 829.500320792771277, 761.03581926781635 ], [ 795.484068033200515, 762.432217164440885 ], [ 795.372356199444198, 761.03581926781635 ], [ 792.244424912466911, 755.394371767088387 ], [ 791.350730255003441, 739.810571240320087 ], [ 799.393982140208436, 739.587147577418477 ], [ 799.617405804480882, 738.302461509253817 ], [ 791.853433501766176, 737.855614186441585 ], [ 791.685865749978916, 723.3889319761754 ] ] ] } },
{ "type": "Feature", "properties": { "feature_type": "building", "subtype": "major-damage", "uid": "27829df0-5ca3-4949-bfb3-de8c6d392a1e" }, "geometry": { "type": "Polygon", "coordinates": [ [ [ 930.073362213770224, 514.065239848811984 ], [ 930.305603087728969, 491.189513667819426 ], [ 942.033767273956755, 491.653995419600278 ], [ 942.149887711590395, 492.931320227526214 ], [ 947.491427837814285, 493.279681541860384 ], [ 947.607548274326291, 490.725031915041484 ], [ 969.670431393807462, 491.653995417606325 ], [ 970.831635772823233, 522.658152224854575 ], [ 969.670431395240712, 529.044776282430348 ], [ 956.664942396289348, 529.393137596764518 ], [ 955.852099335221851, 533.457352907399809 ], [ 946.678584772322552, 532.876750721163262 ], [ 944.123935149492581, 529.973739783001179 ], [ 924.383460777200298, 530.322101098332382 ], [ 924.151219900873684, 513.48463766058137 ], [ 928.563796526901001, 513.25239678867888 ], [ 930.073362213770224, 514.065239848811984 ] ] ] } },
{ "type": "Feature", "properties": { "feature_type": "building", "subtype": "major-damage", "uid": "a0ad1ff5-2626-4e41-aa53-433884bd4dc8" }, "geometry": { "type": "Polygon", "coordinates": [ [ [ 947.405515189622747, 533.802667094934236 ], [ 947.496498594056334, 533.893650498246188 ], [ 953.956320080649903, 534.530534309465907 ], [ 953.774353278076433, 538.624787360797882 ], [ 964.692361423640023, 538.98872096606965 ], [ 970.879232706903053, 544.083791435887065 ], [ 969.969398694035362, 563.281289094035515 ], [ 974.427585355435667, 570.650944592813744 ], [ 974.427585356245686, 578.384533695866821 ], [ 956.139921708354336, 577.929616693265075 ], [ 948.770266211198759, 574.836181049451625 ], [ 947.769448795019116, 572.83454622344766 ], [ 941.582577513127035, 572.925529624765659 ], [ 940.035859690722305, 575.473064859674309 ], [ 929.663751950885171, 576.291915469541891 ], [ 929.936702153405804, 563.463255897668432 ], [ 925.478515494373369, 562.462438484167933 ], [ 926.570316311123179, 557.367368014350404 ], [ 925.569498895130437, 556.639500805800822 ], [ 923.567864069251755, 549.724762311618292 ], [ 924.295731278424341, 532.164965876196106 ], [ 947.405515189622747, 533.802667094934236 ] ] ] } },
{ "type": "Feature", "properties": { "feature_type": "building", "subtype": "major-damage", "uid": "90c9ce79-117d-4bdc-bec7-ae5e9d0ecec2" }, "geometry": { "type": "Polygon", "coordinates": [ [ [ 880.584219701898746, 533.675307065288052 ], [ 882.943569800095929, 534.461757099599254 ], [ 885.696144920620668, 551.370432840282547 ], [ 895.919995369841672, 551.370432838288593 ], [ 898.279345471341458, 570.245233663753083 ], [ 862.495868908944544, 577.716508986719077 ], [ 861.709418870520949, 573.784258818153717 ], [ 860.922968836459177, 573.784258816159763 ], [ 846.766868217116325, 576.143608921087548 ], [ 841.6549429949049, 545.865282597112696 ], [ 862.102643890293507, 533.675307064291019 ], [ 865.641669043384468, 538.394007269161648 ], [ 880.584219701898746, 533.675307065288052 ] ] ] } },
{ "type": "Feature", "properties": { "feature_type": "building", "subtype": "major-damage", "uid": "a984ea91-75e7-4d1e-8fd1-314c89797421" }, "geometry": { "type": "Polygon", "coordinates": [ [ [ 847.553318253732868, 585.187784315667159 ], [ 854.631368561659542, 584.00810926320321 ], [ 863.282318940825348, 582.43520919657476 ], [ 893.167420248693816, 572.997808784839435 ], [ 909.289645957054404, 608.781285346999198 ], [ 897.099670420373513, 615.466110639642011 ], [ 895.526770350941433, 614.286435589172129 ], [ 866.82134409796663, 625.689961086685571 ], [ 857.777168702891572, 601.70323503620375 ], [ 852.272018458290404, 603.276135106820334 ], [ 847.553318253732868, 585.187784315667159 ] ] ] } },
{ "type": "Feature", "properties": { "feature_type": "building", "subtype": "major-damage", "uid": "a3e02ad4-5b45-400f-8fdc-2c72642cd4df" }, "geometry": { "type": "Polygon", "coordinates": [ [ [ 873.112944373513983, 627.656086170469734 ], [ 890.414845128916909, 625.296736067535903 ], [ 890.80807014576078, 630.015436277391473 ], [ 906.537070836342764, 633.9476864479509 ], [ 904.570945749692896, 672.876963146358662 ], [ 871.146819285742481, 675.23631325228348 ], [ 872.719719354239828, 648.890237100862009 ], [ 873.112944372018433, 630.408661294547187 ], [ 873.112944373513983, 627.656086170469734 ] ] ] } },
{ "type": "Feature", "properties": { "feature_type": "building", "subtype": "major-damage", "uid": "100f1335-6c44-4eea-88bb-eaead3071735" }, "geometry": { "type": "Polygon", "coordinates": [ [ [ 911.627145653896832, 630.944032679356951 ], [ 927.801350982412373, 629.495596381935115 ], [ 928.525569132556257, 633.116687126486568 ], [ 945.665398658750291, 634.323717373008662 ], [ 948.562271254901475, 635.289341572619151 ], [ 948.803677305614087, 633.358093175392128 ], [ 948.803677306174905, 631.909656874979419 ], [ 973.909906474292598, 631.909656874979419 ], [ 972.702876224032138, 644.462771457952044 ], [ 969.564597578476992, 646.876831954984254 ], [ 969.564597578476992, 651.463546898149161 ], [ 972.702876224592956, 652.187765046860022 ], [ 972.944282275430169, 664.0166614781308 ], [ 970.288815731736463, 664.258067530027461 ], [ 970.047409679839916, 678.742430513218096 ], [ 939.871653470872275, 677.293994212805273 ], [ 937.698999020752353, 671.258842973215678 ], [ 938.66462321924098, 664.499473583918075 ], [ 933.836502225240338, 663.533849383310553 ], [ 934.0779082744574, 678.018212362513168 ], [ 915.972454547718485, 678.501024465309456 ], [ 915.97245454896472, 674.155715571050223 ], [ 915.248236401687336, 662.326819139779445 ], [ 909.937303307507705, 661.36119493717797 ], [ 909.213085156055286, 641.324492813205893 ], [ 911.385739607795358, 639.876056518775158 ], [ 911.627145653896832, 630.944032679356951 ] ] ] } },
{ "type": "Feature", "properties": { "feature_type": "building", "subtype": "major-damage", "uid": "53167e75-cca0-4387-850a-fc85d6435b5b" }, "geometry": { "type": "Polygon", "coordinates": [ [ [ 870.409294260242291, 714.668080213712756 ], [ 881.272566494827515, 710.564177369356003 ], [ 884.169439092162634, 712.254019721665486 ], [ 895.756929477950962, 709.598553173733535 ], [ 902.999110967736783, 710.081365271544769 ], [ 903.723329118254469, 710.805583421252663 ], [ 905.171765415114919, 719.496201204786189 ], [ 903.72332911744445, 727.221194796685381 ], [ 907.103013812279073, 727.462600847585009 ], [ 909.758480358527549, 710.805583421252663 ], [ 917.242067898402865, 710.322771320450443 ], [ 929.312370384868814, 712.736831816485733 ], [ 927.62252803667252, 729.393849245808951 ], [ 931.002212731631744, 728.911037147000798 ], [ 931.72643088115251, 765.363350648399546 ], [ 909.034262209505414, 766.811786943827201 ], [ 909.517074308936571, 760.293823603435271 ], [ 892.377244784487289, 760.776635704237606 ], [ 891.411620582135356, 756.431326809978259 ], [ 872.340542656720913, 755.948514710173072 ], [ 871.857730560405344, 741.70555778087305 ], [ 874.271791056003622, 741.22274568106775 ], [ 875.720227353985706, 735.670406538292355 ], [ 869.926482159253283, 735.429000489386681 ], [ 870.409294260242291, 714.668080213712756 ] ] ] } },
{ "type": "Feature", "properties": { "feature_type": "building", "subtype": "major-damage", "uid": "c2e1e7c9-6024-4ec3-bda9-74f346702aaa" }, "geometry": { "type": "Polygon", "coordinates": [ [ [ 933.899085328032129, 724.565728250747497 ], [ 938.968612372620782, 723.117291952328628 ], [ 938.485800272566394, 711.046989469161304 ], [ 970.834210931155326, 712.012613669768825 ], [ 968.178744384470633, 740.015715428563567 ], [ 977.110768220894784, 739.532903330752333 ], [ 976.145144022219256, 759.328199403824783 ], [ 954.177193502460796, 755.465702608373704 ], [ 953.935787454614569, 764.639132497694618 ], [ 934.38189742989357, 761.018041753143166 ], [ 933.899085328032129, 724.565728250747497 ] ] ] } },
{ "type": "Feature", "properties": { "feature_type": "building", "subtype": "major-damage", "uid": "7d97dfc6-3d39-4811-9ff3-674ed19ea139" }, "geometry": { "type": "Polygon", "coordinates": [ [ [ 971.209539384193135, 773.99149942675524 ], [ 970.726727284263347, 768.680566332885405 ], [ 988.107962863101761, 769.646190533492927 ], [ 988.349368915372224, 776.164153872887823 ], [ 991.487647558434901, 776.164153872887823 ], [ 992.936083859781888, 816.478964169737651 ], [ 977.244690625463136, 815.030527869324828 ], [ 976.037660378754595, 819.375836764581095 ], [ 962.277515547145754, 818.893024668763928 ], [ 962.03610949767949, 773.99149942675524 ], [ 971.209539384193135, 773.99149942675524 ] ] ] } },
{ "type": "Feature", "properties": { "feature_type": "building", "subtype": "major-damage", "uid": "6719789a-9a0a-4f0f-a84a-0033ab0e66e5" }, "geometry": { "type": "Polygon", "coordinates": [ [ [ 927.997856489211813, 777.612590174297566 ], [ 958.656424799978481, 778.819620419822741 ], [ 958.897830848697026, 820.58286701409429 ], [ 941.999407373153304, 819.375836765578129 ], [ 936.447068227700242, 811.892249227569664 ], [ 930.170510937213066, 809.961000829345721 ], [ 927.997856489211813, 777.612590174297566 ] ] ] } },
{ "type": "Feature", "properties": { "feature_type": "building", "subtype": "major-damage", "uid": "e51b0889-c5e1-4992-b151-768bc23abbe9" }, "geometry": { "type": "Polygon", "coordinates": [ [ [ 896.373663980455035, 772.784469180233032 ], [ 923.411141544677548, 773.508687326949939 ], [ 925.100983893496846, 786.786020061624413 ], [ 926.308014141389435, 787.993050310140575 ], [ 927.032232292841854, 810.926625028956209 ], [ 923.169735496706721, 812.857873425186199 ], [ 924.135359695444549, 817.685994418253699 ], [ 911.099433010864004, 818.893024667766895 ], [ 910.375214863773408, 813.34068552598842 ], [ 905.547093869710579, 810.202406880245348 ], [ 903.374439422768546, 807.546940334307465 ], [ 896.132257930864057, 805.132879835281074 ], [ 896.373663980455035, 772.784469180233032 ] ] ] } },
{ "type": "Feature", "properties": { "feature_type": "building", "subtype": "major-damage", "uid": "9552fa00-ab42-4e6a-8c5c-d7935012de48" }, "geometry": { "type": "Polygon", "coordinates": [ [ [ 886.234609892835692, 784.85477166340047 ], [ 888.890076443196904, 783.406335367972702 ], [ 894.683821633068987, 783.647741414884308 ], [ 894.201009532827698, 819.858648866380463 ], [ 866.922125917892572, 818.651618618861221 ], [ 866.922125921319775, 815.996152072923337 ], [ 869.577592467381464, 768.921972384782066 ], [ 886.234609893895026, 769.646190536483914 ], [ 886.234609892835692, 784.85477166340047 ] ] ] } },
{ "type": "Feature", "properties": { "feature_type": "building", "subtype": "major-damage", "uid": "b71a4276-43b6-4116-927e-7a33a1762887" }, "geometry": { "type": "Polygon", "coordinates": [ [ [ 955.432494201326335, 846.331317555131591 ], [ 964.847330139674227, 842.951632857491745 ], [ 967.261390638138892, 845.607099404426663 ], [ 976.193414476307908, 846.814129652942825 ], [ 977.400444726755268, 861.29849263114852 ], [ 980.538723373681364, 861.539898682048147 ], [ 979.814505225219932, 884.714879453757362 ], [ 952.777027655887878, 883.025037106432933 ], [ 955.432494201326335, 846.331317555131591 ] ] ] } },
{ "type": "Feature", "properties": { "feature_type": "building", "subtype": "major-damage", "uid": "b5bc7b92-7e44-47f8-8de5-a431f2b69334" }, "geometry": { "type": "Polygon", "coordinates": [ [ [ 885.183333744054266, 842.227414712768905 ], [ 892.666921284178784, 842.951632860482846 ], [ 892.666921284988916, 843.917257059096301 ], [ 893.59999546647316, 843.650002337164096 ], [ 892.899680728972953, 862.260835084879545 ], [ 893.141594841363826, 883.791190888960045 ], [ 894.889995467035646, 889.050002336790726 ], [ 894.598169681529839, 889.060188350010662 ], [ 893.873951533193008, 895.336745636511978 ], [ 867.319286066844029, 895.095339592591358 ], [ 865.870849771541316, 842.227414712768905 ], [ 871.423188915125024, 840.537572367438543 ], [ 875.768497808074244, 841.744602612963718 ], [ 878.906776453193174, 840.778978413353229 ], [ 884.700521643875277, 840.537572366441623 ], [ 885.183333744054266, 842.227414712768905 ] ] ] } },
{ "type": "Feature", "properties": { "feature_type": "building", "subtype": "major-damage", "uid": "63b943c1-bdf4-4d1a-873d-e81d587b03cb" }, "geometry": { "type": "Polygon", "coordinates": [ [ [ 951.087185307940899, 842.227414710774951 ], [ 951.569997407309756, 862.746928932558262 ], [ 949.638749012139783, 864.195365228983064 ], [ 947.707500613417892, 889.543000446824863 ], [ 924.049707742659166, 888.094564149403141 ], [ 923.349995464369158, 888.120002335999516 ], [ 924.299894489608164, 873.615577435956766 ], [ 924.058655635822333, 863.001067883332666 ], [ 924.729995465715774, 857.650002336618513 ], [ 924.7739258913698, 857.677401889588054 ], [ 928.153610587325943, 856.95318373988016 ], [ 931.050483182916309, 855.504747440464371 ], [ 933.464543681443274, 855.263341391558811 ], [ 932.981731581513486, 841.261790513158417 ], [ 951.087185307940899, 842.227414710774951 ] ] ] } },
{ "type": "Feature", "properties": { "feature_type": "building", "subtype": "major-damage", "uid": "5a5f129e-dc82-423e-8404-07a92457a94e" }, "geometry": { "type": "Polygon", "coordinates": [ [ [ 909.565344761903589, 841.50319656206409 ], [ 911.255187112031422, 842.468820761674579 ], [ 911.255187108915834, 854.297717192945242 ], [ 922.359865394712187, 856.47037164306596 ], [ 924.24999546541801, 857.420002337494907 ], [ 923.557947752681912, 862.975602078598172 ], [ 923.799520996956289, 873.604824898462198 ], [ 922.839995469002929, 888.130002335311133 ], [ 895.419995463891723, 889.030002335176391 ], [ 893.640684026159875, 883.707319620330622 ], [ 893.399786037063109, 862.267398582620444 ], [ 894.099995463524806, 843.510002334836599 ], [ 897.736448329639757, 842.468820761674579 ], [ 902.081757221405155, 840.537572364447556 ], [ 909.565344761903589, 841.50319656206409 ] ] ] } },
{ "type": "Feature", "properties": { "feature_type": "building", "subtype": "minor-damage", "uid": "8fed72ac-691c-46b3-aac4-6beebad9bd30" }, "geometry": { "type": "Polygon", "coordinates": [ [ [ 874.525206274357288, 896.432234852135707 ], [ 911.218925822219148, 896.190828799242013 ], [ 910.253301623730522, 928.056427360466841 ], [ 903.493932232939756, 929.74626970480017 ], [ 902.045495936889324, 927.090803160856353 ], [ 882.974418010851764, 927.09080315985932 ], [ 883.457230113461037, 928.780645507183749 ], [ 869.455679228896315, 929.746269709785224 ], [ 871.386927624253303, 909.709567583819194 ], [ 875.2494244189553, 908.985349437102286 ], [ 874.525206271553202, 899.329107447976185 ], [ 874.525206274357288, 896.432234852135707 ] ] ] } },
{ "type": "Feature", "properties": { "feature_type": "building", "subtype": "minor-damage", "uid": "eb0b0f69-c1a1-44ad-b4f8-db5f73748936" }, "geometry": { "type": "Polygon", "coordinates": [ [ [ 958.203046524469073, 925.659139650560633 ], [ 962.754470902821481, 926.377785602361428 ], [ 966.346139197574303, 928.053897473807524 ], [ 972.47028773345437, 930.748522827786019 ], [ 976.499995468224711, 929.470002336232596 ], [ 975.381378674744724, 932.895709390420961 ], [ 975.381378673124573, 954.622253862714501 ], [ 973.691536324492176, 956.312096209041897 ], [ 973.450130274963499, 963.312871649239014 ], [ 934.825162328130659, 963.312871650236048 ], [ 934.583756276171698, 958.967562756973734 ], [ 931.928289730795541, 955.829284109236596 ], [ 933.135319979062047, 946.655854222906783 ], [ 929.272823183238415, 945.690230024293214 ], [ 929.514229231396143, 928.550400499152715 ], [ 929.814229232057414, 928.076182350182876 ], [ 933.927615200987589, 928.076182351179909 ], [ 938.028994981650271, 925.66360600529481 ], [ 949.080356521279441, 925.903852995687885 ], [ 955.099079418065344, 925.181606247245782 ], [ 958.203046524469073, 925.659139650560633 ] ] ] } },
{ "type": "Feature", "properties": { "feature_type": "building", "subtype": "minor-damage", "uid": "4c9c23ed-b718-4e0c-95ff-3b628186710d" }, "geometry": { "type": "Polygon", "coordinates": [ [ [ 975.432935040838288, 908.985349435108333 ], [ 978.571213687452769, 909.70956758282216 ], [ 976.881371337574024, 928.297833409372515 ], [ 976.689995467235235, 928.880002336963457 ], [ 972.498724418000052, 930.21477495899137 ], [ 966.552570469906755, 927.598467222091131 ], [ 962.902057273191303, 925.894894394900462 ], [ 958.280051764095333, 925.165104053267441 ], [ 955.107461578391735, 924.677013254977851 ], [ 949.055881991391175, 925.40320280694857 ], [ 937.897886959988455, 925.160637698533264 ], [ 933.791461053498438, 927.576182346712812 ], [ 930.124229231157869, 927.576182349703799 ], [ 931.928289729362405, 924.687903700710649 ], [ 929.755635281672653, 912.617601220534311 ], [ 928.790011086112827, 899.340268487853791 ], [ 929.80719164963557, 898.122077198462989 ], [ 948.878269574987712, 900.777543745397907 ], [ 948.636863527951505, 894.018174355103383 ], [ 978.571213686704937, 892.569738057681661 ], [ 975.432935040838288, 908.985349435108333 ] ] ] } },
{ "type": "Feature", "properties": { "feature_type": "building", "subtype": "minor-damage", "uid": "8b38a5db-be0a-44fb-8d9c-b5d4450f0142" }, "geometry": { "type": "Polygon", "coordinates": [ [ [ 975.271363610411072, 995.117588694391657 ], [ 977.926830155787343, 995.117588693394623 ], [ 978.409642256090933, 1011.050387973009947 ], [ 979.616672504232724, 1012.498824268438057 ], [ 978.956403147005403, 1022.984443168695975 ], [ 924.161741667929277, 1022.985454135523014 ], [ 924.334687125402752, 994.393370544683762 ], [ 927.714371822916746, 994.393370545680796 ], [ 927.60999546500932, 992.84000233522886 ], [ 934.665633108272345, 994.88069558246093 ], [ 949.36935182306047, 996.596129430398378 ], [ 951.06784423804163, 991.743293965395765 ], [ 973.409995467620888, 991.340002333791745 ], [ 975.271363610411072, 995.117588694391657 ] ] ] } },
{ "type": "Feature", "properties": { "feature_type": "building", "subtype": "minor-damage", "uid": "0778e95b-bac4-467f-a6bd-5ec74f5733f7" }, "geometry": { "type": "Polygon", "coordinates": [ [ [ 974.997017564920043, 989.431133786992405 ], [ 972.82436311654476, 990.155351935703266 ], [ 973.159995469063915, 990.840002332315748 ], [ 950.710860946895082, 991.249701931293657 ], [ 949.029668664050632, 996.053108453423192 ], [ 934.764661415956766, 994.388857606711781 ], [ 927.569995465207739, 992.310002333823832 ], [ 926.748747626235286, 980.150413615383741 ], [ 931.335462565659896, 978.943383365870545 ], [ 931.094056516068804, 968.080111132216416 ], [ 930.09549232024699, 966.738965118079477 ], [ 977.16967200868396, 966.014746968371583 ], [ 974.997017564920043, 989.431133786992405 ] ] ] } },
{ "type": "Feature", "properties": { "feature_type": "building", "subtype": "minor-damage", "uid": "ef6231f8-0738-4a78-98cf-927037d547f2" }, "geometry": { "type": "Polygon", "coordinates": [ [ [ 871.702072027195754, 932.175389614542837 ], [ 884.942428994677812, 933.499425307247293 ], [ 885.888168777512988, 929.527318220160623 ], [ 907.829331750306778, 930.851353916853213 ], [ 907.451035836761434, 960.358435152587845 ], [ 902.722336920155158, 962.628210636477888 ], [ 883.240097382010049, 961.871618810508608 ], [ 883.050949427511796, 964.141394288416564 ], [ 869.243148589867587, 963.573950418690288 ], [ 870.188888371581129, 955.440588281294822 ], [ 869.999740416148143, 945.037450663997333 ], [ 871.702072025326288, 944.0917108807879 ], [ 869.999740415275824, 932.553685524037974 ], [ 871.702072027195754, 932.175389614542837 ] ] ] } },
{ "type": "Feature", "properties": { "feature_type": "building", "subtype": "minor-damage", "uid": "e5f401e8-17a4-4926-b19e-576e8e0ea9e0" }, "geometry": { "type": "Polygon", "coordinates": [ [ [ 832.374906424748474, 990.40065074727363 ], [ 840.099900016146535, 990.64205679518227 ], [ 840.824118164234051, 1022.507655351422045 ], [ 817.649137393217984, 1020.817813004097957 ], [ 816.924919245504384, 1018.162346460154026 ], [ 812.821016399653558, 1018.162346458159959 ], [ 813.220056211921815, 1022.987116346443031 ], [ 796.911358180137427, 1022.987317280587035 ], [ 797.129623173373375, 1018.403752509059018 ], [ 787.231975135594212, 1018.403752511052971 ], [ 791.09447193204096, 992.573305193406327 ], [ 791.939995460289538, 991.300002338539116 ], [ 796.867299129767162, 991.615445147246533 ], [ 810.939008635717187, 993.071139233349641 ], [ 816.025995592060667, 990.406527021868897 ], [ 826.850606426061518, 989.925433205750323 ], [ 832.44999546019028, 988.91000233854254 ], [ 832.374906424748474, 990.40065074727363 ] ] ] } },
{ "type": "Feature", "properties": { "feature_type": "building", "subtype": "minor-damage", "uid": "c6d89a17-c33f-40c4-a20b-872fe1d0be64" }, "geometry": { "type": "Polygon", "coordinates": [ [ [ 816.683513196100307, 965.294421577340358 ], [ 833.823342722107441, 963.363173183104323 ], [ 832.479995460929331, 988.390002341434183 ], [ 826.79452814100398, 989.427431987387195 ], [ 815.892594501285657, 989.91196237486713 ], [ 810.840527369947381, 992.558283251274133 ], [ 796.90913511169083, 991.117104744527751 ], [ 792.269995458636458, 990.820002336683501 ], [ 793.025720329267301, 989.676432598562769 ], [ 789.646035631877908, 985.331123705300456 ], [ 788.921817480300888, 971.329572822912041 ], [ 789.163223530203368, 969.156918374785391 ], [ 797.612435272679932, 968.915512322888731 ], [ 799.060871570724316, 959.01786428884509 ], [ 817.407731347739741, 956.845209842712393 ], [ 816.683513196100307, 965.294421577340358 ] ] ] } },
{ "type": "Feature", "properties": { "feature_type": "building", "subtype": "minor-damage", "uid": "43e0a5fa-7d3b-4736-826c-55dc16e94880" }, "geometry": { "type": "Polygon", "coordinates": [ [ [ 797.285856872617614, 892.771213680608071 ], [ 806.03491422976731, 891.070008083091352 ], [ 829.930715290671969, 891.794123265728217 ], [ 833.759995464984286, 891.160002337117362 ], [ 832.614488555025673, 918.345289125846421 ], [ 795.642237719525156, 917.729084941183487 ], [ 794.409829357365652, 911.258941047585836 ], [ 788.863991732165118, 907.253613876688064 ], [ 790.404502183353543, 890.616101000458002 ], [ 792.709995460191976, 890.390002338273916 ], [ 797.285856872617614, 892.771213680608071 ] ] ] } },
{ "type": "Feature", "properties": { "feature_type": "building", "subtype": "minor-damage", "uid": "ea7cdc2e-8572-4adb-8215-39c15f3a04be" }, "geometry": { "type": "Polygon", "coordinates": [ [ [ 830.149671833323623, 856.416768977483912 ], [ 836.0036115488615, 857.032973156164871 ], [ 834.154999005217064, 885.378365465219304 ], [ 831.998284374475475, 886.302671734736236 ], [ 832.129995462962029, 886.51000233714899 ], [ 806.981698782698572, 886.948122251534414 ], [ 793.599995459623528, 886.55000233938074 ], [ 794.101727268835361, 870.281363042172188 ], [ 794.10172726814983, 866.276035867286396 ], [ 797.182748173268465, 864.119321233428536 ], [ 797.46274817175447, 854.375557934777589 ], [ 808.420041562450933, 854.375557932783522 ], [ 815.427567102841635, 854.858835557887687 ], [ 824.377787392510527, 854.375039866122961 ], [ 829.489995461293688, 853.980002338984832 ], [ 830.149671833323623, 856.416768977483912 ] ] ] } },
{ "type": "Feature", "properties": { "feature_type": "building", "subtype": "minor-damage", "uid": "8204957c-b08e-4264-890c-5a609ea55829" }, "geometry": { "type": "Polygon", "coordinates": [ [ [ 797.439038412348964, 825.883493543430518 ], [ 816.392880746204128, 826.855485457185523 ], [ 830.650847636203935, 826.372164545951364 ], [ 833.759995461806284, 826.16000233566217 ], [ 836.003611547365949, 847.481808360189461 ], [ 828.301059293916524, 849.638522993050287 ], [ 829.349995460710943, 853.490002335823533 ], [ 824.34511521620459, 853.876076000959188 ], [ 815.431287829223947, 854.357904510799017 ], [ 808.437262486233976, 853.875557935295546 ], [ 797.47274817062987, 853.875557935295546 ], [ 797.490850263979723, 853.335748074109119 ], [ 789.788298006542163, 850.870931352406274 ], [ 791.020706367642447, 824.682253682194755 ], [ 795.639995458536418, 823.60000233939104 ], [ 797.439038412348964, 825.883493543430518 ] ] ] } },
{ "type": "Feature", "properties": { "feature_type": "building", "subtype": "minor-damage", "uid": "74584e8c-4738-43c2-b136-012798f26429" }, "geometry": { "type": "Polygon", "coordinates": [ [ [ 830.457773922040815, 765.526652346371066 ], [ 830.765876014496939, 771.07248996945475 ], [ 836.003611547802166, 771.68869415212373 ], [ 836.619815729224683, 788.942411207034752 ], [ 830.149671834632159, 791.407227931728585 ], [ 831.209995459800325, 794.580002337909718 ], [ 829.6025958048441, 795.292853139719568 ], [ 816.506776315478874, 796.04548644332101 ], [ 816.679515251945872, 799.500265157707304 ], [ 835.149995460283549, 799.090002339538614 ], [ 835.695509459458776, 819.136416053128983 ], [ 834.46310109742376, 820.060722323642949 ], [ 833.538794826037815, 824.066049500522809 ], [ 833.709995461197536, 825.660002338174195 ], [ 830.625169552488501, 825.872747799553167 ], [ 816.397222581966162, 826.35505108693269 ], [ 797.691721164423598, 825.395794602463525 ], [ 796.179995458816734, 823.470002338369227 ], [ 796.258441898891419, 823.449845316856795 ], [ 796.874646079690706, 798.801678096837122 ], [ 791.636910545824662, 796.644963463976296 ], [ 793.48552308735043, 764.910448165696039 ], [ 830.457773922040815, 765.526652346371066 ] ] ] } },
{ "type": "Feature", "properties": { "feature_type": "building", "subtype": "major-damage", "uid": "5b61cffc-8381-4811-9303-799876c03f1a" }, "geometry": { "type": "Polygon", "coordinates": [ [ [ 921.684108926920658, 579.365948454551926 ], [ 935.446984529045722, 577.793048385929296 ], [ 948.770266211198759, 574.836181049451625 ], [ 956.139921708354336, 577.929616693265075 ], [ 968.477885976837683, 580.938848521180375 ], [ 972.01691113129948, 604.925574569668129 ], [ 961.79306068176686, 607.284924677587014 ], [ 964.152410786382347, 618.295225154953755 ], [ 942.13180982262088, 616.722325087328159 ], [ 942.525034840087983, 611.217174845155228 ], [ 929.54860927034224, 613.183299933924445 ], [ 927.189259171023423, 597.847524263857736 ], [ 918.931533807455253, 597.454299248696088 ], [ 921.684108926920658, 579.365948454551926 ] ] ] } },
{ "type": "Feature", "properties": { "feature_type": "building", "subtype": "minor-damage", "uid": "94fef932-ab8a-4830-813c-dce7614fcc91" }, "geometry": { "type": "Polygon", "coordinates": [ [ [ 680.473585454976615, 958.632101687434556 ], [ 691.028429034818032, 947.22857618892408 ], [ 697.546392378198789, 953.022321381602183 ], [ 705.271385967353581, 960.988721018418914 ], [ 680.889374947136389, 976.197302149323377 ], [ 685.958901991974244, 984.405107836042703 ], [ 676.544066053563938, 989.957446980812165 ], [ 679.92375075064183, 998.406658719428151 ], [ 663.025327274101073, 1008.304306756463006 ], [ 634.780819459057284, 957.609036325764123 ], [ 642.988625149263385, 952.780915332696509 ], [ 646.126903792637563, 954.470757678026871 ], [ 654.817521581277788, 950.125448785761705 ], [ 659.404236526061368, 950.849666934472566 ], [ 663.508139371475977, 946.745764090115813 ], [ 671.233132963372441, 945.05592174079743 ], [ 679.199532602492013, 958.091848423575357 ], [ 680.473585454976615, 958.632101687434556 ] ] ] } },
{ "type": "Feature", "properties": { "feature_type": "building", "subtype": "minor-damage", "uid": "80835f84-b77c-4da6-afba-54d95eb6c387" }, "geometry": { "type": "Polygon", "coordinates": [ [ [ 617.85626612717499, 973.133835655995654 ], [ 621.960168969536312, 972.89242960708998 ], [ 637.651562198932197, 977.720550601154514 ], [ 636.927344053337151, 986.652574439575801 ], [ 646.342179989192573, 986.893980488481361 ], [ 650.928894936032407, 995.58459827301192 ], [ 653.101549378861705, 999.205689019557326 ], [ 652.860143333632664, 1008.861931007686962 ], [ 652.618737281860717, 1012.48302175223796 ], [ 649.239052585406057, 1008.379118907880979 ], [ 600.475030551078362, 1005.96505841184603 ], [ 600.233624498745598, 994.860380129286114 ], [ 595.646909555332968, 994.61897408038044 ], [ 595.405503505617389, 979.410392948478943 ], [ 597.819564004393669, 976.030708254827118 ], [ 597.578157953743357, 958.408066628884399 ], [ 615.925017728016883, 960.097908973217727 ], [ 617.85626612717499, 973.133835655995654 ] ] ] } },
{ "type": "Feature", "properties": { "feature_type": "building", "subtype": "minor-damage", "uid": "4059f2a6-6dfe-4c12-896d-34e6b202266d" }, "geometry": { "type": "Polygon", "coordinates": [ [ [ 689.538583200460948, 890.234389527572034 ], [ 706.549995453835209, 891.530002342556486 ], [ 707.247992056862586, 910.018086760285996 ], [ 711.593300954173742, 910.259492808194636 ], [ 710.386270702417733, 938.745406668788632 ], [ 694.694877473831866, 936.089940123847782 ], [ 693.97065932574435, 918.225892444014335 ], [ 689.625350429367927, 916.294644048781379 ], [ 686.67999545277678, 912.510002341120867 ], [ 688.026222566123579, 895.008393906042784 ], [ 688.669995453760293, 889.530002341637442 ], [ 689.538583200460948, 890.234389527572034 ] ] ] } },
{ "type": "Feature", "properties": { "feature_type": "building", "subtype": "minor-damage", "uid": "ac916f50-9591-4bc0-a879-0f11983e17ab" }, "geometry": { "type": "Polygon", "coordinates": [ [ [ 688.209995456946444, 889.160002342180292 ], [ 687.528468851682192, 894.959989782436196 ], [ 686.219995453594947, 911.950002337792739 ], [ 681.176138693870371, 912.673553304229927 ], [ 681.417544740906578, 920.881358991946286 ], [ 677.072235845589375, 920.157140845229378 ], [ 678.037860046944388, 928.36494653095167 ], [ 660.656624467856773, 928.606352582848331 ], [ 659.691000268558128, 906.879808113545892 ], [ 650.517570380362031, 908.086838359070953 ], [ 651.966006682456737, 888.29154228799257 ], [ 651.85999545179493, 886.660002341779204 ], [ 682.949995453167617, 884.900002341289451 ], [ 688.209995456946444, 889.160002342180292 ] ] ] } },
{ "type": "Feature", "properties": { "feature_type": "building", "subtype": "minor-damage", "uid": "a319384d-0c75-46e8-b009-cb34faad5dcd" }, "geometry": { "type": "Polygon", "coordinates": [ [ [ 701.695652915522146, 848.218138039051382 ], [ 701.695652914774428, 852.804852985207276 ], [ 710.86908280184889, 853.529071133918251 ], [ 711.351894903710331, 871.875930907574912 ], [ 710.38627070304085, 889.981384634319966 ], [ 706.523773912326874, 890.705602782033793 ], [ 706.539995456019028, 891.020002339774805 ], [ 689.731962217383511, 889.747636542482837 ], [ 683.229995452650655, 884.490002343588571 ], [ 684.772224728652191, 880.642775023603122 ], [ 686.071985938772286, 864.100359632333152 ], [ 675.109993671407437, 863.167424117872656 ], [ 674.32359087530665, 857.10088826556489 ], [ 673.283590875108189, 846.286889640827326 ], [ 674.899581398460555, 846.286889641824359 ], [ 701.695652915522146, 848.218138039051382 ] ] ] } },
{ "type": "Feature", "properties": { "feature_type": "building", "subtype": "minor-damage", "uid": "3f42c389-c9fe-4983-9572-0d46f1629c37" }, "geometry": { "type": "Polygon", "coordinates": [ [ [ 673.826677294799993, 857.156970189704225 ], [ 674.665960626193055, 863.631441581642548 ], [ 685.534610603042097, 864.556433068323599 ], [ 684.279722187465836, 880.527740175097506 ], [ 682.727276168130516, 884.408855221785757 ], [ 651.819995452118064, 886.160002341300242 ], [ 650.517570379427298, 866.806403870586792 ], [ 653.655849025605562, 866.082185715893843 ], [ 654.138661127093087, 846.528295692723987 ], [ 672.779995455354538, 846.290002340889714 ], [ 673.826677294799993, 857.156970189704225 ] ] ] } },
{ "type": "Feature", "properties": { "feature_type": "building", "subtype": "minor-damage", "uid": "60eb398b-d6fe-477c-b08f-4d721c872af0" }, "geometry": { "type": "Polygon", "coordinates": [ [ [ 653.893916281164366, 742.414062690528567 ], [ 654.510120462524583, 740.257348061655648 ], [ 692.714779659125384, 740.565450152491621 ], [ 700.417331913945645, 747.343696133934259 ], [ 703.498352815761677, 763.056902739650354 ], [ 701.033536093249495, 769.527046637236026 ], [ 703.806454907719171, 771.683761268102899 ], [ 704.730761179541332, 779.694415613886463 ], [ 687.477044121769723, 777.845803075849631 ], [ 689.941860845964356, 790.786090866035806 ], [ 661.904570627069916, 788.629376231180913 ], [ 661.904570627194516, 780.926823979224423 ], [ 654.818222549559437, 779.694415615880416 ], [ 657.591141362221947, 758.127269297241696 ], [ 652.353405828542805, 757.202963024733663 ], [ 653.893916281164366, 742.414062690528567 ] ] ] } },
{ "type": "Feature", "properties": { "feature_type": "building", "subtype": "minor-damage", "uid": "b0f5d640-f978-4117-8e68-fbc2efa5a7e3" }, "geometry": { "type": "Polygon", "coordinates": [ [ [ 650.87921634834845, 719.626205355358366 ], [ 666.440465550278191, 719.181598235335059 ], [ 665.699453684736227, 708.807432097803826 ], [ 692.820488013185923, 706.436194123681958 ], [ 691.783071404492944, 702.286527668470058 ], [ 708.381737219352885, 700.952706308400252 ], [ 710.308368076878196, 712.660693806001291 ], [ 711.197582313123235, 718.588788742303109 ], [ 714.458034529222346, 718.588788741306075 ], [ 715.791855891285536, 735.632061677191928 ], [ 650.731013971227185, 739.04071626636312 ], [ 650.87921634834845, 719.626205355358366 ] ] ] } },
{ "type": "Feature", "properties": { "feature_type": "building", "subtype": "minor-damage", "uid": "b5a5dc4f-7417-41bc-bf90-af51914364d0" }, "geometry": { "type": "Polygon", "coordinates": [ [ [ 688.494884672154399, 627.540484675057201 ], [ 695.115063156549695, 620.163714360640029 ], [ 701.35694572671423, 625.838153060893433 ], [ 696.817394766475559, 631.51259175815585 ], [ 702.113537557169821, 636.808734548914231 ], [ 684.522777585006679, 659.317341391690888 ], [ 690.386364239881118, 670.287922876720586 ], [ 704.572460991319986, 669.909626965231496 ], [ 704.761608947376089, 674.638325881278433 ], [ 708.166272167352531, 674.827473836524518 ], [ 708.355420123907152, 691.094198112312597 ], [ 650.665293338369679, 701.686483685853091 ], [ 645.558298510087411, 679.367024798322518 ], [ 662.581614609907319, 675.016621796755658 ], [ 658.231211607531918, 653.264606779948281 ], [ 665.986277830008362, 652.697162908228051 ], [ 665.797129875136307, 647.968463991183967 ], [ 674.68708383550711, 646.266132381008219 ], [ 686.603405106857849, 630.188556067445347 ], [ 688.494884672154399, 627.540484675057201 ] ] ] } },
{ "type": "Feature", "properties": { "feature_type": "building", "subtype": "minor-damage", "uid": "a6d9c2c3-7223-490d-b0b8-6efd18856e06" }, "geometry": { "type": "Polygon", "coordinates": [ [ [ 617.727123525162938, 614.767945777063346 ], [ 634.939587582970717, 607.202027508397123 ], [ 644.586133371927644, 610.417542771508465 ], [ 658.583082166375789, 606.634583636676894 ], [ 680.713393097468952, 628.575746608730242 ], [ 642.316357891216398, 667.351077728292012 ], [ 635.885327364497243, 652.975833020916866 ], [ 630.58918458140522, 646.355654540445016 ], [ 626.806225445328664, 640.492067880957393 ], [ 623.590710181782129, 633.682741441251551 ], [ 619.618603091768136, 629.899782310407886 ], [ 617.727123525162938, 614.767945777063346 ] ] ] } },
{ "type": "Feature", "properties": { "feature_type": "building", "subtype": "minor-damage", "uid": "d2b8ee2a-3d9a-4b34-9300-403739855c57" }, "geometry": { "type": "Polygon", "coordinates": [ [ [ 588.976634111294629, 605.31054794297529 ], [ 613.94416439226427, 606.25628772518769 ], [ 614.133312348133472, 657.137088069231595 ], [ 598.244883990819062, 657.326236026471747 ], [ 598.055736029777904, 660.352603331346018 ], [ 581.032419929833395, 658.650271722167304 ], [ 577.627756711601705, 659.785159462616775 ], [ 573.844797575836651, 658.650271722167304 ], [ 570.818430270464887, 654.110720764357325 ], [ 569.116098660165108, 637.087404662599965 ], [ 573.844797580323188, 636.330812836630685 ], [ 572.331613923649229, 620.820680390800021 ], [ 577.249460795376876, 620.820680388805954 ], [ 581.410715843752541, 617.416017169451493 ], [ 591.435557546317227, 617.037721252977349 ], [ 588.976634111294629, 605.31054794297529 ] ] ] } },
{ "type": "Feature", "properties": { "feature_type": "building", "subtype": "minor-damage", "uid": "fd510ebb-9b70-4b56-9b15-5cd952fd941e" }, "geometry": { "type": "Polygon", "coordinates": [ [ [ 523.153145188925237, 616.470277386242174 ], [ 557.010629432820565, 610.606690731739604 ], [ 558.902109000547284, 625.738527263090077 ], [ 564.198251784885542, 626.873415000548562 ], [ 565.711435439565548, 626.873415002542629 ], [ 572.709909837381588, 673.214664387779521 ], [ 554.740853951860004, 672.836368471305377 ], [ 553.984262129006652, 663.18982268396519 ], [ 543.013680638746337, 666.027042036584476 ], [ 542.067940856721179, 663.568118595454393 ], [ 537.339241938494752, 663.568118595454393 ], [ 534.312874634805439, 656.380496242265281 ], [ 522.396553364451734, 657.137088074216649 ], [ 520.694221749976919, 644.275027016786112 ], [ 531.664803239302614, 644.275027016786112 ], [ 532.610543022885508, 638.600588316532594 ], [ 535.826058285123509, 638.978884231012785 ], [ 534.880318500481167, 635.195925098175167 ], [ 523.531441104028431, 626.684267048293577 ], [ 522.396553361959263, 619.11834877962724 ], [ 523.153145188925237, 616.470277386242174 ] ] ] } },
{ "type": "Feature", "properties": { "feature_type": "building", "subtype": "minor-damage", "uid": "2c717f58-0dad-4be5-892e-64213ebb554b" }, "geometry": { "type": "Polygon", "coordinates": [ [ [ 470.265495550266508, 694.144874335890677 ], [ 472.769995443589778, 695.710002347774434 ], [ 473.959845266379887, 698.263302017826845 ], [ 518.787910994054982, 711.503658979767579 ], [ 517.653023254602886, 723.987424121720892 ], [ 512.735176383498356, 732.309934215359476 ], [ 501.953742851973573, 729.283566907494219 ], [ 496.657600066139821, 732.499082172599628 ], [ 489.469977710211424, 744.415403440838759 ], [ 477.364508482555323, 740.821592264244146 ], [ 481.147467616575625, 731.931638300879399 ], [ 474.716437089482611, 729.66186282197441 ], [ 470.555182044596393, 739.308408612305584 ], [ 466.583074953149207, 738.173520871855999 ], [ 465.448187212077016, 735.147153567978762 ], [ 450.316350678612878, 732.688230128842633 ], [ 453.910161857761125, 723.419980253988683 ], [ 455.423345509512274, 715.286618117590251 ], [ 451.640386379168376, 710.368771241312061 ], [ 458.159995442945217, 693.060002347728187 ], [ 461.119632291141727, 691.718420817257424 ], [ 470.265495550266508, 694.144874335890677 ] ] ] } },
{ "type": "Feature", "properties": { "feature_type": "building", "subtype": "minor-damage", "uid": "b390c391-25bd-4f68-bc4f-ff7ab78f7550" }, "geometry": { "type": "Polygon", "coordinates": [ [ [ 525.597237435752618, 670.836848296778044 ], [ 525.597237437248168, 675.754695171062167 ], [ 517.842171211032792, 689.184200096224913 ], [ 512.924324340738394, 688.427608270255632 ], [ 508.384773376574117, 697.317562232623459 ], [ 492.307197061645695, 692.210567402096217 ], [ 484.741278796409176, 699.209041801036278 ], [ 473.879995444515828, 695.820002347181912 ], [ 470.466572624757873, 693.680923686659298 ], [ 461.075936128198975, 691.189530332005461 ], [ 457.839995441853716, 692.650002347036207 ], [ 451.262090461822027, 690.697383751154575 ], [ 458.449712816877991, 668.377924861629936 ], [ 473.959845265819126, 671.215144214249221 ], [ 483.417243100091014, 655.705011763433504 ], [ 476.04047278679792, 644.734430277406773 ], [ 494.955268454967722, 628.656853960852914 ], [ 525.597237435752618, 670.836848296778044 ] ] ] } },
{ "type": "Feature", "properties": { "feature_type": "building", "subtype": "minor-damage", "uid": "7f0365cf-bbfe-471c-8d34-9b4cd15e6203" }, "geometry": { "type": "Polygon", "coordinates": [ [ [ 454.302690913799722, 750.055309319846629 ], [ 510.290486091405228, 751.001049103055948 ], [ 510.101338133728973, 766.511181549883645 ], [ 513.884297268123191, 766.511181547889692 ], [ 514.64088909290831, 787.12830882624155 ], [ 487.025287418367498, 784.101941518376179 ], [ 487.214435380031716, 772.563916161626253 ], [ 469.81282336417388, 772.185620248143096 ], [ 469.623675406497682, 788.074048610448017 ], [ 451.276323610421912, 788.830640435420264 ], [ 454.302690913799722, 750.055309319846629 ] ] ] } },
{ "type": "Feature", "properties": { "feature_type": "building", "subtype": "minor-damage", "uid": "d546763e-1903-4014-a38f-a5228c65b3c0" }, "geometry": { "type": "Polygon", "coordinates": [ [ [ 482.942704965975281, 786.173809519958013 ], [ 483.510148837009922, 788.821880915337147 ], [ 515.287005560051057, 790.335064567275822 ], [ 514.530413732337252, 812.84367141005248 ], [ 497.507097629900215, 811.519635711365936 ], [ 498.263689461041224, 834.59568642785689 ], [ 485.212480449802172, 835.352278254823204 ], [ 482.942704969402484, 814.924298933711384 ], [ 472.539567348930575, 813.78941119525598 ], [ 471.759995442759589, 815.000002346107067 ], [ 469.710246232042721, 805.776953237792668 ], [ 470.15450060116342, 794.37442442994211 ], [ 469.779995443455618, 791.860002348663784 ], [ 470.269791870213282, 791.848248222205484 ], [ 471.972123478643709, 785.795513610462876 ], [ 482.942704965975281, 786.173809519958013 ] ] ] } },
{ "type": "Feature", "properties": { "feature_type": "building", "subtype": "minor-damage", "uid": "7986c01d-6545-4bd4-9a71-434593dd2602" }, "geometry": { "type": "Polygon", "coordinates": [ [ [ 469.653063913258279, 794.401562811496206 ], [ 469.208104046071583, 805.822199503821594 ], [ 471.379995443866278, 815.590002346373126 ], [ 470.792404895097718, 816.492335083399325 ], [ 469.90319065604848, 832.498191409220908 ], [ 444.708787181260618, 830.423358180119521 ], [ 443.226763444132303, 805.525359453833062 ], [ 447.376429899467382, 805.080752333809869 ], [ 448.117441768623621, 799.152657398504971 ], [ 455.972167559644618, 796.633217053368412 ], [ 456.083695118275898, 792.226544133694574 ], [ 469.279995443973689, 791.870002348972434 ], [ 469.653063913258279, 794.401562811496206 ] ] ] } },
{ "type": "Feature", "properties": { "feature_type": "building", "subtype": "minor-damage", "uid": "66a9b0e5-253b-4ea9-bbfb-fa2335766f99" }, "geometry": { "type": "Polygon", "coordinates": [ [ [ 446.043200141121417, 833.365217821719398 ], [ 502.409273870549612, 839.826916700633092 ], [ 502.409273869490278, 851.979511319254357 ], [ 502.409273868742503, 868.578177139104923 ], [ 500.482643013273616, 871.542224606258856 ], [ 500.038035895680707, 875.988295805494204 ], [ 499.148821655198276, 879.69335513669489 ], [ 463.28384729530751, 872.579641221308066 ], [ 465.358680521728786, 860.130641854675446 ], [ 440.75708654283909, 856.721987267498207 ], [ 446.043200141121417, 833.365217821719398 ] ] ] } },
{ "type": "Feature", "properties": { "feature_type": "building", "subtype": "minor-damage", "uid": "bcabc48f-dbbb-4f92-8a1a-fcb9c068a0d0" }, "geometry": { "type": "Polygon", "coordinates": [ [ [ 423.995555152772113, 914.907747079817682 ], [ 426.643626546343285, 896.182099367884575 ], [ 432.507213203897209, 877.456451657945536 ], [ 437.614208034858791, 878.023895529665879 ], [ 438.18165190315159, 873.86264048234807 ], [ 493.223707293934012, 882.941742400958901 ], [ 488.495008381004197, 904.126313548040002 ], [ 475.254651411029613, 902.613129894107374 ], [ 469.580212712273578, 926.445772436567722 ], [ 459.933666921011024, 929.661287695691044 ], [ 455.394115962828721, 927.958956088506284 ], [ 456.529003699601276, 925.878328564847379 ], [ 453.502636395288903, 921.90622147776071 ], [ 458.231335309153394, 913.394563423890986 ], [ 454.637524134741, 910.746492031502953 ], [ 444.234386516637016, 905.072053334240536 ], [ 436.290172335238026, 923.230257172459346 ], [ 428.156810198779908, 921.33877760604048 ], [ 428.724254070686925, 917.177522559719705 ], [ 426.076182674997085, 916.988374603476586 ], [ 423.995555152772113, 914.907747079817682 ] ] ] } },
{ "type": "Feature", "properties": { "feature_type": "building", "subtype": "minor-damage", "uid": "f5bc6939-c6a0-4f56-93ce-63c0fcf0937e" }, "geometry": { "type": "Polygon", "coordinates": [ [ [ 451.947288890939319, 936.531261103177258 ], [ 483.330075350977381, 923.253928372490691 ], [ 489.123820545211288, 933.634388507336666 ], [ 490.572256843193372, 933.6343885083337 ], [ 497.090220185514909, 946.9117212370262 ], [ 494.434753634468223, 949.325781736052477 ], [ 495.641783883980906, 955.119526929727499 ], [ 474.6394575624617, 969.12107781111888 ], [ 482.182291948047578, 986.489645172212136 ], [ 461.754312628999116, 994.623007309607715 ], [ 450.59458318205958, 971.168660684618658 ], [ 453.999246405338624, 970.412068858649263 ], [ 450.783731140358896, 958.684895544659184 ], [ 454.377542316578285, 956.982563934483551 ], [ 448.89225157562322, 943.742206970548864 ], [ 453.810098448846304, 941.661579446889959 ], [ 451.947288890939319, 936.531261103177258 ] ] ] } },
{ "type": "Feature", "properties": { "feature_type": "building", "subtype": "minor-damage", "uid": "e994cdab-53b3-4d96-aa90-07136e912b3d" }, "geometry": { "type": "Polygon", "coordinates": [ [ [ 519.161107619710947, 947.748819632627146 ], [ 541.036356028430532, 949.289330086807126 ], [ 542.268764388471482, 935.424736025109951 ], [ 561.062991895749064, 940.046267375685602 ], [ 548.738908284559443, 1009.061135600314969 ], [ 515.155780441897718, 1001.050481252536997 ], [ 518.236801346517836, 982.872457926115203 ], [ 530.868987049353336, 982.872457926115203 ], [ 533.025701681154146, 970.54837431261592 ], [ 513.307167902303718, 963.462026238343356 ], [ 519.161107619710947, 947.748819632627146 ] ] ] } },
{ "type": "Feature", "properties": { "feature_type": "building", "subtype": "minor-damage", "uid": "a8229fd4-31ba-4120-82b0-3b0ca7a0fcaf" }, "geometry": { "type": "Polygon", "coordinates": [ [ [ 560.751136151072046, 952.327483962797032 ], [ 566.425574850014982, 948.166228915479223 ], [ 573.424049247332505, 951.003448265107409 ], [ 574.180641074173991, 945.518157522094043 ], [ 580.989967515560011, 943.626677953681224 ], [ 593.095436741471417, 948.166228915479223 ], [ 590.258217392031042, 975.781830588783123 ], [ 587.420998042279166, 975.025238761816809 ], [ 582.69229912585979, 995.264070123694523 ], [ 576.828712467433547, 992.426850774066224 ], [ 576.639564512686093, 994.88577421220532 ], [ 573.234901291961933, 997.344697645359361 ], [ 554.50925358065831, 995.453218080934562 ], [ 555.454993363804988, 984.860932508390988 ], [ 559.616248410498315, 954.975555353191112 ], [ 560.751136151072046, 952.327483962797032 ] ] ] } },
{ "type": "Feature", "properties": { "feature_type": "building", "subtype": "minor-damage", "uid": "89662440-c43e-4219-bbb5-1124806a16c1" }, "geometry": { "type": "Polygon", "coordinates": [ [ [ 442.178916312128024, 679.641246071726073 ], [ 442.487018402527724, 696.278758945962181 ], [ 433.552057785610089, 696.894963127634128 ], [ 432.011547332863927, 705.521821654092605 ], [ 424.6170971666985, 705.829923744928578 ], [ 424.308995077669692, 710.451455102483351 ], [ 384.563825427263396, 706.754230018433532 ], [ 384.563825429444421, 689.192410871689503 ], [ 390.109663052650774, 687.651900420500624 ], [ 389.18535678195019, 682.722266973106912 ], [ 400.893236211717294, 683.338471151787871 ], [ 401.201338305668912, 680.565552342240039 ], [ 442.178916312128024, 679.641246071726073 ] ] ] } },
{ "type": "Feature", "properties": { "feature_type": "building", "subtype": "minor-damage", "uid": "a9f1632e-28fc-4f09-bf60-b0742b6b74ad" }, "geometry": { "type": "Polygon", "coordinates": [ [ [ 395.963602767814677, 728.321376334081265 ], [ 396.271704857778275, 718.462109444278894 ], [ 435.708772415479189, 720.926926168972727 ], [ 435.092568234617488, 728.629478425914272 ], [ 437.249282867353088, 728.321376334081265 ], [ 436.633078688360683, 752.045237286577958 ], [ 381.482804525011318, 752.045237286577958 ], [ 382.099008704689027, 733.251009781475091 ], [ 395.655500676791917, 729.245682604595231 ], [ 395.963602767814677, 728.321376334081265 ] ] ] } },
{ "type": "Feature", "properties": { "feature_type": "building", "subtype": "minor-damage", "uid": "4964a2bc-a7dd-4288-b5ed-13cb8a586f54" }, "geometry": { "type": "Polygon", "coordinates": [ [ [ 368.850618822736521, 757.591074913649663 ], [ 387.952948419603672, 760.980197903872522 ], [ 397.504113219501619, 758.82348327300565 ], [ 425.541403435467373, 762.828810443903421 ], [ 424.925199256288124, 766.8341376187891 ], [ 428.314322248005283, 767.450341802455114 ], [ 427.390015976681582, 786.860773488233008 ], [ 424.000892987207692, 785.936467218716075 ], [ 424.617097165826124, 793.639019473663666 ], [ 391.958275593304222, 792.714713203149699 ], [ 389.801560962001872, 782.547344226499263 ], [ 370.699231364573905, 780.698731683477376 ], [ 368.850618822736521, 757.591074913649663 ] ] ] } },
{ "type": "Feature", "properties": { "feature_type": "building", "subtype": "minor-damage", "uid": "4d54100b-82bd-448e-b533-757e7301e3de" }, "geometry": { "type": "Polygon", "coordinates": [ [ [ 362.548189369261479, 814.859475937141042 ], [ 379.004061600913076, 816.561807547316789 ], [ 380.706393212022988, 797.647011882131665 ], [ 422.129795722961774, 802.564858754421721 ], [ 420.994907984506824, 824.127725815983013 ], [ 424.967015070969012, 825.640909464930701 ], [ 424.399571202364484, 838.3138225651212 ], [ 359.14352615115439, 830.74790429844893 ], [ 362.548189369261479, 814.859475937141042 ] ] ] } },
{ "type": "Feature", "properties": { "feature_type": "building", "subtype": "minor-damage", "uid": "e501cf78-518c-477e-bc19-e5bbf9845bc6" }, "geometry": { "type": "Polygon", "coordinates": [ [ [ 370.492403552405221, 849.662699967622075 ], [ 386.569979870324573, 854.391398878684072 ], [ 389.2180512607178, 847.203776527488913 ], [ 395.838229748415813, 848.716960184412642 ], [ 397.729709311842896, 841.907633740718666 ], [ 412.672397888004582, 849.473552007390936 ], [ 416.83365293482251, 849.662699965628008 ], [ 419.670872284698987, 851.365031576800789 ], [ 424.777867115785284, 856.472026403339896 ], [ 416.455357022149485, 887.870587210478448 ], [ 376.545138167386028, 875.765117984002245 ], [ 377.490877949286585, 871.982158850167593 ], [ 362.737337330177922, 865.929424238424986 ], [ 370.492403552405221, 849.662699967622075 ] ] ] } },
{ "type": "Feature", "properties": { "feature_type": "building", "subtype": "minor-damage", "uid": "89a5e3ed-9e2f-4828-a60d-d8b3707b9273" }, "geometry": { "type": "Polygon", "coordinates": [ [ [ 361.207802087037578, 890.858024868766165 ], [ 371.42179174833791, 885.751030035247936 ], [ 378.041970230240679, 884.42699433955238 ], [ 399.415689336486423, 936.820978333540893 ], [ 392.228066985543023, 940.036493600640256 ], [ 391.093179242102792, 944.386896601210083 ], [ 377.852822274122275, 949.872187346217515 ], [ 375.772194754576674, 947.034967995592297 ], [ 367.449684660940875, 950.439631216940711 ], [ 353.452735863065584, 918.284478582835959 ], [ 362.910133699705284, 914.312371490764122 ], [ 360.26206230576031, 904.476677744189942 ], [ 352.128700166809722, 907.503045054049267 ], [ 349.480628774796287, 899.180534958416615 ], [ 354.965919517745476, 898.045647220958244 ], [ 354.209327690218572, 892.182060563464688 ], [ 361.207802087037578, 890.858024868766165 ] ] ] } },
{ "type": "Feature", "properties": { "feature_type": "building", "subtype": "no-damage", "uid": "18b84d13-19a2-4b4f-ad9c-45196d28ed7b" }, "geometry": { "type": "Polygon", "coordinates": [ [ [ 312.04131710296258, 893.11239129298076 ], [ 319.006828649388581, 893.853403159021468 ], [ 318.117614411710292, 900.226105216343626 ], [ 325.231328332328985, 900.818914707381623 ], [ 327.157959187424126, 896.076438760134693 ], [ 334.56807785362389, 897.854867242221644 ], [ 334.123470735968681, 905.561390656622507 ], [ 340.496172790110677, 909.859259483846131 ], [ 337.82853007059532, 923.938484956566072 ], [ 337.087518204741798, 926.161520555685229 ], [ 332.641447000709775, 925.716913435661922 ], [ 327.157959185430116, 945.131424349657777 ], [ 297.517484508541884, 936.980293814236688 ], [ 303.00097232475639, 916.824771034200239 ], [ 303.593781815918817, 911.637687964936049 ], [ 307.891650646007292, 903.782962177526542 ], [ 311.15210286067321, 894.149807905038983 ], [ 312.04131710296258, 893.11239129298076 ] ] ] } },
{ "type": "Feature", "properties": { "feature_type": "building", "subtype": "no-damage", "uid": "dcc62819-adeb-4921-84af-6dfb34a18624" }, "geometry": { "type": "Polygon", "coordinates": [ [ [ 272.174878658751425, 880.07058243830113 ], [ 275.583533245304181, 879.329570570266355 ], [ 281.511628183473476, 880.366987182324578 ], [ 285.068485142224972, 883.479237026475289 ], [ 291.441187198111777, 887.480701106684478 ], [ 295.590853656001684, 890.296546199832619 ], [ 293.960627546924115, 898.151271988239159 ], [ 300.777936721213678, 902.44914081446575 ], [ 300.333329602499191, 907.04341439069799 ], [ 291.885794318446415, 939.796138909378897 ], [ 258.24385555966802, 931.645008373957808 ], [ 272.174878658751425, 880.07058243830113 ] ] ] } },
{ "type": "Feature", "properties": { "feature_type": "building", "subtype": "no-damage", "uid": "f6bce78b-2134-49e5-a423-6d311bb50022" }, "geometry": { "type": "Polygon", "coordinates": [ [ [ 235.634864833618508, 869.049553925925693 ], [ 252.090737064397814, 873.021661014009396 ], [ 250.577553411836504, 881.722467023125205 ], [ 266.465981775693876, 889.288385286806374 ], [ 256.062844155720427, 927.307124577407762 ], [ 240.552711708337199, 924.848201141262734 ], [ 242.822487189671591, 921.06524201041907 ], [ 222.583655823687991, 914.255915565728174 ], [ 235.634864833618508, 869.049553925925693 ] ] ] } },
{ "type": "Feature", "properties": { "feature_type": "building", "subtype": "no-damage", "uid": "7224cd4b-e767-46d3-8bad-90b077de6505" }, "geometry": { "type": "Polygon", "coordinates": [ [ [ 198.183569414999312, 857.133232654695576 ], [ 200.831640806327187, 856.754936742209452 ], [ 207.262671333482501, 855.809196959000019 ], [ 216.909217124184295, 859.403008135594519 ], [ 213.693701859640811, 875.291436496902406 ], [ 228.068946568008101, 881.533319066882086 ], [ 225.988319043602189, 897.610895385430013 ], [ 222.772803780803514, 897.421747425198873 ], [ 216.720069166570397, 913.310175782518741 ], [ 219.557288518254012, 917.660578787076588 ], [ 216.530921210015805, 923.145869530089954 ], [ 194.21146232193189, 915.579951266408784 ], [ 183.0517328813483, 912.553583958543413 ], [ 193.83316641143989, 869.238701881171778 ], [ 195.724645977733388, 869.04955392891668 ], [ 198.183569414999312, 857.133232654695576 ] ] ] } },
{ "type": "Feature", "properties": { "feature_type": "building", "subtype": "no-damage", "uid": "3652c812-a383-437d-ba1c-5802a9e286b7" }, "geometry": { "type": "Polygon", "coordinates": [ [ [ 157.347707995277602, 848.381540631312873 ], [ 172.073477025187913, 850.554195082430624 ], [ 169.659416527346394, 858.76200076914995 ], [ 188.247682352394889, 865.038558057645218 ], [ 180.764094813205105, 905.353368354494933 ], [ 165.314107635768011, 903.180713910356417 ], [ 160.968798740762509, 909.215865152937113 ], [ 144.794593412059896, 905.836180457291221 ], [ 148.657090207945913, 880.729951291345969 ], [ 151.795368852317097, 878.074484744411166 ], [ 152.278180952184499, 873.487769799252192 ], [ 149.6227144040665, 872.039333500833436 ], [ 156.38208379404719, 849.829976928734709 ], [ 157.347707995277602, 848.381540631312873 ] ] ] } },
{ "type": "Feature", "properties": { "feature_type": "building", "subtype": "minor-damage", "uid": "397d4e57-a824-40f4-ad02-95de68ccaf28" }, "geometry": { "type": "Polygon", "coordinates": [ [ [ 208.964698565997509, 1022.987128524904961 ], [ 205.412191250832507, 1011.379495746147995 ], [ 211.688748543999196, 1007.758405001595975 ], [ 215.068433242821811, 1006.792780800989021 ], [ 221.344990530504901, 1016.207616737220974 ], [ 243.554347104278605, 1012.345119944760995 ], [ 241.864504754524603, 1006.068562652278047 ], [ 261.41839477986872, 1004.861532403761998 ], [ 265.280891573511383, 1020.794331681383028 ], [ 259.728552430488605, 1021.518549831091036 ], [ 259.871479114172075, 1022.987716824846984 ], [ 208.964698565997509, 1022.987128524904961 ] ] ] } },
{ "type": "Feature", "properties": { "feature_type": "building", "subtype": "minor-damage", "uid": "49a945c5-af47-40e7-8c8c-7521f12034e7" }, "geometry": { "type": "Polygon", "coordinates": [ [ [ 268.789077588750274, 1022.987808718141991 ], [ 270.096836392500393, 1015.391871366800046 ], [ 280.471002529529585, 1016.577490355855048 ], [ 279.575041525465679, 1022.98791541901096 ], [ 268.789077588750274, 1022.987808718141991 ] ] ] } },
{ "type": "Feature", "properties": { "feature_type": "building", "subtype": "minor-damage", "uid": "620913f9-a4e7-4fa0-acb7-5152f5f0cc9d" }, "geometry": { "type": "Polygon", "coordinates": [ [ [ 298.917791834451407, 1022.988094578484038 ], [ 300.330120567156087, 1016.429287978858042 ], [ 314.112941290489005, 1019.541537822011946 ], [ 311.936119173864824, 1022.988206344156993 ], [ 298.917791834451407, 1022.988094578484038 ] ] ] } },
{ "type": "Feature", "properties": { "feature_type": "building", "subtype": "no-damage", "uid": "df05c1d5-a388-4f18-b668-afb581d025d5" }, "geometry": { "type": "Polygon", "coordinates": [ [ [ 21.361734753154241, 994.904949688617194 ], [ 29.116800981051998, 993.013470120204374 ], [ 28.549357106652469, 989.797954857092918 ], [ 47.464152774386058, 983.36692433087012 ], [ 51.247111912082822, 990.5545466860533 ], [ 61.650249523893237, 988.852215073883485 ], [ 63.920025006660858, 994.526653772142936 ], [ 68.837871877952296, 993.202618076447379 ], [ 70.72935144530517, 992.446026250478099 ], [ 75.836346278011604, 1007.956158695311956 ], [ 65.244060701857464, 1011.360821914665962 ], [ 60.893657697425681, 1009.280194394994965 ], [ 50.301372125820393, 1013.819745352804944 ], [ 51.625407823696463, 1016.84611266166803 ], [ 25.90128571258278, 1022.520551359927026 ], [ 20.794290884674449, 1005.875531174644038 ], [ 24.766397972819121, 1004.740643434193998 ], [ 21.361734753154241, 994.904949688617194 ] ] ] } },
{ "type": "Feature", "properties": { "feature_type": "building", "subtype": "no-damage", "uid": "5ba804b9-dedc-4909-8e63-a8bafcc5f37f" }, "geometry": { "type": "Polygon", "coordinates": [ [ [ -0.00000457464982, 974.898801276289987 ], [ 2.436150382245271, 971.638349061124586 ], [ 0.954126648232619, 968.377896844962152 ], [ 13.551328389988459, 957.114516468381453 ], [ 13.995935506210451, 953.409457135186813 ], [ 20.368637562658019, 947.481362197887961 ], [ 25.407518258288579, 950.44540966504178 ], [ 28.816172846835471, 949.259790678977879 ], [ 31.483815566039301, 951.186421532079521 ], [ 35.188874903345358, 948.815183559951606 ], [ 48.378886133085622, 963.042611402689204 ], [ 35.040672528654213, 979.196670103513611 ], [ 12.36570939925142, 1005.132085445845973 ], [ -0.000004574587507, 990.311848105091599 ], [ -0.00000457464982, 974.898801276289987 ] ] ] } },
{ "type": "Feature", "properties": { "feature_type": "building", "subtype": "no-damage", "uid": "00001350-784c-4a8f-acb8-d20333ecda4a" }, "geometry": { "type": "Polygon", "coordinates": [ [ [ 51.41505092124811, 827.642808085480056 ], [ 53.263663460904489, 830.415726898018875 ], [ 52.955561373682762, 836.269666611938533 ], [ 61.274317809863291, 839.350687515313325 ], [ 62.198624083305631, 843.047912599363144 ], [ 72.67409515141162, 843.664116781035091 ], [ 67.436359614242974, 889.263226140015604 ], [ 46.793519566748238, 886.182205235643664 ], [ 44.328702841992879, 892.036144952554423 ], [ 32.62082341147805, 890.803736591204483 ], [ 34.777538043528139, 866.463671460026831 ], [ 40.939579851085803, 826.718501812972022 ], [ 51.41505092124811, 827.642808085480056 ] ] ] } },
{ "type": "Feature", "properties": { "feature_type": "building", "subtype": "no-damage", "uid": "91cb59e0-7254-4949-a2c3-d8cf7a6695c2" }, "geometry": { "type": "Polygon", "coordinates": [ [ [ 76.409587197092449, 834.851352202748103 ], [ 87.947612555271732, 835.986239941203621 ], [ 87.947612554399342, 840.525790903001621 ], [ 100.620525651220603, 842.606418426660412 ], [ 100.242229739295396, 852.442112174231738 ], [ 106.484112307279005, 854.522739698887563 ], [ 100.998821564516703, 895.378698335129229 ], [ 69.600260758884332, 891.217443290802407 ], [ 76.409587197092449, 834.851352202748103 ] ] ] } },
{ "type": "Feature", "properties": { "feature_type": "building", "subtype": "no-damage", "uid": "484397c5-f8e0-439d-b21a-b7d42c2042b2" }, "geometry": { "type": "Polygon", "coordinates": [ [ [ 115.563214228940197, 842.228122510186267 ], [ 118.400433580686098, 841.849826598697177 ], [ 130.127606895544602, 843.552158209869845 ], [ 131.451642588622491, 846.011081644020919 ], [ 144.502851599674614, 848.280857124919862 ], [ 142.800519992677408, 859.251438611943627 ], [ 146.7726270799497, 860.953770219128273 ], [ 140.719892468956914, 902.566320687321308 ], [ 105.727520483677793, 897.270177899554028 ], [ 109.510479614208606, 869.843724183490167 ], [ 115.1849183134008, 868.330540530554572 ], [ 116.319806054036903, 862.466953876052003 ], [ 111.591107137679899, 862.088657961571812 ], [ 115.563214228940197, 842.228122510186267 ] ] ] } },
{ "type": "Feature", "properties": { "feature_type": "building", "subtype": "minor-damage", "uid": "200b0b3a-ffa7-4b43-8a45-c096f57423af" }, "geometry": { "type": "Polygon", "coordinates": [ [ [ 260.653854247656909, 796.513851865047172 ], [ 267.619365797697128, 799.033292210183845 ], [ 268.212175292909819, 796.66205423705901 ], [ 307.634006614543182, 806.147006132549677 ], [ 307.634006613733106, 817.113981762115941 ], [ 288.812305195081308, 818.447803123182666 ], [ 288.960507564600391, 821.708255337351034 ], [ 263.321496972468879, 819.929826857258149 ], [ 264.062508837761584, 813.112517683900819 ], [ 264.210711209711008, 807.480827494613436 ], [ 255.022164059555394, 803.47936341141326 ], [ 260.653854247656909, 796.513851865047172 ] ] ] } },
{ "type": "Feature", "properties": { "feature_type": "building", "subtype": "minor-damage", "uid": "d270c9ee-bf1c-4de5-aae2-cff9346ab7ad" }, "geometry": { "type": "Polygon", "coordinates": [ [ [ 249.584843640229394, 771.457857441360034 ], [ 258.285649646039587, 771.457857441360034 ], [ 259.420537385928014, 754.245393385353736 ], [ 297.628424633694181, 757.839204560951202 ], [ 296.493536895239117, 777.132296138622564 ], [ 309.544745905730394, 778.267183876080935 ], [ 308.977302033885678, 794.912204064355137 ], [ 248.82825181394881, 787.157137844430849 ], [ 249.584843640229394, 771.457857441360034 ] ] ] } },
{ "type": "Feature", "properties": { "feature_type": "building", "subtype": "minor-damage", "uid": "e042a577-0f54-497e-96af-61f4f46c8e33" }, "geometry": { "type": "Polygon", "coordinates": [ [ [ 239.181706022125411, 734.195709977725073 ], [ 244.099552899336601, 733.24997019451564 ], [ 243.721256985978187, 715.091766352308809 ], [ 278.713628969699414, 715.280914309548848 ], [ 278.902776926191677, 722.657684620975033 ], [ 282.118292185563178, 723.414276443953327 ], [ 282.874884016828787, 730.98019471162263 ], [ 299.709052159533428, 731.547638583342859 ], [ 299.330756243807116, 750.084138335044827 ], [ 273.984930051410686, 749.327546509075546 ], [ 240.316593761515207, 748.38180672486908 ], [ 239.181706022125411, 734.195709977725073 ] ] ] } },
{ "type": "Feature", "properties": { "feature_type": "building", "subtype": "minor-damage", "uid": "5edd380a-a581-405b-b8a7-aeb1c605c64c" }, "geometry": { "type": "Polygon", "coordinates": [ [ [ 169.007814095074991, 751.97561790445468 ], [ 181.491579235964792, 749.70584242554969 ], [ 178.654359888643114, 741.194184372677 ], [ 181.113283322294791, 740.059296638209617 ], [ 178.843507845260007, 731.358490630090841 ], [ 200.217226950944905, 727.953827408742313 ], [ 201.541262643711292, 722.657684620975033 ], [ 221.023502182167988, 721.144500971030425 ], [ 223.482425617439787, 739.491852762501253 ], [ 226.508792928232793, 739.11355685400315 ], [ 230.102604101025008, 757.839204561948236 ], [ 213.646731871554294, 760.865571865825473 ], [ 211.566104347522213, 758.595796387917517 ], [ 172.223329359930005, 767.296602394042338 ], [ 169.007814095074991, 751.97561790445468 ] ] ] } },
{ "type": "Feature", "properties": { "feature_type": "building", "subtype": "minor-damage", "uid": "809c896b-fc3d-4d8b-bc47-da749288e26c" }, "geometry": { "type": "Polygon", "coordinates": [ [ [ 170.710145709736707, 783.752474627070455 ], [ 190.003237287152189, 784.887362366522893 ], [ 190.381533199326611, 774.105928837736201 ], [ 230.859195929050401, 772.97104109628981 ], [ 231.237491842845003, 806.261081467853046 ], [ 176.573732361869304, 804.558749860668399 ], [ 176.762880318860113, 798.695163204171877 ], [ 167.116334531523194, 797.181979548245181 ], [ 166.92718657116751, 796.992831591005029 ], [ 170.710145709736707, 783.752474627070455 ] ] ] } },
{ "type": "Feature", "properties": { "feature_type": "building", "subtype": "minor-damage", "uid": "931e821b-42f7-46ab-a2ce-b5d41ac0f48a" }, "geometry": { "type": "Polygon", "coordinates": [ [ [ 241.981339940533303, 675.409271263716732 ], [ 282.778962336239772, 675.65067731461636 ], [ 282.296150240422776, 681.444422508291382 ], [ 300.160197915202787, 683.858483002332719 ], [ 299.9187918667335, 707.274869821950574 ], [ 259.362575517502307, 707.0334637730449 ], [ 259.603981567467088, 698.342845983529287 ], [ 249.947739579777505, 698.101439934623727 ], [ 248.740709330513994, 692.307694744936725 ], [ 241.25712179412821, 690.859258445520936 ], [ 241.981339940533303, 675.409271263716732 ] ] ] } },
{ "type": "Feature", "properties": { "feature_type": "building", "subtype": "minor-damage", "uid": "6d248aa8-ba0e-40e1-8399-ee56ab38bef5" }, "geometry": { "type": "Polygon", "coordinates": [ [ [ 264.432102561280772, 630.507746027690018 ], [ 282.537556288081987, 628.335091578566448 ], [ 283.02036838533229, 621.334316138369218 ], [ 294.36645272290059, 619.885879839950462 ], [ 298.470355565635828, 620.368691940752683 ], [ 304.264100760181293, 615.299164894791488 ], [ 310.299252003445417, 616.264789092408023 ], [ 315.610185093761572, 617.471819343915172 ], [ 329.128923879704985, 618.437443541531707 ], [ 330.335954126663012, 621.092910088466624 ], [ 340.233602161201816, 623.265564535596241 ], [ 341.199226362805973, 658.510847787481794 ], [ 326.47345732984229, 658.993659886290061 ], [ 325.749239181131713, 652.958508643709365 ], [ 286.158647035249373, 656.09678729344057 ], [ 283.98599258537871, 652.475696546895165 ], [ 265.156320709368288, 651.992884447089864 ], [ 264.432102561280772, 630.507746027690018 ] ] ] } },
{ "type": "Feature", "properties": { "feature_type": "building", "subtype": "minor-damage", "uid": "39418bda-e19f-4c1b-90fd-79d677570d6d" }, "geometry": { "type": "Polygon", "coordinates": [ [ [ 370.16795232363171, 618.92025563934294 ], [ 400.102302485874702, 619.1616616882485 ], [ 402.033550884658894, 632.921806520734322 ], [ 371.374982573518309, 634.12883677224147 ], [ 370.16795232363171, 618.92025563934294 ] ] ] } },
{ "type": "Feature", "properties": { "feature_type": "building", "subtype": "minor-damage", "uid": "3ac6fcbb-823b-4c83-b2da-5c78817c5788" }, "geometry": { "type": "Polygon", "coordinates": [ [ [ 404.206205330479179, 623.02415848369958 ], [ 411.689792870042879, 623.02415848369958 ], [ 419.897598558628886, 622.782752429808966 ], [ 421.34603485754559, 623.265564533602173 ], [ 441.141330931919981, 622.782752431802919 ], [ 442.831173278371523, 648.854605798355692 ], [ 429.553840549683514, 648.130387647650764 ], [ 431.00227684604539, 670.581150264667144 ], [ 404.206205328609826, 665.028811123885703 ], [ 404.119995439782713, 665.230002351075882 ], [ 400.809276353941584, 653.79948969430086 ], [ 398.039995440041594, 650.730002351142389 ], [ 399.378084335668518, 650.785854194585681 ], [ 398.171054087775872, 644.267890854193752 ], [ 402.516362982158398, 642.336642455969809 ], [ 403.964799279642023, 622.299940332994652 ], [ 404.206205330479179, 623.02415848369958 ] ] ] } },
{ "type": "Feature", "properties": { "feature_type": "building", "subtype": "minor-damage", "uid": "3611b0a4-4082-4127-9e48-2906aef8d55d" }, "geometry": { "type": "Polygon", "coordinates": [ [ [ 397.339995438685719, 650.700002348222256 ], [ 400.360952813679091, 654.048775987353906 ], [ 403.819995443296477, 665.990002346619463 ], [ 403.240581134046977, 667.44287162291198 ], [ 374.513261217391118, 667.684277673811607 ], [ 372.099200721730483, 649.578823946069519 ], [ 397.339995438685719, 650.700002348222256 ] ] ] } },
{ "type": "Feature", "properties": { "feature_type": "building", "subtype": "major-damage", "uid": "16fb150d-c266-44ac-88e4-7548826d3fae" }, "geometry": { "type": "Polygon", "coordinates": [ [ [ 1022.428100618427948, 158.961812697965513 ], [ 1018.787631039719031, 160.175302459205597 ], [ 1005.417980452631014, 175.904303148422002 ], [ 995.58735502293348, 164.894002664076197 ], [ 992.048329871400369, 164.500777648914607 ], [ 988.902529733595429, 157.815952360259786 ], [ 976.319329180569071, 139.334376546966013 ], [ 980.644804368594123, 131.469876205847299 ], [ 1002.665405332230989, 105.123800053428795 ], [ 1022.428165338688018, 123.767914571877895 ], [ 1022.428100618427948, 158.961812697965513 ] ] ] } },
{ "type": "Feature", "properties": { "feature_type": "building", "subtype": "major-damage", "uid": "cdbe2db1-7275-4f7a-92f4-6e1f8d7aa9cc" }, "geometry": { "type": "Polygon", "coordinates": [ [ [ 919.294180196596699, 116.877582125984304 ], [ 927.501985882627764, 117.118988174889907 ], [ 924.846519336005372, 108.911182488170596 ], [ 937.882446019464282, 107.221340139849204 ], [ 939.813694415942905, 112.290867180825401 ], [ 951.401184804846935, 111.566649032114498 ], [ 952.608215049499222, 100.703376796466301 ], [ 982.542565212427689, 105.290091738634203 ], [ 976.319329180569071, 139.334376546966013 ], [ 952.849621101769685, 143.190841539448712 ], [ 951.159778752202669, 139.086938692101 ], [ 941.744942814166279, 141.500999193121288 ], [ 944.88322145934751, 152.364271428769598 ], [ 928.950422182105399, 155.502550073515692 ], [ 920.018398343749482, 120.981484971338006 ], [ 919.294180196596699, 116.877582125984304 ] ] ] } },
{ "type": "Feature", "properties": { "feature_type": "building", "subtype": "major-damage", "uid": "c7d2d229-c5a5-469d-94c1-739fb0260457" }, "geometry": { "type": "Polygon", "coordinates": [ [ [ 894.429357076948349, 121.705703120048895 ], [ 898.774665969710668, 123.154139417470603 ], [ 897.326229670980752, 115.187739777662898 ], [ 911.086374503586512, 113.497897430338597 ], [ 912.776216855708412, 122.1885152178601 ], [ 915.190277350185056, 122.188515219854096 ], [ 920.259804393153559, 135.948660050345893 ], [ 921.708240689141576, 134.741629800832811 ], [ 925.087925386593383, 159.3650468689668 ], [ 928.709016132078204, 162.744731565609612 ], [ 928.226204033270164, 174.573627998874287 ], [ 911.569186603266985, 174.573627998874287 ], [ 905.051223261817995, 166.124416261255305 ], [ 881.393430396854342, 173.366597751355187 ], [ 872.944218653193843, 144.397871788961908 ], [ 883.083272743866587, 142.949435493534111 ], [ 887.911393737804815, 144.639277838864501 ], [ 899.01607201886543, 142.466623390737794 ], [ 894.429357076948349, 121.705703120048895 ] ] ] } },
{ "type": "Feature", "properties": { "feature_type": "building", "subtype": "major-damage", "uid": "8b31a837-2aa4-464a-a318-bc48c6c95c02" }, "geometry": { "type": "Polygon", "coordinates": [ [ [ 1003.871846832587039, 227.192674824816294 ], [ 1020.509359713360027, 252.4570462294989 ], [ 1012.806807451996974, 259.851496394607409 ], [ 1013.114909543332033, 263.548721479654319 ], [ 1004.488051015317978, 267.862150745376027 ], [ 1008.493378188457996, 276.797111363667511 ], [ 972.137331537495584, 286.656378249481918 ], [ 966.283391819153621, 250.300331599629004 ], [ 983.537108877797664, 242.9058814325264 ], [ 984.76951723939635, 239.824860528154602 ], [ 996.477396667294101, 228.733185277002207 ], [ 1003.871846832587039, 227.192674824816294 ] ] ] } },
{ "type": "Feature", "properties": { "feature_type": "building", "subtype": "major-damage", "uid": "340ca5b6-b1de-4e28-b5b1-460db1cf5904" }, "geometry": { "type": "Polygon", "coordinates": [ [ [ 972.137331537495584, 286.656378249481918 ], [ 961.045656283293511, 290.661705425364687 ], [ 962.27806464470541, 295.591338867773516 ], [ 941.019020415040359, 299.596666044653318 ], [ 935.47318279152239, 286.656378250479008 ], [ 935.009995465615816, 286.930002336605014 ], [ 933.863920681557261, 281.031691369382827 ], [ 931.999995464801827, 277.120002334883623 ], [ 933.932672338776229, 276.797111363667511 ], [ 932.700263977675945, 271.559375830422823 ], [ 940.402816235175692, 270.943171645759776 ], [ 940.094714142844282, 262.932517299976325 ], [ 937.949995463645791, 263.620002334911078 ], [ 938.18969710174224, 255.795751625069897 ], [ 933.57742748653277, 245.648758471468511 ], [ 934.429995465346906, 241.40000233495951 ], [ 934.548876519014698, 241.36537097934351 ], [ 934.856978609663656, 242.597779341690398 ], [ 961.969962552997117, 240.441064708829487 ], [ 972.137331537495584, 286.656378249481918 ] ] ] } },
{ "type": "Feature", "properties": { "feature_type": "building", "subtype": "major-damage", "uid": "e5ab6d9b-3ab3-4ac7-bae3-64e654962e79" }, "geometry": { "type": "Polygon", "coordinates": [ [ [ 933.385219814198763, 281.18938988241672 ], [ 934.549995463193682, 287.190002335657709 ], [ 928.078732623176052, 290.969807514206707 ], [ 920.992384544357037, 278.953825993537407 ], [ 931.489995466008395, 277.200002335358988 ], [ 933.385219814198763, 281.18938988241672 ] ] ] } },
{ "type": "Feature", "properties": { "feature_type": "building", "subtype": "major-damage", "uid": "d6922777-3750-4ef8-ae57-ef3883780833" }, "geometry": { "type": "Polygon", "coordinates": [ [ [ 933.05550882605587, 245.708842015670996 ], [ 937.686301921154723, 255.896586823346496 ], [ 937.439995465537663, 263.78000233586198 ], [ 919.759976183256754, 269.402661196564907 ], [ 912.057423925756893, 246.911208606415187 ], [ 933.889995465627408, 241.530002335981294 ], [ 933.05550882605587, 245.708842015670996 ] ] ] } },
{ "type": "Feature", "properties": { "feature_type": "building", "subtype": "major-damage", "uid": "1ecd420e-908e-47a0-9b79-d20e5a0934bb" }, "geometry": { "type": "Polygon", "coordinates": [ [ [ 892.204395786858413, 252.884102453930808 ], [ 899.959462012575159, 247.966255580643605 ], [ 908.660268018260808, 247.398811711914391 ], [ 920.009145417766831, 281.256295953204017 ], [ 927.575063684623501, 302.630015057525213 ], [ 922.089772941611955, 305.088938493670184 ], [ 888.988880524932028, 317.194407722140511 ], [ 884.449329565067274, 301.873423231555876 ], [ 900.905201793914898, 294.685800877369672 ], [ 897.311390621184955, 283.52607143509988 ], [ 879.531482690660255, 288.443918308387083 ], [ 872.154712379174157, 269.718270598447987 ], [ 881.044666343470681, 268.772530815238611 ], [ 880.666370433975771, 265.557015552127211 ], [ 893.906727396535075, 261.395760505806379 ], [ 892.204395786858413, 252.884102453930808 ] ] ] } },
{ "type": "Feature", "properties": { "feature_type": "building", "subtype": "major-damage", "uid": "eeeb410c-27d2-4a83-a864-9d195b1f7a80" }, "geometry": { "type": "Polygon", "coordinates": [ [ [ 822.921270645549384, 154.526363609539999 ], [ 840.785318321887189, 148.732618419852912 ], [ 838.129851773457744, 142.214655078464006 ], [ 862.511862791618569, 134.006849386759598 ], [ 879.410286272147346, 188.323210566994788 ], [ 863.960299089787554, 192.427113410354508 ], [ 860.339208349474688, 183.736495618844913 ], [ 844.165003017843446, 192.185707360451886 ], [ 842.233754618996954, 186.391962168770789 ], [ 837.647039674836606, 189.530240810525896 ], [ 831.853294482098136, 170.217756840249791 ], [ 823.886894844037897, 173.356035486989896 ], [ 819.782991998747889, 163.699793499857805 ], [ 823.886894842230845, 161.285733001828504 ], [ 822.921270645549384, 154.526363609539999 ] ] ] } },
{ "type": "Feature", "properties": { "feature_type": "building", "subtype": "minor-damage", "uid": "2303b20c-bf4e-43ef-b13c-5586ac0c80b3" }, "geometry": { "type": "Polygon", "coordinates": [ [ [ 710.618251196398887, 215.752514972224191 ], [ 720.274493185459391, 208.510333482124395 ], [ 726.309644425109354, 208.510333482124395 ], [ 742.001037655751588, 200.785339892219298 ], [ 737.655728761867636, 190.887691857178595 ], [ 748.03618889864174, 183.645510364087698 ], [ 753.347121992011239, 193.060346301317196 ], [ 756.726806690273065, 194.267376549833301 ], [ 765.417424478165572, 196.198624948057386 ], [ 771.693981768216531, 206.579085086891411 ], [ 765.417424474302152, 210.9243939781596 ], [ 773.625230165879088, 223.960320660937498 ], [ 759.6236792852402, 231.926720301742193 ], [ 749.726031244906267, 237.720465491429309 ], [ 755.278370389175279, 247.135301429655811 ], [ 736.931510613032287, 259.205603915814208 ], [ 730.172141224609391, 250.273580076395888 ], [ 730.172141223238555, 246.169677232039191 ], [ 722.44714762978424, 237.23765339361799 ], [ 712.06668749512869, 218.166575472247501 ], [ 710.618251196398887, 215.752514972224191 ] ] ] } },
{ "type": "Feature", "properties": { "feature_type": "building", "subtype": "minor-damage", "uid": "b8c8ca94-722e-4810-9f74-b093b6d45511" }, "geometry": { "type": "Polygon", "coordinates": [ [ [ 664.509695708070581, 233.616562651060605 ], [ 672.717501394101646, 229.995471906509209 ], [ 681.649525234202315, 242.065774386685604 ], [ 688.891706724611254, 237.23765339361799 ], [ 695.409670065748742, 239.410307840747691 ], [ 714.239341940949089, 228.788441655002089 ], [ 731.86198357168405, 255.101701070460507 ], [ 721.481523434847531, 263.792318857982025 ], [ 718.101838737084222, 263.309506762164801 ], [ 715.204966141369368, 266.447785404916885 ], [ 714.480747990851569, 266.206379358005279 ], [ 708.92840885156761, 267.413409604527487 ], [ 706.514348351794297, 269.103251951851917 ], [ 710.859657245802964, 275.862621345137427 ], [ 693.478421667649968, 284.79464518156459 ], [ 678.752652638923564, 262.34388256155728 ], [ 680.925307088420368, 261.378258363940802 ], [ 664.751101759281596, 236.030623149089905 ], [ 664.509695708070581, 233.616562651060605 ] ] ] } },
{ "type": "Feature", "properties": { "feature_type": "building", "subtype": "minor-damage", "uid": "7b955423-25f0-474d-895e-4d577fa67ad9" }, "geometry": { "type": "Polygon", "coordinates": [ [ [ 623.712073307939704, 253.411858724133111 ], [ 637.713624192878228, 248.825143780968205 ], [ 641.334714935496663, 258.964197868902488 ], [ 652.680799270821694, 254.618888973646193 ], [ 646.404241978714367, 242.30718044057619 ], [ 658.957356563489839, 237.237653395612114 ], [ 692.512797473398678, 287.691517779399192 ], [ 673.44171954536705, 294.450887168696681 ], [ 668.372192500093092, 284.553239133656007 ], [ 652.680799272068043, 292.278232721567122 ], [ 656.54329606683234, 302.417286807507423 ], [ 636.265187892590575, 305.555565457238572 ], [ 622.746449108765773, 255.343107122357111 ], [ 623.712073307939704, 253.411858724133111 ] ] ] } },
{ "type": "Feature", "properties": { "feature_type": "building", "subtype": "minor-damage", "uid": "487a8353-c456-42d1-9f6d-ed357935f561" }, "geometry": { "type": "Polygon", "coordinates": [ [ [ 581.459234545655931, 272.787243994585822 ], [ 586.770167638776229, 272.787243994585822 ], [ 587.011573686684756, 267.959122997530187 ], [ 604.392809264713037, 268.200529049426791 ], [ 605.117027413672986, 258.785693111200374 ], [ 619.118578296928945, 257.09585075889089 ], [ 619.118578295433508, 266.269280654193892 ], [ 623.463887190065179, 268.683341147238082 ], [ 632.154504983378956, 307.791121194574828 ], [ 617.911548047665519, 308.032527245474398 ], [ 614.049051252589607, 297.652067108634412 ], [ 608.49671211124928, 293.306758213378089 ], [ 606.324057661752477, 297.652067108634412 ], [ 600.288906421354795, 307.308309093772493 ], [ 589.667040233307148, 307.549715145669211 ], [ 581.459234545655931, 272.787243994585822 ] ] ] } },
{ "type": "Feature", "properties": { "feature_type": "building", "subtype": "minor-damage", "uid": "a90969ac-d92e-4147-88c7-ad81b68ebb56" }, "geometry": { "type": "Polygon", "coordinates": [ [ [ 508.313201488867776, 296.203630813206587 ], [ 522.556158419845474, 281.477861782107425 ], [ 526.177249166265028, 283.409110179334391 ], [ 531.246776209856648, 280.512237581499789 ], [ 529.31552781350274, 277.615364984662278 ], [ 540.661612146646803, 266.510686702102475 ], [ 547.420981538122987, 271.580213743078616 ], [ 552.490508581527706, 266.269280654193892 ], [ 580.010798246552213, 298.13487920943669 ], [ 567.699089713050171, 310.929399841314876 ], [ 557.318629576712169, 305.618466749439108 ], [ 552.973320682205099, 308.032527247468408 ], [ 560.939720320888568, 318.412987384308394 ], [ 551.524884383288395, 327.586417269641174 ], [ 548.145199687706054, 323.965326524092802 ], [ 542.351454499391821, 327.827823320540915 ], [ 534.626460905376689, 321.551266029054489 ], [ 527.867091514149706, 326.137980971222476 ], [ 508.313201488867776, 296.203630813206587 ] ] ] } },
{ "type": "Feature", "properties": { "feature_type": "building", "subtype": "minor-damage", "uid": "43b9b899-9ad2-4657-9721-7133bbffcfe0" }, "geometry": { "type": "Polygon", "coordinates": [ [ [ 499.796607090550026, 357.371984759689326 ], [ 509.452849079423572, 356.164954511173107 ], [ 509.694255128765292, 353.75089401314392 ], [ 507.28019463210768, 351.336833518105607 ], [ 504.141915988671201, 339.266531036932179 ], [ 503.900509934406728, 334.679816089779308 ], [ 533.834860098145214, 333.472785840266113 ], [ 535.283296395566481, 336.611064488003308 ], [ 540.59422948899828, 337.576688685619786 ], [ 541.077041587183317, 345.301682275524911 ], [ 543.008289985157376, 351.095427466208889 ], [ 542.04266578729198, 357.371984757695316 ], [ 536.490326644019888, 357.130578709786619 ], [ 536.007514543903199, 361.475887605042885 ], [ 544.2153202371627, 360.993075505237698 ], [ 544.456726282578643, 373.787596134124897 ], [ 541.31844763957838, 374.994626383637979 ], [ 539.387199240607174, 377.891498982469614 ], [ 500.762231289848614, 380.546965526413487 ], [ 499.796607090550026, 357.371984759689326 ] ] ] } },
{ "type": "Feature", "properties": { "feature_type": "building", "subtype": "minor-damage", "uid": "5bf0a803-24cc-42fd-a9b0-186fa86ed066" }, "geometry": { "type": "Polygon", "coordinates": [ [ [ 498.830982891874385, 386.340710719091476 ], [ 531.179393554015292, 387.064928868799427 ], [ 530.455175402064356, 381.512589727021009 ], [ 547.112192830260369, 379.82274737969658 ], [ 547.112192831506718, 410.481315686423272 ], [ 550.491877525655809, 411.688345939924488 ], [ 550.250471478432701, 428.586769412171293 ], [ 540.111417389691724, 425.931302864239399 ], [ 539.145793190642394, 431.966454107817128 ], [ 507.521600683505824, 430.035205712584116 ], [ 507.280194630238327, 422.793024220490281 ], [ 497.141140547666282, 423.517242369201085 ], [ 498.106764742789892, 411.446939889024804 ], [ 503.176291785633794, 406.136006792163982 ], [ 503.900509938768721, 399.135231353960819 ], [ 498.1067647444101, 397.203982958727806 ], [ 498.830982891874385, 386.340710719091476 ] ] ] } },
{ "type": "Feature", "properties": { "feature_type": "building", "subtype": "minor-damage", "uid": "4f3ea27e-79a0-4c2d-a3f3-1f6c855992e1" }, "geometry": { "type": "Polygon", "coordinates": [ [ [ 486.760680406779386, 433.414890407232917 ], [ 494.002861899057791, 432.932078308424707 ], [ 494.244267948399511, 427.621145216548882 ], [ 503.659103884691092, 429.069581513970604 ], [ 504.866134135761683, 432.932078308424707 ], [ 538.66298109033869, 435.58754485137149 ], [ 538.662981091460324, 447.175035239718682 ], [ 546.387974681923652, 447.175035239718682 ], [ 548.319223078028358, 467.211737361696692 ], [ 540.111417389068606, 467.453143409605275 ], [ 539.628605288328799, 483.868754787032003 ], [ 525.38564836096532, 481.937506391798991 ], [ 523.454399959626244, 465.280488963472692 ], [ 508.487224880124927, 466.487519211988911 ], [ 506.797382531679489, 480.247664045471709 ], [ 486.277868309965413, 478.075009597345002 ], [ 486.760680406779386, 433.414890407232917 ] ] ] } },
{ "type": "Feature", "properties": { "feature_type": "building", "subtype": "minor-damage", "uid": "be705193-bb65-4a4c-ba62-080a03d9cfc5" }, "geometry": { "type": "Polygon", "coordinates": [ [ [ 516.240180516864029, 484.011042496622281 ], [ 513.343307918344976, 487.390727191271083 ], [ 514.791744217199494, 496.081344978792572 ], [ 516.964398668129434, 498.495405474827919 ], [ 514.067526068675761, 507.668835364148777 ], [ 536.276882640143867, 505.254774868113486 ], [ 542.794845982278389, 505.496180914028116 ], [ 545.208906481926988, 494.150096583559673 ], [ 555.347960568674011, 494.150096583559673 ], [ 556.554990814011717, 508.875865612664882 ], [ 559.934675513021261, 509.600083761375799 ], [ 561.141705760477748, 533.016470578999588 ], [ 486.064424305777777, 531.085222184763666 ], [ 486.547236404336616, 481.838388048495574 ], [ 516.240180516864029, 484.011042496622281 ] ] ] } },
{ "type": "Feature", "properties": { "feature_type": "building", "subtype": "major-damage", "uid": "e6ea98a5-18e4-42f0-b27b-c8fec1c814b2" }, "geometry": { "type": "Polygon", "coordinates": [ [ [ 773.989113357654901, 315.463775222247875 ], [ 776.258888837431527, 317.166106833420713 ], [ 808.035745558665553, 359.724397079838013 ], [ 787.986062155405648, 376.936861138835411 ], [ 788.931801936620673, 385.448519188717114 ], [ 781.744179584742596, 389.420626279791804 ], [ 770.584450139921728, 375.234529528659721 ], [ 763.585975741108655, 380.908968226919114 ], [ 734.078894500648175, 343.268524851794893 ], [ 744.103736202652044, 332.108795408528124 ], [ 742.779700508140877, 331.163055625318691 ], [ 750.913062642791829, 324.542877144846784 ], [ 755.263465648282931, 327.569244448724078 ], [ 759.992164564577706, 324.921173056335988 ], [ 759.803016608770804, 323.975433270135625 ], [ 766.801491004717491, 317.733550704143909 ], [ 769.827858311273189, 319.246734357079617 ], [ 773.989113357654901, 315.463775222247875 ] ] ] } },
{ "type": "Feature", "properties": { "feature_type": "building", "subtype": "major-damage", "uid": "4ab1049d-07ee-4ce5-a31a-7b1e9d1d46a0" }, "geometry": { "type": "Polygon", "coordinates": [ [ [ 707.374527079750919, 357.522961202741612 ], [ 711.34663417094896, 353.550854107678788 ], [ 711.157486214643654, 350.902782717284708 ], [ 722.884659530187605, 345.039196059791209 ], [ 724.776139096668089, 347.687267455170286 ], [ 729.126542097423339, 345.984935843997619 ], [ 748.230485720340653, 374.546277300510781 ], [ 743.501786805603842, 381.923047611937022 ], [ 742.177751110718759, 386.462598569747001 ], [ 734.800980798484943, 392.137037269003372 ], [ 730.639725751604828, 391.569593400274186 ], [ 714.940445348663957, 403.485914671504304 ], [ 720.047440180373428, 414.834792066029081 ], [ 713.42726169280013, 416.726271638429978 ], [ 706.239639340735039, 409.160353371757822 ], [ 690.351210980180326, 380.409863957007417 ], [ 695.269057853465824, 379.274976219548876 ], [ 691.864394632305448, 374.546277303501881 ], [ 697.727981289859258, 372.654797734092028 ], [ 697.917129245229944, 365.467175381899892 ], [ 706.996231167763426, 361.116772377342102 ], [ 710.211746431060647, 365.656323338143011 ], [ 713.048965784115126, 364.332287640453387 ], [ 707.374527079750919, 357.522961202741612 ] ] ] } },
{ "type": "Feature", "properties": { "feature_type": "building", "subtype": "major-damage", "uid": "33b12049-ae62-4e3d-835d-f42714931deb" }, "geometry": { "type": "Polygon", "coordinates": [ [ [ 617.154775204546581, 425.110956146099227 ], [ 636.708665229579196, 420.765647252836914 ], [ 640.571162027521495, 421.007053300745497 ], [ 672.19535453241474, 415.696120207872696 ], [ 673.643790833325625, 408.936750815584105 ], [ 691.990650608097667, 406.764096367457512 ], [ 696.335959503726372, 431.6289194864911 ], [ 696.818771605151596, 438.388288874791726 ], [ 699.715644199246412, 441.285161472626214 ], [ 702.129704694096972, 458.90780309657498 ], [ 695.611741354143419, 459.149209147474608 ], [ 691.990650609717818, 452.148433707277377 ], [ 675.816445279893628, 457.459366804138313 ], [ 675.33363318289264, 445.871876414794087 ], [ 652.158652409695719, 451.665621610463177 ], [ 652.400058459473598, 457.700772850052886 ], [ 640.329755974129398, 458.907803098568991 ], [ 636.950071278235441, 444.423440120363409 ], [ 620.534459903743141, 446.837500616398586 ], [ 617.154775204546581, 425.110956146099227 ] ] ] } },
{ "type": "Feature", "properties": { "feature_type": "building", "subtype": "major-damage", "uid": "e46b5ab6-4726-4383-a712-5244d5fb9f8c" }, "geometry": { "type": "Polygon", "coordinates": [ [ [ 621.017272001304946, 374.657091762312007 ], [ 634.053198683891424, 374.4156857154004 ], [ 634.777416832726772, 370.794594965864007 ], [ 644.192252768769094, 367.173504223306622 ], [ 666.401609345159955, 364.518037676371705 ], [ 670.988324288136369, 399.763320927260281 ], [ 668.815669839262682, 401.694569326481314 ], [ 670.505512185589509, 408.212532666873187 ], [ 653.124276608807349, 413.523465760743079 ], [ 651.917246359107708, 407.729720568064977 ], [ 629.225077691947149, 414.730496010256218 ], [ 624.879768795072209, 399.039102781540407 ], [ 626.32820509205726, 395.659418082903585 ], [ 626.328205093241195, 389.382860792414306 ], [ 623.189926446377513, 389.141454742511712 ], [ 621.017272001304946, 374.657091762312007 ] ] ] } },
{ "type": "Feature", "properties": { "feature_type": "building", "subtype": "minor-damage", "uid": "33831bc1-e7aa-4cd7-987b-57bf2a1786e0" }, "geometry": { "type": "Polygon", "coordinates": [ [ [ 212.329277127608407, 618.664421772771902 ], [ 214.788200564500414, 616.962090161599235 ], [ 219.516899479112595, 616.962090161599235 ], [ 220.462639263069491, 605.424064804849195 ], [ 235.972771710265789, 603.910881153907553 ], [ 237.8642512792388, 612.422539201795189 ], [ 244.484429764132614, 612.611687158038308 ], [ 245.808465459516214, 626.9869318634195 ], [ 247.510797070563711, 629.256707341327456 ], [ 249.402276633616992, 661.222712022180303 ], [ 242.403802237545705, 660.844416105706046 ], [ 239.944878800404496, 665.573115026738151 ], [ 233.702996231610911, 665.762262979990169 ], [ 232.189812577367093, 668.599482331612421 ], [ 217.436271958320788, 670.301813944779155 ], [ 217.43627195713691, 661.411859979420342 ], [ 203.439323162003291, 660.655268153451061 ], [ 202.11528746643279, 663.870783414568336 ], [ 190.955558022359696, 663.303339548830195 ], [ 196.251700809564397, 618.286125861282812 ], [ 205.519950685162996, 619.988457470461526 ], [ 212.329277127608407, 618.664421772771902 ] ] ] } },
{ "type": "Feature", "properties": { "feature_type": "building", "subtype": "minor-damage", "uid": "78befb05-c678-40de-ad4b-664db51e84ea" }, "geometry": { "type": "Polygon", "coordinates": [ [ [ 131.828098131711897, 612.796029549269292 ], [ 160.796824090605895, 613.278841649074593 ], [ 161.279636190286311, 616.899932393625932 ], [ 175.281187074788591, 617.382744493431233 ], [ 173.832750776619605, 637.902258715214543 ], [ 184.213210910652009, 639.592101063536006 ], [ 184.213210911025897, 665.181142328289411 ], [ 156.692921248805391, 664.939736278386818 ], [ 157.175733345494905, 660.353021336218944 ], [ 153.796048649725606, 659.628803185514016 ], [ 153.554642599137594, 649.489749099573714 ], [ 130.862473929983111, 649.006937000765447 ], [ 131.828098131711897, 612.796029549269292 ] ] ] } },
{ "type": "Feature", "properties": { "feature_type": "building", "subtype": "minor-damage", "uid": "639f837f-ae4c-40ea-ac3f-7141ba5c9de5" }, "geometry": { "type": "Polygon", "coordinates": [ [ [ 126.088479739447294, 614.975152594863289 ], [ 125.847073686117497, 634.529042619030065 ], [ 119.087704297383098, 634.770448669929692 ], [ 118.604892195833202, 653.117308447574374 ], [ 116.915049847699294, 663.497768583417383 ], [ 93.015850932023042, 663.256362533514789 ], [ 93.981475129203034, 658.186835490544581 ], [ 93.981475131446302, 654.324338694096582 ], [ 93.498663031578886, 608.94000135527358 ], [ 108.224432060056003, 609.181407406173207 ], [ 110.879898610354999, 612.078280000019731 ], [ 123.9158252891404, 614.975152595860322 ], [ 126.088479739447294, 614.975152594863289 ] ] ] } },
{ "type": "Feature", "properties": { "feature_type": "building", "subtype": "minor-damage", "uid": "810c832b-1325-48be-aed9-1378234d25fa" }, "geometry": { "type": "Polygon", "coordinates": [ [ [ 59.930690349109312, 611.341908767828954 ], [ 75.622083581060068, 613.031751116150303 ], [ 75.863489631897309, 631.378610890803998 ], [ 89.623634464876943, 631.137204841898438 ], [ 89.865040513595545, 663.002803397141179 ], [ 59.447878250550467, 662.037179200521678 ], [ 59.930690349109312, 611.341908767828954 ] ] ] } },
{ "type": "Feature", "properties": { "feature_type": "building", "subtype": "minor-damage", "uid": "3680362d-2c91-46c6-80c6-af056040759d" }, "geometry": { "type": "Polygon", "coordinates": [ [ [ 43.9978910701224, 634.516889537544216 ], [ 57.99944195206988, 634.275483487641623 ], [ 57.275223806911093, 656.726246106651956 ], [ 40.618206377281837, 657.691870307259478 ], [ 40.414907808496032, 646.752383110997812 ], [ -0.000004578824794, 646.250517272534807 ], [ -0.000004575397576, 608.108713480546726 ], [ 16.32534751716144, 605.599384287234216 ], [ 35.396249415579227, 607.10498180362049 ], [ 40.414907805131122, 611.621774353776345 ], [ 44.429834519688882, 611.621774353776345 ], [ 44.429834521869843, 627.681481216499378 ], [ 43.9978910701224, 634.516889537544216 ] ] ] } },
{ "type": "Feature", "properties": { "feature_type": "building", "subtype": "minor-damage", "uid": "a14a7205-dd0e-4738-b996-86fb4193b16d" }, "geometry": { "type": "Polygon", "coordinates": [ [ [ 3.896282125557332, 743.307198704198981 ], [ 14.035336213799839, 743.790010804004282 ], [ 14.276742258841971, 739.444701907750982 ], [ 39.382971428455207, 740.893138205172704 ], [ 39.382971426149631, 750.307974143399179 ], [ 45.900934769717331, 749.825162038608937 ], [ 44.69390452020459, 773.000142814306173 ], [ 30.69235363807017, 773.965767011922708 ], [ 30.45094759034858, 767.689209718442385 ], [ 8.000184968728664, 769.620458119657428 ], [ 3.172063974478801, 769.620458118660395 ], [ 3.896282125557332, 743.307198704198981 ] ] ] } },
{ "type": "Feature", "properties": { "feature_type": "building", "subtype": "minor-damage", "uid": "5d501ac6-c2e1-429a-a487-b23fa9b58600" }, "geometry": { "type": "Polygon", "coordinates": [ [ [ 72.938412336183063, 678.851783438023517 ], [ 88.388399514554806, 674.26506849585553 ], [ 92.975114458341309, 680.058813687536599 ], [ 108.666507686802504, 675.954910839191939 ], [ 117.357125477062993, 709.751757795649837 ], [ 106.493853239548997, 713.372848540201176 ], [ 109.149319788477001, 719.890811883584206 ], [ 101.424326196829796, 720.615030030301 ], [ 103.596980645890397, 735.82361116220261 ], [ 85.732932970985701, 736.306423261010764 ], [ 80.180593825719626, 711.683006191879826 ], [ 72.214194187783988, 681.507249982964368 ], [ 72.938412336183063, 678.851783438023517 ] ] ] } },
{ "type": "Feature", "properties": { "feature_type": "building", "subtype": "minor-damage", "uid": "13209993-b777-4fb2-8865-fee8378ec44a" }, "geometry": { "type": "Polygon", "coordinates": [ [ [ 7.517372871540716, 715.304096938425232 ], [ 12.586899912390541, 709.027539647935896 ], [ 9.931433364272579, 703.716606554066061 ], [ 16.690802757680508, 689.956461723574307 ], [ 20.311893500610559, 691.646304072892804 ], [ 28.036887091198469, 685.611152828318041 ], [ 73.421224435115775, 720.132217930495813 ], [ 56.522800954275397, 746.445477346951179 ], [ 46.142340819370631, 738.961889804954694 ], [ 48.314995266250293, 734.375174862786821 ], [ 45.418122668229778, 731.23689621804067 ], [ 40.590001676659377, 737.030641411715692 ], [ 30.20954153764194, 728.098617571300451 ], [ 23.20876609775868, 722.304872379619383 ], [ 17.415020904584068, 725.684557075265161 ], [ 7.517372871540716, 715.304096938425232 ] ] ] } },
{ "type": "Feature", "properties": { "feature_type": "building", "subtype": "minor-damage", "uid": "cdd4b7ab-4183-4be3-a0d7-429e221d9129" }, "geometry": { "type": "Polygon", "coordinates": [ [ [ 125.806337216361499, 674.989286642572438 ], [ 169.018020109722698, 674.747880591672811 ], [ 167.810989860209986, 684.886934678610146 ], [ 158.878966021106294, 686.576777022943475 ], [ 158.637559972263091, 712.890036441392908 ], [ 153.085220828741797, 715.304096936431165 ], [ 154.050845031841504, 728.340023617215024 ], [ 123.633682768360202, 728.581429667117732 ], [ 124.116494866233595, 707.820509398422814 ], [ 124.840713019368494, 678.127565287318589 ], [ 125.806337216361499, 674.989286642572438 ] ] ] } },
{ "type": "Feature", "properties": { "feature_type": "building", "subtype": "major-damage", "uid": "93551c46-9798-49b9-b2b1-43db037ed8c8" }, "geometry": { "type": "Polygon", "coordinates": [ [ [ 946.897305410189574, 0.009049514023257 ], [ 949.97631220854521, 13.839645571878791 ], [ 938.884636957147336, 20.30978946747042 ], [ 922.555226171322602, 22.77460618917328 ], [ 922.863328261597644, 24.31511664335321 ], [ 911.155448831207423, 25.547525003706141 ], [ 909.923040470854971, 17.228768566089609 ], [ 905.609611205633087, 17.228768566089609 ], [ 903.452896574019292, 28.936647996919952 ], [ 889.280200418873619, 60.671163295200159 ], [ 871.102177092707052, 52.968611037261589 ], [ 871.102177092831653, 43.725548332122131 ], [ 881.57764816336794, 24.007014551520221 ], [ 884.966771157826884, 18.769279016281509 ], [ 885.274873246917991, 11.68293094101192 ], [ 890.204506690010476, 5.82899122609525 ], [ 891.128812963889004, 3.672276593234364 ], [ 891.879570977365006, 0.009990701208485 ], [ 946.897305410189574, 0.009049514023257 ] ] ] } },
{ "type": "Feature", "properties": { "feature_type": "building", "subtype": "major-damage", "uid": "8b0dc6ff-e827-488d-98e5-2e4f89cf252e" }, "geometry": { "type": "Polygon", "coordinates": [ [ [ 778.540720804190983, 0.011530319938079 ], [ 778.623039298186995, 17.897910911029339 ], [ 760.05400323985225, 13.381118357882521 ], [ 754.533479006790117, 22.916569305630279 ], [ 733.455113753710634, 12.37738668095635 ], [ 740.481235504280107, 6.354996609429241 ], [ 741.9840113795359, 0.01191225303603 ], [ 778.540720804190983, 0.011530319938079 ] ] ] } },
{ "type": "Feature", "properties": { "feature_type": "building", "subtype": "major-damage", "uid": "18738b87-b66d-4208-af98-7af394986870" }, "geometry": { "type": "Polygon", "coordinates": [ [ [ 713.882346019322426, 20.909105948786909 ], [ 753.529747328555686, 27.935227698237199 ], [ 753.027881490030495, 34.961349448684487 ], [ 759.552137404816563, 35.463215286150572 ], [ 761.559600759852174, 56.039714700026373 ], [ 754.03161316789101, 57.043446382934597 ], [ 750.016686452585532, 120.780407979411393 ], [ 730.945784561271353, 121.282273816877407 ], [ 735.462577110989514, 88.660994259947415 ], [ 727.934589520648387, 87.155396745555166 ], [ 727.934589520461486, 93.177786815088254 ], [ 719.904736093713836, 93.177786815088254 ], [ 720.406601930930492, 99.200176885618362 ], [ 697.822639158037987, 93.679652657539378 ], [ 702.33943171336432, 54.534117188625153 ], [ 728.93832119963065, 53.028519664262816 ], [ 727.934589523327872, 39.980007843285428 ], [ 708.8636876250971, 35.463215291135612 ], [ 713.882346019322426, 20.909105948786909 ] ] ] } },
{ "type": "Feature", "properties": { "feature_type": "building", "subtype": "major-damage", "uid": "2577ff53-053f-4bc1-b4d3-d6c51f7f0725" }, "geometry": { "type": "Polygon", "coordinates": [ [ [ 630.572616683120032, 6.856862449886344 ], [ 669.718152153204983, 8.864325808723727 ], [ 674.23494470672415, 72.60128740320647 ], [ 670.721883836050552, 74.106884920589749 ], [ 669.718152157006102, 99.702042728069472 ], [ 672.729347190026829, 111.7468228771057 ], [ 672.729347189528312, 122.286005498788597 ], [ 681.261066459287804, 118.772944623564996 ], [ 678.249871423400577, 139.851309875903894 ], [ 648.639786898754551, 137.341980681594407 ], [ 644.624860187437093, 120.780407979411393 ], [ 628.565153324532616, 120.780407981405403 ], [ 627.059555805342711, 102.713237766824093 ], [ 631.576348361541363, 99.200176888609377 ], [ 630.070750842725374, 72.601287404203475 ], [ 638.602470113419486, 72.09942156474338 ], [ 638.100604274021862, 66.077031492219277 ], [ 631.576348360793645, 65.575165652759182 ], [ 633.583811717574008, 49.515458794024219 ], [ 633.081945879796535, 37.470678650970001 ], [ 630.070750843597807, 23.4184351480814 ], [ 629.067019164304043, 12.87925252141345 ], [ 630.572616683120032, 6.856862449886344 ] ] ] } },
{ "type": "Feature", "properties": { "feature_type": "building", "subtype": "major-damage", "uid": "0fb0191b-f711-4074-8522-d0df1f225932" }, "geometry": { "type": "Polygon", "coordinates": [ [ [ 642.617396828413462, 152.899821699872291 ], [ 663.193896240724484, 153.401687539332414 ], [ 664.699493758792755, 170.465126074993492 ], [ 673.733078870068312, 173.476321113748099 ], [ 670.721883835614335, 195.558418043013205 ], [ 656.167774491899763, 206.5994665101382 ], [ 641.61366514855888, 209.108795708435707 ], [ 636.093140918300833, 216.134917460877006 ], [ 630.572616685924118, 217.640514976266303 ], [ 608.992385588337356, 191.041625491860401 ], [ 630.070750841666154, 176.989381990965796 ], [ 626.0558241309717, 167.453931044215011 ], [ 641.111799308226637, 162.435272648617087 ], [ 642.617396828413462, 152.899821699872291 ] ] ] } },
{ "type": "Feature", "properties": { "feature_type": "building", "subtype": "minor-damage", "uid": "d01355db-5a39-42dd-b99e-eee2181254b4" }, "geometry": { "type": "Polygon", "coordinates": [ [ [ 492.057645018788605, 207.60319819304641 ], [ 504.102425161464907, 207.60319819304641 ], [ 508.117351876894986, 199.573344763678989 ], [ 529.697582968188271, 200.577076443596212 ], [ 530.701314647668937, 190.539759656388298 ], [ 545.255423991632824, 193.049088850697814 ], [ 547.764753185069026, 200.577076441602088 ], [ 556.296472453644469, 200.577076441602088 ], [ 557.802069972958975, 187.528564617633691 ], [ 564.828191727267267, 189.536027975474099 ], [ 568.84311843883404, 181.004308703655511 ], [ 578.880435229216459, 183.513637902949995 ], [ 580.386032747471631, 190.539759654394288 ], [ 588.917752017480211, 195.558418046004192 ], [ 575.367374351252238, 242.231941107816795 ], [ 537.225570560959454, 228.179697603931203 ], [ 530.199448809953765, 240.726343591430606 ], [ 518.154668660921516, 236.711416876746796 ], [ 508.619217717725917, 246.24686782349761 ], [ 490.050181657646419, 246.24686782349761 ], [ 492.057645018788605, 207.60319819304641 ] ] ] } },
{ "type": "Feature", "properties": { "feature_type": "building", "subtype": "minor-damage", "uid": "173a104f-c513-4b29-936b-88e023b524a6" }, "geometry": { "type": "Polygon", "coordinates": [ [ [ 513.63787610665463, 156.412882578086993 ], [ 512.634144428170998, 151.896090027931194 ], [ 503.098693480800307, 139.851309879891886 ], [ 513.637876111203468, 130.817724772601309 ], [ 512.634144429105618, 124.795334698083096 ], [ 506.109888518743787, 118.772944628550107 ], [ 511.630412750061225, 106.2262986430447 ], [ 529.195717131657034, 106.226298641050704 ], [ 542.746094794956321, 108.735627842339198 ], [ 552.783411579294352, 113.252420391498006 ], [ 552.281545743386346, 138.345712360514597 ], [ 548.768484864861307, 160.427809292770689 ], [ 535.719973039339379, 173.47632111873321 ], [ 525.682656255375264, 170.465126079978603 ], [ 515.143473625844422, 177.491247831422896 ], [ 503.098693481672683, 164.944601850902586 ], [ 513.63787610665463, 156.412882578086993 ] ] ] } },
{ "type": "Feature", "properties": { "feature_type": "building", "subtype": "minor-damage", "uid": "23368242-25bd-4eb8-b09d-03184a0e0de1" }, "geometry": { "type": "Polygon", "coordinates": [ [ [ 560.42291409411007, 0.012980497016689 ], [ 556.997087130184354, 7.700515829770957 ], [ 561.926720574647788, 12.01394509050769 ], [ 561.926720575146305, 38.818826945382177 ], [ 527.419286466021276, 35.429703954162392 ], [ 527.11118437088578, 32.964887231462527 ], [ 499.998200427116217, 32.040580958954557 ], [ 498.410281395299478, 0.013029299595822 ], [ 560.42291409411007, 0.012980497016689 ] ] ] } },
{ "type": "Feature", "properties": { "feature_type": "building", "subtype": "minor-damage", "uid": "51a5fa28-dd11-4e72-ad33-ac2f1c98d447" }, "geometry": { "type": "Polygon", "coordinates": [ [ [ 500.614404607043184, 38.202622766701232 ], [ 559.461903852384921, 44.672766662292872 ], [ 557.921393404436799, 101.363551273422701 ], [ 527.419286464276524, 98.898734548728797 ], [ 527.727388552869115, 93.352896927639136 ], [ 509.549365224396979, 73.942465238870227 ], [ 498.765792066140477, 73.942465240864237 ], [ 500.614404607043184, 38.202622766701232 ] ] ] } },
{ "type": "Feature", "properties": { "feature_type": "building", "subtype": "minor-damage", "uid": "5a0d4319-f349-4ffe-8681-e16acafe86e3" }, "geometry": { "type": "Polygon", "coordinates": [ [ [ 411.881002602527474, 6.776209561251029 ], [ 421.740269491018125, 5.851903287746057 ], [ 422.048371583474079, 1.538474027009328 ], [ 450.701865980488492, 1.846576118842324 ], [ 449.469457618453475, 27.41904961037287 ], [ 446.388436715266721, 28.34335587988981 ], [ 445.46413044350669, 37.586418585029257 ], [ 456.24770360687279, 37.894520677859262 ], [ 456.863907784556602, 52.06721682839845 ], [ 432.523842653574093, 54.223931464250363 ], [ 430.983332201326391, 43.748460396763967 ], [ 411.264798423036723, 41.899847851748042 ], [ 409.108083790550381, 24.02992661715906 ], [ 413.113410964126274, 22.181314075134161 ], [ 411.881002602527474, 6.776209561251029 ] ] ] } },
{ "type": "Feature", "properties": { "feature_type": "building", "subtype": "minor-damage", "uid": "d1f5638c-60a1-43d2-b6c0-8ea61062ab60" }, "geometry": { "type": "Polygon", "coordinates": [ [ [ 406.951369157316378, 60.385973270003007 ], [ 435.91296564560281, 57.304952365631173 ], [ 439.918292820985812, 63.775096261222807 ], [ 453.166682700819592, 64.083198352058801 ], [ 450.701865979616116, 94.277203197156084 ], [ 447.620845078734817, 94.893407381819074 ], [ 452.858580611292325, 98.898734551719826 ], [ 453.166682701567424, 109.990409804866204 ], [ 428.826617570584915, 109.066103534352294 ], [ 430.367128023331077, 97.666326194357922 ], [ 410.956696334007916, 97.666326193360916 ], [ 410.648594243670516, 77.023486144239072 ], [ 415.578227687074616, 77.023486144239072 ], [ 406.951369161678315, 61.926483722188927 ], [ 406.951369157316378, 60.385973270003007 ] ] ] } },
{ "type": "Feature", "properties": { "feature_type": "building", "subtype": "minor-damage", "uid": "29afdab7-c5bb-403b-aa42-9654a5435ee4" }, "geometry": { "type": "Polygon", "coordinates": [ [ [ 416.502533957775086, 116.152451612612893 ], [ 439.302088639812496, 115.228145338110906 ], [ 438.06968028083088, 123.238799684891504 ], [ 444.231722086456784, 122.3144934153745 ], [ 446.388436714581189, 131.557556118520012 ], [ 453.474784793275603, 131.865658211349995 ], [ 454.707193156556912, 147.886966906905087 ], [ 451.626172252559911, 150.351783628607905 ], [ 456.555805694717719, 152.20039617262691 ], [ 456.247703605190395, 169.454113226540898 ], [ 426.053698756613812, 166.98929650782901 ], [ 426.669902937537813, 156.513825434360598 ], [ 406.951369159310389, 152.508498261468787 ], [ 406.643267068038426, 152.200396173623886 ], [ 405.410858705754208, 135.870985387232793 ], [ 416.810636047551725, 136.487189568904711 ], [ 420.507861131226377, 132.481862393021913 ], [ 416.502533957775086, 116.152451612612893 ] ] ] } },
{ "type": "Feature", "properties": { "feature_type": "building", "subtype": "minor-damage", "uid": "6124f0a5-b857-4ae6-812a-63a43a19748f" }, "geometry": { "type": "Polygon", "coordinates": [ [ [ 416.293833727738786, 168.821652540754911 ], [ 439.401490502730724, 172.826979710655593 ], [ 438.169082143499793, 207.642515913307591 ], [ 460.352432642806093, 205.485801279449788 ], [ 459.120024280459575, 227.052947599085513 ], [ 428.309815250335816, 225.820539238732607 ], [ 426.153100617787175, 213.804557718063307 ], [ 409.20748565265859, 214.420761899735311 ], [ 408.591281470799913, 203.945290831251896 ], [ 406.434566841678475, 198.39945320418019 ], [ 406.434566838562887, 192.853615583090487 ], [ 405.51026056829852, 185.151063324154904 ], [ 405.81836265876052, 174.983694343516504 ], [ 413.520914917319601, 174.059388073002509 ], [ 416.293833727738786, 168.821652540754911 ] ] ] } },
{ "type": "Feature", "properties": { "feature_type": "building", "subtype": "minor-damage", "uid": "d02a1c46-eb60-4f34-bcfe-1449987b6eac" }, "geometry": { "type": "Polygon", "coordinates": [ [ [ 407.517264873482077, 304.963062307095583 ], [ 405.827422522918084, 305.687280456803478 ], [ 403.654768074231299, 269.234966958395717 ], [ 408.482889072282319, 270.441997204917925 ], [ 407.034452770436815, 251.37091928255029 ], [ 450.00472961645022, 250.163889032040089 ], [ 451.935978012430326, 280.581051289861193 ], [ 442.762548124234172, 280.82245734076082 ], [ 443.245360226781088, 294.34119612035289 ], [ 446.383638868597473, 296.27244451957398 ], [ 446.866450968215588, 310.515401450868012 ], [ 442.038329976333728, 311.239619596587886 ], [ 442.038329977455305, 317.033364795248019 ], [ 426.346936744258187, 318.240395036785117 ], [ 423.208658099575473, 303.997438107484982 ], [ 407.517264873482077, 304.963062307095583 ] ] ] } },
{ "type": "Feature", "properties": { "feature_type": "building", "subtype": "minor-damage", "uid": "edc17f1e-c2e6-4ab7-95ce-874411021a71" }, "geometry": { "type": "Polygon", "coordinates": [ [ [ 405.167252156441918, 347.180640687774883 ], [ 411.685215499884919, 346.939234638869323 ], [ 410.478185248814327, 339.214241046970187 ], [ 429.790669224505223, 340.179865246580675 ], [ 432.687541818786883, 347.904858836485687 ], [ 439.929723309632095, 348.146264887385428 ], [ 440.895347509491501, 368.182967009363495 ], [ 446.447686654570589, 368.424373057272078 ], [ 446.930498750138497, 380.97748764124168 ], [ 431.721917621482419, 383.391548139270981 ], [ 429.790669223819805, 396.186068774140324 ], [ 407.581312651603923, 395.703256674335023 ], [ 407.339906606125624, 375.425148501457272 ], [ 402.270379558732884, 373.252494056321723 ], [ 399.856319061701527, 364.320470212915382 ], [ 404.684440056387473, 361.665003667974474 ], [ 405.167252156441918, 347.180640687774883 ] ] ] } },
{ "type": "Feature", "properties": { "feature_type": "building", "subtype": "minor-damage", "uid": "1a22a33c-a77c-444c-a042-87e8733ca86b" }, "geometry": { "type": "Polygon", "coordinates": [ [ [ 404.341864397031884, 427.08362749731981 ], [ 420.419440715262908, 427.461923405817913 ], [ 419.851996844975986, 437.108469202131175 ], [ 424.013251892292374, 438.243356937595593 ], [ 424.580695763825474, 445.241831337532574 ], [ 429.49854263530392, 445.809275201276819 ], [ 430.065986505030025, 480.990795144243975 ], [ 418.717109106022406, 480.990795144243975 ], [ 417.203925451467114, 498.770703071970672 ], [ 403.396124614259008, 498.581555114730577 ], [ 403.396124613885092, 492.907116414477116 ], [ 398.667425701453908, 491.015636848058307 ], [ 399.045721613690716, 478.1535757966098 ], [ 390.155767649705695, 476.82954009592919 ], [ 392.614691084790593, 464.53492291819498 ], [ 399.234869567503381, 464.534922915203879 ], [ 399.991461393908708, 452.996897559450986 ], [ 400.558905263510212, 448.835642514127187 ], [ 392.614691087033918, 446.565867033228187 ], [ 393.371282909887327, 438.999948765558884 ], [ 395.262762476866328, 438.999948766555917 ], [ 395.641058390910075, 433.703805979785727 ], [ 403.963568484109715, 433.892953935031812 ], [ 404.341864397031884, 427.08362749731981 ] ] ] } },
{ "type": "Feature", "properties": { "feature_type": "building", "subtype": "minor-damage", "uid": "07bf430b-adbc-4d18-af34-16229ef23dd2" }, "geometry": { "type": "Polygon", "coordinates": [ [ [ 395.708163523832411, 517.426941229241606 ], [ 398.262813150463614, 515.801255103990457 ], [ 399.191776648666178, 510.111353668104016 ], [ 412.545626963447091, 511.272558043568324 ], [ 424.506032021140982, 511.040317162692816 ], [ 425.434995520215978, 528.806744103008555 ], [ 431.473258271930092, 527.761660163994065 ], [ 432.844111428646499, 541.652430330334937 ], [ 428.54624260048962, 543.282656440410165 ], [ 427.064218867598584, 559.584917508261242 ], [ 414.170612383564219, 558.399298520203274 ], [ 413.133195767580617, 550.692775105802411 ], [ 403.055434377503389, 548.617941878694978 ], [ 402.759029632545321, 544.320073051471354 ], [ 397.275541815832412, 542.838049317395871 ], [ 397.423744190149591, 535.131525901998089 ], [ 392.829470613981414, 533.79770454392235 ], [ 395.708163523832411, 517.426941229241606 ] ] ] } },
{ "type": "Feature", "properties": { "feature_type": "building", "subtype": "minor-damage", "uid": "5100bd3f-57ad-4318-909d-f767b985b76f" }, "geometry": { "type": "Polygon", "coordinates": [ [ [ 306.910523755889528, 495.431294926837381 ], [ 335.2227249968808, 496.217744964139683 ], [ 335.615950009736707, 522.957046133713789 ], [ 334.436274959952584, 535.147021665538546 ], [ 327.358224650343516, 537.50637176647831 ], [ 318.707274269246, 548.12344723167439 ], [ 281.744122653014699, 552.448922423377439 ], [ 277.811872480026523, 520.990921048932705 ], [ 307.69697378795729, 515.878995822918455 ], [ 307.696973788705009, 498.970320085226092 ], [ 306.910523755889528, 495.431294926837381 ] ] ] } },
{ "type": "Feature", "properties": { "feature_type": "building", "subtype": "major-damage", "uid": "ef8c9d26-1342-43f9-96e2-37b2a4fff9fd" }, "geometry": { "type": "Polygon", "coordinates": [ [ [ 292.754423137793026, 464.759743587700882 ], [ 291.574748084581699, 434.088192247567406 ], [ 294.327323202925527, 432.908517195103514 ], [ 292.754423135674301, 423.077891767209621 ], [ 336.009175029945482, 423.864341800523903 ], [ 335.222724993640497, 451.390093006403276 ], [ 341.907550284349327, 451.783318023558991 ], [ 339.548200182475625, 486.780344549413428 ], [ 313.202124030502205, 488.353244620030011 ], [ 310.842773930061696, 476.949719122516626 ], [ 314.775024099124209, 477.342944140669204 ], [ 312.808899011851224, 464.366518571542315 ], [ 293.147648151271994, 465.152968607847527 ], [ 292.754423137793026, 464.759743587700882 ] ] ] } },
{ "type": "Feature", "properties": { "feature_type": "building", "subtype": "major-damage", "uid": "7299b9ac-088c-45f9-98d7-c01670fc0fb1" }, "geometry": { "type": "Polygon", "coordinates": [ [ [ 233.377445536095905, 448.637517884319891 ], [ 248.713221205908212, 449.030742902472525 ], [ 249.499671241901609, 429.369492045687821 ], [ 253.038696395615688, 427.796591975071181 ], [ 255.398046503346791, 423.077891767209621 ], [ 270.340597154196587, 421.504991699584082 ], [ 271.127047187199025, 425.437241869146419 ], [ 278.991547534421727, 425.83046688729911 ], [ 280.957672619139885, 424.650791835832081 ], [ 288.428947946465314, 425.044016853984772 ], [ 287.642497914210708, 464.759743586703905 ], [ 265.62189694646122, 464.759743589694892 ], [ 262.082871794554194, 474.590369019582795 ], [ 237.702920726426498, 474.983594037735372 ], [ 233.377445536095905, 448.637517884319891 ] ] ] } },
{ "type": "Feature", "properties": { "feature_type": "building", "subtype": "minor-damage", "uid": "fac3ba78-7627-46f0-be33-04dfb63d7a5c" }, "geometry": { "type": "Polygon", "coordinates": [ [ [ 137.823766357588113, 439.20011747856671 ], [ 155.125667114299603, 439.593342492731324 ], [ 156.698567180802996, 436.0543173373336 ], [ 170.854667799211086, 434.874642285866685 ], [ 175.966593022544203, 427.403366960906624 ], [ 199.166869039953099, 429.762717060849411 ], [ 201.919444159916992, 432.122067162786209 ], [ 210.963619556176013, 435.267867302025309 ], [ 216.861994817309608, 434.874642283872674 ], [ 214.109419691862087, 461.613943450455793 ], [ 204.672019282996501, 462.007168471599527 ], [ 203.492344228102809, 471.051343866179081 ], [ 174.786917975813509, 472.624243935798575 ], [ 172.034342851799209, 464.759743589694892 ], [ 140.18311645858941, 463.580068543212974 ], [ 137.823766357588113, 439.20011747856671 ] ] ] } },
{ "type": "Feature", "properties": { "feature_type": "building", "subtype": "minor-damage", "uid": "b57d5120-60b5-4647-be18-f78c455f7604" }, "geometry": { "type": "Polygon", "coordinates": [ [ [ 189.729468626850093, 505.261920360713304 ], [ 218.041669864912592, 505.261920358719294 ], [ 219.614569933970898, 509.980620568574921 ], [ 253.038696400538413, 508.800945516111028 ], [ 255.004821485568186, 528.068971357734085 ], [ 236.130020658552297, 529.248646407206934 ], [ 235.736795639215813, 550.089572319446688 ], [ 222.760370071464109, 551.26924737091349 ], [ 212.143294610882691, 539.865721872403128 ], [ 189.729468626351604, 541.045396924867077 ], [ 189.729468626850093, 505.261920360713304 ] ] ] } },
{ "type": "Feature", "properties": { "feature_type": "building", "subtype": "minor-damage", "uid": "fafdcc9c-4df0-4341-8d1e-0239fd32cf3f" }, "geometry": { "type": "Polygon", "coordinates": [ [ [ 130.352491031384289, 501.722895207309591 ], [ 161.810492403762197, 504.475470329392977 ], [ 169.281767734514801, 502.116120224465192 ], [ 175.573368005637889, 504.868695344554681 ], [ 174.393692956352396, 510.373845585730578 ], [ 177.539493094281795, 510.767070603883212 ], [ 179.505618178065305, 526.102846270958935 ], [ 160.63081735260721, 526.102846272952888 ], [ 162.203717420793112, 545.764097130734626 ], [ 148.047616802010992, 545.764097133725727 ], [ 146.867941749921414, 543.011522014633215 ], [ 140.576341474872493, 543.797972050938483 ], [ 129.959266010988614, 546.550547168036928 ], [ 126.027015839246602, 542.225071981319047 ], [ 126.027015837564207, 525.709621255797288 ], [ 131.925391097451495, 521.777371087231927 ], [ 130.352491031384289, 501.722895207309591 ] ] ] } },
{ "type": "Feature", "properties": { "feature_type": "building", "subtype": "minor-damage", "uid": "0612e3b4-c8ae-4798-adc9-474229b976de" }, "geometry": { "type": "Polygon", "coordinates": [ [ [ 60.35843796430774, 519.418020983301176 ], [ 65.077138171482332, 519.024795966145575 ], [ 65.470363187080011, 509.587395554410307 ], [ 89.457089239111468, 514.306095758283959 ], [ 89.457089240544676, 520.597696033771058 ], [ 104.006414875859093, 520.597696033771058 ], [ 105.186089925518502, 532.394446551431088 ], [ 106.7589899956983, 533.180896584745369 ], [ 106.365764977919696, 556.381172597924774 ], [ 87.097739133997507, 559.526972737163874 ], [ 85.131614052270351, 548.90989727495878 ], [ 67.436488275723917, 548.123447239650545 ], [ 67.043263259253862, 543.011522014633215 ], [ 65.077138170983829, 541.438621944016745 ], [ 60.35843796430774, 519.418020983301176 ] ] ] } },
{ "type": "Feature", "properties": { "feature_type": "building", "subtype": "minor-damage", "uid": "3c313778-8be4-4102-a36b-bbf15e2e9fc8" }, "geometry": { "type": "Polygon", "coordinates": [ [ [ 63.947382792193928, 466.885209139212975 ], [ 71.913782431500451, 466.885209140210122 ], [ 71.18956428116968, 461.815682095245791 ], [ 82.052836518995207, 457.953185303782789 ], [ 89.536424057374987, 459.160215548310873 ], [ 98.709853949247588, 460.367245796827092 ], [ 100.641102345165393, 472.437548279994473 ], [ 97.02001159893274, 475.817232975640309 ], [ 96.29579344953666, 482.818008418828526 ], [ 108.848908035558395, 487.40472336299041 ], [ 111.021562481939498, 503.096116590709187 ], [ 90.984860355980203, 507.924237585770697 ], [ 86.63955146209625, 497.785183496839409 ], [ 70.948158232513393, 499.716431899051372 ], [ 68.051285637234656, 483.30082051963069 ], [ 65.154413041021229, 482.576602366931809 ], [ 63.947382792193928, 466.885209139212975 ] ] ] } },
{ "type": "Feature", "properties": { "feature_type": "building", "subtype": "minor-damage", "uid": "24bf1a49-ff2e-4618-b8a5-c481cea3e741" }, "geometry": { "type": "Polygon", "coordinates": [ [ [ 87.846581709552666, 430.674301688714024 ], [ 103.537974940693402, 428.260241190684724 ], [ 108.1246898832959, 451.676628009305489 ], [ 105.710629388819299, 455.780530853662185 ], [ 93.881732956493238, 457.228967152080884 ], [ 87.846581709552666, 430.674301688714024 ] ] ] } },
{ "type": "Feature", "properties": { "feature_type": "building", "subtype": "minor-damage", "uid": "b68a7286-450c-4a75-ba3c-7dc4cdf1ecc8" }, "geometry": { "type": "Polygon", "coordinates": [ [ [ 46.807553263881218, 412.086035865154713 ], [ 74.569248978870647, 404.843854373060822 ], [ 76.259091325384404, 412.327441913063183 ], [ 77.707527625609757, 412.568847959974789 ], [ 83.501272815544084, 434.536798485162024 ], [ 55.980983150768772, 442.744604171881292 ], [ 46.807553263881218, 412.086035865154713 ] ] ] } },
{ "type": "Feature", "properties": { "feature_type": "building", "subtype": "minor-damage", "uid": "9667e22c-c3c2-4cea-a2ed-52d02db5d2a0" }, "geometry": { "type": "Polygon", "coordinates": [ [ [ 28.588129933054351, 366.902602617008597 ], [ 55.447139776641073, 352.527357909633395 ], [ 75.875119097870609, 396.22053589949121 ], [ 73.416195662411823, 401.327530729021419 ], [ 51.096736774327923, 409.460892867413918 ], [ 49.961849034688889, 405.488785775342194 ], [ 44.854854207216754, 406.812821474028794 ], [ 39.369563460154893, 396.598831814968378 ], [ 42.395930768143813, 394.329056333072401 ], [ 29.155573801347199, 368.415786268947215 ], [ 28.588129933054351, 366.902602617008597 ] ] ] } },
{ "type": "Feature", "properties": { "feature_type": "building", "subtype": "minor-damage", "uid": "7ff456f2-e746-442f-bb45-1eb151b0c055" }, "geometry": { "type": "Polygon", "coordinates": [ [ [ 9.186651503542949, 328.414654105306226 ], [ 31.39600807494875, 315.378727422528186 ], [ 37.913971416584737, 321.655284715011589 ], [ 43.70771661250113, 319.482630266884883 ], [ 40.810844012860493, 304.032643086077826 ], [ 56.260831197775097, 299.204522093010212 ], [ 63.744418734410118, 317.551381869657916 ], [ 54.088176746221961, 321.655284712020489 ], [ 58.916297740908007, 347.485732028670725 ], [ 26.085074986315021, 361.487282908068096 ], [ 22.222578188684331, 349.899792526700026 ], [ 19.084299541384411, 352.555259071640876 ], [ 13.773366447516389, 340.726362638376088 ], [ 9.42805755450482, 331.552932751049298 ], [ 9.186651503542949, 328.414654105306226 ] ] ] } },
{ "type": "Feature", "properties": { "feature_type": "building", "subtype": "minor-damage", "uid": "c2f71f13-3d11-4319-8fb5-4fa13c32d9c5" }, "geometry": { "type": "Polygon", "coordinates": [ [ [ 93.920174947739582, 330.104496451633509 ], [ 107.438913726579401, 328.173248051415499 ], [ 108.163131875663893, 324.55215730786108 ], [ 139.063106238389395, 318.034193964478106 ], [ 141.718572784700314, 327.449029904698591 ], [ 141.718572784824886, 333.725587196185018 ], [ 123.613119056403505, 338.070896087453207 ], [ 124.578743255951395, 347.002919926871414 ], [ 119.750622263882505, 347.968544124487892 ], [ 120.474840411159903, 354.003695366071611 ], [ 103.817822981094494, 356.900567964903189 ], [ 93.920174947739582, 330.104496451633509 ] ] ] } },
{ "type": "Feature", "properties": { "feature_type": "building", "subtype": "minor-damage", "uid": "4cfa1b25-5298-4125-8bb0-df61e94e9e0d" }, "geometry": { "type": "Polygon", "coordinates": [ [ [ 19.720527152505731, 263.823670167618388 ], [ 31.790829636977598, 258.512737076739597 ], [ 38.30879297830203, 274.686942401272574 ], [ 16.823654554360601, 282.653342045068428 ], [ 17.306466655848151, 285.550214640908905 ], [ 31.790829637164538, 280.480687598935674 ], [ 43.136913971679498, 300.27598367101109 ], [ 33.963484082984877, 308.966601458532807 ], [ 29.618175189911, 308.725195409627077 ], [ 5.236164173432613, 319.58846764627242 ], [ -0.000004580133368, 306.793947013397087 ], [ -0.000004580631872, 281.446311796552209 ], [ 5.960382319339161, 275.169754505065896 ], [ 11.7541275126384, 275.893972656767801 ], [ 20.203339253993281, 273.962724255552814 ], [ 19.720527152505731, 263.823670167618388 ] ] ] } },
{ "type": "Feature", "properties": { "feature_type": "building", "subtype": "minor-damage", "uid": "576e1a4c-a192-430d-a921-f62813900d0e" }, "geometry": { "type": "Polygon", "coordinates": [ [ [ -0.000004580818811, 245.235404345056111 ], [ 10.064285163943691, 266.720542768443977 ], [ -0.000004579323298, 273.238506108835907 ], [ -0.000004580818811, 245.235404345056111 ] ] ] } },
{ "type": "Feature", "properties": { "feature_type": "building", "subtype": "major-damage", "uid": "7fe07c99-0deb-46b4-bdb8-f3a5c094a76a" }, "geometry": { "type": "Polygon", "coordinates": [ [ [ 260.862974957515576, 325.474976168006322 ], [ 279.451240783685819, 325.716382214917928 ], [ 277.278586339361027, 345.994490391783586 ], [ 248.309860376105092, 344.30464804545619 ], [ 245.654393827301703, 352.995265832977907 ], [ 232.618467145836689, 355.892138428818384 ], [ 220.789570710395111, 357.099168675340479 ], [ 220.789570711080501, 353.478077932783094 ], [ 217.65129206689619, 352.753859782078223 ], [ 216.4442618163242, 355.167920276119389 ], [ 204.132553285937803, 354.685108181299313 ], [ 206.305207730324895, 343.821835940665892 ], [ 201.235680688041896, 344.30464804545619 ], [ 202.201304883726408, 327.647630617129892 ], [ 211.857546871603006, 328.613254814746483 ], [ 214.754419469124997, 317.749982579098173 ], [ 232.859873193745301, 318.232794676909521 ], [ 238.895024439875812, 322.336697521266217 ], [ 259.897350760024096, 322.578103570171777 ], [ 260.862974957515576, 325.474976168006322 ] ] ] } },
{ "type": "Feature", "properties": { "feature_type": "building", "subtype": "major-damage", "uid": "3609d3ca-9886-4029-a722-c59efc6cd629" }, "geometry": { "type": "Polygon", "coordinates": [ [ [ 324.83557812691771, 303.748431695712782 ], [ 341.492595555799085, 304.231243794520992 ], [ 339.561347157014893, 320.64685517194772 ], [ 338.354316909745478, 333.441375805819973 ], [ 338.112910861213777, 347.684332738110982 ], [ 327.491044674412478, 347.925738787016712 ], [ 325.559796274880625, 354.443702127408585 ], [ 325.559796275628287, 361.927289665416993 ], [ 313.97230589301779, 362.892913868018582 ], [ 312.041057492551204, 358.306198922859608 ], [ 295.625446115504019, 355.167920274125379 ], [ 294.177009814593191, 351.064017431762807 ], [ 295.866852163350188, 336.579654453557225 ], [ 307.212936498114402, 338.26949679689352 ], [ 304.146893532210981, 330.878761681635922 ], [ 309.868403044549893, 326.923412466425077 ], [ 308.661372796345688, 320.646855174938821 ], [ 316.627772438207103, 321.371073322652592 ], [ 314.93793008907619, 316.542952327591081 ], [ 324.352766026115489, 314.611703931361092 ], [ 324.83557812691771, 303.748431695712782 ] ] ] } },
{ "type": "Feature", "properties": { "feature_type": "building", "subtype": "major-damage", "uid": "6663d127-a464-4f93-b239-a4a129905842" }, "geometry": { "type": "Polygon", "coordinates": [ [ [ 294.230709481146221, 260.649626244330079 ], [ 305.014282639464909, 261.265830425005106 ], [ 307.170997271764293, 242.163500827072198 ], [ 314.565447440858406, 243.704011278261106 ], [ 320.11128506799048, 240.006786196205297 ], [ 328.738143591766573, 239.698684103375314 ], [ 328.738143594695373, 241.54729664839121 ], [ 335.824491671208818, 244.012113369097108 ], [ 336.748797944526473, 270.816995223971617 ], [ 343.527043928770922, 270.508893128150476 ], [ 341.678431386746581, 298.546183346368991 ], [ 320.727489245923493, 298.854285440196008 ], [ 318.878876705020787, 285.913997645024722 ], [ 292.690199031266388, 285.605895557179679 ], [ 294.230709481146221, 260.649626244330079 ] ] ] } },
{ "type": "Feature", "properties": { "feature_type": "building", "subtype": "major-damage", "uid": "7946568a-146d-48cd-afa1-1ad18540c3d1" }, "geometry": { "type": "Polygon", "coordinates": [ [ [ 179.000527712164796, 266.503565963234792 ], [ 175.303302630546398, 260.64962624632409 ], [ 177.151915169766596, 236.617663205982495 ], [ 185.470671606009489, 236.925765294824487 ], [ 185.778773699898693, 236.309561116143612 ], [ 191.016509235322587, 235.385254845629589 ], [ 191.94081550421609, 237.233867387654499 ], [ 195.329938496057792, 237.233867387654499 ], [ 196.254244767693109, 233.8447443924467 ], [ 200.875776122068288, 233.8447443924467 ], [ 200.875776122317603, 238.158173655177393 ], [ 206.421613745524013, 238.466275748007405 ], [ 206.729715836671488, 233.84474439444071 ], [ 221.045502549895787, 235.753477836590292 ], [ 221.353604637678302, 238.834498737971188 ], [ 231.520973622425998, 237.910192468454198 ], [ 239.531627970076187, 234.829171566076411 ], [ 244.769363500577413, 236.985886195946307 ], [ 254.628630394426892, 236.985886195946307 ], [ 258.017753384212313, 229.283333940001711 ], [ 270.958041175702817, 230.823844389196609 ], [ 266.33650982413161, 240.375009188163091 ], [ 274.963368351148006, 239.142600829804195 ], [ 276.195776713120722, 236.061579923438302 ], [ 289.444166593141517, 236.677784108101292 ], [ 285.438839419627925, 247.76945935526561 ], [ 291.600881225316073, 246.537050992918694 ], [ 289.752268685285912, 271.80142239959531 ], [ 285.130737328293492, 270.569014035254384 ], [ 282.974022698798308, 278.271566293193018 ], [ 253.088119939811293, 278.271566293193018 ], [ 251.855711579458813, 281.044485106728814 ], [ 251.855711579521113, 282.893097646759713 ], [ 228.748054806523214, 281.968791377242724 ], [ 227.515646446357607, 265.947482680690598 ], [ 179.000527712164796, 266.503565963234792 ] ] ] } },
{ "type": "Feature", "properties": { "feature_type": "building", "subtype": "minor-damage", "uid": "d68c7bf2-0d57-4f8b-a511-b6e36e1094b7" }, "geometry": { "type": "Polygon", "coordinates": [ [ [ 99.934076812543481, 233.314379730122511 ], [ 101.113751867998005, 236.066954849214909 ], [ 109.371477224898698, 237.246629899684791 ], [ 109.764702246852295, 241.17888007124111 ], [ 114.090177431824003, 241.572105089393801 ], [ 117.235977569254899, 241.572105089393801 ], [ 114.090177435126606, 282.467506877567814 ], [ 96.788276677480425, 282.467506878564791 ], [ 96.001826640926154, 269.491081309437789 ], [ 89.710226366812009, 271.45720639820712 ], [ 89.317001348160986, 276.569131619236316 ], [ 70.442200523512966, 277.748806673694219 ], [ 69.829995423644874, 273.780002361394622 ], [ 73.056686999497572, 267.576194071331713 ], [ 71.866686625526498, 253.296189594641106 ], [ 70.849995422852047, 251.420002360112392 ], [ 71.621875572798515, 251.402730520278709 ], [ 70.835425539172945, 235.673729833056314 ], [ 87.744101279788239, 235.280504815900599 ], [ 86.171201209795342, 232.134704674667489 ], [ 99.934076812543481, 233.314379730122511 ] ] ] } },
{ "type": "Feature", "properties": { "feature_type": "building", "subtype": "minor-damage", "uid": "5f6dedcd-ac40-43fb-8fa5-509fe92cd0ef" }, "geometry": { "type": "Polygon", "coordinates": [ [ [ 71.377064521316782, 253.441521615478592 ], [ 72.546414251524979, 267.47371837499071 ], [ 69.699995426611096, 272.940002356402374 ], [ 69.655750490697471, 272.636881448676888 ], [ 53.1402997644336, 271.063981377063385 ], [ 50.387724645840599, 251.795955538431286 ], [ 70.289995424820717, 251.430002360421014 ], [ 71.377064521316782, 253.441521615478592 ] ] ] } },
{ "type": "Feature", "properties": { "feature_type": "building", "subtype": "minor-damage", "uid": "4e297f57-2798-43b5-af45-6d8aab25c782" }, "geometry": { "type": "Polygon", "coordinates": [ [ [ 129.819178121097394, 239.212754985462993 ], [ 135.717553378554612, 232.134704673670512 ], [ 145.941403827650902, 233.314379729125392 ], [ 150.660104032644597, 233.707604742293114 ], [ 157.73815434156819, 232.134704673670512 ], [ 162.063629533892907, 231.741479656514912 ], [ 163.636529599461596, 236.066954848217904 ], [ 171.894254961596488, 237.639854916840392 ], [ 171.5010299469335, 284.826856978507578 ], [ 129.425953104128808, 284.433631963345988 ], [ 127.853053036503795, 263.1994810359447 ], [ 131.78530320762269, 262.413031000636408 ], [ 129.819178121097394, 239.212754985462993 ] ] ] } },
{ "type": "Feature", "properties": { "feature_type": "building", "subtype": "minor-damage", "uid": "4ac4d1c8-cde3-40fc-b320-67fb2e032e67" }, "geometry": { "type": "Polygon", "coordinates": [ [ [ -0.00000458100575, 36.169969845328438 ], [ 3.694300124900424, 29.893412553842118 ], [ 16.730226809480989, 37.377000092847567 ], [ 14.79897841287775, 43.653557383336867 ], [ 17.695851007657978, 45.343399730661247 ], [ 23.248190154855759, 41.722308988103869 ], [ 30.973183741829519, 51.619957024141577 ], [ 25.662250649332389, 60.310574811663173 ], [ 29.766153496616379, 62.241823206896157 ], [ 24.21381435004173, 73.346501492447032 ], [ 28.076311144494461, 77.450404337800705 ], [ 13.35054211327552, 95.314452011652122 ], [ -0.00000457751622, 85.175397928702793 ], [ -0.00000458100575, 36.169969845328438 ] ] ] } },
{ "type": "Feature", "properties": { "feature_type": "building", "subtype": "minor-damage", "uid": "a6623210-7e16-474f-ad51-203a8cbd42b3" }, "geometry": { "type": "Polygon", "coordinates": [ [ [ 32.1802139886628, 67.794162352662624 ], [ 45.216140673430303, 66.104320002347208 ], [ 46.181764870797217, 43.412151332437233 ], [ 81.909860224033849, 45.584805776575848 ], [ 82.875484424142542, 57.413702213828621 ], [ 85.048138870274443, 64.17307160711421 ], [ 84.323920725427229, 85.175397925711763 ], [ 54.389570560442479, 83.485555580381401 ], [ 30.73177769036915, 82.761337431670526 ], [ 32.1802139886628, 67.794162352662624 ] ] ] } },
{ "type": "Feature", "properties": { "feature_type": "building", "subtype": "minor-damage", "uid": "df9fb357-20b5-4369-a8f6-8ca21ec6a558" }, "geometry": { "type": "Polygon", "coordinates": [ [ [ 107.981713590827098, 62.241823203905142 ], [ 112.085616435120002, 59.586356657967237 ], [ 118.603579781304902, 58.137920361542491 ], [ 118.362173729408298, 45.584805776575848 ], [ 129.708258063424807, 45.343399727670231 ], [ 129.94966411214341, 42.446527131829697 ], [ 142.019966598297714, 42.446527131829697 ], [ 142.502778697417398, 48.481678372416383 ], [ 157.228547730879598, 50.654332819546028 ], [ 161.573856621959408, 57.172296163925992 ], [ 178.713686150334411, 55.241047761713929 ], [ 186.438679740361607, 52.102769116967792 ], [ 190.301176535250505, 64.655883702931433 ], [ 182.817588993941996, 77.450404334809676 ], [ 139.123094001710399, 79.140246683131082 ], [ 135.9848153570276, 85.175397925711763 ], [ 126.087167318126802, 84.451179777000888 ], [ 124.880137068988006, 80.588682981549852 ], [ 108.705931740783996, 80.830089033446498 ], [ 107.981713590827098, 62.241823203905142 ] ] ] } },
{ "type": "Feature", "properties": { "feature_type": "building", "subtype": "minor-damage", "uid": "b84d7c9a-c733-4946-adb3-0353f2ccef0c" }, "geometry": { "type": "Polygon", "coordinates": [ [ [ 264.234437361497385, 0.01176226504037 ], [ 264.706811726253306, 3.45017938261904 ], [ 252.153697141540107, 18.175948415712341 ], [ 259.637284680729977, 23.486881504597111 ], [ 248.774012445833193, 43.040771529760939 ], [ 242.980267253032508, 38.936868685404278 ], [ 234.5310555157279, 54.386855867208453 ], [ 205.320923500949306, 35.315777940852868 ], [ 208.700608196967806, 30.2462508978827 ], [ 203.389675103909894, 27.832190400850418 ], [ 210.631856595814412, 15.761887916686041 ], [ 213.528729194395709, 17.210324215104809 ], [ 215.942789688311507, 16.003293966588679 ], [ 213.528729189846814, 10.933766923618499 ], [ 215.942789689059197, 4.415803583226566 ], [ 218.115444135627314, 4.174397532326928 ], [ 217.547275726776093, 0.011235281133869 ], [ 264.234437361497385, 0.01176226504037 ] ] ] } },
{ "type": "Feature", "properties": { "feature_type": "building", "subtype": "minor-damage", "uid": "b9bfde65-8408-45c2-8634-e1e672ef2b3b" }, "geometry": { "type": "Polygon", "coordinates": [ [ [ 328.197790791668183, 0.012336159203481 ], [ 329.64503909115291, 15.03766976598115 ], [ 311.539585363042988, 13.830639513476971 ], [ 311.539585365410915, 0.012203187155399 ], [ 328.197790791668183, 0.012336159203481 ] ] ] } },
{ "type": "Feature", "properties": { "feature_type": "building", "subtype": "minor-damage", "uid": "6ca4be9c-5a3a-4e71-97fb-5aa6eaa2e5d8" }, "geometry": { "type": "Polygon", "coordinates": [ [ [ 292.468507437566188, 40.385304982826042 ], [ 306.711464374276716, 41.592335229348159 ], [ 305.504434122894622, 34.108747692336728 ], [ 317.333330558585487, 38.212650533702373 ], [ 335.197378235297322, 35.798590037667097 ], [ 334.955972183276117, 49.800140919058492 ], [ 337.370032679746828, 49.800140917064468 ], [ 336.163002431231007, 72.975121684785705 ], [ 342.68096577498568, 74.664964034104102 ], [ 337.852844783851424, 88.425108865592875 ], [ 328.679414890857174, 87.700890716881986 ], [ 331.576287492118013, 102.668065795889902 ], [ 318.540360809219919, 101.943847649172994 ], [ 316.850518456661803, 101.461035546376706 ], [ 315.40208216135909, 99.771193203040383 ], [ 302.366155475033793, 100.012599250948995 ], [ 300.193501027531113, 84.079799973327596 ], [ 302.366155475158507, 83.83839392342496 ], [ 303.573185723798815, 62.3532555000371 ], [ 294.158349786136284, 62.594661550936742 ], [ 292.468507437566188, 40.385304982826042 ] ] ] } },
{ "type": "Feature", "properties": { "feature_type": "building", "subtype": "minor-damage", "uid": "80c1c56d-f87b-46f2-b22d-4d291cb5e5c2" }, "geometry": { "type": "Polygon", "coordinates": [ [ [ 330.41241000047188, 130.862473293000988 ], [ 333.249629350971475, 138.617539515916292 ], [ 333.627925264890678, 149.020677130222793 ], [ 330.034114087612011, 149.398973045699904 ], [ 330.223262043792715, 161.315294316930107 ], [ 338.356624185360374, 161.504442274170202 ], [ 337.410884400593488, 178.906054285422613 ], [ 299.392145106764588, 177.203722676243899 ], [ 298.629995434330283, 177.170002352287895 ], [ 296.424720936753772, 166.765362501096206 ], [ 295.984720934076677, 160.747850445209792 ], [ 295.987481885853526, 160.747850447203803 ], [ 296.554925756452008, 131.429917163724213 ], [ 311.875910248589207, 130.484177378520798 ], [ 330.41241000047188, 130.862473293000988 ] ] ] } },
{ "type": "Feature", "properties": { "feature_type": "building", "subtype": "minor-damage", "uid": "a3f26730-464a-469f-bc46-2f597d0842aa" }, "geometry": { "type": "Polygon", "coordinates": [ [ [ 295.479995433619081, 160.740002353596111 ], [ 295.928538754293811, 166.835807613805599 ], [ 298.119995437219188, 177.150002352667514 ], [ 281.044793309754084, 176.447130849277613 ], [ 280.288201483847388, 160.369554532723697 ], [ 295.479995433619081, 160.740002353596111 ] ] ] } },
{ "type": "Feature", "properties": { "feature_type": "building", "subtype": "minor-damage", "uid": "2f454e3d-aa5c-48dc-a341-286bf8b98761" }, "geometry": { "type": "Polygon", "coordinates": [ [ [ 273.611012015865981, 150.0493639260782 ], [ 260.333679284311586, 149.807957876175607 ], [ 261.0578974320876, 166.706381352410489 ], [ 254.539934091822488, 170.327472098956008 ], [ 239.572759010514091, 167.913411600926707 ], [ 238.607134814144104, 161.636854309440309 ], [ 224.364177878804611, 160.912636160729505 ], [ 226.536832329173791, 128.322819453784689 ], [ 223.398553681749206, 128.564225504684401 ], [ 223.398553679942211, 119.632201669254201 ], [ 238.365728762746102, 119.873607718159803 ], [ 239.814165059481894, 123.011886364899993 ], [ 265.88601842814461, 122.529074262103705 ], [ 266.851642625698389, 126.391571056557694 ], [ 272.403981766602612, 126.150165009646102 ], [ 273.611012015865981, 150.0493639260782 ] ] ] } },
{ "type": "Feature", "properties": { "feature_type": "building", "subtype": "minor-damage", "uid": "a850a3a0-bd76-4158-8739-6da72c38f276" }, "geometry": { "type": "Polygon", "coordinates": [ [ [ 180.052397055328498, 137.988814376486204 ], [ 217.443177922133913, 138.685536999172513 ], [ 216.862575734526587, 165.160996743007587 ], [ 210.011469928038707, 164.928755870108091 ], [ 209.895349488535601, 167.48340549393609 ], [ 198.051064862181704, 167.251164621036708 ], [ 197.47046267793931, 170.502536868547907 ], [ 185.161696306347494, 169.57357336897411 ], [ 185.510057615322609, 165.044876307554887 ], [ 178.775072240735511, 164.812635432661409 ], [ 178.775072241109314, 159.819456621455288 ], [ 178.775072241857089, 152.968350811101601 ], [ 178.775072241109314, 144.723799749393208 ], [ 178.658951803600388, 140.311223126417701 ], [ 180.052397055328498, 137.988814376486204 ] ] ] } },
{ "type": "Feature", "properties": { "feature_type": "building", "subtype": "minor-damage", "uid": "2b7d88c9-e0f6-4f49-a281-8ab06ae08984" }, "geometry": { "type": "Polygon", "coordinates": [ [ [ 166.347243271780798, 129.689356938678088 ], [ 167.795679567332712, 111.825309262832704 ], [ 190.005036140109297, 110.135466915508303 ], [ 189.763630091453109, 129.206544838872787 ], [ 166.347243271780798, 129.689356938678088 ] ] ] } },
{ "type": "Feature", "properties": { "feature_type": "building", "subtype": "minor-damage", "uid": "210c4705-dcc9-46d3-8761-9e46c59a179c" }, "geometry": { "type": "Polygon", "coordinates": [ [ [ 65.689147454291785, 124.119142931305504 ], [ 85.548265485188423, 124.563750051328697 ], [ 84.80725361964646, 119.080262236047105 ], [ 93.551193648283473, 113.448572046759693 ], [ 97.849062477873545, 117.153631377960394 ], [ 97.404455356791132, 122.192512075212804 ], [ 104.073562159941503, 121.303297835166305 ], [ 109.557049978212305, 121.303297835166305 ], [ 108.964240482064895, 117.746440871989293 ], [ 108.816038106750597, 117.301833750969095 ], [ 108.667835735237404, 117.005429005948599 ], [ 124.970096808317294, 116.1162147659022 ], [ 125.711108675043207, 113.596774418771503 ], [ 137.567298544028688, 114.485988658817902 ], [ 135.937072437318989, 126.342178527433603 ], [ 140.531346012739505, 126.490380901439394 ], [ 139.049322282403296, 143.681856216315992 ], [ 127.637739529016599, 146.349498935458399 ], [ 126.007513420312804, 163.540974247343911 ], [ 108.223228615525898, 164.430188490381511 ], [ 108.519633360546294, 158.650295925094298 ], [ 102.443336051923197, 159.094903047111586 ], [ 89.846134314217693, 158.205688810056103 ], [ 89.697931941832124, 153.75961760384169 ], [ 84.955455991471212, 150.202760644652813 ], [ 85.992872607018597, 144.4228680823567 ], [ 74.729492227512978, 141.607022987214492 ], [ 71.76544476029774, 145.4602846954119 ], [ 61.835885743416213, 143.830058590321698 ], [ 60.946671504678612, 135.086118559874706 ], [ 63.317909480669137, 132.270273466726508 ], [ 65.689147454291785, 124.119142931305504 ] ] ] } },
{ "type": "Feature", "properties": { "feature_type": "building", "subtype": "minor-damage", "uid": "21f14a68-71c8-4a84-9c05-6c5489cf52f3" }, "geometry": { "type": "Polygon", "coordinates": [ [ [ 45.386128325116857, 115.665402001481695 ], [ 49.535794780078113, 124.112937284914196 ], [ 39.754438138573171, 130.782044090247808 ], [ 37.679604907727636, 134.042496303419199 ], [ 36.642188296417537, 143.972055318933201 ], [ 26.86083165516186, 150.937566868290304 ], [ -0.000004580756498, 167.239827937138386 ], [ -0.000004580631872, 143.67565057490981 ], [ 21.52554621195609, 127.521591875082393 ], [ 22.859367569158959, 130.485639339245296 ], [ 26.86083165354172, 127.817996621099894 ], [ 26.7126292818416, 125.891365767001204 ], [ 25.37880792096227, 119.074056589655797 ], [ 40.347247629797877, 110.626521306223296 ], [ 45.386128325116857, 115.665402001481695 ] ] ] } }
]
}
