{
"type": "FeatureCollection",
"name": "hurricane-harvey_00000117_post_disaster",
"features": [
{ "type": "Feature", "properties": { "feature_type": "building", "subtype": "no-damage", "uid": "d9e75214-1b90-4603-a2d1-162d7ff8fedb" }, "geometry": { "type": "Polygon", "coordinates": [ [ [ -0.000004604151448, 40.42735763806882 ], [ 3.092729798479337, 36.126955486535593 ], [ 4.863483624824981, 36.632885151597861 ], [ 7.646096785097154, 34.103236832270788 ], [ 30.40312794771727, 49.859445403233018 ], [ 26.86162029296888, 57.448390376174927 ], [ 32.173881775060288, 62.50768702679764 ], [ 25.596796130500859, 71.36145616389129 ], [ 19.019710484009021, 74.397034152270152 ], [ 14.972273167814119, 70.349596833766753 ], [ 10.418906179263891, 71.867385827956184 ], [ 4.09478537078863, 63.519546357919559 ], [ -0.000004602343698, 68.32587817351768 ], [ -0.000004604151448, 40.42735763806882 ] ] ] } },
{ "type": "Feature", "properties": { "feature_type": "building", "subtype": "no-damage", "uid": "15404b1f-a567-4103-bc3a-2a4976f3b841" }, "geometry": { "type": "Polygon", "coordinates": [ [ [ 34.350366086155077, 9.042654040066008 ], [ 72.740753544553428, 37.96691856424804 ], [ 64.8523177678872, 45.855354342663709 ], [ 48.549550489278303, 36.389231410360189 ], [ 35.928053239668102, 46.907145780251241 ], [ 25.410138869595421, 38.492814286532642 ], [ 29.09140889610067, 34.811544251485437 ], [ 19.099390240831969, 24.29362988259178 ], [ 30.669096052294151, 9.568549757363705 ], [ 34.350366086155077, 9.042654040066008 ] ] ] } },
{ "type": "Feature", "properties": { "feature_type": "building", "subtype": "no-damage", "uid": "b9683305-ec4b-4600-a4bf-d29a467dddf7" }, "geometry": { "type": "Polygon", "coordinates": [ [ [ 93.588608652947414, 0.00938084549696 ], [ 92.07676275467216, 2.395137486970154 ], [ 92.329727587577182, 3.912926483154343 ], [ 88.788219934013185, 8.719258300747219 ], [ 86.005606776670817, 6.695539641495518 ], [ 81.958169458356494, 11.24890662805333 ], [ 77.404802473047724, 9.478152795847176 ], [ 70.574751993214505, 20.355640594187289 ], [ 49.325706063664512, 5.177750648303467 ], [ 52.608770594204827, 0.008627857160959 ], [ 93.588608652947414, 0.00938084549696 ] ] ] } },
{ "type": "Feature", "properties": { "feature_type": "building", "subtype": "no-damage", "uid": "56da24e5-8530-43d9-821c-1f2504a621f7" }, "geometry": { "type": "Polygon", "coordinates": [ [ [ -0.000004603091732, 75.505370342466676 ], [ 11.738822326973199, 81.323561487191967 ], [ 8.197314671788465, 88.153611964036543 ], [ 10.72696299622582, 90.936225122377706 ], [ 5.920631177264, 95.99552177200303 ], [ 2.12615869085732, 101.813712920717805 ], [ -0.000004603590422, 99.789994256479233 ], [ -0.000004603091732, 75.505370342466676 ] ] ] } },
{ "type": "Feature", "properties": { "feature_type": "building", "subtype": "no-damage", "uid": "f45bbd33-7b47-4e22-8316-8327775ff6b0" }, "geometry": { "type": "Polygon", "coordinates": [ [ [ -0.000004601969681, 124.031193257244098 ], [ 4.502237246779456, 122.007474596994996 ], [ 7.284850403623139, 128.584560242804514 ], [ 12.344147053869239, 126.560841581558094 ], [ 16.138619539714892, 137.185364547865703 ], [ 6.77892074211429, 142.750590859561214 ], [ 10.0674635614642, 148.82174684130581 ], [ 4.755202077876729, 152.363254494746911 ], [ 8.043744899408406, 163.746671956154586 ], [ -0.000004599974923, 168.300038940717599 ], [ -0.000004601969681, 124.031193257244098 ] ] ] } },
{ "type": "Feature", "properties": { "feature_type": "building", "subtype": "no-damage", "uid": "3a571342-f253-473c-9bb3-0a103118dd7b" }, "geometry": { "type": "Polygon", "coordinates": [ [ [ 188.302530552717514, 0.01085129652143 ], [ 213.0780532777095, 17.89320082868117 ], [ 208.777651121752598, 24.723251302533601 ], [ 213.078053275901794, 28.26475895697212 ], [ 201.671630801514198, 45.89519228855962 ], [ 159.377710731543687, 19.421135454701389 ], [ 168.417632579244611, 4.246980925082932 ], [ 171.000467394583211, 6.184107033782753 ], [ 175.520428314257089, 2.955563519283052 ], [ 177.457554424452013, 3.601272219190855 ], [ 185.182807613673901, 0.010808863025985 ], [ 188.302530552717514, 0.01085129652143 ] ] ] } },
{ "type": "Feature", "properties": { "feature_type": "building", "subtype": "minor-damage", "uid": "ad1a1e1f-66f9-4c2c-bc29-47c338bee9fb" }, "geometry": { "type": "Polygon", "coordinates": [ [ [ 171.366106146761496, 32.77260946239668 ], [ 193.643056415062489, 48.269618338976898 ], [ 172.011814849661107, 77.649364340373069 ], [ 139.080670979527014, 53.758142323101488 ], [ 141.340651440922301, 47.946763990020372 ], [ 148.120592826355107, 41.489676958028838 ], [ 152.317699397322002, 40.843968254131518 ], [ 158.774786431304989, 33.0954638163401 ], [ 166.200436519512692, 34.38688122014522 ], [ 169.106125686612813, 31.8040464065507 ], [ 171.366106146761496, 32.77260946239668 ] ] ] } },
{ "type": "Feature", "properties": { "feature_type": "building", "subtype": "minor-damage", "uid": "86eb7455-5c2b-4f58-a99a-6db4e1a0660c" }, "geometry": { "type": "Polygon", "coordinates": [ [ [ 141.121947033733704, 62.231578606295948 ], [ 167.596003870134211, 83.21711146301125 ], [ 157.587518970951407, 96.776994233883784 ], [ 155.650392859759108, 97.099848583837684 ], [ 147.901888418480809, 105.816916076477696 ], [ 118.844996768861094, 84.831383221757164 ], [ 119.167851122929093, 80.957131003360146 ], [ 118.199288067706902, 75.791461379163252 ], [ 123.042103339765703, 70.625791751974219 ], [ 124.656375099882197, 72.885772214617447 ], [ 132.082025186469195, 62.231578606295948 ], [ 136.279131760365914, 63.845850366039258 ], [ 139.184820926593289, 61.908724256342047 ], [ 141.121947033733704, 62.231578606295948 ] ] ] } },
{ "type": "Feature", "properties": { "feature_type": "building", "subtype": "minor-damage", "uid": "982eb843-e558-4a65-a9c7-49e5cf25dd00" }, "geometry": { "type": "Polygon", "coordinates": [ [ [ 116.981269320813993, 89.836553609587796 ], [ 148.348908550544508, 113.362283029497803 ], [ 136.459561424392405, 130.057961973560509 ], [ 129.629510947052609, 140.42952010484359 ], [ 126.593932956618204, 140.176555271813811 ], [ 106.356746357628595, 125.757559823024707 ], [ 106.609711190346601, 121.710122502526502 ], [ 101.297449708379901, 116.397861023860898 ], [ 109.898254013374398, 106.532232553650601 ], [ 108.886394681629596, 103.496654565271697 ], [ 114.957550664991899, 90.848412939712333 ], [ 116.981269320813993, 89.836553609587796 ] ] ] } },
{ "type": "Feature", "properties": { "feature_type": "building", "subtype": "minor-damage", "uid": "ab98d0b3-0af2-4109-a684-d8cfabfcf6f4" }, "geometry": { "type": "Polygon", "coordinates": [ [ [ 100.385471311155399, 142.852036488956799 ], [ 116.241836545209495, 165.447356948651787 ], [ 109.106472187722105, 172.979130434884297 ], [ 89.880629343596127, 187.448063715608612 ], [ 73.826059540745518, 167.231198041827099 ], [ 80.961423893869394, 162.47428847000009 ], [ 78.781173673200499, 158.906606290631288 ], [ 86.511151726542607, 153.35687845982531 ], [ 86.511151727103623, 149.987400846697199 ], [ 98.007016524432785, 141.66280909649879 ], [ 100.385471311155399, 142.852036488956799 ] ] ] } },
{ "type": "Feature", "properties": { "feature_type": "building", "subtype": "no-damage", "uid": "362b7af6-40bc-43a3-a550-17ef68cf5c19" }, "geometry": { "type": "Polygon", "coordinates": [ [ [ 53.541129198432643, 176.081657185750487 ], [ 42.63987809882827, 210.569251574015396 ], [ 22.15125308040286, 203.779201339592191 ], [ 22.151253078906791, 199.220496338993001 ], [ 14.421275027372429, 194.859995897652993 ], [ 12.04282024102382, 188.319245238635091 ], [ 20.169207423481222, 168.895197823832603 ], [ 25.718935257463489, 155.020878242828189 ], [ 41.773505057820643, 160.174196941152502 ], [ 38.602232010685682, 171.868266306473714 ], [ 45.539391803241422, 174.048516527143789 ], [ 48.908869414310672, 173.453902826426514 ], [ 52.480342791425898, 174.68828647360229 ], [ 53.541129198432643, 176.081657185750487 ] ] ] } },
{ "type": "Feature", "properties": { "feature_type": "building", "subtype": "minor-damage", "uid": "181cc6b5-0a49-4cad-9003-fb9fca2e2ac1" }, "geometry": { "type": "Polygon", "coordinates": [ [ [ 334.734825400867578, 39.973741589976044 ], [ 346.371207693865415, 42.250425080262801 ], [ 361.296132812322014, 54.139772211719603 ], [ 355.983871328485179, 67.29394349635696 ], [ 359.272414153133582, 71.847310482914764 ], [ 350.924574681729894, 86.519270766728454 ], [ 322.845478273842673, 71.341380816855121 ], [ 321.580654113244805, 69.317662157603422 ], [ 323.351407939091814, 60.96982268756679 ], [ 323.098443105501019, 57.428315031133522 ], [ 326.892915591596022, 53.886807378689767 ], [ 328.916634251968674, 53.633842543665189 ], [ 330.940352913650486, 45.79193273769345 ], [ 334.734825400867578, 39.973741589976044 ] ] ] } },
{ "type": "Feature", "properties": { "feature_type": "building", "subtype": "minor-damage", "uid": "d43fcc26-431b-4437-899b-6d3848628d22" }, "geometry": { "type": "Polygon", "coordinates": [ [ [ 310.832415364596272, 80.464707313990004 ], [ 343.440704885275409, 100.804531465810598 ], [ 325.683715541198808, 127.924297004563499 ], [ 293.721134725912691, 107.261618501791702 ], [ 293.721134728406184, 104.033074982305095 ], [ 302.115347870215317, 89.181774806630017 ], [ 307.926726200924691, 80.141852962041341 ], [ 310.832415364596272, 80.464707313990004 ] ] ] } },
{ "type": "Feature", "properties": { "feature_type": "building", "subtype": "minor-damage", "uid": "9fcb5580-be4e-423b-93ca-f6d397e153de" }, "geometry": { "type": "Polygon", "coordinates": [ [ [ 286.244219763341221, 114.870002065006403 ], [ 316.592528818448386, 134.886971865875694 ], [ 307.22975262116779, 152.643961207093895 ], [ 309.812587434574027, 156.195359076534402 ], [ 302.386937345493607, 166.2038439779665 ], [ 266.550104310503514, 141.344058903851504 ], [ 282.692821894712893, 117.129982528647005 ], [ 284.307093652959281, 114.547147713057697 ], [ 286.244219763341221, 114.870002065006403 ] ] ] } },
{ "type": "Feature", "properties": { "feature_type": "building", "subtype": "minor-damage", "uid": "6e3c3d57-9cba-404e-8841-67e5459bcf43" }, "geometry": { "type": "Polygon", "coordinates": [ [ [ 266.817064470832292, 151.857926267257909 ], [ 274.565568912609308, 154.440761082847189 ], [ 289.777936270017619, 173.000496230945004 ], [ 265.563859892082576, 193.017466034806404 ], [ 251.035414066431287, 183.008981135369112 ], [ 250.066851014263591, 176.551894099388107 ], [ 255.232520639642303, 167.834826606748095 ], [ 254.586811938238696, 163.314865682458986 ], [ 264.595296835613794, 150.723545968429789 ], [ 266.817064470832292, 151.857926267257909 ] ] ] } },
{ "type": "Feature", "properties": { "feature_type": "building", "subtype": "minor-damage", "uid": "59386ed2-309c-4fd4-8aa1-eaeaf50ee84e" }, "geometry": { "type": "Polygon", "coordinates": [ [ [ 247.320751142812611, 188.800264764279802 ], [ 268.629138351901986, 204.620127989816496 ], [ 267.337720945604076, 210.754360673848907 ], [ 253.777838176172196, 230.77133047671299 ], [ 247.32075114063079, 228.834204364023606 ], [ 232.469450968516611, 218.825719466581091 ], [ 229.240907447535506, 211.400069377746206 ], [ 229.24090744915631, 206.880108454454501 ], [ 243.44649892398121, 188.800264764279802 ], [ 247.320751142812611, 188.800264764279802 ] ] ] } },
{ "type": "Feature", "properties": { "feature_type": "building", "subtype": "minor-damage", "uid": "27a16b2c-37c0-4535-89d5-dc4e40428eec" }, "geometry": { "type": "Polygon", "coordinates": [ [ [ 214.423976045934808, 222.733634199355208 ], [ 242.189450288196809, 243.396312705119186 ], [ 242.512304640020602, 245.979147520708494 ], [ 237.023780665685592, 255.019069365297213 ], [ 224.432460947673405, 268.578952136169676 ], [ 196.021278000828602, 245.979147521705897 ], [ 199.89553022015869, 235.324953915379098 ], [ 193.761297541490393, 230.4821386401388 ], [ 200.218384572668214, 223.379342901257786 ], [ 206.352617254266391, 226.60788641974699 ], [ 212.163995585412096, 221.765071144506607 ], [ 214.423976045934808, 222.733634199355208 ] ] ] } },
{ "type": "Feature", "properties": { "feature_type": "building", "subtype": "no-damage", "uid": "5f962314-f624-4f79-83e9-66ccd065eb00" }, "geometry": { "type": "Polygon", "coordinates": [ [ [ 186.895693313529307, 250.878786950360194 ], [ 204.975537006811606, 265.084378422137888 ], [ 198.841304327519907, 279.935678597813023 ], [ 189.478528127122502, 295.75554183033131 ], [ 184.958567204082499, 292.849852668777714 ], [ 166.555869161033399, 279.289969895910417 ], [ 165.58730610207121, 275.738572027467285 ], [ 163.650179992561903, 271.218611107167703 ], [ 174.627227950831696, 257.658728335297781 ], [ 176.887208411666109, 257.335873984346506 ], [ 184.312858503115308, 249.587369545557692 ], [ 186.895693313529307, 250.878786950360194 ] ] ] } },
{ "type": "Feature", "properties": { "feature_type": "building", "subtype": "no-damage", "uid": "fcdbd296-d2e0-4bc4-a164-b8ee951e4cdb" }, "geometry": { "type": "Polygon", "coordinates": [ [ [ 151.598662376801911, 313.969021109781693 ], [ 157.669818356860304, 312.198267283559915 ], [ 158.175748022109303, 307.644900297001982 ], [ 167.535446824011103, 304.103392642563506 ], [ 171.076954478260802, 307.897865128037097 ], [ 173.100673139069897, 308.909724460156383 ], [ 181.448512610099613, 306.886005800904684 ], [ 188.531527919596414, 335.218067038407526 ], [ 184.737055431444304, 341.542187850189919 ], [ 166.77655232567011, 345.589625173680076 ], [ 156.910923857708895, 347.107414164877412 ], [ 152.3575568737092, 326.617262733346308 ], [ 151.598662376801911, 313.969021109781693 ] ] ] } },
{ "type": "Feature", "properties": { "feature_type": "building", "subtype": "no-damage", "uid": "d944b0a4-5225-4474-af0a-92d1edd23e37" }, "geometry": { "type": "Polygon", "coordinates": [ [ [ 222.430166217287507, 361.96509291127262 ], [ 197.247526789179602, 385.856314934528427 ], [ 191.436148455976792, 381.982062717128827 ], [ 184.656207072601092, 386.179169286477077 ], [ 169.15919819129121, 370.036451705002207 ], [ 177.876265688103302, 362.933655967118625 ], [ 180.459100500387507, 357.122277636032209 ], [ 187.239041884386609, 350.019481899146001 ], [ 198.538944195539898, 343.88524921710831 ], [ 207.256011688923508, 351.956608008843091 ], [ 211.453118259267001, 350.3423362530894 ], [ 222.430166217287507, 361.96509291127262 ] ] ] } },
{ "type": "Feature", "properties": { "feature_type": "building", "subtype": "no-damage", "uid": "465ea66d-c3e6-4f49-bf23-4def6955aae4" }, "geometry": { "type": "Polygon", "coordinates": [ [ [ 238.985964988262111, 365.24056233528222 ], [ 242.021542977823799, 366.505386500431314 ], [ 259.982046085094112, 387.501467597024714 ], [ 231.902949680074414, 414.062775005313483 ], [ 227.855512360451002, 410.015337682820586 ], [ 224.061039870179513, 411.027197014939873 ], [ 213.942446571806698, 400.655638881662128 ], [ 211.412798246434306, 393.572623576774618 ], [ 213.183552076333086, 389.525186253284176 ], [ 238.985964988262111, 365.24056233528222 ] ] ] } },
{ "type": "Feature", "properties": { "feature_type": "building", "subtype": "no-damage", "uid": "60c77de4-0f94-472a-841a-20a023a43f2a" }, "geometry": { "type": "Polygon", "coordinates": [ [ [ 271.09487079401822, 393.903910916950679 ], [ 280.454569595047303, 403.769539388158421 ], [ 273.877483950425585, 411.864414024167786 ], [ 284.754971751502922, 424.512655648729776 ], [ 256.675875344987219, 451.073963060010783 ], [ 234.920899750125812, 425.777479810886803 ], [ 240.486126061818396, 419.95928866416682 ], [ 269.071152134829902, 394.915770246077898 ], [ 271.09487079401822, 393.903910916950679 ] ] ] } },
{ "type": "Feature", "properties": { "feature_type": "building", "subtype": "minor-damage", "uid": "82aaf561-c0c8-4201-83ba-26176aa42b67" }, "geometry": { "type": "Polygon", "coordinates": [ [ [ 298.82125893566149, 424.705353404483787 ], [ 306.157239078375028, 429.258720388049483 ], [ 309.951711566153108, 435.32987637079151 ], [ 305.904274243662314, 441.148067513522108 ], [ 316.275832375501125, 454.555203636176088 ], [ 295.785680945725915, 474.539425404639815 ], [ 291.485278790267614, 470.744952917171418 ], [ 284.65522831317719, 477.827968227045801 ], [ 264.923971380371711, 457.590781625552381 ], [ 266.441760373188913, 453.2903794770113 ], [ 297.050505105638081, 425.717212733611007 ], [ 298.82125893566149, 424.705353404483787 ] ] ] } },
{ "type": "Feature", "properties": { "feature_type": "building", "subtype": "minor-damage", "uid": "a363a535-05b6-4d74-b79d-06d4c0fc5fcc" }, "geometry": { "type": "Polygon", "coordinates": [ [ [ 331.822060202859916, 458.202615377305676 ], [ 336.375427188480273, 466.044525181282722 ], [ 333.592814029267913, 471.862716329997511 ], [ 337.134321684078486, 475.657188818463226 ], [ 340.675829339325617, 474.392364654311393 ], [ 348.264774314632405, 484.005028289497091 ], [ 318.920853745524028, 511.325230199867576 ], [ 312.0908032671245, 508.289652209494022 ], [ 305.007787958687516, 499.435883068410817 ], [ 309.055225281053595, 496.906234749083808 ], [ 296.659948486847327, 485.016887619621684 ], [ 296.912913318817289, 482.740204130332302 ], [ 303.489998962878019, 475.15125915439819 ], [ 326.25683388798808, 454.155178056807472 ], [ 331.822060202859916, 458.202615377305676 ] ] ] } },
{ "type": "Feature", "properties": { "feature_type": "building", "subtype": "minor-damage", "uid": "cf00b6be-50d0-422e-b108-97c3f180b2cf" }, "geometry": { "type": "Polygon", "coordinates": [ [ [ 336.847230575382412, 500.728192588957484 ], [ 355.478459727643212, 483.880804524314499 ], [ 362.019210387904479, 488.043100400411106 ], [ 371.929438661790812, 495.574873890633228 ], [ 379.263007583461786, 507.863556943705817 ], [ 377.031662355561025, 513.499190481914638 ], [ 359.986069727678114, 528.562737456374521 ], [ 354.039932765515573, 527.76991919340594 ], [ 349.6794323254245, 522.814805058330307 ], [ 345.318931882465904, 515.283031569105674 ], [ 342.742272532245408, 509.535099175051016 ], [ 336.597931005649912, 502.796143948794793 ], [ 336.847230575382412, 500.728192588957484 ] ] ] } },
{ "type": "Feature", "properties": { "feature_type": "building", "subtype": "minor-damage", "uid": "75633d50-e2c2-4f13-93ea-b424b395020a" }, "geometry": { "type": "Polygon", "coordinates": [ [ [ 397.984786869740276, 527.32535668588514 ], [ 403.550013183801696, 531.119829171358674 ], [ 409.621169162239426, 541.491387304636532 ], [ 379.012424431410921, 569.570483708112192 ], [ 373.953127783284287, 567.546765048860493 ], [ 364.846393810796712, 556.922242085545008 ], [ 367.629006972377908, 552.368875100981882 ], [ 357.763378502733588, 539.720633479412072 ], [ 379.265389263630311, 519.23048204389147 ], [ 386.854334239124114, 522.013095206222147 ], [ 391.15473639152782, 525.807567692693056 ], [ 388.878052899933209, 529.096110514101838 ], [ 391.660666058709182, 531.372794004388538 ], [ 397.984786869740276, 527.32535668588514 ] ] ] } },
{ "type": "Feature", "properties": { "feature_type": "building", "subtype": "minor-damage", "uid": "12fcd12a-2805-4125-93ec-e6cd07abae45" }, "geometry": { "type": "Polygon", "coordinates": [ [ [ 433.711885487871484, 563.509863917905705 ], [ 441.047865626782425, 571.098808890847636 ], [ 432.194096491812672, 579.193683529849181 ], [ 407.150578073175609, 602.466448119721463 ], [ 383.624848655646417, 574.387351713253679 ], [ 395.008266117359881, 565.027652913092538 ], [ 395.514195778494809, 563.509863917905705 ], [ 399.814597930088098, 559.715391430437307 ], [ 401.07942209398982, 559.462426597407557 ], [ 414.992487880202987, 546.814184973842885 ], [ 427.893694337912905, 556.93277827209613 ], [ 426.375905343474926, 559.209461766372442 ], [ 429.158518500131606, 562.498004586783736 ], [ 431.941131656912887, 561.739110091683756 ], [ 433.711885487871484, 563.509863917905705 ] ] ] } },
{ "type": "Feature", "properties": { "feature_type": "building", "subtype": "minor-damage", "uid": "b903148c-d37a-4f49-b5f9-a15cbf7280d6" }, "geometry": { "type": "Polygon", "coordinates": [ [ [ 423.885435626696108, 619.773272023509776 ], [ 423.687231060766976, 618.187635500564852 ], [ 428.047731504161902, 613.034316797253609 ], [ 430.029777157842091, 610.457657449088856 ], [ 421.308776274293677, 601.340247436919185 ], [ 421.110571711543912, 598.367178956272824 ], [ 426.85850411145509, 589.249768944103266 ], [ 440.13820999248361, 578.744926978221656 ], [ 445.886142393641592, 577.753904150009703 ], [ 449.850233703620006, 581.321586328381159 ], [ 455.003552402502692, 582.114404586362866 ], [ 469.274281118163174, 597.177951563814759 ], [ 434.588482160059698, 631.467341384841461 ], [ 423.885435626696108, 619.773272023509776 ] ] ] } },
{ "type": "Feature", "properties": { "feature_type": "building", "subtype": "minor-damage", "uid": "6ccce74f-4f4a-4366-be3e-c54719d22586" }, "geometry": { "type": "Polygon", "coordinates": [ [ [ 493.029987101046288, 624.235367276232751 ], [ 498.77791950002262, 632.163549887965246 ], [ 466.866984462619314, 663.876280359829821 ], [ 463.893915978982193, 661.696030144146675 ], [ 453.389074011609921, 652.380415565736257 ], [ 453.389074011921593, 650.398369913301849 ], [ 458.740597278167115, 643.659414689040432 ], [ 449.623187267560525, 632.956368153925951 ], [ 452.199846621459017, 629.190481413303132 ], [ 469.840052946006892, 613.532320740120781 ], [ 475.984394472103702, 615.514366393552564 ], [ 481.137713177032992, 621.064094224358541 ], [ 481.335917739845286, 623.244344447023309 ], [ 486.88564557551058, 618.091025744709555 ], [ 493.029987101046288, 624.235367276232751 ] ] ] } },
{ "type": "Feature", "properties": { "feature_type": "building", "subtype": "minor-damage", "uid": "bcd0024e-9704-4252-b703-e4dbcbd6ea63" }, "geometry": { "type": "Polygon", "coordinates": [ [ [ 507.127851008890502, 636.875306965193886 ], [ 513.805684932556687, 641.378962401205968 ], [ 517.377549590110334, 646.659110153668621 ], [ 515.824564957957932, 649.609780956779446 ], [ 520.638817317917187, 652.715750225574084 ], [ 529.335531266111957, 662.033658024976376 ], [ 500.760614012539918, 693.869843010423438 ], [ 493.150989306116287, 686.881412158378225 ], [ 498.431137061007519, 681.601264405915458 ], [ 496.256958572353597, 679.271787457561004 ], [ 491.287407745526195, 678.029399749045751 ], [ 486.317856919322082, 680.048279775009064 ], [ 476.378755264108918, 668.866790411337774 ], [ 486.473155386190285, 659.704181077619296 ], [ 486.628453846762511, 654.424033322164405 ], [ 490.200318501635593, 654.579331784856095 ], [ 492.52979545447721, 652.560451760887645 ], [ 492.374496992408922, 647.746199401486933 ], [ 495.946361646409287, 647.435602472114056 ], [ 507.127851008890502, 636.875306965193886 ] ] ] } },
{ "type": "Feature", "properties": { "feature_type": "building", "subtype": "major-damage", "uid": "b7ccdb88-f114-47b7-9562-8b017e42fef5" }, "geometry": { "type": "Polygon", "coordinates": [ [ [ 595.604467687091301, 721.850026938013002 ], [ 573.009147225662446, 753.166348279390604 ], [ 557.747395685468291, 741.075869784579822 ], [ 559.531236775089496, 737.508187606208367 ], [ 546.251530889635205, 725.02129998390285 ], [ 571.225306136103541, 693.30856951303565 ], [ 575.784011145801514, 694.894206035980574 ], [ 582.522966366880269, 700.642138435022048 ], [ 581.135534408992498, 704.408025177639615 ], [ 583.315784629474479, 707.38109365828609 ], [ 582.522966367503727, 712.534412361597333 ], [ 584.108602889949111, 713.525435186817163 ], [ 586.090648546559009, 711.741594096634003 ], [ 596.793695079237068, 719.273367585858637 ], [ 595.604467687091301, 721.850026938013002 ] ] ] } },
{ "type": "Feature", "properties": { "feature_type": "building", "subtype": "major-damage", "uid": "2ea05add-189c-4873-8f6c-51a06e32a02a" }, "geometry": { "type": "Polygon", "coordinates": [ [ [ 605.603560915473281, 719.844319258435689 ], [ 616.734013546214214, 725.915475241177774 ], [ 610.915822401803553, 737.045927867560749 ], [ 627.105571681232163, 748.429345327971077 ], [ 623.564064024987715, 754.247536475688435 ], [ 610.915822398250384, 771.19618025178363 ], [ 584.354514989040126, 753.235677148556078 ], [ 605.603560915473281, 719.844319258435689 ] ] ] } },
{ "type": "Feature", "properties": { "feature_type": "building", "subtype": "major-damage", "uid": "8cd04d45-55c0-49b9-b04c-f88a75e28020" }, "geometry": { "type": "Polygon", "coordinates": [ [ [ 659.536469839866072, 754.921895182582261 ], [ 671.172852134546929, 764.787523651795254 ], [ 650.682700700034161, 797.419987042826051 ], [ 641.323001899815495, 797.167022206804063 ], [ 629.939584437790245, 789.578077235856881 ], [ 626.651041612393783, 790.084006901916609 ], [ 616.785413145055941, 780.218378431706242 ], [ 626.145111946770726, 767.317171976109194 ], [ 627.1569712788272, 761.498980830386586 ], [ 629.180689936831072, 760.740086332294482 ], [ 640.311142567260276, 747.079985378605329 ], [ 647.90008754325288, 748.597774372794674 ], [ 653.212349027276673, 752.645211691298073 ], [ 652.706419360905556, 756.186719345736606 ], [ 654.983102852063894, 757.198578675861199 ], [ 658.018680844680034, 753.657071021422666 ], [ 659.536469839866072, 754.921895182582261 ] ] ] } },
{ "type": "Feature", "properties": { "feature_type": "building", "subtype": "major-damage", "uid": "2c0394e0-29cf-4f63-8a80-ea816a5da648" }, "geometry": { "type": "Polygon", "coordinates": [ [ [ 676.176050305614694, 770.434341032677935 ], [ 684.89705118442555, 773.011000379845314 ], [ 694.410870326453733, 780.542773869069947 ], [ 696.789325112054371, 780.939183000554181 ], [ 705.906735123533622, 786.488910831360158 ], [ 688.266528799546677, 815.624981950073106 ], [ 677.959891393802195, 809.678844989777645 ], [ 670.428117907199521, 804.921935420942873 ], [ 661.310707894847496, 795.804525406778453 ], [ 660.914298764298564, 791.245820403187167 ], [ 673.797595518019421, 770.434341032677935 ], [ 676.176050305614694, 770.434341032677935 ] ] ] } },
{ "type": "Feature", "properties": { "feature_type": "building", "subtype": "major-damage", "uid": "224d4625-7e12-4383-8bd3-121750875938" }, "geometry": { "type": "Polygon", "coordinates": [ [ [ 733.341180664855756, 801.326764705534288 ], [ 738.49449936641895, 803.308810358966184 ], [ 743.846022633661732, 810.245970150465723 ], [ 726.404020872611682, 840.373064098387999 ], [ 721.448906737600964, 837.59820018497976 ], [ 700.835631932532692, 825.705926258404588 ], [ 699.051790840293393, 821.940039512794897 ], [ 715.106360642520599, 792.011150132110856 ], [ 719.665065651283612, 793.200377524568808 ], [ 730.368112183026483, 800.137537312078962 ], [ 733.341180664855756, 801.326764705534288 ] ] ] } },
{ "type": "Feature", "properties": { "feature_type": "building", "subtype": "major-damage", "uid": "755377fb-f2e3-466d-b05f-5a33576aba39" }, "geometry": { "type": "Polygon", "coordinates": [ [ [ 762.609238804664415, 814.211923404600157 ], [ 772.32126251187367, 821.347287759348433 ], [ 771.132035121161721, 824.518560806235655 ], [ 771.924853380888294, 824.914969936722514 ], [ 773.510489905577856, 822.932924284288106 ], [ 785.997377531492475, 833.437766248174967 ], [ 767.564352942230926, 867.132542376463448 ], [ 764.393079894971379, 865.943314985002758 ], [ 758.843352062173494, 861.781019110900957 ], [ 760.23078402031058, 857.222314107309558 ], [ 745.365441611164101, 845.330040180734386 ], [ 745.563646177778878, 837.600062127263641 ], [ 756.266692711952942, 815.202946230817361 ], [ 759.041556627354453, 813.617309707872437 ], [ 762.609238804664415, 814.211923404600157 ] ] ] } },
{ "type": "Feature", "properties": { "feature_type": "building", "subtype": "major-damage", "uid": "766dc143-7847-4009-9725-1ec5ac3d63e4" }, "geometry": { "type": "Polygon", "coordinates": [ [ [ 891.937761026462454, 876.271097655189806 ], [ 881.631123618411607, 900.650259205067869 ], [ 866.765781209078227, 896.68616789620944 ], [ 862.801689900097131, 904.812555080167158 ], [ 850.116597713177953, 897.875395291659629 ], [ 850.116597712554608, 893.911303980806451 ], [ 851.107620538335027, 884.001075706665802 ], [ 848.729165757035616, 881.820825485995783 ], [ 857.251962071600474, 860.018323287274484 ], [ 875.090372959397087, 865.964460250562183 ], [ 885.000601234031365, 869.53214242693889 ], [ 885.000601231537985, 873.298029174543331 ], [ 891.937761026462454, 876.271097655189806 ] ] ] } },
{ "type": "Feature", "properties": { "feature_type": "building", "subtype": "major-damage", "uid": "2006cb03-97a1-414d-a4bb-52de377b3a60" }, "geometry": { "type": "Polygon", "coordinates": [ [ [ 902.967089427749556, 881.294400141425285 ], [ 910.697067477289124, 881.889013842142504 ], [ 917.039613571247401, 887.240537103715496 ], [ 916.246795308777905, 890.015401022110609 ], [ 921.796523144879643, 892.195651242780627 ], [ 929.130092064119594, 896.75435624936415 ], [ 920.210886621436885, 922.917358883441125 ], [ 921.201909448276865, 924.502995409378173 ], [ 914.859363352012224, 938.971928684118211 ], [ 902.372475727406595, 935.602451073982252 ], [ 903.165293989751376, 931.241950632642215 ], [ 887.308928753328473, 926.485041061812694 ], [ 886.912519622841842, 923.511972584158343 ], [ 894.246088547317981, 903.295106907384707 ], [ 893.255065716052059, 901.709470382445033 ], [ 894.840702240492305, 896.952560813610262 ], [ 896.624543329116023, 895.961537985398309 ], [ 902.967089427749556, 881.294400141425285 ] ] ] } },
{ "type": "Feature", "properties": { "feature_type": "building", "subtype": "major-damage", "uid": "e0a2f3fc-70be-4056-9d71-b365781242c0" }, "geometry": { "type": "Polygon", "coordinates": [ [ [ 973.365794800526146, 904.979843948088956 ], [ 963.257361962643131, 942.242302247767384 ], [ 960.878907178850341, 942.638711381246367 ], [ 944.626132812065407, 937.485392681924736 ], [ 941.851268894482132, 942.638711381246367 ], [ 936.896154758972671, 941.845893117280525 ], [ 926.391312789979679, 937.088983544456141 ], [ 931.94104062190479, 918.854163529093398 ], [ 931.346426924429352, 917.2685270051511 ], [ 933.724881710092291, 912.511617434321465 ], [ 935.5087228010226, 911.520594607106887 ], [ 939.671018672815876, 899.430116110301356 ], [ 952.950724559703872, 902.60138916117819 ], [ 956.518406737263149, 902.9977982896703 ], [ 957.905838694963904, 899.430116110301356 ], [ 962.860952832717544, 897.844479587356432 ], [ 969.203498925803046, 900.61934350475417 ], [ 972.572976538181365, 902.997798290667674 ], [ 973.365794800526146, 904.979843948088956 ] ] ] } },
{ "type": "Feature", "properties": { "feature_type": "building", "subtype": "major-damage", "uid": "aa525734-9864-4e48-a4ef-68c62a77b110" }, "geometry": { "type": "Polygon", "coordinates": [ [ [ 1010.548478154307986, 922.932239066063062 ], [ 1002.818500103957945, 951.870105622524648 ], [ 1001.03465901140703, 952.266514751016757 ], [ 972.096792455022523, 944.734741264784248 ], [ 981.610611596489662, 905.886646439168771 ], [ 989.340589651514847, 905.292032740446302 ], [ 998.457999662059137, 910.445351443757431 ], [ 997.070567702550534, 917.580715797508333 ], [ 1004.007727494358051, 918.571738623725537 ], [ 1010.152069021077978, 921.148397972887778 ], [ 1010.548478154307986, 922.932239066063062 ] ] ] } },
{ "type": "Feature", "properties": { "feature_type": "building", "subtype": "no-damage", "uid": "3338e34f-4226-46b9-9bb0-68695eef7774" }, "geometry": { "type": "Polygon", "coordinates": [ [ [ 425.625600295405889, 153.889845112482902 ], [ 417.277760821259392, 162.237684584514312 ], [ 391.22238307468001, 146.553864972570892 ], [ 390.969418242709992, 142.000497985015699 ], [ 392.487207236773997, 132.893764017884308 ], [ 398.305398384176783, 128.340397034318613 ], [ 401.340976375546177, 128.08743219829671 ], [ 405.388413698411114, 124.545924544855595 ], [ 409.4358510141073, 121.510346556476705 ], [ 431.19082660971668, 133.652658515976412 ], [ 438.779771582529975, 142.506427647085786 ], [ 429.673037616650106, 151.866126453231203 ], [ 425.625600295405889, 153.889845112482902 ] ] ] } },
{ "type": "Feature", "properties": { "feature_type": "building", "subtype": "minor-damage", "uid": "16b28d88-988d-4280-a76c-b86e73b9532a" }, "geometry": { "type": "Polygon", "coordinates": [ [ [ 379.956544854411675, 160.249791357036713 ], [ 404.241168775580377, 177.451399965164313 ], [ 395.640364468528901, 193.135219579102511 ], [ 393.616645808343208, 193.388184412132404 ], [ 386.027700833347978, 204.012707375447889 ], [ 375.403177868915918, 198.194516232717405 ], [ 372.873529544291614, 195.158938240348988 ], [ 361.996041746580318, 186.558133936285202 ], [ 377.679861361320889, 160.249791357036713 ], [ 379.956544854411675, 160.249791357036713 ] ] ] } },
{ "type": "Feature", "properties": { "feature_type": "building", "subtype": "minor-damage", "uid": "ccde21c9-e822-47e8-86fe-57ab71214e8e" }, "geometry": { "type": "Polygon", "coordinates": [ [ [ 353.357979557187207, 207.121602383136491 ], [ 368.788834339272114, 213.951652858983692 ], [ 383.460794622330184, 224.323210990266688 ], [ 386.095062705287489, 219.162156105694493 ], [ 395.201796675780315, 225.233312082452301 ], [ 392.166218684971909, 232.31632739132931 ], [ 386.600992374027328, 229.533714235980312 ], [ 376.229434240567798, 243.699744854731705 ], [ 377.24129356900869, 246.482358013072911 ], [ 370.158278260634006, 256.347986476301514 ], [ 353.968528981143095, 243.446780019707091 ], [ 337.778779703023588, 234.340046051578412 ], [ 338.790639030030775, 229.280749403947794 ], [ 344.608830180550399, 223.209593424197891 ], [ 340.055463193620881, 220.426980265856798 ], [ 348.656267496308885, 205.755019981045706 ], [ 353.357979557187207, 207.121602383136491 ] ] ] } },
{ "type": "Feature", "properties": { "feature_type": "building", "subtype": "minor-damage", "uid": "7caf0651-4909-4bc5-95ab-128dab61434f" }, "geometry": { "type": "Polygon", "coordinates": [ [ [ 326.251525587429626, 244.837197415428193 ], [ 360.342710844691624, 270.009177225282713 ], [ 348.648641481682716, 290.226042906045791 ], [ 354.198369315041589, 294.58654334140158 ], [ 345.67557300147422, 304.893180746029316 ], [ 310.196955785389378, 278.730178106965411 ], [ 310.593364914567019, 274.766086798106983 ], [ 320.305388625267085, 262.080994608563287 ], [ 315.152069922519615, 256.927675907246908 ], [ 321.891025146902223, 246.422833941365212 ], [ 324.467684500177199, 244.638992850184707 ], [ 326.251525587429626, 244.837197415428193 ] ] ] } },
{ "type": "Feature", "properties": { "feature_type": "building", "subtype": "no-damage", "uid": "f608f4e0-f258-494e-9921-4648138817dd" }, "geometry": { "type": "Polygon", "coordinates": [ [ [ 297.238114481936179, 286.5863162863497 ], [ 325.064246058040283, 307.5823973829431 ], [ 315.704547257385286, 323.519181828913815 ], [ 321.775703235324272, 328.831443306582003 ], [ 314.186758262261606, 337.938177280695015 ], [ 284.589872859063689, 315.171342358877212 ], [ 289.649169511990294, 303.78792489348001 ], [ 286.360626685845716, 298.728628244852018 ], [ 290.661028837688377, 290.886718437882905 ], [ 294.455501325591172, 287.09224595440412 ], [ 297.238114481936179, 286.5863162863497 ] ] ] } },
{ "type": "Feature", "properties": { "feature_type": "building", "subtype": "minor-damage", "uid": "6f10c739-781e-4f5b-be5f-bc09f09f61e9" }, "geometry": { "type": "Polygon", "coordinates": [ [ [ 487.946138088422117, 196.704557043797791 ], [ 475.855659596796727, 209.786058366820612 ], [ 461.783135449496285, 222.074741423882699 ], [ 457.422635008158522, 223.26396881733811 ], [ 452.269316306346013, 221.678332293395812 ], [ 449.494452390134086, 217.714240986532189 ], [ 438.791405857269126, 206.614785320930707 ], [ 441.566269773044723, 202.056080312352492 ], [ 443.548315426537783, 196.308147917300488 ], [ 449.890861520745375, 190.758420083502386 ], [ 459.404680664519105, 183.623055727756707 ], [ 459.206476098340715, 181.046396376599802 ], [ 467.332863283727875, 173.118213760877808 ], [ 475.2610458982615, 179.658964416903586 ], [ 483.387433083773374, 188.37996529758891 ], [ 483.783842217189886, 190.163806387772013 ], [ 488.738956349457908, 194.722511389368606 ], [ 487.946138088422117, 196.704557043797791 ] ] ] } },
{ "type": "Feature", "properties": { "feature_type": "building", "subtype": "minor-damage", "uid": "d0c1c77a-eca9-4593-85c8-4acb34c593e5" }, "geometry": { "type": "Polygon", "coordinates": [ [ [ 514.051153383879978, 228.030922263389186 ], [ 481.149195517891087, 259.347243601774778 ], [ 474.410240293757909, 249.437015331623513 ], [ 480.356377255109976, 242.896264671608208 ], [ 481.149195520509181, 238.337559666022088 ], [ 479.365354432695824, 233.184240966700401 ], [ 474.608444858128507, 232.193218139485907 ], [ 466.878466806344818, 239.130377930985389 ], [ 460.734125277442899, 230.409377049302691 ], [ 472.824603768507302, 221.093762472887107 ], [ 474.01383116320892, 217.724284861753688 ], [ 477.185104207850372, 217.129671167020803 ], [ 478.968945297596179, 215.742239206327213 ], [ 479.365354429703586, 211.976352460717408 ], [ 483.32944573837301, 211.778147895474007 ], [ 493.636083143182418, 202.660737887293891 ], [ 500.176833803319028, 203.057147016783404 ], [ 504.933743375517622, 208.606874849584102 ], [ 503.348106849830685, 213.561988985657109 ], [ 506.519379896840974, 217.724284861753688 ], [ 509.294243813987919, 217.327875731266801 ], [ 514.249357950432454, 222.084785302096407 ], [ 516.033199039928945, 224.066830957522996 ], [ 514.051153383879978, 228.030922263389186 ] ] ] } },
{ "type": "Feature", "properties": { "feature_type": "building", "subtype": "minor-damage", "uid": "54ee3459-38ed-4483-9962-65ed30e237b0" }, "geometry": { "type": "Polygon", "coordinates": [ [ [ 543.474331288204212, 256.110318671527978 ], [ 523.257465611253906, 276.327184346306922 ], [ 516.122101256883298, 280.885889352890388 ], [ 496.896258409017094, 257.894159758719127 ], [ 499.472917758988274, 255.11929584331611 ], [ 523.852079310786394, 232.127566254131608 ], [ 528.807193445360781, 236.289862126238688 ], [ 535.149739538383983, 243.028817351497509 ], [ 539.90664911207864, 245.407272135416207 ], [ 541.492285634898053, 246.200090399381992 ], [ 545.852786073617722, 253.335454756125102 ], [ 543.474331288204212, 256.110318671527978 ] ] ] } },
{ "type": "Feature", "properties": { "feature_type": "building", "subtype": "minor-damage", "uid": "3faec7dc-b8b1-4270-9e21-8f3b55f61636" }, "geometry": { "type": "Polygon", "coordinates": [ [ [ 559.228812922176985, 297.517038914942475 ], [ 546.074641633993224, 312.188999196761415 ], [ 541.774239481901077, 312.188999196761415 ], [ 533.426400008502583, 306.117843220003579 ], [ 518.501474889360338, 287.14548078665149 ], [ 534.69122417016024, 271.967590833786005 ], [ 545.062782303744484, 265.643470023998475 ], [ 553.916551440210242, 261.343067868475714 ], [ 559.228812924358749, 263.872716194784516 ], [ 564.794039238794198, 268.932012844409826 ], [ 566.564793063207389, 273.232414995942975 ], [ 557.458059096704005, 284.868797292375177 ], [ 563.276250243047116, 291.192918102162821 ], [ 559.228812922176985, 297.517038914942475 ] ] ] } },
{ "type": "Feature", "properties": { "feature_type": "building", "subtype": "minor-damage", "uid": "831e62f2-6814-4e95-896b-555a5d17e269" }, "geometry": { "type": "Polygon", "coordinates": [ [ [ 603.151435250979603, 316.6008645320764 ], [ 578.970478265110501, 340.583616951467604 ], [ 564.303340421456824, 324.925456281277377 ], [ 560.735658240032649, 313.627796051429982 ], [ 565.888976943715193, 309.663704741574179 ], [ 567.672818033772728, 311.051136699275673 ], [ 575.006386953636024, 304.708590607495921 ], [ 573.817159563796736, 302.528340386825903 ], [ 582.538160441485502, 294.203748638622187 ], [ 593.241206977155571, 303.915772345524772 ], [ 595.619661760699046, 303.321158646802303 ], [ 601.962207855716997, 308.870886478605712 ], [ 604.142458076448293, 315.213432574374906 ], [ 603.151435250979603, 316.6008645320764 ] ] ] } },
{ "type": "Feature", "properties": { "feature_type": "building", "subtype": "minor-damage", "uid": "0efed8f6-b5b2-4584-b296-332e3726842b" }, "geometry": { "type": "Polygon", "coordinates": [ [ [ 613.681892400905781, 320.857493566354492 ], [ 626.168780023017916, 335.32642684608129 ], [ 616.654960883296098, 344.840245985745696 ], [ 623.790325239973185, 354.75047425789171 ], [ 607.537550871193503, 368.62479383690129 ], [ 603.969868694008255, 370.012225799589714 ], [ 584.942230412632171, 347.02049620841052 ], [ 595.248867813825996, 338.101290761484279 ], [ 601.789618474212034, 333.542585755898187 ], [ 601.789618472778329, 331.362335535228226 ], [ 611.105233050124298, 322.443130089299416 ], [ 613.681892400905781, 320.857493566354492 ] ] ] } },
{ "type": "Feature", "properties": { "feature_type": "building", "subtype": "minor-damage", "uid": "fbbf3295-1052-4385-a6bd-e91ceffdd2f1" }, "geometry": { "type": "Polygon", "coordinates": [ [ [ 661.84593259087228, 377.120149487510105 ], [ 632.4661865889301, 406.177041137954973 ], [ 616.000614654579863, 390.357177910423502 ], [ 614.063488544384995, 383.577236521496388 ], [ 617.614886411205589, 377.120149488507479 ], [ 642.151817138470847, 352.906073111308217 ], [ 649.577467228798014, 358.394597093438108 ], [ 649.254612876662463, 363.237412367681088 ], [ 652.48315639265661, 365.174538473388679 ], [ 654.743136854301383, 363.88312106858632 ], [ 664.105913052641654, 373.245897268115698 ], [ 661.84593259087228, 377.120149487510105 ] ] ] } },
{ "type": "Feature", "properties": { "feature_type": "building", "subtype": "minor-damage", "uid": "fcf47730-8db9-4414-ade0-0b7e51eeb9cb" }, "geometry": { "type": "Polygon", "coordinates": [ [ [ 709.642975744140585, 407.614057192119503 ], [ 693.959156128901213, 436.957977758749507 ], [ 677.516442017502641, 427.851243787628675 ], [ 673.469004699562333, 434.681294266468001 ], [ 664.362270731936974, 429.369032785807576 ], [ 657.532220255158222, 435.18722393352499 ], [ 638.053928148463115, 420.262298815684119 ], [ 649.184380779079333, 407.614057193116878 ], [ 665.121165225104164, 416.720791160248211 ], [ 672.457145371682486, 401.795866043404715 ], [ 672.963075034936764, 397.242499055849521 ], [ 676.251617854847723, 392.183202411211084 ], [ 679.287195845656129, 387.629835424653322 ], [ 686.876140819965485, 392.183202411211084 ], [ 689.911718809527201, 391.424307912121606 ], [ 706.607397757695594, 399.772147386147822 ], [ 710.907799909787741, 403.060690205561684 ], [ 709.642975744140585, 407.614057192119503 ] ] ] } },
{ "type": "Feature", "properties": { "feature_type": "building", "subtype": "minor-damage", "uid": "427a781e-e4e3-4b93-ad69-dcb559c84e26" }, "geometry": { "type": "Polygon", "coordinates": [ [ [ 726.241739868533045, 407.850387982231325 ], [ 728.50172033005299, 405.590407520585416 ], [ 752.71579670586857, 414.630329363179328 ], [ 758.850029387778363, 419.150290288465783 ], [ 749.164398835557108, 447.561473232021285 ], [ 720.107507187121882, 436.58442527773542 ], [ 717.201818023824217, 433.033027409292288 ], [ 726.241739868533045, 407.850387982231325 ] ] ] } },
{ "type": "Feature", "properties": { "feature_type": "building", "subtype": "minor-damage", "uid": "cec26196-8347-40b2-bcfd-f4e76450096c" }, "geometry": { "type": "Polygon", "coordinates": [ [ [ 769.492809633354113, 468.083276280063274 ], [ 765.726922890239848, 485.128868904962928 ], [ 749.275943955967477, 480.371959338122792 ], [ 752.050807873363851, 462.137139311788928 ], [ 755.02387635388402, 462.335343879027107 ], [ 767.51076397693123, 465.90302605739862 ], [ 769.492809633354113, 468.083276280063274 ] ] ] } },
{ "type": "Feature", "properties": { "feature_type": "building", "subtype": "minor-damage", "uid": "16bb3de9-5b59-4314-ad61-db9ae606f754" }, "geometry": { "type": "Polygon", "coordinates": [ [ [ 779.00662877500838, 463.128162141995574 ], [ 778.015605945924221, 461.146116486568985 ], [ 767.114354846257584, 458.569457135412108 ], [ 765.528718322191366, 457.380229742953986 ], [ 768.699991373689841, 433.001068196068104 ], [ 772.862287244174126, 432.802863631821992 ], [ 774.051514638065214, 429.433386015701785 ], [ 778.808424209765121, 429.235181450458413 ], [ 779.799447036106471, 426.856726665542283 ], [ 792.286334661023716, 427.649544925518683 ], [ 792.286334658966666, 430.820817972406019 ], [ 801.403744671193863, 431.811840803609982 ], [ 798.82708532296806, 448.857433429507012 ], [ 794.070175748213842, 479.975550202649117 ], [ 779.799447035981757, 479.18273194466741 ], [ 777.420992251752637, 477.993504551212027 ], [ 779.00662877500838, 463.128162141995574 ] ] ] } },
{ "type": "Feature", "properties": { "feature_type": "building", "subtype": "major-damage", "uid": "b27f5c61-1305-4403-8e5b-3b72d51cc7db" }, "geometry": { "type": "Polygon", "coordinates": [ [ [ 839.361705849929194, 440.631944601749012 ], [ 865.921117619466372, 440.631944603743705 ], [ 866.515731314323716, 474.723129855537479 ], [ 863.146253702631043, 476.308766380477209 ], [ 840.947342371875948, 477.497993775927284 ], [ 839.559910413240118, 475.515948121498127 ], [ 837.776069326548736, 460.848810277525217 ], [ 836.983251062458521, 457.082923531915526 ], [ 837.379660193319182, 441.821171995204281 ], [ 839.361705849929194, 440.631944601749012 ] ] ] } },
{ "type": "Feature", "properties": { "feature_type": "building", "subtype": "major-damage", "uid": "da8aa315-a2f5-4147-88fd-bb01772cecf6" }, "geometry": { "type": "Polygon", "coordinates": [ [ [ 822.486033232300088, 483.741712021435603 ], [ 862.72156002220413, 482.354280061739416 ], [ 864.703605675136259, 499.796281821115315 ], [ 868.271287851885177, 499.994486387356119 ], [ 868.271287853693025, 516.643669881768687 ], [ 838.144193906783471, 517.634692707985892 ], [ 827.639351935296986, 516.841874447012174 ], [ 827.441147370427643, 500.390895517842978 ], [ 822.287828669986538, 500.192690951602174 ], [ 821.495010405460107, 499.796281821115315 ], [ 821.098601275098076, 484.336325714173825 ], [ 822.486033232300088, 483.741712021435603 ] ] ] } },
{ "type": "Feature", "properties": { "feature_type": "building", "subtype": "major-damage", "uid": "feb5ed5b-3941-46c5-810d-cd60dc21ab1d" }, "geometry": { "type": "Polygon", "coordinates": [ [ [ 834.772399514507697, 557.552244790857117 ], [ 833.781376688540263, 553.389948916755316 ], [ 821.096284496010867, 553.38994891775269 ], [ 820.898079931951997, 540.704856729206313 ], [ 832.988558424013718, 539.912038464242983 ], [ 832.988558424387747, 528.01976453966256 ], [ 834.177785818465964, 526.632332581961123 ], [ 847.259287136619832, 523.262854968833039 ], [ 857.962333670544467, 523.262854968833039 ], [ 862.719243243989695, 524.253877794052869 ], [ 863.512061504402027, 553.389948916755316 ], [ 862.719243241994945, 556.363017399396426 ], [ 834.772399514507697, 557.552244790857117 ] ] ] } },
{ "type": "Feature", "properties": { "feature_type": "building", "subtype": "major-damage", "uid": "6ba29581-b0fd-4f06-8434-b500d3c0fc5c" }, "geometry": { "type": "Polygon", "coordinates": [ [ [ 832.878033428097751, 603.55024345910283 ], [ 830.499578645115321, 602.559220631888252 ], [ 830.499578642372512, 592.648992359742238 ], [ 831.094192341655685, 573.423149512177929 ], [ 838.229556696898953, 564.70214863049523 ], [ 852.103876280265126, 565.494966892466323 ], [ 863.401536507052356, 568.071626243623314 ], [ 864.392559334079465, 569.459058201324751 ], [ 869.545878038011324, 573.423149511180554 ], [ 866.176400425196675, 593.441810620715955 ], [ 862.21230911422083, 604.343061720076548 ], [ 832.878033428097751, 603.55024345910283 ] ] ] } },
{ "type": "Feature", "properties": { "feature_type": "building", "subtype": "major-damage", "uid": "e99a15cd-f325-455c-8ff1-ddb555b70909" }, "geometry": { "type": "Polygon", "coordinates": [ [ [ 814.347113725514646, 643.876076722698258 ], [ 812.323395067136744, 641.599393231414069 ], [ 819.153445541920746, 610.737683670594606 ], [ 846.726612282938049, 616.049945151255088 ], [ 849.25626061086632, 620.350347304782986 ], [ 854.821486926112016, 622.121101131004934 ], [ 855.833346253056902, 628.192257107762657 ], [ 859.627818742081672, 630.21597577000648 ], [ 862.663396729461624, 635.022307587599357 ], [ 859.627818740273938, 653.235775524854148 ], [ 814.347113725514646, 643.876076722698258 ] ] ] } },
{ "type": "Feature", "properties": { "feature_type": "building", "subtype": "major-damage", "uid": "81bf845d-7f06-4027-a4c0-d1ab6fd6c173" }, "geometry": { "type": "Polygon", "coordinates": [ [ [ 822.316492984251681, 649.019991849244548 ], [ 858.237499199540252, 662.17416313787146 ], [ 844.830363080321604, 693.288837533715423 ], [ 806.379708542029334, 681.39949040724548 ], [ 804.103025045759409, 679.375771749988644 ], [ 807.138603036879545, 666.474565292396733 ], [ 812.703829350753949, 666.727530122434473 ], [ 819.027950162720003, 648.514062185179682 ], [ 822.316492984251681, 649.019991849244548 ] ] ] } },
{ "type": "Feature", "properties": { "feature_type": "building", "subtype": "destroyed", "uid": "2bbc3c03-6c6e-4717-9240-dec8666bc3ee" }, "geometry": { "type": "Polygon", "coordinates": [ [ [ 809.988429388411646, 691.77250261757456 ], [ 842.873857610523032, 706.697427729431183 ], [ 833.00822914281116, 733.005770308679644 ], [ 794.810539437112311, 714.539337539392363 ], [ 793.545715275142925, 710.23893538686184 ], [ 795.822398767485652, 705.179638740228597 ], [ 799.363906422234095, 705.685568404293463 ], [ 806.446921732915143, 691.51953778554207 ], [ 809.988429388411646, 691.77250261757456 ] ] ] } },
{ "type": "Feature", "properties": { "feature_type": "building", "subtype": "major-damage", "uid": "cd820732-5272-4fdb-b4f6-e7a1fd8160d5" }, "geometry": { "type": "Polygon", "coordinates": [ [ [ 796.685834366165523, 727.715419986005941 ], [ 814.127836125844283, 737.427443693905843 ], [ 814.127836125968884, 739.211284782094253 ], [ 825.029087228627759, 745.75203544011481 ], [ 823.245246136263745, 750.310740443706095 ], [ 819.479359391778075, 756.256877409985918 ], [ 815.515268084667127, 754.274831754559273 ], [ 809.76733568537918, 762.203014371278755 ], [ 801.839153070346811, 760.02276415360086 ], [ 796.289425234806231, 766.9599239451004 ], [ 775.874354992612552, 753.680218059826302 ], [ 780.234855436755424, 746.743058268326763 ], [ 786.577401526412473, 738.022057389636188 ], [ 785.78458326512748, 735.24719347223845 ], [ 789.352265446177626, 730.49028390140893 ], [ 792.127129361018206, 727.319010857513831 ], [ 796.685834366165523, 727.715419986005941 ] ] ] } },
{ "type": "Feature", "properties": { "feature_type": "building", "subtype": "major-damage", "uid": "dfa9112b-9a96-4497-b532-25b4b7c316b3" }, "geometry": { "type": "Polygon", "coordinates": [ [ [ 777.215258081667344, 745.180122304022007 ], [ 767.60259445091242, 759.852082588833127 ], [ 749.64209134189673, 748.721629961452663 ], [ 750.14802100490158, 743.409368480792295 ], [ 756.219176985271702, 733.290775180544301 ], [ 773.420785593639948, 743.15640364875992 ], [ 777.215258081667344, 745.180122304022007 ] ] ] } },
{ "type": "Feature", "properties": { "feature_type": "building", "subtype": "major-damage", "uid": "30ec0f65-dbfd-4a70-8313-b78fabe3fef0" }, "geometry": { "type": "Polygon", "coordinates": [ [ [ 1022.430342379765989, 838.676406520856972 ], [ 1019.446628461840987, 845.638404638481347 ], [ 1004.774668180342019, 840.326143158818354 ], [ 1002.497984684258995, 843.867650811262138 ], [ 989.090848563980217, 837.037600336412311 ], [ 997.691652866418849, 807.187750104720067 ], [ 1003.762808846851044, 807.440714934757693 ], [ 1022.430305115561964, 813.50765197880969 ], [ 1022.430342379765989, 838.676406520856972 ] ] ] } },
{ "type": "Feature", "properties": { "feature_type": "building", "subtype": "major-damage", "uid": "189e5f33-16c9-4d0b-a274-907914c4c401" }, "geometry": { "type": "Polygon", "coordinates": [ [ [ 946.308999813948162, 826.389242993852008 ], [ 944.538245988163567, 821.076981511196777 ], [ 952.127190960104144, 799.574970750538569 ], [ 953.897944788008203, 795.021603764978181 ], [ 972.617342393868967, 801.598689409790268 ], [ 983.747795021991692, 806.65798605841826 ], [ 973.123272061050329, 837.013765959162242 ], [ 957.94538210831729, 832.713363804636856 ], [ 946.308999813948162, 826.389242993852008 ] ] ] } },
{ "type": "Feature", "properties": { "feature_type": "building", "subtype": "major-damage", "uid": "a9837099-7d2f-4864-8a2a-d6b6c3491f6d" }, "geometry": { "type": "Polygon", "coordinates": [ [ [ 913.408944423482012, 816.663628010406455 ], [ 913.408944419305499, 815.398803850244235 ], [ 916.191557576897139, 804.268351217876898 ], [ 910.626331262711119, 801.485738063525332 ], [ 908.09668293914649, 805.280210552988365 ], [ 898.736984135998, 801.232773230495468 ], [ 907.843718106553183, 770.371063666683881 ], [ 921.25085422807831, 773.912571319127665 ], [ 924.286432216206322, 766.070661513155869 ], [ 939.464322166508168, 769.612169168591777 ], [ 939.211357335223965, 776.695184477468842 ], [ 926.057186045855701, 817.42252250650381 ], [ 924.03346738423636, 819.446241168747633 ], [ 913.408944423482012, 816.663628010406455 ] ] ] } },
{ "type": "Feature", "properties": { "feature_type": "building", "subtype": "major-damage", "uid": "d28db8c6-14a6-4d66-aa57-3e2271da47c7" }, "geometry": { "type": "Polygon", "coordinates": [ [ [ 1022.430259127158024, 779.082785450502456 ], [ 992.379391385511894, 770.428134370226076 ], [ 997.944617701318634, 752.214666430976536 ], [ 1000.474266023760947, 752.467631262011537 ], [ 1001.486125355256945, 745.131651120104721 ], [ 990.355672725076829, 741.337178633633812 ], [ 994.909039710697243, 724.641499690568367 ], [ 1012.110648320187011, 728.941901842101629 ], [ 1009.58099999662295, 739.819389635454854 ], [ 1022.430217800129981, 743.651612997118718 ], [ 1022.430259127158024, 779.082785450502456 ] ] ] } },
{ "type": "Feature", "properties": { "feature_type": "building", "subtype": "major-damage", "uid": "9eeeeead-78ed-4ac3-8a56-9287fd8f4df4" }, "geometry": { "type": "Polygon", "coordinates": [ [ [ 1022.430194032522991, 720.447165377427837 ], [ 990.701628451422494, 712.892743822624425 ], [ 997.0441745458171, 681.972831613728431 ], [ 1018.846676744838987, 685.936922922586746 ], [ 1022.430164742178022, 687.453014160053954 ], [ 1022.430194032522991, 720.447165377427837 ] ] ] } },
{ "type": "Feature", "properties": { "feature_type": "building", "subtype": "major-damage", "uid": "c345a402-9fb4-4260-886a-c130b644cd36" }, "geometry": { "type": "Polygon", "coordinates": [ [ [ 919.909139009657679, 708.173934307429363 ], [ 933.569239966955365, 710.703582628751178 ], [ 936.098888288899275, 712.727301290995001 ], [ 958.359793551814732, 719.304386934809827 ], [ 953.553461732354322, 737.517854873061992 ], [ 958.359793552001747, 739.794538360356682 ], [ 954.312356228949966, 755.478357979281782 ], [ 911.814264370473325, 742.324186687662745 ], [ 915.608736857129315, 727.905191236878863 ], [ 918.897279679471353, 711.209512292816157 ], [ 919.909139009657679, 708.173934307429363 ] ] ] } },
{ "type": "Feature", "properties": { "feature_type": "building", "subtype": "major-damage", "uid": "2c125eb8-fc5c-4ef7-bd19-ed90f393225e" }, "geometry": { "type": "Polygon", "coordinates": [ [ [ 930.175534772570245, 666.485740929632357 ], [ 947.932524116397531, 669.71428444612684 ], [ 948.255378467785022, 668.422867039329617 ], [ 956.649591608098035, 670.682847499978038 ], [ 956.972445960919231, 672.619973610672673 ], [ 973.760872248589408, 677.139934531969629 ], [ 965.043804753335621, 710.716787102714079 ], [ 951.483921981347976, 708.456806643062919 ], [ 921.135612924246061, 701.031156557220243 ], [ 922.749884682430093, 692.636943410544518 ], [ 924.364156443543948, 686.179856379550415 ], [ 927.269845607589559, 686.179856379550415 ], [ 927.592699960223854, 676.494225834056579 ], [ 930.175534772570245, 666.485740929632357 ] ] ] } },
{ "type": "Feature", "properties": { "feature_type": "building", "subtype": "major-damage", "uid": "6d98b4cb-fd62-4e3d-ac5c-0119fd0104ca" }, "geometry": { "type": "Polygon", "coordinates": [ [ [ 938.167199485612286, 620.722416300024747 ], [ 963.21071790007295, 628.817290939026293 ], [ 958.40438608242016, 662.208648826154445 ], [ 942.21463680261752, 657.908246677613306 ], [ 932.096043501564395, 655.378598353299367 ], [ 930.32528967665246, 651.331161031803845 ], [ 935.131621493183161, 622.99909979430106 ], [ 938.167199485612286, 620.722416300024747 ] ] ] } },
{ "type": "Feature", "properties": { "feature_type": "building", "subtype": "major-damage", "uid": "c6fca6c3-e75d-49dd-8027-c25ddb1cbb4c" }, "geometry": { "type": "Polygon", "coordinates": [ [ [ 939.037797215200726, 583.756427846142515 ], [ 950.983408226012102, 584.079282195098926 ], [ 955.180514796605053, 582.465010438347804 ], [ 960.991893126815739, 583.110719142245102 ], [ 961.960456185902672, 584.079282195098926 ], [ 966.157562755061804, 583.433573493196377 ], [ 970.031814973207474, 583.433573493196377 ], [ 971.646086734072014, 584.079282194101552 ], [ 983.591697744945805, 586.662117010688235 ], [ 984.237406448468732, 596.024893207225546 ], [ 976.811756360198729, 596.347747558176934 ], [ 977.134610710090101, 606.033378107660269 ], [ 979.394591173916524, 606.033378107660269 ], [ 979.394591172171204, 618.947552172640712 ], [ 939.360651567024547, 617.656134768835614 ], [ 939.360651566463503, 608.293358569306065 ], [ 943.234903787601297, 607.64764986840089 ], [ 943.234903786728637, 600.867708482466014 ], [ 939.360651566525803, 600.22199977956609 ], [ 939.037797215200726, 583.756427846142515 ] ] ] } },
{ "type": "Feature", "properties": { "feature_type": "building", "subtype": "major-damage", "uid": "b80746de-5d71-493e-b954-7668042d60a7" }, "geometry": { "type": "Polygon", "coordinates": [ [ [ 1001.431336054075018, 568.357375275023742 ], [ 1010.285105194530956, 568.610340105061482 ], [ 1010.285105192098968, 580.49968723352606 ], [ 1000.925406388764031, 580.49968723352606 ], [ 1001.431336054075018, 568.357375275023742 ] ] ] } },
{ "type": "Feature", "properties": { "feature_type": "building", "subtype": "major-damage", "uid": "1e71549b-54cb-4ee5-8a9b-44be74781c65" }, "geometry": { "type": "Polygon", "coordinates": [ [ [ 939.960881759762742, 541.29013820267005 ], [ 958.427314530723606, 540.784208536610436 ], [ 959.439173860349001, 542.04903269976478 ], [ 981.953043954112445, 542.301997531797269 ], [ 982.71193844996003, 562.539184131295883 ], [ 983.723797782889164, 578.223003742241985 ], [ 947.296861904346315, 577.211144413114766 ], [ 947.043897071191964, 568.104410443988741 ], [ 946.285002571978112, 552.673555663080265 ], [ 940.972741089762053, 552.167625998018025 ], [ 939.960881759762742, 541.29013820267005 ] ] ] } },
{ "type": "Feature", "properties": { "feature_type": "building", "subtype": "major-damage", "uid": "41ad2a9a-506f-4ff7-874e-31610561129b" }, "geometry": { "type": "Polygon", "coordinates": [ [ [ 1013.517728813914005, 490.984009930692423 ], [ 1008.964361829416021, 513.244915190440111 ], [ 976.837828101468631, 506.161899879568296 ], [ 977.343757768587807, 495.284412084220321 ], [ 980.379335757463764, 484.406924285880223 ], [ 984.173808244805514, 473.023506824472577 ], [ 996.316120203925038, 474.794260653686592 ], [ 994.545366380259793, 485.924713281067 ], [ 1013.517728813914005, 490.984009930692423 ] ] ] } },
{ "type": "Feature", "properties": { "feature_type": "building", "subtype": "major-damage", "uid": "1135fdd1-7d8a-45a7-b3d7-f3583981b52b" }, "geometry": { "type": "Polygon", "coordinates": [ [ [ 938.108068017740607, 498.502896855567712 ], [ 936.084349358739246, 497.491037526440493 ], [ 942.155505337987279, 459.293347821719522 ], [ 954.297817298602922, 460.55817198088431 ], [ 954.044852465884901, 464.099679636320218 ], [ 970.234601747495276, 465.617468631506995 ], [ 964.163445764008316, 503.562193503198216 ], [ 938.108068017740607, 498.502896855567712 ] ] ] } },
{ "type": "Feature", "properties": { "feature_type": "building", "subtype": "major-damage", "uid": "205f35d3-5dd9-4887-aee8-791596b5bc3a" }, "geometry": { "type": "Polygon", "coordinates": [ [ [ 1014.960073601318982, 286.979019643676622 ], [ 1010.762967028045978, 312.484513424680983 ], [ 1008.502986566152003, 314.098785182429481 ], [ 1006.243006103010998, 321.20158092031312 ], [ 986.871745004428249, 316.035911296116183 ], [ 987.517453707078516, 309.901678611086481 ], [ 978.477531860375052, 305.058863338838307 ], [ 984.611764541786215, 272.450573821945 ], [ 995.911666850072038, 274.710554283590909 ], [ 998.171647311467382, 273.419136876793573 ], [ 1007.211569162035971, 278.261952150039178 ], [ 1008.18013221713295, 283.10476742527959 ], [ 1014.960073601318982, 286.979019643676622 ] ] ] } },
{ "type": "Feature", "properties": { "feature_type": "building", "subtype": "major-damage", "uid": "f9be4250-2195-4fda-aee1-386db60f5d87" }, "geometry": { "type": "Polygon", "coordinates": [ [ [ 977.508968806399594, 273.419136876793573 ], [ 972.020444827514098, 301.830319821346393 ], [ 962.980522980685919, 300.538902414549113 ], [ 962.044037258610956, 299.89506848122619 ], [ 944.123559911084044, 295.160148910206772 ], [ 944.123559915260557, 286.55934460414818 ], [ 949.941751058673844, 262.527685519175918 ], [ 955.001047709854902, 263.792509680335627 ], [ 956.51883670292159, 262.780650351208408 ], [ 966.384465172752812, 264.804369007467926 ], [ 966.131500340097091, 268.345876664898583 ], [ 977.008988137745973, 271.381454653277387 ], [ 977.508968806399594, 273.419136876793573 ] ] ] } },
{ "type": "Feature", "properties": { "feature_type": "building", "subtype": "major-damage", "uid": "e061bd85-d08f-4b3a-9d53-9955406f3a7a" }, "geometry": { "type": "Polygon", "coordinates": [ [ [ 950.59975875559735, 331.880782490000684 ], [ 946.635667448860431, 352.890466429742901 ], [ 932.166734171011058, 350.115602514339912 ], [ 936.527234607548962, 329.700532270328097 ], [ 950.59975875559735, 331.880782490000684 ] ] ] } },
{ "type": "Feature", "properties": { "feature_type": "building", "subtype": "major-damage", "uid": "d82ab918-91f3-4d2e-ba48-2b00cd204c7f" }, "geometry": { "type": "Polygon", "coordinates": [ [ [ 982.377036700293274, 348.692085104133525 ], [ 973.06142212519137, 394.477339717258985 ], [ 941.348691651161289, 387.936589059238486 ], [ 947.23028114515148, 353.683284689719301 ], [ 963.151193850494678, 355.629244893638315 ], [ 965.331444070664929, 344.529789228036918 ], [ 966.41853331511652, 341.910223774328188 ], [ 982.575241265474233, 345.520812054254122 ], [ 982.377036700293274, 348.692085104133525 ] ] ] } },
{ "type": "Feature", "properties": { "feature_type": "building", "subtype": "major-damage", "uid": "b66f256f-563b-44ff-8e60-0bb5203edf9e" }, "geometry": { "type": "Polygon", "coordinates": [ [ [ 1022.430136163152042, 394.784972503654274 ], [ 1010.762967028544949, 392.22388616952469 ], [ 1007.534423511365958, 402.232371069959413 ], [ 998.81735601499031, 402.232371068961925 ], [ 990.100288519736637, 399.003827555459623 ], [ 998.494501664787322, 358.969887947736709 ], [ 995.265958146736011, 358.969887948734083 ], [ 996.557375555527415, 350.89852915799662 ], [ 999.463064719697741, 351.221383506953089 ], [ 1000.108773423469984, 344.764296476956417 ], [ 1022.430167798396951, 350.797106621917578 ], [ 1022.430136163152042, 394.784972503654274 ] ] ] } },
{ "type": "Feature", "properties": { "feature_type": "building", "subtype": "major-damage", "uid": "4c54c6ce-2c70-4a4a-b677-260cc5c723d7" }, "geometry": { "type": "Polygon", "coordinates": [ [ [ 871.730335671532316, 314.540504665703111 ], [ 885.896366287783053, 317.57608265507929 ], [ 882.860788298283637, 335.789550594328887 ], [ 876.536667487501973, 335.789550594328887 ], [ 868.694757679103077, 333.765831933082495 ], [ 866.924003849079668, 330.477289113668576 ], [ 869.959581843752858, 315.046434330765408 ], [ 871.730335671532316, 314.540504665703111 ] ] ] } },
{ "type": "Feature", "properties": { "feature_type": "building", "subtype": "major-damage", "uid": "ee7ce461-51e4-4916-98b1-a8bba41e3ac7" }, "geometry": { "type": "Polygon", "coordinates": [ [ [ 870.834634163984788, 348.953246223384212 ], [ 865.023255833275357, 371.553050836850616 ], [ 834.99780112556607, 363.158837698154116 ], [ 843.714868623936582, 319.896354575931412 ], [ 849.203392599954668, 318.604937168136814 ], [ 856.951897041731627, 322.479189385536415 ], [ 854.6919165765961, 340.236178727752019 ], [ 870.511779808483084, 344.433285300092507 ], [ 870.834634163984788, 348.953246223384212 ] ] ] } },
{ "type": "Feature", "properties": { "feature_type": "building", "subtype": "major-damage", "uid": "6634ceee-3b33-44a1-82a9-0499dc46674e" }, "geometry": { "type": "Polygon", "coordinates": [ [ [ 836.291076348364413, 319.634402862164279 ], [ 827.574008851303006, 367.093992553735177 ], [ 823.699756631411901, 366.771138203781277 ], [ 814.659834783150018, 364.188303390186775 ], [ 814.336980433445547, 360.636905519749007 ], [ 816.596960897022768, 351.919838029103687 ], [ 807.879893400397691, 349.337003215509185 ], [ 800.131388962547817, 347.077022753863275 ], [ 802.068515072368768, 327.382907303945274 ], [ 806.911330342931365, 323.185800731604786 ], [ 817.242669597802887, 323.508655083553492 ], [ 818.534087008277311, 314.791587586923924 ], [ 834.999658939947039, 317.374422400518483 ], [ 836.291076348364413, 319.634402862164279 ] ] ] } },
{ "type": "Feature", "properties": { "feature_type": "building", "subtype": "major-damage", "uid": "df789711-d448-4678-a737-35bb8aa11c9e" }, "geometry": { "type": "Polygon", "coordinates": [ [ [ 790.373322670797847, 311.640622615521124 ], [ 775.522022495379701, 356.194523146535687 ], [ 763.253557131747016, 351.997416573197825 ], [ 760.6707223205226, 346.83174694600882 ], [ 763.253557129565252, 341.343222968865916 ], [ 748.402256957014629, 334.563281585923107 ], [ 762.284994076150952, 300.98642901218642 ], [ 775.199168141561131, 305.183535581534727 ], [ 776.813439900181606, 304.537826877637372 ], [ 789.727613966277431, 308.734933452969983 ], [ 790.373322670797847, 311.640622615521124 ] ] ] } },
{ "type": "Feature", "properties": { "feature_type": "building", "subtype": "major-damage", "uid": "3a39523d-0596-4c5e-b4c0-a3fb4fa2654c" }, "geometry": { "type": "Polygon", "coordinates": [ [ [ 751.058878461052359, 294.79706497947501 ], [ 740.081830504091613, 309.325510805196075 ], [ 728.781928196865465, 301.577006362417819 ], [ 714.899191075360477, 317.719723946884812 ], [ 700.370745248898743, 302.222715067312379 ], [ 726.844802087543371, 272.520114714965018 ], [ 751.058878463857468, 292.859938868780375 ], [ 751.058878461052359, 294.79706497947501 ] ] ] } },
{ "type": "Feature", "properties": { "feature_type": "building", "subtype": "major-damage", "uid": "d77f7fcc-f9b9-4a03-b765-bd03aa6210ed" }, "geometry": { "type": "Polygon", "coordinates": [ [ [ 705.431024405240919, 278.84832470840621 ], [ 686.888636867307923, 294.094287794196077 ], [ 661.753400426319899, 268.13494524064032 ], [ 681.94400018855174, 248.768451590018088 ], [ 688.124796033926827, 245.472027138551312 ], [ 711.19976719318538, 271.843422748291175 ], [ 705.431024405240919, 278.84832470840621 ] ] ] } },
{ "type": "Feature", "properties": { "feature_type": "building", "subtype": "major-damage", "uid": "2323790e-77de-4f95-909b-08a94e5d726c" }, "geometry": { "type": "Polygon", "coordinates": [ [ [ 689.120205488562192, 234.877072792345388 ], [ 655.543352918333539, 266.516799256384786 ], [ 645.857722365862969, 255.216896947158091 ], [ 651.023391992114284, 249.728372970015187 ], [ 638.754926629853117, 235.845635847193989 ], [ 665.87469216840509, 211.631559475979003 ], [ 688.151642434649034, 232.294237979748289 ], [ 689.120205488562192, 234.877072792345388 ] ] ] } },
{ "type": "Feature", "properties": { "feature_type": "building", "subtype": "major-damage", "uid": "82b68476-ebb7-4a72-b31b-1c3bb82ebff8" }, "geometry": { "type": "Polygon", "coordinates": [ [ [ 654.482041078968336, 208.702342823754606 ], [ 633.991889648382767, 229.951388755372506 ], [ 629.944452332250194, 226.915810765996298 ], [ 622.60847218922504, 232.73400190872681 ], [ 615.272492047384389, 224.8920921027551 ], [ 619.825859028454261, 220.844654784251702 ], [ 605.912793240745032, 206.67862416550031 ], [ 635.256713811162513, 179.358422260116697 ], [ 646.387166440532042, 192.25962871172419 ], [ 644.616412612004638, 196.054101199192587 ], [ 654.48204107977881, 207.18455382956509 ], [ 654.482041078968336, 208.702342823754606 ] ] ] } },
{ "type": "Feature", "properties": { "feature_type": "building", "subtype": "minor-damage", "uid": "9a72c06d-2ac0-45e4-aba1-c6a05c2d7d19" }, "geometry": { "type": "Polygon", "coordinates": [ [ [ 628.192587963160918, 174.427964943123413 ], [ 597.330878399427434, 202.760026183618407 ], [ 589.236003756814512, 193.147362549429999 ], [ 591.259722416937848, 189.605854893994092 ], [ 586.453390601092906, 184.79952307739859 ], [ 582.658918112317451, 187.835101068769603 ], [ 576.334797301785102, 178.222437433583906 ], [ 597.33087839730797, 158.491180498150101 ], [ 599.101632225025014, 154.443743178649299 ], [ 602.137210217391839, 152.420024521392406 ], [ 610.738014518396881, 145.589974042553109 ], [ 615.29138150426661, 148.372587199896913 ], [ 619.338818827193791, 155.708567342801103 ], [ 618.579924325611273, 155.708567342801103 ], [ 609.979120020803862, 165.57419581001929 ], [ 612.761733177896872, 167.850879300305991 ], [ 620.097713319986951, 161.779723320556201 ], [ 629.963341791750622, 172.40424628686381 ], [ 628.192587963160918, 174.427964943123413 ] ] ] } },
{ "type": "Feature", "properties": { "feature_type": "building", "subtype": "minor-damage", "uid": "d92d6a50-12bc-4174-a7ff-ac8b69a064d8" }, "geometry": { "type": "Polygon", "coordinates": [ [ [ 590.012259312288052, 149.997407196526098 ], [ 569.995289508997871, 167.431542185795593 ], [ 548.364047944531421, 145.154591924277895 ], [ 563.861056824781599, 130.303291745610693 ], [ 570.318143859200973, 128.689019990854291 ], [ 577.098085245568768, 123.200496011716595 ], [ 586.460861440480585, 131.917563504356593 ], [ 581.940900520495006, 137.083233131545711 ], [ 591.303676718149632, 148.060281086828894 ], [ 590.012259312288052, 149.997407196526098 ] ] ] } },
{ "type": "Feature", "properties": { "feature_type": "building", "subtype": "minor-damage", "uid": "47c43c18-0e6a-45d0-a616-59da8e19ea2a" }, "geometry": { "type": "Polygon", "coordinates": [ [ [ 567.64356498598886, 114.6839154498374 ], [ 540.200945095488237, 141.480826637639012 ], [ 533.09814935848101, 138.575137473093207 ], [ 526.641062323687606, 131.472341735209596 ], [ 531.483877602977373, 126.306672111012702 ], [ 530.838168895589547, 124.046691649366807 ], [ 527.932479729923216, 125.983817757069303 ], [ 520.18397529226047, 115.975332856634594 ], [ 525.349644918075455, 108.549682769794501 ], [ 537.295255931816655, 95.635508704814015 ], [ 546.33517777652537, 90.146984724678944 ], [ 562.477895360672505, 104.0297218435106 ], [ 569.257836747975375, 110.809663230442993 ], [ 567.64356498598886, 114.6839154498374 ] ] ] } },
{ "type": "Feature", "properties": { "feature_type": "building", "subtype": "minor-damage", "uid": "096c504c-e285-424a-b420-b7b329cdfe2e" }, "geometry": { "type": "Polygon", "coordinates": [ [ [ 526.910193790057633, 92.454516128406269 ], [ 510.121767503073272, 108.920088064821996 ], [ 484.939128075152496, 83.737448635766242 ], [ 505.278952229082108, 65.011896240696814 ], [ 529.170174251951721, 89.225972613906563 ], [ 526.910193790057633, 92.454516128406269 ] ] ] } },
{ "type": "Feature", "properties": { "feature_type": "building", "subtype": "minor-damage", "uid": "f5929b80-1cf1-43cb-97dc-2e162b0debcf" }, "geometry": { "type": "Polygon", "coordinates": [ [ [ 506.254271004782083, 56.203800005701439 ], [ 481.071631575801575, 83.323565545451743 ], [ 458.471826961349279, 61.369469630895708 ], [ 486.883009906386292, 33.603995389242847 ], [ 506.899979709676472, 53.298110838163502 ], [ 506.254271004782083, 56.203800005701439 ] ] ] } },
{ "type": "Feature", "properties": { "feature_type": "building", "subtype": "minor-damage", "uid": "41400728-f6e6-40d5-b384-b6e5b00b7924" }, "geometry": { "type": "Polygon", "coordinates": [ [ [ 472.516579805962181, 26.94276746218986 ], [ 455.728153517481815, 42.439776343756982 ], [ 446.365377319016773, 34.368417551024763 ], [ 441.522562044277606, 37.274106716567942 ], [ 435.711183714627907, 31.139874033532919 ], [ 435.388329363427488, 24.03707829664668 ], [ 431.514077146403793, 15.64286515795008 ], [ 449.271066485244205, 2.082982387077546 ], [ 452.499610001051281, 2.082982387077546 ], [ 458.633842683896091, 11.445758582617509 ], [ 458.310988334378806, 14.028593394217269 ], [ 464.122366660412922, 20.162826078249658 ], [ 467.996618881675374, 19.51711737734448 ], [ 472.516579805962181, 26.94276746218986 ] ] ] } },
{ "type": "Feature", "properties": { "feature_type": "building", "subtype": "minor-damage", "uid": "e53b397f-e998-4f8b-9324-7389e97367f0" }, "geometry": { "type": "Polygon", "coordinates": [ [ [ 439.757837910603314, 0.012927343192824 ], [ 440.76483749310961, 2.691139191922701 ], [ 426.092877209677397, 17.869029137806521 ], [ 420.527650897361411, 16.35124014561185 ], [ 410.409057597367905, 10.280084167856749 ], [ 410.15609276209409, 5.22078751823143 ], [ 402.585732563729323, 0.012787705126549 ], [ 439.757837910603314, 0.012927343192824 ] ] ] } },
{ "type": "Feature", "properties": { "feature_type": "building", "subtype": "major-damage", "uid": "e2cd2cec-4b62-4e06-9bfd-f01f7647ab0d" }, "geometry": { "type": "Polygon", "coordinates": [ [ [ 811.418244163226632, 261.961530854268972 ], [ 826.596134111533843, 267.273792334929283 ], [ 817.489400141976034, 289.534697595674515 ], [ 801.046686030515161, 283.463541615924612 ], [ 809.39452550403837, 262.214495687298779 ], [ 811.418244163226632, 261.961530854268972 ] ] ] } },
{ "type": "Feature", "properties": { "feature_type": "building", "subtype": "major-damage", "uid": "ca8dd2f7-87c9-4c31-b4ab-81110168eed2" }, "geometry": { "type": "Polygon", "coordinates": [ [ [ 898.239990461213097, 256.177318150744497 ], [ 894.192553141838971, 269.584454274396023 ], [ 895.204412470030661, 270.596313601528379 ], [ 888.121397160346874, 293.869078191400718 ], [ 877.749839030378098, 291.339429869081414 ], [ 877.496874198595151, 285.521238720366625 ], [ 861.813054583231178, 278.691188243521992 ], [ 857.512652428147021, 274.896715756053709 ], [ 863.330843575986137, 252.888775331330606 ], [ 871.931647880606533, 251.370986336143801 ], [ 877.496874197161446, 255.165458823612113 ], [ 882.303206012881788, 256.936212651828725 ], [ 883.568030176347179, 250.612091837054294 ], [ 897.481095961749929, 254.406564326517412 ], [ 898.239990461213097, 256.177318150744497 ] ] ] } },
{ "type": "Feature", "properties": { "feature_type": "building", "subtype": "major-damage", "uid": "2befa9d8-2332-41dd-af26-a68e7d17a980" }, "geometry": { "type": "Polygon", "coordinates": [ [ [ 821.120063900029209, 250.997531493560388 ], [ 819.855239741363789, 244.673410680780705 ], [ 822.890817729117657, 237.590395371903696 ], [ 821.878958398557302, 235.5666767136494 ], [ 823.143782562583738, 232.278133889248608 ], [ 825.926395717931314, 231.519239392153793 ], [ 827.950114378553394, 228.230696567753 ], [ 831.744586866144459, 227.21883723862581 ], [ 834.527200021492149, 227.21883723862581 ], [ 839.080567006426804, 230.254415229996908 ], [ 844.392828488767577, 232.278133892240703 ], [ 848.187300976109327, 232.2781338912433 ], [ 858.305894275853461, 236.072606376716891 ], [ 859.064788775004899, 237.843360201941408 ], [ 849.199160306856697, 260.610195125753989 ], [ 821.120063900029209, 250.997531493560388 ] ] ] } },
{ "type": "Feature", "properties": { "feature_type": "building", "subtype": "major-damage", "uid": "3ccd0563-bb55-4b51-8fcb-c8c68163d538" }, "geometry": { "type": "Polygon", "coordinates": [ [ [ 816.727012043500167, 233.380099899675713 ], [ 804.584700083507983, 254.882110662328699 ], [ 777.770427838587466, 238.692361383328205 ], [ 778.023392672302862, 234.391959230797596 ], [ 792.189423294350831, 208.842511152633307 ], [ 811.414750561097094, 218.708139616859313 ], [ 809.896961566347386, 224.273365933541697 ], [ 818.497765872089872, 229.838592247231901 ], [ 816.727012043500167, 233.380099899675713 ] ] ] } },
{ "type": "Feature", "properties": { "feature_type": "building", "subtype": "major-damage", "uid": "314f226b-cc2a-4657-a619-680caa999db4" }, "geometry": { "type": "Polygon", "coordinates": [ [ [ 777.479470324021122, 219.770698559152095 ], [ 760.04533533401252, 243.33906623345149 ], [ 733.894132849809807, 222.030679025784906 ], [ 759.399626634603692, 186.516700345343196 ], [ 772.959509401168134, 195.233767837983208 ], [ 765.856713665345183, 207.502233203055908 ], [ 778.125179027481749, 216.865009396601096 ], [ 777.479470324021122, 219.770698559152095 ] ] ] } },
{ "type": "Feature", "properties": { "feature_type": "building", "subtype": "major-damage", "uid": "7c91bb5d-e478-41ac-b63b-a34eafe6fe4a" }, "geometry": { "type": "Polygon", "coordinates": [ [ [ 750.401907524533158, 187.648928612170295 ], [ 733.290626886036648, 207.343044063085699 ], [ 730.384937724235101, 207.665898417029098 ], [ 720.699307170954171, 218.64294637530449 ], [ 704.879443941747695, 206.051626659280601 ], [ 704.879443938817872, 203.468791845686098 ], [ 697.776648202184674, 196.043141759843309 ], [ 701.97375477439823, 191.200326482608205 ], [ 700.036628664390378, 188.294637318062399 ], [ 724.89641374347957, 158.592036965714897 ], [ 729.416374666955903, 161.174871778312109 ], [ 729.739229017533034, 164.40341529580391 ], [ 750.724761876481693, 185.711802502473091 ], [ 750.401907524533158, 187.648928612170295 ] ] ] } },
{ "type": "Feature", "properties": { "feature_type": "building", "subtype": "minor-damage", "uid": "2ba293e3-eaa5-46ef-9b5c-9d6129e02081" }, "geometry": { "type": "Polygon", "coordinates": [ [ [ 705.940592311295404, 138.124803360898198 ], [ 705.617737956479459, 142.321909929249102 ], [ 710.460553231966742, 147.487579556438106 ], [ 714.980514153884769, 144.259036038946306 ], [ 718.854766374274504, 149.747560021076112 ], [ 714.334805452481191, 155.236083995226892 ], [ 714.334805450299427, 160.40175362241601 ], [ 701.420631384265903, 171.055947227745293 ], [ 694.640690002199221, 164.921714547702408 ], [ 688.829311671676805, 168.795966766099497 ], [ 671.718031029938857, 152.653249186619291 ], [ 671.401786209304078, 151.226420806808392 ], [ 672.215458724541236, 148.35029504906359 ], [ 694.209995429607943, 127.2300023672816 ], [ 705.940592311295404, 138.124803360898198 ] ] ] } },
{ "type": "Feature", "properties": { "feature_type": "building", "subtype": "minor-damage", "uid": "05de4e7f-5300-4c06-97a4-8d6d920c3dd8" }, "geometry": { "type": "Polygon", "coordinates": [ [ [ 663.646672241449551, 113.587872634742396 ], [ 665.583798351956148, 113.910726983698893 ], [ 674.623720195916917, 121.659231424482499 ], [ 682.049370285620626, 114.556435688593595 ], [ 692.380709538310384, 125.5334836418821 ], [ 693.839995431250372, 126.890002365788504 ], [ 671.786079910342778, 148.069433487621097 ], [ 669.859995429896458, 153.300002367892688 ], [ 664.292380943601188, 154.245061169009688 ], [ 658.803856964029933, 148.456142611286708 ], [ 652.346769929485959, 152.007540480727187 ], [ 646.535391600708977, 144.904744745835814 ], [ 652.023915582461996, 140.061929469597999 ], [ 639.432595863327606, 127.470609756566205 ], [ 659.126711319531637, 109.713620413353198 ], [ 663.646672241449551, 113.587872634742396 ] ] ] } },
{ "type": "Feature", "properties": { "feature_type": "building", "subtype": "minor-damage", "uid": "9ede53f5-54ef-4d83-aedf-19161e2f7c73" }, "geometry": { "type": "Polygon", "coordinates": [ [ [ 656.942251461169462, 105.011359368938301 ], [ 635.69320552925069, 123.477792139222899 ], [ 630.886873715275783, 119.683319652752004 ], [ 613.685265104725772, 101.216886882467307 ], [ 621.274210076978079, 90.592363918154405 ], [ 640.246572514808804, 74.149649807121463 ], [ 651.124060309777178, 84.268243104377348 ], [ 649.100341652084921, 86.0389969315966 ], [ 661.495618442987393, 98.940203386196274 ], [ 656.942251461169462, 105.011359368938301 ] ] ] } },
{ "type": "Feature", "properties": { "feature_type": "building", "subtype": "minor-damage", "uid": "b9ceeb4d-55a1-41f8-98f9-f5c04d891a5e" }, "geometry": { "type": "Polygon", "coordinates": [ [ [ 633.813519910762693, 73.658527803249143 ], [ 609.276589188858225, 97.549749828499756 ], [ 605.40233696684777, 93.352643254164562 ], [ 599.913812987214101, 96.904041120612916 ], [ 595.070997710168513, 94.644060661959202 ], [ 585.0625128082429, 82.375595298881308 ], [ 589.905328084041798, 77.532780023640925 ], [ 585.38536716486658, 70.752838641695476 ], [ 596.362415118398872, 58.807227625579351 ], [ 611.213715293629889, 43.310218749996508 ], [ 621.867908903130342, 54.287266702287631 ], [ 619.93078279119004, 58.807227625579351 ], [ 632.522102507145178, 71.075692989654627 ], [ 633.813519910762693, 73.658527803249143 ] ] ] } },
{ "type": "Feature", "properties": { "feature_type": "building", "subtype": "minor-damage", "uid": "1b9ff906-dcfa-4a29-81d4-c1218ab84233" }, "geometry": { "type": "Polygon", "coordinates": [ [ [ 610.080746249068511, 38.833522267633391 ], [ 602.152563629922042, 47.158114015837079 ], [ 584.115948175884682, 63.212683817511497 ], [ 570.638037725311733, 49.734773369986129 ], [ 570.241628593017367, 44.779659230920991 ], [ 574.403924467491038, 41.211977052549479 ], [ 568.655992070509569, 32.689180741097097 ], [ 572.818287946915689, 27.337657475534598 ], [ 580.94467513043287, 20.400497681042879 ], [ 591.845926230224222, 28.13047573251886 ], [ 597.197449493352906, 25.752020948600151 ], [ 602.35076819709775, 30.112521387945439 ], [ 605.52204124385878, 30.310725953188879 ], [ 610.675359946481649, 37.049681180442391 ], [ 610.080746249068511, 38.833522267633391 ] ] ] } },
{ "type": "Feature", "properties": { "feature_type": "building", "subtype": "minor-damage", "uid": "a9909053-9557-423e-849e-3a036b0d7da3" }, "geometry": { "type": "Polygon", "coordinates": [ [ [ 572.199075855895444, 0.012953146388514 ], [ 581.661730442197722, 11.6270894177805 ], [ 562.249422522339501, 28.244024994611401 ], [ 543.613606923793782, 8.055224763902887 ], [ 542.526517676412368, 2.930375470142358 ], [ 550.102389907541124, 0.013000040163466 ], [ 572.199075855895444, 0.012953146388514 ] ] ] } },
{ "type": "Feature", "properties": { "feature_type": "building", "subtype": "minor-damage", "uid": "f4a2df48-e7b7-450e-80ab-bee7a86618ba" }, "geometry": { "type": "Polygon", "coordinates": [ [ [ 533.470016450523303, 0.013021810955299 ], [ 515.313491259621856, 17.660441328118491 ], [ 500.715435706143523, 2.13059499312162 ], [ 503.648062037836212, 0.013031755822689 ], [ 533.470016450523303, 0.013021810955299 ] ] ] } },
{ "type": "Feature", "properties": { "feature_type": "building", "subtype": "major-damage", "uid": "98c1b4ab-e5cc-40c9-9ea4-4a4b72d376de" }, "geometry": { "type": "Polygon", "coordinates": [ [ [ 1021.966404268522979, 189.187361219136392 ], [ 1018.795131223507042, 204.845521889326591 ], [ 1017.605903828306964, 206.232953849022806 ], [ 1006.70465272920103, 203.854499064106705 ], [ 1005.119016204449053, 207.422181240483496 ], [ 989.659060099261296, 202.863476232902599 ], [ 987.677014444895349, 198.304771228313911 ], [ 988.866241838911264, 185.421474475521507 ], [ 991.442901189256418, 176.502269029592696 ], [ 1012.05617599476102, 181.060974037173594 ], [ 1011.461562298033982, 184.628656212553011 ], [ 1021.966404266902032, 187.205315565704609 ], [ 1021.966404268522979, 189.187361219136392 ] ] ] } },
{ "type": "Feature", "properties": { "feature_type": "building", "subtype": "major-damage", "uid": "a7fc50fc-3a8a-4119-b29c-c7ce7d02a48b" }, "geometry": { "type": "Polygon", "coordinates": [ [ [ 954.053786930234196, 167.071226582595187 ], [ 977.073586686753288, 172.636452898280197 ], [ 981.121024004631181, 181.490222033379098 ], [ 975.302832857602425, 204.51002179121889 ], [ 965.18423955692333, 202.486303128975095 ], [ 963.919415397198009, 199.450725140596205 ], [ 949.247455110275041, 195.403287821095404 ], [ 946.717806784715663, 190.34399117446219 ], [ 951.777103434276, 168.083085911722407 ], [ 954.053786930234196, 167.071226582595187 ] ] ] } },
{ "type": "Feature", "properties": { "feature_type": "building", "subtype": "major-damage", "uid": "68ce5f8c-4981-4ad1-8943-6f7bfd969bbb" }, "geometry": { "type": "Polygon", "coordinates": [ [ [ 945.733198723297619, 169.025055724922794 ], [ 941.938726236142884, 187.238523665169794 ], [ 938.903148248388902, 185.72073466599349 ], [ 936.879429587205891, 191.032996151640702 ], [ 926.760836289269491, 189.5152071574513 ], [ 922.460434138922778, 190.527066485581088 ], [ 911.32998150587548, 187.238523664172391 ], [ 907.53550901722474, 178.131789696043711 ], [ 914.365559495561797, 157.894603097542387 ], [ 919.677820979959733, 156.88274376841531 ], [ 945.733198723359919, 164.9776184034273 ], [ 945.733198723297619, 169.025055724922794 ] ] ] } },
{ "type": "Feature", "properties": { "feature_type": "building", "subtype": "major-damage", "uid": "570ab828-5b77-4463-b878-f19fbb44fb5b" }, "geometry": { "type": "Polygon", "coordinates": [ [ [ 897.114160481796148, 145.767009255531008 ], [ 911.78612076809577, 151.079270737188807 ], [ 897.367125314451869, 187.759171446723002 ], [ 884.971848520432559, 183.205804462159904 ], [ 886.995567180119565, 176.628718816350414 ], [ 877.635868379339854, 170.304598005565509 ], [ 885.983707850930614, 148.549622411877408 ], [ 893.572652827795764, 150.067411408061588 ], [ 895.090441820301407, 145.767009255531008 ], [ 897.114160481796148, 145.767009255531008 ] ] ] } },
{ "type": "Feature", "properties": { "feature_type": "building", "subtype": "major-damage", "uid": "d95bf8e9-c4c3-4943-9bb6-36b89beebfb3" }, "geometry": { "type": "Polygon", "coordinates": [ [ [ 881.561472173456764, 139.849410658592888 ], [ 870.584424216122102, 167.614884901243187 ], [ 853.795997928389625, 160.834943515308197 ], [ 849.276037005910553, 164.063487032800111 ], [ 840.236115159020073, 157.929254352757198 ], [ 853.150289226923746, 134.038032329501306 ], [ 856.701687094928729, 135.329449734303807 ], [ 859.284521907337535, 131.1323431649555 ], [ 865.418754588748698, 132.746614920709305 ], [ 881.561472173456764, 139.849410658592888 ] ] ] } },
{ "type": "Feature", "properties": { "feature_type": "building", "subtype": "major-damage", "uid": "6379c1b9-f5e8-4c1e-97f7-0c46b7fae0e7" }, "geometry": { "type": "Polygon", "coordinates": [ [ [ 848.965977101807994, 122.519259222692995 ], [ 828.981755331671479, 153.886898450569504 ], [ 818.357232368112022, 146.297953478624891 ], [ 818.863162036602603, 144.78016448044599 ], [ 809.250498397619253, 137.191219504511906 ], [ 817.092408207451854, 123.784083387842102 ], [ 823.416529018482834, 115.436243913816 ], [ 829.993614662044934, 117.965892239127299 ], [ 833.788087149448984, 112.6536307574696 ], [ 848.965977101807994, 122.519259222692995 ] ] ] } },
{ "type": "Feature", "properties": { "feature_type": "building", "subtype": "major-damage", "uid": "ff196915-529c-47a0-83a1-e88fad716f2a" }, "geometry": { "type": "Polygon", "coordinates": [ [ [ 801.910789649056824, 91.468251789082061 ], [ 821.604905098964764, 108.902386775359503 ], [ 795.453702614699864, 139.250695833598996 ], [ 774.468169755688791, 117.296599919043004 ], [ 787.3823438213484, 104.705280206011196 ], [ 787.38234382303142, 101.153882339562799 ], [ 795.130848263374673, 94.051086602676591 ], [ 798.03653742679694, 94.051086602676591 ], [ 801.910789649056824, 91.468251789082061 ] ] ] } },
{ "type": "Feature", "properties": { "feature_type": "building", "subtype": "major-damage", "uid": "2c335880-7ed0-48de-8078-22e7e6985248" }, "geometry": { "type": "Polygon", "coordinates": [ [ [ 790.175933176752324, 89.67269458490037 ], [ 787.593098364031789, 94.192655511184213 ], [ 775.324632999339428, 105.169703465470107 ], [ 766.284711154506113, 98.066907731575995 ], [ 759.827624120398355, 101.295451245078297 ], [ 743.899995430785452, 82.120002366834825 ], [ 762.164267190236501, 67.044274123685994 ], [ 767.253274211847611, 65.135763860739331 ], [ 790.175933176752324, 89.67269458490037 ] ] ] } },
{ "type": "Feature", "properties": { "feature_type": "building", "subtype": "major-damage", "uid": "c63a3c6c-cd5d-40f9-af99-1db0d50e0d00" }, "geometry": { "type": "Polygon", "coordinates": [ [ [ 758.859061065799665, 54.80442460935339 ], [ 755.307663195737632, 59.00153117870169 ], [ 759.827624121271128, 65.458618210693231 ], [ 743.579995432064493, 81.73000236676485 ], [ 742.393489132322088, 80.30991839035778 ], [ 734.322130338097963, 72.238559598622942 ], [ 730.125023767255811, 74.821394413214847 ], [ 717.210849702094947, 57.710113771904432 ], [ 729.802169415805906, 45.76450275977782 ], [ 732.385004231518565, 40.275978785627018 ], [ 740.456363020194772, 33.496037401686813 ], [ 758.859061065799665, 54.80442460935339 ] ] ] } },
{ "type": "Feature", "properties": { "feature_type": "building", "subtype": "major-damage", "uid": "014b9460-432c-48ce-912b-d6d4edb76412" }, "geometry": { "type": "Polygon", "coordinates": [ [ [ 711.350202644772367, 10.245164724373311 ], [ 732.981444206620608, 33.813532395680497 ], [ 716.193017920134935, 50.601958679057987 ], [ 710.704493942558429, 44.790580351961147 ], [ 704.893115615277566, 41.239182487507541 ], [ 693.593213307054043, 29.939280175288729 ], [ 694.238922008083591, 25.096464901045731 ], [ 711.350202644772367, 10.245164724373311 ] ] ] } },
{ "type": "Feature", "properties": { "feature_type": "building", "subtype": "major-damage", "uid": "bc3daf6a-e40f-465b-a879-57d6200c8c27" }, "geometry": { "type": "Polygon", "coordinates": [ [ [ 702.965663462480279, 0.012255876638082 ], [ 707.475950427000726, 5.725203802078974 ], [ 684.553291456236366, 27.033591010742931 ], [ 674.221952204357081, 15.73368870650315 ], [ 675.513369609408187, 8.953747317576054 ], [ 665.51888687723897, 0.012528927130051 ], [ 702.965663462480279, 0.012255876638082 ] ] ] } },
{ "type": "Feature", "properties": { "feature_type": "building", "subtype": "major-damage", "uid": "07335c0d-f07d-4e33-a3eb-37ff8af68432" }, "geometry": { "type": "Polygon", "coordinates": [ [ [ 1022.430497814884006, 114.815137483330702 ], [ 1016.912809797384057, 139.827061600298208 ], [ 1004.011603340796, 134.514800120635186 ], [ 1007.806075831878047, 120.095804671846096 ], [ 1005.782357172128968, 119.589875002794301 ], [ 1011.094618650293, 97.076004910016721 ], [ 1015.142055970601973, 98.340829078157981 ], [ 1016.153915300351969, 101.629371896574497 ], [ 1019.442458123441952, 105.423844386037601 ], [ 1022.430515535569043, 105.921398358314406 ], [ 1022.430497814884006, 114.815137483330702 ] ] ] } },
{ "type": "Feature", "properties": { "feature_type": "building", "subtype": "major-damage", "uid": "800b277c-caf4-4642-ad42-5a2a72ef81c4" }, "geometry": { "type": "Polygon", "coordinates": [ [ [ 1005.529392337104014, 103.906055388856004 ], [ 1001.987884682043955, 118.072086007607496 ], [ 984.280346406805961, 114.024648689104097 ], [ 984.027381576082803, 111.495000361798006 ], [ 988.833713394234223, 92.77560276047825 ], [ 994.651904537834412, 91.25781376628882 ], [ 998.952306694539402, 96.064145581886933 ], [ 998.699341858891557, 100.617512566450003 ], [ 1005.529392337104014, 103.906055388856004 ] ] ] } },
{ "type": "Feature", "properties": { "feature_type": "building", "subtype": "major-damage", "uid": "fe5af9ad-8f25-4b82-8b8d-b3f3d12bfddf" }, "geometry": { "type": "Polygon", "coordinates": [ [ [ 975.853690646664859, 130.246801093838286 ], [ 963.458413853019579, 126.958258270434897 ], [ 962.69951935629922, 123.922680279063897 ], [ 958.905046870328874, 116.080770475086894 ], [ 968.264745670111324, 88.760568568705949 ], [ 976.86554997672647, 91.796146554092672 ], [ 976.359620309295678, 96.602478374677688 ], [ 985.466354279352231, 99.638056363056549 ], [ 975.853690646664859, 130.246801093838286 ] ] ] } },
{ "type": "Feature", "properties": { "feature_type": "building", "subtype": "major-damage", "uid": "c7c9c18f-001c-4fdc-aee4-ba0f3715344c" }, "geometry": { "type": "Polygon", "coordinates": [ [ [ 965.509383781973611, 90.78186785047329 ], [ 956.402649813974222, 117.090210431716599 ], [ 952.861142158851749, 122.908401580431402 ], [ 946.53702134626235, 120.884682921179703 ], [ 944.007373019767897, 116.331315934621898 ], [ 939.454006039072056, 113.548702778275398 ], [ 939.201041203486511, 111.019054453961502 ], [ 942.995513689768586, 100.647496320683601 ], [ 941.983654360517221, 92.299656850646997 ], [ 949.066669671572413, 80.157344891147275 ], [ 965.509383782846271, 87.746289866083956 ], [ 965.509383781973611, 90.78186785047329 ] ] ] } },
{ "type": "Feature", "properties": { "feature_type": "building", "subtype": "major-damage", "uid": "a63749ae-6cef-46a3-bbf9-9b23e649f09a" }, "geometry": { "type": "Polygon", "coordinates": [ [ [ 928.226604553791958, 77.903909122693449 ], [ 933.379923255853782, 79.291341080394943 ], [ 935.560173475151259, 78.300318252182961 ], [ 944.281174355395819, 82.660818692525638 ], [ 940.317083047412211, 90.787205877480631 ], [ 941.704515003990878, 98.913593058446111 ], [ 932.388900427954013, 124.283777437533601 ], [ 927.03737716158389, 123.490959173567703 ], [ 913.361262144209149, 117.941231341764293 ], [ 926.839172595343143, 79.885954778120038 ], [ 928.226604553791958, 77.903909122693449 ] ] ] } },
{ "type": "Feature", "properties": { "feature_type": "building", "subtype": "major-damage", "uid": "aabcf81a-4d18-4223-905e-e6866fc3fdea" }, "geometry": { "type": "Polygon", "coordinates": [ [ [ 924.966978554061598, 76.983375099626812 ], [ 920.745450634694748, 88.581378048333889 ], [ 914.402904537370318, 103.644925020798993 ], [ 902.510630609679197, 97.302378927024463 ], [ 907.26754018175302, 86.995741522396827 ], [ 902.907039741474932, 83.0316502095489 ], [ 902.441144352028687, 77.252955176972662 ], [ 908.963679811070847, 63.431391941558267 ], [ 918.281587612400813, 67.935047378567731 ], [ 917.039199908187356, 72.438702812585049 ], [ 921.232258415323145, 74.612881305229521 ], [ 924.966978554061598, 76.983375099626812 ] ] ] } },
{ "type": "Feature", "properties": { "feature_type": "building", "subtype": "major-damage", "uid": "c96f8380-965b-4edb-b70c-b9bca36823c7" }, "geometry": { "type": "Polygon", "coordinates": [ [ [ 893.343126000081952, 54.568178195521959 ], [ 907.613854713934643, 61.901747120500573 ], [ 900.676694921565968, 75.776066700507585 ], [ 900.082081224651461, 82.118612793284697 ], [ 896.856047910291181, 88.570679421634566 ], [ 879.479995438093738, 79.980002359724963 ], [ 881.874593635430188, 74.888449387603927 ], [ 884.505628342511272, 64.673844039873316 ], [ 890.109359176189969, 58.291817261410287 ], [ 890.529995439177128, 54.350002362747567 ], [ 891.368493853569134, 54.159239357954533 ], [ 893.343126000081952, 54.568178195521959 ] ] ] } },
{ "type": "Feature", "properties": { "feature_type": "building", "subtype": "major-damage", "uid": "2d8e782a-25ed-44c2-b90c-29830176bbea" }, "geometry": { "type": "Polygon", "coordinates": [ [ [ 889.970807682549889, 54.469836282340552 ], [ 890.009995439852901, 54.460002359417139 ], [ 889.628949599814746, 58.081146337622293 ], [ 884.051191068518847, 64.433593554734401 ], [ 881.402078027441007, 74.718385370077357 ], [ 878.849995437549524, 80.16000236198218 ], [ 875.449954840883493, 83.020951590828602 ], [ 859.197180475407663, 73.705337015410322 ], [ 856.759995436643976, 71.950002362478372 ], [ 864.01470168533865, 61.546833382556578 ], [ 865.102739748470867, 55.795775049683108 ], [ 872.729995440784592, 43.890002357469577 ], [ 889.970807682549889, 54.469836282340552 ] ] ] } },
{ "type": "Feature", "properties": { "feature_type": "building", "subtype": "major-damage", "uid": "8cb20d62-0ff9-4f1c-95c3-8d051a491441" }, "geometry": { "type": "Polygon", "coordinates": [ [ [ 870.869096691565801, 38.474094564255481 ], [ 869.471410522167275, 41.890660756438777 ], [ 872.299995441840906, 43.630002360082607 ], [ 864.629463829138786, 55.607637727257057 ], [ 863.543323402370333, 61.348665683438227 ], [ 856.359995437557018, 71.650002360046187 ], [ 855.629498297411942, 71.128677665250791 ], [ 839.574928495995096, 60.822040261620522 ], [ 838.289995436090408, 61.33000236195398 ], [ 847.218387823355442, 45.275274096682047 ], [ 853.799995435944993, 36.070002361027882 ], [ 860.18924969309569, 39.067663352739302 ], [ 863.880665842142207, 33.659842198870493 ], [ 870.869096691565801, 38.474094564255481 ] ] ] } },
{ "type": "Feature", "properties": { "feature_type": "building", "subtype": "major-damage", "uid": "bbe62f47-5853-4ecb-b24c-cd086b8222ad" }, "geometry": { "type": "Polygon", "coordinates": [ [ [ 842.640523331645795, 22.60602623560797 ], [ 850.871341892264354, 29.594457085658391 ], [ 852.579624985986356, 35.495798693874796 ], [ 852.577277160730773, 36.040681930745691 ], [ 846.795169184702218, 45.007547665420397 ], [ 837.549995436071526, 61.610002360367488 ], [ 835.01622348941396, 62.605881350806278 ], [ 827.286245436196509, 57.452562648492453 ], [ 828.673677395642699, 53.686675907869628 ], [ 820.149995435456844, 46.940002362415491 ], [ 827.898417364930424, 34.344651952042739 ], [ 832.695844213041369, 25.523576777436951 ], [ 838.939995437411881, 19.810002363250941 ], [ 842.640523331645795, 22.60602623560797 ] ] ] } },
{ "type": "Feature", "properties": { "feature_type": "building", "subtype": "major-damage", "uid": "d338626a-5033-4dc1-a5e6-334fda1fe7ba" }, "geometry": { "type": "Polygon", "coordinates": [ [ [ 831.303735509091211, 9.250358391260805 ], [ 831.148437045589162, 13.754013828270271 ], [ 835.030898627653414, 16.85998309307541 ], [ 838.539995439135282, 19.510002364808269 ], [ 832.296649590315383, 25.211055396040031 ], [ 827.46557171264817, 34.094005042093933 ], [ 819.74999543730496, 46.630002363459553 ], [ 819.159858252430013, 46.154902418644973 ], [ 802.77258203231861, 34.752912814159167 ], [ 803.763604860156079, 32.374458030240447 ], [ 803.12999543489741, 31.880002362398759 ], [ 811.536077246825926, 21.050209841862131 ], [ 819.455178972339922, 11.7452653112492 ], [ 825.469995434671205, 5.570002361437725 ], [ 831.303735509091211, 9.250358391260805 ] ] ] } },
{ "type": "Feature", "properties": { "feature_type": "building", "subtype": "major-damage", "uid": "e1219e26-d7b4-4519-97b2-60d462b4d343" }, "geometry": { "type": "Polygon", "coordinates": [ [ [ 814.997396856904061, 3.193718321350087 ], [ 821.985827706826171, 7.697373755367409 ], [ 819.08526190973555, 11.408454153277169 ], [ 811.147998404686177, 20.734738775495579 ], [ 802.739995438630103, 31.570002364440199 ], [ 798.213877030101003, 28.013957588900411 ], [ 795.637217675828651, 30.194207809570429 ], [ 787.114421364068903, 24.248070847280211 ], [ 787.114421361700124, 21.67141149512592 ], [ 783.439995433625313, 17.850002362387819 ], [ 794.298547441330925, 7.171812924073505 ], [ 798.352155028979041, 0.011294279473625 ], [ 812.211757898605697, 0.011122765170085 ], [ 814.997396856904061, 3.193718321350087 ] ] ] } },
{ "type": "Feature", "properties": { "feature_type": "building", "subtype": "major-damage", "uid": "03f901d2-a46e-433c-9008-3f5dd8ac04fd" }, "geometry": { "type": "Polygon", "coordinates": [ [ [ 793.897933818131378, 6.864496526288507 ], [ 783.089995436855247, 17.48000236334439 ], [ 782.357511793428785, 16.716297358055549 ], [ 771.358528656978933, 7.852672219056487 ], [ 772.911513289879395, 3.970210636803338 ], [ 771.61999543416232, 2.570002365042441 ], [ 773.711190545763884, 0.011579293528359 ], [ 797.771547361366629, 0.01130128905421 ], [ 793.897933818131378, 6.864496526288507 ] ] ] } },
{ "type": "Feature", "properties": { "feature_type": "building", "subtype": "major-damage", "uid": "75ab93c2-2810-43ce-b468-192a4428ad87" }, "geometry": { "type": "Polygon", "coordinates": [ [ [ 1022.430663541023023, 37.998319766783993 ], [ 1020.125743226323948, 36.26962936346407 ], [ 1015.282927953267972, 35.301066305623337 ], [ 1011.739975906456039, 32.560041435718027 ], [ 1008.43524936610504, 27.905951925624191 ], [ 1014.227023589603959, 12.13945542674948 ], [ 1018.414394967459998, 0.007618129471419 ], [ 1022.430756085527037, 0.007532135442104 ], [ 1022.430663541023023, 37.998319766783993 ] ] ] } },
{ "type": "Feature", "properties": { "feature_type": "building", "subtype": "major-damage", "uid": "92bbde5d-2bcd-42b0-8cd9-35ffd0eeac0e" }, "geometry": { "type": "Polygon", "coordinates": [ [ [ 1013.755997497603971, 11.97165055076702 ], [ 1007.925015062737998, 27.84488051393696 ], [ 1003.337316938466984, 28.521124922680521 ], [ 989.454579817772128, 23.678309649434901 ], [ 987.746836334526961, 23.678309650432279 ], [ 995.374227523477089, 0.008098335610439 ], [ 1017.883366294528969, 0.007629447729882 ], [ 1013.755997497603971, 11.97165055076702 ] ] ] } },
{ "type": "Feature", "properties": { "feature_type": "building", "subtype": "major-damage", "uid": "3249f5a5-9b9d-4726-a340-2940ac3b23ad" }, "geometry": { "type": "Polygon", "coordinates": [ [ [ 987.22094497365697, 23.678309650432279 ], [ 985.580327599564043, 23.678309649434901 ], [ 979.768949265987203, 28.84397927662393 ], [ 975.894697050148011, 28.843979279616072 ], [ 965.563357792533679, 24.64687270528087 ], [ 964.594794737249231, 19.158348728137931 ], [ 970.403567052287485, 0.008593606163966 ], [ 994.848332710241493, 0.008109037488594 ], [ 987.22094497365697, 23.678309650432279 ] ] ] } },
{ "type": "Feature", "properties": { "feature_type": "building", "subtype": "major-damage", "uid": "542dbbe6-2b85-41a8-92f2-0fc46a62280c" }, "geometry": { "type": "Polygon", "coordinates": [ [ [ 961.366251221940843, 18.189785673289339 ], [ 954.586309837380782, 14.9612421557975 ], [ 950.066348911722571, 16.575513912548661 ], [ 943.609261879110932, 11.0869899364031 ], [ 942.209995442320292, 10.400002361000031 ], [ 947.880980662632851, 0.00901785933332 ], [ 968.142974132029963, 0.00863715173715 ], [ 961.366251221940843, 18.189785673289339 ] ] ] } },
{ "type": "Feature", "properties": { "feature_type": "building", "subtype": "major-damage", "uid": "53d2e880-ce27-48cd-95a5-0881cc45fb79" }, "geometry": { "type": "Polygon", "coordinates": [ [ [ 941.759995442350032, 10.18000236267401 ], [ 928.435107353863827, 3.661339849562959 ], [ 927.46902608188941, 0.009383954327734 ], [ 947.312026186987282, 0.0090283018929 ], [ 941.759995442350032, 10.18000236267401 ] ] ] } },
{ "type": "Feature", "properties": { "feature_type": "building", "subtype": "major-damage", "uid": "13f5fd19-2862-4edb-8165-b90c561fcf9c" }, "geometry": { "type": "Polygon", "coordinates": [ [ [ 714.767366177044323, 720.144821337536655 ], [ 691.521852859193814, 707.553501621512737 ], [ 691.844707209272201, 704.002103756061729 ], [ 695.073250726949368, 698.190725424975426 ], [ 696.364668134992712, 692.056492745929972 ], [ 705.404589980574201, 674.94521210761161 ], [ 726.067268487200295, 684.953697009043708 ], [ 727.358685892750145, 688.182240524540816 ], [ 731.23293811220492, 692.056492744932598 ], [ 726.712977190224592, 700.773560238569985 ], [ 723.807288023997216, 700.127851535669947 ], [ 722.515870617824021, 703.35639505216443 ], [ 724.452996726896799, 705.293521159866941 ], [ 714.767366177044323, 720.144821337536655 ] ] ] } },
{ "type": "Feature", "properties": { "feature_type": "building", "subtype": "major-damage", "uid": "8d4f1e8e-3c5d-4445-a7a7-24bdcf9a95dc" }, "geometry": { "type": "Polygon", "coordinates": [ [ [ 746.825961547722841, 651.150004636257449 ], [ 779.661090863150207, 668.165270719681985 ], [ 772.558295127327369, 683.985133952200272 ], [ 766.424062443796743, 686.245114412848807 ], [ 759.966975410499458, 697.545016721078127 ], [ 724.775851080029724, 676.236629512414197 ], [ 727.35868589293716, 666.873853313882023 ], [ 732.847209872882445, 661.708183685695644 ], [ 740.272859960217488, 662.999601093490242 ], [ 746.825961547722841, 651.150004636257449 ] ] ] } },
{ "type": "Feature", "properties": { "feature_type": "building", "subtype": "minor-damage", "uid": "cb7c26c4-1544-4a5c-b5d5-6ef08546248c" }, "geometry": { "type": "Polygon", "coordinates": [ [ [ 751.224443098318716, 606.668615496540269 ], [ 760.331177068624584, 604.391932006253569 ], [ 776.014996686045606, 605.150826502350924 ], [ 776.7738911805219, 629.182485588320446 ], [ 773.7383131912718, 634.747711903008053 ], [ 773.738313194326338, 641.324797547820253 ], [ 760.837106734621671, 642.589621711971972 ], [ 759.825247403188541, 641.324797548817628 ], [ 751.477407931660196, 640.818867879765776 ], [ 751.224443098318716, 606.668615496540269 ] ] ] } },
{ "type": "Feature", "properties": { "feature_type": "building", "subtype": "minor-damage", "uid": "5fd7af3f-19eb-4123-99ea-2903671df301" }, "geometry": { "type": "Polygon", "coordinates": [ [ [ 770.6920203242762, 560.216234723206981 ], [ 783.283340038735219, 569.901865268700817 ], [ 774.730139831829092, 583.049639711629652 ], [ 760.683535425280297, 573.130408787190049 ], [ 768.109185511056921, 561.507652130004203 ], [ 770.6920203242762, 560.216234723206981 ] ] ] } },
{ "type": "Feature", "properties": { "feature_type": "building", "subtype": "minor-damage", "uid": "60cbb455-ef77-4160-86a4-8a6056b39408" }, "geometry": { "type": "Polygon", "coordinates": [ [ [ 755.620265377810483, 576.813598431985497 ], [ 741.96016442462701, 597.050785031484224 ], [ 734.371219451501929, 591.232593883766754 ], [ 731.082676627601472, 591.991488382856232 ], [ 724.505590982418767, 587.691086229328221 ], [ 724.758555813515954, 586.426262067171251 ], [ 720.964083326361333, 582.631789579702968 ], [ 718.181470169455224, 583.643648908830073 ], [ 711.098454857963702, 577.319528101037349 ], [ 738.418656766824142, 542.410381217724989 ], [ 753.09061705169006, 554.046763511165068 ], [ 746.766496240409651, 566.442040298707639 ], [ 756.632124707809794, 573.525055610576828 ], [ 755.620265377810483, 576.813598431985497 ] ] ] } },
{ "type": "Feature", "properties": { "feature_type": "building", "subtype": "minor-damage", "uid": "53b56c5f-b140-4b51-8fa8-22baaf9880c1" }, "geometry": { "type": "Polygon", "coordinates": [ [ [ 680.622574227876271, 531.78720350742276 ], [ 696.152420559873008, 533.961381992088263 ], [ 696.463017489432787, 536.290858940442718 ], [ 700.034882142498191, 538.30973896640603 ], [ 699.258389828853183, 546.851154448360262 ], [ 703.451448338108321, 547.006452910054577 ], [ 703.451448336487488, 549.335929861401269 ], [ 708.576297631118109, 550.423019105230082 ], [ 702.973173710561809, 579.089559547491604 ], [ 688.301213422953197, 576.306946393139924 ], [ 686.27749476656993, 582.378102366905523 ], [ 673.123323473025266, 579.342524380521354 ], [ 671.099604814397935, 576.3069463901478 ], [ 679.194479454517364, 533.808854536885633 ], [ 680.622574227876271, 531.78720350742276 ] ] ] } },
{ "type": "Feature", "properties": { "feature_type": "building", "subtype": "minor-damage", "uid": "8d4c333c-4ffb-4b04-b13e-6b20b4a646c1" }, "geometry": { "type": "Polygon", "coordinates": [ [ [ 638.388110770940216, 573.035330290570528 ], [ 669.704432112613631, 597.216287270218345 ], [ 661.776249496022956, 607.919333807327575 ], [ 653.253453181271084, 602.567810540767709 ], [ 648.892952740182636, 607.919333809322325 ], [ 653.848066880242641, 612.67624337815721 ], [ 646.514497954893727, 621.000835126360812 ], [ 620.35149531578088, 598.207310100425047 ], [ 617.576631401563759, 593.84680966107976 ], [ 619.162267921578064, 589.684513787975334 ], [ 622.729950103376268, 585.918627045357766 ], [ 625.306609453347392, 585.918627043363017 ], [ 636.207860550894679, 573.431739420060012 ], [ 638.388110770940216, 573.035330290570528 ] ] ] } },
{ "type": "Feature", "properties": { "feature_type": "building", "subtype": "minor-damage", "uid": "5803f1fb-7700-45d4-a6bc-c6eb6d30ea02" }, "geometry": { "type": "Polygon", "coordinates": [ [ [ 623.038343796300296, 616.558755453726576 ], [ 655.000924616074599, 641.418540530833639 ], [ 648.543837579722776, 651.104171080316974 ], [ 641.118187489644924, 647.87562756282523 ], [ 626.912596017064175, 664.664053850192204 ], [ 596.241432609260414, 636.252870904642009 ], [ 605.6042088077877, 625.275822947363963 ], [ 611.415587136876297, 627.212949057061223 ], [ 621.424072039549969, 615.913046749829277 ], [ 623.038343796300296, 616.558755453726576 ] ] ] } },
{ "type": "Feature", "properties": { "feature_type": "building", "subtype": "minor-damage", "uid": "673b3db2-4a73-476e-a193-6e8064c522d6" }, "geometry": { "type": "Polygon", "coordinates": [ [ [ 556.281682392182688, 559.309583808821799 ], [ 577.590069602394124, 577.066573152034721 ], [ 569.518710810289463, 586.42934934956952 ], [ 565.644458589151554, 583.523660184026312 ], [ 564.67589553611117, 585.783640645672108 ], [ 566.935876, 589.012184160171842 ], [ 556.604536742198775, 600.634940818355062 ], [ 535.619003886990299, 581.263679722380402 ], [ 540.138964807599223, 572.546612230737765 ], [ 554.021701929540541, 558.663875108913999 ], [ 556.281682392182688, 559.309583808821799 ] ] ] } },
{ "type": "Feature", "properties": { "feature_type": "building", "subtype": "minor-damage", "uid": "b5c94ce4-b231-4172-958e-c47146afc33f" }, "geometry": { "type": "Polygon", "coordinates": [ [ [ 580.844233710165668, 549.968268222198162 ], [ 586.612976503346431, 550.792374332571399 ], [ 595.678143742257475, 540.491047923981682 ], [ 616.280796560673139, 555.324957948600741 ], [ 615.86874350579842, 561.093700743155864 ], [ 608.039735435189414, 571.80708020792963 ], [ 594.854037631261235, 580.048141333604462 ], [ 571.779066470007933, 561.505753797345051 ], [ 575.487543977469841, 552.028533504115558 ], [ 580.844233710165668, 549.968268222198162 ] ] ] } },
{ "type": "Feature", "properties": { "feature_type": "building", "subtype": "minor-damage", "uid": "0f808a7f-3097-4a33-ab7b-30ff6374aa97" }, "geometry": { "type": "Polygon", "coordinates": [ [ [ 660.370473598146646, 514.943758425612486 ], [ 659.958420542149838, 533.898199018055834 ], [ 610.100000715235637, 535.546411246781418 ], [ 609.463647821185532, 508.789468988683211 ], [ 611.487366480373908, 507.524644828520877 ], [ 610.981436814937865, 502.971277843957921 ], [ 614.269979636781159, 502.718313008933308 ], [ 615.787768632278926, 498.923840523459717 ], [ 642.602040879568108, 500.188664689606185 ], [ 644.372794704729358, 512.836906308183984 ], [ 660.370473598146646, 514.943758425612486 ] ] ] } },
{ "type": "Feature", "properties": { "feature_type": "building", "subtype": "minor-damage", "uid": "884ca80a-ee8d-4f06-9f7a-306d26f1819b" }, "geometry": { "type": "Polygon", "coordinates": [ [ [ 640.053225975145779, 481.089108210222605 ], [ 654.978151089800008, 477.041670888727026 ], [ 661.302271902763437, 495.508103660009112 ], [ 646.124381954331511, 500.061470642577376 ], [ 640.053225975145779, 481.089108210222605 ] ] ] } },
{ "type": "Feature", "properties": { "feature_type": "building", "subtype": "no-damage", "uid": "8eac3260-fb56-43ec-b930-e94e0fb7e8b5" }, "geometry": { "type": "Polygon", "coordinates": [ [ [ 617.527376090697317, 429.128826449656174 ], [ 638.270492351507528, 452.148626205501273 ], [ 604.12023996717744, 485.034054428564616 ], [ 595.519435662743945, 471.626918308902589 ], [ 599.819837813776303, 468.338375483504478 ], [ 588.942350015753391, 454.172344865750404 ], [ 614.49179810020064, 430.393650609818508 ], [ 617.527376090697317, 429.128826449656174 ] ] ] } },
{ "type": "Feature", "properties": { "feature_type": "building", "subtype": "no-damage", "uid": "a8eb0ea6-cbcf-4a8b-a1cd-727b60c4fdee" }, "geometry": { "type": "Polygon", "coordinates": [ [ [ 571.360806208922781, 434.548414176928986 ], [ 570.069388801814398, 461.345325366725376 ], [ 535.846827524322634, 459.085344908071704 ], [ 537.783953634392901, 428.091327145934827 ], [ 570.069388802936487, 430.674161958532011 ], [ 570.069388805055951, 414.208590023113572 ], [ 586.857815089172846, 415.822861780862183 ], [ 586.857815092289684, 433.902705472034313 ], [ 572.975077968166488, 433.579851124075219 ], [ 571.360806208922781, 434.548414176928986 ] ] ] } },
{ "type": "Feature", "properties": { "feature_type": "building", "subtype": "no-damage", "uid": "8a2468b1-89a7-4fdc-b99c-a94b3fc69d0f" }, "geometry": { "type": "Polygon", "coordinates": [ [ [ 513.931549399761934, 451.676492634801491 ], [ 533.408851507861982, 474.204456511658577 ], [ 522.379535853579, 483.591108128594783 ], [ 518.390208921033491, 481.009778934610608 ], [ 507.126226976688827, 492.977759742538979 ], [ 492.10758439017178, 475.612454254647787 ], [ 485.302261969093422, 469.276464415684416 ], [ 503.606232620214826, 454.492488120780024 ], [ 512.288885365651936, 450.033828601812672 ], [ 513.931549399761934, 451.676492634801491 ] ] ] } },
{ "type": "Feature", "properties": { "feature_type": "building", "subtype": "no-damage", "uid": "1a4f06a3-670f-4524-8931-290ad25188a9" }, "geometry": { "type": "Polygon", "coordinates": [ [ [ 482.135008319928772, 489.948587079575589 ], [ 509.389531960138584, 520.797113837486108 ], [ 490.521015593633308, 539.366129945554917 ], [ 459.073488313049211, 503.426098770932015 ], [ 476.444503382648975, 488.151585525781513 ], [ 482.135008319928772, 489.948587079575589 ] ] ] } },
{ "type": "Feature", "properties": { "feature_type": "building", "subtype": "no-damage", "uid": "35c67007-dc2e-40cc-b974-5327b18ecb5a" }, "geometry": { "type": "Polygon", "coordinates": [ [ [ 432.302446080651521, 427.428803796697309 ], [ 465.846475179521519, 462.170833928808179 ], [ 457.160967645064488, 471.155841724708125 ], [ 449.074460629431996, 465.465336788734419 ], [ 438.292451277187809, 476.546846401051084 ], [ 410.139426854907413, 449.891323279963899 ], [ 416.728432571514873, 444.500318603620826 ], [ 425.114439846590813, 440.007814707166972 ], [ 422.718437768549791, 435.215810551082484 ], [ 432.302446080651521, 427.428803796697309 ] ] ] } },
{ "type": "Feature", "properties": { "feature_type": "building", "subtype": "no-damage", "uid": "02f56f02-b37b-4acf-b88b-55229e5f548a" }, "geometry": { "type": "Polygon", "coordinates": [ [ [ 469.974062839143585, 407.059391724491206 ], [ 495.787354782526108, 432.638017381315819 ], [ 485.22737171410148, 441.08600383526192 ], [ 485.931370585782815, 442.728667865258501 ], [ 481.238044777940388, 447.656659963227526 ], [ 483.584707683544707, 451.411320612196221 ], [ 475.136721227670478, 458.920641903152102 ], [ 453.0780899282056, 436.627344315297194 ], [ 457.302083158792016, 431.699352219322975 ], [ 454.955420252003421, 427.006026410356128 ], [ 461.056743802460176, 420.435370277403592 ], [ 458.944747191405895, 415.976710763423227 ], [ 465.750069611549293, 407.9980568884788 ], [ 469.974062839143585, 407.059391724491206 ] ] ] } },
{ "type": "Feature", "properties": { "feature_type": "building", "subtype": "no-damage", "uid": "9152afe8-50ea-447e-a035-f5bcf5caaebc" }, "geometry": { "type": "Polygon", "coordinates": [ [ [ 495.674118801896213, 410.14387368552741 ], [ 493.835447016056776, 409.776139326950613 ], [ 493.83544701150629, 390.837819901135106 ], [ 484.090486530481314, 389.734616826401918 ], [ 482.803416275088921, 382.379929669825515 ], [ 480.597010129675482, 379.438054804202807 ], [ 481.148611665982116, 374.657508152677508 ], [ 508.544821326895715, 370.060828679443318 ], [ 516.267242845099418, 375.392976870828591 ], [ 515.164039769120109, 408.121334717344212 ], [ 514.428571055582211, 411.063209578977421 ], [ 495.674118801896213, 410.14387368552741 ] ] ] } },
{ "type": "Feature", "properties": { "feature_type": "building", "subtype": "no-damage", "uid": "77958760-c6ac-482c-83ef-aa1e73deacbd" }, "geometry": { "type": "Polygon", "coordinates": [ [ [ 515.46148552952036, 356.959276399293685 ], [ 521.800334344560383, 356.238952667925787 ], [ 525.546017734755878, 359.26431233348751 ], [ 525.690082483510423, 366.755679114380882 ], [ 523.673176041465922, 370.933556744546024 ], [ 516.037744512507516, 370.933556744546024 ], [ 515.46148552952036, 356.959276399293685 ] ] ] } },
{ "type": "Feature", "properties": { "feature_type": "building", "subtype": "no-damage", "uid": "c9fd21e2-b6c0-43f4-ac94-a99bc0cbf7b7" }, "geometry": { "type": "Polygon", "coordinates": [ [ [ 510.280196812686484, 326.807283266169009 ], [ 524.911775774265607, 341.293653578758324 ], [ 514.117126413722303, 353.261634391673624 ], [ 498.62915124758058, 338.008325516770185 ], [ 508.066601975347794, 327.898345760295115 ], [ 510.280196812686484, 326.807283266169009 ] ] ] } },
{ "type": "Feature", "properties": { "feature_type": "building", "subtype": "no-damage", "uid": "c4179836-f6d0-4636-9a75-6515c19c886e" }, "geometry": { "type": "Polygon", "coordinates": [ [ [ 479.171967368957382, 315.744048298681093 ], [ 498.62915124758058, 338.008325516770185 ], [ 481.987962855495482, 354.933318795425521 ], [ 467.907985428477616, 337.802679596536393 ], [ 465.326656236489384, 339.914676209524316 ], [ 459.694665265657193, 331.936022336574581 ], [ 466.969320268729291, 326.304031368607127 ], [ 464.153324784373012, 322.549370720635693 ], [ 475.182640433731422, 313.397385392701608 ], [ 479.171967368957382, 315.744048298681093 ] ] ] } },
{ "type": "Feature", "properties": { "feature_type": "building", "subtype": "no-damage", "uid": "ed46d073-085d-44cd-a4ac-031465754d77" }, "geometry": { "type": "Polygon", "coordinates": [ [ [ 454.245535222227886, 265.60230589597569 ], [ 471.317050030763482, 270.394310052060177 ], [ 463.530043276818617, 297.349333434772802 ], [ 448.555030288812873, 291.958328758429673 ], [ 444.96102717031772, 289.262826416767382 ], [ 451.849533144311579, 265.60230589597569 ], [ 454.245535222227886, 265.60230589597569 ] ] ] } },
{ "type": "Feature", "properties": { "feature_type": "building", "subtype": "no-damage", "uid": "4af2bfa6-decc-4857-8e20-e4b0dabe635b" }, "geometry": { "type": "Polygon", "coordinates": [ [ [ 434.085975037977789, 295.625070298707783 ], [ 435.259306491029292, 300.553062394682115 ], [ 438.309968267691488, 300.553062397674182 ], [ 439.483299718187311, 310.643712886603794 ], [ 437.371303105574498, 312.051710625603619 ], [ 439.48329971637952, 329.886348697483186 ], [ 435.259306491403379, 335.987672248441982 ], [ 426.576653745529825, 335.518339668442877 ], [ 425.168656002541184, 327.07035321449689 ], [ 417.659334709282803, 328.713017247485709 ], [ 415.547338093989595, 324.958356601509024 ], [ 405.926020190300221, 327.070353211504823 ], [ 402.640692122204882, 292.339742232730316 ], [ 428.453984067893828, 288.585081587751006 ], [ 431.973978426923622, 291.401077073729482 ], [ 434.085975037977789, 295.625070298707783 ] ] ] } },
{ "type": "Feature", "properties": { "feature_type": "building", "subtype": "no-damage", "uid": "598cb9d4-5c04-4e48-8e33-ecd1d1d48e7f" }, "geometry": { "type": "Polygon", "coordinates": [ [ [ 373.938002017430904, 315.48525718265779 ], [ 406.284030074475311, 348.130785496357191 ], [ 400.294024878500124, 355.019291471850693 ], [ 394.903020204216773, 351.724788614916577 ], [ 381.725008774617322, 367.298802125682016 ], [ 347.581979155239708, 332.257271731945593 ], [ 352.074483052501591, 326.267266536341424 ], [ 354.769985389362716, 325.967766274715984 ], [ 363.455492925627482, 318.480259779961273 ], [ 366.150995263423624, 318.480259777966523 ], [ 371.242499678761988, 314.586756402768685 ], [ 373.938002017430904, 315.48525718265779 ] ] ] } },
{ "type": "Feature", "properties": { "feature_type": "building", "subtype": "no-damage", "uid": "60a1d845-057c-45fd-a0d9-fea7b4118266" }, "geometry": { "type": "Polygon", "coordinates": [ [ [ 361.257718927227415, 354.086972519614392 ], [ 387.305677162167626, 382.716259948427592 ], [ 377.21502667854179, 394.449574468351273 ], [ 368.767040220174181, 390.460247528385594 ], [ 357.033725703435721, 401.489563180305424 ], [ 335.444426981164497, 376.849602688465779 ], [ 336.148425852970377, 374.268273496476297 ], [ 332.159098918180689, 368.166949942525378 ], [ 346.239076341084512, 357.372300585591972 ], [ 350.463069569052777, 359.484297200574588 ], [ 358.676389732558789, 352.913641065627417 ], [ 361.257718927227415, 354.086972519614392 ] ] ] } },
{ "type": "Feature", "properties": { "feature_type": "building", "subtype": "un-classified", "uid": "48969962-11c0-41bb-a546-00daa401ba55" }, "geometry": { "type": "Polygon", "coordinates": [ [ [ -0.000004601969681, 343.709065724024697 ], [ 12.06069491419003, 359.337775928632823 ], [ -0.000004601470991, 370.185939489694476 ], [ -0.000004602904724, 367.795666161937106 ], [ -0.000004601969681, 343.709065724024697 ] ] ] } },
{ "type": "Feature", "properties": { "feature_type": "building", "subtype": "minor-damage", "uid": "25d19dca-46db-496c-88d5-ca12d054e68b" }, "geometry": { "type": "Polygon", "coordinates": [ [ [ 16.855232483848219, 369.88098790976278 ], [ 33.985871685408952, 390.062288884629879 ], [ 18.497896515589439, 404.846265180531589 ], [ 12.86590554625338, 397.571610176583079 ], [ 6.529915706669778, 397.57161017758051 ], [ 3.479253930568615, 392.17428549861512 ], [ 5.356584253119609, 390.062288886624685 ], [ 1.601923605648847, 380.675637268690991 ], [ 5.356584253680635, 372.696983396738688 ], [ 14.27390329210939, 367.768991296775027 ], [ 16.855232483848219, 369.88098790976278 ] ] ] } },
{ "type": "Feature", "properties": { "feature_type": "building", "subtype": "minor-damage", "uid": "90ed6ed4-beec-451a-ae1a-cbaf388c5052" }, "geometry": { "type": "Polygon", "coordinates": [ [ [ 47.689881052634107, 385.774846421295024 ], [ 66.932516863316749, 409.476141752139085 ], [ 50.740542827987227, 425.433449499035817 ], [ 42.292556369370267, 418.628127078078478 ], [ 32.201905882814593, 426.606780953023019 ], [ 21.40725652457763, 412.292137235125608 ], [ 42.292556370928672, 393.988166587236321 ], [ 38.772562013706661, 388.590841908270875 ], [ 45.577884435159149, 383.89751609830671 ], [ 47.689881052634107, 385.774846421295024 ] ] ] } },
{ "type": "Feature", "properties": { "feature_type": "building", "subtype": "minor-damage", "uid": "7865ae70-65cf-4523-8143-7f5a95f98bfa" }, "geometry": { "type": "Polygon", "coordinates": [ [ [ 72.544263675020929, 422.406648009225705 ], [ 91.113279783142531, 444.869167490497489 ], [ 72.843763937892874, 460.742681258898813 ], [ 50.381244450336517, 436.183659958217788 ], [ 52.477746269806786, 431.990656322391999 ], [ 68.950260558458112, 419.711145668560675 ], [ 72.544263675020929, 422.406648009225705 ] ] ] } },
{ "type": "Feature", "properties": { "feature_type": "building", "subtype": "minor-damage", "uid": "062d9436-dd14-4a97-9b72-11b128b26f12" }, "geometry": { "type": "Polygon", "coordinates": [ [ [ 119.066437442205398, 471.785209910378285 ], [ 98.415803887474468, 491.262512016244216 ], [ 87.151821948178991, 477.417200880340602 ], [ 89.263818558734627, 472.723875071373811 ], [ 79.173168073300999, 460.99056055344488 ], [ 93.018479208574163, 450.195911192521919 ], [ 101.466465663326304, 458.174565066468972 ], [ 106.863790341353905, 454.419904419495026 ], [ 119.3011037341372, 468.499881844400704 ], [ 119.066437442205398, 471.785209910378285 ] ] ] } },
{ "type": "Feature", "properties": { "feature_type": "building", "subtype": "minor-damage", "uid": "167a6a5b-bb6f-4ee7-8761-34a118f6e656" }, "geometry": { "type": "Polygon", "coordinates": [ [ [ 153.565207093608706, 492.994291000549879 ], [ 134.087904987690507, 509.890263909439511 ], [ 126.343917405430005, 500.268946004498389 ], [ 113.202605141214704, 509.420931330437782 ], [ 100.999958040238596, 491.820959549555027 ], [ 130.098578051716402, 467.884997927713925 ], [ 152.157209348999487, 489.943629226566713 ], [ 153.565207093608706, 492.994291000549879 ] ] ] } },
{ "type": "Feature", "properties": { "feature_type": "building", "subtype": "minor-damage", "uid": "65e1988d-7f05-49b9-8ae6-2ab1beb355ce" }, "geometry": { "type": "Polygon", "coordinates": [ [ [ 227.533531304325692, 580.703868660080957 ], [ 205.474900006980192, 600.650503341956437 ], [ 196.322914678365095, 588.447856240038959 ], [ 201.016240486893111, 583.754530433066861 ], [ 189.752258548844395, 570.143885593147047 ], [ 190.456257416598504, 566.8585575241774 ], [ 194.914916938804993, 562.165231715210552 ], [ 206.882897746540294, 553.951911552261436 ], [ 211.106890974446202, 551.370582358277147 ], [ 219.085544850446212, 559.114569941227273 ], [ 216.973548235028403, 562.165231714213178 ], [ 228.237530176692587, 578.591872042106274 ], [ 227.533531304325692, 580.703868660080957 ] ] ] } },
{ "type": "Feature", "properties": { "feature_type": "building", "subtype": "minor-damage", "uid": "7811a24d-d9d3-41dc-966e-bd4d2d12d9f2" }, "geometry": { "type": "Polygon", "coordinates": [ [ [ 230.3428965560162, 587.156763858158001 ], [ 250.054864949191114, 608.276729994020457 ], [ 230.812229135266989, 625.407369192909528 ], [ 210.161595578852996, 600.532742411070444 ], [ 227.057568491598687, 585.279433533174938 ], [ 230.3428965560162, 587.156763858158001 ] ] ] } },
{ "type": "Feature", "properties": { "feature_type": "building", "subtype": "minor-damage", "uid": "3cb94b33-a72b-4a24-931a-05259c6e93be" }, "geometry": { "type": "Polygon", "coordinates": [ [ [ 258.312123600275584, 613.387940119086693 ], [ 266.056111179668619, 620.42792883004347 ], [ 278.024091991455691, 635.446571415944618 ], [ 262.770783118679617, 649.29188254985354 ], [ 260.424120212639025, 647.179885934870867 ], [ 255.730794401804388, 650.699880292842749 ], [ 249.864137141845589, 644.833223031883563 ], [ 249.160138271660401, 643.425225288894353 ], [ 237.661490040682509, 631.691910770965364 ], [ 236.722824878191403, 626.529252380004777 ], [ 249.394804560475393, 615.969269313070868 ], [ 256.669459564918782, 613.153273829087084 ], [ 258.312123600275584, 613.387940119086693 ] ] ] } },
{ "type": "Feature", "properties": { "feature_type": "building", "subtype": "minor-damage", "uid": "7c072d16-8663-4d8e-a07e-04b1e867d506" }, "geometry": { "type": "Polygon", "coordinates": [ [ [ 294.450732320587122, 635.446571415944618 ], [ 316.040031039803807, 655.862538678816463 ], [ 317.213362491172177, 657.270536418813663 ], [ 296.562728936129588, 678.390502554676118 ], [ 282.48275150936098, 661.025197069777164 ], [ 271.922768440811808, 667.830519488739696 ], [ 264.178780860982386, 658.678534166789746 ], [ 269.106772958387921, 652.342544324834194 ], [ 288.11474248119049, 635.446571413949869 ], [ 293.277400873021179, 634.742572544948757 ], [ 294.450732320587122, 635.446571415944618 ] ] ] } },
{ "type": "Feature", "properties": { "feature_type": "building", "subtype": "minor-damage", "uid": "51483b2e-62e0-481b-afb4-2bc8b7b87638" }, "geometry": { "type": "Polygon", "coordinates": [ [ [ 325.871792850075281, 658.283085083540186 ], [ 331.387808218315115, 663.982967629512814 ], [ 340.765034344690719, 676.118201438612004 ], [ 346.097182534327828, 683.289021418892048 ], [ 312.817223146847084, 714.730309013380861 ], [ 305.646403169001815, 707.007887498227547 ], [ 304.359332917287304, 703.882145456308535 ], [ 309.875348286649228, 696.711325477025866 ], [ 300.314254981484112, 684.024490132056258 ], [ 301.245731449930418, 681.121273803519216 ], [ 323.493660099684575, 660.52814976410798 ], [ 325.871792850075281, 658.283085083540186 ] ] ] } },
{ "type": "Feature", "properties": { "feature_type": "building", "subtype": "minor-damage", "uid": "01f839d0-63a5-4530-960b-0aa800fcedff" }, "geometry": { "type": "Polygon", "coordinates": [ [ [ 347.883976416066389, 687.242293859016968 ], [ 361.463811881206311, 703.200574692885766 ], [ 355.212327792883286, 709.81979313330578 ], [ 360.360608803356911, 715.519675678281146 ], [ 346.018968846294797, 728.941979740404463 ], [ 337.193344261275115, 721.955026943402345 ], [ 330.574125821232428, 728.758112561116036 ], [ 318.255024831853802, 715.335808503979592 ], [ 346.202836027390788, 688.858934737312438 ], [ 347.883976416066389, 687.242293859016968 ] ] ] } },
{ "type": "Feature", "properties": { "feature_type": "building", "subtype": "major-damage", "uid": "94db343e-cdca-4ec4-8738-2f34c9652ded" }, "geometry": { "type": "Polygon", "coordinates": [ [ [ 370.630859682493394, 726.608418451669422 ], [ 391.750825819841225, 748.901716036532207 ], [ 374.620186619277774, 765.563022663401171 ], [ 370.865525971059128, 768.613684434392326 ], [ 360.305542904068204, 758.288367655463276 ], [ 362.886872097926528, 754.064374430484918 ], [ 350.214892416328212, 738.341732972590421 ], [ 365.70286758234522, 725.200420709677473 ], [ 370.630859682493394, 726.608418451669422 ] ] ] } },
{ "type": "Feature", "properties": { "feature_type": "building", "subtype": "major-damage", "uid": "0bb14bac-a203-4dbd-a812-2c78e1639e2a" }, "geometry": { "type": "Polygon", "coordinates": [ [ [ 398.265232143394826, 757.972984000401766 ], [ 419.854530861489479, 777.919618687264119 ], [ 402.254559084044104, 794.111592722165483 ], [ 380.195927781649516, 770.879629973315105 ], [ 394.979904076857906, 756.330319970405071 ], [ 398.265232143394826, 757.972984000401766 ] ] ] } },
{ "type": "Feature", "properties": { "feature_type": "building", "subtype": "major-damage", "uid": "7c8c9348-0633-43c4-9036-e86fd158e9b2" }, "geometry": { "type": "Polygon", "coordinates": [ [ [ 422.935088220765579, 786.606071284151653 ], [ 433.72973757644678, 795.054057740092503 ], [ 436.076400479183576, 793.41139370610631 ], [ 449.452379034769592, 804.675375645033569 ], [ 433.964403867568308, 825.091342912892287 ], [ 422.465755639582426, 816.878022747948307 ], [ 425.516417411756379, 809.368701454000302 ], [ 410.263108537920573, 796.931388064078192 ], [ 419.649760151361193, 785.667406124153558 ], [ 422.935088220765579, 786.606071284151653 ] ] ] } },
{ "type": "Feature", "properties": { "feature_type": "building", "subtype": "major-damage", "uid": "af2a9fe1-c83f-426b-a977-9e8029ca6828" }, "geometry": { "type": "Polygon", "coordinates": [ [ [ 465.064437353525875, 814.791878184275674 ], [ 491.725178298408082, 835.936603757562807 ], [ 477.383538340473422, 855.610391903524032 ], [ 462.490296847416403, 845.681564242893955 ], [ 450.171195861840317, 836.488205295428088 ], [ 448.14865689135172, 830.972189927746399 ], [ 461.754828133005788, 814.424143824701446 ], [ 465.064437353525875, 814.791878184275674 ] ] ] } },
{ "type": "Feature", "properties": { "feature_type": "building", "subtype": "major-damage", "uid": "28082d5d-55b7-4fa4-b9da-6158a6ae720a" }, "geometry": { "type": "Polygon", "coordinates": [ [ [ 493.550879131773911, 842.434115999268556 ], [ 520.211620076282088, 861.004701069499333 ], [ 504.766777046793891, 882.149426644781101 ], [ 487.850996587362488, 870.014192839671523 ], [ 489.873535556916124, 864.314310292701521 ], [ 481.231778144888722, 856.408021598259779 ], [ 491.712207344812498, 843.169584714427515 ], [ 493.550879131773911, 842.434115999268556 ] ] ] } },
{ "type": "Feature", "properties": { "feature_type": "building", "subtype": "major-damage", "uid": "bfc157c3-fb66-4b90-86e0-33ab75fa03b3" }, "geometry": { "type": "Polygon", "coordinates": [ [ [ 539.195522833243558, 857.564876340901037 ], [ 564.539482198933683, 877.042178442777413 ], [ 549.520839611606334, 897.458145708641496 ], [ 535.206195900261605, 886.663496352705465 ], [ 537.318192510941913, 881.970170541743869 ], [ 526.054210570836062, 872.583518926802299 ], [ 537.552858802499713, 858.503541500899132 ], [ 539.195522833243558, 857.564876340901037 ] ] ] } },
{ "type": "Feature", "properties": { "feature_type": "building", "subtype": "major-damage", "uid": "a1dd4381-11e8-4224-9765-c162614aa20e" }, "geometry": { "type": "Polygon", "coordinates": [ [ [ 568.744820301754771, 938.514768471199318 ], [ 566.632823685651147, 938.514768472196693 ], [ 562.878163040299796, 923.730792175297665 ], [ 563.112829331047237, 912.46681023936253 ], [ 560.296833845381911, 899.560164265451817 ], [ 578.366138206690835, 895.101504745487091 ], [ 585.875459504001128, 896.978835074459653 ], [ 592.211449345205551, 899.560164265451817 ], [ 599.016771763291899, 930.536114599247071 ], [ 568.744820301754771, 938.514768471199318 ] ] ] } },
{ "type": "Feature", "properties": { "feature_type": "building", "subtype": "destroyed", "uid": "d781e0ee-d302-4d2b-8081-9d00637b2a7f" }, "geometry": { "type": "Polygon", "coordinates": [ [ [ 707.283076327945082, 993.722473796241616 ], [ 705.405746006329196, 992.783808632254022 ], [ 691.091102290496224, 984.335822180302785 ], [ 694.14176406809338, 978.23449862734924 ], [ 683.816447287860456, 969.786512173403139 ], [ 684.285779867547603, 966.970516692411593 ], [ 690.856435998688994, 952.890539264513677 ], [ 696.019094388400276, 946.789215715549744 ], [ 700.71242019792578, 945.146551682560926 ], [ 718.547058270045682, 955.706534747500086 ], [ 724.883048111250105, 961.103859429457657 ], [ 726.760378435421785, 965.093186366431155 ], [ 721.363053754526732, 971.663842498386202 ], [ 707.283076327945082, 993.722473796241616 ] ] ] } },
{ "type": "Feature", "properties": { "feature_type": "building", "subtype": "major-damage", "uid": "73797a96-ebc7-47f5-b803-445308a68f9f" }, "geometry": { "type": "Polygon", "coordinates": [ [ [ 628.2099467424664, 944.521840300980557 ], [ 655.900569011392008, 934.900522393047368 ], [ 659.655229658675808, 937.01251900803004 ], [ 666.460552082372374, 959.540482887879193 ], [ 652.38057465441932, 965.407140147841005 ], [ 655.900569011579023, 974.089792892783976 ], [ 640.881926424625817, 979.252451277760315 ], [ 627.975280453713822, 945.695171751975522 ], [ 628.2099467424664, 944.521840300980557 ] ] ] } },
{ "type": "Feature", "properties": { "feature_type": "building", "subtype": "major-damage", "uid": "138f5634-c4b7-4286-b857-bcd2b2d0e5ae" }, "geometry": { "type": "Polygon", "coordinates": [ [ [ 635.485212170993918, 1003.091368491902017 ], [ 633.607881849003888, 1011.07002236784399 ], [ 627.037225715867748, 1017.406012207803997 ], [ 595.357276510157703, 995.582047199948647 ], [ 592.775947315800749, 991.358053971978279 ], [ 604.97859441715093, 973.054083319102119 ], [ 609.202587645929498, 974.931413643087694 ], [ 613.895913453210937, 972.819417031097259 ], [ 632.903882977883654, 985.491396712016353 ], [ 627.741224588110072, 996.990044942937857 ], [ 635.485212170993918, 1003.091368491902017 ] ] ] } },
{ "type": "Feature", "properties": { "feature_type": "building", "subtype": "major-damage", "uid": "8e9610a0-8e9e-4fd1-a504-249b9d4e6e19" }, "geometry": { "type": "Polygon", "coordinates": [ [ [ 568.427953003272705, 945.062923311889676 ], [ 586.697468847524988, 956.144432922211649 ], [ 576.813960272863142, 971.418946168359412 ], [ 552.254938971197362, 957.941434483984835 ], [ 555.549441828441445, 953.149430324908167 ], [ 561.539447028530844, 954.047931104797385 ], [ 568.427953003272705, 945.062923311889676 ] ] ] } },
{ "type": "Feature", "properties": { "feature_type": "building", "subtype": "major-damage", "uid": "1694ba72-2c63-4f63-abd9-7ea2b87cc88b" }, "geometry": { "type": "Polygon", "coordinates": [ [ [ 551.66447999864954, 1003.84766556836496 ], [ 542.679472207491926, 1017.62467752134603 ], [ 522.612954799721933, 1005.644667127146022 ], [ 524.110456096128814, 1001.751163751947956 ], [ 517.820950643702304, 998.157160633388571 ], [ 525.308457139512825, 986.776150764433396 ], [ 527.404958958110456, 986.476650500813321 ], [ 533.993964674156928, 974.796140370232706 ], [ 557.055484677545678, 989.337645641016252 ], [ 551.66447999864954, 1003.84766556836496 ] ] ] } },
{ "type": "Feature", "properties": { "feature_type": "building", "subtype": "major-damage", "uid": "3415cb67-1c2a-4db3-946f-4ed55f303db4" }, "geometry": { "type": "Polygon", "coordinates": [ [ [ 501.846677657945406, 1022.989030890622985 ], [ 512.803739767312891, 1007.677238212447946 ], [ 537.06326081470911, 1021.154749901809964 ], [ 536.097856129958586, 1022.989018875196052 ], [ 501.846677657945406, 1022.989030890622985 ] ] ] } },
{ "type": "Feature", "properties": { "feature_type": "building", "subtype": "major-damage", "uid": "48ffe775-024e-443a-b4f8-b6f65eb39b0e" }, "geometry": { "type": "Polygon", "coordinates": [ [ [ 386.135198737013809, 1022.988707171276019 ], [ 386.919428405336419, 1019.504592608225039 ], [ 390.713900896916982, 1015.204190456692004 ], [ 387.172393239363487, 1012.42157730134295 ], [ 390.207971227491498, 1005.338561989473988 ], [ 395.014303045081874, 1006.856350982665958 ], [ 404.121037019003211, 994.208109360098661 ], [ 416.516313810653685, 999.520370839761654 ], [ 426.128977443154099, 1007.362280649722948 ], [ 417.338111918003221, 1022.988849827410945 ], [ 386.135198737013809, 1022.988707171276019 ] ] ] } },
{ "type": "Feature", "properties": { "feature_type": "building", "subtype": "major-damage", "uid": "4ba85749-2604-4e6c-9ffe-31692a8bc177" }, "geometry": { "type": "Polygon", "coordinates": [ [ [ 405.891790843354102, 959.045997645751299 ], [ 419.298926967248121, 958.540067977696822 ], [ 422.081540120663192, 970.682379937196629 ], [ 426.381942274812388, 967.393837117782709 ], [ 439.789078398332379, 977.765395249065705 ], [ 438.524254236175977, 981.559867733541978 ], [ 443.33058605239512, 987.37805888026196 ], [ 436.753500405591524, 996.990722515447715 ], [ 418.287067636189022, 978.52428974516306 ], [ 407.662544670385387, 977.006500749976226 ], [ 405.891790845224193, 972.453133766410588 ], [ 405.891790843354102, 959.045997645751299 ] ] ] } },
{ "type": "Feature", "properties": { "feature_type": "building", "subtype": "major-damage", "uid": "e8711bff-7a96-4db4-ad7a-c24499d04720" }, "geometry": { "type": "Polygon", "coordinates": [ [ [ 450.668137934472725, 917.185315756388377 ], [ 469.134570705308874, 931.351346374142395 ], [ 461.292660897907524, 945.517376994888537 ], [ 471.917183860843522, 953.612251630897958 ], [ 460.280801567222397, 967.019387756544234 ], [ 429.166127169648917, 941.722904507420253 ], [ 436.502107316601212, 930.59245187804504 ], [ 439.537685303607077, 925.786120061449537 ], [ 447.379595110759226, 916.173456426263783 ], [ 450.668137934472725, 917.185315756388377 ] ] ] } },
{ "type": "Feature", "properties": { "feature_type": "building", "subtype": "major-damage", "uid": "cc1b170c-0014-4c8d-8cad-2ba2bd6a9ae7" }, "geometry": { "type": "Polygon", "coordinates": [ [ [ 326.101627899859125, 1022.988317710680008 ], [ 321.693425331777576, 1018.055328813043957 ], [ 312.586691360162718, 1022.102766131548037 ], [ 298.420660741169172, 999.841860871800009 ], [ 299.179555238325918, 993.264775227985297 ], [ 317.393023177815508, 982.387287430642573 ], [ 324.981968152748323, 984.916935755953887 ], [ 337.883174609585524, 1007.936735512795963 ], [ 342.183576761864515, 1008.69563000590199 ], [ 342.942471261701598, 1006.418946517609015 ], [ 348.760662408231724, 1000.094825704829987 ], [ 361.670651389178886, 1014.629084018793037 ], [ 354.138877900519219, 1022.557266635512974 ], [ 345.616081584832273, 1017.205743369950028 ], [ 336.000552218447524, 1022.988392348550974 ], [ 326.101627899859125, 1022.988317710680008 ] ] ] } },
{ "type": "Feature", "properties": { "feature_type": "building", "subtype": "major-damage", "uid": "d0e3e129-7c26-499e-983c-4676510016d7" }, "geometry": { "type": "Polygon", "coordinates": [ [ [ 337.696796764383294, 940.660500182831015 ], [ 334.791107601085685, 935.494830551652512 ], [ 328.979729269815323, 903.855104089607835 ], [ 339.31106852568422, 897.075162706664969 ], [ 347.059572963160008, 896.752308353718945 ], [ 356.422349161437921, 903.209395386707911 ], [ 363.202290545125322, 933.880558794901276 ], [ 337.696796764383294, 940.660500182831015 ] ] ] } },
{ "type": "Feature", "properties": { "feature_type": "building", "subtype": "major-damage", "uid": "be103d2e-c6e5-4fbd-95a3-49baaac92df6" }, "geometry": { "type": "Polygon", "coordinates": [ [ [ 372.242212393387206, 898.043725760516168 ], [ 370.950794986403594, 895.460890949913846 ], [ 389.676347386637417, 866.081144946522954 ], [ 415.181841167566404, 884.160988635700278 ], [ 395.164871361034727, 912.895025935193871 ], [ 372.242212393387206, 898.043725760516168 ] ] ] } },
{ "type": "Feature", "properties": { "feature_type": "building", "subtype": "major-damage", "uid": "f7f11fb0-29a4-4a53-b7ef-92c70edb4b03" }, "geometry": { "type": "Polygon", "coordinates": [ [ [ 340.866411107924193, 943.343253667284216 ], [ 361.057010869407975, 946.639678116756386 ], [ 356.112374195888208, 982.076240966533874 ], [ 334.685615259681583, 979.19186957025363 ], [ 333.861509145755576, 969.302596215853214 ], [ 332.213296922828192, 960.237428976812907 ], [ 338.806145824948089, 954.468686187244657 ], [ 340.866411107924193, 943.343253667284216 ] ] ] } },
{ "type": "Feature", "properties": { "feature_type": "building", "subtype": "major-damage", "uid": "5a7d66ba-8384-4b85-9112-d69cda81ece8" }, "geometry": { "type": "Polygon", "coordinates": [ [ [ 248.656077521435208, 1022.98759175630596 ], [ 253.73598230213409, 1000.853720200927 ], [ 257.783419619076994, 1000.600755372884009 ], [ 260.566032776730992, 1004.395227859355032 ], [ 264.613470095481716, 1007.43080584673703 ], [ 267.396083255753922, 1010.972313501174995 ], [ 267.396083255629208, 1012.743067330388953 ], [ 270.684626076662198, 1012.996032164415965 ], [ 273.720204068966723, 1018.055328811050003 ], [ 271.201480635163875, 1022.987829077684978 ], [ 248.656077521435208, 1022.98759175630596 ] ] ] } },
{ "type": "Feature", "properties": { "feature_type": "building", "subtype": "major-damage", "uid": "e2772895-e3cb-4067-aa4a-569f58ad1ce5" }, "geometry": { "type": "Polygon", "coordinates": [ [ [ 274.732063395163607, 994.023669727074775 ], [ 277.76764138771739, 992.505880731887942 ], [ 289.909953345029123, 995.794423556288734 ], [ 290.66884784399349, 999.588896041762268 ], [ 287.633269851502121, 1012.237137662335044 ], [ 283.079902867065982, 1012.74306733138701 ], [ 272.202415071224891, 1008.948594844915988 ], [ 274.732063395163607, 994.023669727074775 ] ] ] } },
{ "type": "Feature", "properties": { "feature_type": "building", "subtype": "minor-damage", "uid": "bb24643e-bae8-48a6-8e6d-2f1dd992280f" }, "geometry": { "type": "Polygon", "coordinates": [ [ [ 222.691772854765588, 1005.131853786651959 ], [ 220.921019026986187, 1003.108135127400033 ], [ 213.079109217402987, 972.246425564585707 ], [ 216.114687210393214, 966.428234417865724 ], [ 220.162124526338687, 964.151550928576285 ], [ 224.968456346859, 964.151550925584161 ], [ 226.739210172955296, 962.633761929399952 ], [ 229.015893666419998, 962.127832263340338 ], [ 232.810366154572108, 966.428234415870975 ], [ 235.8459441408923, 966.428234415870975 ], [ 242.928959453630597, 975.534968386991864 ], [ 247.48232643451351, 998.048838477774666 ], [ 222.691772854765588, 1005.131853786651959 ] ] ] } },
{ "type": "Feature", "properties": { "feature_type": "building", "subtype": "minor-damage", "uid": "146da76a-616e-45e2-ad7d-0272797a35af" }, "geometry": { "type": "Polygon", "coordinates": [ [ [ 190.059309458889288, 979.582405706492636 ], [ 191.830063286232303, 969.463812409236766 ], [ 206.249058739003488, 968.451953077117423 ], [ 210.043531227529598, 983.123913359933681 ], [ 211.561320225583103, 988.942104510643276 ], [ 198.407148935155192, 993.242506662176538 ], [ 199.924937927536092, 1006.649642781837997 ], [ 191.071168791693708, 1012.973763594618049 ], [ 179.181821661489693, 1014.744517422834974 ], [ 177.158103004358509, 983.376878194958294 ], [ 188.794485297169302, 981.60612436674171 ], [ 190.059309458889288, 979.582405706492636 ] ] ] } },
{ "type": "Feature", "properties": { "feature_type": "building", "subtype": "minor-damage", "uid": "0c4eb08f-5e60-44c2-8cf0-d30a3d7a7f30" }, "geometry": { "type": "Polygon", "coordinates": [ [ [ 129.098811522502388, 977.67040291802482 ], [ 126.193122354965993, 1017.704342519763031 ], [ 122.964578842774401, 1020.287177333358045 ], [ 106.821861254949397, 1018.350051222662955 ], [ 103.270463387692502, 1016.412925112966036 ], [ 92.939124132446977, 1014.798653357211947 ], [ 94.230541541425353, 976.701839862178758 ], [ 105.853298200101307, 974.764713752481612 ], [ 107.790424311293606, 980.25323773062189 ], [ 109.727550421301501, 980.253237727629767 ], [ 115.538928753132893, 974.119005048584313 ], [ 127.484539762572894, 973.796150694640801 ], [ 129.098811522502388, 977.67040291802482 ] ] ] } },
{ "type": "Feature", "properties": { "feature_type": "building", "subtype": "minor-damage", "uid": "3bd9bfc6-6db2-4d81-9160-2af146f34e23" }, "geometry": { "type": "Polygon", "coordinates": [ [ [ 83.576347934917052, 981.544655137419113 ], [ 83.576347934730038, 1018.995759931548037 ], [ 60.330834617440487, 1022.870012151939022 ], [ 55.810873694525093, 1021.901449094099007 ], [ 55.810873692904352, 978.316111622919493 ], [ 61.945106373505133, 973.150441993735626 ], [ 70.985028223450101, 974.764713754476361 ], [ 72.599299978081007, 978.638965975865517 ], [ 81.96207617604729, 978.961820323824668 ], [ 83.576347934917052, 981.544655137419113 ] ] ] } },
{ "type": "Feature", "properties": { "feature_type": "building", "subtype": "minor-damage", "uid": "5d41d068-e0c7-4ec0-bc41-1a46e9d3be45" }, "geometry": { "type": "Polygon", "coordinates": [ [ [ 16.89640118111414, 1016.980094004739954 ], [ 14.31356636608721, 1016.980094004739954 ], [ 15.60498377325783, 984.048950131908555 ], [ 22.70777950982875, 979.851843560565499 ], [ 36.267662283686498, 979.851843560565499 ], [ 44.016166721162271, 983.726095777965043 ], [ 46.921855886454622, 991.474600218748606 ], [ 44.984729777007757, 1016.657239648802033 ], [ 16.89640118111414, 1016.980094004739954 ] ] ] } },
{ "type": "Feature", "properties": { "feature_type": "building", "subtype": "minor-damage", "uid": "121f01c4-9ae2-4405-97fb-73878f9baa89" }, "geometry": { "type": "Polygon", "coordinates": [ [ [ -0.000004602281362, 975.977591342168466 ], [ 13.99071201769188, 976.623300044071016 ], [ 11.40787720509606, 1013.105841784347945 ], [ 9.470751096272558, 1016.980094004739954 ], [ -0.000004601969681, 1014.720113540102034 ], [ -0.000004602281362, 975.977591342168466 ] ] ] } },
{ "type": "Feature", "properties": { "feature_type": "building", "subtype": "minor-damage", "uid": "2390b37b-f71b-49c5-90fd-f36f7e7de299" }, "geometry": { "type": "Polygon", "coordinates": [ [ [ -0.000004601470991, 869.830518823798229 ], [ 14.05986535049766, 873.059062340292712 ], [ 15.02842840615614, 911.801584539223541 ], [ 10.185613131915609, 911.801584538226166 ], [ -0.000004601470991, 911.801584538226166 ], [ -0.000004601470991, 869.830518823798229 ] ] ] } },
{ "type": "Feature", "properties": { "feature_type": "building", "subtype": "minor-damage", "uid": "5b0d222d-a401-45c3-834f-a09a2647ca57" }, "geometry": { "type": "Polygon", "coordinates": [ [ [ 57.645202826766081, 878.547586317435616 ], [ 56.999494125736561, 903.407371394542679 ], [ 42.471048298776132, 902.761662688650631 ], [ 39.56535913441882, 900.824536578953484 ], [ 24.068350254979059, 899.210264825194372 ], [ 25.35976766084061, 876.933314558689744 ], [ 43.762465705198707, 878.224731963492218 ], [ 43.43961135243984, 875.641897153887271 ], [ 57.645202830381592, 875.641897153887271 ], [ 57.645202826766081, 878.547586317435616 ] ] ] } },
{ "type": "Feature", "properties": { "feature_type": "building", "subtype": "minor-damage", "uid": "9b5450c9-d890-4802-8d06-ea0ed2443598" }, "geometry": { "type": "Polygon", "coordinates": [ [ [ 98.647705488693262, 872.090499280457152 ], [ 97.679142432910126, 914.061564998874701 ], [ 82.182133553470365, 913.738710645928677 ], [ 82.182133553096335, 908.573041018739673 ], [ 61.519455048402612, 909.54160407658037 ], [ 62.810872454451172, 874.027625393146536 ], [ 67.007979027849174, 870.799081876652053 ], [ 92.83632715785923, 870.476227527695528 ], [ 98.647705488693262, 872.090499280457152 ] ] ] } },
{ "type": "Feature", "properties": { "feature_type": "building", "subtype": "minor-damage", "uid": "7a9706a8-daa5-4f17-add4-987621f9bcf6" }, "geometry": { "type": "Polygon", "coordinates": [ [ [ 136.421664634501695, 867.570538357165447 ], [ 135.77595593091641, 906.635914907047663 ], [ 119.633238348514695, 905.667351853196465 ], [ 117.373257885810204, 915.3529824026798 ], [ 101.876249009175595, 914.70727370077725 ], [ 102.844812060470503, 869.184810115911432 ], [ 112.207588259122502, 869.184810115911432 ], [ 113.176151313658906, 871.121936225608579 ], [ 118.664675292232801, 871.76764493150074 ], [ 118.664675293292504, 865.633412249463049 ], [ 135.775955932848802, 865.956266600414324 ], [ 136.421664634501695, 867.570538357165447 ] ] ] } },
{ "type": "Feature", "properties": { "feature_type": "building", "subtype": "minor-damage", "uid": "ca9a7980-d078-4b61-9049-86f499763d3b" }, "geometry": { "type": "Polygon", "coordinates": [ [ [ 140.295916853333097, 871.767644929505877 ], [ 167.738536747012802, 871.767644928508503 ], [ 168.707099802608894, 872.736207986349314 ], [ 169.352808503887786, 909.218749719644848 ], [ 141.587334261251698, 913.415856291985278 ], [ 140.295916853333097, 871.767644929505877 ] ] ] } },
{ "type": "Feature", "properties": { "feature_type": "building", "subtype": "minor-damage", "uid": "e323cd48-783d-40c5-947a-904070513f77" }, "geometry": { "type": "Polygon", "coordinates": [ [ [ 217.907214343962607, 871.175073079318963 ], [ 226.301427486831386, 897.003421213269348 ], [ 197.244535835653409, 906.689051762752797 ], [ 187.236050934912214, 878.277868816205228 ], [ 180.133255197156814, 877.955014465253953 ], [ 178.196129088458008, 864.717986045332623 ], [ 195.9531184297918, 862.135151234730301 ], [ 196.921681487943687, 873.435053540964759 ], [ 215.647233880073799, 866.977966506978532 ], [ 217.907214343962607, 871.175073079318963 ] ] ] } },
{ "type": "Feature", "properties": { "feature_type": "building", "subtype": "minor-damage", "uid": "bb90eb0f-c72a-4535-8fec-4de3b925a6c0" }, "geometry": { "type": "Polygon", "coordinates": [ [ [ 220.002109631120788, 865.484411148887261 ], [ 226.741064855690411, 861.520319841026208 ], [ 225.948246595652108, 854.583160049526668 ], [ 233.083610948339611, 852.006500700364541 ], [ 236.254883995786287, 858.745455925623219 ], [ 243.390248356328186, 856.367001135720329 ], [ 250.32740814414629, 871.232343545933986 ], [ 253.696885755963592, 888.674345306307373 ], [ 247.552544228370806, 895.215095967320053 ], [ 234.669247471595412, 899.179187278173117 ], [ 232.885406387148095, 898.386369013209901 ], [ 220.002109631120788, 865.484411148887261 ] ] ] } },
{ "type": "Feature", "properties": { "feature_type": "building", "subtype": "minor-damage", "uid": "389da26a-18fe-437b-bf6a-3f693c9b34bd" }, "geometry": { "type": "Polygon", "coordinates": [ [ [ 258.522160864723389, 852.812550852256209 ], [ 260.798844356193285, 843.199887219065317 ], [ 266.87000033562839, 840.417274063716263 ], [ 274.458945313740287, 834.852047747033907 ], [ 280.277136456280914, 834.093153249939178 ], [ 286.348292436401721, 835.863907079153137 ], [ 298.237639567041981, 854.330339849437792 ], [ 268.640754165527312, 871.531948456568102 ], [ 258.522160864723389, 852.812550852256209 ] ] ] } },
{ "type": "Feature", "properties": { "feature_type": "building", "subtype": "major-damage", "uid": "6dacf170-ae00-44a5-9f49-445583d8585e" }, "geometry": { "type": "Polygon", "coordinates": [ [ [ 311.344357938121902, 800.252936400293606 ], [ 334.364157695949984, 829.090927302858631 ], [ 322.221845736331773, 839.46248543414174 ], [ 320.704056741021077, 840.72730959629871 ], [ 322.221845735209683, 845.027711750824096 ], [ 309.826568944494284, 852.869621558790641 ], [ 283.265261531419128, 818.466404339543146 ], [ 308.814709614307901, 798.229217742039282 ], [ 311.344357938121902, 800.252936400293606 ] ] ] } },
{ "type": "Feature", "properties": { "feature_type": "building", "subtype": "minor-damage", "uid": "c2696b4c-9f50-4dec-99f2-8929790dfdfa" }, "geometry": { "type": "Polygon", "coordinates": [ [ [ 264.277711827529572, 750.261932147634752 ], [ 284.940390334155779, 772.216028058201346 ], [ 279.129012002137415, 776.09028027560089 ], [ 282.357555519689924, 779.964532498984909 ], [ 270.734798863445121, 789.650163049465618 ], [ 275.900468486267926, 797.075813136305783 ], [ 268.797672749135984, 802.241482762497412 ], [ 239.095072395993412, 767.373212784955626 ], [ 254.592081276368191, 754.136184366031785 ], [ 258.143479143999116, 754.459038717980434 ], [ 264.277711827529572, 750.261932147634752 ] ] ] } },
{ "type": "Feature", "properties": { "feature_type": "building", "subtype": "minor-damage", "uid": "120597cd-e3b7-46ad-80a7-0a5680d1b984" }, "geometry": { "type": "Polygon", "coordinates": [ [ [ 163.908574980759312, 803.925456505954912 ], [ 170.913476937691598, 798.980819828754647 ], [ 175.034007504454195, 798.980819828754647 ], [ 179.566591121478609, 804.337509560144099 ], [ 193.576395039519696, 803.513403446778739 ], [ 197.284872547293304, 806.397774842061608 ], [ 200.581296997262399, 808.045987069789703 ], [ 205.937986732015304, 837.301754071820255 ], [ 174.209901387162006, 845.954868256671261 ], [ 163.908574980759312, 803.925456505954912 ] ] ] } },
{ "type": "Feature", "properties": { "feature_type": "building", "subtype": "minor-damage", "uid": "9a2b4402-91bc-4e33-b52c-49642ead9d43" }, "geometry": { "type": "Polygon", "coordinates": [ [ [ 123.083891170791304, 806.82202806726923 ], [ 125.187474045965303, 802.614862315921755 ], [ 137.283075575909294, 804.718445189102113 ], [ 138.334867012561205, 805.770236628684302 ], [ 140.438449891849388, 807.347923782572252 ], [ 144.119719917419587, 804.192549469809592 ], [ 158.844800041144111, 809.977402377039766 ], [ 159.370695763802388, 851.523164149279978 ], [ 120.980308297487397, 850.471372712689799 ], [ 123.083891170791304, 806.82202806726923 ] ] ] } },
{ "type": "Feature", "properties": { "feature_type": "building", "subtype": "minor-damage", "uid": "89268c80-c86c-4d6a-a283-a7aeb2c43b59" }, "geometry": { "type": "Polygon", "coordinates": [ [ [ 85.496630853284657, 806.84013677015173 ], [ 86.548422290996328, 803.158866738096663 ], [ 97.592232381545585, 803.158866739094037 ], [ 100.747606693994896, 807.891928206741909 ], [ 113.894999661401201, 806.314241048864574 ], [ 113.369103941423305, 844.178732791044467 ], [ 110.213729630719399, 845.230524227634646 ], [ 108.110146755109099, 853.11896000704769 ], [ 84.444839415510657, 855.748438600517829 ], [ 85.496630853284657, 806.84013677015173 ] ] ] } },
{ "type": "Feature", "properties": { "feature_type": "building", "subtype": "minor-damage", "uid": "c5735c48-76df-4b54-b63c-efd78d6b2510" }, "geometry": { "type": "Polygon", "coordinates": [ [ [ 80.763569386636632, 810.521406797219925 ], [ 79.711777948426274, 844.704628513329112 ], [ 45.002660516408497, 844.704628513329112 ], [ 45.002660519774658, 805.262449614269144 ], [ 69.719759294279626, 805.788345331566802 ], [ 77.082299355518501, 805.788345331566802 ], [ 80.763569386636632, 810.521406797219925 ] ] ] } },
{ "type": "Feature", "properties": { "feature_type": "building", "subtype": "minor-damage", "uid": "60aed95a-3ebd-4743-8aef-f7b78a73a16d" }, "geometry": { "type": "Polygon", "coordinates": [ [ [ 38.429215555734821, 802.101837817298019 ], [ 38.429215554986783, 853.113722522839225 ], [ 29.488988339985539, 852.587826806538828 ], [ 8.453159590676755, 849.958348215063438 ], [ 8.979055309968942, 812.093856472883544 ], [ 23.178239714151889, 807.886690723530705 ], [ 24.755926870719389, 801.05004638070784 ], [ 38.429215555734821, 802.101837817298019 ] ] ] } },
{ "type": "Feature", "properties": { "feature_type": "building", "subtype": "minor-damage", "uid": "a92f3446-34f3-4d66-a48d-1028ee98a25d" }, "geometry": { "type": "Polygon", "coordinates": [ [ [ 5.617606791899794, 734.892113967886871 ], [ 23.69745048568079, 730.372153044595166 ], [ 28.86312011112177, 737.797803132432705 ], [ 30.154537520848169, 745.869161925164917 ], [ 9.491859013723325, 751.357685901310447 ], [ 5.617606791899794, 734.892113967886871 ] ] ] } },
{ "type": "Feature", "properties": { "feature_type": "building", "subtype": "minor-damage", "uid": "4a4a1dd6-7cd3-4536-982b-a3ebf71ef5d4" }, "geometry": { "type": "Polygon", "coordinates": [ [ [ 77.442745226969066, 708.019466595732979 ], [ 77.442745229898861, 721.205164398608076 ], [ 73.322214663448008, 728.210066357725736 ], [ 59.724463801964689, 727.798013302539175 ], [ 60.136516858834177, 748.400666121713357 ], [ 42.418235434266158, 746.752453896977272 ], [ 42.00618237727199, 738.923445826489001 ], [ 37.061545701134001, 738.51139276930769 ], [ 37.885651811756183, 721.205164400602825 ], [ 48.599031278893207, 720.793111346413639 ], [ 49.01108433831849, 709.667678821466325 ], [ 42.006182380077121, 707.607413538551555 ], [ 41.182076264717388, 695.657874905225867 ], [ 77.442745226782051, 696.481981016596478 ], [ 77.442745226969066, 708.019466595732979 ] ] ] } },
{ "type": "Feature", "properties": { "feature_type": "building", "subtype": "minor-damage", "uid": "eaa79bf9-c120-41e8-8d7a-dee4d538c150" }, "geometry": { "type": "Polygon", "coordinates": [ [ [ 53.794142586995598, 634.348840160645977 ], [ 64.771190543457635, 645.003033763980511 ], [ 57.022686101244311, 655.33437301337176 ], [ 58.95981221374565, 664.374294862947295 ], [ 67.031171007346444, 672.445653650692634 ], [ 48.305618609917808, 687.296953828362462 ], [ 33.131464080307111, 671.799944949787459 ], [ 37.328570650525968, 668.571401433292976 ], [ 27.642940099987829, 656.948644777104505 ], [ 51.534162122919788, 635.317403215494551 ], [ 53.794142586995598, 634.348840160645977 ] ] ] } },
{ "type": "Feature", "properties": { "feature_type": "building", "subtype": "minor-damage", "uid": "c95e5f9b-9cf2-4f03-bea3-929bd90a8a56" }, "geometry": { "type": "Polygon", "coordinates": [ [ [ 54.499723634803381, 607.896763326874634 ], [ 54.499723636112442, 623.070917853500987 ], [ 9.622968753359103, 622.102354801644424 ], [ 8.008696999102217, 586.588376118210704 ], [ 15.757201434520899, 582.068415197911122 ], [ 31.899919019790069, 585.296958711413367 ], [ 33.514190781028617, 604.345365458431502 ], [ 52.562597527849967, 604.022511107480227 ], [ 54.499723634803381, 607.896763326874634 ] ] ] } },
{ "type": "Feature", "properties": { "feature_type": "building", "subtype": "minor-damage", "uid": "59c77646-6dd7-4e82-a8e4-353e34b87141" }, "geometry": { "type": "Polygon", "coordinates": [ [ [ 46.256290882545969, 525.896507665808826 ], [ 59.17046494995094, 534.613575162438337 ], [ 70.470367257551104, 547.527749226421406 ], [ 71.438930314767973, 550.433438391964614 ], [ 58.847610600745227, 561.087631995299148 ], [ 53.681940971252402, 558.181942830753314 ], [ 46.256290887470527, 564.316175511793631 ], [ 35.60209728071289, 550.75629274092114 ], [ 43.673456071508546, 544.299205707932174 ], [ 37.539223388351999, 535.582138214294787 ], [ 46.256290882545969, 525.896507665808826 ] ] ] } },
{ "type": "Feature", "properties": { "feature_type": "building", "subtype": "minor-damage", "uid": "ab22e3cd-4125-4da4-bdc3-45f9bb1c90f2" }, "geometry": { "type": "Polygon", "coordinates": [ [ [ 20.39411310883272, 503.44579642145959 ], [ 36.536830692668161, 515.714261784537484 ], [ 24.914074033368859, 527.659872795666729 ], [ 15.874152187288731, 521.525640115623787 ], [ 8.448502096712213, 523.785620577269697 ], [ 6.51137598707834, 519.588514002934517 ], [ -0.000004599102216, 521.525640115623787 ], [ -0.000004603652758, 499.894398555011207 ], [ 8.125647744888392, 503.44579642145959 ], [ 13.61417172427263, 507.965757343753921 ], [ 20.39411310883272, 503.44579642145959 ] ] ] } },
{ "type": "Feature", "properties": { "feature_type": "building", "subtype": "minor-damage", "uid": "8b22158e-9b15-4456-b356-afb2c58b9e47" }, "geometry": { "type": "Polygon", "coordinates": [ [ [ 142.29053955936979, 626.201593830279762 ], [ 159.184714872380596, 644.743981364544425 ], [ 147.647229293998009, 655.045307776126265 ], [ 144.350804844652288, 653.809148604582106 ], [ 134.873584543947203, 663.69842195998001 ], [ 124.984311191484196, 655.457360832310314 ], [ 132.401266205909394, 646.804246648456569 ], [ 125.808417307591995, 636.914973294056153 ], [ 133.225372318900412, 630.322124394114667 ], [ 139.406168165335089, 627.437752995839674 ], [ 142.29053955936979, 626.201593830279762 ] ] ] } },
{ "type": "Feature", "properties": { "feature_type": "building", "subtype": "minor-damage", "uid": "8dd29b40-f529-4ab9-91cc-3fe5da0520b9" }, "geometry": { "type": "Polygon", "coordinates": [ [ [ 118.273043780552797, 658.750600679117383 ], [ 120.533024242197499, 667.378469470514233 ], [ 118.060705908585504, 677.679795881098698 ], [ 94.985734746023127, 678.09184893628526 ], [ 94.573681688467929, 661.609726680945982 ], [ 103.226795877989801, 662.021779738127293 ], [ 104.875008098860107, 657.077143059929654 ], [ 117.6486528492226, 656.665090003745718 ], [ 118.273043780552797, 658.750600679117383 ] ] ] } },
{ "type": "Feature", "properties": { "feature_type": "building", "subtype": "minor-damage", "uid": "8fdba911-891e-4539-9292-1a872acc4709" }, "geometry": { "type": "Polygon", "coordinates": [ [ [ 104.9954659364534, 696.646180283213653 ], [ 122.713747364886302, 696.646180281218903 ], [ 122.301694305585698, 698.706445565131048 ], [ 133.839179884965688, 698.294392507949738 ], [ 146.200771576401507, 702.002870015600479 ], [ 154.85388576212091, 709.831878088083613 ], [ 153.617726593694101, 721.369363666222739 ], [ 143.316400181743489, 718.897045326126545 ], [ 139.607922674967313, 732.082743133988515 ], [ 139.19586962059131, 748.976918443517206 ], [ 123.949906534933803, 748.152812332146482 ], [ 122.713747361395505, 735.379167582463197 ], [ 120.653482081536197, 731.258637017631031 ], [ 121.889641252394, 716.424726991017224 ], [ 103.759306771517501, 715.600620874659739 ], [ 102.935200653913697, 699.942604733683083 ], [ 104.9954659364534, 696.646180283213653 ] ] ] } },
{ "type": "Feature", "properties": { "feature_type": "building", "subtype": "minor-damage", "uid": "674f8384-01f9-4abf-b558-ea9bdbe67717" }, "geometry": { "type": "Polygon", "coordinates": [ [ [ 185.660572962414392, 698.712986615894465 ], [ 182.364148510388304, 696.240668275798271 ], [ 194.3136871452663, 681.406758245194965 ], [ 220.273029699619286, 702.421464122547945 ], [ 211.619915513962212, 718.079480263524488 ], [ 185.660572962414392, 698.712986615894465 ] ] ] } },
{ "type": "Feature", "properties": { "feature_type": "building", "subtype": "no-damage", "uid": "228b35e9-a2b3-4c09-8647-47abb1775588" }, "geometry": { "type": "Polygon", "coordinates": [ [ [ 220.51514432551491, 0.011265545978026 ], [ 214.796001081441403, 6.498890751329164 ], [ 201.450840037371989, 0.01102564637386 ], [ 220.51514432551491, 0.011265545978026 ] ] ] } },
{ "type": "Feature", "properties": { "feature_type": "building", "subtype": "major-damage", "uid": "17fbc3e9-3de3-4ed9-aad4-20ab7de646f4" }, "geometry": { "type": "Polygon", "coordinates": [ [ [ 848.270975861302077, 287.496364026730419 ], [ 857.182866022143457, 287.814645816223276 ], [ 856.546302436861879, 301.819044638691082 ], [ 847.634412277578917, 299.909353895749121 ], [ 848.270975861302077, 287.496364026730419 ] ] ] } },
{ "type": "Feature", "properties": { "feature_type": "building", "subtype": "major-damage", "uid": "54189d58-ed60-43ab-8e23-2fe0867ac071" }, "geometry": { "type": "Polygon", "coordinates": [ [ [ 795.647934687155271, 296.629096706781809 ], [ 803.268433681372471, 298.583070808193384 ], [ 802.09604922005235, 306.985159446058617 ], [ 793.107768356019619, 305.031185341654918 ], [ 795.647934687155271, 296.629096706781809 ] ] ] } }
]
}
