{
"type": "FeatureCollection",
"name": "hurricane-harvey_00000193_post_disaster",
"features": [
{ "type": "Feature", "properties": { "feature_type": "building", "subtype": "no-damage", "uid": "32872f6a-a903-491d-9b6a-440e6c2a52c3" }, "geometry": { "type": "Polygon", "coordinates": [ [ [ 86.356769829334638, 30.939585449942349 ], [ 49.589995209694671, 54.430002489513747 ], [ 39.733729485009377, 39.880852411630293 ], [ 37.828383258069152, 41.786198639818167 ], [ 46.349995210488629, 56.460002487262827 ], [ 44.880969840126227, 57.380407941581687 ], [ 9.626539854961312, 79.155202936750626 ], [ 2.886722355252616, 72.933832938130934 ], [ -0.000004788704269, 61.009540442605719 ], [ 9.626539850658512, 53.232827944829978 ], [ 7.034302352065709, 50.122142944522373 ], [ 16.366357351240239, 44.419220446619107 ], [ 47.991654839996578, 26.792005448201881 ], [ 46.436312341713922, 24.199767955594979 ], [ 58.879052336954878, 15.38616045638636 ], [ 63.545079837415173, 22.644425454443429 ], [ 75.469372331565665, 13.31237046050488 ], [ 86.356769829334638, 30.939585449942349 ] ] ] } },
{ "type": "Feature", "properties": { "feature_type": "building", "subtype": "no-damage", "uid": "7387fa93-cb1d-4dc2-a995-2044ae6fa827" }, "geometry": { "type": "Polygon", "coordinates": [ [ [ 51.92962872952355, 100.387508182430807 ], [ 83.388611760610971, 75.767434506729728 ], [ 107.031698385375506, 102.732277103118406 ], [ 77.722086865437618, 127.156953366849805 ], [ 68.929203412923414, 116.019300993334099 ], [ 56.423769163605058, 124.030594804270095 ], [ 43.3321426852374, 106.835622717564505 ], [ 51.92962872952355, 100.387508182430807 ] ] ] } },
{ "type": "Feature", "properties": { "feature_type": "building", "subtype": "no-damage", "uid": "550d99e0-452e-471b-8cb0-f6c4f09d06b0" }, "geometry": { "type": "Polygon", "coordinates": [ [ [ 128.607077074827714, 66.545135523097571 ], [ 142.611475896283707, 79.91297076292264 ], [ 117.467214373188398, 104.420668703267097 ], [ 109.191887796354806, 96.145342125994972 ], [ 109.510169591942301, 93.91736958668929 ], [ 101.553124803587295, 85.005479425475585 ], [ 111.101578547992005, 74.502180308897778 ], [ 114.284396460839602, 78.321561807558552 ], [ 128.607077074827714, 66.545135523097571 ] ] ] } },
{ "type": "Feature", "properties": { "feature_type": "building", "subtype": "no-damage", "uid": "8f30f1f1-cce1-4329-9cc9-a13f9f4335d2" }, "geometry": { "type": "Polygon", "coordinates": [ [ [ 121.880476380193599, 62.689787279438228 ], [ 117.6409804798664, 63.437933617446028 ], [ 106.418785443176603, 49.223153241194197 ], [ 121.631094269249601, 39.996015100035649 ], [ 132.354525081307798, 52.215738580254673 ], [ 121.880476380193599, 62.689787279438228 ] ] ] } },
{ "type": "Feature", "properties": { "feature_type": "building", "subtype": "no-damage", "uid": "cf82172a-2398-47be-a93e-47effa6917c4" }, "geometry": { "type": "Polygon", "coordinates": [ [ [ 171.264942564102313, 19.336498290004752 ], [ 171.015560450788712, 21.580937298041679 ], [ 164.282243432104792, 25.321668973114459 ], [ 184.23281238388509, 51.506790723567732 ], [ 161.040275976925301, 67.716627996850136 ], [ 153.309430509476897, 56.24505084965017 ], [ 145.079820815089505, 62.479603646759479 ], [ 133.608243670074813, 47.017912707493878 ], [ 148.820552493466494, 35.047571336285714 ], [ 153.309430505548193, 39.287067239357697 ], [ 157.548926407434408, 36.294481898301719 ], [ 151.064991499195486, 24.5735226361044 ], [ 153.309430506920108, 23.326612080074892 ], [ 147.074877709999413, 13.8500918299055 ], [ 161.539040198688411, 5.371100027752515 ], [ 171.264942564102313, 19.336498290004752 ] ] ] } },
{ "type": "Feature", "properties": { "feature_type": "building", "subtype": "no-damage", "uid": "441a22f0-542c-4e1d-9eaf-d6ae699087e9" }, "geometry": { "type": "Polygon", "coordinates": [ [ [ 204.254406758074509, 0.011108860009479 ], [ 213.472101103910489, 10.851572945523881 ], [ 209.731369424224113, 13.096011953560801 ], [ 220.953564463345913, 28.807085002835009 ], [ 195.516589045793012, 47.510743393165193 ], [ 183.795629788836607, 30.55275978586597 ], [ 191.775857370284598, 26.562645996793581 ], [ 191.277093145278712, 24.816971211767111 ], [ 192.773385818550196, 23.071296431729401 ], [ 198.758556500037088, 18.831800527659659 ], [ 192.27462159366911, 10.851572947519379 ], [ 197.761028055076594, 5.115784373420519 ], [ 203.247434514613303, 7.858987603470146 ], [ 205.491873522649712, 6.612077046442884 ], [ 198.022885155268995, 0.01102781671477 ], [ 204.254406758074509, 0.011108860009479 ] ] ] } },
{ "type": "Feature", "properties": { "feature_type": "building", "subtype": "no-damage", "uid": "85c95a89-ea0c-4d6f-b090-35395089620d" }, "geometry": { "type": "Polygon", "coordinates": [ [ [ 246.080685139788187, 0.011610591897139 ], [ 229.396971953460394, 7.793020858947187 ], [ 223.669535996714586, 0.011350897356637 ], [ 246.080685139788187, 0.011610591897139 ] ] ] } },
{ "type": "Feature", "properties": { "feature_type": "building", "subtype": "no-damage", "uid": "e5f164df-fa6a-4eea-8547-75bcd239109d" }, "geometry": { "type": "Polygon", "coordinates": [ [ [ 463.604186494970975, 0.013034657461104 ], [ 472.189508880328106, 13.51600002976833 ], [ 461.367927971844381, 20.199917650678611 ], [ 461.049646178439389, 25.61070810470347 ], [ 464.550745883133118, 26.247271688645061 ], [ 464.232464091910686, 39.93338871595104 ], [ 445.453838397628715, 41.524797676303884 ], [ 445.135556608776028, 41.206515885829717 ], [ 444.180711231180112, 29.748371393838411 ], [ 447.045247355798608, 27.838680642013649 ], [ 448.95493810406839, 15.10740898812567 ], [ 440.997893320889204, 18.608508694316779 ], [ 436.860230028450189, 7.150364205318718 ], [ 432.730061102030788, 0.01295360618439 ], [ 463.604186494970975, 0.013034657461104 ] ] ] } },
{ "type": "Feature", "properties": { "feature_type": "building", "subtype": "no-damage", "uid": "b657a7bb-93bc-46b8-853d-10644a0125cd" }, "geometry": { "type": "Polygon", "coordinates": [ [ [ 401.050715286992613, 4.586258666587982 ], [ 413.746228685544111, 0.012883884366364 ], [ 413.808181650607708, 0.012884134801778 ], [ 417.283086645633489, 1.721722543340718 ], [ 420.784186352572078, 2.040004333814885 ], [ 429.377794722748376, 21.455193608613151 ], [ 416.646523067055114, 28.4573930199976 ], [ 421.420749934829928, 37.687564969689973 ], [ 411.554014400138215, 42.461791841768751 ], [ 420.147622772621673, 56.784472455011823 ], [ 405.188378571698991, 65.378080825751368 ], [ 393.411952290109411, 49.145709460683527 ], [ 404.233533198281179, 45.008046173544088 ], [ 403.596969615836372, 39.915537508995662 ], [ 398.186179160004372, 39.597255718521488 ], [ 389.910852583233122, 21.455193611606401 ], [ 396.913051995426599, 16.3626849440647 ], [ 394.685079454811898, 12.543303448397189 ], [ 401.687278869562078, 9.678767326147671 ], [ 401.050715286992613, 4.586258666587982 ] ] ] } },
{ "type": "Feature", "properties": { "feature_type": "building", "subtype": "no-damage", "uid": "82fd6659-f035-482d-8ab8-aad89f646a0c" }, "geometry": { "type": "Polygon", "coordinates": [ [ [ 378.502132537986427, 36.830152630691003 ], [ 390.278558823567096, 56.881905490428601 ], [ 376.274160000552115, 64.838950279222061 ], [ 389.960277032968293, 89.983211799517093 ], [ 369.908524170179817, 100.804792707566804 ], [ 353.039589223731127, 69.613177149305329 ], [ 359.405225052170181, 64.838950279222061 ], [ 351.766462056846024, 51.789396828873407 ], [ 378.502132537986427, 36.830152630691003 ] ] ] } },
{ "type": "Feature", "properties": { "feature_type": "building", "subtype": "no-damage", "uid": "d47f2d17-f70d-4400-a757-9da331f08802" }, "geometry": { "type": "Polygon", "coordinates": [ [ [ 227.341159037202914, 118.182519234757905 ], [ 244.808497862688114, 109.651958411625202 ], [ 246.43336659136969, 104.777352222274303 ], [ 258.213664872923573, 98.684094496311431 ], [ 277.305872429647195, 129.150383148076088 ], [ 247.245800955617, 147.430156342926409 ], [ 227.341159037202914, 118.182519234757905 ] ] ] } },
{ "type": "Feature", "properties": { "feature_type": "building", "subtype": "no-damage", "uid": "cb8b4c7b-1753-4d92-a7aa-6c5980cb26b8" }, "geometry": { "type": "Polygon", "coordinates": [ [ [ 245.636472232362706, 155.901040787435193 ], [ 257.606813603630428, 143.18255308121249 ], [ 266.335187518346686, 158.14547979347671 ], [ 257.108049379559986, 167.871382156647911 ], [ 245.636472232362706, 155.901040787435193 ] ] ] } },
{ "type": "Feature", "properties": { "feature_type": "building", "subtype": "no-damage", "uid": "50a4a9a3-9be5-4f2f-b063-2fbc5d809fa6" }, "geometry": { "type": "Polygon", "coordinates": [ [ [ 282.545024793745483, 127.720862144940199 ], [ 275.81170777425092, 115.999902886733906 ], [ 274.066032988975394, 115.999902886733906 ], [ 262.843837953657498, 100.039447726453304 ], [ 265.587041184205418, 99.540683500449603 ], [ 260.848781058872305, 92.059220141324275 ], [ 283.791935351458392, 79.839496662103002 ], [ 286.036374358684213, 80.837025110119413 ], [ 296.011658837473988, 74.851854422020949 ], [ 304.740032749820614, 89.316016913270147 ], [ 309.727674991522804, 102.283886730499205 ], [ 318.954813128002172, 96.049333932392159 ], [ 322.94492692062812, 108.767821641608094 ], [ 331.423918725647582, 101.785122508486495 ], [ 340.152292640363896, 118.244341889782007 ], [ 318.954813128750516, 131.461593822008496 ], [ 315.214081452992673, 131.960358043023405 ], [ 304.989414861512785, 114.752992324717894 ], [ 285.038845912164618, 127.471480030940597 ], [ 282.545024793745483, 127.720862144940199 ] ] ] } },
{ "type": "Feature", "properties": { "feature_type": "building", "subtype": "no-damage", "uid": "a2bcaa88-b5da-4fcc-9fbe-c9b0c95a93d8" }, "geometry": { "type": "Polygon", "coordinates": [ [ [ 314.465935116107516, 140.688731960173811 ], [ 320.451105803456187, 138.444292953134607 ], [ 319.453577353195101, 135.202325499076693 ], [ 320.201723691077973, 134.204797052058098 ], [ 337.159707295941189, 123.4813662408704 ], [ 341.64858531170222, 133.207268604041701 ], [ 349.130048667583083, 128.219626365955094 ], [ 357.359658361097388, 145.177609973254391 ], [ 348.132520221562402, 148.918341651320389 ], [ 349.87819500415651, 150.664016435349112 ], [ 336.660943077046625, 159.891154574512086 ], [ 331.673300838150624, 153.157837554392387 ], [ 322.44616269930151, 157.147951344462513 ], [ 314.465935116107516, 140.688731960173811 ] ] ] } },
{ "type": "Feature", "properties": { "feature_type": "building", "subtype": "no-damage", "uid": "78bb3988-4ffd-471d-942f-742edc68562f" }, "geometry": { "type": "Polygon", "coordinates": [ [ [ 339.674887000162585, 167.887880059513492 ], [ 341.82425850707159, 167.106290419616897 ], [ 347.68618081003649, 165.15231631887761 ], [ 356.479064267539513, 180.197916893871991 ], [ 348.272373041642595, 184.6920573272686 ], [ 338.697899945926906, 188.600005529745005 ], [ 342.215053328079989, 195.243517474852808 ], [ 329.514221671406574, 201.496234598016912 ], [ 318.181171884614287, 178.048545385154 ], [ 329.514221671406574, 170.623443800149488 ], [ 330.100413900144076, 161.439765524379908 ], [ 336.660943077046625, 159.891154574512086 ], [ 339.674887000162585, 167.887880059513492 ] ] ] } },
{ "type": "Feature", "properties": { "feature_type": "building", "subtype": "no-damage", "uid": "63826450-85e4-40aa-b6bc-a5a44449cd55" }, "geometry": { "type": "Polygon", "coordinates": [ [ [ 277.09581134207582, 201.624938071860413 ], [ 264.876087860612472, 209.355783543987513 ], [ 249.165014811591504, 187.160775584602192 ], [ 257.893388726182991, 182.422515457521996 ], [ 261.135356181549582, 184.417572353554789 ], [ 268.367437427920777, 181.424987012498804 ], [ 274.851372339340003, 187.908921918619001 ], [ 285.824185259910109, 183.420043905538392 ], [ 288.816770602773772, 185.9138650275749 ], [ 292.058738055022388, 183.91880812854879 ], [ 289.315534824287511, 172.94599520735261 ], [ 299.540201413584725, 170.202791973311889 ], [ 302.034022530694301, 169.205263529286498 ], [ 304.029079428347984, 178.931165890462296 ], [ 309.016721667493528, 177.43487322043319 ], [ 317.994477696521074, 191.649653596684999 ], [ 321.236445147148288, 191.400271488671905 ], [ 325.725323161537517, 201.126173848849902 ], [ 297.046380293045388, 220.577978576190105 ], [ 293.804412839487213, 214.343425782074092 ], [ 287.07109581930672, 216.587864786120008 ], [ 277.09581134207582, 201.624938071860413 ] ] ] } },
{ "type": "Feature", "properties": { "feature_type": "building", "subtype": "no-damage", "uid": "6df53460-dc39-4697-afe3-e24450af14f8" }, "geometry": { "type": "Polygon", "coordinates": [ [ [ 240.96797548193129, 217.886779161911903 ], [ 229.745780446052208, 208.16087680073619 ], [ 241.217357591378601, 195.193006981511587 ], [ 277.128381705805282, 224.12133195802349 ], [ 252.938316852575412, 254.296567498546892 ], [ 230.743308894380107, 236.091673328233895 ], [ 226.753195106243993, 239.832405010291012 ], [ 229.24701622160751, 242.326226125343197 ], [ 224.758138207966795, 266.26690886676181 ], [ 206.303861927213006, 263.523705638707725 ], [ 209.545829381082996, 238.585494450270403 ], [ 219.521113857939696, 240.081787123292798 ], [ 226.005048768111692, 228.111445748093587 ], [ 232.987747899984498, 228.360827862093203 ], [ 240.96797548193129, 217.886779161911903 ] ] ] } },
{ "type": "Feature", "properties": { "feature_type": "building", "subtype": "no-damage", "uid": "117d492b-1915-443e-bd0f-da81f827a3e9" }, "geometry": { "type": "Polygon", "coordinates": [ [ [ 202.918589554167397, 148.103696455394498 ], [ 196.552953726227202, 135.054143007041404 ], [ 212.148761506663789, 124.869125678942197 ], [ 224.880033160673491, 140.464933459070693 ], [ 242.703813482285994, 164.6543496059478 ], [ 232.837077947344909, 170.065140060970407 ], [ 227.42628749219881, 167.200603937723088 ], [ 219.469242707647709, 172.929676183219897 ], [ 229.335978242277008, 187.570638584941605 ], [ 217.559551958754213, 195.527683375730589 ], [ 189.869036104944314, 160.834968109282499 ], [ 202.918589554167397, 148.103696455394498 ] ] ] } },
{ "type": "Feature", "properties": { "feature_type": "building", "subtype": "no-damage", "uid": "3a7746ab-f861-4fb1-88a1-3f431f00bb32" }, "geometry": { "type": "Polygon", "coordinates": [ [ [ 187.004499982321306, 168.792012896080507 ], [ 186.049654610587311, 171.974830810799602 ], [ 167.589310707340587, 186.29751142404271 ], [ 172.681819367335606, 193.299710834429391 ], [ 163.451647418269005, 199.665346660874491 ], [ 149.447248592946693, 181.841566344433602 ], [ 175.546355491392887, 157.652150196558807 ], [ 187.004499982321306, 168.792012896080507 ] ] ] } },
{ "type": "Feature", "properties": { "feature_type": "building", "subtype": "no-damage", "uid": "fe675154-68f2-4a15-a975-4712c2817140" }, "geometry": { "type": "Polygon", "coordinates": [ [ [ 136.6964159968731, 240.608886658724714 ], [ 134.701359102524407, 239.61135821569701 ], [ 124.975456739979094, 229.885455851528008 ], [ 121.733489284612503, 231.381748521557114 ], [ 110.760676361610393, 218.164496590328497 ], [ 111.758204808005203, 215.920057585284809 ], [ 122.731017730383698, 207.191683671127691 ], [ 120.735960836721006, 204.947244662092999 ], [ 127.219895745895201, 198.712691866979213 ], [ 127.968042083653401, 199.710220310006889 ], [ 128.46680630416941, 200.707748760018802 ], [ 135.948269663667105, 195.96948863593181 ], [ 140.437147678368007, 190.981846398843089 ], [ 158.392659731746193, 212.428708015231791 ], [ 148.666757369512709, 220.658317712365005 ], [ 150.163050041474605, 227.391634731486988 ], [ 139.689001343727796, 234.374333862613099 ], [ 155.898838617131105, 248.838496353862297 ], [ 148.167993143820894, 261.307601947083185 ], [ 131.45939164927799, 253.576756478947004 ], [ 136.6964159968731, 240.608886658724714 ] ] ] } },
{ "type": "Feature", "properties": { "feature_type": "building", "subtype": "no-damage", "uid": "38150b68-b029-4f2f-a2ec-042f03720208" }, "geometry": { "type": "Polygon", "coordinates": [ [ [ 83.181311870028281, 287.925818658375022 ], [ 95.650417462560256, 272.713509831113527 ], [ 100.887441812150797, 276.703623623179226 ], [ 103.630645044818905, 275.706095175162716 ], [ 119.8404823182222, 290.669021886429221 ], [ 124.079978221854404, 287.42705443137362 ], [ 139.791051268443397, 302.140599032631428 ], [ 123.082449771842704, 322.091167983979801 ], [ 109.117051505914603, 308.873916055744417 ], [ 112.109636849152395, 306.380094936701084 ], [ 105.3763198282236, 300.145542139591782 ], [ 99.391149141560803, 304.63442015167459 ], [ 98.144238583348994, 305.631948602684304 ], [ 83.181311872585013, 291.167786114428282 ], [ 83.181311870028281, 287.925818658375022 ] ] ] } },
{ "type": "Feature", "properties": { "feature_type": "building", "subtype": "no-damage", "uid": "2a6d8d39-fd4d-435e-8902-5bef6024d45e" }, "geometry": { "type": "Polygon", "coordinates": [ [ [ 144.162938325356009, 317.974246234787586 ], [ 148.153052112182507, 313.485368222704778 ], [ 157.130808139651208, 319.969303127827175 ], [ 160.871539818901113, 317.724864120788027 ], [ 169.849295847429886, 325.455709587926492 ], [ 178.328287653447092, 313.23598610870522 ], [ 197.281328154716789, 325.455709588924208 ], [ 183.814694112671987, 345.156896428268624 ], [ 176.831994980549808, 341.914928975208511 ], [ 168.103621065147593, 351.890213449386124 ], [ 164.362889386209389, 348.648245995328182 ], [ 160.372775594768314, 353.885270345418917 ], [ 157.878954475975092, 352.139595565381228 ], [ 133.439507509992808, 332.18902661103948 ], [ 144.162938325356009, 317.974246234787586 ] ] ] } },
{ "type": "Feature", "properties": { "feature_type": "building", "subtype": "no-damage", "uid": "31d9fd0a-cdd6-475c-894a-6163c0d145bf" }, "geometry": { "type": "Polygon", "coordinates": [ [ [ 181.429047852383889, 346.657334697393196 ], [ 184.421633194062792, 347.654863143414104 ], [ 190.406803880289004, 348.153627366424587 ], [ 192.651242887701812, 347.156098919405906 ], [ 200.8808525785347, 354.388180162536116 ], [ 207.614169599151808, 357.380765506585419 ], [ 212.35242972660501, 354.138798052527477 ], [ 218.586982524461092, 343.165985128337979 ], [ 236.791876695580498, 350.398066372466019 ], [ 231.305470230867911, 363.365936188697276 ], [ 226.567210105223211, 368.602960539785727 ], [ 217.340071964004409, 363.116554079686523 ], [ 211.853665505714901, 367.356049979765203 ], [ 202.377145249498909, 381.570830358012472 ], [ 170.954999154013507, 359.874586628621898 ], [ 181.429047852383889, 346.657334697393196 ] ] ] } },
{ "type": "Feature", "properties": { "feature_type": "building", "subtype": "no-damage", "uid": "8fd3b0a7-64ed-4718-bed0-a28c3b3fe9a2" }, "geometry": { "type": "Polygon", "coordinates": [ [ [ 219.568318798808406, 272.027539558396086 ], [ 232.037424391839295, 288.736141055686801 ], [ 245.254676322566013, 282.002824036564675 ], [ 253.733668127024288, 273.523832226429818 ], [ 274.931147638325911, 300.955864534908017 ], [ 255.978107134686496, 313.674352243126293 ], [ 248.247261663371802, 303.948449880952808 ], [ 239.020123524210987, 308.686710005039686 ], [ 235.030009734827701, 301.454628761909476 ], [ 220.815229354899998, 306.192888886994183 ], [ 205.10415630750029, 280.506531363542422 ], [ 219.568318798808406, 272.027539558396086 ] ] ] } },
{ "type": "Feature", "properties": { "feature_type": "building", "subtype": "no-damage", "uid": "a1cf7b9e-1e27-4857-8b86-57e08813c23b" }, "geometry": { "type": "Polygon", "coordinates": [ [ [ 280.932467719287501, 306.387662811563814 ], [ 302.461978371558985, 304.356576902909524 ], [ 302.461978371995485, 318.57417827147151 ], [ 313.450331296995216, 320.263335028637982 ], [ 308.961453282980187, 344.165860740869391 ], [ 276.057861534552273, 340.509906104094512 ], [ 276.057861539229293, 315.324440817225479 ], [ 280.932467719412216, 314.105789272631625 ], [ 280.932467719287501, 306.387662811563814 ] ] ] } },
{ "type": "Feature", "properties": { "feature_type": "building", "subtype": "no-damage", "uid": "60e1718f-a867-4b56-8c08-01db65a962a7" }, "geometry": { "type": "Polygon", "coordinates": [ [ [ 354.794564698072918, 281.82523220241751 ], [ 362.115045899430925, 277.369287122808373 ], [ 376.756008305639114, 296.147912814662789 ], [ 369.435527103906907, 301.558703265694476 ], [ 366.889272775187692, 300.9221396857439 ], [ 343.972983787905491, 318.109356424229702 ], [ 331.559993925741821, 303.78667580899122 ], [ 326.149203471843009, 292.965094899943722 ], [ 333.469684670893685, 287.236022654446913 ], [ 335.697657211259013, 288.827431612804219 ], [ 350.020337825558727, 279.278977871639881 ], [ 353.203155741399712, 281.188668618476015 ], [ 354.794564698072918, 281.82523220241751 ] ] ] } },
{ "type": "Feature", "properties": { "feature_type": "building", "subtype": "no-damage", "uid": "fd6583a0-7b94-4e82-acc4-8654a24b32a3" }, "geometry": { "type": "Polygon", "coordinates": [ [ [ 404.446524162379887, 256.04440709518758 ], [ 399.990579078905512, 259.545506802376508 ], [ 404.12824236841368, 262.728324714102428 ], [ 412.403568949300677, 259.22722501090459 ], [ 416.859514026913189, 263.364888297046321 ], [ 424.179995229767883, 260.182070385320287 ], [ 435.956421511482176, 275.141314580509516 ], [ 423.86171343923138, 281.188668618476015 ], [ 424.498277020990315, 282.780077571844515 ], [ 413.419995230179723, 291.640002479351892 ], [ 397.013201471481409, 271.377396679832088 ], [ 376.509995229614276, 288.310002480262426 ], [ 374.846317559427121, 289.145713402280592 ], [ 356.06769186583108, 263.683170091511386 ], [ 358.613946196732797, 260.182070386318117 ], [ 364.661300232265774, 254.77127993129551 ], [ 370.390372476701089, 249.360489476272903 ], [ 370.390372476514017, 246.814235143499786 ], [ 383.121644135574797, 240.766881107528803 ], [ 384.713053091063273, 242.358290064888394 ], [ 391.71525250581351, 239.812035735108594 ], [ 404.446524162379887, 256.04440709518758 ] ] ] } },
{ "type": "Feature", "properties": { "feature_type": "building", "subtype": "no-damage", "uid": "23e6cda1-ee9c-4b24-8872-991e4c32bbd4" }, "geometry": { "type": "Polygon", "coordinates": [ [ [ 595.011747131657444, 0.012931587822934 ], [ 608.004350840904294, 26.483084266023639 ], [ 585.256188643665041, 39.888251274516229 ], [ 571.851021634302583, 14.29656880412046 ], [ 558.03963744322175, 19.983609354538501 ], [ 548.696642257215785, 4.141139254862569 ], [ 558.415177263782994, 0.013033191765391 ], [ 563.345883676398103, 0.013022782232807 ], [ 569.819935724152174, 3.328704889804457 ], [ 579.531134913202891, 0.012981437441162 ], [ 579.588910478363346, 0.012981270816803 ], [ 585.256188646034616, 3.734922070338012 ], [ 594.971651965150386, 0.012931730501277 ], [ 595.011747131657444, 0.012931587822934 ] ] ] } },
{ "type": "Feature", "properties": { "feature_type": "building", "subtype": "no-damage", "uid": "fb27e3ab-f3bc-4e53-93b7-4738fb5978ae" }, "geometry": { "type": "Polygon", "coordinates": [ [ [ 653.111296201663549, 0.01265469405664 ], [ 628.350543823894668, 16.950518851962261 ], [ 621.851068912161622, 5.982654939641757 ], [ 619.819982998144837, 6.388872120175312 ], [ 614.95518119781218, 0.012852529054278 ], [ 653.111296201663549, 0.01265469405664 ] ] ] } },
{ "type": "Feature", "properties": { "feature_type": "building", "subtype": "no-damage", "uid": "b71f6b3c-f0d6-481c-8884-570c7abb055e" }, "geometry": { "type": "Polygon", "coordinates": [ [ [ 524.892907506763436, 44.93521712351172 ], [ 516.935862722025263, 48.118035037233149 ], [ 507.387408977121709, 29.657691133857391 ], [ 522.664934967832437, 23.610337098884191 ], [ 532.531670501277063, 40.479272041907109 ], [ 557.675932023811015, 26.474873223129212 ], [ 571.362049053857618, 49.391162200127567 ], [ 561.495313522907395, 55.120234444626597 ], [ 564.359849644220844, 58.621334151815446 ], [ 548.4457600756798, 67.533224312031408 ], [ 541.125278869457816, 56.393361612509771 ], [ 534.759643041829349, 58.621334151815446 ], [ 524.892907506763436, 44.93521712351172 ] ] ] } },
{ "type": "Feature", "properties": { "feature_type": "building", "subtype": "no-damage", "uid": "0dc94225-cbb9-41b2-91e2-18f000188786" }, "geometry": { "type": "Polygon", "coordinates": [ [ [ 459.060641608883714, 49.524863759208309 ], [ 476.268007327185217, 42.043400402078483 ], [ 484.996381240778874, 56.008798667323973 ], [ 492.228462487773811, 54.512505996297108 ], [ 499.211161620519476, 52.517449102259789 ], [ 511.680267218227414, 44.287839411113147 ], [ 522.403698026731035, 61.495205127423233 ], [ 514.423470445033672, 69.475432709559001 ], [ 522.403698029100724, 84.937123645831363 ], [ 505.695096531626916, 94.912408120008962 ], [ 503.201275409466291, 90.922294329938822 ], [ 499.460543732586018, 92.667969111972027 ], [ 496.218576279589001, 90.672912218932467 ], [ 492.727226711719482, 92.418587002961189 ], [ 480.507503227637017, 71.470489605591823 ], [ 473.275421982263595, 75.211221284655608 ], [ 459.060641608883714, 49.524863759208309 ] ] ] } },
{ "type": "Feature", "properties": { "feature_type": "building", "subtype": "no-damage", "uid": "a1191378-198b-420b-a49c-c2aa6d9b516b" }, "geometry": { "type": "Polygon", "coordinates": [ [ [ 451.477255045862989, 87.358001308761146 ], [ 474.075262236061121, 79.082674731489021 ], [ 480.122616270222125, 99.770991171177201 ], [ 460.707426993495289, 106.136627000615604 ], [ 451.477255045862989, 87.358001308761146 ] ] ] } },
{ "type": "Feature", "properties": { "feature_type": "building", "subtype": "no-damage", "uid": "76c356e7-a4ed-408d-87f8-959694a8a9aa" }, "geometry": { "type": "Polygon", "coordinates": [ [ [ 434.290038305136193, 71.125629946686558 ], [ 443.20192846622308, 85.130028769455464 ], [ 426.014711731669991, 94.678482511617517 ], [ 418.375948733602002, 80.03752010690252 ], [ 434.290038305136193, 71.125629946686558 ] ] ] } },
{ "type": "Feature", "properties": { "feature_type": "building", "subtype": "no-damage", "uid": "1c3bc685-748f-41c5-a440-59fc1572dfe2" }, "geometry": { "type": "Polygon", "coordinates": [ [ [ 437.472856220228891, 99.770991174170447 ], [ 453.068663998794705, 98.179582215813113 ], [ 459.43429983147422, 114.093671783422494 ], [ 448.294437129211417, 119.504462239442901 ], [ 437.472856220228891, 99.770991174170447 ] ] ] } },
{ "type": "Feature", "properties": { "feature_type": "building", "subtype": "no-damage", "uid": "7e34f068-fcd8-4456-8c1d-e8f6bd45211d" }, "geometry": { "type": "Polygon", "coordinates": [ [ [ 443.520210257320912, 130.962606732431908 ], [ 413.920003653308015, 151.332641382643686 ], [ 405.644677076224923, 131.917452104852202 ], [ 404.559995228156083, 128.890002476399701 ], [ 413.46590075191699, 125.109348331177998 ], [ 416.219995231809321, 119.610002478850205 ], [ 432.380347557801826, 110.592572080224699 ], [ 443.520210257320912, 130.962606732431908 ] ] ] } },
{ "type": "Feature", "properties": { "feature_type": "building", "subtype": "no-damage", "uid": "47b03cc4-5bab-4cd2-8e21-b553073d20f3" }, "geometry": { "type": "Polygon", "coordinates": [ [ [ 415.70999522767238, 119.510002477442299 ], [ 413.100979392428428, 124.721157062741796 ], [ 404.399995228821979, 128.420002479859988 ], [ 404.053268120798805, 127.461507028236298 ], [ 400.769995227068819, 126.780002477923404 ], [ 399.87999522982949, 115.200002480918897 ], [ 404.053268120050518, 111.547417455638197 ], [ 408.509213203213108, 108.0463177504448 ], [ 411.055467530747421, 107.409754168498694 ], [ 415.70999522767238, 119.510002477442299 ] ] ] } },
{ "type": "Feature", "properties": { "feature_type": "building", "subtype": "no-damage", "uid": "632eed51-6b6c-4e37-b9e5-320d85c92504" }, "geometry": { "type": "Polygon", "coordinates": [ [ [ 398.96075945612688, 116.003362536245007 ], [ 399.409995228800085, 115.610002476414294 ], [ 400.269995227637423, 126.670002478669602 ], [ 381.13697913775701, 122.687280160148603 ], [ 376.362752264494475, 107.728035959970697 ], [ 382.091824511985521, 106.136627003608794 ], [ 383.046669885029075, 102.953809090885102 ], [ 389.412305715151888, 101.998963713476101 ], [ 394.823096168115285, 101.362400129534507 ], [ 398.96075945612688, 116.003362536245007 ] ] ] } },
{ "type": "Feature", "properties": { "feature_type": "building", "subtype": "no-damage", "uid": "91aee1ca-e0aa-425c-83ca-e5f0f9c3bb5b" }, "geometry": { "type": "Polygon", "coordinates": [ [ [ 5.93556085710084, 349.853694120919783 ], [ 11.21638422162116, 345.385305117091093 ], [ 19.340727867461052, 329.949052199944276 ], [ 31.527243327989439, 340.916916112264801 ], [ 36.401849511976302, 338.479613022079207 ], [ 50.213233703743001, 352.697214393634397 ], [ 34.370763603696659, 374.226725043728379 ], [ 5.93556085710084, 349.853694120919783 ] ] ] } },
{ "type": "Feature", "properties": { "feature_type": "building", "subtype": "no-damage", "uid": "fa088bb4-9562-43ff-b64d-ebc6d5275127" }, "geometry": { "type": "Polygon", "coordinates": [ [ [ 50.213233704054787, 390.069195141408784 ], [ 69.711658445240431, 370.976987583495884 ], [ 79.460870815396746, 379.101331224099511 ], [ 79.054653630373409, 383.163503048392272 ], [ 94.490906548264945, 396.568670052893879 ], [ 71.742744352272894, 422.566569705818779 ], [ 59.556228889749001, 412.411140153567601 ], [ 66.055703804849458, 406.317882426607014 ], [ 61.181097617557541, 398.599755966536975 ], [ 41.682672879178078, 401.443276243242622 ], [ 40.464021332464227, 392.100281054054108 ], [ 50.213233704054787, 390.069195141408784 ] ] ] } },
{ "type": "Feature", "properties": { "feature_type": "building", "subtype": "no-damage", "uid": "5e5cfad8-d037-482b-8596-2d37c90d135a" }, "geometry": { "type": "Polygon", "coordinates": [ [ [ 61.181097621049673, 442.064994446260698 ], [ 76.211133354229659, 425.003872797999918 ], [ 81.085739543267636, 430.690913349415609 ], [ 84.741694178233359, 428.659827435772627 ], [ 82.304391089482607, 424.597655616468614 ], [ 103.833901736889999, 396.9748872374185 ], [ 136.737493484320197, 425.003872797999918 ], [ 106.677422013657406, 461.969636365240717 ], [ 95.303340912200397, 451.814206816980516 ], [ 104.240118922038107, 440.846342899671185 ], [ 98.959295553152614, 435.565519531782286 ], [ 79.867087995930191, 453.845292724636977 ], [ 61.181097621049673, 442.064994446260698 ] ] ] } },
{ "type": "Feature", "properties": { "feature_type": "building", "subtype": "no-damage", "uid": "8d8979fd-8416-487b-8b3c-fbcbdc3cbda6" }, "geometry": { "type": "Polygon", "coordinates": [ [ [ -0.000004788891347, 454.226438968488708 ], [ 5.263308378395851, 445.632830604733272 ], [ 18.631143619527311, 454.226438970484082 ], [ 36.136642148670248, 437.99406760840958 ], [ 58.416367547396469, 453.908157177016676 ], [ 33.908669607494318, 483.508363781909623 ], [ 20.540834366986459, 475.869600784587988 ], [ 16.403171078974971, 481.280391239610708 ], [ -0.000004790575051, 467.275992419835006 ], [ -0.000004788891347, 454.226438968488708 ] ] ] } },
{ "type": "Feature", "properties": { "feature_type": "building", "subtype": "no-damage", "uid": "8fe6c36d-4f97-402c-997a-8ae850cc22d3" }, "geometry": { "type": "Polygon", "coordinates": [ [ [ 55.870113215746443, 463.77489271464168 ], [ 71.179958304830848, 474.071769138817217 ], [ 66.087449642466197, 482.347095719082574 ], [ 72.771367264497371, 484.575068258388285 ], [ 75.317621591969313, 473.753487347345299 ], [ 92.504838329203892, 480.437404967257805 ], [ 84.547793547209494, 500.807439620462787 ], [ 74.999339805299144, 496.988058121802112 ], [ 56.857277690094541, 522.76888322703644 ], [ 32.031297957785164, 503.353693954233677 ], [ 27.54303377924229, 493.375099314545821 ], [ 55.870113215746443, 463.77489271464168 ] ] ] } },
{ "type": "Feature", "properties": { "feature_type": "building", "subtype": "no-damage", "uid": "ec736693-dc56-4f5a-8424-2afd39eeb3b8" }, "geometry": { "type": "Polygon", "coordinates": [ [ [ 145.873842040521993, 528.002354916302124 ], [ 135.370542923385386, 543.916444487902481 ], [ 138.871642629575689, 544.871289859325088 ], [ 150.011505328533502, 534.36799074374494 ], [ 154.467450410511191, 521.000155506913188 ], [ 172.291230731188307, 527.047509540888655 ], [ 165.607313108658303, 548.372389566513903 ], [ 156.695422950190505, 546.144417027208192 ], [ 155.219366371657998, 552.569854542775147 ], [ 150.648068915156387, 553.464898229066876 ], [ 136.3253882992976, 576.381187213049429 ], [ 114.682226480022905, 563.013351972226587 ], [ 114.682226482018393, 557.920843310671444 ], [ 106.406899903812899, 551.873489275698262 ], [ 106.179995217405903, 550.980002486512944 ], [ 107.848900687645099, 549.832798741863598 ], [ 115.203957760359302, 541.198601317731004 ], [ 123.485571600648797, 527.502086114238637 ], [ 129.869995214543309, 518.340002486152116 ], [ 145.873842040521993, 528.002354916302124 ] ] ] } },
{ "type": "Feature", "properties": { "feature_type": "building", "subtype": "no-damage", "uid": "f9503e60-9682-450e-a0f2-159e0a21de5d" }, "geometry": { "type": "Polygon", "coordinates": [ [ [ 133.779133969144198, 511.133419970286013 ], [ 127.413498137275297, 516.862492219773685 ], [ 129.4399952180556, 518.09000248712232 ], [ 123.066098099811995, 527.229496558464461 ], [ 114.797058789053295, 540.905215415570638 ], [ 107.511153452316606, 549.458234724935096 ], [ 106.049995216660804, 550.460002486775011 ], [ 105.770336320806805, 549.327234943922917 ], [ 73.623875389446724, 528.320636711765019 ], [ 77.443256883367269, 521.955000884322203 ], [ 70.122775680387917, 517.817337594189439 ], [ 75.215284345496386, 511.133419972281388 ], [ 82.854047337390853, 505.722629516261122 ], [ 86.036865251984565, 505.722629516261122 ], [ 91.44765570912611, 507.950602060555525 ], [ 103.860645575218498, 515.589365054883842 ], [ 113.727381105545007, 499.993557277748607 ], [ 133.779133969144198, 511.133419970286013 ] ] ] } },
{ "type": "Feature", "properties": { "feature_type": "building", "subtype": "no-damage", "uid": "f8fd2ddb-4ad8-4702-a79d-e2d2751b75ca" }, "geometry": { "type": "Polygon", "coordinates": [ [ [ 129.204585897880094, 449.161649220973175 ], [ 143.422187273859493, 426.819704206818926 ], [ 179.981733658562604, 449.974083585033611 ], [ 164.139263555523002, 471.50359423512748 ], [ 129.204585897880094, 449.161649220973175 ] ] ] } },
{ "type": "Feature", "properties": { "feature_type": "building", "subtype": "no-damage", "uid": "728d5ba7-5600-423a-8856-0790521f56f0" }, "geometry": { "type": "Polygon", "coordinates": [ [ [ 161.701960464153188, 479.221720693202087 ], [ 163.733046373742411, 478.409286332135025 ], [ 173.482258745145913, 484.502544061090987 ], [ 176.731996200825307, 482.065240967912189 ], [ 188.106077300349114, 457.692210043108105 ], [ 216.947497228039708, 469.472508324477701 ], [ 214.103976951396987, 472.72224578071922 ], [ 224.665623687297199, 476.784417598027687 ], [ 199.88637558177831, 517.406135805036797 ], [ 181.606602387493609, 506.03205471018731 ], [ 184.450122660456998, 497.095276703527816 ], [ 176.325779019605903, 493.033104883225974 ], [ 169.420086927276998, 504.813403163597911 ], [ 151.952748093934503, 495.470407978400317 ], [ 161.701960464153188, 479.221720693202087 ] ] ] } },
{ "type": "Feature", "properties": { "feature_type": "building", "subtype": "no-damage", "uid": "7e963de1-7208-44f5-a452-30a249cc083a" }, "geometry": { "type": "Polygon", "coordinates": [ [ [ 210.583244817738205, 504.235175034280417 ], [ 213.425340414327195, 505.890179042945817 ], [ 219.410511101488794, 510.129674941029123 ], [ 225.39568178684209, 506.388943263960812 ], [ 234.622819929120908, 482.697642634546298 ], [ 279.511600069831388, 498.658097792831427 ], [ 268.53878714396069, 521.102487864220848 ], [ 261.057323787643384, 518.109902520171659 ], [ 249.585746643002807, 541.551821039577476 ], [ 227.238149281096412, 531.04550905126564 ], [ 236.581144470532195, 518.452776407831152 ], [ 235.362492923568908, 514.796821770058386 ], [ 223.175977461107408, 518.452776407831152 ], [ 216.270285367905387, 529.826857504676127 ], [ 199.209163721145302, 521.702513863074842 ], [ 210.583244817738205, 504.235175034280417 ] ] ] } },
{ "type": "Feature", "properties": { "feature_type": "building", "subtype": "no-damage", "uid": "399de183-9509-4c79-9440-f94f84af3a70" }, "geometry": { "type": "Polygon", "coordinates": [ [ [ 277.76592528355809, 517.361756185156992 ], [ 282.254803301002823, 503.645740030917921 ], [ 301.955990139718892, 509.880292827029507 ], [ 302.704136472176572, 512.374113946072725 ], [ 313.676949397797728, 516.86299196114885 ], [ 305.696721815726221, 533.820975567450319 ], [ 277.76592528355809, 517.361756185156992 ] ] ] } },
{ "type": "Feature", "properties": { "feature_type": "building", "subtype": "no-damage", "uid": "aca3d2ed-57a1-4b10-ab59-df346c59b92e" }, "geometry": { "type": "Polygon", "coordinates": [ [ [ 304.449811256828525, 541.801203147590627 ], [ 319.911502196838683, 547.786373833693574 ], [ 327.143583437660027, 522.848162643260821 ], [ 336.620103692005216, 526.339512211318265 ], [ 337.118867916262673, 520.853105747228028 ], [ 353.827469410431377, 526.588894325317824 ], [ 353.079323077038282, 529.082715443363327 ], [ 363.054607554768097, 531.576536562406659 ], [ 352.331176743146386, 563.248064769965936 ], [ 325.397908656811978, 553.77154451680326 ], [ 315.92138840439992, 574.470259807157277 ], [ 297.217730012390405, 566.24065011601067 ], [ 304.449811256828525, 541.801203147590627 ] ] ] } },
{ "type": "Feature", "properties": { "feature_type": "building", "subtype": "no-damage", "uid": "33bb2d4f-95d9-48b5-8a1d-071312e6558c" }, "geometry": { "type": "Polygon", "coordinates": [ [ [ 372.615964065159687, 553.700613868982714 ], [ 376.117063768730816, 535.558551758076646 ], [ 407.626961121761781, 542.87903295993533 ], [ 401.579607087787792, 576.935184641444039 ], [ 383.119263182171494, 571.84267597789335 ], [ 384.074108556399892, 563.885631193090944 ], [ 373.252527646482008, 558.474840742059314 ], [ 372.615964065159687, 553.700613868982714 ] ] ] } },
{ "type": "Feature", "properties": { "feature_type": "building", "subtype": "no-damage", "uid": "4c7aa86a-fb52-4143-a724-9df2b83e63f3" }, "geometry": { "type": "Polygon", "coordinates": [ [ [ 406.792812285777188, 577.416483855847446 ], [ 415.729590291249792, 578.228918220905484 ], [ 421.010413659386927, 575.38539794519761 ], [ 425.478802661281293, 547.762629566147552 ], [ 432.384494760344978, 548.981281112737065 ], [ 433.196929124342773, 547.762629566147552 ], [ 450.258050767922725, 551.418584204918147 ], [ 450.258050768047383, 553.043452932041077 ], [ 461.22591468329631, 555.480756022226615 ], [ 452.289136680318109, 603.008166325245384 ], [ 432.790711939381879, 598.133560139885503 ], [ 435.634232212968925, 580.666221313086567 ], [ 427.916105753212378, 579.447569769490428 ], [ 421.010413662629617, 586.353261861509168 ], [ 419.385544931079494, 597.321125781811702 ], [ 402.324423282635621, 592.852736773992092 ], [ 406.792812285777188, 577.416483855847446 ] ] ] } },
{ "type": "Feature", "properties": { "feature_type": "building", "subtype": "no-damage", "uid": "b1e02ff6-0e75-4765-b061-fc19dcdf9cd9" }, "geometry": { "type": "Polygon", "coordinates": [ [ [ 460.819697501889721, 593.258953956521054 ], [ 473.412430145944825, 553.043452932041077 ], [ 485.192728426750421, 556.699407569813843 ], [ 483.567859699378403, 561.574013757169269 ], [ 491.285986160257323, 563.198882482296767 ], [ 493.72328925056712, 558.730493480463565 ], [ 507.534673443082113, 562.792665298769862 ], [ 501.035198528605179, 589.602999317750573 ], [ 481.942990970073311, 584.728393132390693 ], [ 476.662167605365823, 598.539777319421319 ], [ 460.819697501889721, 593.258953956521054 ] ] ] } },
{ "type": "Feature", "properties": { "feature_type": "building", "subtype": "no-damage", "uid": "bd2dc337-16db-4fa2-952f-a4fe05f39179" }, "geometry": { "type": "Polygon", "coordinates": [ [ [ 524.161588961038547, 569.612539139817272 ], [ 532.285932603136871, 573.67471096111683 ], [ 533.910801333689164, 568.800104777752381 ], [ 552.596791708320325, 572.862276596058678 ], [ 551.784357343698844, 576.92444841536269 ], [ 557.877615074087771, 578.143099963947634 ], [ 552.190574523234545, 607.39073706812519 ], [ 516.44346250134447, 599.67261061404156 ], [ 523.349154599348026, 577.330665599887311 ], [ 524.161588961038547, 569.612539139817272 ] ] ] } },
{ "type": "Feature", "properties": { "feature_type": "building", "subtype": "no-damage", "uid": "a15ddfdb-d308-42ca-b34e-e0d5d8304027" }, "geometry": { "type": "Polygon", "coordinates": [ [ [ 551.229133306216454, 612.698789292846641 ], [ 562.603214402809385, 613.105006473380172 ], [ 567.477820587107999, 609.042834654076159 ], [ 563.415648768678011, 604.574445650247526 ], [ 572.352426773152729, 581.420066274028386 ], [ 582.101639145429317, 584.669803726278815 ], [ 584.945159418267963, 582.232500639086425 ], [ 594.694371787426462, 585.888455274863645 ], [ 594.694371787052319, 587.919541186511196 ], [ 606.068452887199783, 592.79414736887793 ], [ 596.72545769664157, 617.167178294679729 ], [ 582.101639141999499, 615.542309568554515 ], [ 578.039467320077279, 613.105006473380172 ], [ 576.820815773550521, 612.698789292846641 ], [ 570.321340862752891, 617.167178294679729 ], [ 566.665386224170334, 634.228299940945135 ], [ 546.760744304010245, 627.728825027464495 ], [ 551.229133306216454, 612.698789292846641 ] ] ] } },
{ "type": "Feature", "properties": { "feature_type": "building", "subtype": "no-damage", "uid": "e6eed1e1-47f8-4adc-ad19-0825fa8e1ca3" }, "geometry": { "type": "Polygon", "coordinates": [ [ [ 611.378985911478594, 625.740416448360293 ], [ 619.503329553015647, 608.679294805088261 ], [ 621.128198282507924, 594.055476248010677 ], [ 653.219355665877856, 604.210905797268538 ], [ 645.09501202396666, 634.270977270495223 ], [ 611.378985911478594, 625.740416448360293 ] ] ] } },
{ "type": "Feature", "properties": { "feature_type": "building", "subtype": "no-damage", "uid": "1d163ee6-b01e-4645-9783-c111657f5bea" }, "geometry": { "type": "Polygon", "coordinates": [ [ [ 662.151982601775103, 636.030367677804861 ], [ 660.527113872906398, 634.40549894768867 ], [ 666.62037160416844, 620.594114759660215 ], [ 670.682543423533843, 611.251119573464962 ], [ 675.557149608580858, 613.688422661655068 ], [ 678.806887068625429, 609.22003366281524 ], [ 704.398569537456183, 617.750594482954625 ], [ 696.274225895669588, 643.342276953350392 ], [ 682.86905888630713, 643.342276953350392 ], [ 682.056624522995321, 650.247969049360108 ], [ 675.557149611574118, 651.466620593953962 ], [ 670.682543423409129, 654.310140870659666 ], [ 656.058724868018771, 646.185797226065006 ], [ 657.68359359832175, 640.49875667963795 ], [ 658.089810779603454, 640.498756681633495 ], [ 662.151982601775103, 636.030367677804861 ] ] ] } },
{ "type": "Feature", "properties": { "feature_type": "building", "subtype": "no-damage", "uid": "a65bd44a-9bcb-4d10-969b-85524d327d12" }, "geometry": { "type": "Polygon", "coordinates": [ [ [ 695.908385413328688, 649.944842345018969 ], [ 699.158122872126114, 649.944842345018969 ], [ 706.470032151224359, 652.382145438197767 ], [ 709.719769603785835, 649.538625165483154 ], [ 710.125986785691225, 645.07023616165452 ], [ 717.844113245385302, 622.322073962975651 ], [ 727.999542797072763, 625.571811419217056 ], [ 730.030628708595145, 623.540725510562766 ], [ 741.404709806747064, 627.602897327871347 ], [ 740.186058262465281, 630.446417607570197 ], [ 750.74770499356373, 633.69615505882291 ], [ 741.810926991209158, 661.318923440866229 ], [ 722.718719433051319, 655.631882891445912 ], [ 715.813027336482037, 658.881620347687431 ], [ 708.501118059691066, 672.286787358175502 ], [ 690.221344868898541, 667.818398358337845 ], [ 695.908385413328688, 649.944842345018969 ] ] ] } },
{ "type": "Feature", "properties": { "feature_type": "building", "subtype": "no-damage", "uid": "60290d35-e96b-4226-b8ed-9d699a2fe063" }, "geometry": { "type": "Polygon", "coordinates": [ [ [ 755.63479411781168, 663.130305696925916 ], [ 759.454175615224358, 653.263570164289717 ], [ 756.58963949147892, 651.99044299740433 ], [ 763.273557115131439, 640.214016715936623 ], [ 805.286753579125389, 651.353879416455925 ], [ 799.239399543031254, 684.455185719558017 ], [ 787.46297325975786, 682.54549497272194 ], [ 781.73390101850282, 694.640203046659394 ], [ 766.456375028602679, 687.638003637270344 ], [ 771.867165479508344, 677.452986309171251 ], [ 762.000429946375561, 670.45078690177786 ], [ 764.228402486553705, 665.994841818177747 ], [ 758.181048451582001, 664.403432863811418 ], [ 755.63479411781168, 663.130305696925916 ] ] ] } },
{ "type": "Feature", "properties": { "feature_type": "building", "subtype": "no-damage", "uid": "3c13ce5a-a7f4-4f5b-b4ab-d4e756e3209f" }, "geometry": { "type": "Polygon", "coordinates": [ [ [ 225.971946514046692, 372.334610596603 ], [ 240.294627127785304, 379.018528219508823 ], [ 243.477445041630688, 376.790555677209909 ], [ 253.025898783478709, 382.837909715176295 ], [ 262.574352525451388, 367.242101936045572 ], [ 278.806723891076672, 376.790555675214421 ], [ 269.25827014785682, 391.431518080927106 ], [ 261.937788943879582, 387.293854793787716 ], [ 258.43668923625512, 393.022927040282184 ], [ 255.890434906039388, 394.614335995646286 ], [ 246.660262954166598, 413.392961690494019 ], [ 233.292427714157611, 405.754198696165588 ], [ 238.066654584801, 399.706844658199202 ], [ 217.37833814599071, 387.612136584261805 ], [ 219.924592475769913, 384.111036880066308 ], [ 215.468647393168709, 381.88306433776728 ], [ 219.924592473150909, 373.607737765483876 ], [ 223.425692180401199, 375.517428513317725 ], [ 225.971946514046692, 372.334610596603 ] ] ] } },
{ "type": "Feature", "properties": { "feature_type": "building", "subtype": "no-damage", "uid": "0635d8f7-b4fb-42c0-a665-74f1b6c96ec2" }, "geometry": { "type": "Polygon", "coordinates": [ [ [ 256.845280279082999, 421.031724681829019 ], [ 259.073252821506117, 418.485470353046878 ], [ 257.163562071802005, 414.984370648851325 ], [ 266.075452232514692, 397.160590328419403 ], [ 279.125005679929416, 402.889662572918382 ], [ 289.628304800620526, 397.478872119891321 ], [ 302.677858247848121, 404.799353321749891 ], [ 293.447686294790515, 422.304851848714407 ], [ 285.490641512359502, 437.900659627845073 ], [ 259.391534612167277, 424.214542596548199 ], [ 256.845280279082999, 421.031724681829019 ] ] ] } },
{ "type": "Feature", "properties": { "feature_type": "building", "subtype": "no-damage", "uid": "85cffef7-b494-43ad-bac5-f4edbd3bbfc9" }, "geometry": { "type": "Polygon", "coordinates": [ [ [ 303.298706588296625, 430.633333476396274 ], [ 308.072933460623688, 421.084879735231993 ], [ 313.483723917203974, 415.992371069685817 ], [ 346.585030222792625, 429.996769892454722 ], [ 334.490322150978272, 456.732440374100293 ], [ 309.664342417858222, 444.95601408764378 ], [ 313.483723915021528, 437.317251095311121 ], [ 305.844960920632616, 434.134433180591884 ], [ 303.298706588296625, 430.633333476396274 ] ] ] } },
{ "type": "Feature", "properties": { "feature_type": "building", "subtype": "no-damage", "uid": "7a1f777a-ea4d-42f9-83b6-f661ce7dab9c" }, "geometry": { "type": "Polygon", "coordinates": [ [ [ 341.545705497215693, 419.690036099887095 ], [ 347.911341324282887, 405.685637278116019 ], [ 363.825430895754891, 413.006118477978987 ], [ 358.096358651506591, 427.965362676161476 ], [ 341.545705497215693, 419.690036099887095 ] ] ] } },
{ "type": "Feature", "properties": { "feature_type": "building", "subtype": "no-damage", "uid": "9e8a80e6-f61a-4c81-a957-3811cbb64745" }, "geometry": { "type": "Polygon", "coordinates": [ [ [ 352.367286405387574, 447.380551952955216 ], [ 360.006049400898917, 430.829898799408681 ], [ 387.060001672201679, 438.150380001267422 ], [ 392.789073915265078, 419.371754307417405 ], [ 399.472991536423194, 421.918008639192692 ], [ 399.791273328144484, 419.053472515945487 ], [ 409.658008861339624, 421.918008638194976 ], [ 406.156909154650521, 442.606325080876388 ], [ 395.971891828736318, 441.014916123516912 ], [ 387.378283460493208, 461.066668982256715 ], [ 375.920138971809592, 458.520414653474575 ], [ 377.511547928108712, 453.746187781395918 ], [ 366.053403436057806, 449.29024269879352 ], [ 361.597458357821608, 455.974160319703685 ], [ 352.367286405387574, 447.380551952955216 ] ] ] } },
{ "type": "Feature", "properties": { "feature_type": "building", "subtype": "no-damage", "uid": "eabbf9ef-d25f-4f04-960e-2a26c809acdd" }, "geometry": { "type": "Polygon", "coordinates": [ [ [ 415.734931881209491, 450.689283842209477 ], [ 416.371495464153213, 446.23333875860942 ], [ 428.147921746678207, 449.097874881856626 ], [ 428.784485330245502, 444.00536621930371 ], [ 438.651220862318212, 444.323648010775628 ], [ 439.60606623692081, 430.955812770950615 ], [ 457.111564765751893, 433.502067099732585 ], [ 452.655619687141609, 450.689283840213989 ], [ 447.563111025275816, 451.325847423157825 ], [ 439.924348028766815, 476.470108944450601 ], [ 423.691976667070207, 474.242136404147175 ], [ 425.283385622995127, 470.422754906484215 ], [ 412.233832175767475, 466.285091617349224 ], [ 409.369296054017582, 468.194782369173993 ], [ 400.775687685587286, 464.375400868517715 ], [ 406.823041720122603, 449.097874883852114 ], [ 415.734931881209491, 450.689283842209477 ] ] ] } },
{ "type": "Feature", "properties": { "feature_type": "building", "subtype": "no-damage", "uid": "c8e413d5-f854-4690-aa9d-7680471b2a7b" }, "geometry": { "type": "Polygon", "coordinates": [ [ [ 466.978300303062724, 460.556019372850187 ], [ 469.842836425373889, 455.463510708301726 ], [ 485.438644204064474, 457.373201461124324 ], [ 486.075207787132911, 442.413957262941778 ], [ 505.808678856142308, 443.050520845885728 ], [ 503.262424526238192, 464.693682659989577 ], [ 493.077407198328615, 465.011964451461608 ], [ 489.258025700230007, 467.558218781241408 ], [ 482.574108080007193, 496.203580009723112 ], [ 471.752527171897725, 494.930452845830928 ], [ 473.025654337972185, 483.15402656536088 ], [ 465.705173135117491, 480.926054024059681 ], [ 464.113764179379586, 484.427153727257576 ], [ 448.836238191786776, 480.607772233585479 ], [ 456.793282974903718, 461.510864748263714 ], [ 461.24922805800378, 462.783991913153613 ], [ 466.978300303062724, 460.556019372850187 ] ] ] } },
{ "type": "Feature", "properties": { "feature_type": "building", "subtype": "no-damage", "uid": "7f4464f5-12b6-4ca8-8534-47ecffce6351" }, "geometry": { "type": "Polygon", "coordinates": [ [ [ 515.993696180559709, 454.82694712535789 ], [ 518.858232302559145, 454.190383541416281 ], [ 532.226067543378804, 454.190383541416281 ], [ 532.544349334414164, 451.007565628692589 ], [ 554.824074735821796, 454.508665332888313 ], [ 546.867029949025778, 487.928253430455413 ], [ 537.636858000769848, 485.063717310201412 ], [ 532.862631125449411, 496.319607786858626 ], [ 516.630259766309564, 492.06591672058812 ], [ 516.311977973590615, 485.381999099677785 ], [ 510.901187517696201, 483.47230835483731 ], [ 507.718369604723875, 487.928253433448674 ], [ 497.851634067724774, 483.47230835483731 ], [ 501.034451986060105, 469.786191323540322 ], [ 508.673214979638317, 468.83134594712908 ], [ 509.309778559401593, 467.23993698976949 ], [ 513.129160056252999, 465.966809826875078 ], [ 515.993696180559709, 454.82694712535789 ] ] ] } },
{ "type": "Feature", "properties": { "feature_type": "building", "subtype": "no-damage", "uid": "2aa30d37-0655-4e75-9a40-e5db0c2ef5c6" }, "geometry": { "type": "Polygon", "coordinates": [ [ [ 561.889636632436122, 483.489485608164387 ], [ 561.640254519870837, 483.489485610159988 ], [ 551.289012064093185, 482.282700675292517 ], [ 553.410644827915462, 474.761111694007411 ], [ 562.637782967762291, 474.262347469999213 ], [ 563.635311416651462, 478.003079147067524 ], [ 561.889636632436122, 483.489485608164387 ] ] ] } },
{ "type": "Feature", "properties": { "feature_type": "building", "subtype": "no-damage", "uid": "6d6a2a61-35fd-4b38-8fc0-c6b717f33a14" }, "geometry": { "type": "Polygon", "coordinates": [ [ [ 552.294222251648762, 483.972878431702213 ], [ 570.666100292553665, 486.881759123848724 ], [ 569.1351104574901, 498.211083915020424 ], [ 567.297922653119031, 503.263350377229187 ], [ 549.079143592564947, 499.588974768984997 ], [ 552.294222251648762, 483.972878431702213 ] ] ] } },
{ "type": "Feature", "properties": { "feature_type": "building", "subtype": "no-damage", "uid": "8753f8e9-8661-439e-a264-8a17beeb2855" }, "geometry": { "type": "Polygon", "coordinates": [ [ [ 571.431595212330421, 492.546421517937915 ], [ 582.301623054963443, 493.924312368909284 ], [ 584.445008826272442, 464.835505471390093 ], [ 603.582381785893972, 468.816079049066673 ], [ 601.438996016019246, 483.207383510615728 ], [ 592.865452927977117, 516.123665002591906 ], [ 581.07683118783541, 515.664368052933241 ], [ 581.689227119715724, 509.846606675624514 ], [ 569.900605378638716, 505.866033100941081 ], [ 571.431595212330421, 492.546421517937915 ] ] ] } },
{ "type": "Feature", "properties": { "feature_type": "building", "subtype": "no-damage", "uid": "f56d9c4b-a9ff-4c3a-b32c-202c17b0690d" }, "geometry": { "type": "Polygon", "coordinates": [ [ [ 599.754907195304099, 506.325330049601973 ], [ 600.673501096367204, 491.934025583064226 ], [ 613.993112676249325, 494.07741135212882 ], [ 614.45240962921298, 495.76150017353018 ], [ 620.423269991361167, 496.526995093619007 ], [ 620.117072027229483, 497.904885944590319 ], [ 623.179051697917885, 497.90488594359249 ], [ 622.872853730917655, 491.780926598846975 ], [ 641.245677019590971, 496.167552707246216 ], [ 634.512359998724492, 529.584755697836385 ], [ 629.524717761262764, 532.078576816879718 ], [ 621.045725957240961, 531.081048368863321 ], [ 619.300051174709324, 526.592170356780457 ], [ 596.356896877508575, 521.604528118693906 ], [ 599.754907195304099, 506.325330049601973 ] ] ] } },
{ "type": "Feature", "properties": { "feature_type": "building", "subtype": "no-damage", "uid": "9102f9b2-c49f-4c4c-8fff-e542d16dc4fc" }, "geometry": { "type": "Polygon", "coordinates": [ [ [ 649.724668825608205, 521.105763896681196 ], [ 655.709839512894632, 500.407048607325009 ], [ 693.366538408106976, 514.871211096578691 ], [ 684.388782376273184, 536.068690606949872 ], [ 650.472815158938943, 524.347731351736797 ], [ 649.724668825608205, 521.105763896681196 ] ] ] } },
{ "type": "Feature", "properties": { "feature_type": "building", "subtype": "no-damage", "uid": "7310cf19-94a0-4c22-8f7b-a6e0127e22f6" }, "geometry": { "type": "Polygon", "coordinates": [ [ [ 685.386310825100054, 507.14036562844251 ], [ 687.131985608317677, 490.182382020145496 ], [ 704.588733441242312, 491.429292577172816 ], [ 702.843058657650545, 508.137894075461077 ], [ 685.386310825100054, 507.14036562844251 ] ] ] } },
{ "type": "Feature", "properties": { "feature_type": "building", "subtype": "no-damage", "uid": "5c682074-0b64-4634-9837-646350e81a4e" }, "geometry": { "type": "Polygon", "coordinates": [ [ [ 700.598619650923638, 520.856381779688377 ], [ 702.593676546457118, 521.355146004694348 ], [ 704.339351329175884, 516.367503767605513 ], [ 713.317107355771441, 518.861324885651015 ], [ 713.317107357517557, 523.100820786727468 ], [ 723.541773946004128, 525.844024019770359 ], [ 723.791156057883427, 523.599585008740178 ], [ 735.761497426656774, 527.090934575799906 ], [ 729.028180406102024, 555.520495331296843 ], [ 717.057839038326506, 552.527909989243085 ], [ 718.055367486155546, 544.298300298096478 ], [ 709.077611453760596, 542.053861291057274 ], [ 706.833172451336509, 548.039031976162505 ], [ 694.364066852942756, 540.806950733032295 ], [ 698.603562756387987, 535.07116215693793 ], [ 699.351709094707417, 531.330430480867449 ], [ 700.598619653418041, 524.098349234743978 ], [ 700.598619650923638, 520.856381779688377 ] ] ] } },
{ "type": "Feature", "properties": { "feature_type": "building", "subtype": "no-damage", "uid": "73937778-96a2-4f09-8427-f8bb10443a2c" }, "geometry": { "type": "Polygon", "coordinates": [ [ [ 743.065264576937125, 553.616153567628203 ], [ 749.299817370802316, 545.137161765475184 ], [ 749.798581594748043, 533.416202504275589 ], [ 770.996061107858054, 541.396430084415897 ], [ 775.734321235186485, 516.208836783974562 ], [ 796.183654410912482, 524.438446477116713 ], [ 791.694776392906533, 539.900137413389075 ], [ 788.452808939722559, 542.393958530436862 ], [ 782.46763825262326, 542.14457641943045 ], [ 776.482467569826781, 557.356885246691945 ], [ 769.250386325825161, 579.053128980073666 ], [ 757.529427064565994, 574.813633077001668 ], [ 759.2751018459129, 563.591438041805759 ], [ 744.810939356413201, 555.112446239652854 ], [ 743.065264576937125, 553.616153567628203 ] ] ] } },
{ "type": "Feature", "properties": { "feature_type": "building", "subtype": "no-damage", "uid": "440bca06-790a-4a22-a4c8-1907e720eabf" }, "geometry": { "type": "Polygon", "coordinates": [ [ [ 824.761956389388615, 561.48276007192726 ], [ 825.080238183043093, 567.84839590136562 ], [ 832.40071938147014, 569.121523067253293 ], [ 827.944774302173983, 582.171076513610956 ], [ 821.897420265643177, 584.399049055909813 ], [ 818.078038767357498, 590.446403090882995 ], [ 789.750959330853334, 580.897949348720999 ], [ 784.976732462891391, 575.168877105219735 ], [ 791.024086496428936, 555.435406036954078 ], [ 798.02628590912127, 557.981660370724853 ], [ 798.981131282663682, 553.52571529111583 ], [ 818.078038768292913, 559.89135111756093 ], [ 820.94257489041695, 540.794443630243563 ], [ 837.811509837115068, 544.295543336434662 ], [ 834.946973714367346, 563.392450821756483 ], [ 824.761956389388615, 561.48276007192726 ] ] ] } },
{ "type": "Feature", "properties": { "feature_type": "building", "subtype": "no-damage", "uid": "b5f96c0a-3954-4d66-a94a-f5b78d201739" }, "geometry": { "type": "Polygon", "coordinates": [ [ [ 840.755085765020112, 562.165619232385552 ], [ 847.510973440307112, 561.646712084904038 ], [ 864.06162659565814, 568.967193289755869 ], [ 871.063826009660033, 544.777777141881074 ], [ 895.571523947629089, 554.326230884043184 ], [ 886.341351998500159, 578.833928823389897 ], [ 875.519771088956304, 608.434135425289583 ], [ 857.754660445738523, 602.026690897046024 ], [ 859.513237136129192, 594.601589312041597 ], [ 839.582701301745715, 588.544269595858509 ], [ 840.16889353260342, 586.785692905093356 ], [ 841.145880582972836, 582.877744705610212 ], [ 833.525381590926941, 580.337578374948407 ], [ 840.755085765020112, 562.165619232385552 ] ] ] } },
{ "type": "Feature", "properties": { "feature_type": "building", "subtype": "no-damage", "uid": "7242aaa9-9afc-415d-9288-eebc56a5cae3" }, "geometry": { "type": "Polygon", "coordinates": [ [ [ 438.81267770606911, 200.860306634123305 ], [ 450.736970199284087, 196.712726632382896 ], [ 448.663180201283012, 192.046699134914689 ], [ 457.995235201829416, 187.899119139160689 ], [ 454.884550199277612, 181.159301638826889 ], [ 486.509847692523806, 165.087429142558904 ], [ 495.323455187739285, 174.419484142484009 ], [ 485.472952689095678, 178.567064140233413 ], [ 496.360350187051722, 196.194279134659695 ], [ 487.028295189311507, 201.897201630567395 ], [ 480.288477691473474, 195.675831633943204 ], [ 469.919527697788283, 201.897201630567395 ], [ 477.696240192007679, 219.005969128268191 ], [ 457.476787697620978, 233.52249912238679 ], [ 438.81267770606911, 200.860306634123305 ] ] ] } },
{ "type": "Feature", "properties": { "feature_type": "building", "subtype": "no-damage", "uid": "9da76c4f-6505-48b9-b3c8-d5d29127f5eb" }, "geometry": { "type": "Polygon", "coordinates": [ [ [ 497.949995235183508, 228.130002476510214 ], [ 497.791260277481911, 228.255974496187406 ], [ 504.475177898203526, 236.849582864931392 ], [ 509.567686560817606, 236.213019283983101 ], [ 516.888167765293588, 244.806627653724888 ], [ 497.154696694039274, 261.038999012806187 ], [ 494.926724153549287, 259.447590054448881 ], [ 483.468579662433683, 268.041198427183872 ], [ 472.511765193325516, 250.112819114382489 ], [ 480.806925193374695, 246.483686617349406 ], [ 470.956422692984972, 233.52249912238679 ], [ 490.789995235142726, 219.190002476563592 ], [ 497.949995235183508, 228.130002476510214 ] ] ] } },
{ "type": "Feature", "properties": { "feature_type": "building", "subtype": "no-damage", "uid": "133f0ad7-c390-432f-b7e0-77a676d6b92b" }, "geometry": { "type": "Polygon", "coordinates": [ [ [ 523.838067680242148, 220.561311626426487 ], [ 512.432222682941756, 227.301129125762714 ], [ 506.703150436698024, 221.253775086798498 ], [ 506.639995232917897, 221.300002475039889 ], [ 501.02999523218682, 211.780002478302009 ], [ 513.987565182533899, 202.415649131283914 ], [ 523.838067680242148, 220.561311626426487 ] ] ] } },
{ "type": "Feature", "properties": { "feature_type": "building", "subtype": "no-damage", "uid": "4f79d28d-b78a-4c3c-a4df-7fa039e12345" }, "geometry": { "type": "Polygon", "coordinates": [ [ [ 513.152399123480677, 164.889981185370999 ], [ 521.427725700688484, 158.206063568451697 ], [ 519.518034955287135, 155.341527446202207 ], [ 540.842914979597822, 140.700565041487209 ], [ 558.03013171539817, 167.117953729665402 ], [ 548.163396181329972, 173.483589556110587 ], [ 548.481677976543438, 179.212661802605112 ], [ 536.386969898991993, 185.896579420522102 ], [ 546.253705433995606, 205.948332281257393 ], [ 531.294461239994803, 215.496786023419503 ], [ 520.472880330825092, 198.946132870870798 ], [ 531.294461237812243, 191.625651667016598 ], [ 530.021334069305681, 186.851424798928889 ], [ 526.838516156956985, 184.941734051095096 ], [ 513.152399123480677, 164.889981185370999 ] ] ] } },
{ "type": "Feature", "properties": { "feature_type": "building", "subtype": "no-damage", "uid": "910da040-a2fe-426b-9f3f-749e6565b133" }, "geometry": { "type": "Polygon", "coordinates": [ [ [ 551.985672277550634, 141.178087086201913 ], [ 555.486771983366793, 136.403860218114204 ], [ 556.759899151873242, 130.993069766084801 ], [ 571.082579764863453, 124.309152145174494 ], [ 572.673988723906405, 126.537124682484702 ], [ 584.132133215209024, 119.534925271100306 ], [ 601.319349951196386, 146.907159332696494 ], [ 607.366703988600193, 157.410458449274302 ], [ 588.58807829219802, 167.2771939819105 ], [ 585.086978587753833, 161.548121736413691 ], [ 579.357906341135845, 162.821248903299107 ], [ 586.041823961171531, 170.460011898625197 ], [ 592.407459789860127, 172.369702647456705 ], [ 597.181686660316359, 180.326747430263708 ], [ 586.996669334651756, 187.328946845639109 ], [ 583.813851421928803, 183.509565346978292 ], [ 579.039624549414611, 185.419256092816596 ], [ 572.673988720913144, 173.006266231398314 ], [ 567.899761849147239, 173.961111605814011 ], [ 551.985672277550634, 141.178087086201913 ] ] ] } },
{ "type": "Feature", "properties": { "feature_type": "building", "subtype": "no-damage", "uid": "ba24824f-20e9-4a56-9d20-cbdcbbe3b4ad" }, "geometry": { "type": "Polygon", "coordinates": [ [ [ 595.908559497858846, 133.539324095864714 ], [ 585.723542170198584, 115.078980192488899 ], [ 600.68278636775392, 107.121935407686493 ], [ 609.276394736059387, 122.399461395345298 ], [ 612.140930861613242, 121.126334230455399 ], [ 611.50436727536453, 117.306952731794595 ], [ 621.371102808123169, 110.941316905349495 ], [ 626.145329684815351, 113.805853028596701 ], [ 631.874401925883262, 109.668189736468506 ], [ 644.287391794469954, 130.038224388675786 ], [ 624.235638933178166, 144.042623209449204 ], [ 619.779693851824049, 140.223241712783988 ], [ 610.23124010922777, 145.9523139602762 ], [ 601.319349948951526, 132.266196930974786 ], [ 595.908559497858846, 133.539324095864714 ] ] ] } },
{ "type": "Feature", "properties": { "feature_type": "building", "subtype": "no-damage", "uid": "e5ffdbd6-8f41-4860-b344-3cc8c2e15b20" }, "geometry": { "type": "Polygon", "coordinates": [ [ [ 653.530791001857779, 92.797198605947401 ], [ 655.709995240133139, 91.030002469996433 ], [ 662.099995241905276, 104.170002471203702 ], [ 647.483436963144413, 113.485515047631097 ], [ 641.117801137760921, 105.210188474350005 ], [ 630.296220228404195, 105.528470262828606 ], [ 622.339175441732891, 92.160635023003564 ], [ 635.070447100606543, 85.476717404088788 ], [ 644.618900842142807, 79.429363366122331 ], [ 653.530791001857779, 92.797198605947401 ] ] ] } },
{ "type": "Feature", "properties": { "feature_type": "building", "subtype": "no-damage", "uid": "121cb41c-7337-430b-aea4-001a1cadc7f8" }, "geometry": { "type": "Polygon", "coordinates": [ [ [ 679.948179690216762, 92.797198605947401 ], [ 662.519995240609433, 103.900002470495494 ], [ 656.109995242334776, 90.700002475228217 ], [ 668.808316992630921, 80.384208739540341 ], [ 679.948179690216762, 92.797198605947401 ] ] ] } },
{ "type": "Feature", "properties": { "feature_type": "building", "subtype": "no-damage", "uid": "46d8cfc4-b282-4a55-a79d-382827e8ccc5" }, "geometry": { "type": "Polygon", "coordinates": [ [ [ 686.793559428549884, 50.613259392797723 ], [ 687.292323652121468, 50.363877278798107 ], [ 691.03305533324226, 54.603373181870097 ], [ 707.741656828658051, 41.136739141630571 ], [ 730.435429010861526, 76.548999027255874 ], [ 718.215705528525177, 86.274901391424862 ], [ 708.739185274554075, 92.758836298542775 ], [ 715.223120185786115, 104.479795557746897 ], [ 704.749071484983688, 110.714348353858398 ], [ 694.773787010496676, 93.008218411544632 ], [ 697.018226017036454, 90.514397292501357 ], [ 675.07260017065812, 61.336690204983121 ], [ 686.793559428549884, 50.613259392797723 ] ] ] } },
{ "type": "Feature", "properties": { "feature_type": "building", "subtype": "no-damage", "uid": "c8eb8e58-b619-42da-bdb2-5e8216ea7d0d" }, "geometry": { "type": "Polygon", "coordinates": [ [ [ 724.200876213379502, 55.35151951888016 ], [ 709.736713725999948, 37.146625349564928 ], [ 725.946550994913423, 27.91948721040189 ], [ 735.173689135820382, 40.388592802625013 ], [ 741.408241933302293, 32.90712944848844 ], [ 745.647737836186252, 37.645389574570878 ], [ 753.893795305885078, 33.492355022654998 ], [ 756.636998532940879, 37.731850923731493 ], [ 759.629583879733218, 35.487411914696821 ], [ 767.859193567261059, 50.200956515954623 ], [ 765.614754561282439, 51.94663130197884 ], [ 770.353014686241295, 57.931801985088548 ], [ 759.629583875991557, 64.665119005208311 ], [ 754.641941638217986, 61.173769440144127 ], [ 750.651827846589867, 63.667590560185147 ], [ 754.143177415581818, 68.156468572267997 ], [ 737.18519380654061, 77.13422460242019 ], [ 726.212380884785716, 62.670062113166487 ], [ 730.202494674730133, 59.428094658110908 ], [ 728.955584114460521, 53.94168819701391 ], [ 724.200876213379502, 55.35151951888016 ] ] ] } },
{ "type": "Feature", "properties": { "feature_type": "building", "subtype": "no-damage", "uid": "049d0d54-160a-484b-ab77-98dd6ee1e3c7" }, "geometry": { "type": "Polygon", "coordinates": [ [ [ 794.146668741398344, 0.01139246664218 ], [ 802.736889973405255, 28.89786130729183 ], [ 767.725892918673821, 38.128033260975222 ], [ 760.723693503923641, 5.345008745354136 ], [ 766.13448396181343, 4.70844516340805 ], [ 768.36245649831244, 2.162190829637202 ], [ 784.82508815566473, 0.011501687413138 ], [ 794.146668741398344, 0.01139246664218 ] ] ] } },
{ "type": "Feature", "properties": { "feature_type": "building", "subtype": "no-damage", "uid": "ac4ed05a-a3ea-47f8-8781-dff85ef0b4b3" }, "geometry": { "type": "Polygon", "coordinates": [ [ [ 799.931094127830761, 33.688944930243593 ], [ 800.378021347505069, 40.639451339154213 ], [ 809.561699623833874, 40.83484874713286 ], [ 810.734084082930167, 62.133166448284491 ], [ 790.412753435270929, 62.133166448284491 ], [ 790.285858153198774, 39.812904276984703 ], [ 791.510650024504798, 38.741211391454669 ], [ 791.357551041222905, 33.535845946026299 ], [ 799.931094127830761, 33.688944930243593 ] ] ] } },
{ "type": "Feature", "properties": { "feature_type": "building", "subtype": "no-damage", "uid": "94bbbbf9-9451-4e36-9e5b-211b1c8937b1" }, "geometry": { "type": "Polygon", "coordinates": [ [ [ 813.123244420838432, 67.574993741366214 ], [ 836.315780826862806, 78.797188776562081 ], [ 832.325667037167705, 89.520619585754233 ], [ 832.325667035671131, 89.77000169875609 ], [ 841.303423064761091, 93.760115489823974 ], [ 837.313309277186249, 104.483546300013899 ], [ 833.572577596003157, 105.979838969045204 ], [ 835.567634490227078, 109.969952761110903 ], [ 857.014496112347842, 115.705741332216505 ], [ 852.026853876507403, 129.42175748645559 ], [ 841.802187290639949, 124.4341152513623 ], [ 836.565162937681976, 133.910635502529487 ], [ 826.091114239935223, 131.666196491499306 ], [ 828.584935357980157, 125.681025812380597 ], [ 811.626951751557954, 118.199562452257496 ], [ 817.113358212778394, 105.231692635028395 ], [ 820.355325664777638, 103.7353999630038 ], [ 820.854089891529497, 99.495904059931831 ], [ 805.891163174903681, 93.261351265815776 ], [ 801.152903048822395, 89.021855363741523 ], [ 813.123244420838432, 67.574993741366214 ] ] ] } },
{ "type": "Feature", "properties": { "feature_type": "building", "subtype": "no-damage", "uid": "5e4d7c33-f1ee-48d3-9996-dd6f53a5ca71" }, "geometry": { "type": "Polygon", "coordinates": [ [ [ 814.853037967031582, 2.567302294912804 ], [ 825.990690343725078, 3.54428934578134 ], [ 827.163074804629787, 1.199520427089206 ], [ 849.242982149601517, 2.76269970388921 ], [ 847.875200277724844, 7.061442727311669 ], [ 851.392353658880211, 8.038429776184705 ], [ 848.070597691939383, 26.01499150877342 ], [ 841.622483154250517, 24.451812226984661 ], [ 839.668509053324556, 28.164363017491389 ], [ 830.875625600623266, 27.382773377594759 ], [ 830.289433366086428, 25.624196685831851 ], [ 826.576882574083925, 25.624196685831851 ], [ 826.576882574582783, 28.35976043145655 ], [ 814.657640561110838, 26.991978558644199 ], [ 814.26684573648572, 20.54386402750152 ], [ 811.335884586125758, 18.980684743717259 ], [ 812.312871636245745, 3.153494524835275 ], [ 814.853037967031582, 2.567302294912804 ] ] ] } },
{ "type": "Feature", "properties": { "feature_type": "building", "subtype": "no-damage", "uid": "0b168cee-8728-42de-a502-443b28fddc69" }, "geometry": { "type": "Polygon", "coordinates": [ [ [ 892.425809788427159, 31.87691381198913 ], [ 895.161373527441128, 30.11833711922846 ], [ 911.574755976241704, 42.23297654560821 ], [ 901.218693240442462, 57.278577122598058 ], [ 896.138360576376272, 64.703678707602535 ], [ 887.931669353098414, 61.186525325074463 ], [ 890.081040863811381, 59.232551224335133 ], [ 883.828323739588768, 52.393641872246377 ], [ 877.184811795667315, 46.336322162049761 ], [ 871.71368431177757, 53.956821152039637 ], [ 868.391928340346908, 56.496987482701442 ], [ 855.886494095456101, 74.082754393346335 ], [ 841.23168833299269, 65.094473532539595 ], [ 841.81788056335165, 64.117486479675563 ], [ 843.185662435664767, 61.772717555994667 ], [ 842.82999525010689, 61.590002469788303 ], [ 854.809995250432735, 46.610002464826501 ], [ 863.311595677029004, 51.025860000431777 ], [ 870.345902441958856, 42.819168778523931 ], [ 873.276863593129519, 40.474399855840787 ], [ 880.506567766287276, 26.796581144679038 ], [ 892.425809788427159, 31.87691381198913 ] ] ] } },
{ "type": "Feature", "properties": { "feature_type": "building", "subtype": "no-damage", "uid": "4ea2545a-406c-45e0-9c7c-f66c5141c43c" }, "geometry": { "type": "Polygon", "coordinates": [ [ [ 843.185662435103495, 33.440093092780138 ], [ 841.231688333179818, 39.692810217939673 ], [ 843.381059847572033, 40.669797263819447 ], [ 854.359995250769998, 46.370002466635938 ], [ 842.369995249230669, 61.350002468604487 ], [ 826.967677395902911, 53.370628923114921 ], [ 838.105329772596292, 32.463106039916099 ], [ 843.185662435103495, 33.440093092780138 ] ] ] } },
{ "type": "Feature", "properties": { "feature_type": "building", "subtype": "no-damage", "uid": "6daf8fe0-9832-47ff-ab43-8eeb890e24dc" }, "geometry": { "type": "Polygon", "coordinates": [ [ [ 896.782591421247844, 68.306824450586817 ], [ 899.775176764672779, 68.805588669606266 ], [ 909.251697016710636, 71.548791902649143 ], [ 909.750461240095206, 69.553735004620819 ], [ 921.47142050098023, 48.605637607251467 ], [ 925.710916405797207, 50.600694505279783 ], [ 928.703501744857022, 49.104401832257423 ], [ 953.891095046165447, 64.316710657523416 ], [ 939.925696781235047, 86.511718615911036 ], [ 921.7208026118617, 76.785816252739792 ], [ 914.239339258537598, 80.526547929808075 ], [ 914.239339256167909, 83.519133272859563 ], [ 905.012201116196479, 92.496889300018495 ], [ 888.552981731662157, 81.025312153816287 ], [ 896.782591421247844, 68.306824450586817 ] ] ] } },
{ "type": "Feature", "properties": { "feature_type": "building", "subtype": "no-damage", "uid": "1cb2b9ea-de3d-4d12-9e07-e9e5aa1a7a2e" }, "geometry": { "type": "Polygon", "coordinates": [ [ [ 965.234207374678704, 78.43994102057971 ], [ 969.053588875022342, 75.57540489932795 ], [ 989.741905314955034, 86.396985803386656 ], [ 988.468778148880574, 89.898085509577768 ], [ 989.269995257549567, 90.430002465540269 ], [ 986.009995259720654, 108.670002464714798 ], [ 970.963279623853396, 132.229563767360901 ], [ 956.004035423429514, 124.272518984553898 ], [ 963.006234836121848, 117.588601364641406 ], [ 951.866372135355732, 110.268120162782793 ], [ 941.044791227121436, 129.365027645111411 ], [ 923.539292699412727, 122.044546446246002 ], [ 927.358674194767559, 107.085302248063599 ], [ 941.363073021025343, 108.994992994899604 ], [ 958.55028975601499, 74.302277730447017 ], [ 965.234207374678704, 78.43994102057971 ] ] ] } },
{ "type": "Feature", "properties": { "feature_type": "building", "subtype": "no-damage", "uid": "7a72b006-804c-461d-bc23-833525056803" }, "geometry": { "type": "Polygon", "coordinates": [ [ [ 1022.419546685504997, 139.06288280434481 ], [ 991.931272594633469, 119.889844006663296 ], [ 1000.206599175396036, 102.066063685233601 ], [ 1005.935671418272022, 104.294036227532501 ], [ 1010.709898289476996, 99.838091147923436 ], [ 1022.41961139275304, 105.846308518215395 ], [ 1022.419546685504997, 139.06288280434481 ] ] ] } },
{ "type": "Feature", "properties": { "feature_type": "building", "subtype": "no-damage", "uid": "75161e26-73ee-4b66-b228-62d449bd119d" }, "geometry": { "type": "Polygon", "coordinates": [ [ [ 929.107973428029936, 148.790904193350599 ], [ 918.739023430540783, 161.233644190590013 ], [ 925.478840930124761, 164.86277668662521 ], [ 931.700210926123873, 164.862776688620812 ], [ 942.069160925670872, 155.012274191970306 ], [ 964.880850918712895, 167.973461686932808 ], [ 955.030348420630389, 184.045334180207504 ], [ 943.624503424951286, 180.41620168117899 ], [ 924.441945929752251, 209.967709177116888 ], [ 896.964228439492672, 197.006521677165608 ], [ 902.66715093539915, 191.303599180260107 ], [ 899.556465934967491, 183.526886682484303 ], [ 893.059995251516966, 181.030002464939002 ], [ 900.925503297321484, 167.994682555270089 ], [ 897.76872503209097, 165.698843817600391 ], [ 891.169995254729201, 177.530002466549092 ], [ 888.669068438508134, 175.750174184708612 ], [ 887.079995253097536, 176.230002466206514 ], [ 893.367397019399391, 163.87071938037991 ], [ 892.439995255671874, 154.400002467075694 ], [ 899.038018435872573, 148.272456691636393 ], [ 904.74094093321321, 147.754009193913191 ], [ 913.036100931204601, 138.421954199974692 ], [ 929.107973428029936, 148.790904193350599 ] ] ] } },
{ "type": "Feature", "properties": { "feature_type": "building", "subtype": "no-damage", "uid": "4ac0fcb2-6d31-4784-b232-6755e521b64c" }, "geometry": { "type": "Polygon", "coordinates": [ [ [ 880.373908441078015, 126.497661699460707 ], [ 874.67098594548338, 139.458849198414299 ], [ 891.779753438191392, 155.012274193965794 ], [ 891.979995255045083, 154.830002466244991 ], [ 892.855532966104647, 163.77415721466059 ], [ 886.419995252648278, 176.430002467026696 ], [ 883.484593439451714, 177.305516686857914 ], [ 854.969980950004469, 153.975379193530614 ], [ 865.338930944438061, 144.643324199592087 ], [ 857.043770946633799, 133.755926700510997 ], [ 868.449615944246034, 118.720949204678206 ], [ 880.373908441078015, 126.497661699460707 ] ] ] } },
{ "type": "Feature", "properties": { "feature_type": "building", "subtype": "no-damage", "uid": "3b365cec-fb2f-4945-b412-e16bc7aa7ce1" }, "geometry": { "type": "Polygon", "coordinates": [ [ [ 935.20897726160581, 219.055801448493696 ], [ 948.895094293647844, 188.500749472178313 ], [ 967.355438195273109, 199.004048588756092 ], [ 967.355438195397824, 194.548103509147012 ], [ 981.678118808575164, 200.595457549108886 ], [ 969.265128943730019, 224.148310112044413 ], [ 953.987602955763009, 216.191265326244206 ], [ 949.213376083934804, 226.058000861873609 ], [ 935.20897726160581, 219.055801448493696 ] ] ] } },
{ "type": "Feature", "properties": { "feature_type": "building", "subtype": "no-damage", "uid": "757860bd-d8a5-4f7f-b7ee-ca859b5862c7" }, "geometry": { "type": "Polygon", "coordinates": [ [ [ 984.514604684993969, 242.551117618387792 ], [ 994.263817053528896, 227.114864698247686 ], [ 991.014079599533147, 222.240258514883294 ], [ 999.950857604631551, 212.0848289616344 ], [ 987.3581249568972, 203.960485324024006 ], [ 995.076251416903119, 184.055843405044101 ], [ 1019.043065158984973, 197.054793226018802 ], [ 1011.324938700601024, 212.0848289616344 ], [ 1022.419405817018969, 223.944432298426989 ], [ 1022.419390718931027, 234.529644593633293 ], [ 1016.605762069361958, 254.331415898759701 ], [ 1004.825463787557965, 248.238158167808109 ], [ 997.919771691113738, 251.894112807576391 ], [ 984.514604684993969, 242.551117618387792 ] ] ] } },
{ "type": "Feature", "properties": { "feature_type": "building", "subtype": "no-damage", "uid": "d61fb675-8c48-43de-93b7-358ea9c9bf49" }, "geometry": { "type": "Polygon", "coordinates": [ [ [ 621.134389712200459, 201.511763628124612 ], [ 624.245074713255576, 206.17779112559279 ], [ 629.429549712000153, 203.067106125285193 ], [ 633.577129712367764, 183.36610113298201 ], [ 658.981057203566024, 185.9583386305776 ], [ 656.907267204068148, 206.177791123597302 ], [ 641.353842207335447, 204.622448626436693 ], [ 636.687814712175737, 208.251581123469691 ], [ 641.872289710733298, 228.47103361848491 ], [ 604.54406971790138, 236.247746114265112 ], [ 599.359594717971959, 206.696238626309196 ], [ 606.099412218054908, 203.067106127280709 ], [ 621.134389712200459, 201.511763628124612 ] ] ] } },
{ "type": "Feature", "properties": { "feature_type": "building", "subtype": "no-damage", "uid": "7c6f4478-9b8d-4991-b787-96433a957bb6" }, "geometry": { "type": "Polygon", "coordinates": [ [ [ 569.28963972593931, 207.214686125030113 ], [ 587.435302221264806, 219.65742612027401 ], [ 581.732379724111183, 228.471033619482597 ], [ 584.324617221830977, 234.692403617104588 ], [ 584.324617224200665, 237.80308861342121 ], [ 599.359594718533231, 251.801171109816607 ], [ 579.140142225643103, 276.686651105293208 ], [ 555.810004734192148, 259.577883610585616 ], [ 573.437219726431636, 237.803088615416698 ], [ 571.881877226714778, 231.581718618792507 ], [ 560.47603222991313, 221.731216121144314 ], [ 569.28963972593931, 207.214686125030113 ] ] ] } },
{ "type": "Feature", "properties": { "feature_type": "building", "subtype": "no-damage", "uid": "50f032f4-6366-42ca-81d8-1ff28b7e7cf3" }, "geometry": { "type": "Polygon", "coordinates": [ [ [ 558.402242232535514, 268.391491105803311 ], [ 581.213932223270149, 282.389573600203221 ], [ 569.289639727311283, 308.830396092840317 ], [ 563.586717232901492, 309.867291096268616 ], [ 560.994479730442322, 318.16245109176748 ], [ 542.848817233807381, 309.348843593556694 ], [ 538.701237235248186, 312.977976090589721 ], [ 517.963337241766453, 303.12747359892802 ], [ 519.000232240018818, 299.498341095908472 ], [ 511.741967244457783, 292.758523599565592 ], [ 517.963337241330009, 282.908021101917427 ], [ 539.21968473926961, 292.240076098849215 ], [ 543.885712235988308, 285.500258598515188 ], [ 549.588634733890217, 287.574048600383321 ], [ 557.365347229356871, 271.502176104115279 ], [ 558.402242232535514, 268.391491105803311 ] ] ] } },
{ "type": "Feature", "properties": { "feature_type": "building", "subtype": "no-damage", "uid": "920ac6fc-a425-4ca9-9646-53f871667dc8" }, "geometry": { "type": "Polygon", "coordinates": [ [ [ 732.08215468365097, 251.801171105825603 ], [ 732.600602182434159, 275.649756097873819 ], [ 724.305442184068625, 277.723546096748521 ], [ 724.823889688651207, 282.908021095930792 ], [ 709.788912188706263, 287.574048598387776 ], [ 709.788912188207405, 293.795418594014222 ], [ 716.528729687791383, 294.313866092735111 ], [ 714.45493969191034, 314.014871089029327 ], [ 702.530647190401396, 315.051766085473389 ], [ 701.49375219196213, 310.385738589002983 ], [ 686.458774695384477, 309.348843590563376 ], [ 686.977222195040667, 295.350761095165808 ], [ 679.718957199604461, 293.795418594014222 ], [ 679.718957198669045, 265.280806105495628 ], [ 709.788912188519134, 267.354596104370387 ], [ 712.381149688670916, 267.354596105368103 ], [ 711.099995245916602, 252.780002468847499 ], [ 724.419995243830499, 249.120002470998799 ], [ 732.08215468365097, 251.801171105825603 ] ] ] } },
{ "type": "Feature", "properties": { "feature_type": "building", "subtype": "no-damage", "uid": "eb5c074e-f1aa-4739-9839-1f72672ae1dd" }, "geometry": { "type": "Polygon", "coordinates": [ [ [ 691.12480219303859, 227.434138620045303 ], [ 703.049094692115546, 218.102083620120197 ], [ 712.899597187890663, 228.471033613496104 ], [ 719.120967188629038, 225.878796114902713 ], [ 728.971469683780583, 244.542906111759493 ], [ 723.259995244947731, 247.400002468335003 ], [ 710.889995246938611, 250.490002470231701 ], [ 710.825807190014189, 249.727381109944105 ], [ 703.56754219002562, 236.766193613983802 ], [ 678.163614701571191, 257.504093605724393 ], [ 654.315029705350639, 222.768111117588404 ], [ 658.981057206808714, 218.6205311188412 ], [ 676.608272198861073, 205.659343625874101 ], [ 691.12480219303859, 227.434138620045303 ] ] ] } },
{ "type": "Feature", "properties": { "feature_type": "building", "subtype": "no-damage", "uid": "9dd4e27c-feb3-448e-ae6a-c9635c028f40" }, "geometry": { "type": "Polygon", "coordinates": [ [ [ 398.927561565416681, 326.744199797125191 ], [ 408.25961656315701, 332.96556979374941 ], [ 414.480986565454373, 323.633514795819792 ], [ 428.47906905704491, 307.043194799833202 ], [ 456.993681549734674, 327.262647293850591 ], [ 451.809206552299713, 330.891779793876879 ], [ 459.585919051632573, 335.557807290347284 ], [ 446.106284053836475, 354.22191728919961 ], [ 433.14509655582151, 348.000547290580016 ], [ 436.774229055597402, 343.852967286843977 ], [ 430.552859058164017, 338.668492293648228 ], [ 417.591671561084297, 354.221917290197382 ], [ 411.370301563775627, 348.000547290580016 ], [ 397.372219070439087, 361.48018228226789 ], [ 382.337241571429502, 351.629679787612986 ], [ 398.927561565416681, 326.744199797125191 ] ] ] } },
{ "type": "Feature", "properties": { "feature_type": "building", "subtype": "no-damage", "uid": "64d6ea5b-add1-4542-83da-e71eb0b2559c" }, "geometry": { "type": "Polygon", "coordinates": [ [ [ 438.848019054346878, 370.812237278202019 ], [ 453.882996553855378, 355.777259783367015 ], [ 461.659709048947775, 359.924839783111906 ], [ 472.547106545719089, 340.742282290527385 ], [ 497.951034041905984, 353.185022285771311 ], [ 495.358796542377888, 356.81415478380211 ], [ 500.543271538565705, 360.443287280835079 ], [ 489.655874042542791, 382.736529774724886 ], [ 484.471399041802727, 382.736529775722715 ], [ 477.731581546272082, 389.476347273063311 ], [ 442.99559905508869, 374.959817277947025 ], [ 438.848019054346878, 370.812237278202019 ] ] ] } },
{ "type": "Feature", "properties": { "feature_type": "building", "subtype": "no-damage", "uid": "918ee3f7-c4fe-4ab2-aa02-d1084525ecd1" }, "geometry": { "type": "Polygon", "coordinates": [ [ [ 502.617061541618114, 387.921004772909612 ], [ 511.949116538048827, 361.99862977999112 ], [ 515.059801535798897, 361.480182279274686 ], [ 521.281171533045153, 363.035524780426272 ], [ 532.168569031001311, 365.109314779300973 ], [ 532.168569032310756, 370.293789778483301 ], [ 548.240441524958101, 373.922922275516328 ], [ 538.38993902887114, 403.474429768461107 ], [ 516.615144035016897, 396.734612272118227 ], [ 517.133591535608502, 390.513242270505202 ], [ 505.727746536686709, 389.476347275058913 ], [ 502.617061541618114, 387.921004772909612 ] ] ] } },
{ "type": "Feature", "properties": { "feature_type": "building", "subtype": "no-damage", "uid": "6ed070ab-dd17-459a-9e51-e2f505b14b76" }, "geometry": { "type": "Polygon", "coordinates": [ [ [ 542.019071527275287, 408.658904766645605 ], [ 552.90646902435833, 408.658904766645605 ], [ 558.090944021730934, 378.588949772984506 ], [ 594.382269013504356, 382.218082274008509 ], [ 588.160899017629959, 416.435617261428092 ], [ 564.830761521938484, 414.36182726255339 ], [ 560.164734022725384, 431.470594757260926 ], [ 537.353044028997488, 426.286119760074087 ], [ 542.019071527275287, 408.658904766645605 ] ] ] } },
{ "type": "Feature", "properties": { "feature_type": "building", "subtype": "no-damage", "uid": "52e76b1f-4274-4d62-9aeb-6496e5dbae41" }, "geometry": { "type": "Polygon", "coordinates": [ [ [ 591.790031515348005, 421.101644760891816 ], [ 601.640534011123123, 423.175434760764176 ], [ 601.122086514335479, 413.324932263116011 ], [ 604.232771510277189, 398.289954769278722 ], [ 608.380351509397542, 399.326849767718272 ], [ 608.898799011859978, 393.105479767103077 ], [ 634.821174002465, 398.289954765287689 ], [ 634.302726501686266, 404.511324764905112 ], [ 642.597886498368098, 407.622009763217193 ], [ 630.673594004591791, 442.876439751071928 ], [ 604.232771511212604, 438.210412255599294 ], [ 601.122086510531517, 449.616257249410296 ], [ 579.347291516614973, 441.321097251915887 ], [ 589.197794014946794, 423.693882259485179 ], [ 591.790031515348005, 421.101644760891816 ] ] ] } },
{ "type": "Feature", "properties": { "feature_type": "building", "subtype": "no-damage", "uid": "373a3965-fa32-4742-93c8-2d83c8d9b293" }, "geometry": { "type": "Polygon", "coordinates": [ [ [ 638.504428314604638, 439.435726057694012 ], [ 650.280854598938163, 441.663698596002007 ], [ 653.781954307872184, 432.751808437781506 ], [ 651.553981765262051, 428.932426938123001 ], [ 647.098036685466923, 428.295863356176881 ], [ 652.190545346646672, 410.472083036742674 ], [ 655.055081469830952, 409.198955869857286 ], [ 658.874462968116632, 403.469883624360477 ], [ 686.564978820617057, 409.835519450805577 ], [ 685.877469895474746, 414.845704974949911 ], [ 690.066078529862921, 416.201155280243995 ], [ 681.790751948851153, 446.119643674613314 ], [ 666.194944171033626, 441.345416805527805 ], [ 660.465871924291037, 443.573389342838027 ], [ 656.328208636341856, 447.392770841498816 ], [ 652.827108932895499, 463.306860409108083 ], [ 630.865665323396115, 453.440124878467373 ], [ 638.504428314604638, 439.435726057694012 ] ] ] } },
{ "type": "Feature", "properties": { "feature_type": "building", "subtype": "no-damage", "uid": "8b4e5b29-fdac-444a-95f3-e8f1907bebe2" }, "geometry": { "type": "Polygon", "coordinates": [ [ [ 691.603202397391215, 456.400272954608909 ], [ 697.290242944939337, 437.308065399689212 ], [ 696.884025764530634, 433.245893579387428 ], [ 702.571066313513029, 419.028292204838976 ], [ 738.318178334717231, 427.152635844444774 ], [ 732.224920606323849, 451.525666769248915 ], [ 730.193834691309348, 462.087313504029112 ], [ 705.820803766635777, 453.962969864423314 ], [ 707.039455313349663, 448.27592931200968 ], [ 700.133763217466253, 443.807540311174421 ], [ 695.259157033105225, 455.994055772079776 ], [ 691.603202397391215, 456.400272954608909 ] ] ] } },
{ "type": "Feature", "properties": { "feature_type": "building", "subtype": "no-damage", "uid": "07f289d6-43ca-4ff7-8fe6-2b707427e2b2" }, "geometry": { "type": "Polygon", "coordinates": [ [ [ 731.006269057240388, 472.242743057278005 ], [ 737.505743972278424, 471.83652586976018 ], [ 739.536829880370988, 464.11839941467889 ], [ 748.879825067561796, 432.433459214329275 ], [ 766.753381081437738, 436.495631033633288 ], [ 783.814502729507581, 444.619974673239312 ], [ 775.690159084415995, 474.27382896493458 ], [ 777.315027814282303, 475.898697691059795 ], [ 771.627987265299907, 490.928733426675421 ], [ 757.410385894371643, 484.835475697719176 ], [ 760.660123351984225, 475.086263327997187 ], [ 747.254956341187494, 471.024091506697573 ], [ 742.78656733586331, 478.336000784238593 ], [ 731.006269057240388, 472.242743057278005 ] ] ] } },
{ "type": "Feature", "properties": { "feature_type": "building", "subtype": "no-damage", "uid": "e79fa5de-48e0-4e35-abab-98ea1b382620" }, "geometry": { "type": "Polygon", "coordinates": [ [ [ 778.520960353927876, 481.65002626653262 ], [ 787.249334267022732, 483.146318939554988 ], [ 790.740683832335549, 476.662384030441615 ], [ 796.97523662950573, 452.222937066012491 ], [ 804.207317877810056, 452.721701287027486 ], [ 806.701138996665691, 449.479733833967373 ], [ 820.167773036902076, 453.469847623039811 ], [ 822.162829932996715, 457.709343527109525 ], [ 833.135642856809568, 463.195749987208785 ], [ 823.160358378269166, 489.380871733670972 ], [ 795.52493348227847, 481.524652413339425 ], [ 788.61924138814129, 501.835511515846179 ], [ 775.214074380898978, 499.398208421669608 ], [ 778.520960353927876, 481.65002626653262 ] ] ] } },
{ "type": "Feature", "properties": { "feature_type": "building", "subtype": "no-damage", "uid": "6b1cd336-7fba-43e8-b1d6-3062da528075" }, "geometry": { "type": "Polygon", "coordinates": [ [ [ 706.81367956409872, 120.632198545794495 ], [ 725.27402346877966, 120.950480334273195 ], [ 724.955741676434855, 144.185051108729908 ], [ 706.177115984023658, 143.86676931725799 ], [ 706.81367956409872, 120.632198545794495 ] ] ] } },
{ "type": "Feature", "properties": { "feature_type": "building", "subtype": "no-damage", "uid": "10db9649-b4e6-462c-bac9-30f5e95a097d" }, "geometry": { "type": "Polygon", "coordinates": [ [ [ 724.955741680488245, 156.598040976134797 ], [ 729.729968548450074, 154.688350226305488 ], [ 728.456841386429005, 148.640996189336789 ], [ 748.190312453255842, 149.27755977128291 ], [ 752.646257531491983, 187.78965653040521 ], [ 728.456841383872302, 186.516529365515311 ], [ 727.501996010018047, 174.421821293573402 ], [ 725.274023469091503, 172.512130545739694 ], [ 722.727769137316727, 162.327113217640488 ], [ 724.955741680488245, 156.598040976134797 ] ] ] } },
{ "type": "Feature", "properties": { "feature_type": "building", "subtype": "no-damage", "uid": "9934a8a7-4ce6-4556-ae0f-63224231bb28" }, "geometry": { "type": "Polygon", "coordinates": [ [ [ 726.547150637286222, 206.250000433780997 ], [ 738.323576916069669, 203.067182519061788 ], [ 746.280621702865801, 218.662990299190312 ], [ 777.153955470708183, 195.428419526728987 ], [ 786.0658456316703, 206.886564014729288 ], [ 782.246464133634049, 210.705945511394589 ], [ 786.384127422269103, 215.79845417394759 ], [ 785.111000256319358, 219.299553879140888 ], [ 792.431481460421196, 226.938316875464693 ], [ 768.560347101841444, 244.76209719190561 ], [ 751.373130365666952, 224.073780753215203 ], [ 732.276222882220395, 229.802852998712012 ], [ 726.547150637286222, 206.250000433780997 ] ] ] } },
{ "type": "Feature", "properties": { "feature_type": "building", "subtype": "no-damage", "uid": "4fa779c1-7022-4289-8785-c809f09f4492" }, "geometry": { "type": "Polygon", "coordinates": [ [ [ 790.203508919182923, 237.441615993040188 ], [ 800.070244455059537, 231.712543746545691 ], [ 806.754162075406953, 222.164090002388207 ], [ 815.347770443151262, 231.0759801655974 ], [ 819.485433732472302, 231.075980163601912 ], [ 836.036086886201929, 251.764296604287807 ], [ 817.57574298345412, 269.906358713198415 ], [ 818.21230656502587, 278.499967081942373 ], [ 813.756361484981312, 280.09137603930202 ], [ 822.031688064808236, 289.95811157393382 ], [ 809.300416405373312, 296.960310986316017 ], [ 798.478835498199146, 278.499967083937918 ], [ 808.982134615210953, 265.450413635584823 ], [ 790.203508919182923, 237.441615993040188 ] ] ] } },
{ "type": "Feature", "properties": { "feature_type": "building", "subtype": "no-damage", "uid": "e2d53804-1a49-487c-91d4-fc0dbe814e69" }, "geometry": { "type": "Polygon", "coordinates": [ [ [ 846.316469624814317, 274.060748806160973 ], [ 853.574734619689366, 265.247141306952415 ], [ 854.611629618440475, 252.804401310710688 ], [ 888.829164611214992, 265.765588807668792 ], [ 871.2019496156081, 306.204493790714878 ], [ 855.130077120591068, 298.946228798644313 ], [ 857.722314621927694, 295.317096296622481 ], [ 847.87181212110147, 290.132621299435698 ], [ 855.130077122524199, 283.911251300815991 ], [ 846.316469624814317, 274.060748806160973 ] ] ] } },
{ "type": "Feature", "properties": { "feature_type": "building", "subtype": "no-damage", "uid": "8f31f36c-e469-48ff-aa5d-1748709a3969" }, "geometry": { "type": "Polygon", "coordinates": [ [ [ 682.937899525127136, 313.175481191951008 ], [ 724.580823091599882, 322.514519194284389 ], [ 719.222358660521195, 339.814704351970875 ], [ 707.739934882765283, 337.212021628258981 ], [ 704.524856225427584, 348.847544388863128 ], [ 723.968427154481446, 351.603326095794614 ], [ 719.987853580110936, 368.291115313618718 ], [ 704.831054193737373, 366.147729546549613 ], [ 704.831054191430098, 357.727285441537902 ], [ 698.400896877565515, 358.492780361626615 ], [ 671.455475747620653, 350.990930161918584 ], [ 682.937899525127136, 313.175481191951008 ] ] ] } },
{ "type": "Feature", "properties": { "feature_type": "building", "subtype": "no-damage", "uid": "0b576d54-c3c5-451d-afcb-ce9699529379" }, "geometry": { "type": "Polygon", "coordinates": [ [ [ 737.824926494441229, 345.897894338804917 ], [ 739.850603443763816, 336.745139701293681 ], [ 748.448089489110089, 338.894511212007217 ], [ 750.988255818711195, 329.906230346211828 ], [ 770.332599420615566, 333.423383731733111 ], [ 774.240547624774763, 318.768577972696107 ], [ 792.412506763841179, 323.067320994123008 ], [ 787.72296892440022, 343.779446464354407 ], [ 773.068163162996939, 339.285306033950974 ], [ 764.275279707240088, 364.686969348550974 ], [ 736.528847472021425, 355.698688484751017 ], [ 737.824926494441229, 345.897894338804917 ] ] ] } },
{ "type": "Feature", "properties": { "feature_type": "building", "subtype": "no-damage", "uid": "ba4ce139-ac86-489f-95b8-cfc1734ff4b4" }, "geometry": { "type": "Polygon", "coordinates": [ [ [ 778.897300166225023, 376.373304593682519 ], [ 786.62814563423467, 357.919028316354172 ], [ 801.341690237796229, 360.911613657410214 ], [ 806.079950364189358, 356.672117753340387 ], [ 814.060177947009265, 358.168410424367323 ], [ 821.791023412275081, 339.714134144045715 ], [ 837.003332237350378, 345.948686944148278 ], [ 833.26260055959699, 362.158524216433023 ], [ 822.289787636532537, 358.91655676337291 ], [ 815.556470615666058, 376.87206881868849 ], [ 812.813267384931123, 376.123922481678392 ], [ 808.075007258413279, 385.101678507839608 ], [ 797.351576447664684, 380.862182606763213 ], [ 794.857755327686618, 382.358475277789978 ], [ 785.787350063379677, 380.150392272203476 ], [ 778.897300166225023, 376.373304593682519 ] ] ] } },
{ "type": "Feature", "properties": { "feature_type": "building", "subtype": "no-damage", "uid": "3754024c-afec-445f-a935-b7df354d349d" }, "geometry": { "type": "Polygon", "coordinates": [ [ [ 832.557319417672716, 379.005840040940086 ], [ 839.200831360721168, 360.638483491396414 ], [ 853.855637119754761, 363.960239461954814 ], [ 853.464842297000359, 367.281995434508815 ], [ 862.843917982928929, 367.281995433510986 ], [ 871.832198848597614, 346.37447255230768 ], [ 888.831773529378324, 352.627189675471698 ], [ 882.579056406402856, 368.063585075403125 ], [ 872.613788490489583, 365.328021335764902 ], [ 860.69454647346322, 398.545581055317712 ], [ 847.407522583998912, 392.292863929160376 ], [ 835.488280569342237, 386.626339036916477 ], [ 832.557319417672716, 379.005840040940086 ] ] ] } },
{ "type": "Feature", "properties": { "feature_type": "building", "subtype": "no-damage", "uid": "e314150f-ba22-45e8-961e-29d0323ac2b2" }, "geometry": { "type": "Polygon", "coordinates": [ [ [ 871.878021939667974, 401.220531277033785 ], [ 886.840948654111116, 366.30703561541668 ], [ 901.305111140181111, 371.294677849512198 ], [ 899.060672133828461, 385.010694004749098 ], [ 913.450670186749903, 385.548925498118081 ], [ 914.272980962832435, 366.307035612423419 ], [ 931.48034668181981, 365.808271384424188 ], [ 930.73220034562064, 381.269962322691981 ], [ 919.260623197986888, 381.519344437689426 ], [ 918.761858973355174, 398.227945929991279 ], [ 907.539663941778826, 415.684693763294206 ], [ 897.314997350236581, 413.689636869256901 ], [ 894.821176233127062, 415.684693765289694 ], [ 878.361956846597309, 412.692108418247187 ], [ 871.878021939667974, 401.220531277033785 ] ] ] } },
{ "type": "Feature", "properties": { "feature_type": "building", "subtype": "no-damage", "uid": "c8741a39-bab4-4302-8254-2c24be72aee9" }, "geometry": { "type": "Polygon", "coordinates": [ [ [ 929.363707533311867, 421.24469992505658 ], [ 939.915167680332388, 392.521280638900521 ], [ 962.190472435153538, 399.164792582012808 ], [ 969.420176607563008, 381.774423081341979 ], [ 987.396738336780118, 389.004127257370101 ], [ 978.408457473293993, 411.865624239312808 ], [ 973.132727400812655, 409.911650138573521 ], [ 963.753651717004232, 432.577749712537411 ], [ 929.363707533311867, 421.24469992505658 ] ] ] } },
{ "type": "Feature", "properties": { "feature_type": "building", "subtype": "no-damage", "uid": "bbe8717a-fa6f-4e08-bebb-38ad10064e7e" }, "geometry": { "type": "Polygon", "coordinates": [ [ [ 978.61116954292072, 369.658041602273613 ], [ 989.358027096360843, 352.463069511576975 ], [ 967.864311981997389, 339.176045626350117 ], [ 980.760541052822987, 315.142164182566887 ], [ 987.013258176546742, 319.050112387038894 ], [ 988.576437458709279, 313.774382311750117 ], [ 1017.104459332202964, 326.084419145110814 ], [ 1003.817435444610055, 354.026248793365824 ], [ 1009.679357748759003, 359.888171094586028 ], [ 995.024551989538622, 380.600296569806119 ], [ 978.61116954292072, 369.658041602273613 ] ] ] } },
{ "type": "Feature", "properties": { "feature_type": "building", "subtype": "no-damage", "uid": "78b128a7-c02c-4899-89c2-33805b82c9de" }, "geometry": { "type": "Polygon", "coordinates": [ [ [ 929.175624778063934, 346.991942032300585 ], [ 914.130024200079902, 342.107006778955679 ], [ 918.03797240398967, 323.739650227416405 ], [ 929.76181700860991, 324.91203468626361 ], [ 934.842149671927814, 311.038818570116405 ], [ 938.945495284938602, 301.073550657443377 ], [ 947.738378739573022, 290.326693098887176 ], [ 979.392759179823884, 311.038818569118689 ], [ 963.760966372790563, 335.463494832850074 ], [ 938.359303053457324, 321.004086486780409 ], [ 929.175624778063934, 346.991942032300585 ] ] ] } },
{ "type": "Feature", "properties": { "feature_type": "building", "subtype": "no-damage", "uid": "8c97b92c-508d-45f0-b740-fad5bee68b4d" }, "geometry": { "type": "Polygon", "coordinates": [ [ [ 920.968933557654623, 314.946766774588298 ], [ 914.325421609430464, 323.544252820435474 ], [ 891.46392462568474, 313.57898490776239 ], [ 880.717067071621045, 329.796969943599493 ], [ 866.843850952733305, 321.981073539644512 ], [ 873.096568075584059, 310.25722893021981 ], [ 883.061835993804721, 310.843421163135474 ], [ 893.808693548990959, 281.92460446401202 ], [ 896.739654701097038, 281.92460446401202 ], [ 901.429192542720557, 272.154733961313127 ], [ 920.773536144001355, 274.108708059059211 ], [ 921.359728375420332, 283.292386333831075 ], [ 933.278970394005682, 287.591129358251294 ], [ 920.968933557654623, 314.946766774588298 ] ] ] } },
{ "type": "Feature", "properties": { "feature_type": "building", "subtype": "no-damage", "uid": "4cf82767-a8dd-47b4-babe-acaad639af57" }, "geometry": { "type": "Polygon", "coordinates": [ [ [ 820.228074174122639, 514.959720194262445 ], [ 823.443152828279949, 495.209951299076693 ], [ 834.772477621818666, 496.894040121475882 ], [ 838.75305119625159, 481.584141751629886 ], [ 836.76276440816207, 474.847786468019592 ], [ 842.580525789522881, 466.427342366998914 ], [ 871.210035736940085, 473.010598663398582 ], [ 873.659619477556703, 477.450469192729315 ], [ 878.099490003643609, 478.675261060481091 ], [ 872.876686980206955, 501.477304190133111 ], [ 855.593939401594071, 497.812634023786416 ], [ 851.613365827036432, 497.506436056349628 ], [ 846.254901396269588, 496.740941136260915 ], [ 845.642505463329258, 502.405603533343424 ], [ 848.551386153791327, 505.161385239277081 ], [ 847.93899022016501, 512.663235438985112 ], [ 841.815030871741669, 512.203938487331015 ], [ 839.977843066497485, 518.940293769943537 ], [ 820.228074174122639, 514.959720194262445 ] ] ] } },
{ "type": "Feature", "properties": { "feature_type": "building", "subtype": "no-damage", "uid": "59ab6703-3b82-49bb-bb54-b76e55f371cb" }, "geometry": { "type": "Polygon", "coordinates": [ [ [ 874.001665481360646, 507.967769902100827 ], [ 881.656614666843097, 478.572765035149189 ], [ 920.069052759163355, 492.582045601437983 ], [ 910.20231722864969, 535.868369232639111 ], [ 900.972145274968398, 547.963077307574281 ], [ 886.967746452078131, 542.552286854547219 ], [ 895.561354824187561, 524.091942949175859 ], [ 904.154963188502052, 526.956479072423122 ], [ 905.109808562543435, 523.773661157703941 ], [ 873.918193002917405, 512.315516667708152 ], [ 874.001665481360646, 507.967769902100827 ] ] ] } },
{ "type": "Feature", "properties": { "feature_type": "building", "subtype": "no-damage", "uid": "bd7a18b6-1a48-4086-88df-a6070ad1c9f7" }, "geometry": { "type": "Polygon", "coordinates": [ [ [ 1022.419190763277015, 503.919563594724707 ], [ 1019.23831030884196, 497.635181582389976 ], [ 1018.988928200267992, 507.361083945561177 ], [ 998.539595025477297, 495.141360464344416 ], [ 1003.277855150747996, 486.911750774195582 ], [ 1011.507464842640957, 490.652482452261609 ], [ 1010.759318506690988, 487.410514996208292 ], [ 1005.771676266110944, 480.427815865082209 ], [ 1013.003757511423032, 462.472303809766515 ], [ 1022.419197158920952, 467.13677895687789 ], [ 1022.419190763277015, 503.919563594724707 ] ] ] } },
{ "type": "Feature", "properties": { "feature_type": "building", "subtype": "no-damage", "uid": "6c71ed08-9fe7-4ac9-a771-4e77df022998" }, "geometry": { "type": "Polygon", "coordinates": [ [ [ 150.699993022249288, 572.792133878914683 ], [ 156.366517912246792, 567.907198629560753 ], [ 154.60794122335281, 564.780840066981 ], [ 157.148107555947092, 558.528122941821493 ], [ 161.056055758672102, 560.091302222612512 ], [ 161.837645398381397, 554.424777329370954 ], [ 190.170269863958907, 567.711801217591187 ], [ 197.790768857937991, 544.264112002732759 ], [ 211.663984977012802, 548.367457613187867 ], [ 207.951434184324313, 566.539416756748437 ], [ 197.595371446529612, 564.780840065983284 ], [ 189.193282811531589, 588.423926687822586 ], [ 181.377386408202113, 595.067438631932646 ], [ 170.825926259934391, 592.918067119223679 ], [ 169.653541802397001, 589.987105969611321 ], [ 166.331785831652297, 589.987105969611321 ], [ 163.987016907348305, 583.538991438468656 ], [ 151.676980069750186, 577.286274312311321 ], [ 150.699993022249288, 572.792133878914683 ] ] ] } },
{ "type": "Feature", "properties": { "feature_type": "building", "subtype": "no-damage", "uid": "ccd91714-46e8-45d9-8348-bd86e05d2b90" }, "geometry": { "type": "Polygon", "coordinates": [ [ [ 199.940140370521789, 588.619324096799005 ], [ 213.03176684926359, 560.091302222612512 ], [ 231.39912339655811, 569.079583086412526 ], [ 228.663559656795798, 579.240248414048438 ], [ 232.766905268372398, 580.803427691846196 ], [ 236.088661242983392, 568.688788265466428 ], [ 250.938864408561301, 573.573723516815903 ], [ 249.180287720166206, 588.61932409480346 ], [ 237.847237933997491, 586.27455517411579 ], [ 226.123393324076687, 609.526846978002254 ], [ 197.009179215983693, 593.89505417009218 ], [ 199.940140370521789, 588.619324096799005 ] ] ] } },
{ "type": "Feature", "properties": { "feature_type": "building", "subtype": "no-damage", "uid": "5163a336-d146-4dc8-bbd2-b1ebe4bd4a93" }, "geometry": { "type": "Polygon", "coordinates": [ [ [ 238.824224981498389, 618.319730433823565 ], [ 254.846812613094613, 578.067863952207972 ], [ 269.892413192762376, 584.7113758943226 ], [ 265.007477937048918, 604.25111690371125 ], [ 269.306220960657527, 604.837309136627027 ], [ 275.363540673908176, 598.193797190521423 ], [ 278.294501825390682, 586.274555173118074 ], [ 294.121692045827899, 589.010118913754013 ], [ 293.926294635729107, 606.59588582439892 ], [ 279.466886285484804, 604.25111690371125 ], [ 268.329233911223412, 634.146920652705603 ], [ 238.824224981498389, 618.319730433823565 ] ] ] } },
{ "type": "Feature", "properties": { "feature_type": "building", "subtype": "no-damage", "uid": "9fa30517-8105-4310-a314-6f1c83000d2b" }, "geometry": { "type": "Polygon", "coordinates": [ [ [ 283.750723935504425, 577.167511060074276 ], [ 296.345316291245922, 577.543469039431784 ], [ 296.063347803796887, 587.976303004766237 ], [ 282.904818479206426, 586.190502595584462 ], [ 283.750723935504425, 577.167511060074276 ] ] ] } },
{ "type": "Feature", "properties": { "feature_type": "building", "subtype": "no-damage", "uid": "986b7015-0282-47e6-b5f7-8f3926ae993c" }, "geometry": { "type": "Polygon", "coordinates": [ [ [ 285.870067816857102, 635.242453946041451 ], [ 294.902907854557782, 612.430705380478457 ], [ 318.020854395721187, 619.626357613747359 ], [ 325.216506624935107, 600.02968770078337 ], [ 341.904295851236213, 602.479271439280296 ], [ 336.698930405933822, 622.535238300905121 ], [ 328.584684265492228, 619.62635761274953 ], [ 326.441298496989418, 629.424692565739406 ], [ 332.105960894569478, 633.864563093074594 ], [ 323.991714755749285, 651.60196473896292 ], [ 304.701242811224517, 643.509799066835853 ], [ 300.567570251015411, 649.174461464916135 ], [ 283.385608924274777, 640.907116344121732 ], [ 285.870067816857102, 635.242453946041451 ] ] ] } },
{ "type": "Feature", "properties": { "feature_type": "building", "subtype": "no-damage", "uid": "0b0236fb-9c12-4a3f-b40d-b7322804f770" }, "geometry": { "type": "Polygon", "coordinates": [ [ [ 332.518848634575079, 652.167771080156854 ], [ 340.139347626309302, 623.63974920696819 ], [ 363.587036840351516, 629.501671509186167 ], [ 366.908792815149525, 625.202928487759209 ], [ 368.667369503482178, 609.961930495806428 ], [ 382.735983034027811, 613.088289058386181 ], [ 384.689957134579515, 611.329712368618743 ], [ 387.425520875900816, 611.720507185573865 ], [ 377.460252958864999, 653.144758128032208 ], [ 371.012138425915396, 649.43220734051863 ], [ 366.71339540436469, 653.730950359950157 ], [ 368.471972094007015, 658.029693383372546 ], [ 360.069883462875282, 661.156051944954584 ], [ 345.219680291061422, 659.983667485109663 ], [ 332.518848634575079, 652.167771080156854 ] ] ] } },
{ "type": "Feature", "properties": { "feature_type": "building", "subtype": "no-damage", "uid": "53ba6a7a-80c6-40a9-adbe-4b3fb153490f" }, "geometry": { "type": "Polygon", "coordinates": [ [ [ 388.402507926270175, 622.662762153106428 ], [ 389.379494978946923, 621.099582873313125 ], [ 407.356056708787605, 623.444351794998511 ], [ 405.402082607113414, 643.374887626331088 ], [ 413.022581604833988, 643.765682445281641 ], [ 418.209138795452077, 644.483002171293379 ], [ 411.965710612841917, 672.231510320607299 ], [ 407.356056706916775, 673.27069136834109 ], [ 398.834628585815096, 674.200460158806209 ], [ 389.574892388609328, 671.316717268599518 ], [ 389.965687207684482, 663.110026045693871 ], [ 386.448533824408912, 661.156051943956868 ], [ 383.126777852167493, 652.167771080156854 ], [ 388.402507926270175, 622.662762153106428 ] ] ] } },
{ "type": "Feature", "properties": { "feature_type": "building", "subtype": "no-damage", "uid": "ea586cac-a5aa-418e-9a38-cf4acc84febd" }, "geometry": { "type": "Polygon", "coordinates": [ [ [ 427.85673649234252, 672.62058808152085 ], [ 433.914056202350594, 646.437335129019743 ], [ 447.982669731586611, 648.782104048709584 ], [ 448.12995619102702, 647.161953012948288 ], [ 454.463273869766397, 646.867380101799881 ], [ 455.052419700169821, 650.991400914749875 ], [ 460.207445721033082, 651.285973828891542 ], [ 464.476978184579878, 632.956785502299454 ], [ 469.612402498592473, 634.110813441376536 ], [ 473.882305858359985, 634.918632993143092 ], [ 475.03633379681321, 628.62918074223478 ], [ 483.345334933371817, 630.59102823507385 ], [ 484.460017995601618, 643.290365868524873 ], [ 479.384585254945193, 654.569105293150756 ], [ 466.414034923213705, 653.817189332440194 ], [ 459.552801772003988, 680.604195460189544 ], [ 448.462041338431391, 677.690521106948836 ], [ 447.052198909605181, 683.047922333496444 ], [ 426.750467950534073, 677.126584137413715 ], [ 427.85673649234252, 672.62058808152085 ] ] ] } },
{ "type": "Feature", "properties": { "feature_type": "building", "subtype": "no-damage", "uid": "dd8790e5-d311-468c-8737-b2b2e8c5021f" }, "geometry": { "type": "Polygon", "coordinates": [ [ [ 476.906698839079525, 677.633352606524568 ], [ 473.78034027244712, 676.460968145681818 ], [ 477.102096246621613, 657.116624547265019 ], [ 492.343094238633114, 657.507419364220141 ], [ 492.538491648669492, 654.576458212612238 ], [ 509.928861149211514, 654.185663393661684 ], [ 510.905848196650027, 644.611190298941438 ], [ 528.882409929920414, 647.932946267504462 ], [ 526.537641007050752, 666.886495050961685 ], [ 523.411282443848108, 666.886495052957116 ], [ 514.032206757233553, 665.127918360196531 ], [ 508.95187409622298, 683.49527490974026 ], [ 476.906698839079525, 677.633352606524568 ] ] ] } },
{ "type": "Feature", "properties": { "feature_type": "building", "subtype": "no-damage", "uid": "f1ad3fef-f059-41c2-a65a-d762e9e32cc6" }, "geometry": { "type": "Polygon", "coordinates": [ [ [ 524.86633095324305, 684.214199088647888 ], [ 529.355208967569752, 667.25621548234642 ], [ 554.293420156687034, 674.48829672547663 ], [ 561.026737178114786, 654.288345664119561 ], [ 577.236574451642809, 659.275987899212851 ], [ 572.747696438625667, 678.727792628548627 ], [ 567.011907864777527, 677.480882069525819 ], [ 561.026737179736074, 682.468524306614654 ], [ 556.787241276290956, 696.184540461851611 ], [ 527.60953418634756, 686.458638096684808 ], [ 524.86633095324305, 684.214199088647888 ] ] ] } },
{ "type": "Feature", "properties": { "feature_type": "building", "subtype": "no-damage", "uid": "36310ab7-de42-47a7-b0ff-295fda3d9fb3" }, "geometry": { "type": "Polygon", "coordinates": [ [ [ 574.895005776022344, 701.870319334615715 ], [ 581.129558577807188, 676.932108145180791 ], [ 602.576420196872391, 685.411099950326957 ], [ 607.314680322517233, 666.208677334990853 ], [ 626.517102942026895, 671.445701686079246 ], [ 622.526989149089104, 688.902449514393425 ], [ 607.813444549830365, 685.660482061333369 ], [ 601.828273862481637, 709.351782690747768 ], [ 574.895005776022344, 701.870319334615715 ] ] ] } },
{ "type": "Feature", "properties": { "feature_type": "building", "subtype": "no-damage", "uid": "1273d5a6-1c6f-4c37-a273-82deef09a4ef" }, "geometry": { "type": "Polygon", "coordinates": [ [ [ 620.230635339169567, 714.497912053941263 ], [ 625.310967998932938, 691.245620254045775 ], [ 648.758657211852665, 695.348965862505338 ], [ 650.321836496821334, 678.349391182780664 ], [ 671.620154197032548, 678.544788591757083 ], [ 668.103000815191308, 696.130555504397421 ], [ 655.011374336449421, 696.521350322350258 ], [ 647.586272756186077, 719.18744989531649 ], [ 620.230635339169567, 714.497912053941263 ] ] ] } },
{ "type": "Feature", "properties": { "feature_type": "building", "subtype": "no-damage", "uid": "c1b368e4-ad33-4f5a-b5b4-8c54ba05bfff" }, "geometry": { "type": "Polygon", "coordinates": [ [ [ 662.241078512163995, 728.371128170088355 ], [ 667.712205998049171, 707.659002703847932 ], [ 687.251947009179389, 714.107117233992881 ], [ 689.59671593011592, 703.360259678429998 ], [ 701.711355357552861, 706.486618236021059 ], [ 692.918471900860595, 738.336396084756871 ], [ 662.045681100194429, 730.520499684792867 ], [ 662.241078512163995, 728.371128170088355 ] ] ] } },
{ "type": "Feature", "properties": { "feature_type": "building", "subtype": "no-damage", "uid": "ed057414-8161-4920-bfca-c99177e20f87" }, "geometry": { "type": "Polygon", "coordinates": [ [ [ 713.435199962297816, 745.95689507774 ], [ 719.883314494935576, 723.876987737689547 ], [ 743.91719594008498, 729.738910037911978 ], [ 748.215938962695759, 711.176156080389546 ], [ 765.316256347398962, 714.163576583139047 ], [ 761.698360262258802, 729.543512626940014 ], [ 751.34229752857982, 728.371128168092923 ], [ 746.848157091941516, 746.543087307662518 ], [ 745.262836134448662, 754.844433238490524 ], [ 713.435199962297816, 745.95689507774 ] ] ] } },
{ "type": "Feature", "properties": { "feature_type": "building", "subtype": "no-damage", "uid": "20b2517a-652a-471a-85c9-456d039d4ce0" }, "geometry": { "type": "Polygon", "coordinates": [ [ [ 763.846607390485019, 751.339455857191751 ], [ 773.713342922495258, 728.423166873209198 ], [ 786.762896371905413, 735.107084497112737 ], [ 784.534923833223957, 740.836156739616285 ], [ 794.083377574136534, 741.791002110040949 ], [ 794.719941160821804, 738.289902406843112 ], [ 792.491968617213843, 733.515675535762171 ], [ 798.539322654991793, 722.375812835242755 ], [ 817.317948348338405, 730.014575829571072 ], [ 812.543721476198357, 743.382411066402824 ], [ 804.268394901609668, 742.745847485454533 ], [ 800.449013405880692, 744.018974651342205 ], [ 807.451212818448312, 745.610383608701795 ], [ 797.902759073357629, 769.481517965104672 ], [ 787.399459957405838, 765.980418257915744 ], [ 789.945714288369913, 757.068528100693015 ], [ 783.580078456937599, 756.750246309221097 ], [ 781.988669499703065, 759.614782431470644 ], [ 763.846607390485019, 751.339455857191751 ] ] ] } },
{ "type": "Feature", "properties": { "feature_type": "building", "subtype": "no-damage", "uid": "d93b9359-7ff5-4d9c-a004-8fc77f780d25" }, "geometry": { "type": "Polygon", "coordinates": [ [ [ 780.151481695331995, 712.150553308794997 ], [ 787.008675217670202, 686.155986829510539 ], [ 802.0123756193899, 686.002887843297799 ], [ 803.543365459379856, 672.223979313629115 ], [ 811.504512608744562, 660.741555534249073 ], [ 839.618185579239139, 667.469817721065397 ], [ 839.299903791259453, 685.930161625438927 ], [ 819.566432722000741, 680.201089376948858 ], [ 812.882515101279068, 693.250642828295213 ], [ 804.607188522449974, 693.568924616773984 ], [ 797.604989112376643, 716.485213598760993 ], [ 780.151481695331995, 712.150553308794997 ] ] ] } },
{ "type": "Feature", "properties": { "feature_type": "building", "subtype": "no-damage", "uid": "329cfc78-d7c4-4255-a257-0b29a09b03a2" }, "geometry": { "type": "Polygon", "coordinates": [ [ [ 1.577307424952944, 627.236581119951097 ], [ 13.048884574457499, 615.515621863740307 ], [ 16.290852027703892, 606.537865836581432 ], [ 29.00933973261407, 590.577410672309838 ], [ 60.930250056535051, 609.779833287645943 ], [ 46.964851791355223, 629.481020127988018 ], [ 30.50563240644675, 621.500792547847823 ], [ 12.05135612594245, 639.206922491159276 ], [ 1.577307424952944, 627.236581119951097 ] ] ] } },
{ "type": "Feature", "properties": { "feature_type": "building", "subtype": "no-damage", "uid": "eb39a58d-d81b-4a24-ad82-e0e0ba821f1d" }, "geometry": { "type": "Polygon", "coordinates": [ [ [ 58.827223756754627, 638.471678061883495 ], [ 62.539774550004303, 632.805153169639652 ], [ 62.148979729993727, 629.092602377137382 ], [ 69.574081313499818, 620.49511633328575 ], [ 76.022195847384793, 623.035282664945271 ], [ 80.711733690816814, 616.587168132804891 ], [ 95.757334272542437, 625.966243814557629 ], [ 95.5619368610717, 629.678794607059899 ], [ 101.814653986603901, 633.391345400559885 ], [ 88.527630094832361, 657.620624254317136 ], [ 75.240606207675427, 650.977112309209247 ], [ 75.240606208673185, 647.850753748625038 ], [ 71.918850235932965, 651.367907130155345 ], [ 66.252325342568028, 650.000125257342916 ], [ 58.827223756754627, 638.471678061883495 ] ] ] } },
{ "type": "Feature", "properties": { "feature_type": "building", "subtype": "no-damage", "uid": "ad791262-b5d8-42be-a672-51f0be6d0b8f" }, "geometry": { "type": "Polygon", "coordinates": [ [ [ 78.010151730491017, 682.44324881109344 ], [ 88.2348183172939, 664.737118867781874 ], [ 96.464428010059933, 669.974143213881462 ], [ 104.195273479940298, 664.487736755777746 ], [ 106.190330373478304, 656.756891284648304 ], [ 116.414996963336804, 639.050761341336852 ], [ 143.84702927355471, 656.756891284648304 ], [ 134.370509016839804, 675.211167564969969 ], [ 122.150785536, 669.225996879864738 ], [ 114.170557955923996, 680.198809804054235 ], [ 102.698980806232399, 674.961785453963557 ], [ 92.224932107550174, 690.174094277234076 ], [ 78.010151730491017, 682.44324881109344 ] ] ] } },
{ "type": "Feature", "properties": { "feature_type": "building", "subtype": "no-damage", "uid": "f244d122-5b64-45cc-92b0-b3b0101a10de" }, "geometry": { "type": "Polygon", "coordinates": [ [ [ 148.335907283391492, 685.435834150153823 ], [ 160.555630767910401, 660.248240846719227 ], [ 190.481484194489497, 679.450663466046421 ], [ 171.528443690850196, 718.104890809720587 ], [ 153.323549526091512, 708.628370554562366 ], [ 159.558102320704904, 697.406175521362002 ], [ 152.824785301896299, 695.41111862832247 ], [ 146.590232499612711, 699.401232417394908 ], [ 140.106297591124388, 713.366630681642619 ], [ 122.649549762814303, 703.391346207464949 ], [ 129.632248890696104, 687.43089104618673 ], [ 139.358151255486405, 692.667915393284034 ], [ 148.335907283391492, 685.435834150153823 ] ] ] } },
{ "type": "Feature", "properties": { "feature_type": "building", "subtype": "no-damage", "uid": "3d29fa33-9ced-45b7-b8b5-35baf85abc2b" }, "geometry": { "type": "Polygon", "coordinates": [ [ [ 193.366751986120988, 707.630196470079113 ], [ 194.179186348372696, 695.849898193698209 ], [ 208.396787724227408, 682.444731187201114 ], [ 236.425773286298693, 694.631246644115549 ], [ 225.457909370862808, 723.066449389221475 ], [ 202.709747172875296, 715.348322930149152 ], [ 192.235321075194889, 710.91262445627035 ], [ 193.366751986120988, 707.630196470079113 ] ] ] } },
{ "type": "Feature", "properties": { "feature_type": "building", "subtype": "no-damage", "uid": "3ee4c719-d467-4e59-b566-632ddd354557" }, "geometry": { "type": "Polygon", "coordinates": [ [ [ 222.061129607386107, 747.756818586581517 ], [ 224.816911312071994, 729.691138512797238 ], [ 238.595819847723789, 732.293821236509189 ], [ 243.494987325901292, 729.384940544362735 ], [ 241.504700535130411, 726.016762902557502 ], [ 248.700352768522293, 704.429806205744057 ], [ 282.535228163985778, 711.319260467585195 ], [ 267.378428778609987, 755.105569805065443 ], [ 249.159649718991488, 747.297521634927421 ], [ 255.13051008637791, 732.600019200952829 ], [ 248.853451750744, 731.375227333200996 ], [ 242.729492403006589, 736.733691762846661 ], [ 237.983423913785714, 751.431194193827992 ], [ 222.061129607386107, 747.756818586581517 ] ] ] } },
{ "type": "Feature", "properties": { "feature_type": "building", "subtype": "no-damage", "uid": "f87909e0-645d-4c79-8028-494aebc1badc" }, "geometry": { "type": "Polygon", "coordinates": [ [ [ 270.311142205297926, 758.779945410316373 ], [ 275.822705619783221, 744.082442975344065 ], [ 286.386535493919325, 746.838224681277779 ], [ 293.429088742844613, 743.470047040470376 ], [ 289.754713132169172, 741.326661270408067 ], [ 296.950365366621213, 710.706864532711506 ], [ 303.99291861947512, 711.013062501146123 ], [ 308.126591174757777, 716.524625911018006 ], [ 329.101151942305023, 728.925643592708525 ], [ 322.211697675414484, 753.421480980670822 ], [ 318.996619018326328, 755.411767769509083 ], [ 308.27969016240479, 753.727678948107609 ], [ 308.432789143940681, 746.378927732616944 ], [ 296.491068415840175, 745.460333830306467 ], [ 289.754713135037719, 756.483460654041323 ], [ 286.692733460732484, 765.516300687940202 ], [ 270.311142205297926, 758.779945410316373 ] ] ] } },
{ "type": "Feature", "properties": { "feature_type": "building", "subtype": "no-damage", "uid": "4a236d01-1c1b-4609-954b-772425e5cda7" }, "geometry": { "type": "Polygon", "coordinates": [ [ [ 351.88665875057228, 728.759715875790107 ], [ 375.138950551335313, 734.426240769031665 ], [ 369.86322047866679, 765.885223795823777 ], [ 365.955272277251481, 766.666813436718144 ], [ 364.587490406123209, 775.264299480569775 ], [ 341.921390831665576, 769.0115823574057 ], [ 343.875364932654008, 761.391083362427139 ], [ 337.622647809990326, 758.264724803838362 ], [ 339.967416730053685, 745.9546879644912 ], [ 337.03645557788542, 743.023726812883297 ], [ 339.967416731363301, 734.035445949083396 ], [ 342.702980471374985, 733.840048538111432 ], [ 349.541889827266118, 735.207830407930601 ], [ 351.88665875057228, 728.759715875790107 ] ] ] } },
{ "type": "Feature", "properties": { "feature_type": "building", "subtype": "no-damage", "uid": "d2271479-e055-474f-b29e-363111c66507" }, "geometry": { "type": "Polygon", "coordinates": [ [ [ 371.267082850653196, 797.929829132375289 ], [ 370.485493208262426, 774.677537331482085 ], [ 382.795530047481918, 774.091345101559682 ], [ 382.013940403282675, 762.367500491137207 ], [ 388.266657527879488, 745.95411804133505 ], [ 392.565400549991409, 747.126502503175516 ], [ 392.760797960090201, 739.310606098222706 ], [ 410.737359690803885, 744.390938759546202 ], [ 409.955770051344018, 746.931105094199097 ], [ 419.139448326550223, 748.68968178496425 ], [ 410.932757104332495, 775.263729558411342 ], [ 403.507655520015817, 773.700550276622607 ], [ 399.795104724521082, 784.64280524415517 ], [ 390.220631628867807, 782.298036322469784 ], [ 386.898875660617477, 792.849496470053964 ], [ 383.967914506266482, 792.654099057086569 ], [ 383.186324864748713, 799.102213590224778 ], [ 371.267082850653196, 797.929829132375289 ] ] ] } },
{ "type": "Feature", "properties": { "feature_type": "building", "subtype": "no-damage", "uid": "034ce080-ca7c-4742-b8a8-ef54d02371e5" }, "geometry": { "type": "Polygon", "coordinates": [ [ [ 425.967980627389124, 782.325122365264519 ], [ 428.723762333883428, 771.455094524749143 ], [ 434.235325746061278, 756.604493107554958 ], [ 441.277878996233824, 756.910691074991746 ], [ 440.359285095420091, 751.092929694689701 ], [ 454.444391593831824, 752.011523597998007 ], [ 473.734863538980221, 761.197462616114194 ], [ 468.529498091619928, 785.846398989291401 ], [ 461.486944846186816, 788.449081713003352 ], [ 457.65947025154361, 801.768693291017826 ], [ 443.880561720693379, 796.869525816019518 ], [ 443.268165784073801, 791.35796240514992 ], [ 425.967980627389124, 782.325122365264519 ] ] ] } },
{ "type": "Feature", "properties": { "feature_type": "building", "subtype": "no-damage", "uid": "c80d0816-7c10-462f-bb8e-5491900d04bb" }, "geometry": { "type": "Polygon", "coordinates": [ [ [ 464.245469161699702, 807.022442709847837 ], [ 467.958019955136479, 793.735418823623149 ], [ 480.463454202147489, 795.884790335334287 ], [ 486.805192362057824, 791.331302542567641 ], [ 483.199017944591276, 789.436675801198362 ], [ 489.451735066755987, 765.793589177363629 ], [ 524.818666300069481, 773.804882989297312 ], [ 514.071808745195085, 807.022442706854576 ], [ 510.417651098320903, 813.512855667745043 ], [ 494.991364681852701, 815.269569860355659 ], [ 494.532067729824519, 800.574328174714083 ], [ 487.302363555544218, 799.011148895918609 ], [ 482.02663348368651, 814.642941704826399 ], [ 464.245469161699702, 807.022442709847837 ] ] ] } },
{ "type": "Feature", "properties": { "feature_type": "building", "subtype": "no-damage", "uid": "7fddaa33-ca32-43af-b101-ed5b64f916e3" }, "geometry": { "type": "Polygon", "coordinates": [ [ [ 515.31040730635516, 823.037630872178852 ], [ 516.075902224635229, 808.34012843820426 ], [ 528.783117869830903, 809.258722339516908 ], [ 532.304394496413806, 805.125049783609597 ], [ 539.653145711528623, 785.069082917993796 ], [ 544.858511157704015, 776.801737799194939 ], [ 552.666559325844787, 775.270747963008489 ], [ 563.077290220128816, 778.026529670937748 ], [ 561.699399363794896, 783.844291048246532 ], [ 570.885338383966655, 786.140775804521581 ], [ 563.689686151572573, 816.91367152344219 ], [ 552.360361357534998, 812.473800997104831 ], [ 548.992183716541263, 818.138463393189568 ], [ 534.294681284253784, 815.229582704036261 ], [ 532.304394495914948, 826.099610544551638 ], [ 515.157308325879399, 825.640313592897542 ], [ 515.31040730635516, 823.037630872178852 ] ] ] } },
{ "type": "Feature", "properties": { "feature_type": "building", "subtype": "no-damage", "uid": "439c2419-a171-45ce-aa0f-ff11f01cf6f4" }, "geometry": { "type": "Polygon", "coordinates": [ [ [ 562.924191234227806, 833.295262775824995 ], [ 566.445467858378606, 817.066770503668522 ], [ 576.090703830765733, 819.975651195814976 ], [ 583.592554033527563, 812.16760302966793 ], [ 592.166097120197833, 790.580646330859054 ], [ 599.055551382910267, 788.743458525240271 ], [ 622.938992837365049, 798.082496527573767 ], [ 612.528261948007412, 826.558907493212473 ], [ 602.423729023592159, 824.415521722152448 ], [ 602.72992699246322, 820.588047128693233 ], [ 595.534274760755011, 818.750859326067712 ], [ 594.462581876597142, 825.640313590901997 ], [ 585.582840818935665, 822.272135952090139 ], [ 578.540287569137377, 840.031618059435345 ], [ 563.230389201415164, 835.438648546885133 ], [ 562.924191234227806, 833.295262775824995 ] ] ] } },
{ "type": "Feature", "properties": { "feature_type": "building", "subtype": "no-damage", "uid": "d237edb9-84dd-4a9b-ae99-f4472e829f07" }, "geometry": { "type": "Polygon", "coordinates": [ [ [ 606.877041628393272, 851.173322381174557 ], [ 615.083732850860429, 829.288812446109432 ], [ 622.508834437484438, 832.610568418663433 ], [ 631.301717892680131, 827.921030573297116 ], [ 627.784564512397765, 822.05910827107914 ], [ 639.508409117579276, 799.979200928035425 ], [ 671.944379195793431, 814.634006683081452 ], [ 655.14020193028739, 857.426039499349827 ], [ 638.14062724857115, 849.414745686418428 ], [ 644.588741779088764, 832.805965825644307 ], [ 639.117614297818136, 831.828978775773521 ], [ 630.715525662633013, 837.690901078989214 ], [ 622.873425551857963, 856.638464117804347 ], [ 606.877041628393272, 851.173322381174557 ] ] ] } },
{ "type": "Feature", "properties": { "feature_type": "building", "subtype": "no-damage", "uid": "5e9e4877-f663-481b-ba86-8f8b3398e278" }, "geometry": { "type": "Polygon", "coordinates": [ [ [ 660.692154366308159, 849.071809192898513 ], [ 671.974624246246094, 849.182306075969564 ], [ 675.495900870396895, 841.833554859481183 ], [ 674.271109002395974, 836.321991447613641 ], [ 680.854365300727295, 825.298864622881069 ], [ 682.232256151386537, 813.969539829713767 ], [ 705.197103704092228, 815.347430681682908 ], [ 704.58470776953061, 823.920973768916383 ], [ 718.363616303498702, 828.207745310038831 ], [ 709.024578300543908, 854.693869488834821 ], [ 680.993885326252325, 846.346113831830849 ], [ 676.858347537356849, 855.087136884568963 ], [ 675.448505111648615, 867.681729240438131 ], [ 659.752259412676494, 866.741834286556809 ], [ 660.692154366308159, 849.071809192898513 ] ] ] } },
{ "type": "Feature", "properties": { "feature_type": "building", "subtype": "no-damage", "uid": "4a4f8995-a29a-49bf-89c5-02a087ef1c57" }, "geometry": { "type": "Polygon", "coordinates": [ [ [ 722.081026850654439, 860.689667977450881 ], [ 727.318051201055709, 851.462529842278855 ], [ 724.32546585781779, 848.719326606242703 ], [ 725.572376418149815, 842.983538034139315 ], [ 731.557547101694695, 831.013196662931136 ], [ 766.221660654916377, 844.47983070516625 ], [ 754.001937172143471, 870.664952451628437 ], [ 740.784685242726368, 867.173602886564254 ], [ 738.540246234502888, 870.166188230613557 ], [ 722.081026850654439, 860.689667977450881 ] ] ] } },
{ "type": "Feature", "properties": { "feature_type": "building", "subtype": "no-damage", "uid": "758ca0d7-6c7e-4a88-bcca-4ecbb5e70db5" }, "geometry": { "type": "Polygon", "coordinates": [ [ [ -0.000004791011567, 679.424741236532554 ], [ 15.149122130413801, 693.621288839039153 ], [ 27.744613409919811, 675.027944573792524 ], [ 43.578945300874047, 687.503478793216345 ], [ 31.832723533747028, 700.665925617948005 ], [ 25.55566520285247, 695.766758137961006 ], [ 17.135221100586548, 702.656212404790722 ], [ 7.643084113352089, 722.8652782526284 ], [ -0.00000478963966, 721.351756631819626 ], [ -0.000004791011567, 679.424741236532554 ] ] ] } },
{ "type": "Feature", "properties": { "feature_type": "building", "subtype": "no-damage", "uid": "8327e46c-dccf-4889-85f2-f40289d6b276" }, "geometry": { "type": "Polygon", "coordinates": [ [ [ 22.565790248271359, 727.986769953359499 ], [ 28.232315143320001, 713.72275901526848 ], [ 41.519339032846602, 694.573812826825815 ], [ 57.346529249542257, 702.389709230780909 ], [ 51.484606945704343, 714.895143474115685 ], [ 53.829375870818943, 720.757065778329206 ], [ 65.162425655116806, 704.343683332518026 ], [ 82.35739774381382, 712.159579733479745 ], [ 68.484181625113209, 739.124422330866196 ], [ 64.380836014721481, 744.986344633084173 ], [ 34.875827084435279, 726.42359067256848 ], [ 31.358673702157471, 732.480910386756136 ], [ 22.565790248271359, 727.986769953359499 ] ] ] } },
{ "type": "Feature", "properties": { "feature_type": "building", "subtype": "no-damage", "uid": "0659ca47-37ed-4022-8996-cdda0064e930" }, "geometry": { "type": "Polygon", "coordinates": [ [ [ 68.28878421488966, 745.767934272980824 ], [ 84.50676925621049, 717.435309806773034 ], [ 101.310946526206493, 727.205180311467302 ], [ 93.885844940330728, 741.469191250556037 ], [ 97.598395732457931, 743.423165351295438 ], [ 106.782074010096196, 736.975050817159513 ], [ 117.528931564721105, 747.135716142799879 ], [ 98.966177603087388, 764.526085641475106 ], [ 68.28878421488966, 745.767934272980824 ] ] ] } },
{ "type": "Feature", "properties": { "feature_type": "building", "subtype": "no-damage", "uid": "704898cb-f5a2-4e7b-a58b-6eb54319ce71" }, "geometry": { "type": "Polygon", "coordinates": [ [ [ 111.080817033392904, 769.020226074871744 ], [ 123.390853869307406, 750.84826693430432 ], [ 137.45946739854341, 761.790521898843622 ], [ 137.459467396734908, 769.020226073874028 ], [ 140.585825962057811, 768.043239024003242 ], [ 150.551093875788496, 745.572536859015599 ], [ 167.941463375706888, 757.687176287390912 ], [ 161.102554025303391, 770.388007942695367 ], [ 153.091260209567707, 765.893867514287422 ], [ 139.804236318170297, 788.364569672290827 ], [ 111.080817033392904, 769.020226074871744 ] ] ] } },
{ "type": "Feature", "properties": { "feature_type": "building", "subtype": "no-damage", "uid": "03fb3d32-135f-4e5e-a861-d261306600d7" }, "geometry": { "type": "Polygon", "coordinates": [ [ [ 156.655728558482906, 786.798216731249909 ], [ 163.540656012130711, 773.014738776964691 ], [ 183.740607075416108, 782.333429996408881 ], [ 189.725777759958589, 777.096405649311464 ], [ 194.96280211148229, 762.632243159059954 ], [ 205.187468697910987, 765.126064278103286 ], [ 213.417078391861907, 771.360617077208076 ], [ 207.485892406355987, 783.50055204092655 ], [ 193.715891553145809, 780.088990989369677 ], [ 190.473924098901591, 787.071690122491304 ], [ 184.804411469199493, 798.126588139742694 ], [ 156.655728558482906, 786.798216731249909 ] ] ] } },
{ "type": "Feature", "properties": { "feature_type": "building", "subtype": "no-damage", "uid": "15f02e5c-0721-4344-907b-35c8af4fbf56" }, "geometry": { "type": "Polygon", "coordinates": [ [ [ 202.545274713451306, 806.047475182134121 ], [ 215.246106369875207, 774.393094747363421 ], [ 224.429784643086009, 778.301042949839825 ], [ 219.154054568796198, 798.036181372195983 ], [ 231.07329659037481, 803.507308853467862 ], [ 225.406771692582311, 817.380524969615067 ], [ 202.545274713451306, 806.047475182134121 ] ] ] } },
{ "type": "Feature", "properties": { "feature_type": "building", "subtype": "no-damage", "uid": "0ba373fd-909c-48dc-b16c-61686538a9bb" }, "geometry": { "type": "Polygon", "coordinates": [ [ [ 252.567011702680304, 808.97843633473974 ], [ 259.601318466550026, 811.323205255427411 ], [ 261.946087389481988, 806.633667414052184 ], [ 272.888342353582175, 808.587641516787016 ], [ 276.014700913791614, 810.737013026502723 ], [ 284.6121869584519, 811.323205255427411 ], [ 287.933942933187609, 795.496015037543202 ], [ 303.956530562289402, 799.013168420071224 ], [ 301.416364229258477, 815.817345685830787 ], [ 289.106327391036814, 812.690987126244295 ], [ 283.049007678908424, 835.552484107189116 ], [ 248.463666090916689, 826.564203245384647 ], [ 252.567011702680304, 808.97843633473974 ] ] ] } },
{ "type": "Feature", "properties": { "feature_type": "building", "subtype": "no-damage", "uid": "799c800e-b8bb-48f0-b455-8b9a2e29e0cf" }, "geometry": { "type": "Polygon", "coordinates": [ [ [ 311.473738875545394, 850.536110280259891 ], [ 294.412474749305716, 844.103418110700204 ], [ 298.459224207836485, 822.07515610658379 ], [ 319.176300496359488, 818.825418649344556 ], [ 326.894426952062588, 828.168413835539923 ], [ 332.175250320761108, 820.856504557998846 ], [ 326.894426953309789, 817.200549920226081 ], [ 328.925512865455687, 805.826468824378821 ], [ 352.079892243290772, 806.638903185445884 ], [ 350.048806329960087, 826.94976228895041 ], [ 337.04985650555858, 826.137327924890087 ], [ 333.800119051936974, 833.449237201433334 ], [ 327.706861317182927, 853.72925157977636 ], [ 311.473738875545394, 850.536110280259891 ] ] ] } },
{ "type": "Feature", "properties": { "feature_type": "building", "subtype": "no-damage", "uid": "f5d8721f-cc78-4ad5-8cdf-c78633d48616" }, "geometry": { "type": "Polygon", "coordinates": [ [ [ 353.246909473478297, 819.891825520748853 ], [ 368.72989067070688, 822.383809686049858 ], [ 374.088355102409082, 830.498055822626952 ], [ 380.059215467924787, 828.04847208313231 ], [ 384.499085991143204, 815.800553386656816 ], [ 400.574479282944878, 819.474928993903291 ], [ 397.512499605022924, 835.39722329762526 ], [ 384.419673461948378, 832.859695339973428 ], [ 382.4246165680986, 843.333744038159239 ], [ 388.908551477023423, 855.802849633375672 ], [ 377.686356439709982, 872.012686904662473 ], [ 358.742856153328319, 868.319230867640158 ], [ 361.286175389217306, 854.856773571282815 ], [ 356.54791526718941, 850.866659783208206 ], [ 344.081357298067189, 846.182770611382466 ], [ 353.246909473478297, 819.891825520748853 ] ] ] } },
{ "type": "Feature", "properties": { "feature_type": "building", "subtype": "no-damage", "uid": "b6af9139-61bc-4b35-aaad-8d6a96f7f86d" }, "geometry": { "type": "Polygon", "coordinates": [ [ [ 401.187313293713203, 827.424741261806844 ], [ 420.140353800595278, 831.664237165876557 ], [ 417.147768454301797, 847.874074437163472 ], [ 418.644061126076622, 848.622220773175741 ], [ 426.87367081734601, 839.644464745019036 ], [ 427.621817154480595, 826.676594927790006 ], [ 443.08350809442851, 826.925977038796304 ], [ 443.08350809112352, 846.377781766136536 ], [ 432.858841503884094, 845.629635431121983 ], [ 429.118109826130706, 854.607391457283256 ], [ 423.382321253155681, 876.054253078660736 ], [ 393.456467823832782, 871.066610843567446 ], [ 401.187313293713203, 827.424741261806844 ] ] ] } },
{ "type": "Feature", "properties": { "feature_type": "building", "subtype": "no-damage", "uid": "78cb87b8-45f2-4ab1-b541-e48c8ef2a324" }, "geometry": { "type": "Polygon", "coordinates": [ [ [ 438.095865853474606, 868.572789721530967 ], [ 441.587215423090186, 852.113570340235469 ], [ 453.557556790740989, 852.612334562248179 ], [ 456.300760024469184, 849.619749219196706 ], [ 456.799524249038598, 842.387667975068666 ], [ 464.779751825996584, 843.63457853508919 ], [ 465.777280274324596, 839.395082631019477 ], [ 479.243914318614316, 839.893846857023163 ], [ 479.742678538880909, 838.397554186994057 ], [ 495.204369477394494, 838.896318408009051 ], [ 494.206841031124384, 858.846887357361993 ], [ 482.236499657299873, 855.35553779129998 ], [ 475.503182636495808, 879.296220531720905 ], [ 438.345247967973023, 870.56784662055702 ], [ 438.095865853474606, 868.572789721530967 ] ] ] } },
{ "type": "Feature", "properties": { "feature_type": "building", "subtype": "no-damage", "uid": "2eddcce1-2ceb-403d-8722-4bf735c00cd7" }, "geometry": { "type": "Polygon", "coordinates": [ [ [ 488.720434568220185, 881.041895316747286 ], [ 497.947572709937788, 844.382724867110483 ], [ 516.152466875444816, 850.617277664219841 ], [ 511.912970973122185, 872.313521399596993 ], [ 518.646287994362865, 873.311049846615674 ], [ 524.631458679591333, 866.328350714491762 ], [ 522.885783896560724, 862.088854811419765 ], [ 527.374661911698126, 849.370367104199318 ], [ 545.080791856751603, 850.617277664219841 ], [ 542.337588626141383, 872.06413928659515 ], [ 529.868483031489177, 872.313521397601448 ], [ 522.885783897870283, 897.251732588034201 ], [ 488.221670343152027, 885.780155442829823 ], [ 488.720434568220185, 881.041895316747286 ] ] ] } },
{ "type": "Feature", "properties": { "feature_type": "building", "subtype": "no-damage", "uid": "0aea2ef9-a44d-45a8-a65a-09d5df528cff" }, "geometry": { "type": "Polygon", "coordinates": [ [ [ 533.609214709616708, 901.989992713118909 ], [ 546.826466639220939, 861.839472699415637 ], [ 563.784450248012718, 865.580204377481778 ], [ 561.540011241285924, 874.059196179634682 ], [ 564.532596584212001, 877.550545746694411 ], [ 563.285686025251835, 884.533244880813754 ], [ 574.258498948004444, 877.051781526677132 ], [ 575.00664528594973, 871.814757172595478 ], [ 577.001702178053506, 864.333293815465709 ], [ 595.455978460366168, 869.320936053552259 ], [ 589.969571997087883, 887.027065997861541 ], [ 579.246141186401701, 883.535716432797358 ], [ 566.278271367491925, 913.960334082331656 ], [ 557.05113322770751, 911.217130852282025 ], [ 552.31287310237451, 912.713423523308848 ], [ 545.330173966822485, 909.720838178261829 ], [ 544.332645524106852, 906.977634952203289 ], [ 533.609214709616708, 901.989992713118909 ] ] ] } },
{ "type": "Feature", "properties": { "feature_type": "building", "subtype": "no-damage", "uid": "571b5671-e91e-422a-a9b5-d096de36eb01" }, "geometry": { "type": "Polygon", "coordinates": [ [ [ 582.238726527269819, 910.468984516269643 ], [ 588.722661439998546, 890.767797677923113 ], [ 616.902840081239788, 900.743082151102954 ], [ 625.381831885511019, 879.046838416723517 ], [ 641.591669158540185, 885.032009100830919 ], [ 636.604026922450316, 901.989992708130217 ], [ 624.633685549436564, 896.503586248030956 ], [ 619.396661200718995, 905.730724387193959 ], [ 614.658401078129828, 924.185000669511055 ], [ 582.238726527269819, 910.468984516269643 ] ] ] } },
{ "type": "Feature", "properties": { "feature_type": "building", "subtype": "no-damage", "uid": "98c90943-16ed-4aaa-a36b-577e4d5498f1" }, "geometry": { "type": "Polygon", "coordinates": [ [ [ 630.369474124095291, 924.683764890526049 ], [ 644.085490277083977, 901.491228488112938 ], [ 661.791620222386769, 911.21713085028648 ], [ 670.021229917397818, 902.987521158142044 ], [ 674.75949004117183, 893.2616187949709 ], [ 691.218709425269594, 899.246789478080586 ], [ 684.734774519462803, 916.454155196386068 ], [ 673.761961592719103, 913.212187743326012 ], [ 671.766904699555312, 915.207244640356635 ], [ 664.036059229924376, 943.886187503866608 ], [ 654.060774754751378, 938.898545267775603 ], [ 650.070660963559703, 943.138041168852055 ], [ 638.10031959191781, 938.64916315776702 ], [ 640.344758600390719, 931.91584613265843 ], [ 630.369474124095291, 924.683764890526049 ] ] ] } },
{ "type": "Feature", "properties": { "feature_type": "building", "subtype": "no-damage", "uid": "5b9c16cd-7cda-41bb-8023-6634be993487" }, "geometry": { "type": "Polygon", "coordinates": [ [ [ 685.941675234376021, 946.367980285784256 ], [ 695.320750921177705, 916.667573948759582 ], [ 724.434965026651753, 927.609828913298884 ], [ 720.33161941389028, 937.965891646917953 ], [ 706.067608475116799, 933.862546034467414 ], [ 703.527442144268434, 935.425725318251693 ], [ 706.26300588583922, 939.529070928706801 ], [ 717.400658261721901, 943.632416540159511 ], [ 713.101915238799393, 957.310235247330297 ], [ 685.941675234376021, 946.367980285784256 ] ] ] } },
{ "type": "Feature", "properties": { "feature_type": "building", "subtype": "no-damage", "uid": "d0dca6d3-d00e-4c0c-86ff-cae4734bad22" }, "geometry": { "type": "Polygon", "coordinates": [ [ [ -0.000004789265504, 807.966828746959777 ], [ 7.510882385777405, 806.298755465869704 ], [ 31.063734951388749, 816.165490996510471 ], [ 26.926071662317149, 839.081779976502048 ], [ -0.00000478963966, 827.311172348369837 ], [ -0.000004789265504, 807.966828746959777 ] ] ] } },
{ "type": "Feature", "properties": { "feature_type": "building", "subtype": "no-damage", "uid": "dce12252-e8a0-4e28-87fa-c95fbd267b17" }, "geometry": { "type": "Polygon", "coordinates": [ [ [ 36.474525405599401, 846.083979389882074 ], [ 49.205797062976501, 826.987071904560139 ], [ 78.149263162967173, 843.098605025286133 ], [ 68.173773211834956, 865.92620487246802 ], [ 37.111088988730167, 847.993670138713583 ], [ 36.474525405599401, 846.083979389882074 ] ] ] } },
{ "type": "Feature", "properties": { "feature_type": "building", "subtype": "no-damage", "uid": "6f290ce9-3975-40c6-8473-66183d65b921" }, "geometry": { "type": "Polygon", "coordinates": [ [ [ 61.205767636449949, 897.127499493097503 ], [ 64.527523604263763, 876.610771434835783 ], [ 76.251368212625565, 878.369348124603107 ], [ 82.504085334977447, 873.093618051309932 ], [ 81.527098285668131, 868.599477620906555 ], [ 91.101571380011919, 845.737980633975098 ], [ 104.974787498151301, 852.576889990054951 ], [ 106.537966781062195, 860.197388985033513 ], [ 123.732938871068697, 865.863913877277355 ], [ 111.2275046228728, 896.932102087114345 ], [ 96.572698864026336, 889.311603091137954 ], [ 100.480647069557406, 878.369348123605391 ], [ 89.733789511440321, 877.001566253786336 ], [ 82.699482744826838, 880.714117045290777 ], [ 77.619150084003337, 900.840050284601944 ], [ 61.205767636449949, 897.127499493097503 ] ] ] } },
{ "type": "Feature", "properties": { "feature_type": "building", "subtype": "no-damage", "uid": "2be67dc5-d4b7-4f30-b2ee-475fccb25669" }, "geometry": { "type": "Polygon", "coordinates": [ [ [ 110.250517571318596, 907.678959642677228 ], [ 114.353863184578799, 896.541307264172815 ], [ 121.583567358173198, 899.081473596830051 ], [ 129.008668944797193, 894.196538340491884 ], [ 129.204066357452803, 883.058885967973879 ], [ 137.996949811962509, 862.737555314697602 ], [ 146.594435853504791, 866.645503518171722 ], [ 147.571422904373208, 872.507425820389699 ], [ 160.66304938336441, 875.242989563021183 ], [ 161.249241615469288, 880.323322225342508 ], [ 169.065138017302303, 882.668091146030065 ], [ 161.053844205432796, 910.219125969348056 ], [ 148.743807364404887, 904.943395898050312 ], [ 149.525397008042887, 899.08147359383679 ], [ 144.835859162677707, 893.610346110569367 ], [ 141.904898011444686, 890.679384958961577 ], [ 135.847578298256309, 887.357628987405405 ], [ 136.629167939399906, 894.978127981386251 ], [ 135.065988657736199, 903.771011438205278 ], [ 128.2270793062103, 903.966408850174957 ], [ 123.732938873064199, 914.51786899476599 ], [ 110.250517571318596, 907.678959642677228 ] ] ] } },
{ "type": "Feature", "properties": { "feature_type": "building", "subtype": "no-damage", "uid": "60e3bcc2-70b3-4400-9924-eda7fb6fc4df" }, "geometry": { "type": "Polygon", "coordinates": [ [ [ 156.201189538222707, 930.369864791558939 ], [ 159.394445415557414, 914.0374875982194 ], [ 170.95590789134161, 914.535532902970658 ], [ 175.75419028333539, 909.377379331343832 ], [ 177.073717943024803, 906.258495776986706 ], [ 186.790239782233499, 888.025022690436572 ], [ 220.378216518582292, 901.100342206357595 ], [ 211.621351157622712, 922.212784726470886 ], [ 192.548178652351709, 915.375232319264001 ], [ 184.870926824862295, 912.016434646108564 ], [ 175.634233222439605, 920.653342951786726 ], [ 172.155478491070511, 935.048190122595656 ], [ 156.201189538222707, 930.369864791558939 ] ] ] } },
{ "type": "Feature", "properties": { "feature_type": "building", "subtype": "no-damage", "uid": "5e043c8a-147a-4d93-baa0-b12e93cef17c" }, "geometry": { "type": "Polygon", "coordinates": [ [ [ 227.1381997041359, 925.099333208706298 ], [ 232.873988272870491, 899.66235779426529 ], [ 266.041809156624595, 911.383317053469341 ], [ 259.084157143379628, 934.132293361806546 ], [ 227.1381997041359, 925.099333208706298 ] ] ] } },
{ "type": "Feature", "properties": { "feature_type": "building", "subtype": "no-damage", "uid": "9374e8c0-2334-4085-a1b3-ae27f52eb81a" }, "geometry": { "type": "Polygon", "coordinates": [ [ [ 253.046529568920704, 959.744510771907926 ], [ 256.525284304530203, 945.70953477979549 ], [ 261.323566691348219, 945.829491840691276 ], [ 267.342398797796307, 926.989635534107606 ], [ 273.313259161877681, 925.305546716697222 ], [ 274.997347982031613, 919.793983301836533 ], [ 282.805396149611113, 917.497498550550176 ], [ 286.93906870876009, 923.774556877517512 ], [ 290.001048383127682, 913.823122940310441 ], [ 303.779956914102627, 916.885102612683227 ], [ 302.861363013289008, 922.090468058111583 ], [ 312.047302033398523, 924.3869528123912 ], [ 316.793370528169419, 928.979922322945868 ], [ 305.923342686035198, 951.944769874721715 ], [ 283.877089038071688, 947.045602399723407 ], [ 277.293832738306207, 948.27039426747524 ], [ 272.241566277657512, 963.120995684669424 ], [ 253.046529568920704, 959.744510771907926 ] ] ] } },
{ "type": "Feature", "properties": { "feature_type": "building", "subtype": "no-damage", "uid": "07df6811-7779-48ee-a9e9-517bed60a85c" }, "geometry": { "type": "Polygon", "coordinates": [ [ [ 305.738336353376326, 983.147683991333679 ], [ 305.347541534488187, 959.504597369494491 ], [ 318.243770601884023, 958.723007726604578 ], [ 321.370129162155706, 954.228867297198917 ], [ 320.197744702996999, 950.516316505694476 ], [ 325.473474774355907, 925.114653186105784 ], [ 341.300664996476826, 926.677832467894518 ], [ 342.082254638742882, 932.930549591058593 ], [ 363.18517493022722, 936.643100384558579 ], [ 351.265932910457025, 979.239735786861843 ], [ 336.024934922748173, 974.940992767430316 ], [ 341.105267584631918, 958.918405136578713 ], [ 337.783511612764698, 955.792046575994505 ], [ 329.967615207439621, 953.838072475255103 ], [ 326.645859238690377, 961.067776651283225 ], [ 329.381422980884679, 966.929698954498917 ], [ 324.887282545057076, 970.056057512089978 ], [ 321.565526571880412, 984.320068453174144 ], [ 305.738336353376326, 983.147683991333679 ] ] ] } },
{ "type": "Feature", "properties": { "feature_type": "building", "subtype": "no-damage", "uid": "a8b10fbb-69fd-4d08-90f4-a03d7c2b5cb1" }, "geometry": { "type": "Polygon", "coordinates": [ [ [ 388.268436544361521, 940.905468378425667 ], [ 399.784314282415323, 942.944738392702106 ], [ 398.824657807159383, 950.861904336996304 ], [ 409.260922008001387, 952.901174357259379 ], [ 402.663283716850799, 976.052886889653564 ], [ 389.468007142281976, 971.734432739308886 ], [ 389.827878320417199, 965.856536811286787 ], [ 382.870368853064519, 962.257825018335097 ], [ 380.951055895817888, 957.219628507604057 ], [ 376.392687628359624, 956.379929087319738 ], [ 370.394834638944076, 972.814046278391743 ], [ 368.115650503687107, 987.088936388304887 ], [ 352.641189789309124, 982.650525180057571 ], [ 356.959643941835395, 966.816193291469176 ], [ 365.716509307596709, 968.855463303750298 ], [ 369.429546769754722, 959.285291888256097 ], [ 371.133271097558179, 954.239414905503168 ], [ 372.509336106174715, 949.062470119089539 ], [ 374.941808193511804, 939.37366666654475 ], [ 376.392687625865221, 933.828001851422641 ], [ 386.589037705476812, 933.468130672726033 ], [ 388.268436544361521, 940.905468378425667 ] ] ] } },
{ "type": "Feature", "properties": { "feature_type": "building", "subtype": "no-damage", "uid": "db9df85d-3893-4503-b3ea-c87cf30758db" }, "geometry": { "type": "Polygon", "coordinates": [ [ [ 404.615124208195027, 983.441333710740309 ], [ 413.942746036143717, 986.03961716623246 ], [ 421.379809056035128, 972.704969755238722 ], [ 424.201771508853312, 956.111830541940435 ], [ 427.588126447845013, 947.194429201217304 ], [ 457.275171433966875, 956.901980030378468 ], [ 458.178199417768724, 960.288334969994594 ], [ 452.760031510468025, 979.929193630144709 ], [ 449.599433564324272, 984.105698054207892 ], [ 439.440368743420493, 980.606464618666564 ], [ 440.004761231651912, 982.638277582236697 ], [ 426.254571054750727, 977.744489453953634 ], [ 417.68842942817372, 1001.310480225901983 ], [ 401.120983657798376, 997.276667342761584 ], [ 404.615124208195027, 983.441333710740309 ] ] ] } },
{ "type": "Feature", "properties": { "feature_type": "building", "subtype": "no-damage", "uid": "068dedbf-0ea2-4691-86d0-c9d9025546fe" }, "geometry": { "type": "Polygon", "coordinates": [ [ [ 449.052282940946384, 1006.17239334770602 ], [ 452.365772094971476, 991.333724524482477 ], [ 462.01811006631192, 994.070954696289505 ], [ 468.068829393951887, 987.732105878785774 ], [ 467.060376171670384, 985.427069946417873 ], [ 470.37386532538369, 972.461242820113966 ], [ 467.204440919064723, 966.698652987198898 ], [ 471.526383293251115, 953.876890608039844 ], [ 475.992390413459987, 954.453149589635132 ], [ 476.13645515885878, 956.902250271143316 ], [ 492.415771441492211, 961.512322135879117 ], [ 492.703900933038085, 966.122394004605781 ], [ 506.966310770547182, 968.715559428270126 ], [ 501.491850429241822, 996.087861138358562 ], [ 474.263613463685601, 989.893077066004253 ], [ 469.221347358576509, 997.384443850689649 ], [ 472.534836514908989, 1000.986062495388978 ], [ 461.874045323781615, 1012.367177416069012 ], [ 449.052282940946384, 1006.17239334770602 ] ] ] } },
{ "type": "Feature", "properties": { "feature_type": "building", "subtype": "no-damage", "uid": "e730cd3d-d948-4a70-801c-c7b3e765a5eb" }, "geometry": { "type": "Polygon", "coordinates": [ [ [ 597.449127993949219, 1022.98892263886296 ], [ 598.485558192989743, 1018.807971337909976 ], [ 588.37286334899818, 1013.291955972596952 ], [ 585.982590024599403, 1018.991838517817996 ], [ 563.55079419405854, 1015.130627759703998 ], [ 564.102395730477497, 1004.466331383905981 ], [ 559.13798190146008, 1002.811526775709012 ], [ 567.412004952670145, 975.231449937171647 ], [ 597.014620756906197, 980.563598119583276 ], [ 590.579269497480027, 1007.408206245473025 ], [ 602.162901771256884, 1015.314494936618985 ], [ 615.952940186468936, 1016.417698011078983 ], [ 615.634245767169318, 1022.988849371039009 ], [ 597.449127993949219, 1022.98892263886296 ] ] ] } },
{ "type": "Feature", "properties": { "feature_type": "building", "subtype": "no-damage", "uid": "349d44ea-3558-475d-9e58-5631c4ce6987" }, "geometry": { "type": "Polygon", "coordinates": [ [ [ 635.197659889324314, 1013.952788299698 ], [ 641.180220287350721, 999.617219049802657 ], [ 656.757453017550802, 1004.132358969623056 ], [ 654.725640048930018, 1012.824003317497954 ], [ 676.285433176033962, 1022.080040153978985 ], [ 675.85814800283049, 1022.988507530689958 ], [ 647.963104858968222, 1022.988684810027962 ], [ 649.194593645641817, 1021.177012169615978 ], [ 635.536295383896913, 1016.210358256117047 ], [ 635.197659889324314, 1013.952788299698 ] ] ] } },
{ "type": "Feature", "properties": { "feature_type": "building", "subtype": "no-damage", "uid": "61620240-c9dd-47de-a3ce-8e9b8b7339ef" }, "geometry": { "type": "Polygon", "coordinates": [ [ [ -0.000004788891347, 886.09235556491376 ], [ 12.686938086558611, 891.134581578469579 ], [ 10.381902153941869, 906.261379895983055 ], [ -0.000004789826738, 902.896574362044362 ], [ -0.000004788891347, 886.09235556491376 ] ] ] } },
{ "type": "Feature", "properties": { "feature_type": "building", "subtype": "no-damage", "uid": "b9d9cbd9-9fa7-498a-a4c6-e48027fd72d2" }, "geometry": { "type": "Polygon", "coordinates": [ [ [ -0.000004791261005, 932.625228383041417 ], [ 8.941254698270162, 914.905264643859027 ], [ 28.38999538422938, 924.41353786861805 ], [ 38.186398102278041, 904.388538198065589 ], [ 54.609779128127641, 911.591775489458996 ], [ 48.991254040051452, 927.871091769165332 ], [ 38.186398102278041, 924.41353786861805 ], [ 26.373088943033832, 952.506163307446627 ], [ 4.331182831976571, 940.836918896466955 ], [ 5.195571302872745, 938.099688726655472 ], [ -0.000004791261005, 932.625228383041417 ] ] ] } },
{ "type": "Feature", "properties": { "feature_type": "building", "subtype": "no-damage", "uid": "f467ce2d-88aa-4b4c-a869-920fd2b06fcb" }, "geometry": { "type": "Polygon", "coordinates": [ [ [ 36.412025538729893, 959.815166781876314 ], [ 52.408470105604081, 925.064269967833638 ], [ 73.001594145421237, 934.441496090262376 ], [ 77.782140797149708, 921.203059209719981 ], [ 84.217492061003455, 923.225598175737559 ], [ 85.320695137645188, 916.606379734967504 ], [ 93.043116649817222, 920.835324853894917 ], [ 95.433389975837358, 929.84481661850316 ], [ 90.836710502644962, 943.083253499045441 ], [ 82.562687450250095, 940.692980173211822 ], [ 77.598273621606879, 957.608760633955285 ], [ 68.404914673413657, 973.789072379057529 ], [ 36.412025538729893, 959.815166781876314 ] ] ] } },
{ "type": "Feature", "properties": { "feature_type": "building", "subtype": "no-damage", "uid": "1e1b4c2b-0b1b-4090-a85d-ad371632f359" }, "geometry": { "type": "Polygon", "coordinates": [ [ [ 76.862804903346841, 980.959892356558385 ], [ 90.836710500587103, 948.783136045264087 ], [ 104.9944832793567, 953.195948343101804 ], [ 104.075147383371203, 964.963447792361876 ], [ 113.452373508853398, 964.779580610458311 ], [ 117.865185805817006, 941.428448889850756 ], [ 128.345615002827401, 942.715519140227116 ], [ 130.000419616324507, 938.118839668467899 ], [ 139.929247276728887, 941.612316067763231 ], [ 134.964833447961013, 949.518604761903021 ], [ 132.942294477017498, 961.653838568983588 ], [ 120.990927847976906, 960.182901137701379 ], [ 118.985577383241903, 982.299536136334837 ], [ 107.1722682201314, 989.934967668165086 ], [ 91.325146177186582, 987.341802244500741 ], [ 76.862804903346841, 980.959892356558385 ] ] ] } },
{ "type": "Feature", "properties": { "feature_type": "building", "subtype": "no-damage", "uid": "5489ef1f-78e1-4448-9a59-8d65f452d67a" }, "geometry": { "type": "Polygon", "coordinates": [ [ [ 122.875325521232, 988.206190719388019 ], [ 138.434318071446114, 955.071299174389083 ], [ 152.984857399378711, 959.537306294973064 ], [ 147.078202819694212, 979.994500206960197 ], [ 154.137375370862912, 982.299536134339291 ], [ 160.332159437977595, 970.198097487911468 ], [ 158.60338248938811, 956.367881889713431 ], [ 164.510037067077008, 955.791622905124768 ], [ 166.094749275256504, 959.537306293975348 ], [ 176.467410972655387, 958.52885307593408 ], [ 175.891151989625996, 974.808169353644871 ], [ 163.069389608536795, 974.808169353644871 ], [ 157.450864523142002, 996.417881229820409 ], [ 151.544209942335101, 1007.222737167908008 ], [ 121.722807550995, 991.519679871792732 ], [ 122.875325521232, 988.206190719388019 ] ] ] } },
{ "type": "Feature", "properties": { "feature_type": "building", "subtype": "no-damage", "uid": "fc8f70d5-2e2f-4d2e-ab8e-c76ec53e0580" }, "geometry": { "type": "Polygon", "coordinates": [ [ [ 168.497975816280388, 1000.659817337656023 ], [ 181.736412699688088, 966.460522057350886 ], [ 198.100591622075513, 970.321732810475737 ], [ 193.136177794866512, 992.569661461612782 ], [ 197.732857266687006, 992.937395821428822 ], [ 206.742349034411092, 964.989584625070961 ], [ 220.348520274267287, 966.460522055355455 ], [ 219.613051556942708, 980.618294833442405 ], [ 208.397153644852608, 981.72149790590629 ], [ 204.168208528732407, 993.488997356164191 ], [ 208.948755180273793, 994.776067610531641 ], [ 201.594068021744107, 1018.311066511046988 ], [ 168.353911070195608, 1005.290666714239023 ], [ 168.497975816280388, 1000.659817337656023 ] ] ] } },
{ "type": "Feature", "properties": { "feature_type": "building", "subtype": "no-damage", "uid": "2f25e7f1-7481-46d1-9fb9-8bbcd89cca10" }, "geometry": { "type": "Polygon", "coordinates": [ [ [ 211.022172328209109, 1022.987195158322947 ], [ 216.139076732737493, 997.748847802630053 ], [ 242.617709015875789, 1000.438963911130031 ], [ 246.727963441424805, 983.8720668221697 ], [ 265.501266674872113, 985.749397142864609 ], [ 261.277273449256313, 1003.818701505992976 ], [ 250.951956669410407, 1003.818701508987033 ], [ 247.162751443070192, 1022.987622651574952 ], [ 211.022172328209109, 1022.987195158322947 ] ] ] } },
{ "type": "Feature", "properties": { "feature_type": "building", "subtype": "no-damage", "uid": "a397d0cb-7674-4625-a789-3c0f443167ec" }, "geometry": { "type": "Polygon", "coordinates": [ [ [ 264.455992348298309, 1022.987807798177982 ], [ 266.596458074415978, 1012.480540763937029 ], [ 271.524450174719789, 1012.480540763937029 ], [ 270.585785012501788, 1006.144550921114956 ], [ 263.545796300044913, 1004.736553181591944 ], [ 268.473788398041393, 986.901915114037251 ], [ 283.961763567155401, 990.421909467834553 ], [ 275.513777111496097, 1017.877865446410965 ], [ 279.268437757499612, 1017.408532861247977 ], [ 282.553765824514414, 1016.939200283070022 ], [ 285.839093888722914, 1002.859222858901035 ], [ 301.327069057774622, 1004.501886892003995 ], [ 296.877309974670197, 1022.98812104898002 ], [ 264.455992348298309, 1022.987807798177982 ] ] ] } },
{ "type": "Feature", "properties": { "feature_type": "building", "subtype": "no-damage", "uid": "298205fb-13a9-41c2-9017-3435f0128449" }, "geometry": { "type": "Polygon", "coordinates": [ [ [ 325.263030679991118, 1004.03255430783895 ], [ 325.70858471464561, 1022.988362513618995 ], [ 302.774184841457327, 1022.988173275240001 ], [ 308.60172406019359, 1001.451225115387047 ], [ 325.263030679991118, 1004.03255430783895 ] ] ] } },
{ "type": "Feature", "properties": { "feature_type": "building", "subtype": "no-damage", "uid": "3ec668a5-85ec-4b0c-aa64-3cb9ac8bd4a4" }, "geometry": { "type": "Polygon", "coordinates": [ [ [ 350.606990046532417, 1016.939200281075045 ], [ 337.465677780469093, 1017.877865442419989 ], [ 337.661570546766484, 1022.988452383016011 ], [ 326.290937539246784, 1022.988367032431029 ], [ 331.833686811962707, 1012.94987334410996 ], [ 332.772351975116123, 1001.685891406969972 ], [ 350.841656335995708, 1000.043227370875002 ], [ 350.606990046532417, 1016.939200281075045 ] ] ] } },
{ "type": "Feature", "properties": { "feature_type": "building", "subtype": "no-damage", "uid": "6f545ee3-c0ed-424a-ba53-24fcd407f958" }, "geometry": { "type": "Polygon", "coordinates": [ [ [ 375.642733640546396, 1022.988698101064983 ], [ 374.777617960769021, 1011.093356508165016 ], [ 391.20425828511668, 1010.624023924998028 ], [ 392.722738093545615, 1022.988788847485012 ], [ 375.642733640546396, 1022.988698101064983 ] ] ] } },
{ "type": "Feature", "properties": { "feature_type": "building", "subtype": "no-damage", "uid": "33af2d9e-eb3d-4dff-966a-bfe103df4dc7" }, "geometry": { "type": "Polygon", "coordinates": [ [ [ 759.321435802031033, 1022.987781859653978 ], [ 773.126634406745893, 1012.414293851030038 ], [ 784.507749333223501, 1018.17688368793597 ], [ 788.554234295788206, 1022.987458490661993 ], [ 759.321435802031033, 1022.987781859653978 ] ] ] } },
{ "type": "Feature", "properties": { "feature_type": "building", "subtype": "no-damage", "uid": "1e4188dd-dec8-4b89-a94f-2cb580f8d575" }, "geometry": { "type": "Polygon", "coordinates": [ [ [ 764.677941832159831, 1005.649130910858048 ], [ 771.329758209808915, 985.116527467317269 ], [ 778.500578189677753, 986.587464896603933 ], [ 784.200460733213617, 971.878090583781614 ], [ 827.59311496039436, 987.322933614240583 ], [ 823.548037027362398, 998.354964344866289 ], [ 810.861201679126452, 994.677620768656197 ], [ 806.816123741230513, 1005.158049966541967 ], [ 817.296552940423453, 1010.12246379612202 ], [ 814.354678077797303, 1021.889963247377977 ], [ 764.677941832159831, 1005.649130910858048 ] ] ] } },
{ "type": "Feature", "properties": { "feature_type": "building", "subtype": "no-damage", "uid": "2e4fb428-f0be-4f0d-b654-28870182967f" }, "geometry": { "type": "Polygon", "coordinates": [ [ [ 814.07831106548133, 971.041260874974114 ], [ 788.734351698815317, 959.542612647248234 ], [ 801.640997673981133, 923.638670211576368 ], [ 807.742321224656621, 920.118675855783636 ], [ 819.006303163290795, 925.516000534266823 ], [ 832.147615426049128, 934.433319570538288 ], [ 814.07831106548133, 971.041260874974114 ] ] ] } },
{ "type": "Feature", "properties": { "feature_type": "building", "subtype": "no-damage", "uid": "44d281d1-299e-4026-955f-3c6d58b51960" }, "geometry": { "type": "Polygon", "coordinates": [ [ [ 809.964611977010122, 895.115978034037198 ], [ 820.759261332290293, 869.302686091556552 ], [ 856.428537477118425, 883.617329803318057 ], [ 851.265879087226722, 901.451967871870124 ], [ 872.151178935446296, 907.787957712696198 ], [ 862.999193610960788, 936.886577723377172 ], [ 840.001897150525792, 929.611922722203531 ], [ 845.164555536675948, 910.13462061855364 ], [ 832.023243273605772, 903.329298195558181 ], [ 809.964611977010122, 895.115978034037198 ] ] ] } },
{ "type": "Feature", "properties": { "feature_type": "building", "subtype": "no-damage", "uid": "9d553f3f-d590-43b0-9592-31d9940b517f" }, "geometry": { "type": "Polygon", "coordinates": [ [ [ 875.143182145491892, 772.891829504581324 ], [ 877.239683966473535, 769.896826907026821 ], [ 910.484212801291392, 785.171340155652388 ], [ 895.808700070010104, 825.603875227128356 ], [ 861.06666993379622, 808.532360419371344 ], [ 869.452677208929913, 791.460845611614445 ], [ 855.959057819206691, 783.799065032495037 ], [ 863.499995255899762, 767.680002464275162 ], [ 875.143182145491892, 772.891829504581324 ] ] ] } },
{ "type": "Feature", "properties": { "feature_type": "building", "subtype": "no-damage", "uid": "f0b2cba6-5d3f-4295-98ec-efaa776071b2" }, "geometry": { "type": "Polygon", "coordinates": [ [ [ 873.724879864191507, 746.88579721999065 ], [ 886.59558238977877, 718.202517310984831 ], [ 934.768783270558856, 738.795641351929362 ], [ 930.355970975403579, 749.827672086546045 ], [ 924.472221247781704, 746.334195685255281 ], [ 924.104486890896624, 759.572632568790823 ], [ 932.562377123137139, 762.14677307253703 ], [ 928.149564826422875, 772.075600734689829 ], [ 922.817416637215388, 770.972397661228115 ], [ 916.749799733302325, 778.143217637731254 ], [ 902.959761313787567, 771.523999197958915 ], [ 904.614565923979626, 766.743452545293962 ], [ 905.533901818717936, 761.779038719705227 ], [ 873.724879864191507, 746.88579721999065 ] ] ] } },
{ "type": "Feature", "properties": { "feature_type": "building", "subtype": "no-damage", "uid": "127b2c10-48fa-4285-aec3-042ca342a83b" }, "geometry": { "type": "Polygon", "coordinates": [ [ [ 944.569973244267203, 720.829274623561105 ], [ 937.082466747763647, 735.504787348485252 ], [ 923.005954533823001, 726.81927981667468 ], [ 930.23999525391298, 713.090002466685974 ], [ 944.569973244267203, 720.829274623561105 ] ] ] } },
{ "type": "Feature", "properties": { "feature_type": "building", "subtype": "no-damage", "uid": "955d6fcd-f192-46a2-aa10-082adad1dc73" }, "geometry": { "type": "Polygon", "coordinates": [ [ [ 948.16397635704152, 691.478249161739882 ], [ 939.478468822800892, 708.250263710639274 ], [ 930.493461030014828, 704.057260073663883 ], [ 925.701456872020458, 710.646265790478878 ], [ 919.711451677474088, 716.935771246440936 ], [ 896.050931154404338, 706.453262152505658 ], [ 900.243934792438949, 690.280248124314426 ], [ 897.847932714283615, 687.584745787612974 ], [ 900.243934791254105, 680.995740068802434 ], [ 907.431941025532865, 680.995740069800149 ], [ 911.325444404148811, 674.107234094127648 ], [ 948.16397635704152, 691.478249161739882 ] ] ] } },
{ "type": "Feature", "properties": { "feature_type": "building", "subtype": "no-damage", "uid": "a4d9b2a5-d592-49cb-82ff-483d56a9895b" }, "geometry": { "type": "Polygon", "coordinates": [ [ [ 955.559822815703342, 671.847700212214249 ], [ 964.385447403519379, 675.341176610511866 ], [ 958.501697678329492, 691.153753999789046 ], [ 944.160057721585076, 684.53453556001682 ], [ 947.837401300288661, 675.708910969330191 ], [ 947.619995258174526, 675.450002460785754 ], [ 952.439995256900716, 669.250002463296028 ], [ 955.559822815703342, 671.847700212214249 ] ] ] } },
{ "type": "Feature", "properties": { "feature_type": "building", "subtype": "no-damage", "uid": "c62873be-8d6a-45ec-8ff8-047bf3535160" }, "geometry": { "type": "Polygon", "coordinates": [ [ [ 960.708103827185482, 641.877350047843379 ], [ 954.82435410000005, 663.022075623523165 ], [ 942.321385933480542, 675.892778148240382 ], [ 921.360527536404106, 668.905825351645376 ], [ 918.234785493682921, 662.286606906884344 ], [ 922.463730609179606, 650.886841817440313 ], [ 922.279863430207001, 648.496568490608865 ], [ 927.612011619352074, 629.742116237769437 ], [ 960.708103827185482, 641.877350047843379 ] ] ] } },
{ "type": "Feature", "properties": { "feature_type": "building", "subtype": "no-damage", "uid": "e86ff9a5-016a-4c04-8721-4ce7770eb88a" }, "geometry": { "type": "Polygon", "coordinates": [ [ [ 937.724706458978517, 618.15848396741967 ], [ 937.908573640008967, 611.723132706557635 ], [ 943.792323364138724, 603.816844014413391 ], [ 947.101932584647784, 596.646024037910252 ], [ 945.998729510250882, 589.842938415236631 ], [ 947.46966694259288, 585.797860476217238 ], [ 975.417478142872824, 601.794305042409292 ], [ 968.246658165373674, 615.952077818500811 ], [ 971.924001740959284, 622.755163439178887 ], [ 967.511189446302978, 628.822780343218028 ], [ 964.201580226791748, 623.674499333730182 ], [ 959.788767931013012, 629.742116235773892 ], [ 937.724706458978517, 618.15848396741967 ] ] ] } },
{ "type": "Feature", "properties": { "feature_type": "building", "subtype": "no-damage", "uid": "db30fa68-020e-4608-a1a7-731ee6950a30" }, "geometry": { "type": "Polygon", "coordinates": [ [ [ 954.45661974199254, 583.77532151119749 ], [ 959.053299215995594, 576.420634353788614 ], [ 956.479158710566367, 570.536884626664119 ], [ 956.663025890037829, 555.275908778108715 ], [ 960.34036946749427, 554.35657288255959 ], [ 964.017713048629844, 549.943760587715133 ], [ 969.533728416373378, 549.759893409802658 ], [ 972.107868918747045, 545.530948293868505 ], [ 996.562203716240333, 560.975791322331929 ], [ 991.413922707938582, 571.456220523211073 ], [ 996.010602178823774, 573.84649384605143 ], [ 989.942985277467415, 587.636532265320056 ], [ 987.368844769730913, 584.878524582663658 ], [ 980.933493506750096, 599.036297358755064 ], [ 954.45661974199254, 583.77532151119749 ] ] ] } },
{ "type": "Feature", "properties": { "feature_type": "building", "subtype": "no-damage", "uid": "48562ae6-602b-4461-bd66-7d178c8c8538" }, "geometry": { "type": "Polygon", "coordinates": [ [ [ 1022.419190081438956, 525.229021227836711 ], [ 1013.797665308818978, 521.995949391357271 ], [ 1017.842743244033045, 527.328097581750853 ], [ 1016.371805814434992, 531.37317551578144 ], [ 1021.887821182990024, 536.337589347356811 ], [ 1017.658876065622053, 542.221339073483477 ], [ 1008.097782763848954, 541.669737537750393 ], [ 999.823759711454045, 555.092041595207434 ], [ 974.817823374860268, 540.566534464288679 ], [ 974.81782337947493, 528.063566296394242 ], [ 978.679034133783716, 522.731418108993921 ], [ 986.585322826736729, 515.19286376968148 ], [ 993.940009984705171, 514.641262233948396 ], [ 994.123877163490647, 511.14778583565078 ], [ 1001.846298678406015, 510.96391865873602 ], [ 1002.397900216509015, 515.19286376968148 ], [ 1008.465517119112974, 516.66380120395695 ], [ 1012.510595057009027, 508.941379687729693 ], [ 1022.41919016780696, 513.857026554325785 ], [ 1022.419190081438956, 525.229021227836711 ] ] ] } },
{ "type": "Feature", "properties": { "feature_type": "building", "subtype": "no-damage", "uid": "7e2ecac4-c43b-4fd7-9432-ac2395a460a0" }, "geometry": { "type": "Polygon", "coordinates": [ [ [ -0.000004792009318, 586.658758647700097 ], [ -0.000004789577301, 565.30640200679295 ], [ 10.22841805175319, 576.125476156119362 ], [ -0.000004792009318, 586.658758647700097 ] ] ] } },
{ "type": "Feature", "properties": { "feature_type": "building", "subtype": "no-damage", "uid": "336c5993-4e0a-4adc-91b5-bc12a26d167f" }, "geometry": { "type": "Polygon", "coordinates": [ [ [ 1022.419789649139034, 25.7327865551051 ], [ 999.09350121836701, 4.65575946488396 ], [ 999.571302373101616, 0.008058654441378 ], [ 1015.377095426214964, 0.007728679342484 ], [ 1022.419840019770049, 5.34462401170379 ], [ 1022.419789649139034, 25.7327865551051 ] ] ] } },
{ "type": "Feature", "properties": { "feature_type": "building", "subtype": "no-damage", "uid": "c00e5bdb-807f-4c1b-a68a-605b94e4854b" }, "geometry": { "type": "Polygon", "coordinates": [ [ [ 727.710650719525347, 110.432849342702099 ], [ 734.890091208618742, 99.903003294947752 ], [ 740.155014233991324, 100.860262024657004 ], [ 749.248972185932416, 91.766304072963123 ], [ 754.513895211304998, 92.723562805665608 ], [ 761.214706336603967, 86.022751680739205 ], [ 778.445363509530125, 100.381632658305705 ], [ 775.573587313481198, 114.740513636870006 ], [ 767.915517458348518, 129.099394616432107 ], [ 767.436888093493963, 144.894163692054491 ], [ 727.710650719525347, 110.432849342702099 ] ] ] } }
]
}
