{
"type": "FeatureCollection",
"name": "mexico-earthquake_00000051_post_disaster",
"features": [
{ "type": "Feature", "properties": { "feature_type": "building", "subtype": "no-damage", "uid": "6f9e1c96-1f9c-4172-a261-6e4037e268f3" }, "geometry": { "type": "Polygon", "coordinates": [ [ [ 501.146162167460716, 1022.979529506895005 ], [ 441.55669672117898, 945.842889408738415 ], [ 431.5914288046705, 933.923647391761619 ], [ 439.993517442345421, 920.6366235062859 ], [ 447.418619023657016, 930.211096601164968 ], [ 469.498526364108614, 915.947085663052235 ], [ 463.832001473047626, 908.912778899644195 ], [ 470.280116005809418, 903.832446236702026 ], [ 632.264568984707466, 957.175939195671617 ], [ 633.046158627370005, 971.83074495253129 ], [ 552.704468967060052, 1022.979508351960021 ], [ 501.146162167460716, 1022.979529506895005 ] ] ] } },
{ "type": "Feature", "properties": { "feature_type": "building", "subtype": "no-damage", "uid": "c302150f-5a9d-455d-a13b-bfc4c00bfb69" }, "geometry": { "type": "Polygon", "coordinates": [ [ [ 998.142967252911149, 1022.976383333923991 ], [ 1022.975836894932968, 985.23696438383331 ], [ 1022.975841355663988, 1022.976053911056965 ], [ 998.142967252911149, 1022.976383333923991 ] ] ] } },
{ "type": "Feature", "properties": { "feature_type": "building", "subtype": "no-damage", "uid": "9bc9b3f8-ce7e-4489-b6b3-d400d9e2d086" }, "geometry": { "type": "Polygon", "coordinates": [ [ [ 1022.975830454231982, 924.721252574692699 ], [ 1014.078180179271044, 933.307410282783621 ], [ 1021.307884350728045, 938.387742946687467 ], [ 1014.468974999100055, 955.387317626606432 ], [ 982.228402329760797, 990.558851445569871 ], [ 972.458531825150089, 981.179775761025894 ], [ 954.702173086345738, 1002.261627975487045 ], [ 973.415474408829482, 1005.500468590381956 ], [ 967.069436146486737, 1022.976772459521953 ], [ 936.85431061315353, 1022.977126220470041 ], [ 930.28328374525006, 1017.577899305268033 ], [ 890.14976929917259, 1006.487138874661014 ], [ 882.891419617021711, 996.041689055195206 ], [ 926.728018618094211, 992.000975960004553 ], [ 918.45374825460317, 970.640025740484248 ], [ 899.758953236510706, 943.882946565137331 ], [ 925.419770633363896, 925.482688261774797 ], [ 929.978138906845174, 930.760798891317904 ], [ 938.3751330887319, 924.403074724438284 ], [ 962.718504562349835, 953.01368875390699 ], [ 976.153695261182065, 944.496737511392666 ], [ 945.564645019704926, 905.630650143235698 ], [ 960.5592774867157, 894.594600645974424 ], [ 963.678161042426382, 898.313269498082491 ], [ 970.035885210746983, 894.474643584988144 ], [ 964.27794633942392, 887.037305879810333 ], [ 959.599621011808154, 890.27614649278155 ], [ 957.440393932808092, 887.157262937911582 ], [ 953.361853900987853, 889.916275313669416 ], [ 948.323657394500401, 883.078722905729705 ], [ 933.08290969059351, 893.730845707361595 ], [ 924.489301318989533, 876.543628970400505 ], [ 934.356036852011016, 870.584841637346585 ], [ 923.999974117116381, 859.251791852336737 ], [ 943.148920307230583, 844.010793864471907 ], [ 950.183227071117699, 852.608279909598878 ], [ 983.205389379993562, 827.597411414596422 ], [ 1022.975826106859017, 878.268242506381171 ], [ 1022.975830454231982, 924.721252574692699 ] ] ] } },
{ "type": "Feature", "properties": { "feature_type": "building", "subtype": "no-damage", "uid": "de5c6be9-5740-42d8-b7d3-03ce1f200347" }, "geometry": { "type": "Polygon", "coordinates": [ [ [ 887.513901879419336, 887.651499565140966 ], [ 905.579581954548985, 872.341601198551189 ], [ 933.749794952389834, 907.707466427989289 ], [ 914.918619959556054, 922.251869877595823 ], [ 887.513901879419336, 887.651499565140966 ] ] ] } },
{ "type": "Feature", "properties": { "feature_type": "building", "subtype": "no-damage", "uid": "e7d212c4-f42e-4362-baf9-d032c0788052" }, "geometry": { "type": "Polygon", "coordinates": [ [ [ 885.5236150923065, 889.641786354297778 ], [ 913.540729105885362, 925.313849550336727 ], [ 895.168851062351791, 938.786560115397606 ], [ 865.926945183090879, 902.961397933653984 ], [ 885.5236150923065, 889.641786354297778 ] ] ] } },
{ "type": "Feature", "properties": { "feature_type": "building", "subtype": "no-damage", "uid": "aca57793-9634-49e2-bac6-e284e70de3f5" }, "geometry": { "type": "Polygon", "coordinates": [ [ [ 916.209141202696969, 972.462624031977498 ], [ 889.635093428866981, 992.002365043367604 ], [ 860.130084502175123, 959.370997554913515 ], [ 890.80747788883366, 938.268077263727832 ], [ 916.209141202696969, 972.462624031977498 ] ] ] } },
{ "type": "Feature", "properties": { "feature_type": "building", "subtype": "no-damage", "uid": "443b0620-7db8-410a-aa8a-52ff3f963469" }, "geometry": { "type": "Polygon", "coordinates": [ [ [ 843.265258176460407, 982.682597460203056 ], [ 811.118797245665633, 941.942528159236986 ], [ 865.926945183090879, 902.961397933653984 ], [ 890.80747788883366, 938.268077263727832 ], [ 860.130084502175123, 959.370997554913515 ], [ 868.091237907046207, 967.405071473182261 ], [ 843.265258176460407, 982.682597460203056 ] ] ] } },
{ "type": "Feature", "properties": { "feature_type": "building", "subtype": "no-damage", "uid": "5469d134-08bd-4a00-bf9f-a48758b38240" }, "geometry": { "type": "Polygon", "coordinates": [ [ [ 1022.975824683819042, 861.712489972485969 ], [ 980.897518899461602, 816.374963551800533 ], [ 1022.975818896696978, 784.318036568184766 ], [ 1022.975824683819042, 861.712489972485969 ] ] ] } },
{ "type": "Feature", "properties": { "feature_type": "building", "subtype": "no-damage", "uid": "354b73f8-91fb-4780-9e9d-36c3f0cf27fc" }, "geometry": { "type": "Polygon", "coordinates": [ [ [ 384.717042849242318, 830.614698878596187 ], [ 362.771417004569514, 822.135707073670119 ], [ 371.499790916714915, 803.182666571426239 ], [ 379.315138148194592, 798.441681038333968 ], [ 394.042219052757218, 805.444253406282428 ], [ 415.391042609306112, 757.296357984869928 ], [ 404.848776439636993, 746.212552978273038 ], [ 484.65023252050679, 727.804153852309128 ], [ 463.771172314105115, 768.518553019359047 ], [ 439.830489574035823, 837.846780121570077 ], [ 390.702213535551778, 819.392503843145391 ], [ 384.717042849242318, 830.614698878596187 ] ] ] } },
{ "type": "Feature", "properties": { "feature_type": "building", "subtype": "no-damage", "uid": "06a5c540-3c2b-4c4c-9a28-297339ac5c95" }, "geometry": { "type": "Polygon", "coordinates": [ [ [ 611.014665738996541, 758.186868654280602 ], [ 576.233926739870299, 743.922857716167755 ], [ 589.130155807677852, 716.176425481282536 ], [ 623.324702576279947, 730.635833827807005 ], [ 611.014665738996541, 758.186868654280602 ] ] ] } },
{ "type": "Feature", "properties": { "feature_type": "building", "subtype": "no-damage", "uid": "f242698a-07ac-4679-af12-05db58010045" }, "geometry": { "type": "Polygon", "coordinates": [ [ [ 742.687774850033861, 845.052925661083691 ], [ 714.507596207983511, 833.331966401813816 ], [ 702.038490613468639, 778.218519676045162 ], [ 697.300230485624866, 779.216048121760195 ], [ 695.554555704782615, 758.018568612810896 ], [ 728.223612360964125, 753.280308487009506 ], [ 756.403791002172966, 763.5049750748218 ], [ 830.719660342557859, 786.946893592399988 ], [ 831.467806680089552, 811.635722668083531 ], [ 770.867953491964045, 856.524502808924808 ], [ 742.687774850033861, 845.052925661083691 ] ] ] } },
{ "type": "Feature", "properties": { "feature_type": "building", "subtype": "no-damage", "uid": "d08c485c-8f32-4602-8ade-24076f727950" }, "geometry": { "type": "Polygon", "coordinates": [ [ [ 1022.975813566490956, 684.624578003386546 ], [ 999.890688737555365, 700.45685829028082 ], [ 978.763028987882421, 673.817635129645055 ], [ 988.714462930779405, 665.090993059881043 ], [ 984.886988339613708, 659.885627615163571 ], [ 981.365711710721371, 646.106719083501844 ], [ 1022.975811213030966, 613.234069632159844 ], [ 1022.975813566490956, 684.624578003386546 ] ] ] } },
{ "type": "Feature", "properties": { "feature_type": "building", "subtype": "no-damage", "uid": "900456f0-c00a-48d8-aa9a-3a3776b940d8" }, "geometry": { "type": "Polygon", "coordinates": [ [ [ 871.917624654495967, 785.318431269129974 ], [ 868.637928228312376, 784.57455193855958 ], [ 869.556522130278722, 746.45290500105807 ], [ 836.474968468025281, 728.376621763777507 ], [ 876.33604012768842, 710.790854852853272 ], [ 874.772860848373966, 699.262407656546657 ], [ 863.439811060962597, 701.411779169270858 ], [ 861.095042143193041, 692.618895711885443 ], [ 861.485836961579139, 683.435217437676442 ], [ 859.53186285846914, 674.251539163467555 ], [ 884.552570877313428, 667.666101161766619 ], [ 890.176785669245191, 691.42803382471584 ], [ 897.374209258819747, 689.028892631916847 ], [ 910.209614653682365, 705.103138640595262 ], [ 927.315702777995625, 692.414556790903589 ], [ 927.033734288017968, 685.835292127815592 ], [ 921.445799081506038, 687.273951302680189 ], [ 917.95444951801835, 673.557935149095215 ], [ 926.433441317653092, 673.059170926237698 ], [ 923.690238091576816, 665.577707569911695 ], [ 957.107441081563593, 657.348097876414386 ], [ 961.845701205680939, 684.031983849298058 ], [ 960.349408534945042, 689.518390309385609 ], [ 961.845701209767981, 695.503560995215821 ], [ 947.630920827198338, 704.231934911570647 ], [ 961.346936980780015, 721.938064853785704 ], [ 946.633392380762302, 729.66891032346382 ], [ 951.122270395013629, 735.90346312072279 ], [ 929.176644549258981, 752.861446727689895 ], [ 919.684507561191822, 747.6560812839341 ], [ 914.019845167776566, 753.014545710509537 ], [ 927.951852678888713, 758.985406076056847 ], [ 887.993017941430821, 793.279578418064148 ], [ 871.917624654495967, 785.318431269129974 ] ] ] } },
{ "type": "Feature", "properties": { "feature_type": "building", "subtype": "no-damage", "uid": "d1da3a61-85d6-438c-a8b0-c92355427360" }, "geometry": { "type": "Polygon", "coordinates": [ [ [ 981.365711710721371, 646.106719083501844 ], [ 859.53186285846914, 674.251539163467555 ], [ 848.348672758512294, 640.779446118349028 ], [ 977.279224602756585, 610.354828469225708 ], [ 981.365711710721371, 646.106719083501844 ] ] ] } },
{ "type": "Feature", "properties": { "feature_type": "building", "subtype": "no-damage", "uid": "3cfc9a38-9ddf-4ff5-b259-54d0bf41b31f" }, "geometry": { "type": "Polygon", "coordinates": [ [ [ 865.584983957472446, 714.967171504181238 ], [ 832.915927300088811, 719.456049518553868 ], [ 829.673959846346747, 711.226439826018236 ], [ 835.160366305832099, 709.730147155522332 ], [ 830.920870403971094, 698.507952121033213 ], [ 817.953000587800943, 702.996830134444167 ], [ 805.733277104113768, 705.490651253540136 ], [ 800.995016981438994, 688.283285533220919 ], [ 789.523439833360158, 689.77957820371671 ], [ 786.530854493931884, 679.305529504475658 ], [ 820.696203818565323, 671.325301924330461 ], [ 824.686317607915726, 690.278342428497581 ], [ 830.422106179911566, 689.031431869430548 ], [ 826.68137450343238, 675.564797826312656 ], [ 851.868967803530154, 669.579627141444121 ], [ 853.148464736217306, 679.874576360564106 ], [ 857.471981515545167, 679.780586866228873 ], [ 861.137571828997011, 691.34129477331976 ], [ 849.952821899610399, 694.442948114270052 ], [ 852.67851726021388, 706.285624508213118 ], [ 864.803162139563938, 704.875782080683393 ], [ 865.584983957472446, 714.967171504181238 ] ] ] } },
{ "type": "Feature", "properties": { "feature_type": "building", "subtype": "no-damage", "uid": "66726598-8b50-40d5-9b60-4188ace1f8d5" }, "geometry": { "type": "Polygon", "coordinates": [ [ [ 796.459901213021681, 674.040089731970966 ], [ 798.205576001196846, 677.032675072962775 ], [ 786.530854493931884, 679.305529504475658 ], [ 789.523439833360158, 689.77957820371671 ], [ 800.995016981438994, 688.283285533220919 ], [ 805.733277104113768, 705.490651253540136 ], [ 801.447543452654827, 715.936284527012162 ], [ 869.556522130278722, 746.45290500105807 ], [ 869.279477882670676, 774.042316594734189 ], [ 780.000681830959593, 736.385617702636864 ], [ 777.506860714869617, 745.363373729458772 ], [ 737.106958587809686, 731.896739688264233 ], [ 748.827917845153365, 695.736333465701136 ], [ 762.294551888748856, 686.758577437917552 ], [ 760.548877102497158, 680.773406752087453 ], [ 770.52416157803691, 674.538853955790159 ], [ 766.53404778772483, 662.568512585091526 ], [ 788.978437859702694, 654.837667116375087 ], [ 796.459901213021681, 674.040089731970966 ] ] ] } },
{ "type": "Feature", "properties": { "feature_type": "building", "subtype": "no-damage", "uid": "262226cb-8e6e-499e-b137-22da43f741ef" }, "geometry": { "type": "Polygon", "coordinates": [ [ [ 705.973942311284077, 702.148869975557545 ], [ 691.359443872595762, 719.924775730762576 ], [ 671.428908038256395, 712.695071557019446 ], [ 681.394175957289349, 687.879600472352081 ], [ 702.497096247868967, 681.236088527690868 ], [ 705.973942311284077, 702.148869975557545 ] ] ] } },
{ "type": "Feature", "properties": { "feature_type": "building", "subtype": "no-damage", "uid": "69272823-cea0-461b-914b-a7a8d733498e" }, "geometry": { "type": "Polygon", "coordinates": [ [ [ 154.751056664062588, 998.879250517173432 ], [ 189.984129426917804, 879.9565061099064 ], [ 208.866176659645191, 861.426412797729085 ], [ 222.633267142592302, 869.779505959131711 ], [ 224.083575500176607, 880.337492399362759 ], [ 229.425476541431891, 890.092044130127306 ], [ 242.537449365289092, 895.752512085689432 ], [ 246.74400206315471, 903.690717009315904 ], [ 252.391815072596387, 908.215266376831551 ], [ 260.44248892068822, 907.940849220952941 ], [ 287.340107630701709, 945.678033337449847 ], [ 278.597491100341074, 960.225936921003722 ], [ 258.697833948033121, 1022.978681635209 ], [ 243.213373141207597, 1022.978574402632034 ], [ 243.21337314361179, 1015.590028036970011 ], [ 223.412990930159907, 1006.934018790684036 ], [ 216.179503722935408, 1022.978371912261991 ], [ 180.128071396435701, 1022.97807165412496 ], [ 181.441426303873811, 1002.22568120332096 ], [ 154.751056664062588, 998.879250517173432 ] ] ] } },
{ "type": "Feature", "properties": { "feature_type": "building", "subtype": "no-damage", "uid": "eed1a28f-f3b1-42b9-b811-3e42801a5dff" }, "geometry": { "type": "Polygon", "coordinates": [ [ [ 158.131040157590206, 913.001169311306171 ], [ 125.445895704239703, 1001.006636736997962 ], [ 116.7175217892093, 1003.999222081836024 ], [ 73.325034320918007, 991.280734374927988 ], [ 80.058351341032804, 970.582019087874528 ], [ 56.318802906037249, 963.038043701858669 ], [ 66.880449638714538, 931.759320682317593 ], [ 92.086715540920494, 939.966011906774497 ], [ 109.660000000354302, 900.340000000355758 ], [ 118.039999998923903, 897.370000000202367 ], [ 158.131040157590206, 913.001169311306171 ] ] ] } },
{ "type": "Feature", "properties": { "feature_type": "building", "subtype": "no-damage", "uid": "e74cb13f-1c4b-452a-bc3c-04181d9f4751" }, "geometry": { "type": "Polygon", "coordinates": [ [ [ 78.117364250794751, 905.719478018012637 ], [ 71.083057488470331, 887.065404061369804 ], [ 113.093500662059299, 877.88172578619924 ], [ 108.2085654094533, 852.675459880861695 ], [ 117.978435912982206, 849.158306500600133 ], [ 117.783038504209898, 844.07797383573461 ], [ 145.334073333441609, 835.480487793492671 ], [ 149.046624120791591, 855.697741031854434 ], [ 139.667548438894499, 857.260920312611802 ], [ 141.035330306791991, 866.444598586820803 ], [ 132.24244685229371, 868.203175278874824 ], [ 138.690561386017208, 883.248775856404677 ], [ 130.87466498463661, 885.788942188837382 ], [ 132.63324167248291, 893.409441183250692 ], [ 110.558636744833606, 898.453916505990946 ], [ 78.117364250794751, 905.719478018012637 ] ] ] } },
{ "type": "Feature", "properties": { "feature_type": "building", "subtype": "no-damage", "uid": "727dd794-c710-46e2-897f-ee9c08031cec" }, "geometry": { "type": "Polygon", "coordinates": [ [ [ 0.000000001442513, 768.935901737281029 ], [ 0.000000003245654, 747.729848314256287 ], [ 18.239161924488741, 739.999002845539849 ], [ 15.45921256891898, 724.612825178415619 ], [ 25.250456637260651, 720.981758385199214 ], [ 17.126112994206022, 697.014944643303124 ], [ 41.941475721010811, 634.558570902241286 ], [ 66.380922683456589, 645.780765937691967 ], [ 61.393280447670172, 659.496782090315264 ], [ 87.614560354522069, 660.502884452990656 ], [ 127.230157983732099, 715.607757264683869 ], [ 109.524028042963806, 723.089220621009986 ], [ 113.264759719563202, 738.550911558442863 ], [ 108.526499593763006, 745.034846465207238 ], [ 88.575930644126004, 748.775578145293593 ], [ 92.431889337305662, 762.759803427551219 ], [ 39.502457258056317, 776.049912008975411 ], [ 40.870239129319707, 779.567065392122004 ], [ 17.813344732144088, 783.865808412762135 ], [ 14.882383580123751, 775.463719777970141 ], [ 27.97401005790579, 774.682130139514811 ], [ 25.238446317302369, 765.69384927371766 ], [ 0.000000001442513, 768.935901737281029 ] ] ] } },
{ "type": "Feature", "properties": { "feature_type": "building", "subtype": "no-damage", "uid": "691edd70-fc52-4575-9f48-d6aac4add396" }, "geometry": { "type": "Polygon", "coordinates": [ [ [ 352.301697912311511, 706.394048312601058 ], [ 309.900459920336516, 709.715804283489092 ], [ 303.061550564620575, 678.061423845748891 ], [ 316.348574453699428, 675.325860103942659 ], [ 311.111039732732422, 655.576335359766858 ], [ 318.113239144811018, 638.070836832751752 ], [ 338.483273793606202, 634.2514553347944 ], [ 342.939218872752178, 651.756953863732861 ], [ 366.173789645856118, 645.391318035727409 ], [ 376.99537055504959, 684.22169658771486 ], [ 351.851109033688715, 693.770150329723151 ], [ 352.301697912311511, 706.394048312601058 ] ] ] } },
{ "type": "Feature", "properties": { "feature_type": "building", "subtype": "no-damage", "uid": "0eb97a36-5f28-44cb-a7f4-7d6c229c758a" }, "geometry": { "type": "Polygon", "coordinates": [ [ [ 1011.469156015397971, 560.121695234143431 ], [ 989.825994197011141, 566.487331065033914 ], [ 988.552867031266146, 551.8463686590826 ], [ 987.560000002757874, 548.27000000219698 ], [ 1007.510000001673006, 545.379999999661436 ], [ 1011.469156015397971, 560.121695234143431 ] ] ] } },
{ "type": "Feature", "properties": { "feature_type": "building", "subtype": "no-damage", "uid": "fbbc3789-1210-4d22-b8b8-2023b3a9fa19" }, "geometry": { "type": "Polygon", "coordinates": [ [ [ 1007.379999999894039, 544.900000000491445 ], [ 987.429999999055894, 547.780000001281223 ], [ 984.415203745660051, 536.887124463077384 ], [ 1003.512111229552033, 530.521488635071933 ], [ 1007.379999999894039, 544.900000000491445 ] ] ] } },
{ "type": "Feature", "properties": { "feature_type": "building", "subtype": "no-damage", "uid": "42d8d945-7d69-4447-bb94-2421dab6f8ba" }, "geometry": { "type": "Polygon", "coordinates": [ [ [ 1005.740083767621968, 527.020388929091837 ], [ 984.096921955125367, 532.749461174104454 ], [ 969.429999999773827, 480.769999999673985 ], [ 991.089999998616236, 475.420000000430719 ], [ 1005.740083767621968, 527.020388929091837 ] ] ] } },
{ "type": "Feature", "properties": { "feature_type": "building", "subtype": "no-damage", "uid": "1a35a919-9847-47b2-af70-13cc7f935c4e" }, "geometry": { "type": "Polygon", "coordinates": [ [ [ 990.949999999178885, 474.940000001260728 ], [ 969.290000001538601, 480.290000001465728 ], [ 954.814997143951132, 428.989597173191328 ], [ 959.270942225020463, 426.44334284218138 ], [ 976.458158959332877, 423.897088511171489 ], [ 990.949999999178885, 474.940000001260728 ] ] ] } },
{ "type": "Feature", "properties": { "feature_type": "building", "subtype": "no-damage", "uid": "19788d05-3ec9-46f0-928b-0553ff8b7157" }, "geometry": { "type": "Polygon", "coordinates": [ [ [ 1022.975811124676966, 413.494120405895274 ], [ 981.06038704490868, 427.582630924420073 ], [ 974.058187634873775, 407.212596272494523 ], [ 987.16781245253253, 400.021613742944226 ], [ 1007.275051357387952, 375.238272766811292 ], [ 1016.311166051242026, 378.952062983885014 ], [ 1019.941969214252026, 385.746059098668184 ], [ 1022.975811736904006, 390.164445356764418 ], [ 1022.975811124676966, 413.494120405895274 ] ] ] } },
{ "type": "Feature", "properties": { "feature_type": "building", "subtype": "no-damage", "uid": "12f99a70-e8a1-4ee8-b788-57f0ea71d165" }, "geometry": { "type": "Polygon", "coordinates": [ [ [ 991.438369313340104, 393.959677512345081 ], [ 969.476925705981216, 408.282358126319082 ], [ 956.745654048290362, 388.230605267332521 ], [ 975.842561537110555, 375.499333610359827 ], [ 989.505863490452157, 368.691729868616676 ], [ 997.455237008415679, 385.525697322216217 ], [ 991.438369313340104, 393.959677512345081 ] ] ] } },
{ "type": "Feature", "properties": { "feature_type": "building", "subtype": "no-damage", "uid": "5433b137-1cc5-46cb-be9f-e250d5e208bd" }, "geometry": { "type": "Polygon", "coordinates": [ [ [ 64.525015751440094, 419.623726183235192 ], [ 20.522605942777311, 357.717822045427113 ], [ 121.895452213497705, 292.151773015431786 ], [ 128.778176320444913, 299.750966126183584 ], [ 81.950991685708061, 411.825726584435415 ], [ 81.950991687631415, 426.148407200332827 ], [ 71.765974359627535, 426.784970784287282 ], [ 64.525015751440094, 419.623726183235192 ] ] ] } },
{ "type": "Feature", "properties": { "feature_type": "building", "subtype": "no-damage", "uid": "f12e28c6-2fa9-4270-a6ba-55da9b35eafa" }, "geometry": { "type": "Polygon", "coordinates": [ [ [ 0.000000000120209, 260.760836890420592 ], [ 5.893829733032094, 271.983031925871387 ], [ 0.906187496043589, 276.222527827853582 ], [ 17.11602477016304, 297.918771562545373 ], [ 48.787552975941622, 277.469438387882292 ], [ 66.244300812012909, 264.252186457154892 ], [ 68.239357702841403, 264.00280434572619 ], [ 50.533227758707277, 237.318918373804195 ], [ 76.468967395976094, 219.363406318236997 ], [ 87.691162434429344, 233.079422471821999 ], [ 99.162739576137042, 226.595487563134299 ], [ 109.636788275255398, 238.815211046223396 ], [ 92.678804667330724, 250.536170304531595 ], [ 107.891113492610003, 268.990446581994604 ], [ 9.634561412756929, 341.311259030005772 ], [ 0.000000002644607, 327.345860764030419 ], [ 0.000000000120209, 260.760836890420592 ] ] ] } },
{ "type": "Feature", "properties": { "feature_type": "building", "subtype": "no-damage", "uid": "18db4ab9-3bff-4aea-bca0-651e01f46e3b" }, "geometry": { "type": "Polygon", "coordinates": [ [ [ 451.281170141083123, 668.858144768158127 ], [ 416.34649248176629, 676.576271226825952 ], [ 412.690537844266998, 655.859194941767896 ], [ 447.625215505146514, 649.765937211038136 ], [ 451.281170141083123, 668.858144768158127 ] ] ] } },
{ "type": "Feature", "properties": { "feature_type": "building", "subtype": "no-damage", "uid": "88ca819f-f0f7-490d-bba7-224dd6a34160" }, "geometry": { "type": "Polygon", "coordinates": [ [ [ 496.3712773496502, 666.014624493304723 ], [ 463.873902784283587, 672.107882224996047 ], [ 449.250084229237473, 609.956653368860202 ], [ 480.935024429072485, 601.83230972724607 ], [ 496.3712773496502, 666.014624493304723 ] ] ] } },
{ "type": "Feature", "properties": { "feature_type": "building", "subtype": "no-damage", "uid": "a590a28d-2fc0-4881-af7a-abab6cd0fd7c" }, "geometry": { "type": "Polygon", "coordinates": [ [ [ 493.172700284672999, 630.258150341781175 ], [ 520.795468662860458, 624.977326975982237 ], [ 528.51359512405088, 664.380393636175768 ], [ 498.859740833176375, 669.254999819990189 ], [ 493.172700284672999, 630.258150341781175 ] ] ] } },
{ "type": "Feature", "properties": { "feature_type": "building", "subtype": "no-damage", "uid": "d1116fba-97db-4bc1-bff0-9099102199c2" }, "geometry": { "type": "Polygon", "coordinates": [ [ [ 270.624303104387707, 688.052317324444971 ], [ 248.981141288765599, 681.368399704462263 ], [ 249.93598666193239, 667.682282674442718 ], [ 283.355574762559286, 658.133828930511186 ], [ 270.624303104387707, 688.052317324444971 ] ] ] } },
{ "type": "Feature", "properties": { "feature_type": "building", "subtype": "no-damage", "uid": "2bd6584b-a05b-4d1d-8a28-9916c4712098" }, "geometry": { "type": "Polygon", "coordinates": [ [ [ 281.764165807241284, 652.086474896406344 ], [ 250.254268457996687, 653.67788385244603 ], [ 254.710213533175789, 624.39595904150508 ], [ 288.129801632600675, 616.120632463559218 ], [ 281.764165807241284, 652.086474896406344 ] ] ] } },
{ "type": "Feature", "properties": { "feature_type": "building", "subtype": "no-damage", "uid": "8acb9dd2-d003-48d3-a641-b1b73dbd8145" }, "geometry": { "type": "Polygon", "coordinates": [ [ [ 280.809320429025718, 608.481869472453013 ], [ 255.028495324672093, 614.529223508481209 ], [ 251.845677412353098, 605.617333348504189 ], [ 240.705814711783489, 599.569979311514317 ], [ 232.112206345108092, 559.544973435249744 ], [ 283.921309768841184, 541.214332988732622 ], [ 282.936807361627075, 522.32578665994663 ], [ 334.548236204513728, 530.266006484890113 ], [ 280.809320429025718, 608.481869472453013 ] ] ] } },
{ "type": "Feature", "properties": { "feature_type": "building", "subtype": "no-damage", "uid": "e83e451f-8ca9-4f1e-8915-1cdc9bfaea62" }, "geometry": { "type": "Polygon", "coordinates": [ [ [ 470.288304650003624, 482.460771199669125 ], [ 474.258414560911717, 511.574910546255126 ], [ 475.197661354283582, 533.191604977309453 ], [ 479.935921482007188, 594.539604500336964 ], [ 451.007596500141119, 600.774157298557498 ], [ 337.708889242954399, 597.19171499225331 ], [ 347.928438767910905, 521.170000000655477 ], [ 400.798438767310586, 510.059999999832598 ], [ 400.959484225107303, 514.240115017956668 ], [ 426.881859216167186, 506.463402522259685 ], [ 417.549804217702672, 461.876917534620702 ], [ 466.318194738133911, 452.684946866228586 ], [ 470.288304650003624, 482.460771199669125 ] ] ] } },
{ "type": "Feature", "properties": { "feature_type": "building", "subtype": "no-damage", "uid": "e0335674-4e11-45ba-b944-86e67bd785e9" }, "geometry": { "type": "Polygon", "coordinates": [ [ [ 396.970000002201289, 510.559999998647413 ], [ 344.190000000722591, 521.649999999825468 ], [ 350.490770469364122, 474.801210032768779 ], [ 395.077255455189118, 462.876917535135419 ], [ 396.970000002201289, 510.559999998647413 ] ] ] } },
{ "type": "Feature", "properties": { "feature_type": "building", "subtype": "no-damage", "uid": "6794177c-8cd1-4921-b255-f302369dd1ff" }, "geometry": { "type": "Polygon", "coordinates": [ [ [ 204.390000000644989, 552.869999999371316 ], [ 190.300452598307913, 563.75036392724985 ], [ 161.186238496493502, 556.911454573215224 ], [ 148.922815205705888, 532.18938396343799 ], [ 188.040000003558106, 522.623085798901343 ], [ 204.390000000644989, 552.869999999371316 ] ] ] } },
{ "type": "Feature", "properties": { "feature_type": "building", "subtype": "no-damage", "uid": "04ab813f-c03d-4b90-86a0-dff81cc3a6ed" }, "geometry": { "type": "Polygon", "coordinates": [ [ [ 273.480000001243184, 516.8600000002549 ], [ 274.923154685556483, 517.847078389758053 ], [ 265.413950861279375, 534.735638295409444 ], [ 258.411751449080725, 535.372201878402393 ], [ 249.499861292832293, 528.370002469327346 ], [ 227.856699477330409, 534.735638295409444 ], [ 203.397169379724488, 540.392134616235353 ], [ 194.091322486247009, 519.557424554840509 ], [ 275.65955917260618, 495.62849186340992 ], [ 273.480000001243184, 516.8600000002549 ] ] ] } },
{ "type": "Feature", "properties": { "feature_type": "building", "subtype": "no-damage", "uid": "2846e8da-cff3-413d-9c71-7ca8aba2d8e5" }, "geometry": { "type": "Polygon", "coordinates": [ [ [ 322.068109732125379, 496.541823326414885 ], [ 326.842336604931518, 521.049521264428336 ], [ 301.061511501299094, 525.823748135432425 ], [ 297.87869358537381, 514.047321853429935 ], [ 294.449999999475779, 514.439999999951851 ], [ 289.865220417434728, 495.091322485654075 ], [ 313.812408118695828, 490.695001320281676 ], [ 322.068109732125379, 496.541823326414885 ] ] ] } },
{ "type": "Feature", "properties": { "feature_type": "building", "subtype": "no-damage", "uid": "a3f84d8d-7d9c-4e93-b3db-a6e8a300a50c" }, "geometry": { "type": "Polygon", "coordinates": [ [ [ 476.636643761589994, 547.957404863189254 ], [ 533.290802632676332, 538.727232911234978 ], [ 541.884411000794216, 583.604965500212302 ], [ 482.047434216066506, 595.063109991199212 ], [ 476.636643761589994, 547.957404863189254 ] ] ] } },
{ "type": "Feature", "properties": { "feature_type": "building", "subtype": "no-damage", "uid": "3a1a8786-29b2-47d2-806d-206a92461788" }, "geometry": { "type": "Polygon", "coordinates": [ [ [ 520.795468662860458, 624.977326975982237 ], [ 545.067228915156761, 617.024553598202829 ], [ 540.611283837092742, 599.837336863164978 ], [ 588.035270756106797, 589.652319538163852 ], [ 599.493415246369636, 644.715069452142416 ], [ 565.437263567317814, 653.308677821103743 ], [ 561.299600279067135, 638.031151832159594 ], [ 524.378912474264212, 647.579605574167886 ], [ 520.795468662860458, 624.977326975982237 ] ] ] } },
{ "type": "Feature", "properties": { "feature_type": "building", "subtype": "no-damage", "uid": "22457ac3-ae8d-4be7-9ac4-1ad74983123d" }, "geometry": { "type": "Polygon", "coordinates": [ [ [ 632.34068375628658, 638.956495613243874 ], [ 620.370342388355539, 584.591195222723172 ], [ 639.074000777002425, 580.3516993197793 ], [ 640.320911339915938, 592.322040691439724 ], [ 652.611088637698231, 591.512014455931535 ], [ 653.813267121169474, 602.092675128504084 ], [ 644.311025131670476, 604.791146285957552 ], [ 651.04434214950129, 636.21329238271926 ], [ 632.34068375628658, 638.956495613243874 ] ] ] } },
{ "type": "Feature", "properties": { "feature_type": "building", "subtype": "no-damage", "uid": "4512ebed-803c-49d0-90f5-3597955893dc" }, "geometry": { "type": "Polygon", "coordinates": [ [ [ 690.704004075811099, 571.961842466045937 ], [ 673.835069131672753, 557.002598270040721 ], [ 693.568540200720804, 528.993800627970586 ], [ 712.028884102100619, 539.815381534041194 ], [ 690.704004075811099, 571.961842466045937 ] ] ] } },
{ "type": "Feature", "properties": { "feature_type": "building", "subtype": "no-damage", "uid": "46846b53-095b-49f4-a2d5-99411d11e29a" }, "geometry": { "type": "Polygon", "coordinates": [ [ [ 597.075391691788468, 540.154948896210726 ], [ 588.596399889148415, 500.004428883094192 ], [ 610.292643620829722, 497.510607764960014 ], [ 616.776578532761505, 521.950054729214798 ], [ 637.475293816804765, 517.959940938661362 ], [ 638.472822267448123, 534.419160322770949 ], [ 597.075391691788468, 540.154948896210726 ] ] ] } },
{ "type": "Feature", "properties": { "feature_type": "building", "subtype": "no-damage", "uid": "ca6c96b0-04fd-4177-a75f-bd3dc324b6ba" }, "geometry": { "type": "Polygon", "coordinates": [ [ [ 815.586852047865705, 549.34770677669087 ], [ 776.183785385998931, 560.315570693158406 ], [ 769.278093293225083, 537.16119131619314 ], [ 807.056291221624633, 525.380893036718135 ], [ 815.586852047865705, 549.34770677669087 ] ] ] } },
{ "type": "Feature", "properties": { "feature_type": "building", "subtype": "no-damage", "uid": "227ae4c5-7715-434d-8ce5-0c48b7f6c5f3" }, "geometry": { "type": "Polygon", "coordinates": [ [ [ 688.696809047425745, 476.842031239439279 ], [ 662.292692215191664, 479.685551515254417 ], [ 641.169398748033927, 377.318821634955896 ], [ 680.97868259332779, 368.788260812318924 ], [ 686.259505957202123, 378.943690362894017 ], [ 737.036653712830116, 366.757174902396173 ], [ 746.379648900876305, 399.254549467890911 ], [ 783.345412469514258, 386.25559964150068 ], [ 795.938145112113716, 431.751924031462181 ], [ 737.036653713190731, 447.594394131744195 ], [ 745.973431718771735, 489.434763884806614 ], [ 694.38384959653024, 506.089668349057717 ], [ 688.696809047425745, 476.842031239439279 ] ] ] } },
{ "type": "Feature", "properties": { "feature_type": "building", "subtype": "no-damage", "uid": "b420a3c4-6816-44ed-a0ed-746ef02d6e94" }, "geometry": { "type": "Polygon", "coordinates": [ [ [ 906.150306808575237, 370.173096215734802 ], [ 906.330000002559927, 370.050000001045873 ], [ 912.470000000635878, 391.630000000592815 ], [ 896.299804314196422, 399.206156205248021 ], [ 881.264826819441851, 374.320676212862793 ], [ 901.484279310485022, 362.396383717152673 ], [ 906.150306808575237, 370.173096215734802 ] ] ] } },
{ "type": "Feature", "properties": { "feature_type": "building", "subtype": "no-damage", "uid": "384bf2c5-d24b-43a6-b12c-02a7d1dd1f9f" }, "geometry": { "type": "Polygon", "coordinates": [ [ [ 935.749999999801958, 380.729999999887582 ], [ 912.91999999997779, 391.420000002398524 ], [ 906.760000003939922, 369.739999999818906 ], [ 924.320000000817345, 357.380000000997313 ], [ 935.749999999801958, 380.729999999887582 ] ] ] } },
{ "type": "Feature", "properties": { "feature_type": "building", "subtype": "no-damage", "uid": "518af26d-db81-4f95-afce-02580178c903" }, "geometry": { "type": "Polygon", "coordinates": [ [ [ 996.520000002688448, 356.789999998972178 ], [ 994.804829278540865, 358.248803719063005 ], [ 946.589211795349911, 389.874101209065316 ], [ 937.257156799770428, 380.02359871143841 ], [ 936.209999999807678, 380.51999999976988 ], [ 924.729999999787765, 357.080000000554378 ], [ 928.961996800106931, 354.10122372001149 ], [ 925.851311803944554, 349.435196222400975 ], [ 967.290000002793818, 322.370000001433823 ], [ 996.520000002688448, 356.789999998972178 ] ] ] } },
{ "type": "Feature", "properties": { "feature_type": "building", "subtype": "no-damage", "uid": "1e7d00a2-4652-4903-ac64-89346d02ca6c" }, "geometry": { "type": "Polygon", "coordinates": [ [ [ 1004.960000000072, 299.779999999626511 ], [ 976.060000001169669, 315.470000000863877 ], [ 945.552316795707497, 275.297203744766307 ], [ 980.806746783909489, 257.151541250960008 ], [ 1004.960000000072, 299.779999999626511 ] ] ] } },
{ "type": "Feature", "properties": { "feature_type": "building", "subtype": "no-damage", "uid": "227147b3-b871-43e0-9ca0-2e101964c7e6" }, "geometry": { "type": "Polygon", "coordinates": [ [ [ 929.917647198715372, 40.217035197415193 ], [ 895.861495515336173, 10.616828595458649 ], [ 912.409974752553353, 0.00139451298233 ], [ 950.286612834600987, 0.000971687393232 ], [ 934.055310487326665, 14.754491884431561 ], [ 943.603764232458047, 21.43840950345265 ], [ 929.917647198715372, 40.217035197415193 ] ] ] } },
{ "type": "Feature", "properties": { "feature_type": "building", "subtype": "no-damage", "uid": "49fe7494-2f85-4742-82fe-071047c4eaa8" }, "geometry": { "type": "Polygon", "coordinates": [ [ [ 1003.747419476, 0.000309977790372 ], [ 1013.932106456366, 9.556929986407544 ], [ 1007.566470624514977, 16.877411188421519 ], [ 1015.841797201978011, 22.288201642418521 ], [ 1002.792243751708952, 40.430263753388182 ], [ 981.149081937890401, 17.195692978475449 ], [ 962.053099072310147, 0.000832569507857 ], [ 1003.747419476, 0.000309977790372 ] ] ] } },
{ "type": "Feature", "properties": { "feature_type": "building", "subtype": "no-damage", "uid": "f2824a2f-e6cb-411a-86f7-44e476d8a47d" }, "geometry": { "type": "Polygon", "coordinates": [ [ [ 964.439999999187989, 60.010000000889747 ], [ 938.385144312868874, 95.934537645778718 ], [ 939.632054873859033, 99.425887210589636 ], [ 947.86166456567139, 97.430830316274594 ], [ 954.59498158518511, 104.164147336390997 ], [ 943.372786555627385, 112.643139141317107 ], [ 930.155534621777633, 100.922179882047203 ], [ 904.469177096899216, 70.996326455781343 ], [ 923.920981824039472, 55.534635518348423 ], [ 928.160477728304613, 58.028456638405991 ], [ 944.740000000642226, 44.070000001206608 ], [ 964.439999999187989, 60.010000000889747 ] ] ] } },
{ "type": "Feature", "properties": { "feature_type": "building", "subtype": "no-damage", "uid": "d296f356-0043-4ff0-b660-ee29d3db4248" }, "geometry": { "type": "Polygon", "coordinates": [ [ [ 983.772688678119266, 33.339627562722399 ], [ 964.730000000770019, 59.59999999951512 ], [ 945.13000000297302, 43.740000000334753 ], [ 947.113518229702322, 42.068001478115548 ], [ 940.380201209827987, 34.586538121789523 ], [ 959.58262382674161, 12.89029438902101 ], [ 983.772688678119266, 33.339627562722399 ] ] ] } },
{ "type": "Feature", "properties": { "feature_type": "building", "subtype": "no-damage", "uid": "4d930ddb-1eed-4ba0-be6e-473c2c3cd165" }, "geometry": { "type": "Polygon", "coordinates": [ [ [ 809.365449738199118, 0.002351786784805 ], [ 836.002708842491415, 34.790549616342688 ], [ 812.560790325399807, 51.748533224271497 ], [ 780.889262114812823, 5.612842527248145 ], [ 788.888965770963068, 0.002508387928784 ], [ 809.365449738199118, 0.002351786784805 ] ] ] } },
{ "type": "Feature", "properties": { "feature_type": "building", "subtype": "no-damage", "uid": "12650852-d5f4-4de6-adc5-3c5f995dab79" }, "geometry": { "type": "Polygon", "coordinates": [ [ [ 826.18000000145571, 19.939999999818411 ], [ 810.806101076888012, 0.002340349579383 ], [ 857.695889274179308, 0.001937955745636 ], [ 826.18000000145571, 19.939999999818411 ] ] ] } },
{ "type": "Feature", "properties": { "feature_type": "building", "subtype": "no-damage", "uid": "59eb4d0e-5afa-4af6-9178-99557fa5497e" }, "geometry": { "type": "Polygon", "coordinates": [ [ [ 797.700290397021035, 41.207712859019978 ], [ 784.98180269227953, 51.43237944683235 ], [ 788.473152258411915, 55.422493235462447 ], [ 776.253428778811895, 63.153338704178907 ], [ 768.52258330973666, 53.67681845257615 ], [ 753.060892368941609, 63.901485039426838 ], [ 761.290502063037934, 76.619972746335122 ], [ 744.08313634284309, 82.355761317851517 ], [ 737.848583549432419, 69.886655726218692 ], [ 746.57695746253944, 66.644688271874855 ], [ 743.085607896407168, 56.918785907881663 ], [ 722.386892612123461, 67.392834606161117 ], [ 721.139982049450396, 59.911371249835071 ], [ 715.160000000488253, 61.909999999848083 ], [ 711.780000000523842, 54.820000000728669 ], [ 713.159754471350652, 54.424964786862411 ], [ 705.179526889644649, 40.459566524733717 ], [ 722.137510495886431, 30.234899936921341 ], [ 725.37947795034961, 33.975631616046037 ], [ 733.858469756355589, 29.985517823569239 ], [ 741.339933112319159, 37.466981179895278 ], [ 753.310274481572378, 28.239843040682949 ], [ 758.796680944784157, 33.726249502693939 ], [ 765.529997966822293, 34.973160062722727 ], [ 738.349560724763251, 0.002847192900669 ], [ 766.030814326587006, 0.002670034983538 ], [ 797.700290397021035, 41.207712859019978 ] ] ] } },
{ "type": "Feature", "properties": { "feature_type": "building", "subtype": "no-damage", "uid": "b2213742-a941-4f74-83cb-f2c39ec49a04" }, "geometry": { "type": "Polygon", "coordinates": [ [ [ 667.366349211504712, 0.003208375097221 ], [ 675.320000003636892, 20.46000000020144 ], [ 673.5235017607597, 21.370369075057368 ], [ 674.891283632023146, 25.669112098582559 ], [ 651.638991826315646, 36.025174831916992 ], [ 642.064518731438852, 18.63480533325119 ], [ 654.569952978576339, 12.577485620556921 ], [ 653.983760750696661, 9.0603322374104 ], [ 649.489620317799222, 1.300926146289306 ], [ 643.041505785037316, 5.933973676857398 ], [ 639.721604267260886, 0.003312795734498 ], [ 667.366349211504712, 0.003208375097221 ] ] ] } },
{ "type": "Feature", "properties": { "feature_type": "building", "subtype": "no-damage", "uid": "338dc1a8-4f4f-40bb-96b4-96de86db9285" }, "geometry": { "type": "Polygon", "coordinates": [ [ [ 705.127017161908043, 0.00303291549883 ], [ 707.913445936330959, 3.979999575429888 ], [ 678.317072103191435, 19.664144207367229 ], [ 667.366888699017409, 0.003208374135546 ], [ 705.127017161908043, 0.00303291549883 ] ] ] } },
{ "type": "Feature", "properties": { "feature_type": "building", "subtype": "no-damage", "uid": "1ad0ec89-6718-4c97-b71b-f9f893f486c8" }, "geometry": { "type": "Polygon", "coordinates": [ [ [ 0.000000001322304, 171.535485751985902 ], [ 47.419633950293587, 233.600435077924402 ], [ 9.862382564421182, 255.243596892950791 ], [ 0.000000000961675, 239.966070905929911 ], [ 0.000000001322304, 171.535485751985902 ] ] ] } },
{ "type": "Feature", "properties": { "feature_type": "building", "subtype": "no-damage", "uid": "96730c44-4c61-4e1b-b811-dad510afde08" }, "geometry": { "type": "Polygon", "coordinates": [ [ [ 0.000000003726492, 22.38556970627657 ], [ 17.919042937627271, 0.000293084038783 ], [ 109.901370292045002, 0.001387641811663 ], [ 96.534880024357278, 13.791961339238499 ], [ 102.263952270209998, 17.293061045218529 ], [ 125.816804838055901, 14.428524920308041 ], [ 135.365258579580996, 20.794160748313519 ], [ 113.403814971260402, 47.211549436267319 ], [ 88.577835238751291, 27.796360159311899 ], [ 55.476528931664227, 68.536429462201397 ], [ 0.000000003726492, 22.38556970627657 ] ] ] } },
{ "type": "Feature", "properties": { "feature_type": "building", "subtype": "no-damage", "uid": "1721aaf3-154d-46c9-8a35-ba797ff97bf5" }, "geometry": { "type": "Polygon", "coordinates": [ [ [ 228.958294241723308, 0.002470363283834 ], [ 183.8700711331565, 59.120489949914862 ], [ 149.341610662075112, 30.685287205227219 ], [ 121.936892583621301, 10.323122376739651 ], [ 132.192915721263887, 0.001619039182507 ], [ 228.958294241723308, 0.002470363283834 ] ] ] } },
{ "type": "Feature", "properties": { "feature_type": "building", "subtype": "no-damage", "uid": "c4c9a1de-5f59-4e0f-89bb-a17c498aa105" }, "geometry": { "type": "Polygon", "coordinates": [ [ [ 69.978399288127193, 80.834246685906834 ], [ 81.874300876460239, 51.592274586753298 ], [ 88.23993670783004, 49.046020254781759 ], [ 126.115469883756305, 78.009663273745417 ], [ 140.756432288141298, 56.366501457757423 ], [ 157.943649027021706, 66.869800573774128 ], [ 167.173820977050411, 57.957910414758793 ], [ 177.040556509711195, 70.370900279754153 ], [ 195.5009004098888, 70.689182071731437 ], [ 210.460144605770211, 86.284989849767882 ], [ 211.414989980980607, 92.650625679696716 ], [ 129.616569588172808, 135.300385726756502 ], [ 69.978399288127193, 80.834246685906834 ] ] ] } },
{ "type": "Feature", "properties": { "feature_type": "building", "subtype": "no-damage", "uid": "34bc214c-7d71-4315-8ae7-9b7fde058d27" }, "geometry": { "type": "Polygon", "coordinates": [ [ [ 190.758354705131808, 55.744755662496033 ], [ 243.17948307907551, 0.002574497341845 ], [ 243.189324977059499, 0.002574567544148 ], [ 257.524062177912583, 4.975859975946155 ], [ 307.967947288185712, 44.771942739435723 ], [ 283.279118210344279, 74.697796165701547 ], [ 267.568045161967291, 63.475601130250823 ], [ 238.140955960249102, 100.633535802375604 ], [ 190.758354705131808, 55.744755662496033 ] ] ] } },
{ "type": "Feature", "properties": { "feature_type": "building", "subtype": "no-damage", "uid": "3c6d8dcc-0811-4b6b-aa81-505a90d21d87" }, "geometry": { "type": "Polygon", "coordinates": [ [ [ 400.909686623083019, 0.003368910455223 ], [ 352.532694679841313, 51.944074458931318 ], [ 285.947670802521088, 4.062708978059997 ], [ 290.682568128832372, 0.002883355742062 ], [ 400.909686623083019, 0.003368910455223 ] ] ] } },
{ "type": "Feature", "properties": { "feature_type": "building", "subtype": "no-damage", "uid": "ac14e99d-014d-47c9-a6e5-7ca479b1faf7" }, "geometry": { "type": "Polygon", "coordinates": [ [ [ 410.626100478470107, 0.003396219151294 ], [ 438.630680987019275, 22.556498848055149 ], [ 418.897209918812678, 50.565296493010322 ], [ 421.761746040476794, 54.066396198028663 ], [ 440.540371733713528, 73.163303682045125 ], [ 421.761746041318304, 99.262410578021644 ], [ 407.439065430112521, 97.034438038027389 ], [ 377.315524093465285, 72.82714684587171 ], [ 388.288337015561297, 56.617309575114191 ], [ 402.004353173230015, 43.150675531996313 ], [ 377.315524096951378, 24.44701714310456 ], [ 400.909572569463478, 0.003368909493548 ], [ 410.626100478470107, 0.003396219151294 ] ] ] } },
{ "type": "Feature", "properties": { "feature_type": "building", "subtype": "no-damage", "uid": "ebcc5dbe-a79e-41b2-91be-0c785ab72d5c" }, "geometry": { "type": "Polygon", "coordinates": [ [ [ 473.163016139729507, 0.003511913509177 ], [ 463.578762192579916, 7.752048882980058 ], [ 422.140733204540311, 0.003425330988722 ], [ 473.163016139729507, 0.003511913509177 ] ] ] } },
{ "type": "Feature", "properties": { "feature_type": "building", "subtype": "no-damage", "uid": "44f92256-bd90-4107-be4a-c21f3d6b1016" }, "geometry": { "type": "Polygon", "coordinates": [ [ [ 591.734826965926004, 27.684934010124181 ], [ 619.35759534687827, 10.21759518286574 ], [ 629.919242076911019, 30.93467146792382 ], [ 619.763812528622339, 38.246580745568828 ], [ 627.888156166628164, 50.839313389012837 ], [ 603.108908065697619, 67.900435036210084 ], [ 587.672655144158284, 41.090101020422267 ], [ 597.828084695572443, 35.809277653661617 ], [ 591.734826965926004, 27.684934010124181 ] ] ] } },
{ "type": "Feature", "properties": { "feature_type": "building", "subtype": "no-damage", "uid": "d92b289f-c782-4fec-99fc-00c69cc0f4ba" }, "geometry": { "type": "Polygon", "coordinates": [ [ [ 665.906721058161111, 65.664425134499623 ], [ 654.766858361919049, 51.978308101595132 ], [ 688.823010039648466, 42.429854359586891 ], [ 692.960673327177915, 50.386899146517102 ], [ 705.373663195175482, 45.294390483535707 ], [ 714.406665029215333, 62.155810255578878 ], [ 700.599436322850238, 69.802088422510849 ], [ 712.057580815276879, 93.036659195500221 ], [ 677.364865547702721, 105.767930851511196 ], [ 663.997030312548759, 78.395696790510598 ], [ 684.685346754162651, 70.756933796519334 ], [ 677.364865547221939, 60.253634678579267 ], [ 665.906721058161111, 65.664425134499623 ] ] ] } },
{ "type": "Feature", "properties": { "feature_type": "building", "subtype": "no-damage", "uid": "b5312e41-1652-48d1-a0f2-f8bdc377a3d2" }, "geometry": { "type": "Polygon", "coordinates": [ [ [ 649.155714270135718, 110.630627223187901 ], [ 637.822664485489213, 114.147780605372702 ], [ 621.213884625402898, 80.344028655869863 ], [ 643.293791966575782, 72.528132252083168 ], [ 659.511777009838738, 106.136486791251002 ], [ 649.155714270135718, 110.630627223187901 ] ] ] } },
{ "type": "Feature", "properties": { "feature_type": "building", "subtype": "no-damage", "uid": "527f1d44-4d0c-47a9-829e-3336372b87fa" }, "geometry": { "type": "Polygon", "coordinates": [ [ [ 668.808790133010234, 163.614979114695387 ], [ 623.31246574293948, 179.457449214015696 ], [ 612.750819011584554, 144.928988738598292 ], [ 681.401522777773494, 124.618129636486401 ], [ 683.838825869559855, 145.335205920582808 ], [ 659.872012128150459, 148.991160559405301 ], [ 668.808790133010234, 163.614979114695387 ] ] ] } },
{ "type": "Feature", "properties": { "feature_type": "building", "subtype": "no-damage", "uid": "b5bce2e7-2b52-491f-86e5-3c93d49dad9f" }, "geometry": { "type": "Polygon", "coordinates": [ [ [ 705.417061207501774, 144.692050549972606 ], [ 696.938069406544628, 127.983449054434203 ], [ 728.609597614126301, 116.013107682773907 ], [ 736.091060969488922, 136.213058746008187 ], [ 705.417061207501774, 144.692050549972606 ] ] ] } },
{ "type": "Feature", "properties": { "feature_type": "building", "subtype": "no-damage", "uid": "46e23f1b-e754-4004-9a17-2c70417f8780" }, "geometry": { "type": "Polygon", "coordinates": [ [ [ 872.569999999680931, 78.850000001007558 ], [ 848.525996569937433, 93.827805272544097 ], [ 830.246223377993033, 76.360466445285653 ], [ 855.059999999150818, 59.280000002312391 ], [ 872.569999999680931, 78.850000001007558 ] ] ] } },
{ "type": "Feature", "properties": { "feature_type": "building", "subtype": "no-damage", "uid": "2cba657d-3ec8-4070-b023-04d35d4d3d0f" }, "geometry": { "type": "Polygon", "coordinates": [ [ [ 895.647189690350046, 58.486910435081008 ], [ 894.834755325299284, 64.986385347795277 ], [ 873.000000003705622, 78.580000000993621 ], [ 855.470000001006156, 58.990000000730241 ], [ 879.804719588509215, 42.238223150891152 ], [ 895.647189690350046, 58.486910435081008 ] ] ] } },
{ "type": "Feature", "properties": { "feature_type": "building", "subtype": "no-damage", "uid": "7cc8174d-b9c0-456a-b07f-0c139f95a62b" }, "geometry": { "type": "Polygon", "coordinates": [ [ [ 896.370000003557379, 122.350000000795603 ], [ 894.873878524865063, 123.068497576010998 ], [ 899.612138652348222, 131.796871493327501 ], [ 889.886236288477676, 137.033895841986407 ], [ 875.422073797484472, 120.325294344524707 ], [ 868.938138889399397, 124.315408133154705 ], [ 860.957911308174289, 105.861131855691795 ], [ 877.650000000471778, 95.060000000704648 ], [ 896.370000003557379, 122.350000000795603 ] ] ] } },
{ "type": "Feature", "properties": { "feature_type": "building", "subtype": "no-damage", "uid": "03587204-f3a5-4dfd-8bb6-4945238344cd" }, "geometry": { "type": "Polygon", "coordinates": [ [ [ 909.338041015978433, 99.875961169861583 ], [ 922.804675059453757, 91.895733590678034 ], [ 931.782431082426797, 105.362367632834193 ], [ 896.829999999115444, 122.129999998932206 ], [ 878.070000003231485, 94.790000000690696 ], [ 899.113374426004839, 81.172302778084813 ], [ 909.338041015978433, 99.875961169861583 ] ] ] } },
{ "type": "Feature", "properties": { "feature_type": "building", "subtype": "no-damage", "uid": "8d995772-0f78-43e3-a145-0a30461015ed" }, "geometry": { "type": "Polygon", "coordinates": [ [ [ 802.38999999992609, 136.960000001015601 ], [ 779.87952120004411, 149.913934143760088 ], [ 770.130308830133572, 131.227943769586403 ], [ 751.444318456445217, 139.758504592223289 ], [ 739.25780299895564, 116.197908033273507 ], [ 758.756227736011851, 104.011392569890702 ], [ 765.661919828905752, 113.354387758420103 ], [ 787.53000000222562, 102.909999999792007 ], [ 802.38999999992609, 136.960000001015601 ] ] ] } },
{ "type": "Feature", "properties": { "feature_type": "building", "subtype": "no-damage", "uid": "ba5ef4ab-5075-47c3-9377-4e5de7dc0cde" }, "geometry": { "type": "Polygon", "coordinates": [ [ [ 850.967528061385337, 110.104650300620406 ], [ 809.533375491519564, 132.85281249752461 ], [ 802.830000001248777, 136.710000000646488 ], [ 787.980000000245241, 102.699999999674404 ], [ 828.625583051519925, 83.294316286755972 ], [ 850.967528061385337, 110.104650300620406 ] ] ] } },
{ "type": "Feature", "properties": { "feature_type": "building", "subtype": "no-damage", "uid": "561334d1-99b1-499a-b359-d0b6a07402b7" }, "geometry": { "type": "Polygon", "coordinates": [ [ [ 238.140955960249102, 100.633535802375604 ], [ 251.803555710481703, 110.845749866160205 ], [ 283.279118210344279, 74.697796165701547 ], [ 298.438010631913926, 56.231067365172457 ], [ 309.660205667121488, 66.705116062490234 ], [ 317.391051135595717, 51.492807240332759 ], [ 359.287245936036072, 85.907538679047875 ], [ 322.628075486777675, 118.327213223447899 ], [ 306.667620324327402, 106.356871851787602 ], [ 301.181213866765518, 112.591424649046502 ], [ 286.218287152914911, 97.628497937356116 ], [ 273.499799446971394, 109.3494571956643 ], [ 260.531929629959791, 120.072888006334196 ], [ 265.270189754798423, 131.045700929394513 ], [ 245.070238690727507, 143.514806522950693 ], [ 226.615962413629603, 113.838335209075296 ], [ 238.140955960249102, 100.633535802375604 ] ] ] } },
{ "type": "Feature", "properties": { "feature_type": "building", "subtype": "no-damage", "uid": "b01acaa2-c404-4023-98f4-00f3fce7415d" }, "geometry": { "type": "Polygon", "coordinates": [ [ [ 382.50041126490828, 107.736050512261897 ], [ 371.278216227416692, 129.931058470772996 ], [ 338.609159574480827, 143.647074624357913 ], [ 322.399322302404983, 126.190326791648303 ], [ 335.865956339509125, 110.978017969490807 ], [ 342.349891251801523, 117.711334988645504 ], [ 365.542427652896492, 91.276831128152295 ], [ 382.50041126490828, 107.736050512261897 ] ] ] } },
{ "type": "Feature", "properties": { "feature_type": "building", "subtype": "no-damage", "uid": "310d0d41-4cf0-48f0-b62e-44bd72b9fe94" }, "geometry": { "type": "Polygon", "coordinates": [ [ [ 322.302145337751995, 138.641512620217611 ], [ 316.05382700547392, 146.632783422764106 ], [ 316.513123955735807, 152.144346836005809 ], [ 280.841060758984213, 175.109194388775506 ], [ 274.670161968320997, 169.066130268379311 ], [ 261.95167426394022, 177.794504185695814 ], [ 259.457853142560907, 167.320455484531294 ], [ 265.941788051246988, 162.582195360653287 ], [ 261.951674260935022, 155.599496228146393 ], [ 256.465267799406092, 156.597024675784809 ], [ 251.228243451710199, 148.616797094677906 ], [ 264.445495380030309, 139.389658954503886 ], [ 265.193641713715294, 135.399545164912098 ], [ 282.89977165905151, 124.4267322428135 ], [ 290.381235015495918, 131.658813485787391 ], [ 297.862698374344575, 124.177350130422994 ], [ 300.107137377202775, 127.668699697157294 ], [ 308.835511295478909, 120.935382675117495 ], [ 322.302145337751995, 138.641512620217611 ] ] ] } },
{ "type": "Feature", "properties": { "feature_type": "building", "subtype": "no-damage", "uid": "87ffcf75-e957-4d53-8967-154bb3329434" }, "geometry": { "type": "Polygon", "coordinates": [ [ [ 148.00998097407691, 258.289830366921308 ], [ 139.780371280942205, 244.573814213336192 ], [ 133.047054259505103, 249.062692227708908 ], [ 110.353282079464293, 206.667733207886897 ], [ 134.543346930241, 193.699863390511496 ], [ 129.184882504027513, 189.171518103663601 ], [ 135.722014825145806, 184.396931133309408 ], [ 132.472277367226809, 172.616632852872812 ], [ 146.689878741009693, 147.431167565984907 ], [ 187.717814129371789, 124.6830053710041 ], [ 209.653541959055786, 136.463303649517286 ], [ 229.964401060201112, 127.932742827842006 ], [ 244.994436800597498, 153.118208112806713 ], [ 225.902229241198199, 163.273637666266808 ], [ 233.620355699142891, 172.616632852872812 ], [ 249.056608618638705, 162.867420483320586 ], [ 267.74259899256748, 193.333709137930896 ], [ 148.00998097407691, 258.289830366921308 ] ] ] } },
{ "type": "Feature", "properties": { "feature_type": "building", "subtype": "no-damage", "uid": "37fde732-4ee8-4db8-9c6d-1628c76129d9" }, "geometry": { "type": "Polygon", "coordinates": [ [ [ 790.036214137837192, 388.229121644546808 ], [ 776.31311441796197, 346.457388153756597 ], [ 782.921679239882451, 336.970331652899972 ], [ 811.877411795840544, 332.214048983054397 ], [ 819.686417612251603, 359.478632188185827 ], [ 835.972816356529734, 357.551728256558476 ], [ 841.153062554903045, 372.645070773222585 ], [ 790.036214137837192, 388.229121644546808 ] ] ] } },
{ "type": "Feature", "properties": { "feature_type": "building", "subtype": "no-damage", "uid": "2d3ddbdd-af1e-4430-84c2-3e41ac058f56" }, "geometry": { "type": "Polygon", "coordinates": [ [ [ 868.006965033362007, 316.169741319872287 ], [ 851.456311882282876, 296.11798846184729 ], [ 865.778992496373576, 283.704998596852022 ], [ 865.778992495532066, 276.384517393876308 ], [ 884.557618185883825, 266.199500068875182 ], [ 888.695281478461993, 283.386716803912975 ], [ 902.699680299974489, 274.793108435913325 ], [ 912.884697624852947, 290.707198006888575 ], [ 868.006965033362007, 316.169741319872287 ] ] ] } },
{ "type": "Feature", "properties": { "feature_type": "building", "subtype": "no-damage", "uid": "d64ddbff-3359-4c77-ac2f-391d9e668caa" }, "geometry": { "type": "Polygon", "coordinates": [ [ [ 759.791155953207863, 276.384517394837985 ], [ 819.628132737935516, 260.470427822900888 ], [ 824.084077818403784, 273.519981269927484 ], [ 851.774593670894205, 267.154345442883709 ], [ 851.138030088863047, 278.612489931947209 ], [ 865.778992495532066, 276.384517393876308 ], [ 865.778992496373576, 283.704998596852022 ], [ 820.264696320327289, 311.077232656890885 ], [ 816.763596615550114, 301.847060706859907 ], [ 798.939816295119613, 306.621287577864109 ], [ 801.804352418226244, 317.124586694842378 ], [ 780.161190602003103, 321.898813565846581 ], [ 759.791155953207863, 276.384517394837985 ] ] ] } },
{ "type": "Feature", "properties": { "feature_type": "building", "subtype": "no-damage", "uid": "9746dd21-8d80-45da-bff1-92bda18deba7" }, "geometry": { "type": "Polygon", "coordinates": [ [ [ 1022.975815456664009, 297.671536954006626 ], [ 1014.025804755754052, 287.139364584532473 ], [ 1022.975816492749004, 278.368082716374374 ], [ 1022.975815456664009, 297.671536954006626 ] ] ] } },
{ "type": "Feature", "properties": { "feature_type": "building", "subtype": "no-damage", "uid": "b87785e1-80aa-486a-ae85-ead92d3d6968" }, "geometry": { "type": "Polygon", "coordinates": [ [ [ 865.752993713619048, 240.148423439625191 ], [ 857.274001910979109, 241.644716111082801 ], [ 852.535741788063888, 228.926228404174509 ], [ 838.819725634602378, 235.410163314785507 ], [ 843.308603646930464, 248.128651019770388 ], [ 816.624717672250085, 256.857024935163622 ], [ 804.15561208025963, 232.666960082337511 ], [ 827.846912708419381, 223.190439832658086 ], [ 826.600002149232296, 216.955887034437495 ], [ 856.276473461177147, 205.983074112338898 ], [ 862.511026258915422, 229.674374741345787 ], [ 867.498668500952704, 225.185496726011507 ], [ 864.755465265860721, 217.205269146827902 ], [ 866.251757937678576, 214.462065915341611 ], [ 881.214684653933318, 210.721334238140287 ], [ 882.960359432852329, 218.701561819247189 ], [ 886.202326889118694, 218.950943930675891 ], [ 894.182554468180115, 227.679317846069097 ], [ 895.678847139276627, 235.410163314785507 ], [ 888.945530117719272, 245.634829900674504 ], [ 882.212213098205552, 248.62741524262799 ], [ 874.730749743684441, 247.879268907380009 ], [ 865.752993713619048, 240.148423439625191 ] ] ] } },
{ "type": "Feature", "properties": { "feature_type": "building", "subtype": "no-damage", "uid": "3716eb70-751f-424d-af91-af4b095e2bf2" }, "geometry": { "type": "Polygon", "coordinates": [ [ [ 850.315737065509211, 114.529802204742793 ], [ 860.540403652116993, 134.48037115462509 ], [ 860.041639432385068, 135.976663827044291 ], [ 850.565119179101657, 146.201330414856614 ], [ 863.034224774578206, 168.396338372406007 ], [ 845.826859053181238, 177.623476512579998 ], [ 833.607135569614229, 155.927232778849799 ], [ 819.891119417715572, 160.914875015118298 ], [ 816.150387737389678, 149.942062092057995 ], [ 806.923249600824192, 158.421053896022414 ], [ 811.412127612070321, 174.132126943922401 ], [ 817.646680408005409, 170.391395267682697 ], [ 821.387412088571637, 177.124712287799213 ], [ 835.851574578603163, 169.393866819082689 ], [ 844.579948493873985, 184.606175642201805 ], [ 801.686225248079495, 194.581460119547103 ], [ 783.481331084694261, 146.949476749142889 ], [ 850.315737065509211, 114.529802204742793 ] ] ] } },
{ "type": "Feature", "properties": { "feature_type": "building", "subtype": "no-damage", "uid": "cd9807a4-9992-41bc-9781-d4bf360c7999" }, "geometry": { "type": "Polygon", "coordinates": [ [ [ 546.710377311610273, 470.972017966769215 ], [ 508.525962197860508, 479.90879597235238 ], [ 507.713527833290584, 467.316063329870076 ], [ 514.619219927386666, 466.50362896493931 ], [ 510.963265288204411, 434.006254402329716 ], [ 502.432704467132226, 433.600037218421676 ], [ 502.432704469897089, 419.38243584607801 ], [ 514.213002749128691, 414.101612478355605 ], [ 509.338396560146521, 399.477793925950607 ], [ 527.618169754735391, 395.821839287128114 ], [ 528.02438693852298, 416.538915572186227 ], [ 542.241988309180442, 414.914046844247991 ], [ 546.710377311610273, 470.972017966769215 ] ] ] } },
{ "type": "Feature", "properties": { "feature_type": "building", "subtype": "no-damage", "uid": "dcf21797-7cef-4634-ad3b-2b833bb93eeb" }, "geometry": { "type": "Polygon", "coordinates": [ [ [ 607.294538416963974, 480.372150703390673 ], [ 589.82719958850771, 487.2778427990512 ], [ 582.109073130082038, 470.216721150892283 ], [ 571.547426399808955, 475.091327335668382 ], [ 559.360910935347306, 425.532831124899815 ], [ 564.641734301385327, 422.283093668061781 ], [ 561.391996845149265, 415.377401572401425 ], [ 554.080087568828276, 419.033356212185481 ], [ 551.236567296019075, 395.878976834258594 ], [ 581.296638767555692, 387.754633192644519 ], [ 607.294538416963974, 480.372150703390673 ] ] ] } },
{ "type": "Feature", "properties": { "feature_type": "building", "subtype": "no-damage", "uid": "ef184e8e-7218-403d-a141-443e386a03b9" }, "geometry": { "type": "Polygon", "coordinates": [ [ [ 435.484797865431517, 459.711261804211915 ], [ 424.078952870206592, 417.717014318023473 ], [ 422.321806059272205, 396.648563695416101 ], [ 455.391186533064683, 390.524604346087472 ], [ 462.509755970265303, 452.684946866228586 ], [ 435.484797865431517, 459.711261804211915 ] ] ] } },
{ "type": "Feature", "properties": { "feature_type": "building", "subtype": "no-damage", "uid": "1e18f471-1d63-49b7-a64d-41f052756165" }, "geometry": { "type": "Polygon", "coordinates": [ [ [ 773.428765288422255, 192.743822328946095 ], [ 766.744847668561306, 195.608358450971508 ], [ 693.221753852254665, 221.070901763955192 ], [ 626.382577658333503, 227.7548193839379 ], [ 618.743814662901627, 191.470695162960311 ], [ 640.068694685945502, 184.150213961908008 ], [ 640.068694687027346, 187.651313666926313 ], [ 675.079691743092553, 180.012550672935106 ], [ 676.034537116499791, 186.696468292917899 ], [ 686.537836233115058, 184.150213960946303 ], [ 685.901272649881889, 175.238323800969312 ], [ 696.40457176673749, 170.464096929965194 ], [ 694.813162810217364, 179.694268880957793 ], [ 718.366015375298502, 176.511450966955096 ], [ 717.092888207870601, 164.7350246839909 ], [ 770.245947374059597, 152.322034819957196 ], [ 768.972820207833706, 163.780179309020809 ], [ 779.794401116185782, 158.687670647962705 ], [ 782.658937241456101, 170.464096929003489 ], [ 768.336256627004786, 177.148014549947987 ], [ 773.428765288422255, 192.743822328946095 ] ] ] } },
{ "type": "Feature", "properties": { "feature_type": "building", "subtype": "no-damage", "uid": "bc02de77-bf5f-4595-b414-d5b337b04244" }, "geometry": { "type": "Polygon", "coordinates": [ [ [ 716.796007728286781, 335.084853286043199 ], [ 695.67271426245145, 321.679686276706775 ], [ 691.610542437317804, 322.492120641637484 ], [ 691.20432525761737, 340.365676650880516 ], [ 675.768072339443847, 341.990545379780315 ], [ 667.237511518011047, 319.242383184799621 ], [ 644.083132135642018, 323.71077218759109 ], [ 636.771222863888966, 308.680736450316488 ], [ 650.582607048715317, 305.430998994440188 ], [ 647.367528392674672, 283.690943311920989 ], [ 639.253282260802621, 285.528131115373185 ], [ 635.885104617614957, 275.270499208757997 ], [ 660.993337940311449, 264.706669334580113 ], [ 664.361515582176821, 279.863468719311925 ], [ 651.960497902025395, 283.997141278522008 ], [ 660.227843022487036, 299.153940664215384 ], [ 669.413782043232004, 296.398158958075385 ], [ 669.413782044073514, 299.000841680434121 ], [ 691.306936710008131, 294.714070136481098 ], [ 686.867066184198166, 281.853755507507117 ], [ 689.316649920250597, 279.4041717689297 ], [ 685.182977364167073, 259.654402873644017 ], [ 681.773203891701201, 254.584628846796988 ], [ 670.885806395395889, 259.769103845851703 ], [ 668.29356889574899, 249.918601347263092 ], [ 694.734391386569996, 239.549651352038808 ], [ 697.32662888585628, 246.807916348215002 ], [ 689.549916386795303, 250.955496346304699 ], [ 690.06836388679676, 259.25065634536918 ], [ 727.396583876206932, 249.400153847742303 ], [ 732.062611377663075, 265.472026343465473 ], [ 726.982278715683719, 267.553653124705306 ], [ 728.154663172404753, 272.047793557603882 ], [ 735.188969938696118, 270.484614274923217 ], [ 740.269302601276422, 301.943597303290119 ], [ 716.796007728286781, 335.084853286043199 ] ] ] } },
{ "type": "Feature", "properties": { "feature_type": "building", "subtype": "no-damage", "uid": "3a927120-3188-42ee-8bb3-07fb40ba2352" }, "geometry": { "type": "Polygon", "coordinates": [ [ [ 797.658887526347257, 260.218194528580284 ], [ 766.395301910366697, 264.712334960517182 ], [ 766.004507088975288, 250.057529203657595 ], [ 796.291105656406216, 245.36799135850049 ], [ 797.658887526347257, 260.218194528580284 ] ] ] } },
{ "type": "Feature", "properties": { "feature_type": "building", "subtype": "no-damage", "uid": "faebaca3-7c47-40a0-be2e-22c263119b3b" }, "geometry": { "type": "Polygon", "coordinates": [ [ [ 613.976010810653861, 382.182138699818324 ], [ 581.296638767555692, 387.754633192644519 ], [ 576.100477632203251, 364.676640172803218 ], [ 574.509068677005416, 363.72179479879469 ], [ 571.326250765648069, 349.717395976798002 ], [ 569.098278220605494, 335.712997152877904 ], [ 565.597178517751786, 324.25485266381429 ], [ 551.27449790318019, 326.801106994824181 ], [ 545.545425660573187, 305.476226970813514 ], [ 556.048724774664038, 305.157945177874581 ], [ 557.003570150114797, 309.93217204984029 ], [ 566.233742099422216, 310.250453841817603 ], [ 567.825151060390112, 320.435471166818672 ], [ 575.782195842630244, 318.844062209817423 ], [ 574.509068680010614, 306.112790553806406 ], [ 603.472711695120552, 299.747154722915923 ], [ 607.928656773064404, 316.297807877845912 ], [ 592.014567203655588, 320.117189375803207 ], [ 590.74144003887227, 332.211897447859485 ], [ 607.292093190913192, 329.347361325834072 ], [ 611.748038271020846, 348.762550602789474 ], [ 623.524464556626754, 346.534578061833599 ], [ 628.616973216241036, 377.726193621753225 ], [ 613.976010810653861, 382.182138699818324 ] ] ] } },
{ "type": "Feature", "properties": { "feature_type": "building", "subtype": "no-damage", "uid": "f71e31ad-3d25-47a3-8efb-3190dbe91d00" }, "geometry": { "type": "Polygon", "coordinates": [ [ [ 423.97153279178832, 394.306554193144507 ], [ 398.374472067830425, 378.088569153604226 ], [ 397.202087605339273, 370.468070159190916 ], [ 449.568593518631189, 359.330417784516214 ], [ 453.281144306822682, 383.168901816546395 ], [ 444.097466031894783, 392.938772321760609 ], [ 441.557299701265777, 393.329567142430676 ], [ 440.580312648989491, 393.329567141469113 ], [ 439.212530780130407, 386.68605519873131 ], [ 423.97153279178832, 394.306554193144507 ] ] ] } },
{ "type": "Feature", "properties": { "feature_type": "building", "subtype": "no-damage", "uid": "16a4e783-573d-46e4-b6d6-277be58be6fc" }, "geometry": { "type": "Polygon", "coordinates": [ [ [ 476.748059011028602, 346.898543501796212 ], [ 494.813739085196516, 325.158487818315223 ], [ 497.11022384131428, 326.842576638947776 ], [ 508.745746603401017, 316.278746764770005 ], [ 519.214670282523343, 323.04004181664601 ], [ 490.067670592425088, 358.074769311099317 ], [ 476.748059011028602, 346.898543501796212 ] ] ] } },
{ "type": "Feature", "properties": { "feature_type": "building", "subtype": "no-damage", "uid": "39b3699c-e300-4272-91c1-3f41dbbed075" }, "geometry": { "type": "Polygon", "coordinates": [ [ [ 499.10051063203349, 349.960523174537116 ], [ 516.904225666600269, 345.130091187244716 ], [ 527.407524786461181, 377.594833910264981 ], [ 508.986430801247593, 382.349435822524811 ], [ 503.933172058761215, 372.482700287577586 ], [ 499.10051063203349, 349.960523174537116 ] ] ] } },
{ "type": "Feature", "properties": { "feature_type": "building", "subtype": "no-damage", "uid": "ac8bd016-b800-4737-b913-b4a2109bd698" }, "geometry": { "type": "Polygon", "coordinates": [ [ [ 118.621836859784906, 484.334445003027895 ], [ 110.048293771039496, 484.334445004951192 ], [ 107.598710032462705, 477.291891755819904 ], [ 116.325352101743704, 475.607802934225617 ], [ 112.957174462763206, 462.594389322431994 ], [ 135.615824050609405, 458.613815747003287 ], [ 138.677803719262499, 467.340457816767184 ], [ 162.101948224692592, 460.144805583854577 ], [ 168.284280551745809, 483.679547538391375 ], [ 155.871290683507794, 486.544083660416902 ], [ 156.826136061963808, 496.092537404348491 ], [ 141.548610071821287, 499.911918901344109 ], [ 140.630542981524286, 494.873722389926911 ], [ 133.313162338175999, 495.593464748151291 ], [ 130.194278781263193, 501.831231855967928 ], [ 118.438486921693297, 489.715568820408521 ], [ 127.915094645724594, 480.119004037672596 ], [ 118.621836859784906, 484.334445003027895 ] ] ] } },
{ "type": "Feature", "properties": { "feature_type": "building", "subtype": "no-damage", "uid": "f208d31c-2b6c-43f2-b3e0-3d2101d8624e" }, "geometry": { "type": "Polygon", "coordinates": [ [ [ 186.696141734956996, 483.328289276985117 ], [ 178.84068019644539, 447.167883053460287 ], [ 212.756647412054292, 440.1851839199918 ], [ 220.23811076970091, 475.098679583487808 ], [ 186.696141734956996, 483.328289276985117 ] ] ] } },
{ "type": "Feature", "properties": { "feature_type": "building", "subtype": "no-damage", "uid": "b6183004-0c1f-4177-8166-5e96d89472ff" }, "geometry": { "type": "Polygon", "coordinates": [ [ [ 249.041762367238988, 457.477930454082184 ], [ 218.305304590704992, 466.673914578550011 ], [ 212.756647412054292, 440.1851839199918 ], [ 224.103551176887009, 440.270564734724587 ], [ 224.602315399143407, 439.023654175657498 ], [ 242.214983291951512, 432.882563428402193 ], [ 249.041762367238988, 457.477930454082184 ] ] ] } },
{ "type": "Feature", "properties": { "feature_type": "building", "subtype": "no-damage", "uid": "5e246bc9-4f45-4bff-894a-bfa29b6b9ba5" }, "geometry": { "type": "Polygon", "coordinates": [ [ [ 254.515076540209009, 471.140109180427828 ], [ 248.848551649869194, 444.566061404668119 ], [ 278.15816316586529, 438.8995365116823 ], [ 282.26150877845339, 452.381957809416406 ], [ 295.939327487240519, 450.232586299577179 ], [ 291.640584461793026, 437.922549460968526 ], [ 291.746176795590998, 430.528514112790219 ], [ 317.432534318906676, 425.291489762208016 ], [ 324.165851340343806, 450.229700950282108 ], [ 321.921412333398507, 462.200042320019008 ], [ 308.454778290163574, 457.711164306608111 ], [ 310.948599410460986, 467.686448782030027 ], [ 300.225168599793676, 469.930887787773827 ], [ 296.48443691958812, 466.938302445820398 ], [ 284.264713438785918, 469.432123565877987 ], [ 254.515076540209009, 471.140109180427828 ] ] ] } },
{ "type": "Feature", "properties": { "feature_type": "building", "subtype": "no-damage", "uid": "7873705b-bb02-4fed-9f87-ff0c22f3df91" }, "geometry": { "type": "Polygon", "coordinates": [ [ [ 224.067208783125096, 433.39775407669282 ], [ 212.756647413015997, 433.638641021797184 ], [ 208.948511986776509, 421.334100635037601 ], [ 219.235486607201011, 418.559743387845117 ], [ 224.067208783125096, 433.39775407669282 ] ] ] } },
{ "type": "Feature", "properties": { "feature_type": "building", "subtype": "no-damage", "uid": "16219461-cc9e-4fde-8c26-6655157f6b3d" }, "geometry": { "type": "Polygon", "coordinates": [ [ [ 276.805195521129178, 415.155631498311891 ], [ 242.80604616081871, 421.799143441049807 ], [ 240.461277239202389, 414.178644448559908 ], [ 239.288892777913389, 413.397054806257813 ], [ 237.921110907130895, 406.948940273854987 ], [ 249.058763286851814, 405.385760993097676 ], [ 249.254160693460307, 399.32844127944179 ], [ 261.954992349730787, 396.006685309515376 ], [ 263.518171633493012, 399.133043871030111 ], [ 271.494804300688884, 398.039837262652327 ], [ 276.805195521129178, 415.155631498311891 ] ] ] } },
{ "type": "Feature", "properties": { "feature_type": "building", "subtype": "no-damage", "uid": "edfff291-ebff-4cbd-9f71-0a81fc3ed8ef" }, "geometry": { "type": "Polygon", "coordinates": [ [ [ 271.494804300688884, 398.039837262652327 ], [ 266.54473044464612, 363.917726526555384 ], [ 251.581803731276409, 367.409076092328007 ], [ 246.594161498495311, 357.932555839763495 ], [ 281.008892934196808, 349.952328260579975 ], [ 278.764453928213072, 342.470864902330618 ], [ 290.984177410457789, 339.977043784196326 ], [ 292.979234305132877, 355.189352610200615 ], [ 297.218730207835392, 356.935027392125221 ], [ 305.198957785334073, 395.09049050996498 ], [ 308.440925241119714, 394.591726288069083 ], [ 314.426095926106882, 410.801563558826615 ], [ 291.482941632714073, 416.287970020837577 ], [ 284.74962461584488, 396.586783182384181 ], [ 271.494804300688884, 398.039837262652327 ] ] ] } },
{ "type": "Feature", "properties": { "feature_type": "building", "subtype": "no-damage", "uid": "55d926ad-54a7-4132-8693-aa0afb20abb4" }, "geometry": { "type": "Polygon", "coordinates": [ [ [ 329.439924765476519, 397.320861632830201 ], [ 326.696721530504817, 373.629561003823312 ], [ 367.34600577151781, 364.901187086506809 ], [ 368.094152108328217, 369.140682988489004 ], [ 367.844769995457114, 378.118439016272589 ], [ 362.60774564655901, 382.108552807787703 ], [ 357.121339184068518, 394.827040512772612 ], [ 329.439924765476519, 397.320861632830201 ] ] ] } },
{ "type": "Feature", "properties": { "feature_type": "building", "subtype": "no-damage", "uid": "9df1773d-9ad5-4867-97c2-a7b8cace463f" }, "geometry": { "type": "Polygon", "coordinates": [ [ [ 400.438316484055292, 356.071403081727397 ], [ 398.846907529218072, 342.067004259730709 ], [ 416.670687845922203, 339.202468136743505 ], [ 418.580378597424783, 350.978894418745995 ], [ 429.720241295950927, 349.069203671690673 ], [ 427.81055054444829, 339.202468136743505 ], [ 439.586976830895708, 336.337932013756415 ], [ 445.952612657457109, 358.617657412737174 ], [ 434.494468165270916, 362.755320700748484 ], [ 430.35680487569789, 355.116557706757192 ], [ 420.171787552021613, 356.389684872742976 ], [ 419.853505760765586, 361.4821935347627 ], [ 410.305052019601192, 363.07360249176412 ], [ 411.259897394691279, 354.798275915741613 ], [ 400.438316484055292, 356.071403081727397 ] ] ] } },
{ "type": "Feature", "properties": { "feature_type": "building", "subtype": "no-damage", "uid": "41017d95-98af-4267-a453-9ede1b777990" }, "geometry": { "type": "Polygon", "coordinates": [ [ [ 350.401541162669218, 362.435654387596173 ], [ 349.128413995721985, 350.340946314577991 ], [ 363.769376401789998, 349.067819148592321 ], [ 363.451094611495705, 342.702183321548489 ], [ 354.857486243377878, 343.657028695557017 ], [ 354.857486241815081, 335.063420326595576 ], [ 342.126214588572111, 336.336547491619626 ], [ 343.717623541485921, 346.203283026566908 ], [ 324.938997849210921, 347.476410190629281 ], [ 317.936798440738585, 320.740739713583196 ], [ 374.272675519126494, 309.282595221634722 ], [ 381.274874929041289, 336.336547492581303 ], [ 372.044702977690179, 340.792492571608193 ], [ 372.999548353381385, 357.024863934560926 ], [ 364.087658195089489, 357.024863934560926 ], [ 362.177967445630486, 367.209881258600319 ], [ 350.401541162669218, 362.435654387596173 ] ] ] } },
{ "type": "Feature", "properties": { "feature_type": "building", "subtype": "no-damage", "uid": "e25f6524-18d8-4d7c-9fcd-ed447bd9f25f" }, "geometry": { "type": "Polygon", "coordinates": [ [ [ 560.432126941895831, 67.26357825954743 ], [ 539.234647429465554, 70.505545714852943 ], [ 535.992679974641646, 60.280879126078887 ], [ 545.718582338512306, 56.041383224096691 ], [ 559.185216381987516, 56.789529561267983 ], [ 560.432126941895831, 67.26357825954743 ] ] ] } },
{ "type": "Feature", "properties": { "feature_type": "building", "subtype": "no-damage", "uid": "f4737ba8-f561-4071-8929-88af4325b40d" }, "geometry": { "type": "Polygon", "coordinates": [ [ [ 500.865961197542674, 110.035277225744096 ], [ 534.278918324684355, 103.391765280121206 ], [ 530.761764947308734, 86.196793190828785 ], [ 523.141265948088858, 87.564575061251048 ], [ 519.624112566025133, 72.128179664012748 ], [ 531.152559764973603, 70.369602971958642 ], [ 532.129546813042452, 73.300564122176567 ], [ 542.681006960916761, 73.49596153347332 ], [ 548.933724082862682, 82.875037218979031 ], [ 563.9793246629132, 78.77169160771227 ], [ 569.059657325974399, 114.724815066092702 ], [ 556.554223080279371, 118.241968448277603 ], [ 554.404851567074729, 109.253687583442002 ], [ 545.025775883975484, 111.207661683907901 ], [ 545.221173291305377, 115.701802117768196 ], [ 503.992319759537395, 125.080877802312202 ], [ 500.865961197542674, 110.035277225744096 ] ] ] } },
{ "type": "Feature", "properties": { "feature_type": "building", "subtype": "no-damage", "uid": "2765e22a-da18-4e13-9756-b9d6cd631a07" }, "geometry": { "type": "Polygon", "coordinates": [ [ [ 536.602129293815324, 145.342961332537897 ], [ 530.740206991818241, 121.504477301469393 ], [ 555.555678077320977, 114.470170536137999 ], [ 556.554223080279371, 118.241968448277603 ], [ 565.325548579407382, 116.033349816895296 ], [ 566.693330451271777, 118.573516148366394 ], [ 573.532239804823917, 120.527490248832294 ], [ 573.336842395450503, 128.929578883624202 ], [ 564.934753761982961, 134.009911547528105 ], [ 560.636010737497145, 132.446732265809089 ], [ 555.164883257612587, 134.0099115465664 ], [ 555.164883258694431, 141.435013130644592 ], [ 536.602129293815324, 145.342961332537897 ] ] ] } },
{ "type": "Feature", "properties": { "feature_type": "building", "subtype": "no-damage", "uid": "7a993978-7125-46ec-b4db-9702e722b057" }, "geometry": { "type": "Polygon", "coordinates": [ [ [ 538.502444978828294, 176.735136782088603 ], [ 536.008623857809653, 166.011705971418792 ], [ 552.717225353103458, 162.520356404684492 ], [ 549.974022125705005, 143.816698012907693 ], [ 558.702396037850349, 142.071023229059705 ], [ 558.702396037970516, 154.290746713110508 ], [ 564.93694883570879, 154.041364599758396 ], [ 560.44807082482339, 138.579673665210493 ], [ 573.166558526439303, 136.584616767048686 ], [ 581.89493244736002, 168.505527089552999 ], [ 538.502444978828294, 176.735136782088603 ] ] ] } },
{ "type": "Feature", "properties": { "feature_type": "building", "subtype": "no-damage", "uid": "92ace7c1-35ce-4137-945a-bd3d6de7c4b6" }, "geometry": { "type": "Polygon", "coordinates": [ [ [ 551.208310866206148, 207.001081058522914 ], [ 543.392414460137388, 177.691469542880299 ], [ 566.44930885406734, 171.438752417927589 ], [ 568.207885545039062, 178.082264362588802 ], [ 563.322950292192786, 180.622430694059886 ], [ 566.449308853105663, 193.323262350453689 ], [ 580.713319791335152, 189.219916740148591 ], [ 580.51792238292353, 199.966774295114902 ], [ 588.920011017833644, 199.380582066033014 ], [ 592.632561807828324, 216.57555415340201 ], [ 583.058088712350468, 221.460489406970794 ], [ 585.793652454636799, 231.230359911223303 ], [ 568.989475186499476, 235.724500345083612 ], [ 566.253911444333312, 229.862578040801111 ], [ 554.530066837213667, 231.621154732855189 ], [ 552.771490146001383, 224.5868479684855 ], [ 556.484040940083219, 223.023668687728104 ], [ 551.208310866206148, 207.001081058522914 ] ] ] } },
{ "type": "Feature", "properties": { "feature_type": "building", "subtype": "no-damage", "uid": "74ec310b-a565-4965-8757-d7cc9fcdb0f9" }, "geometry": { "type": "Polygon", "coordinates": [ [ [ 550.65650280662976, 242.532197996352011 ], [ 570.10007373530982, 238.092327468617697 ], [ 571.784162558105777, 244.216286816984592 ], [ 577.448824950920084, 244.216286816984592 ], [ 575.764736131249606, 236.102040680422505 ], [ 596.739296897261511, 231.50907117083031 ], [ 596.739296892933908, 249.421652261702093 ], [ 589.849842630711009, 254.167720756037312 ], [ 589.543644663268651, 265.037748595854396 ], [ 582.654190395516139, 265.956342498542199 ], [ 580.051507672917637, 256.311106527052118 ], [ 551.42199772385311, 262.741263841058299 ], [ 550.65650280662976, 242.532197996352011 ] ] ] } },
{ "type": "Feature", "properties": { "feature_type": "building", "subtype": "no-damage", "uid": "42d0fc9a-2336-4c93-a849-a901119de985" }, "geometry": { "type": "Polygon", "coordinates": [ [ [ 392.545482882695296, 293.146541183506315 ], [ 374.939099759630722, 278.755236717680987 ], [ 389.636602192534212, 255.177993231709507 ], [ 398.363244264339585, 260.077160707902692 ], [ 403.262411739930599, 259.617863757520524 ], [ 405.405797512748109, 251.656716605701291 ], [ 411.529756861954922, 252.575310507427389 ], [ 415.357231453120619, 256.249686118178602 ], [ 416.122726368781173, 245.685856243039098 ], [ 421.481190798360615, 243.083173519718713 ], [ 425.921061324410914, 245.07346030887561 ], [ 426.839655226377204, 250.738122704936899 ], [ 428.983041001839183, 250.125726768850001 ], [ 428.676843034276715, 244.461064373750389 ], [ 442.455751565334083, 242.776975553117808 ], [ 445.058434287451803, 248.594736932960387 ], [ 448.2735129421701, 253.034607459732996 ], [ 451.488591603259522, 263.90463530147349 ], [ 441.996454612668117, 267.885208875940577 ], [ 434.34150542829309, 270.794089567785193 ], [ 430.973327787028722, 266.201120056269588 ], [ 424.083873522041017, 264.823229202237883 ], [ 419.490904014012585, 268.650703794847118 ], [ 420.562596898077175, 276.152553995322307 ], [ 404.946500563207394, 279.520731636587527 ], [ 402.190718854904276, 272.018881437074015 ], [ 398.21014527803402, 276.305652979103627 ], [ 402.190718854904276, 279.367632652806208 ], [ 392.545482882695296, 293.146541183506315 ] ] ] } },
{ "type": "Feature", "properties": { "feature_type": "building", "subtype": "no-damage", "uid": "edda40c3-abc9-4b84-a1ec-8bbe3f6e4b30" }, "geometry": { "type": "Polygon", "coordinates": [ [ [ 460.143908158486113, 275.650343808730611 ], [ 452.718806574890607, 253.179641647122594 ], [ 463.661061538265926, 250.444077904354714 ], [ 478.315867297766601, 248.880898623597403 ], [ 478.120469888753917, 240.674207399140499 ], [ 469.52298384471078, 242.628181499606313 ], [ 465.615035641856707, 228.16877315115849 ], [ 456.235959956233103, 229.731952432877506 ], [ 454.868178085811223, 218.203505237532511 ], [ 473.821726864869106, 213.123172574590313 ], [ 475.971098377592909, 225.824004231945793 ], [ 504.303722840952105, 219.962081928624912 ], [ 515.658400606203941, 261.00665461067581 ], [ 500.423854012171887, 262.566096385225819 ], [ 502.343166967155923, 268.324035254867283 ], [ 514.578787064540165, 264.96523758187152 ], [ 518.703652514210376, 283.523513154887723 ], [ 497.209937401398008, 285.672884663765217 ], [ 491.152617690748798, 267.696322936017509 ], [ 460.143908158486113, 275.650343808730611 ] ] ] } },
{ "type": "Feature", "properties": { "feature_type": "building", "subtype": "no-damage", "uid": "6f51f2d9-ac46-4fc3-8c16-51262bb7acbf" }, "geometry": { "type": "Polygon", "coordinates": [ [ [ 592.632561807828324, 216.57555415340201 ], [ 593.28191573602669, 226.738579931728111 ], [ 584.917963206768604, 227.371527690262496 ], [ 583.058088712350468, 221.460489406970794 ], [ 592.632561807828324, 216.57555415340201 ] ] ] } },
{ "type": "Feature", "properties": { "feature_type": "building", "subtype": "no-damage", "uid": "03d811c8-2fb4-49ee-a492-b77338196ff4" }, "geometry": { "type": "Polygon", "coordinates": [ [ [ 141.616012547241496, 442.741275802693679 ], [ 133.525856673732392, 421.228815870874712 ], [ 177.837846796340386, 413.322527176290578 ], [ 181.515190374519705, 435.9381901831145 ], [ 141.616012547241496, 442.741275802693679 ] ] ] } },
{ "type": "Feature", "properties": { "feature_type": "building", "subtype": "no-damage", "uid": "db4f1c8e-cb9d-4966-8a99-a0b181be1c56" }, "geometry": { "type": "Polygon", "coordinates": [ [ [ 160.295950600870412, 404.241081170073187 ], [ 149.352947340202689, 406.690691822098074 ], [ 145.598286692571207, 386.509390846107578 ], [ 158.270266372692703, 383.693395362516981 ], [ 161.320928147743814, 393.784045849069798 ], [ 168.360916858281314, 391.202716655618076 ], [ 166.483586535847991, 379.000069553968217 ], [ 178.920899928114608, 376.653406649693807 ], [ 180.563563960409112, 390.733384073416914 ], [ 189.246216703842094, 389.32538633065991 ], [ 191.827545899456908, 400.749857608780417 ], [ 178.142724105547103, 403.829290178109488 ], [ 180.036155793066797, 412.589757511235916 ], [ 162.6713843006236, 414.904011985616023 ], [ 160.295950600870412, 404.241081170073187 ] ] ] } },
{ "type": "Feature", "properties": { "feature_type": "building", "subtype": "no-damage", "uid": "4578490c-8baf-4be6-8f93-c333bf82110d" }, "geometry": { "type": "Polygon", "coordinates": [ [ [ 162.587860078849587, 321.005602566754192 ], [ 205.980514304057806, 308.870368759012081 ], [ 209.106256344614593, 319.350797958093779 ], [ 193.477546137743388, 336.450445597587304 ], [ 194.029147673081809, 338.840718922917574 ], [ 180.790710790458405, 342.701929680625881 ], [ 179.319773362889094, 334.244039450462822 ], [ 169.02321134261669, 336.818179954960613 ], [ 162.587860078849587, 321.005602566754192 ] ] ] } },
{ "type": "Feature", "properties": { "feature_type": "building", "subtype": "no-damage", "uid": "cfc8de67-47da-4c98-bb18-6f06b8a6fa02" }, "geometry": { "type": "Polygon", "coordinates": [ [ [ 172.765014797784005, 318.315934697381977 ], [ 168.587137168666686, 317.019351984921911 ], [ 171.468432086646487, 311.400826897594584 ], [ 167.434619200994007, 307.22294926823588 ], [ 185.442712433529294, 284.316654679517114 ], [ 205.755841596120888, 298.579064518501809 ], [ 197.256021589613113, 311.112697406577979 ], [ 172.765014797784005, 318.315934697381977 ] ] ] } },
{ "type": "Feature", "properties": { "feature_type": "building", "subtype": "no-damage", "uid": "5fce1e0a-76b6-43d2-b5c4-b51cc1abb86d" }, "geometry": { "type": "Polygon", "coordinates": [ [ [ 236.165579094659392, 345.215077290006718 ], [ 231.201165266755908, 332.528241945723892 ], [ 221.272337605058794, 334.734648092848374 ], [ 205.980514304057806, 308.870368759012081 ], [ 237.2687821713468, 301.454688706813727 ], [ 243.704133433190606, 313.038320978976685 ], [ 250.507219049762909, 320.209140957852583 ], [ 254.368429806628797, 319.657539421311924 ], [ 256.023234417933509, 326.460625040891102 ], [ 263.1940543950044, 324.805820431269012 ], [ 269.445538478762728, 331.608906050848191 ], [ 265.0327261837935, 335.286249628427413 ], [ 267.055265151990511, 338.044257313054175 ], [ 257.861906206482217, 346.686014721423021 ], [ 253.632961090560201, 343.192538323011377 ], [ 250.323351870114692, 346.686014721423021 ], [ 236.165579094659392, 345.215077290006718 ] ] ] } },
{ "type": "Feature", "properties": { "feature_type": "building", "subtype": "no-damage", "uid": "0c5351b5-0e78-465c-9447-71ca47261883" }, "geometry": { "type": "Polygon", "coordinates": [ [ [ 247.97276210154169, 359.282156430078203 ], [ 238.043934439964801, 363.694968721442081 ], [ 236.389129828900593, 355.053211312111728 ], [ 222.966825767229892, 359.098289250910682 ], [ 215.428271434709188, 359.466023607322313 ], [ 208.073584273301805, 361.488562574317712 ], [ 208.992920173105801, 369.946452805442277 ], [ 199.247959685286787, 372.704460489107475 ], [ 192.077139708215896, 356.340281565322186 ], [ 183.251515122364708, 356.708015923657115 ], [ 181.59671051214201, 346.779188261116076 ], [ 180.790710790458405, 342.701929680625881 ], [ 194.029147673081809, 338.840718922917574 ], [ 195.20288175189819, 346.411453904704615 ], [ 199.431826868901993, 344.756649293159114 ], [ 197.5931550755449, 335.747157526455396 ], [ 214.141201177892611, 330.598876517459928 ], [ 220.208818087171693, 346.963055440283597 ], [ 233.998856503931506, 344.205047758541809 ], [ 240.985809300753203, 345.49211800886718 ], [ 247.97276210154169, 359.282156430078203 ] ] ] } },
{ "type": "Feature", "properties": { "feature_type": "building", "subtype": "no-damage", "uid": "cd252f24-bb72-4b56-874f-e1cdc6ebe086" }, "geometry": { "type": "Polygon", "coordinates": [ [ [ 180.33605368762511, 372.403293223423816 ], [ 180.768247921505406, 375.716782377809125 ], [ 153.828140451346798, 380.47091899112462 ], [ 150.514651299847287, 361.454372541709517 ], [ 178.895406228815489, 355.691782705988885 ], [ 180.33605368762511, 372.403293223423816 ] ] ] } },
{ "type": "Feature", "properties": { "feature_type": "building", "subtype": "no-damage", "uid": "c9e432de-0888-4d82-a569-41905a9a9ec2" }, "geometry": { "type": "Polygon", "coordinates": [ [ [ 165.990280447364597, 356.209689535256473 ], [ 164.405568239800999, 342.6676034257369 ], [ 179.964560792564413, 340.362567492794994 ], [ 182.269596723221696, 354.624977330818126 ], [ 165.990280447364597, 356.209689535256473 ] ] ] } },
{ "type": "Feature", "properties": { "feature_type": "building", "subtype": "no-damage", "uid": "fdd4c662-5118-4393-ac11-c133efc84578" }, "geometry": { "type": "Polygon", "coordinates": [ [ [ 261.449642142606422, 296.847758328618681 ], [ 256.407376039717974, 283.305672220060728 ], [ 246.6109733230345, 291.517362735193217 ], [ 239.119606539412388, 287.771679341397828 ], [ 237.102700099891905, 290.220780019848007 ], [ 237.102700097848412, 296.415564093055309 ], [ 217.221765169978511, 301.457830195464112 ], [ 215.781117712731714, 298.288405788510488 ], [ 202.239031604898287, 296.703693584072028 ], [ 195.6120532973313, 289.068262053857893 ], [ 204.976261776047409, 288.203873578884497 ], [ 203.679679061664302, 277.110888149738514 ], [ 205.552520761807187, 277.110888149738514 ], [ 202.959355336526897, 269.187327126584307 ], [ 213.187952288893911, 268.322938652572589 ], [ 210.88291635390911, 266.017902719630683 ], [ 218.806477379104791, 264.577255261662174 ], [ 219.670865849750498, 259.823118647385115 ], [ 232.060433992796192, 255.933370511928103 ], [ 231.051980771833797, 262.416284074228713 ], [ 235.085793653639712, 259.246859665351678 ], [ 234.941728912218508, 257.518082715404887 ], [ 253.814210613836707, 254.636787798506305 ], [ 255.398922818875889, 273.797398994391415 ], [ 258.712411971337076, 273.221140012357978 ], [ 264.763131298433393, 272.500816281931293 ], [ 263.898742823580392, 268.467003399042596 ], [ 271.246044860972916, 268.467003400004273 ], [ 271.966368591399487, 271.348298315941179 ], [ 277.728958424594282, 268.322938652572589 ], [ 283.923742495756528, 290.220780021771418 ], [ 287.957555380447388, 291.66142747877808 ], [ 295.304857415555887, 319.609988171829173 ], [ 270.669785876174899, 321.338765121776021 ], [ 261.449642142606422, 296.847758328618681 ] ] ] } },
{ "type": "Feature", "properties": { "feature_type": "building", "subtype": "no-damage", "uid": "c693fa6e-bff1-46e7-8b63-18c370f8a9ce" }, "geometry": { "type": "Polygon", "coordinates": [ [ [ 314.506735175682707, 295.311859132165921 ], [ 308.023821613023017, 263.329485558149486 ], [ 337.124900273499577, 260.592255386759177 ], [ 340.150259937348324, 287.964557096815213 ], [ 314.506735175682707, 295.311859132165921 ] ] ] } },
{ "type": "Feature", "properties": { "feature_type": "building", "subtype": "no-damage", "uid": "880602f1-f7d9-44ba-8ebe-de7652c10950" }, "geometry": { "type": "Polygon", "coordinates": [ [ [ 329.343697428465191, 251.674179456591503 ], [ 309.747027514200681, 242.182042467921008 ], [ 311.431116333871273, 236.517380070898014 ], [ 302.704474262907297, 234.220895317063594 ], [ 305.000959019506013, 225.341154261594994 ], [ 305.460255969287118, 224.881857311212713 ], [ 310.053225482123878, 214.011829470434009 ], [ 321.734771664132325, 196.955762366971896 ], [ 333.2632188574309, 203.403876903221288 ], [ 329.941462885581984, 216.300105968026912 ], [ 331.895436986528182, 228.805540216008893 ], [ 338.538948930226127, 215.713913738944996 ], [ 354.756933972887907, 226.656168705207989 ], [ 358.078689941250786, 233.299680647945905 ], [ 358.664882171654881, 236.621436620757294 ], [ 346.354845335453376, 242.874153741863296 ], [ 348.69961425502612, 247.368294175723605 ], [ 347.918024615008221, 253.425613889379491 ], [ 348.699614259594114, 256.747369861229288 ], [ 350.458190947440414, 255.965780221812309 ], [ 356.515510663258624, 261.046112883792773 ], [ 356.124715843069396, 266.908035187113683 ], [ 354.756933970002876, 271.597573029385728 ], [ 356.515510659652421, 278.827277204090478 ], [ 365.112996705979413, 278.631879793755388 ], [ 366.28538116895129, 289.574134759056676 ], [ 344.01007641503918, 290.551121810732184 ], [ 340.150259937348324, 287.964557096815213 ], [ 337.124900273499577, 260.592255386759177 ], [ 333.65401367629778, 260.264523242452526 ], [ 332.090834396141872, 251.471639787952 ], [ 329.343697428465191, 251.674179456591503 ] ] ] } },
{ "type": "Feature", "properties": { "feature_type": "building", "subtype": "no-damage", "uid": "7555feb4-8016-428e-b7b1-777c3ca91fac" }, "geometry": { "type": "Polygon", "coordinates": [ [ [ 370.836837409817917, 214.303006706945695 ], [ 362.043953955439804, 227.394633183048001 ], [ 341.136431072791083, 207.659494763246187 ], [ 352.664878269335304, 196.912637206356493 ], [ 370.836837409817917, 214.303006706945695 ] ] ] } },
{ "type": "Feature", "properties": { "feature_type": "building", "subtype": "no-damage", "uid": "14c1ed3b-f089-429d-89c7-b2777d8ea195" }, "geometry": { "type": "Polygon", "coordinates": [ [ [ 526.488330992588203, 215.568402481704311 ], [ 504.303722840952105, 219.962081928624912 ], [ 493.819274336767307, 178.909232034360286 ], [ 519.256249749856352, 173.422825574272707 ], [ 526.488330992588203, 215.568402481704311 ] ] ] } },
{ "type": "Feature", "properties": { "feature_type": "building", "subtype": "no-damage", "uid": "fdf696af-aace-4a92-87bf-30a92c747a9a" }, "geometry": { "type": "Polygon", "coordinates": [ [ [ 417.757730213256082, 238.760938886892006 ], [ 411.77255952886992, 237.514028328786509 ], [ 406.535535178048519, 242.501670565055008 ], [ 390.575080019685288, 232.526386090594713 ], [ 398.555307600069, 216.316548816952206 ], [ 384.091145107994009, 202.351150552900208 ], [ 389.078787347146317, 195.368451419431608 ], [ 383.093616661557974, 194.869687194650794 ], [ 367.631925728576505, 208.336321237768601 ], [ 351.671470565164498, 189.383280734563101 ], [ 371.871421625388678, 178.161085699112391 ], [ 383.841763001013021, 173.672207685701409 ], [ 372.61956796267998, 161.701866315964395 ], [ 376.110917532418682, 160.454955756897306 ], [ 394.814575919622882, 145.990793267102703 ], [ 402.046657164758926, 152.474728175790403 ], [ 412.271323752448609, 169.931476007538407 ], [ 402.545421389179012, 182.899345824913809 ], [ 407.782445736394095, 191.877101852697308 ], [ 409.278738408692675, 190.13142706981111 ], [ 417.508348102308275, 197.363508314708298 ], [ 406.53553517732729, 208.336321238730307 ], [ 411.024413195184877, 216.815313041732992 ], [ 421.249079779508691, 219.309134160828904 ], [ 433.967567485692712, 201.353622105261792 ], [ 417.757730213376419, 194.620305083222007 ], [ 422.246608229190372, 181.403053154417904 ], [ 430.974982143619684, 174.919118244768498 ], [ 409.777502633834104, 160.704337867364387 ], [ 425.488575682211092, 140.753768917482205 ], [ 439.952738173324519, 146.24017537853149 ], [ 440.451502393417115, 151.726581840542508 ], [ 442.945323514195309, 156.963606191124711 ], [ 434.715713820339374, 170.929004454215089 ], [ 443.942851964478109, 175.916646693368591 ], [ 443.942851963275928, 183.398110048732889 ], [ 446.187290967937315, 184.39563849733301 ], [ 441.199648728905174, 203.598061111967297 ], [ 454.868178085811223, 218.203505237532511 ], [ 440.202120285354226, 232.027621865813899 ], [ 434.466331709271287, 233.523914537271395 ], [ 426.735486241157673, 225.044922733307004 ], [ 417.757730213256082, 238.760938886892006 ] ] ] } },
{ "type": "Feature", "properties": { "feature_type": "building", "subtype": "no-damage", "uid": "8e379cbf-85dd-4690-a945-68661bbd6897" }, "geometry": { "type": "Polygon", "coordinates": [ [ [ 448.787689304694084, 193.899059195531407 ], [ 442.945323514195309, 156.963606191124711 ], [ 454.024713654313416, 153.000392847166893 ], [ 455.521006328054625, 137.538701911657313 ], [ 466.992583470483623, 133.049823896323005 ], [ 470.982697262839224, 135.04488079063799 ], [ 478.962924841660083, 134.296734458275097 ], [ 481.456745961356489, 144.521401044164207 ], [ 463.002469682094784, 154.24730340623401 ], [ 466.992583471805915, 160.98062042731209 ], [ 485.696241863097214, 154.24730340623401 ], [ 491.930794663239681, 189.908945405939591 ], [ 448.787689304694084, 193.899059195531407 ] ] ] } },
{ "type": "Feature", "properties": { "feature_type": "building", "subtype": "no-damage", "uid": "12ac664b-f478-4022-91d0-83cfdeda6d95" }, "geometry": { "type": "Polygon", "coordinates": [ [ [ 512.341970808593487, 167.836871516914812 ], [ 495.882751420641227, 170.829456857906592 ], [ 489.897580740342107, 141.4023676583449 ], [ 508.351857016478277, 138.659164426858609 ], [ 512.341970808593487, 167.836871516914812 ] ] ] } },
{ "type": "Feature", "properties": { "feature_type": "building", "subtype": "no-damage", "uid": "0c546e70-528e-44b8-b97f-7e5da6b0ac42" }, "geometry": { "type": "Polygon", "coordinates": [ [ [ 481.169206823989384, 124.444384049454399 ], [ 459.223580978595407, 127.686351502836601 ], [ 459.971727311318716, 109.232075224411901 ], [ 479.672914150007784, 99.755554972809179 ], [ 481.169206823989384, 124.444384049454399 ] ] ] } },
{ "type": "Feature", "properties": { "feature_type": "building", "subtype": "no-damage", "uid": "f4b0bbf5-724d-47a6-a652-1572314af216" }, "geometry": { "type": "Polygon", "coordinates": [ [ [ 0.531427655166223, 1022.976061123623026 ], [ 9.872524057707617, 1004.977906196304048 ], [ 23.769497738782931, 1000.096858979990998 ], [ 70.530518440195934, 1016.463216226439044 ], [ 64.467440216345281, 1022.976875148181989 ], [ 0.531427655166223, 1022.976061123623026 ] ] ] } },
{ "type": "Feature", "properties": { "feature_type": "building", "subtype": "no-damage", "uid": "73ddce52-5ef6-42fe-a206-ed502936ed68" }, "geometry": { "type": "Polygon", "coordinates": [ [ [ 134.906649207509105, 831.826926124241822 ], [ 130.143646376961101, 830.727771626659774 ], [ 113.289944061593005, 834.75800478734584 ], [ 110.725250231137295, 825.598383965506514 ], [ 108.160556401763401, 824.865614298528499 ], [ 105.229477738059103, 815.705993474765819 ], [ 138.570497535907407, 806.912757484492317 ], [ 139.303267199879997, 812.042145145645463 ], [ 142.600730696592393, 815.705993475727496 ], [ 146.630963862326297, 827.430308130066692 ], [ 134.906649207509105, 831.826926124241822 ] ] ] } },
{ "type": "Feature", "properties": { "feature_type": "building", "subtype": "no-damage", "uid": "b77eb86b-cc80-4b1d-a34b-6a2e947d1321" }, "geometry": { "type": "Polygon", "coordinates": [ [ [ 747.207983203054141, 537.840846617539682 ], [ 741.466541132328643, 527.79332299184432 ], [ 743.188973755253301, 518.894087780871473 ], [ 758.690867346909158, 509.133636258135482 ], [ 769.599607282441525, 512.865573602376912 ], [ 771.322039906207578, 518.894087780871473 ], [ 777.637626185015279, 526.645034576160356 ], [ 772.470328321290253, 533.821837168415527 ], [ 769.886679389968663, 528.65453930264573 ], [ 762.422804692351747, 539.850351342101703 ], [ 754.384785796750066, 537.553774514580255 ], [ 751.514064758742848, 539.276207136182961 ], [ 747.78212741089601, 538.702062928340979 ], [ 747.207983203054141, 537.840846617539682 ] ] ] } },
{ "type": "Feature", "properties": { "feature_type": "building", "subtype": "no-damage", "uid": "24697bc4-fa83-468e-b810-030b195a062f" }, "geometry": { "type": "Polygon", "coordinates": [ [ [ 848.39611712715157, 412.042591509138219 ], [ 844.37710767947101, 387.641462701817488 ], [ 844.090035576391529, 380.464660111485728 ], [ 843.80296347235037, 376.732722765320887 ], [ 847.534900817792959, 373.574929626036521 ], [ 853.276342891884269, 370.417136485790422 ], [ 860.740217582168384, 405.727005229607812 ], [ 848.396117126911236, 412.329663613059324 ], [ 848.39611712715157, 412.042591509138219 ] ] ] } },
{ "type": "Feature", "properties": { "feature_type": "building", "subtype": "no-damage", "uid": "baa29087-4749-4838-af0a-ccf30a44e90c" }, "geometry": { "type": "Polygon", "coordinates": [ [ [ 867.629948070380692, 344.867719265670587 ], [ 864.185082826815574, 338.839205089099494 ], [ 868.491164381061708, 325.059744117239518 ], [ 896.337158429297119, 305.538841071767479 ], [ 898.633735259101854, 321.61487887211058 ], [ 900.930312088786536, 326.782176736918814 ], [ 869.352380690540485, 345.441863473512683 ], [ 867.629948070380692, 344.867719265670587 ] ] ] } },
{ "type": "Feature", "properties": { "feature_type": "building", "subtype": "no-damage", "uid": "9b38ba74-78a3-4100-8e5e-b0304319de84" }, "geometry": { "type": "Polygon", "coordinates": [ [ [ 956.91105207799626, 455.75409682818821 ], [ 938.538437444245915, 455.75409682818821 ], [ 936.528932719684349, 438.529770612161087 ], [ 926.194336989830163, 436.520265885675713 ], [ 920.165822813741215, 432.214184332630623 ], [ 915.859741260817373, 427.333958571743381 ], [ 923.897760164232636, 421.592516499093279 ], [ 925.333120678187584, 424.750309639339378 ], [ 927.629697506309412, 427.333958571743381 ], [ 931.074562752759675, 425.037381742298692 ], [ 928.203841714391729, 421.018372292212916 ], [ 933.084067476359564, 414.128641805801976 ], [ 946.002312137294894, 411.544992873397973 ], [ 948.011816865703167, 414.128641805801976 ], [ 952.892042626949774, 411.832064977319021 ], [ 955.475691556948959, 416.999362843088818 ], [ 953.179114729067578, 423.027877018698291 ], [ 956.91105207799626, 455.75409682818821 ] ] ] } },
{ "type": "Feature", "properties": { "feature_type": "building", "subtype": "no-damage", "uid": "da74d427-96ce-4f81-bf48-6ea060e65366" }, "geometry": { "type": "Polygon", "coordinates": [ [ [ 565.074703375399849, 578.602650647844371 ], [ 558.060550269334385, 571.588497543460107 ], [ 575.362127930080987, 564.106734229039603 ], [ 581.441060620281291, 575.329379199708683 ], [ 568.347974822693232, 581.875922098864976 ], [ 565.074703375399849, 578.602650647844371 ] ] ] } }
]
}
