{
"type": "FeatureCollection",
"name": "mexico-earthquake_00000167_post_disaster",
"features": [
{ "type": "Feature", "properties": { "feature_type": "building", "subtype": "no-damage", "uid": "5f766736-5508-4c08-ad74-145016b50d5f" }, "geometry": { "type": "Polygon", "coordinates": [ [ [ 53.275267839927153, 56.349202134357952 ], [ 52.203574953648513, 53.134123477326767 ], [ 50.366387151175992, 51.143836690053057 ], [ 53.428366826893352, 31.087869828425951 ], [ 84.625862328495785, 33.288071454498493 ], [ 84.11451963410596, 52.403325725731747 ], [ 80.067589984388064, 58.798785872910948 ], [ 65.870496520064648, 55.956501815615667 ], [ 64.623585958984535, 50.220713244917597 ], [ 59.635943721517719, 50.719477466992792 ], [ 59.635943723922509, 56.455266039614671 ], [ 53.275267839927153, 56.349202134357952 ] ] ] } },
{ "type": "Feature", "properties": { "feature_type": "building", "subtype": "no-damage", "uid": "2cac4637-aade-473e-9236-bde889d69422" }, "geometry": { "type": "Polygon", "coordinates": [ [ [ 96.625730140781641, 60.066099636270323 ], [ 99.744613697451157, 36.674472978391272 ], [ 157.475926628024098, 45.911166580870983 ], [ 159.422496547646205, 57.107463906386677 ], [ 168.419276032031689, 58.067120385028609 ], [ 168.299318969556111, 63.345231014192507 ], [ 168.539233091621497, 79.059605845821878 ], [ 159.302539486853988, 77.380207008919939 ], [ 152.345030019222492, 76.300593470568018 ], [ 152.922369457103599, 68.962166473988546 ], [ 138.689068731800688, 68.519116518361869 ], [ 138.730658122694308, 62.465240828546527 ], [ 132.013062772919795, 61.505584352790343 ], [ 131.533234538408294, 67.503437340214262 ], [ 116.240324747743998, 67.135645508409382 ], [ 118.218000900493294, 58.146786678024547 ], [ 111.500405552281904, 57.547001379474537 ], [ 111.0205773142834, 61.625541412500347 ], [ 96.625730140781641, 60.066099636270323 ] ] ] } },
{ "type": "Feature", "properties": { "feature_type": "building", "subtype": "no-damage", "uid": "902303e2-62b7-4c6c-bf4f-1f9fa0366735" }, "geometry": { "type": "Polygon", "coordinates": [ [ [ 147.395959186759711, 0.00177353552921 ], [ 147.020130344900195, 5.163314932067098 ], [ 165.630050391794498, 7.231083826873802 ], [ 162.434407555195492, 33.454152982294218 ], [ 105.476773475366599, 23.96121396929335 ], [ 106.698636910704195, 17.28795981101069 ], [ 109.330131948207693, 0.001384961531976 ], [ 147.395959186759711, 0.00177353552921 ] ] ] } },
{ "type": "Feature", "properties": { "feature_type": "building", "subtype": "no-damage", "uid": "847ddcc5-a04b-480e-aa87-35489c5a8250" }, "geometry": { "type": "Polygon", "coordinates": [ [ [ 91.554597849620407, 0.00119028640088 ], [ 90.597290476432192, 20.869821514196719 ], [ 66.147738497726721, 17.85044913168846 ], [ 65.779522352714721, 7.834970008142803 ], [ 66.810408430670336, 0.000905274998524 ], [ 91.554597849620407, 0.00119028640088 ] ] ] } },
{ "type": "Feature", "properties": { "feature_type": "building", "subtype": "no-damage", "uid": "0c720fe2-3b62-4dee-82f4-452331f0a033" }, "geometry": { "type": "Polygon", "coordinates": [ [ [ 51.167236403259999, 67.641451590627483 ], [ 75.878390715072058, 71.36012044452329 ], [ 70.840194203763261, 92.232648844644643 ], [ 72.279678921606433, 98.470415951488562 ], [ 53.326463478762228, 97.750673594190474 ], [ 49.008009323669633, 88.394022931038847 ], [ 51.167236403259999, 67.641451590627483 ] ] ] } },
{ "type": "Feature", "properties": { "feature_type": "building", "subtype": "no-damage", "uid": "2c13d6b0-1c3d-4d55-a638-f7e57c190359" }, "geometry": { "type": "Polygon", "coordinates": [ [ [ 86.890276708685377, 101.353383568451903 ], [ 87.502672639476188, 89.25856385784347 ], [ 92.248741137553523, 74.561061423639728 ], [ 110.467520194430605, 80.225723820185806 ], [ 111.6923120623849, 74.86725939180053 ], [ 119.806558196043994, 77.623041096590498 ], [ 121.184449053850301, 75.020358375880932 ], [ 116.132182587972693, 73.030071587645295 ], [ 116.240324746782093, 68.263519451643347 ], [ 125.108841570000493, 68.646382116489747 ], [ 124.246428726681899, 75.632754310278699 ], [ 129.1455962018658, 76.092051259634147 ], [ 129.604893151221404, 82.216010607459523 ], [ 146.451343323097689, 86.207877638586012 ], [ 150.431916898488197, 78.093631502525014 ], [ 156.555876246796686, 79.165324388202066 ], [ 162.526736609461608, 80.696314226120322 ], [ 163.139132543498903, 85.136184753870864 ], [ 160.990184810641097, 101.353383567489999 ], [ 147.829234176575312, 100.1398851543116 ], [ 145.374088471227992, 106.864946980917594 ], [ 143.996197617990788, 112.529609375539806 ], [ 86.890276708685377, 101.353383568451903 ] ] ] } },
{ "type": "Feature", "properties": { "feature_type": "building", "subtype": "no-damage", "uid": "503f40ae-f1e0-41a0-a81c-02ed1483c38e" }, "geometry": { "type": "Polygon", "coordinates": [ [ [ 177.887026066010691, 36.691917361297193 ], [ 184.004836118798011, 2.504155324708416 ], [ 224.022239866228404, 10.45224491134231 ], [ 223.143011204200292, 17.726289840029729 ], [ 224.988754332662694, 15.85012609270067 ], [ 238.951375529621799, 17.21796272241496 ], [ 236.902224749453296, 40.468727381204843 ], [ 236.066200055562092, 47.368095681258843 ], [ 177.887026066010691, 36.691917361297193 ] ] ] } },
{ "type": "Feature", "properties": { "feature_type": "building", "subtype": "no-damage", "uid": "f915adab-7c9c-4801-9671-94cdee70cd3f" }, "geometry": { "type": "Polygon", "coordinates": [ [ [ 251.290568453781788, 48.348512259974306 ], [ 255.009237306596788, 22.197873230689051 ], [ 272.283053913139611, 23.757315006919072 ], [ 273.482624510480491, 15.000449644241289 ], [ 296.994208227837419, 18.479204378717078 ], [ 296.034551749074922, 29.755167995304902 ], [ 297.354079406606786, 29.63521093655681 ], [ 311.269098340546975, 32.154309191428773 ], [ 318.559627727899112, 33.080312742118259 ], [ 320.804066735534718, 37.319808643705038 ], [ 321.302830960135111, 44.053125665286863 ], [ 314.070749713950477, 44.801271999842513 ], [ 310.681907875033119, 53.999088903709307 ], [ 306.95064418834022, 56.865463505155923 ], [ 251.290568453781788, 48.348512259974306 ] ] ] } },
{ "type": "Feature", "properties": { "feature_type": "building", "subtype": "no-damage", "uid": "d08fe042-1d30-4f9a-be11-6465f7e88184" }, "geometry": { "type": "Polygon", "coordinates": [ [ [ 169.9960700979602, 74.186010699745296 ], [ 172.63512541326449, 50.074641684568142 ], [ 229.614728809082209, 58.591592927825928 ], [ 225.296274653268199, 85.701888438638861 ], [ 211.50121277855709, 83.06283312309499 ], [ 212.1009980808347, 77.06498013470916 ], [ 205.143488610558109, 76.225280715777231 ], [ 204.063875073528408, 79.464121330833024 ], [ 190.86859849712701, 78.504464851229187 ], [ 190.988555556957294, 72.386654803133354 ], [ 185.710444929715408, 72.026783624003343 ], [ 185.590487871207699, 76.225280715777231 ], [ 169.9960700979602, 74.186010699745296 ] ] ] } },
{ "type": "Feature", "properties": { "feature_type": "building", "subtype": "no-damage", "uid": "48ae408c-d519-4e8a-9255-2f7c5788f1ce" }, "geometry": { "type": "Polygon", "coordinates": [ [ [ 39.15016823049249, 130.575063552854289 ], [ 45.447464409422807, 106.325773794967105 ], [ 64.339352942005391, 110.367322087307002 ], [ 58.981951714648147, 134.80459083685551 ], [ 39.15016823049249, 130.575063552854289 ] ] ] } },
{ "type": "Feature", "properties": { "feature_type": "building", "subtype": "no-damage", "uid": "806c7087-306d-43f5-ad75-76adff3a264b" }, "geometry": { "type": "Polygon", "coordinates": [ [ [ 159.6387220794266, 114.884717345019595 ], [ 164.231691591379388, 87.479999264847748 ], [ 180.093818901561889, 89.143533660433718 ], [ 189.23697724573799, 90.046561646052794 ], [ 201.587843608293809, 92.532265726034154 ], [ 196.535577147225808, 116.415707181014 ], [ 182.756668617740104, 121.161775674039603 ], [ 159.6387220794266, 114.884717345019595 ] ] ] } },
{ "type": "Feature", "properties": { "feature_type": "building", "subtype": "no-damage", "uid": "f1079596-d5e2-45a9-b3dc-ba5c2c9f92da" }, "geometry": { "type": "Polygon", "coordinates": [ [ [ 0.000000003246461, 44.42061490381716 ], [ 0.0, 0.279981100586121 ], [ 36.60748531514048, 10.005883465200069 ], [ 30.123550403872521, 49.158875030364868 ], [ 0.000000003246461, 44.42061490381716 ] ] ] } },
{ "type": "Feature", "properties": { "feature_type": "building", "subtype": "no-damage", "uid": "c4b0504d-7857-402a-8442-2455954fcb20" }, "geometry": { "type": "Polygon", "coordinates": [ [ [ 76.89126037703609, 132.433520161689586 ], [ 81.790427854865257, 113.296147201659096 ], [ 110.266838819281304, 118.195314680688995 ], [ 107.204859147050897, 139.169875443912701 ], [ 98.47821707779147, 139.629172394230096 ], [ 99.243711996991351, 135.954796787843492 ], [ 92.201158745402523, 134.423806951849002 ], [ 91.894960782892866, 140.394667311746389 ], [ 76.125765461924345, 137.179588655677094 ], [ 76.89126037703609, 132.433520161689586 ] ] ] } },
{ "type": "Feature", "properties": { "feature_type": "building", "subtype": "no-damage", "uid": "870b7c21-0c7c-413d-9d77-ae21edf97e7a" }, "geometry": { "type": "Polygon", "coordinates": [ [ [ 77.044359362920133, 141.466360201271101 ], [ 98.784415043908311, 143.609745972625205 ], [ 99.703008945264813, 154.020476861235011 ], [ 101.846394719505398, 153.867377878116514 ], [ 100.927800815263197, 142.2318551168635 ], [ 118.381084954263102, 137.638885606956393 ], [ 122.514757516018605, 176.219829495178089 ], [ 128.9449148334499, 174.84193864230221 ], [ 132.006894505079089, 186.324362418512806 ], [ 122.974054468380203, 186.477461400669398 ], [ 123.127153451138, 182.956184775477396 ], [ 120.524470727060802, 183.721679694917498 ], [ 120.218272763829702, 185.252669531873806 ], [ 109.042046951567499, 189.386342090501614 ], [ 107.204859147171206, 177.4446213649355 ], [ 109.195145935046796, 176.679126445495513 ], [ 106.898661179491199, 156.163862633550991 ], [ 91.741861794002844, 158.307248404905096 ], [ 74.371292324733759, 156.009342063046091 ], [ 77.044359362920133, 141.466360201271101 ] ] ] } },
{ "type": "Feature", "properties": { "feature_type": "building", "subtype": "no-damage", "uid": "03d1cd36-0c5b-4c9c-b965-e2584a13f520" }, "geometry": { "type": "Polygon", "coordinates": [ [ [ 62.249591251478762, 153.976548074451699 ], [ 78.01878657112465, 158.569517582434997 ], [ 76.028499779160896, 164.387278963061505 ], [ 72.047926207137095, 163.927982011782206 ], [ 70.210738400576432, 169.439545423285892 ], [ 72.507223155651033, 171.123634244322687 ], [ 71.588629255496926, 177.859989526545803 ], [ 70.057639416616212, 176.328999690551399 ], [ 67.914253644419659, 178.0130885096643 ], [ 66.077065839903071, 181.9936620861356 ], [ 55.513235965044863, 180.156474281018404 ], [ 57.656621741089069, 174.338712901353887 ], [ 66.230164827710936, 176.94139562398729 ], [ 68.679748562777874, 175.104207819832112 ], [ 68.832847546978556, 173.113921033520313 ], [ 57.19732478788579, 170.970535261204191 ], [ 62.249591251478762, 153.976548074451699 ] ] ] } },
{ "type": "Feature", "properties": { "feature_type": "building", "subtype": "no-damage", "uid": "3370d7f8-fcd2-4ebd-97b6-f125f11ea0a8" }, "geometry": { "type": "Polygon", "coordinates": [ [ [ 141.4948173831487, 137.427276277947811 ], [ 152.397598827360213, 135.641475869190089 ], [ 151.739672358229001, 128.216305748110187 ], [ 156.063189139384889, 127.370400290925204 ], [ 156.345157623029195, 146.168299330075314 ], [ 141.400827888640691, 146.638246805861712 ], [ 141.4948173831487, 137.427276277947811 ] ] ] } },
{ "type": "Feature", "properties": { "feature_type": "building", "subtype": "no-damage", "uid": "2edcb71e-fcd2-4acb-922a-d9847c50138d" }, "geometry": { "type": "Polygon", "coordinates": [ [ [ 139.709016974991613, 146.54425730955009 ], [ 149.107966493006813, 146.826225794637111 ], [ 149.013977003067907, 153.499479952919813 ], [ 140.178964450778096, 153.687458943619106 ], [ 139.709016974991613, 146.54425730955009 ] ] ] } },
{ "type": "Feature", "properties": { "feature_type": "building", "subtype": "no-damage", "uid": "f021b8fb-3e7a-4f35-8ba4-6a4535086259" }, "geometry": { "type": "Polygon", "coordinates": [ [ [ 250.468356215733991, 90.412126593012502 ], [ 263.755380103631126, 82.010037957620327 ], [ 273.134455789021615, 97.64183076619824 ], [ 259.4566370809099, 105.262329760440096 ], [ 250.468356215733991, 90.412126593012502 ] ] ] } },
{ "type": "Feature", "properties": { "feature_type": "building", "subtype": "no-damage", "uid": "497e87f7-b276-481b-8409-df5709516ebe" }, "geometry": { "type": "Polygon", "coordinates": [ [ [ 250.468466962507108, 131.679644933074513 ], [ 258.870555600066609, 125.817722629737503 ], [ 269.226618337737079, 140.667925797165111 ], [ 260.238337469675287, 146.139053280407808 ], [ 250.468466962507108, 131.679644933074513 ] ] ] } },
{ "type": "Feature", "properties": { "feature_type": "building", "subtype": "no-damage", "uid": "16888e10-38fe-42fc-9159-a562b75faa2a" }, "geometry": { "type": "Polygon", "coordinates": [ [ [ 261.606119340726991, 123.863748528304498 ], [ 268.054233873846783, 118.783415864194097 ], [ 278.605694019520399, 130.898055291924095 ], [ 271.180592434962307, 138.127759466071808 ], [ 261.606119340726991, 123.863748528304498 ] ] ] } },
{ "type": "Feature", "properties": { "feature_type": "building", "subtype": "no-damage", "uid": "da41a894-6230-4921-a599-bdc55888670e" }, "geometry": { "type": "Polygon", "coordinates": [ [ [ 231.078369446750287, 96.46541443671039 ], [ 239.498813547608393, 93.556533747840021 ], [ 245.62277289627761, 107.182343294442902 ], [ 237.0492298074914, 110.703619919634804 ], [ 231.078369446750287, 96.46541443671039 ] ] ] } },
{ "type": "Feature", "properties": { "feature_type": "building", "subtype": "no-damage", "uid": "12c26d8f-6308-45ee-b23a-27bd4da35612" }, "geometry": { "type": "Polygon", "coordinates": [ [ [ 242.407694240567906, 94.934424599754038 ], [ 248.072356635192193, 91.1069500083251 ], [ 255.421107849050202, 103.967264638373607 ], [ 247.4599606979084, 107.641640246684105 ], [ 242.407694240567906, 94.934424599754038 ] ] ] } },
{ "type": "Feature", "properties": { "feature_type": "building", "subtype": "no-damage", "uid": "2fb253ba-05e8-4c01-919f-3953d0460335" }, "geometry": { "type": "Polygon", "coordinates": [ [ [ 286.194003568420726, 83.605099807623787 ], [ 297.676427346078185, 85.901584563058307 ], [ 295.533041575805498, 108.407135164200298 ], [ 295.226843606321893, 114.6841934951442 ], [ 281.447935076355293, 114.531094511063799 ], [ 282.366528977471319, 106.723046343163603 ], [ 286.194003568420726, 83.605099807623787 ] ] ] } },
{ "type": "Feature", "properties": { "feature_type": "building", "subtype": "no-damage", "uid": "6be7f569-a685-44ee-ac39-7f90a37f6e57" }, "geometry": { "type": "Polygon", "coordinates": [ [ [ 277.406123421698624, 131.737754710855995 ], [ 300.297919584366298, 138.799280918542593 ], [ 322.303185541870391, 144.272640792628806 ], [ 314.065570677482015, 171.405694659573186 ], [ 274.914385809953274, 159.859916892314686 ], [ 277.406123421698624, 131.737754710855995 ] ] ] } },
{ "type": "Feature", "properties": { "feature_type": "building", "subtype": "no-damage", "uid": "15cbe703-be20-4baa-a444-08d167eaaa51" }, "geometry": { "type": "Polygon", "coordinates": [ [ [ 33.202438291143757, 130.761292843302414 ], [ 50.043326496106367, 134.741866419773686 ], [ 49.124732593908178, 141.631320687039107 ], [ 55.707988890971102, 144.234003408710606 ], [ 51.421217348381603, 154.95093226644309 ], [ 27.384676912439051, 149.133170885816611 ], [ 33.202438291143757, 130.761292843302414 ] ] ] } },
{ "type": "Feature", "properties": { "feature_type": "building", "subtype": "no-damage", "uid": "ae907c89-5d83-4e27-b1e8-711a2eb2319f" }, "geometry": { "type": "Polygon", "coordinates": [ [ [ 26.860970111495, 161.280093347394995 ], [ 35.128315229715497, 163.882776070028399 ], [ 37.884096934867159, 161.433192329551588 ], [ 38.649591854547992, 153.01274822725361 ], [ 49.825817661880357, 156.227826886208589 ], [ 48.141728843969247, 173.374913058965291 ], [ 24.56448535738231, 168.628844564977811 ], [ 26.860970111495, 161.280093347394995 ] ] ] } },
{ "type": "Feature", "properties": { "feature_type": "building", "subtype": "no-damage", "uid": "d22cb2d7-3bbd-47af-9b13-be866bf516d7" }, "geometry": { "type": "Polygon", "coordinates": [ [ [ 22.043615748481979, 177.607699352391791 ], [ 24.202842824224689, 170.050404584890202 ], [ 35.958634680618587, 172.089674600922194 ], [ 36.918291161545397, 177.127871112589901 ], [ 47.594469479106017, 180.486668784469998 ], [ 42.916144148851203, 197.640528332619311 ], [ 30.20069581044833, 193.681945361227406 ], [ 33.439536426106457, 182.765852921845692 ], [ 22.283529867180629, 179.167141127659903 ], [ 22.043615748481979, 177.607699352391791 ] ] ] } },
{ "type": "Feature", "properties": { "feature_type": "building", "subtype": "no-damage", "uid": "2838685c-3879-45ff-84aa-6015d7b9c551" }, "geometry": { "type": "Polygon", "coordinates": [ [ [ 68.297226587587019, 188.097148415329713 ], [ 84.985015811835879, 191.771524022678193 ], [ 82.382333087758681, 206.928323407199287 ], [ 66.306939799470925, 202.488452880410705 ], [ 68.297226587587019, 188.097148415329713 ] ] ] } },
{ "type": "Feature", "properties": { "feature_type": "building", "subtype": "no-damage", "uid": "15a6be7b-f275-4eff-9826-00533a6b5e94" }, "geometry": { "type": "Polygon", "coordinates": [ [ [ 344.81071394276529, 685.986246644467997 ], [ 322.366323871459201, 708.929400937841365 ], [ 279.971364850165685, 674.015905275225236 ], [ 303.662665478584017, 649.077694086817814 ], [ 333.588518906150284, 676.509726394258337 ], [ 344.81071394276529, 685.986246644467997 ] ] ] } },
{ "type": "Feature", "properties": { "feature_type": "building", "subtype": "no-damage", "uid": "4d35e70a-ce7a-4a9a-8eaf-95c01194cba0" }, "geometry": { "type": "Polygon", "coordinates": [ [ [ 303.662665478584017, 649.077694086817814 ], [ 324.610762878974583, 623.391336562892775 ], [ 357.279819536853211, 654.564100547921157 ], [ 361.768697547675515, 658.554214337989379 ], [ 341.069982262170186, 682.744279191841201 ], [ 303.662665478584017, 649.077694086817814 ] ] ] } },
{ "type": "Feature", "properties": { "feature_type": "building", "subtype": "no-damage", "uid": "8ab275ee-4431-4b44-8efb-0f5b8a4a67eb" }, "geometry": { "type": "Polygon", "coordinates": [ [ [ 581.871080191376564, 569.394461375419951 ], [ 580.834185194042675, 557.98861637673474 ], [ 587.055555190070322, 539.324506384570327 ], [ 653.416835168539819, 556.433273879712374 ], [ 653.935282668228865, 545.027428881989067 ], [ 699.04021515512045, 554.359483880476091 ], [ 696.447977654390797, 567.839118875511758 ], [ 759.180125138764765, 581.318753869585521 ], [ 751.921860136866144, 609.314918861198862 ], [ 680.894552662277647, 589.095466369126257 ], [ 670.007155164960864, 634.200398852995932 ], [ 641.492542677255756, 629.015923855867186 ], [ 642.010990172135166, 625.386791354799016 ], [ 652.379940168680832, 583.910991369111798 ], [ 581.871080191376564, 569.394461375419951 ] ] ] } },
{ "type": "Feature", "properties": { "feature_type": "building", "subtype": "no-damage", "uid": "bc6f94a4-211f-4415-92f2-bbad40b9d889" }, "geometry": { "type": "Polygon", "coordinates": [ [ [ 604.118448580857603, 618.053001697738637 ], [ 655.30181351868373, 632.67682025325314 ], [ 649.614772969421779, 656.643633994020547 ], [ 597.212756485101977, 643.238466987043353 ], [ 604.118448580857603, 618.053001697738637 ] ] ] } },
{ "type": "Feature", "properties": { "feature_type": "building", "subtype": "no-damage", "uid": "a656ac3c-9e8f-411c-8192-a8d4877abe8c" }, "geometry": { "type": "Polygon", "coordinates": [ [ [ 661.801288430390969, 634.707906162672543 ], [ 732.889295293760028, 652.175244990412239 ], [ 725.577386016841842, 676.548275915949148 ], [ 656.114247883413668, 658.268502722517951 ], [ 661.801288430390969, 634.707906162672543 ] ] ] } },
{ "type": "Feature", "properties": { "feature_type": "building", "subtype": "no-damage", "uid": "b14e725f-bc46-4e9d-9309-594590ac7513" }, "geometry": { "type": "Polygon", "coordinates": [ [ [ 517.646223448634146, 595.383541964078518 ], [ 525.266722442758464, 574.671416492352023 ], [ 546.369642737953313, 581.119531026311279 ], [ 573.529882741243796, 590.303209300930007 ], [ 567.081768206079914, 617.463449306615644 ], [ 549.105206480537504, 614.532488155428155 ], [ 548.323616836621454, 610.624539952562259 ], [ 537.992036253021752, 614.272308317634952 ], [ 535.441051320786869, 608.638358852770125 ], [ 538.30728436846789, 604.368869228503854 ], [ 528.588478417408055, 603.39483578033844 ], [ 530.347055108313612, 598.509900524832119 ], [ 517.646223448634146, 595.383541964078518 ] ] ] } },
{ "type": "Feature", "properties": { "feature_type": "building", "subtype": "no-damage", "uid": "af239b1d-366a-4aea-af6b-df0e8054d3c6" }, "geometry": { "type": "Polygon", "coordinates": [ [ [ 549.508254655362975, 619.077612323650442 ], [ 564.471181366921655, 624.813400898196164 ], [ 561.478596026533751, 640.025709721027738 ], [ 574.695847955538284, 675.687351722047083 ], [ 582.426693425962526, 681.672522406187568 ], [ 577.0328340025236, 706.739309651095368 ], [ 557.737864346299375, 695.139156448389258 ], [ 547.51319776285311, 644.51458773605691 ], [ 543.273701859100584, 636.783742267438925 ], [ 549.508254655362975, 619.077612323650442 ] ] ] } },
{ "type": "Feature", "properties": { "feature_type": "building", "subtype": "no-damage", "uid": "2d08fca6-2b52-446a-876f-f08d9dd06e46" }, "geometry": { "type": "Polygon", "coordinates": [ [ [ 589.449857271654196, 648.340645395765364 ], [ 607.610160129762448, 655.357092518013133 ], [ 599.079599307793387, 691.104204540146043 ], [ 614.922069409085339, 697.197462271289851 ], [ 608.828811676376404, 715.477235461835335 ], [ 577.0328340025236, 706.739309651095368 ], [ 589.449857271654196, 648.340645395765364 ] ] ] } },
{ "type": "Feature", "properties": { "feature_type": "building", "subtype": "no-damage", "uid": "247079ba-4aa9-4946-a07e-9ce4565f854e" }, "geometry": { "type": "Polygon", "coordinates": [ [ [ 644.285313029095505, 707.965800417592504 ], [ 664.647477862137066, 712.711868910618136 ], [ 661.432399201978569, 727.562470328902236 ], [ 639.998541485664305, 723.888094721553784 ], [ 644.285313029095505, 707.965800417592504 ] ] ] } },
{ "type": "Feature", "properties": { "feature_type": "building", "subtype": "no-damage", "uid": "8effe7fd-693a-413d-b565-570ec7dfce37" }, "geometry": { "type": "Polygon", "coordinates": [ [ [ 679.180157173042744, 715.718196867530992 ], [ 679.37555458104589, 710.833261613948594 ], [ 683.478900193599543, 691.879712832165183 ], [ 706.144999766406272, 697.9370325469921 ], [ 701.260064514745977, 720.603132120151486 ], [ 679.180157173042744, 715.718196867530992 ] ] ] } },
{ "type": "Feature", "properties": { "feature_type": "building", "subtype": "no-damage", "uid": "b4fed997-65b3-453d-a7d5-6a0b654b2f24" }, "geometry": { "type": "Polygon", "coordinates": [ [ [ 708.489768689136667, 692.856699884805494 ], [ 731.742060490762356, 699.109417007274715 ], [ 723.730766677625752, 732.326976724901556 ], [ 709.271358328123029, 730.568400034958586 ], [ 710.443742789488169, 719.821542479001209 ], [ 701.846256747412554, 718.062965789058126 ], [ 706.144999766887281, 701.454185929763753 ], [ 708.489768689136667, 692.856699884805494 ] ] ] } },
{ "type": "Feature", "properties": { "feature_type": "building", "subtype": "no-damage", "uid": "a4406ab3-ec4b-4d2c-8130-c264f73609c2" }, "geometry": { "type": "Polygon", "coordinates": [ [ [ 734.362302182917915, 686.95548246738656 ], [ 748.753606649687413, 690.936056043857775 ], [ 744.926132060180976, 708.389340183813374 ], [ 750.437695472287828, 709.461033069490441 ], [ 752.274883275000889, 703.796370672944363 ], [ 767.880870628741491, 706.969150902565957 ], [ 759.597430787969074, 748.80747187522843 ], [ 722.114383493395053, 742.530413543322652 ], [ 734.362302182917915, 686.95548246738656 ] ] ] } },
{ "type": "Feature", "properties": { "feature_type": "building", "subtype": "no-damage", "uid": "62ed3f78-e6ad-473d-95e8-75a44bece4e4" }, "geometry": { "type": "Polygon", "coordinates": [ [ [ 184.265958574070396, 434.235860299337389 ], [ 232.017899003458297, 426.366121785850623 ], [ 235.878587741599091, 446.796518975993592 ], [ 187.904675222856611, 454.64817049866781 ], [ 184.265958574070396, 434.235860299337389 ] ] ] } },
{ "type": "Feature", "properties": { "feature_type": "building", "subtype": "no-damage", "uid": "40968fb1-0fa5-4a4b-a028-90ee8d55339e" }, "geometry": { "type": "Polygon", "coordinates": [ [ [ 187.997222261605003, 459.515006681715874 ], [ 230.6415633934553, 464.003884695783086 ], [ 226.152685379867393, 484.453217869161392 ], [ 185.752783255893206, 478.717429295577574 ], [ 187.997222261605003, 459.515006681715874 ] ] ] } },
{ "type": "Feature", "properties": { "feature_type": "building", "subtype": "no-damage", "uid": "47fdfa9a-62aa-4ae7-87c6-66fd5edd2910" }, "geometry": { "type": "Polygon", "coordinates": [ [ [ 745.81256068273035, 414.329234578924911 ], [ 761.726650252310264, 400.961399340732612 ], [ 775.412767282110508, 415.602361746299323 ], [ 770.001976828583224, 420.376588615776825 ], [ 773.503076536579329, 424.195970114052216 ], [ 766.500877126478827, 429.288478776816078 ], [ 761.726650252791273, 424.195970114052216 ], [ 753.133041884313911, 433.107860272205698 ], [ 745.812560682610183, 427.060506236315803 ], [ 751.541632927500245, 421.649715783151123 ], [ 745.81256068273035, 414.329234578924911 ] ] ] } },
{ "type": "Feature", "properties": { "feature_type": "building", "subtype": "no-damage", "uid": "06f81420-9bf5-4d8a-ae1b-afea8d4f971b" }, "geometry": { "type": "Polygon", "coordinates": [ [ [ 598.74622676490651, 429.702246429181798 ], [ 623.978065319553139, 434.057789552625593 ], [ 620.707670372542793, 453.891662576589226 ], [ 593.653718100818082, 448.162590331099977 ], [ 598.74622676490651, 429.702246429181798 ] ] ] } },
{ "type": "Feature", "properties": { "feature_type": "building", "subtype": "no-damage", "uid": "20364784-ecac-4924-9a79-128de946a31e" }, "geometry": { "type": "Polygon", "coordinates": [ [ [ 425.918859402252792, 496.984418314176082 ], [ 429.41020896724109, 476.28570302735551 ], [ 441.380550338772707, 478.779524144464688 ], [ 437.639818659500179, 501.722678439761921 ], [ 425.918859402132625, 500.475767880245314 ], [ 425.918859402252792, 496.984418314176082 ] ] ] } },
{ "type": "Feature", "properties": { "feature_type": "building", "subtype": "no-damage", "uid": "52b08db1-5ccc-4376-bd65-85ee58cb6b63" }, "geometry": { "type": "Polygon", "coordinates": [ [ [ 718.176499699704891, 193.282342810957203 ], [ 748.094988092491803, 197.420006098671394 ], [ 747.776706301730201, 207.923305214599992 ], [ 759.871414376760868, 209.196432381012499 ], [ 756.370314670207563, 239.751484356634307 ], [ 745.548733766038708, 239.114920773909091 ], [ 748.413269885537829, 225.747085534754888 ], [ 748.731551677261336, 222.882549412491187 ], [ 738.864816145256896, 221.609422245116889 ], [ 736.636843601268765, 232.112721363931314 ], [ 711.810863872329833, 229.884748821507088 ], [ 712.129145662850874, 223.519112994254613 ], [ 702.898973713692044, 222.245985828804095 ], [ 705.76350983643772, 205.695332676023611 ], [ 714.675399995195676, 207.605023423237412 ], [ 716.585090742770944, 206.331896257786894 ], [ 719.13134507391328, 206.968459839550206 ], [ 717.53993611758051, 200.602824013259607 ], [ 718.176499699704891, 193.282342810957203 ] ] ] } },
{ "type": "Feature", "properties": { "feature_type": "building", "subtype": "no-damage", "uid": "daf55cf7-0be3-4fe5-bdb6-87936e0c8a3f" }, "geometry": { "type": "Polygon", "coordinates": [ [ [ 624.917912632794241, 118.8182014791104 ], [ 623.920384187200739, 101.860217869877502 ], [ 632.149993877656243, 103.107128431317904 ], [ 635.641343445169582, 84.902234262568513 ], [ 657.088205064870067, 89.889876500634756 ], [ 648.85859537465501, 122.060168934622993 ], [ 624.917912632794241, 118.8182014791104 ] ] ] } },
{ "type": "Feature", "properties": { "feature_type": "building", "subtype": "no-damage", "uid": "d1f62cb2-1665-42f2-9187-bd1c45f65513" }, "geometry": { "type": "Polygon", "coordinates": [ [ [ 875.290202134285209, 175.922298082781595 ], [ 882.255386191586013, 127.736467492855098 ], [ 892.410815744578031, 130.579987767966003 ], [ 893.629467290229968, 124.080512854938405 ], [ 946.437700956674348, 133.423508043076907 ], [ 956.593130513032975, 128.142684675700906 ], [ 972.841817792241159, 136.673245499109811 ], [ 970.404514699975152, 146.016240685324391 ], [ 978.122641157454723, 148.859760961397313 ], [ 985.028333254532981, 157.796538965728104 ], [ 978.67581700147764, 178.8728929870569 ], [ 997.543424835414953, 183.553601065361107 ], [ 994.371328441953324, 198.418257171429303 ], [ 875.290202134285209, 175.922298082781595 ] ] ] } },
{ "type": "Feature", "properties": { "feature_type": "building", "subtype": "no-damage", "uid": "006db4e6-d08b-4825-bac7-fbdb79637756" }, "geometry": { "type": "Polygon", "coordinates": [ [ [ 1022.975794352812954, 145.218500177441513 ], [ 1015.337671567075972, 145.779798440263107 ], [ 1013.427980817817001, 156.28309755715361 ], [ 996.877327663588176, 152.781997850240913 ], [ 994.331073333047016, 156.919661138917007 ], [ 980.644956302284868, 154.373406808977791 ], [ 986.055746755812152, 118.089282587866705 ], [ 1000.696709162585989, 118.089282585942897 ], [ 1001.014990951784966, 124.136636622794796 ], [ 1022.975796047586982, 127.481728868406506 ], [ 1022.975794352812954, 145.218500177441513 ] ] ] } },
{ "type": "Feature", "properties": { "feature_type": "building", "subtype": "no-damage", "uid": "e99af325-f180-4a3c-ad7a-51defe5541c3" }, "geometry": { "type": "Polygon", "coordinates": [ [ [ 1022.975796623892961, 121.677693936688499 ], [ 988.503468706553235, 115.225870848359605 ], [ 994.169993599003419, 84.157682641731824 ], [ 1022.975799936486055, 89.629650331270483 ], [ 1022.975796623892961, 121.677693936688499 ] ] ] } },
{ "type": "Feature", "properties": { "feature_type": "building", "subtype": "no-damage", "uid": "b58387c2-704b-4e16-9072-fd4f6945d087" }, "geometry": { "type": "Polygon", "coordinates": [ [ [ 1022.975799936486055, 89.629650331270483 ], [ 994.169993599003419, 84.157682641731824 ], [ 997.882544393987814, 68.330492422625852 ], [ 1022.975801649655978, 73.962539298633828 ], [ 1022.975799936486055, 89.629650331270483 ] ] ] } },
{ "type": "Feature", "properties": { "feature_type": "building", "subtype": "no-damage", "uid": "cc0f8fdb-bc81-4c4e-bec9-d63c895b6a46" }, "geometry": { "type": "Polygon", "coordinates": [ [ [ 1022.975802111855955, 69.861105306473362 ], [ 1000.309313656999052, 67.236496166349667 ], [ 1016.020386704316024, 31.824236279734571 ], [ 1022.975806444679051, 32.911104375789563 ], [ 1022.975802111855955, 69.861105306473362 ] ] ] } },
{ "type": "Feature", "properties": { "feature_type": "building", "subtype": "no-damage", "uid": "694be4cf-7e4a-45bf-92d8-7b2d54569a81" }, "geometry": { "type": "Polygon", "coordinates": [ [ [ 433.280184689590499, 34.121029613475343 ], [ 421.888399431862524, 34.121029612513418 ], [ 424.000000000133923, 59.810000000997533 ], [ 404.574949150418774, 61.255680839394607 ], [ 405.073713375019224, 40.5569655544978 ], [ 399.836689024470672, 39.559437106499793 ], [ 400.584835362032493, 26.342185175816599 ], [ 406.819388156852028, 24.596510394224861 ], [ 396.573010261147374, 12.133608031407871 ], [ 421.525873503412186, 0.003431675953955 ], [ 431.25903972371799, 0.003453741309406 ], [ 433.280184689590499, 34.121029613475343 ] ] ] } },
{ "type": "Feature", "properties": { "feature_type": "building", "subtype": "no-damage", "uid": "286a454f-bf3d-4ef7-a4a1-d2e3ce0a7abf" }, "geometry": { "type": "Polygon", "coordinates": [ [ [ 423.048035834915595, 779.309080033390273 ], [ 428.534442298185184, 754.869633068981784 ], [ 432.524556088014322, 754.869633069943802 ], [ 433.272702422329814, 752.375811949948684 ], [ 428.53444229517919, 751.128901391394038 ], [ 433.27270242509519, 736.664738901194369 ], [ 469.931872871841108, 749.632608720358917 ], [ 464.944230631849223, 770.580706118698117 ], [ 452.225742924078418, 766.34121021614942 ], [ 451.976360817008583, 770.081941892775262 ], [ 459.208442056700278, 772.575763014694189 ], [ 457.712149387227782, 782.800429601383257 ], [ 450.230686028682896, 779.309080033390273 ], [ 447.238100687813983, 787.538689726969096 ], [ 423.048035834915595, 779.309080033390273 ] ] ] } },
{ "type": "Feature", "properties": { "feature_type": "building", "subtype": "no-damage", "uid": "48982252-1aaf-48ed-9d0b-d16b83eb6e76" }, "geometry": { "type": "Polygon", "coordinates": [ [ [ 455.405761569517892, 711.356587637452321 ], [ 474.543134532561112, 710.131795769618634 ], [ 475.30862944923598, 715.337161215847345 ], [ 480.207796925742514, 715.0309632476866 ], [ 480.667093880148173, 712.887577475370563 ], [ 501.48855565977982, 715.337161214885441 ], [ 501.794753624814518, 718.858437839115481 ], [ 526.749887963676656, 720.083229709834882 ], [ 527.209184914956154, 730.493960599406591 ], [ 462.174306294562712, 738.745210994952004 ], [ 458.832332359510019, 738.761305716662264 ], [ 458.775891325937323, 732.50003280768658 ], [ 456.479406571223421, 732.50003280768658 ], [ 455.407713684463772, 723.620291754109303 ], [ 457.551099457983014, 722.548598869394141 ], [ 455.405761569517892, 711.356587637452321 ] ] ] } },
{ "type": "Feature", "properties": { "feature_type": "building", "subtype": "no-damage", "uid": "ed485d14-99fe-4c31-8fdf-08318e87c592" }, "geometry": { "type": "Polygon", "coordinates": [ [ [ 477.510705687846382, 676.867105213623176 ], [ 464.779434032735594, 618.303255591356674 ], [ 491.515104514179711, 610.027929016890198 ], [ 505.837785128148312, 625.305455003258317 ], [ 504.092110342107105, 628.796804571251414 ], [ 511.324191588051178, 638.273324822422978 ], [ 492.121768969252912, 642.2634386124912 ], [ 500.101996549632588, 682.4139586246921 ], [ 498.462011628536573, 689.719901856078764 ], [ 478.528924742409288, 686.980039338041593 ], [ 477.510705687846382, 676.867105213623176 ] ] ] } },
{ "type": "Feature", "properties": { "feature_type": "building", "subtype": "no-damage", "uid": "42862413-7d13-4b6d-8cf0-fc1cc8d921de" }, "geometry": { "type": "Polygon", "coordinates": [ [ [ 326.505795840532926, 620.08153797115915 ], [ 347.804113540003414, 601.12798919033753 ], [ 367.343854552897028, 622.035512071630137 ], [ 368.516239011977575, 628.092831784533246 ], [ 351.712061743471793, 645.287803873488087 ], [ 348.585703184039687, 637.081112649585862 ], [ 330.609141452245012, 625.161870633345757 ], [ 326.505795840532926, 620.08153797115915 ] ] ] } },
{ "type": "Feature", "properties": { "feature_type": "building", "subtype": "no-damage", "uid": "8e2c4247-f102-4598-81c9-66aa89734565" }, "geometry": { "type": "Polygon", "coordinates": [ [ [ 374.882943363496906, 584.798432834545906 ], [ 379.322813887040581, 588.472808442856376 ], [ 384.834377299027324, 587.707313522454342 ], [ 385.293674251148389, 580.664760273994261 ], [ 397.235394978041427, 579.593067387355291 ], [ 397.694691927878011, 585.104630799820939 ], [ 414.53558013704901, 593.37197591900042 ], [ 402.287661439951023, 603.323409857292859 ], [ 403.053156356385387, 609.906666156397478 ], [ 401.675265507236418, 616.949219404857672 ], [ 389.580445792776118, 615.877526519180606 ], [ 390.65213868182019, 624.144871639321991 ], [ 383.303387461469185, 624.757267573719787 ], [ 375.495339298496106, 617.255417373018417 ], [ 372.433359622538319, 619.705001111571391 ], [ 362.481925681236419, 610.825260057994115 ], [ 359.573044992846008, 612.968645830310152 ], [ 347.804113540003414, 601.12798919033753 ], [ 370.289973853107199, 577.449681616963062 ], [ 374.882943360130184, 580.052364338634561 ], [ 374.882943363496906, 584.798432834545906 ] ] ] } },
{ "type": "Feature", "properties": { "feature_type": "building", "subtype": "no-damage", "uid": "81dea5cd-6ca3-460e-9db8-f19f6d2ad1f9" }, "geometry": { "type": "Polygon", "coordinates": [ [ [ 448.304958616224724, 351.655314521465186 ], [ 453.397467278870181, 341.788578988261918 ], [ 479.81485596895152, 352.291878106114325 ], [ 474.722347305945277, 366.932840508795323 ], [ 448.304958616224724, 351.655314521465186 ] ] ] } },
{ "type": "Feature", "properties": { "feature_type": "building", "subtype": "no-damage", "uid": "c1f5ad26-b64d-4982-8bb9-f5eddcd30d72" }, "geometry": { "type": "Polygon", "coordinates": [ [ [ 682.21640470261957, 227.040245044667387 ], [ 696.220803525105111, 229.26821758324391 ], [ 693.992830980515919, 251.54794298055171 ], [ 701.631593975506235, 253.45763373065131 ], [ 709.270356968693022, 232.769317289194703 ], [ 738.870563574445782, 238.498389534683895 ], [ 735.687745657091, 252.821070146964104 ], [ 729.640391618794069, 252.821070146964104 ], [ 721.683346838573243, 286.558940038136086 ], [ 691.279960546161988, 278.710835170011421 ], [ 691.367537580987801, 271.917977631607528 ], [ 672.667950957769449, 269.371723299744588 ], [ 682.21640470261957, 227.040245044667387 ] ] ] } },
{ "type": "Feature", "properties": { "feature_type": "building", "subtype": "no-damage", "uid": "e9499860-df5b-49a1-9c1c-8c17a4fe75fd" }, "geometry": { "type": "Polygon", "coordinates": [ [ [ 705.930339129228628, 287.133540730283528 ], [ 725.880908080298241, 291.87180085586931 ], [ 723.636469077832999, 312.819898253246492 ], [ 742.090745351855048, 315.563101484760125 ], [ 735.856192557035456, 335.014906212064204 ], [ 696.952583103014831, 327.533442854002885 ], [ 699.197022110409875, 307.333491793105111 ], [ 704.4340464584335, 308.829784464140175 ], [ 705.930339129589356, 299.602646323525278 ], [ 700.693314779401476, 299.103882098564327 ], [ 701.690843229083157, 289.876743959873181 ], [ 705.930339129228628, 287.133540730283528 ] ] ] } },
{ "type": "Feature", "properties": { "feature_type": "building", "subtype": "no-damage", "uid": "6fceea42-f5b4-4812-afbc-08bf13166524" }, "geometry": { "type": "Polygon", "coordinates": [ [ [ 831.55339757390027, 422.677502229241327 ], [ 835.372779075663857, 397.851522498146721 ], [ 843.648105652658273, 399.44293145592178 ], [ 845.876078190273574, 402.944031161872601 ], [ 848.740614312297794, 404.217158326361186 ], [ 849.37717789333999, 401.989185785860911 ], [ 860.517040593200136, 403.580594744597875 ], [ 863.063294925424771, 406.763412658224183 ], [ 865.609549255004026, 406.763412658224183 ], [ 867.519240004623384, 404.853721910048421 ], [ 880.250511663942575, 407.081694449586792 ], [ 880.56879345386244, 410.901075945938317 ], [ 884.706456739413738, 411.855921320026198 ], [ 885.661302114343584, 408.036539823674673 ], [ 895.209755859193706, 410.582794155537613 ], [ 885.979583909433813, 437.31846463384602 ], [ 831.55339757390027, 422.677502229241327 ] ] ] } },
{ "type": "Feature", "properties": { "feature_type": "building", "subtype": "no-damage", "uid": "c699f448-ab6d-45fe-a3a7-82af0eaae5aa" }, "geometry": { "type": "Polygon", "coordinates": [ [ [ 754.187819605238928, 373.935192774673681 ], [ 765.130074573050933, 376.670756516295114 ], [ 761.612921191961277, 384.486652921064888 ], [ 765.911664211436005, 388.199203712440919 ], [ 767.865638313831596, 393.474933787079408 ], [ 751.64765327222085, 381.360294359349382 ], [ 754.187819605238928, 373.935192774673681 ] ] ] } },
{ "type": "Feature", "properties": { "feature_type": "building", "subtype": "no-damage", "uid": "2ad66453-531e-4c90-9f7e-7843d2551e02" }, "geometry": { "type": "Polygon", "coordinates": [ [ [ 765.130074573050933, 376.670756516295114 ], [ 784.865212992985676, 381.360294359349382 ], [ 782.911238894437815, 386.831421843553983 ], [ 787.991571556265512, 390.54397263396811 ], [ 786.623789682328152, 403.830996522942712 ], [ 782.325046659246254, 410.474508465506119 ], [ 779.394085507937461, 404.807983571735292 ], [ 772.945970975418845, 399.336856089454386 ], [ 772.55517615700785, 397.773676808115681 ], [ 767.865638313831596, 393.474933787079408 ], [ 771.773586513572695, 386.636024432064119 ], [ 763.176100470054166, 381.94648658900968 ], [ 765.130074573050933, 376.670756516295114 ] ] ] } },
{ "type": "Feature", "properties": { "feature_type": "building", "subtype": "no-damage", "uid": "1d83f0d8-1b00-4a38-89ad-3904f6fb2948" }, "geometry": { "type": "Polygon", "coordinates": [ [ [ 827.059980050618492, 358.920738347731572 ], [ 848.55369516506596, 362.633289140069508 ], [ 844.059554728449939, 375.724915617554075 ], [ 822.565839620134739, 370.253788134311321 ], [ 827.059980050618492, 358.920738347731572 ] ] ] } },
{ "type": "Feature", "properties": { "feature_type": "building", "subtype": "no-damage", "uid": "85173742-50e0-47e8-9644-27128ef39e2a" }, "geometry": { "type": "Polygon", "coordinates": [ [ [ 871.343171202754888, 363.518008683894209 ], [ 894.036943386301004, 367.258740364367725 ], [ 890.545593819268561, 382.969813412160192 ], [ 868.599967970278385, 378.480935398092981 ], [ 871.343171202754888, 363.518008683894209 ] ] ] } },
{ "type": "Feature", "properties": { "feature_type": "building", "subtype": "no-damage", "uid": "fb82953c-9eb5-47c7-ab96-89a0601b729b" }, "geometry": { "type": "Polygon", "coordinates": [ [ [ 745.350694094004325, 143.88576143373939 ], [ 771.037051617577731, 148.8734036708438 ], [ 767.296319938184979, 163.586948272562012 ], [ 764.054352484955757, 164.584476718636211 ], [ 763.555588260595869, 172.315322186292207 ], [ 773.780254847649417, 176.554818089802893 ], [ 774.528401182806419, 183.28813510946091 ], [ 762.558059812116539, 209.223874744904407 ], [ 751.585246888823804, 205.981907290353689 ], [ 750.837100556071505, 197.00415126414299 ], [ 756.323507017297061, 189.273305794563214 ], [ 749.340807881909654, 186.031338340974401 ], [ 746.09884043108525, 195.258476479665489 ], [ 730.138385269003152, 190.270834242561193 ], [ 734.627263285236268, 168.325208395262109 ], [ 715.424840668121305, 164.833858831116686 ], [ 718.666808125438592, 144.883289878851713 ], [ 743.854401422006731, 150.120314229398389 ], [ 745.350694094004325, 143.88576143373939 ] ] ] } },
{ "type": "Feature", "properties": { "feature_type": "building", "subtype": "no-damage", "uid": "dee384ad-e05c-468f-9940-e0273ee02aff" }, "geometry": { "type": "Polygon", "coordinates": [ [ [ 863.263449934617142, 177.056172061632992 ], [ 885.30970358472814, 181.036745637142388 ], [ 880.104338136814249, 210.891047454905305 ], [ 879.491942204099587, 217.015006801768806 ], [ 868.009518426442014, 215.330917982655905 ], [ 868.315716396045786, 209.819354571152104 ], [ 847.034957661888143, 205.532583026520086 ], [ 850.250036324090729, 187.466902953128596 ], [ 862.651053998896487, 190.069585674800095 ], [ 863.263449934617142, 177.056172061632992 ] ] ] } },
{ "type": "Feature", "properties": { "feature_type": "building", "subtype": "no-damage", "uid": "d408f502-24f7-4d7a-8907-5c0551ef4021" }, "geometry": { "type": "Polygon", "coordinates": [ [ [ 846.881858680693426, 179.046458849868714 ], [ 848.106650552495466, 169.554321860931708 ], [ 863.569647899772008, 172.0039056004467 ], [ 861.27316314445693, 182.720834459141088 ], [ 846.881858680693426, 179.046458849868714 ] ] ] } },
{ "type": "Feature", "properties": { "feature_type": "building", "subtype": "no-damage", "uid": "59e5eecc-19b5-4620-afd3-6e380bde589a" }, "geometry": { "type": "Polygon", "coordinates": [ [ [ 836.624226775198508, 189.150991772241497 ], [ 846.575660715538561, 190.681981611121699 ], [ 844.432274941658648, 208.900760667631602 ], [ 833.102950151568393, 205.532583026520086 ], [ 836.624226775198508, 189.150991772241497 ] ] ] } },
{ "type": "Feature", "properties": { "feature_type": "building", "subtype": "no-damage", "uid": "9294de5c-b099-4083-b84c-63cd13df9515" }, "geometry": { "type": "Polygon", "coordinates": [ [ [ 790.399730669649784, 160.902162702634087 ], [ 804.33173818790533, 163.504845426229394 ], [ 802.647649363020378, 173.303180381403308 ], [ 788.868740835338258, 171.159794611011108 ], [ 790.399730669649784, 160.902162702634087 ] ] ] } },
{ "type": "Feature", "properties": { "feature_type": "building", "subtype": "no-damage", "uid": "9aa88c25-d558-4bd3-8248-fd168f4c4876" }, "geometry": { "type": "Polygon", "coordinates": [ [ [ 836.023227806588238, 167.3323200166964 ], [ 846.433958700131484, 168.863309853652794 ], [ 839.697603413577326, 186.928989928968093 ], [ 830.664763381207081, 185.244901106969394 ], [ 831.889555248079205, 180.039535662664491 ], [ 827.449684719124662, 178.35544684162781 ], [ 828.521377604681902, 166.873023065417101 ], [ 836.023227806588238, 167.3323200166964 ] ] ] } },
{ "type": "Feature", "properties": { "feature_type": "building", "subtype": "no-damage", "uid": "98dddb8d-6876-4af5-a578-187f2db053bb" }, "geometry": { "type": "Polygon", "coordinates": [ [ [ 792.423983848746389, 0.00248789263446 ], [ 789.752902104580357, 7.516971402468915 ], [ 789.166709875521065, 16.30985485891723 ], [ 782.523197930430229, 15.919060037861099 ], [ 782.718595342521439, 6.344586942186289 ], [ 765.328225840868186, 2.436638740282286 ], [ 766.108957226119742, 0.002675656410269 ], [ 792.423983848746389, 0.00248789263446 ] ] ] } },
{ "type": "Feature", "properties": { "feature_type": "building", "subtype": "no-damage", "uid": "d54d7690-845a-4eed-b96e-ba34d43b3040" }, "geometry": { "type": "Polygon", "coordinates": [ [ [ 763.569649152487727, 3.41362579196068 ], [ 782.718595342521439, 6.344586942186289 ], [ 779.592236784051238, 17.286841909633701 ], [ 786.040351314044869, 21.390187522065769 ], [ 779.592236781285692, 42.883902633980647 ], [ 779.006044549340572, 50.699799037788658 ], [ 771.97173778788283, 50.113606805242547 ], [ 771.190148144808404, 40.734531121057721 ], [ 771.385545554134183, 38.585159610058611 ], [ 754.385970877625255, 34.87260881772076 ], [ 763.569649152487727, 3.41362579196068 ] ] ] } },
{ "type": "Feature", "properties": { "feature_type": "building", "subtype": "no-damage", "uid": "812f526f-e493-4d5b-805c-0d09d0566f1b" }, "geometry": { "type": "Polygon", "coordinates": [ [ [ 753.995176059574987, 37.217377738286011 ], [ 771.190148144808404, 40.734531121057721 ], [ 768.84537922532445, 54.021555008108471 ], [ 776.075083399474693, 55.975529110503352 ], [ 769.040776633568044, 76.296859762135597 ], [ 767.868392172924246, 84.112756166905513 ], [ 762.006469870186493, 82.940371704699061 ], [ 762.006469869344755, 75.124475302814886 ], [ 744.811497780023274, 69.262552997554096 ], [ 753.995176059574987, 37.217377738286011 ] ] ] } },
{ "type": "Feature", "properties": { "feature_type": "building", "subtype": "no-damage", "uid": "f3f50709-eb14-4561-a73f-428cc465ca82" }, "geometry": { "type": "Polygon", "coordinates": [ [ [ 676.564052801406206, 352.062503830439709 ], [ 690.529451067491664, 353.808178615879115 ], [ 689.282540504848498, 370.018015888632476 ], [ 684.544280378539497, 368.771105329115926 ], [ 683.796134041578853, 383.484649928910414 ], [ 672.324556899096478, 383.235267816429882 ], [ 676.564052801406206, 352.062503830439709 ] ] ] } },
{ "type": "Feature", "properties": { "feature_type": "building", "subtype": "no-damage", "uid": "5a223dd2-a3a4-49d4-8e0a-9dad86c904af" }, "geometry": { "type": "Polygon", "coordinates": [ [ [ 739.176433891340594, 396.008372242295309 ], [ 743.157007467452559, 384.219750497923826 ], [ 756.017322094499605, 396.92696614196808 ], [ 747.443779007997932, 405.806707196507318 ], [ 739.176433891340594, 396.008372242295309 ] ] ] } },
{ "type": "Feature", "properties": { "feature_type": "building", "subtype": "no-damage", "uid": "8d4475b0-72b8-40a9-a126-e15ff14bd125" }, "geometry": { "type": "Polygon", "coordinates": [ [ [ 663.698634935666746, 355.743339533036817 ], [ 672.272178021326681, 358.1929232735136 ], [ 669.822594285778905, 372.431128754514191 ], [ 660.94285322955318, 370.747039933477481 ], [ 663.698634935666746, 355.743339533036817 ] ] ] } },
{ "type": "Feature", "properties": { "feature_type": "building", "subtype": "no-damage", "uid": "db6de753-1155-4a73-80bc-698194be4112" }, "geometry": { "type": "Polygon", "coordinates": [ [ [ 759.388493513482103, 443.052199036247089 ], [ 759.974685744705766, 434.84550781234492 ], [ 784.594759419547358, 441.293622345342214 ], [ 783.81316978032055, 425.466432127198118 ], [ 794.755424746088465, 441.489019755870174 ], [ 789.284297261280699, 442.075211985530586 ], [ 786.744130929705534, 457.511607384542401 ], [ 775.997273374826477, 454.971441053448984 ], [ 776.778863017299727, 451.063492851544993 ], [ 769.158364019327678, 450.672698030489016 ], [ 769.158364023536137, 445.396967956812318 ], [ 759.388493513482103, 443.052199036247089 ] ] ] } },
{ "type": "Feature", "properties": { "feature_type": "building", "subtype": "no-damage", "uid": "e8817d26-9323-4624-bf3a-c06777245e1f" }, "geometry": { "type": "Polygon", "coordinates": [ [ [ 778.843793194845944, 457.480597227069211 ], [ 788.029732214783621, 460.083279951626423 ], [ 789.86692001942049, 453.040726701242477 ], [ 800.430749893436996, 454.571716538198814 ], [ 797.062572253887311, 472.637396612552209 ], [ 782.977465753956153, 469.116119987360207 ], [ 783.5898616891958, 466.666536248807176 ], [ 777.619001324847545, 464.982447429694275 ], [ 778.843793194845944, 457.480597227069211 ] ] ] } },
{ "type": "Feature", "properties": { "feature_type": "building", "subtype": "no-damage", "uid": "2583e315-2a8b-4d81-870f-0af1c2631080" }, "geometry": { "type": "Polygon", "coordinates": [ [ [ 942.981505571095795, 240.753207879937605 ], [ 957.636311332930291, 243.293374211030908 ], [ 957.636311328721945, 247.005925002406912 ], [ 966.038399965559961, 247.005925003368787 ], [ 965.256810322966544, 254.040231766026494 ], [ 958.808695793694369, 253.45403953636611 ], [ 954.509952771694543, 279.83268990282528 ], [ 947.671043416316138, 279.832689900901528 ], [ 948.257235646217168, 275.53394687890318 ], [ 941.418326289636298, 273.579972778432193 ], [ 945.130877083418341, 253.0632447172338 ], [ 938.878159959023037, 251.695462846423112 ], [ 940.636736652213017, 241.144002699069887 ], [ 942.981505571095795, 240.753207879937605 ] ] ] } },
{ "type": "Feature", "properties": { "feature_type": "building", "subtype": "no-damage", "uid": "305e2291-f617-4a76-a57c-40cfa60adb49" }, "geometry": { "type": "Polygon", "coordinates": [ [ [ 378.367450414650193, 174.008185366768998 ], [ 385.792552000651085, 145.675560902724499 ], [ 410.998817903469899, 152.70986766634411 ], [ 401.033549988779498, 180.456299900728197 ], [ 401.033549986855689, 191.203157456685688 ], [ 377.781258186071682, 186.709017024159408 ], [ 378.367450414650193, 174.008185366768998 ] ] ] } },
{ "type": "Feature", "properties": { "feature_type": "building", "subtype": "no-damage", "uid": "7cf302f7-4731-4a23-bdac-423b538c85c7" }, "geometry": { "type": "Polygon", "coordinates": [ [ [ 939.384756192154782, 854.128748375208602 ], [ 949.11065855232323, 817.469577930038895 ], [ 969.809373841195338, 822.955984390180333 ], [ 971.80443073370509, 819.963399048110091 ], [ 985.271064779037829, 824.202894949696883 ], [ 985.021682662469175, 828.193008740727009 ], [ 994.248820807055267, 829.439919299281655 ], [ 986.268593224751612, 863.355886515823499 ], [ 969.559991726430212, 860.113919061272895 ], [ 972.303194959628172, 850.637398810101331 ], [ 961.829146260334596, 849.141106138104306 ], [ 958.587178803858933, 856.871951607684082 ], [ 967.814316943154495, 859.864536947830516 ], [ 966.567406384358947, 865.350943410857667 ], [ 972.801959181462962, 866.847236080930884 ], [ 968.81184539067192, 880.563252235613049 ], [ 951.35509755935766, 876.822520557063399 ], [ 954.846447124586462, 859.365772726717182 ], [ 939.384756192154782, 854.128748375208602 ] ] ] } },
{ "type": "Feature", "properties": { "feature_type": "building", "subtype": "no-damage", "uid": "25f62d6b-cbd6-4ed5-b524-c18d049f8393" }, "geometry": { "type": "Polygon", "coordinates": [ [ [ 724.190000003795717, 847.88000000015677 ], [ 726.100272142561607, 849.231868691370437 ], [ 742.239727986353614, 853.315345469405429 ], [ 743.790260910310622, 857.191677785729325 ], [ 750.344298642487502, 860.568000249829424 ], [ 759.545139758238406, 863.112913750871257 ], [ 768.76000000111901, 866.31000000117524 ], [ 778.587374218045284, 875.763290891921542 ], [ 771.266893012974833, 900.270988829729617 ], [ 759.808748524397174, 897.088170916103422 ], [ 751.53342194716231, 879.900954179635733 ], [ 735.619332379626485, 873.535318352383115 ], [ 734.027923420408001, 887.857998964663352 ], [ 732.754796254115377, 890.404253296526235 ], [ 709.20194368882369, 881.492363137410734 ], [ 719.386961014836174, 845.526520707662371 ], [ 724.190000003795717, 847.88000000015677 ] ] ] } },
{ "type": "Feature", "properties": { "feature_type": "building", "subtype": "no-damage", "uid": "08e196ea-62f5-405b-ae08-ca17def4b021" }, "geometry": { "type": "Polygon", "coordinates": [ [ [ 752.959414124592058, 814.714954562623348 ], [ 757.652900975979946, 819.212879460921613 ], [ 770.57115259668592, 822.931770079383114 ], [ 773.364278468617613, 824.793853990636762 ], [ 773.509999999242382, 828.239999999538099 ], [ 764.372892975513196, 862.087090570239297 ], [ 767.8999999993448, 865.480000000376208 ], [ 759.693882163622334, 862.63528142323139 ], [ 750.527366729888854, 860.099862260162695 ], [ 744.18517539161769, 856.832672784585156 ], [ 742.609349754819846, 852.893108693253339 ], [ 726.312835519839382, 848.769894249310028 ], [ 724.530000000976656, 847.510000000438026 ], [ 729.916476737664425, 818.446351831095399 ], [ 729.750000002749857, 818.340000000797431 ], [ 732.133065150809443, 813.404159369069703 ], [ 742.975834775471299, 815.146747344121991 ], [ 747.254060111741296, 812.81316989123286 ], [ 752.959414124592058, 814.714954562623348 ] ] ] } },
{ "type": "Feature", "properties": { "feature_type": "building", "subtype": "no-damage", "uid": "d1c1308e-5109-4b58-9dc7-2e019909f439" }, "geometry": { "type": "Polygon", "coordinates": [ [ [ 755.395136951704103, 780.289757873840472 ], [ 752.90131583339155, 788.76874967989977 ], [ 757.888958066529767, 789.018131789494419 ], [ 760.6321612968419, 782.534196880393097 ], [ 787.066665156774775, 790.514424459567635 ], [ 782.079022918827036, 830.664944473692344 ], [ 774.010000002303968, 828.050000000618411 ], [ 773.852783209778181, 824.518598605459488 ], [ 770.783986772479011, 822.472734315771049 ], [ 757.909780257579541, 818.766523349556905 ], [ 753.22419142501974, 814.276167383764459 ], [ 747.205700833957962, 812.27000385421286 ], [ 742.886440121779628, 814.625964242454302 ], [ 731.844699818873437, 812.851398836658632 ], [ 729.320000002043116, 818.080000000605082 ], [ 723.842906095116973, 814.653186941639774 ], [ 728.617132964956909, 800.648788118798393 ], [ 737.439624893144241, 801.736619495216701 ], [ 740.432210236177411, 788.76874967989977 ], [ 737.439624893264522, 787.521839119421315 ], [ 740.930974458854053, 777.297172529846421 ], [ 755.395136951704103, 780.289757873840472 ] ] ] } },
{ "type": "Feature", "properties": { "feature_type": "building", "subtype": "no-damage", "uid": "fd3ae7c5-3196-4235-89de-e4ff69b66ee6" }, "geometry": { "type": "Polygon", "coordinates": [ [ [ 980.438889957770243, 866.723240279136917 ], [ 991.967337154882102, 870.631188481040908 ], [ 989.817965643641742, 876.493110783416 ], [ 995.289093129651974, 878.447084882925083 ], [ 985.910017444020923, 895.446659564237507 ], [ 972.232198734466351, 892.906493233144261 ], [ 972.622993552877347, 885.285994237940486 ], [ 977.898723625233174, 870.826585889645116 ], [ 980.438889957770243, 866.723240279136917 ] ] ] } },
{ "type": "Feature", "properties": { "feature_type": "building", "subtype": "no-damage", "uid": "36350db2-c95b-4435-a4bc-d089157e7696" }, "geometry": { "type": "Polygon", "coordinates": [ [ [ 964.807097152192796, 894.274275103954892 ], [ 996.461477588852858, 900.917787046518356 ], [ 991.967337155122664, 938.238692377539223 ], [ 958.554380028759397, 929.445808923976642 ], [ 964.807097152192796, 894.274275103954892 ] ] ] } },
{ "type": "Feature", "properties": { "feature_type": "building", "subtype": "no-damage", "uid": "43088a25-604d-4066-90ae-b70092652eba" }, "geometry": { "type": "Polygon", "coordinates": [ [ [ 914.866766515021141, 989.774443676339615 ], [ 929.564268945743152, 996.81699692479981 ], [ 929.104971999032728, 1000.18517456783502 ], [ 931.248357766419758, 1001.563065419749023 ], [ 934.463436426097246, 997.735590828320255 ], [ 947.936146991390046, 1003.553352207984972 ], [ 936.446384554767292, 1022.977133533710003 ], [ 920.791967407099037, 1022.977307475737007 ], [ 921.450022813166129, 1020.394240413543002 ], [ 917.622548223779972, 1019.016349559704963 ], [ 916.397756351737485, 1022.843824152095976 ], [ 903.690540706125603, 1017.026062771469014 ], [ 909.049005135955667, 1009.064915621411956 ], [ 904.609134610608407, 1005.084342044940968 ], [ 909.202104118713464, 996.204600992325823 ], [ 912.26408379358918, 988.702750790662549 ], [ 914.866766515021141, 989.774443676339615 ] ] ] } },
{ "type": "Feature", "properties": { "feature_type": "building", "subtype": "no-damage", "uid": "62a77990-d1f1-4a62-a593-f083ccfd308e" }, "geometry": { "type": "Polygon", "coordinates": [ [ [ 931.415518626550693, 945.589517880897802 ], [ 940.295259681934681, 924.614957115750144 ], [ 963.719404187687587, 932.269906300531943 ], [ 960.19812756069075, 939.618657517152769 ], [ 967.393779791550514, 944.21162702802178 ], [ 961.729117396685751, 957.225040639264989 ], [ 982.397480192717921, 963.348999987090338 ], [ 962.035315367251428, 1009.431794075051016 ], [ 939.682863745973577, 998.867964200437427 ], [ 941.213853584132835, 996.112182494685612 ], [ 911.971947702921625, 981.414680061443732 ], [ 928.965934889319442, 950.94798230928302 ], [ 931.415518626550693, 945.589517880897802 ] ] ] } },
{ "type": "Feature", "properties": { "feature_type": "building", "subtype": "no-damage", "uid": "20841486-be53-4f94-b499-5ebd0f28d0d1" }, "geometry": { "type": "Polygon", "coordinates": [ [ [ 1022.975807514569055, 998.903996772944197 ], [ 1020.891843993255975, 997.672194859326055 ], [ 1020.891843994699002, 1001.193471483555982 ], [ 1017.982963303182032, 1000.121778597879029 ], [ 1021.504239930780045, 982.362296490724475 ], [ 1010.787311071360023, 981.749900559212506 ], [ 1017.676765335982964, 951.589400772326826 ], [ 1022.975802056426005, 952.744109574689674 ], [ 1022.975807514569055, 998.903996772944197 ] ] ] } },
{ "type": "Feature", "properties": { "feature_type": "building", "subtype": "no-damage", "uid": "c7a87dd7-f3eb-4331-bbd1-d2eb0da00089" }, "geometry": { "type": "Polygon", "coordinates": [ [ [ 995.722328222502824, 1022.976415738722039 ], [ 1007.328857706811959, 998.646070362101568 ], [ 1017.176366643672964, 1003.424743471402962 ], [ 1022.975808239611979, 1004.698228975955999 ], [ 1022.97581057850698, 1022.97605430514102 ], [ 995.722328222502824, 1022.976415738722039 ] ] ] } },
{ "type": "Feature", "properties": { "feature_type": "building", "subtype": "no-damage", "uid": "11b51445-00e4-46bc-89f8-b23d213b97e3" }, "geometry": { "type": "Polygon", "coordinates": [ [ [ 132.632604407087001, 351.741672649328279 ], [ 131.8844580708477, 348.499705194777619 ], [ 166.548571623280196, 319.321998105745308 ], [ 177.52138454585139, 329.796046803953004 ], [ 207.946002196334888, 303.860307169471412 ], [ 209.941059094495898, 307.601038847059215 ], [ 214.180554992116299, 303.610925057952784 ], [ 225.402750027649091, 314.833120090716079 ], [ 216.126344870906394, 323.557792462432985 ], [ 219.341423530463686, 329.375553843059379 ], [ 212.298870282963094, 334.734018271444825 ], [ 209.849286541643693, 331.825137582574428 ], [ 208.165197722890895, 329.069355875860595 ], [ 169.790539077471294, 357.477461221950193 ], [ 161.810311497692709, 347.252794635261125 ], [ 158.318961932103207, 348.998469418776608 ], [ 161.31154727657929, 352.489818984845783 ], [ 155.575758704195806, 358.973753894909123 ], [ 150.83749857704521, 355.23302221732132 ], [ 148.593059566884591, 365.208306693453778 ], [ 143.605417328576095, 367.951509923043602 ], [ 132.632604407087001, 351.741672649328279 ] ] ] } },
{ "type": "Feature", "properties": { "feature_type": "building", "subtype": "no-damage", "uid": "6d8f79ce-6105-4b11-b068-7385619cc9a3" }, "geometry": { "type": "Polygon", "coordinates": [ [ [ 290.468629397631673, 298.037669908010173 ], [ 291.054821628013713, 280.842697819055388 ], [ 315.088703070068505, 282.405877099432303 ], [ 312.743934149141694, 300.577836241989303 ], [ 313.330126379283172, 306.244361134798226 ], [ 289.882437169414118, 305.658168903214005 ], [ 290.468629397631673, 298.037669908010173 ] ] ] } },
{ "type": "Feature", "properties": { "feature_type": "building", "subtype": "no-damage", "uid": "085a4dd9-b947-4534-af24-f4d437093568" }, "geometry": { "type": "Polygon", "coordinates": [ [ [ 82.962090829054617, 315.00121028825572 ], [ 95.272127664070609, 287.450175463437688 ], [ 102.697229252837104, 290.771931435681324 ], [ 105.4327929931368, 285.691598770608891 ], [ 111.685510115608295, 289.208752154342619 ], [ 110.317728245157795, 293.898289996434983 ], [ 117.156637596688597, 298.197033018433217 ], [ 116.570445368350704, 305.622134603108918 ], [ 103.047244862294505, 328.555334432505674 ], [ 100.915203925773994, 326.696511811376524 ], [ 97.747164848122623, 324.504443786598586 ], [ 95.302783025533031, 322.984288270028117 ], [ 93.647101102125504, 322.614234275165813 ], [ 92.731961332375192, 323.403298922685906 ], [ 81.398911547354587, 319.690748130348084 ], [ 82.962090829054617, 315.00121028825572 ] ] ] } },
{ "type": "Feature", "properties": { "feature_type": "building", "subtype": "no-damage", "uid": "fb9e323c-3276-46bd-936d-a2e200b02000" }, "geometry": { "type": "Polygon", "coordinates": [ [ [ 101.410688254179306, 331.112103491565904 ], [ 108.759439471764694, 320.548273617913821 ], [ 119.629467313340996, 326.672232965739227 ], [ 113.352408984078195, 338.307755724106414 ], [ 103.094777078823796, 332.949291296682986 ], [ 101.410688254179306, 331.112103491565904 ] ] ] } },
{ "type": "Feature", "properties": { "feature_type": "building", "subtype": "no-damage", "uid": "4c6f8764-d911-4d47-b8e8-f4e492802969" }, "geometry": { "type": "Polygon", "coordinates": [ [ [ 537.199068886416399, 24.653308820977379 ], [ 605.529767542320997, 37.870560750698637 ], [ 600.043361081937178, 63.556918274623619 ], [ 589.319930272207102, 62.060625603588512 ], [ 589.569312382884164, 55.327308582006687 ], [ 575.354532006602653, 53.581633798491119 ], [ 574.357003558844781, 58.070511811596447 ], [ 557.897784175408674, 55.576690693525236 ], [ 558.645930509964614, 49.840902121865263 ], [ 543.18423957645075, 47.596463113388772 ], [ 542.186711124243971, 52.584105352416927 ], [ 532.211426651474653, 50.339666343940443 ], [ 537.199068886416399, 24.653308820977379 ] ] ] } },
{ "type": "Feature", "properties": { "feature_type": "building", "subtype": "no-damage", "uid": "f967bd10-7845-464e-8760-61cff24a15b0" }, "geometry": { "type": "Polygon", "coordinates": [ [ [ 515.207993468113955, 8.251289940810151 ], [ 528.924009617871207, 16.23151752190854 ], [ 519.447489367778417, 36.182086471287803 ], [ 504.983326880699792, 28.451241002669871 ], [ 515.207993468113955, 8.251289940810151 ] ] ] } },
{ "type": "Feature", "properties": { "feature_type": "building", "subtype": "no-damage", "uid": "d31ce3cb-89b4-4a38-a786-e0200f7171c9" }, "geometry": { "type": "Polygon", "coordinates": [ [ [ 772.887848911825472, 76.929079253617459 ], [ 790.781775000451603, 21.237933759703189 ], [ 797.671229268080197, 23.840616482336589 ], [ 792.006566873455995, 50.939136592423807 ], [ 797.275072584767486, 52.557046883770397 ], [ 799.020747370808635, 49.31507942825781 ], [ 805.754064392513101, 52.30766476936612 ], [ 794.033105130456079, 84.727339314872921 ], [ 772.887848911825472, 76.929079253617459 ] ] ] } },
{ "type": "Feature", "properties": { "feature_type": "building", "subtype": "no-damage", "uid": "c2c9a35d-0471-4acc-9a0e-08ce1ca592ad" }, "geometry": { "type": "Polygon", "coordinates": [ [ [ 800.103712315518806, 20.2640079555356 ], [ 808.9834533678968, 22.40739372785163 ], [ 805.4621767431845, 36.798698193894573 ], [ 797.194831623040272, 33.736718519019973 ], [ 800.103712315518806, 20.2640079555356 ] ] ] } },
{ "type": "Feature", "properties": { "feature_type": "building", "subtype": "no-damage", "uid": "6c07a832-5a9b-44f3-94aa-f8706d14211a" }, "geometry": { "type": "Polygon", "coordinates": [ [ [ 812.434849485518953, 18.745173983401521 ], [ 830.308451391573954, 24.86298403245927 ], [ 829.228837852981201, 28.821567005775069 ], [ 839.305230872592801, 30.740879962097011 ], [ 836.426261439070799, 42.376714759738661 ], [ 827.669396075307759, 40.097530624286712 ], [ 828.029267254077126, 35.059334114542807 ], [ 818.19278835773332, 33.25997821696896 ], [ 818.432702474027224, 30.261051723257001 ], [ 811.835064186127056, 29.061481125195069 ], [ 812.434849485518953, 18.745173983401521 ] ] ] } },
{ "type": "Feature", "properties": { "feature_type": "building", "subtype": "no-damage", "uid": "95dd95c5-afb7-4d57-96d6-a81025b96c76" }, "geometry": { "type": "Polygon", "coordinates": [ [ [ 809.915751230165256, 36.498818832024753 ], [ 811.595150065023631, 30.26105172229509 ], [ 817.473045994423046, 31.220708200937011 ], [ 817.353088937478446, 34.219634695610893 ], [ 826.829696657938598, 36.618775891734749 ], [ 821.791500147471538, 54.492377796220318 ], [ 807.156738857916366, 50.533794823866437 ], [ 809.915751230165256, 36.498818832024753 ] ] ] } },
{ "type": "Feature", "properties": { "feature_type": "building", "subtype": "no-damage", "uid": "3968c7ef-2bd3-494c-9dd2-4aaf0404dcbd" }, "geometry": { "type": "Polygon", "coordinates": [ [ [ 638.962997955039441, 0.003322931525963 ], [ 637.432558362723853, 9.245643855671272 ], [ 621.204066092279504, 7.867753001833415 ], [ 622.27529913523756, 0.003375908002099 ], [ 638.962997955039441, 0.003322931525963 ] ] ] } },
{ "type": "Feature", "properties": { "feature_type": "building", "subtype": "no-damage", "uid": "e14dbabe-7388-449d-bdc8-b1e17a83e239" }, "geometry": { "type": "Polygon", "coordinates": [ [ [ 559.760631707495236, 746.20370904387471 ], [ 573.227265748258787, 740.96668469332792 ], [ 576.967997427891987, 760.418489420632 ], [ 565.247038167999222, 762.662928428146643 ], [ 559.760631707495236, 746.20370904387471 ] ] ] } },
{ "type": "Feature", "properties": { "feature_type": "building", "subtype": "no-damage", "uid": "7b7bccc3-395b-4ed2-a4d8-209bf7ff7398" }, "geometry": { "type": "Polygon", "coordinates": [ [ [ 622.891755174516675, 664.484111592414138 ], [ 652.28676004413694, 671.832862810958886 ], [ 645.244206792307637, 699.237580889206924 ], [ 618.604983631927098, 692.807423574182621 ], [ 622.891755174516675, 664.484111592414138 ] ] ] } },
{ "type": "Feature", "properties": { "feature_type": "building", "subtype": "no-damage", "uid": "d816e77e-a035-4485-b496-6f534c33e69d" }, "geometry": { "type": "Polygon", "coordinates": [ [ [ 655.110031535980738, 661.466243865338015 ], [ 688.578051212998616, 670.223109228015801 ], [ 685.219253540516206, 690.135981149495251 ], [ 680.061099968535473, 689.416238790273269 ], [ 673.343504622368187, 714.127393106886188 ], [ 643.594153798525895, 706.090270100544558 ], [ 654.150375059743169, 663.865385059537971 ], [ 655.110031535980738, 661.466243865338015 ] ] ] } },
{ "type": "Feature", "properties": { "feature_type": "building", "subtype": "no-damage", "uid": "02bab000-995d-4b82-a29e-f0436c21a22d" }, "geometry": { "type": "Polygon", "coordinates": [ [ [ 453.362788234094523, 828.455221078732393 ], [ 453.460000000831826, 828.230000000455675 ], [ 463.675004414598675, 830.891301678739069 ], [ 468.976290203557198, 830.650334143724535 ], [ 472.2879955058321, 830.886884522398304 ], [ 480.263688733822278, 833.624809062746181 ], [ 480.440000001340479, 833.740000000869259 ], [ 480.132233417170426, 835.489527843313795 ], [ 523.11966364197724, 850.535128421269519 ], [ 512.616364523038897, 878.225644274627712 ], [ 436.865298164879107, 856.900764249483927 ], [ 447.305468515778387, 826.305849567733276 ], [ 453.362788234094523, 828.455221078732393 ] ] ] } },
{ "type": "Feature", "properties": { "feature_type": "building", "subtype": "no-damage", "uid": "6b5178e7-23dd-4dbd-9564-2ff095ca7ab0" }, "geometry": { "type": "Polygon", "coordinates": [ [ [ 496.545615864740114, 803.053557763951517 ], [ 490.292898739382906, 822.39790136486738 ], [ 497.718000323339822, 824.156478056734159 ], [ 491.660680610314273, 833.926348561013242 ], [ 481.10922046596329, 830.018400359109137 ], [ 480.540000000942882, 833.209999999478214 ], [ 480.487214936522378, 833.172901317953915 ], [ 472.388662149899801, 830.39280110971788 ], [ 468.982772107330106, 830.14952324858973 ], [ 463.727836631945081, 830.388383952415211 ], [ 453.649999999511124, 827.760000001254866 ], [ 455.316762332401879, 823.765683235678011 ], [ 449.650237438749286, 822.007106543811233 ], [ 458.052326074745679, 793.869879490294807 ], [ 496.545615864740114, 803.053557763951517 ] ] ] } },
{ "type": "Feature", "properties": { "feature_type": "building", "subtype": "no-damage", "uid": "532f6e0a-e44a-4f17-a3bf-92942a69111f" }, "geometry": { "type": "Polygon", "coordinates": [ [ [ 575.964840935709958, 735.552128201786331 ], [ 588.935391275811071, 738.559792048165832 ], [ 589.499328244422259, 733.014411832155247 ], [ 602.187910092462289, 736.492023153359128 ], [ 601.623973125053567, 741.191497913146577 ], [ 607.263342833409752, 741.849424380594201 ], [ 606.8873848529729, 746.172941158983122 ], [ 610.740954156177963, 747.394804595642881 ], [ 609.801059207250205, 753.034174307003127 ], [ 605.571531920602297, 752.376247838593713 ], [ 605.383552933029137, 754.725985218487381 ], [ 609.989038193500733, 755.383911685935004 ], [ 604.502243287054284, 783.054872192813832 ], [ 588.273751016369374, 779.533595569545696 ], [ 590.11093882329078, 774.175131139236555 ], [ 587.508256098732659, 778.461902681944821 ], [ 578.628515047316569, 777.084011830030704 ], [ 582.762187606426778, 760.090024641354375 ], [ 577.250624190953204, 757.48734191968299 ], [ 573.270050614961519, 742.78983948644111 ], [ 575.719634353395122, 742.483641517318347 ], [ 575.964840935709958, 735.552128201786331 ] ] ] } },
{ "type": "Feature", "properties": { "feature_type": "building", "subtype": "no-damage", "uid": "685bf2dc-fbbf-44be-aa4d-bf7845ebf47d" }, "geometry": { "type": "Polygon", "coordinates": [ [ [ 0.000000000240479, 628.865142275666926 ], [ 16.639259130540111, 629.862670722703115 ], [ 14.39482012194259, 659.539142036696262 ], [ 0.000000001322632, 659.289759925177691 ], [ 0.000000000240479, 628.865142275666926 ] ] ] } },
{ "type": "Feature", "properties": { "feature_type": "building", "subtype": "no-damage", "uid": "cb14caa1-df73-4444-9902-dd2ea7e6196b" }, "geometry": { "type": "Polygon", "coordinates": [ [ [ 227.129672428420008, 485.234807510311725 ], [ 254.922260757324011, 489.87850574566221 ], [ 263.834150921973617, 507.06572248309169 ], [ 244.737243434437687, 515.341049058520071 ], [ 237.416762230810093, 496.562423363315418 ], [ 231.687689985078407, 498.790395904777711 ], [ 227.129672428420008, 485.234807510311725 ] ] ] } },
{ "type": "Feature", "properties": { "feature_type": "building", "subtype": "no-damage", "uid": "b41490d0-e311-4611-b829-7d7620629ec4" }, "geometry": { "type": "Polygon", "coordinates": [ [ [ 210.346756287915809, 496.874617155832311 ], [ 227.932523193243611, 497.070014567322175 ], [ 230.081894706888704, 519.345319319425471 ], [ 208.392782184317809, 519.736114138557809 ], [ 208.39278218287501, 527.161215724195472 ], [ 182.014131818811194, 528.138202772026148 ], [ 182.795721458639207, 480.656632116632125 ], [ 210.346756285871692, 482.806003629554993 ], [ 210.346756287915809, 496.874617155832311 ] ] ] } },
{ "type": "Feature", "properties": { "feature_type": "building", "subtype": "no-damage", "uid": "0529e6be-6b99-4615-b321-0bee86c608f0" }, "geometry": { "type": "Polygon", "coordinates": [ [ [ 898.13801552296195, 717.118124525275107 ], [ 933.467294369516708, 725.393451099741583 ], [ 921.372586294846883, 769.316338314517566 ], [ 876.813135497690496, 758.813039198588967 ], [ 880.314235206768785, 743.535513212220962 ], [ 872.038908627610112, 741.944104255407751 ], [ 870.447499670676166, 749.582867248110801 ], [ 854.533410102899779, 747.036612917209823 ], [ 855.488255476386826, 735.578468426231325 ], [ 841.165574860133688, 732.077368721242465 ], [ 832.551789573858059, 766.286731022838353 ], [ 794.062251321260078, 758.674782025339937 ], [ 803.704449034120444, 719.056416984727434 ], [ 838.867326811153248, 726.288498229346374 ], [ 844.603115385580736, 697.609555363351205 ], [ 876.773407813448102, 706.337929279005152 ], [ 878.020318375249758, 699.355230147828706 ], [ 891.486952416374038, 703.844108161895861 ], [ 890.240041857818937, 708.831750398038366 ], [ 898.220269440122593, 712.073717853550875 ], [ 898.13801552296195, 717.118124525275107 ] ] ] } },
{ "type": "Feature", "properties": { "feature_type": "building", "subtype": "no-damage", "uid": "06ff83c1-81a4-43dc-86c8-7396d662f6dd" }, "geometry": { "type": "Polygon", "coordinates": [ [ [ 435.164660441360809, 464.436178922319925 ], [ 444.890562804054412, 432.515268602735887 ], [ 459.853489516214324, 436.754764505284584 ], [ 449.628822930363185, 470.171967496865591 ], [ 435.164660441360809, 464.436178922319925 ] ] ] } },
{ "type": "Feature", "properties": { "feature_type": "building", "subtype": "no-damage", "uid": "b9ee5ae2-c1ad-4650-a4ca-0da710f20fb7" }, "geometry": { "type": "Polygon", "coordinates": [ [ [ 499.901161998866428, 431.208033237150119 ], [ 516.900736677178884, 435.702173668714408 ], [ 504.590699839637921, 479.666590944222492 ], [ 486.614138109766884, 477.517219432261584 ], [ 499.901161998866428, 431.208033237150119 ] ] ] } },
{ "type": "Feature", "properties": { "feature_type": "building", "subtype": "no-damage", "uid": "4118ff3d-9a48-4c88-a169-7c2f95d3850f" }, "geometry": { "type": "Polygon", "coordinates": [ [ [ 436.57427746114422, 379.725502392542182 ], [ 447.51653242871572, 362.921325122719679 ], [ 464.125312288617181, 372.105003397338521 ], [ 454.94163401122978, 390.081565127443525 ], [ 436.57427746114422, 379.725502392542182 ] ] ] } },
{ "type": "Feature", "properties": { "feature_type": "building", "subtype": "no-damage", "uid": "9f9aaed1-43bc-4cf7-a96b-f68bed490634" }, "geometry": { "type": "Polygon", "coordinates": [ [ [ 77.686989409992492, 507.584952607555124 ], [ 103.373346934287298, 504.093603040523988 ], [ 105.867168054283198, 526.787375221416823 ], [ 82.425249538465707, 530.02934267789135 ], [ 77.686989409992492, 507.584952607555124 ] ] ] } },
{ "type": "Feature", "properties": { "feature_type": "building", "subtype": "no-damage", "uid": "e199e4cb-a2df-4e4d-9711-d5af66823682" }, "geometry": { "type": "Polygon", "coordinates": [ [ [ 86.091800152646456, 462.703778171453791 ], [ 84.595507483053694, 443.501355555668283 ], [ 101.054726866850501, 443.501355554706379 ], [ 99.807816303004884, 447.99023356877359 ], [ 107.039897548828705, 446.743323011181019 ], [ 107.788043883264393, 465.945745625042719 ], [ 94.820174066740464, 466.693891960560222 ], [ 94.072027730260729, 462.205013947454916 ], [ 86.091800152646456, 462.703778171453791 ] ] ] } },
{ "type": "Feature", "properties": { "feature_type": "building", "subtype": "no-damage", "uid": "90da33e5-27a1-40ca-a7bd-742781ce9fc3" }, "geometry": { "type": "Polygon", "coordinates": [ [ [ 42.253975900702947, 524.49986877629442 ], [ 79.574881229813172, 520.787317984918445 ], [ 80.942663099061235, 533.683547050913148 ], [ 72.14977964525508, 535.637521152346039 ], [ 70.391202952906696, 540.717853815494664 ], [ 61.793716907945317, 541.890238276739183 ], [ 61.402922088331927, 546.775173528397772 ], [ 43.035565538607088, 548.924545040358794 ], [ 42.253975900702947, 524.49986877629442 ] ] ] } },
{ "type": "Feature", "properties": { "feature_type": "building", "subtype": "no-damage", "uid": "0a6d5bcf-f906-49e6-846d-adae44d38c64" }, "geometry": { "type": "Polygon", "coordinates": [ [ [ 403.771188875888583, 501.423069078619505 ], [ 423.721757826116573, 505.911947090763022 ], [ 418.983497700288581, 524.11684125758859 ], [ 398.28478241514398, 518.879816909927627 ], [ 403.771188875888583, 501.423069078619505 ] ] ] } },
{ "type": "Feature", "properties": { "feature_type": "building", "subtype": "no-damage", "uid": "054ad831-9d5b-4d28-9f17-fffd1a2ece8a" }, "geometry": { "type": "Polygon", "coordinates": [ [ [ 435.403558122019319, 507.254535724874586 ], [ 449.029367665741177, 508.632426577750607 ], [ 448.263872751831912, 516.134276778451863 ], [ 452.550644291776109, 516.593573727807325 ], [ 450.101060552380488, 524.554720878825947 ], [ 448.723169702389896, 529.147690388733054 ], [ 431.269885559542274, 527.310502587463588 ], [ 435.403558122019319, 507.254535724874586 ] ] ] } },
{ "type": "Feature", "properties": { "feature_type": "building", "subtype": "no-damage", "uid": "c39b3703-dff2-452d-9ddd-7374fed7d9f9" }, "geometry": { "type": "Polygon", "coordinates": [ [ [ 699.937404784183173, 546.560376079210755 ], [ 716.186092067479422, 481.971844129856379 ], [ 734.05964807783073, 483.190495676469993 ], [ 731.622344986045732, 490.096187771381494 ], [ 735.278299622039867, 490.908622136111092 ], [ 736.903168349816497, 479.128323855707492 ], [ 764.525936729953173, 483.596712858353783 ], [ 763.713502365824411, 490.90862213707311 ], [ 769.806760099254916, 492.127273681762688 ], [ 765.744588280054018, 496.189445503487093 ], [ 778.337320919540502, 500.657834506133497 ], [ 774.68136628270463, 505.126223508779901 ], [ 780.368406832207029, 510.407046875193998 ], [ 771.837846007352255, 549.810113534281754 ], [ 765.33837109444255, 549.403896352397851 ], [ 762.088633642256241, 557.528239993922853 ], [ 699.937404784183173, 546.560376079210755 ] ] ] } },
{ "type": "Feature", "properties": { "feature_type": "building", "subtype": "no-damage", "uid": "5b262fd1-7722-4a66-a7fb-ecf7db657615" }, "geometry": { "type": "Polygon", "coordinates": [ [ [ 642.254564931764094, 528.686820068625252 ], [ 667.033813039554389, 455.567727295862085 ], [ 688.157106502693182, 460.848550663238086 ], [ 662.565424032337319, 535.592512163536753 ], [ 642.254564931764094, 528.686820068625252 ] ] ] } },
{ "type": "Feature", "properties": { "feature_type": "building", "subtype": "no-damage", "uid": "d042a49c-5510-47f4-92cb-04aa124b70f6" }, "geometry": { "type": "Polygon", "coordinates": [ [ [ 309.653030116804587, 992.833345142266012 ], [ 314.152263841829608, 978.975693868035933 ], [ 326.518754355384885, 984.436492282226595 ], [ 327.315766354477489, 974.671857550414529 ], [ 346.814191098136291, 977.921595007409337 ], [ 344.376888002263172, 992.139196380078033 ], [ 350.8763629145717, 994.982716654227033 ], [ 352.907448823751281, 990.514327650618725 ], [ 363.875312741833909, 994.57649947234313 ], [ 363.062878378787275, 1000.263540021603035 ], [ 370.781004834823989, 999.857322839719245 ], [ 365.500181468047288, 1016.512227304653038 ], [ 357.375837828082581, 1013.668707028580002 ], [ 352.616793553357979, 1022.979202523184995 ], [ 349.846087386559702, 1022.979190695485045 ], [ 338.283630270155413, 1017.730878849342957 ], [ 338.689847453001278, 1003.107060295752035 ], [ 309.035993162121883, 998.232454111221841 ], [ 309.653030116804587, 992.833345142266012 ] ] ] } },
{ "type": "Feature", "properties": { "feature_type": "building", "subtype": "no-damage", "uid": "8ff645f7-c685-4987-9da7-f62180dddf6d" }, "geometry": { "type": "Polygon", "coordinates": [ [ [ 370.658966139590518, 1022.979274547490945 ], [ 371.705669519402988, 1021.131365684527964 ], [ 387.954356800534981, 1021.131365685489982 ], [ 392.828962984585985, 975.635041294296457 ], [ 396.484917622624209, 976.853692839948053 ], [ 396.891134804267779, 964.667177376698646 ], [ 411.514953359667174, 965.073394561468263 ], [ 401.535418444278207, 1022.979377687805027 ], [ 370.658966139590518, 1022.979274547490945 ] ] ] } },
{ "type": "Feature", "properties": { "feature_type": "building", "subtype": "no-damage", "uid": "b7beee3e-adc4-4088-b351-c2377715d52e" }, "geometry": { "type": "Polygon", "coordinates": [ [ [ 401.527343124537992, 1022.979377663756964 ], [ 406.640347178141326, 991.883728576384556 ], [ 414.764690815580991, 988.633991120351652 ], [ 420.857948550213791, 997.976986306566346 ], [ 441.57502483194969, 997.976986306566346 ], [ 441.575024827260279, 1022.979473616647056 ], [ 401.527343124537992, 1022.979377663756964 ] ] ] } },
{ "type": "Feature", "properties": { "feature_type": "building", "subtype": "no-damage", "uid": "3146ed9a-64f5-43ed-b17b-8d8d595b2622" }, "geometry": { "type": "Polygon", "coordinates": [ [ [ 471.716411228407082, 1022.979517656938015 ], [ 473.123880574715372, 1015.170987722844984 ], [ 478.852952819485211, 1016.762396681582004 ], [ 479.489516401248693, 1009.123633685993013 ], [ 498.904705680027178, 1010.71504264280702 ], [ 501.450960010568394, 1019.945214595208995 ], [ 510.362850167763213, 1020.900059968334972 ], [ 510.681131962131872, 1007.532224729180029 ], [ 534.552266316261239, 1013.897860557395006 ], [ 534.870548110509731, 1016.762396681582004 ], [ 546.965256182774851, 1017.717242056632017 ], [ 550.697440865154363, 1022.979518264868034 ], [ 471.716411228407082, 1022.979517656938015 ] ] ] } },
{ "type": "Feature", "properties": { "feature_type": "building", "subtype": "no-damage", "uid": "1f907592-3fd7-4739-864e-3ebedf33dba0" }, "geometry": { "type": "Polygon", "coordinates": [ [ [ 589.051311390774345, 994.004174875622084 ], [ 596.09386464007855, 972.417218176076631 ], [ 583.2335500120696, 965.987060862014346 ], [ 581.243263222991573, 968.89594155184659 ], [ 569.760839447979265, 964.762268993218754 ], [ 576.650293711279232, 945.012500098790611 ], [ 624.417176619692782, 963.996774073778738 ], [ 625.029572556255061, 968.589743584647749 ], [ 636.205798365872056, 973.642010045834127 ], [ 627.632255278648927, 1004.568004749273996 ], [ 589.051311390774345, 994.004174875622084 ] ] ] } },
{ "type": "Feature", "properties": { "feature_type": "building", "subtype": "no-damage", "uid": "899b0693-7385-4c9f-a87d-df4c30238763" }, "geometry": { "type": "Polygon", "coordinates": [ [ [ 371.907080584693972, 403.929228663152628 ], [ 383.236405376708092, 404.694723580668892 ], [ 381.552316555670814, 427.659571133090196 ], [ 369.763694813218876, 426.740977232455521 ], [ 371.907080584693972, 403.929228663152628 ] ] ] } },
{ "type": "Feature", "properties": { "feature_type": "building", "subtype": "no-damage", "uid": "bb9c3120-cad6-4cfc-8425-4adbf5a50980" }, "geometry": { "type": "Polygon", "coordinates": [ [ [ 7.826894214542327, 233.835737883322793 ], [ 17.205969900053109, 235.594314574227809 ], [ 21.504712923014761, 225.433649249854511 ], [ 30.102198968457088, 229.14620004219239 ], [ 30.297596380307851, 233.05414824409641 ], [ 33.423954940100707, 233.835737883322793 ], [ 27.757430046327901, 248.881338463202411 ], [ 5.677522704985334, 243.019416159865386 ], [ 7.826894214542327, 233.835737883322793 ] ] ] } },
{ "type": "Feature", "properties": { "feature_type": "building", "subtype": "no-damage", "uid": "bcc5e922-b0c4-4353-82bb-65e6d7da6a9b" }, "geometry": { "type": "Polygon", "coordinates": [ [ [ 7.752171976624441, 295.111367687473489 ], [ 16.98234392542248, 265.192879295538773 ], [ 11.8898352650615, 261.373497797263383 ], [ 12.691643490296491, 257.569189485834215 ], [ 0.000000003366701, 254.655515133842499 ], [ -0.000000000360718, 248.922155928094497 ], [ 19.646866131985309, 253.809609677619392 ], [ 25.628751689522929, 254.457135870298089 ], [ 26.99653355756859, 252.112366948770898 ], [ 39.306570392945297, 254.652533281788095 ], [ 38.13418593602897, 263.640814144916817 ], [ 44.386903060183784, 262.468429684634089 ], [ 45.5592875173406, 266.96257011716051 ], [ 46.340877160054319, 267.157967525764718 ], [ 48.294851259684378, 259.342071122918583 ], [ 56.110747664216582, 262.663827094200315 ], [ 43.409916004777621, 304.86966767880358 ], [ 7.752171976624441, 295.111367687473489 ] ] ] } },
{ "type": "Feature", "properties": { "feature_type": "building", "subtype": "no-damage", "uid": "09ee7a39-4800-4483-a1ec-ebe540a916cf" }, "geometry": { "type": "Polygon", "coordinates": [ [ [ 303.314451011840674, 698.187149784310691 ], [ 313.817750131740979, 707.09903994535 ], [ 317.000568043204112, 705.189349196212333 ], [ 383.839744239119, 751.021927160126097 ], [ 379.065517370962425, 761.525226276054696 ], [ 367.925654669539085, 783.486669883923696 ], [ 361.878300633045797, 779.349006596209506 ], [ 358.695482719177903, 781.576979134786029 ], [ 350.10187434901718, 779.030724804846955 ], [ 351.693283306792921, 773.619934350720314 ], [ 337.05232090122098, 766.617734937856767 ], [ 344.962965198619372, 754.642983925786893 ], [ 319.066994135385983, 738.9688084741897 ], [ 322.093076705849626, 734.152992214059168 ], [ 310.953214005748919, 722.69484772308067 ], [ 301.40476026306311, 734.789555796784384 ], [ 287.40036143997628, 717.920620854565072 ], [ 303.314451011840674, 698.187149784310691 ] ] ] } },
{ "type": "Feature", "properties": { "feature_type": "building", "subtype": "no-damage", "uid": "dc9b03e7-ff85-4302-86cf-dd575891be4e" }, "geometry": { "type": "Polygon", "coordinates": [ [ [ 272.747813017679221, 790.188559419526541 ], [ 277.632748270902596, 776.706138120985884 ], [ 274.897184529520814, 775.533753660703269 ], [ 279.586722371614826, 758.729576390880766 ], [ 291.310566978533416, 762.442127183218645 ], [ 289.551990288950492, 768.69484430664977 ], [ 305.574577919071089, 776.119945890363624 ], [ 294.827720360945591, 798.981442874051027 ], [ 272.747813017679221, 790.188559419526541 ] ] ] } },
{ "type": "Feature", "properties": { "feature_type": "building", "subtype": "no-damage", "uid": "abae600a-4b13-4101-a986-4b47476c1130" }, "geometry": { "type": "Polygon", "coordinates": [ [ [ 350.235025617628082, 782.063525505310167 ], [ 370.360958860903679, 786.166871117742289 ], [ 369.579369219151886, 790.465614140702428 ], [ 376.027483752993078, 791.833396009589251 ], [ 376.027483753954982, 802.38485615501861 ], [ 370.165561449413588, 801.407869105264012 ], [ 366.843805476567582, 809.223765510034013 ], [ 343.982308497681572, 803.55724061626313 ], [ 350.235025617628082, 782.063525505310167 ] ] ] } },
{ "type": "Feature", "properties": { "feature_type": "building", "subtype": "no-damage", "uid": "e5cd2c81-724f-4da8-a7eb-5bce0c3a7be3" }, "geometry": { "type": "Polygon", "coordinates": [ [ [ 314.672696978461374, 781.086538453631761 ], [ 312.132530647607723, 788.511640038307519 ], [ 327.373528636337312, 790.66101155026854 ], [ 345.740885186302592, 793.982767520588368 ], [ 339.683565473637827, 811.763931840165355 ], [ 339.683565475561579, 817.430456733936239 ], [ 302.362660141762092, 810.591547379882741 ], [ 305.293621293191109, 797.499920902398117 ], [ 308.029185034693228, 787.925447808647164 ], [ 309.787761726801079, 788.707037448835536 ], [ 311.741735829196728, 780.304948814405293 ], [ 314.672696978461374, 781.086538453631761 ] ] ] } },
{ "type": "Feature", "properties": { "feature_type": "building", "subtype": "no-damage", "uid": "8f3a3e26-9868-4635-85fd-4b5a7e2e57b1" }, "geometry": { "type": "Polygon", "coordinates": [ [ [ 316.606453114562214, 764.360972296097771 ], [ 328.088876889334017, 767.88224892225162 ], [ 324.26140229850489, 780.895662535418637 ], [ 312.932077506851613, 778.599177780946093 ], [ 316.606453114562214, 764.360972296097771 ] ] ] } },
{ "type": "Feature", "properties": { "feature_type": "building", "subtype": "no-damage", "uid": "1a2f08d8-e5b6-4c53-923f-c9089e2bea92" }, "geometry": { "type": "Polygon", "coordinates": [ [ [ 470.718828095452295, 502.101940867576616 ], [ 489.671868598643812, 510.830314783230619 ], [ 483.936080026981813, 524.047566713913852 ], [ 465.980567972389792, 519.309306587366109 ], [ 467.227478530103326, 512.326607454265741 ], [ 470.718828095452295, 502.101940867576616 ] ] ] } },
{ "type": "Feature", "properties": { "feature_type": "building", "subtype": "no-damage", "uid": "d46288e4-b5d6-4c63-aaba-94ad59d3546c" }, "geometry": { "type": "Polygon", "coordinates": [ [ [ 191.582736692533388, 167.406549237389498 ], [ 206.368952321884905, 161.2502552836348 ], [ 214.817307465139692, 191.914247176159506 ], [ 208.451671636081187, 192.232528967522086 ], [ 208.4516716375241, 186.821738513395587 ], [ 196.993527148345208, 189.686274637583011 ], [ 191.582736692533388, 167.406549237389498 ] ] ] } },
{ "type": "Feature", "properties": { "feature_type": "building", "subtype": "no-damage", "uid": "dcb6748d-51f6-427b-bed3-caec3aefa945" }, "geometry": { "type": "Polygon", "coordinates": [ [ [ 217.363561797845193, 158.494659078273997 ], [ 224.684042999188193, 155.94840474737299 ], [ 232.3228059922547, 175.363594021455214 ], [ 225.002324790671196, 178.546411937967207 ], [ 217.363561797845193, 158.494659078273997 ] ] ] } },
{ "type": "Feature", "properties": { "feature_type": "building", "subtype": "no-damage", "uid": "e120b802-3471-4865-9f38-d375920c3563" }, "geometry": { "type": "Polygon", "coordinates": [ [ [ 218.954970754779112, 182.684075225681397 ], [ 234.232496741272797, 180.456102686142998 ], [ 236.778751074098608, 188.094865678846105 ], [ 220.546379713516586, 190.95940180399549 ], [ 218.954970754779112, 182.684075225681397 ] ] ] } },
{ "type": "Feature", "properties": { "feature_type": "building", "subtype": "no-damage", "uid": "6dc2be8f-0ebf-47e0-ba3e-ff571856793f" }, "geometry": { "type": "Polygon", "coordinates": [ [ [ 241.871259734219109, 148.309641753708007 ], [ 250.464868103898795, 139.079469803229813 ], [ 260.238337469675287, 146.139053280407808 ], [ 247.600331980311495, 160.404349825487913 ], [ 241.871259734219109, 148.309641753708007 ] ] ] } },
{ "type": "Feature", "properties": { "feature_type": "building", "subtype": "no-damage", "uid": "c34f2528-c100-4b41-b087-bdd65a474095" }, "geometry": { "type": "Polygon", "coordinates": [ [ [ 513.338057056424304, 181.047811515344904 ], [ 550.246609614087561, 186.783600088928694 ], [ 548.750316947500778, 200.000852018649908 ], [ 537.528121912929919, 198.255177235134397 ], [ 536.031829236363251, 202.744055249201608 ], [ 542.016999925555865, 204.739112145197709 ], [ 529.797276439379516, 221.63020914316499 ], [ 509.347943268999984, 216.460071402921898 ], [ 513.338057056424304, 181.047811515344904 ] ] ] } },
{ "type": "Feature", "properties": { "feature_type": "building", "subtype": "no-damage", "uid": "77445304-3d48-44e3-a276-31a54088f974" }, "geometry": { "type": "Polygon", "coordinates": [ [ [ 669.217522738301113, 1022.119474227491992 ], [ 659.727699970626873, 1019.971460011441991 ], [ 658.959890831002667, 1017.832702684783953 ], [ 656.204109123085459, 1016.454811831908046 ], [ 658.194395912644495, 1005.431685006976977 ], [ 673.504294280409681, 1009.871555534727008 ], [ 669.217522738301113, 1022.119474227491992 ] ] ] } },
{ "type": "Feature", "properties": { "feature_type": "building", "subtype": "no-damage", "uid": "f3f0770b-d660-49b7-99b9-06f20b86aae9" }, "geometry": { "type": "Polygon", "coordinates": [ [ [ 657.627530509372491, 1001.975113558662997 ], [ 665.334669114700432, 980.545508655493791 ], [ 675.297555607218669, 984.493067453445974 ], [ 673.229786708683832, 990.038447668494655 ], [ 676.989366517741587, 990.602384640592618 ], [ 678.869156420406739, 985.620941395718091 ], [ 705.186215071306378, 993.798027474785613 ], [ 697.306002851701464, 1016.550698125389999 ], [ 673.076724001523303, 1007.367019848847008 ], [ 675.226095510238565, 999.746520855567383 ], [ 671.318147311339203, 997.010957112984102 ], [ 667.800993925921034, 1005.803840568470036 ], [ 657.627530509372491, 1001.975113558662997 ] ] ] } },
{ "type": "Feature", "properties": { "feature_type": "building", "subtype": "no-damage", "uid": "ae69beed-36e3-47b7-89a1-749de0aef90a" }, "geometry": { "type": "Polygon", "coordinates": [ [ [ 759.077714788976436, 923.818857613710065 ], [ 797.96179940315335, 938.278265962005321 ], [ 797.180209763084918, 943.163201215587719 ], [ 804.605311344156007, 948.829726109358489 ], [ 797.375607171929687, 961.921352585881209 ], [ 790.145902997057988, 957.427212152393054 ], [ 792.099877097169042, 950.979097619395702 ], [ 752.23880543480027, 936.128894451006204 ], [ 759.077714788976436, 923.818857613710065 ] ] ] } },
{ "type": "Feature", "properties": { "feature_type": "building", "subtype": "no-damage", "uid": "7cf563ec-e464-40ee-95a9-042e133d2ce0" }, "geometry": { "type": "Polygon", "coordinates": [ [ [ 779.789840259748303, 949.41591833805694 ], [ 781.743814361662885, 949.025123517962811 ], [ 792.099877097169042, 950.979097619395702 ], [ 790.145902997057988, 957.427212152393054 ], [ 797.375607171929687, 961.921352585881209 ], [ 795.226235660809607, 977.74854280498721 ], [ 772.169341267908521, 968.760261938972803 ], [ 779.789840259748303, 949.41591833805694 ] ] ] } },
{ "type": "Feature", "properties": { "feature_type": "building", "subtype": "no-damage", "uid": "6ba83276-62e2-492e-90b4-72ea43624ab7" }, "geometry": { "type": "Polygon", "coordinates": [ [ [ 798.43309872909208, 865.18482979744374 ], [ 811.32932779653413, 867.920393538103212 ], [ 824.420954271738879, 873.391521020384062 ], [ 838.489567804754529, 875.931687354363021 ], [ 837.707978161680103, 883.552186348604891 ], [ 835.754004058202327, 888.241724190697369 ], [ 835.16781182974421, 903.482722178219205 ], [ 828.719697294580214, 901.724145487314217 ], [ 825.788736144834616, 910.712426353328738 ], [ 798.237701319525854, 902.310337716974573 ], [ 795.697534987710242, 906.413683329406695 ], [ 791.007997145014997, 904.850504048067933 ], [ 795.697534986147161, 880.425827785927481 ], [ 807.030584772370162, 881.98900706726613 ], [ 807.812174413400498, 879.839635555305108 ], [ 798.628496139500044, 877.494866633777974 ], [ 798.43309872909208, 865.18482979744374 ] ] ] } },
{ "type": "Feature", "properties": { "feature_type": "building", "subtype": "no-damage", "uid": "2377642f-f5fe-4602-bae4-a8590042f6e0" }, "geometry": { "type": "Polygon", "coordinates": [ [ [ 769.318884622804831, 927.32120621262311 ], [ 779.088755126967158, 900.551761025107794 ], [ 797.651509090105833, 907.97686261363117 ], [ 794.525150527066444, 922.436270960002616 ], [ 791.594189376839836, 924.390245060473717 ], [ 794.525150525743811, 927.712001031755449 ], [ 791.594189375998212, 931.619949234621345 ], [ 788.858625632933013, 935.137102615469189 ], [ 769.318884622804831, 927.32120621262311 ] ] ] } },
{ "type": "Feature", "properties": { "feature_type": "building", "subtype": "no-damage", "uid": "38630fc2-cdd8-4bc3-b773-a9bcdc097424" }, "geometry": { "type": "Polygon", "coordinates": [ [ [ 673.324054871249359, 978.386286444153257 ], [ 683.015324347593719, 946.681534652876394 ], [ 714.7483058147169, 956.501776510220338 ], [ 713.966716174648468, 961.386711763802737 ], [ 714.943703223922398, 966.467044427913152 ], [ 705.186215071306378, 993.798027474785613 ], [ 701.656679338550362, 989.914733639337214 ], [ 684.461707251513303, 985.811388027866997 ], [ 684.26630983821974, 981.708042415434988 ], [ 673.324054871249359, 978.386286444153257 ] ] ] } },
{ "type": "Feature", "properties": { "feature_type": "building", "subtype": "no-damage", "uid": "dd9eec2b-4a27-44bc-ab35-ecafdc79bfff" }, "geometry": { "type": "Polygon", "coordinates": [ [ [ 734.783214201839542, 897.116413708243158 ], [ 740.645136505899927, 883.829389819268613 ], [ 753.345968165459226, 889.886709535057435 ], [ 738.886559818240926, 925.839832993343748 ], [ 713.094101679388928, 915.092975437386372 ], [ 715.243473192192369, 910.012642775199652 ], [ 708.795358661116552, 907.472476444106405 ], [ 716.415857651272972, 893.013068096773054 ], [ 722.668574776750461, 895.162439605848249 ], [ 725.208741108085178, 893.208465506339166 ], [ 734.783214201839542, 897.116413708243158 ] ] ] } },
{ "type": "Feature", "properties": { "feature_type": "building", "subtype": "no-damage", "uid": "0928f4a2-d254-4892-83cd-e8cbb939b941" }, "geometry": { "type": "Polygon", "coordinates": [ [ [ 170.995009871401209, 479.13736474432568 ], [ 173.222982411902308, 457.494202927819288 ], [ 187.997222261605003, 459.515006681715874 ], [ 182.795721458639207, 480.656632116632125 ], [ 170.995009871401209, 479.13736474432568 ] ] ] } },
{ "type": "Feature", "properties": { "feature_type": "building", "subtype": "no-damage", "uid": "f3a450cb-a93a-40f9-9a95-52084f5acb59" }, "geometry": { "type": "Polygon", "coordinates": [ [ [ 411.642687141395015, 500.081910022517491 ], [ 415.383418818142388, 489.109097099349015 ], [ 425.358703292955795, 492.351064552937714 ], [ 423.613028510762206, 502.825113253069219 ], [ 411.642687141395015, 500.081910022517491 ] ] ] } },
{ "type": "Feature", "properties": { "feature_type": "building", "subtype": "no-damage", "uid": "e634fbc5-99a9-4b75-a22a-330e63358304" }, "geometry": { "type": "Polygon", "coordinates": [ [ [ 835.541837351475806, 835.043561345775856 ], [ 836.880000002840461, 835.970000001150083 ], [ 833.900929081249274, 835.988302965803541 ], [ 830.081700972976137, 859.637375328362509 ], [ 818.664054336022105, 858.585900406815995 ], [ 819.054849154553381, 866.597194222113899 ], [ 797.365736633305119, 862.884643427852211 ], [ 797.951928863085982, 854.482554794383873 ], [ 791.894609150421161, 853.310170333139354 ], [ 794.825570304735948, 837.287582706391049 ], [ 805.377030446561889, 837.678377525523388 ], [ 806.989999998910776, 828.559999999996876 ], [ 812.959414252224633, 828.035223142098062 ], [ 835.541837351475806, 835.043561345775856 ] ] ] } },
{ "type": "Feature", "properties": { "feature_type": "building", "subtype": "no-damage", "uid": "566d4d70-becc-407b-ab6e-b111d1796f7d" }, "geometry": { "type": "Polygon", "coordinates": [ [ [ 842.893333189687155, 800.943664426086684 ], [ 839.376179808357051, 824.586751049000668 ], [ 845.042704699725164, 826.931519970527802 ], [ 843.870320240283718, 835.919800835580304 ], [ 837.74999999948875, 835.960000000143737 ], [ 835.763338648037802, 834.58877807702811 ], [ 813.013562603358878, 827.5285027544287 ], [ 807.08000000375921, 828.050000000618411 ], [ 812.802132033885528, 795.667934351448139 ], [ 842.893333189687155, 800.943664426086684 ] ] ] } },
{ "type": "Feature", "properties": { "feature_type": "building", "subtype": "no-damage", "uid": "6d1d7cc4-2ad5-4b4d-9da8-ad09bf777a64" }, "geometry": { "type": "Polygon", "coordinates": [ [ [ 874.645147684418703, 809.963670794565701 ], [ 893.794093877698856, 814.0670164050739 ], [ 896.920452435808443, 808.205094102698922 ], [ 916.264796038534655, 811.526850074942558 ], [ 914.897014167483007, 820.515130939995061 ], [ 918.804962372033629, 820.515130939995061 ], [ 908.644297043087704, 881.273616500374715 ], [ 876.012929555951246, 877.001077182152017 ], [ 881.484057037753132, 843.962820153342932 ], [ 874.449750275453653, 842.790435691136508 ], [ 874.645147684418703, 809.963670794565701 ] ] ] } },
{ "type": "Feature", "properties": { "feature_type": "building", "subtype": "no-damage", "uid": "5571ee04-eaad-47f6-b646-a34d85e5164e" }, "geometry": { "type": "Polygon", "coordinates": [ [ [ 939.438394468675824, 721.112990228491981 ], [ 969.904683123203085, 726.80003077871379 ], [ 967.467380030335903, 738.986546240039388 ], [ 962.592773848689603, 738.986546238115579 ], [ 961.780339481915689, 752.797930431786199 ], [ 968.279814396388474, 752.79793042986239 ], [ 975.185506490701187, 728.42489950624929 ], [ 990.621759411672315, 731.674636962282193 ], [ 985.340936042009844, 792.200997089911993 ], [ 974.373072128135504, 790.982345545222302 ], [ 973.154420578996564, 784.889087812154798 ], [ 957.311950479147413, 780.826915991392298 ], [ 960.155470753417717, 776.764744169667892 ], [ 944.313000653688846, 773.108789533674894 ], [ 947.562738111887143, 747.517107062486389 ], [ 935.376222650917953, 732.893288508895694 ], [ 939.438394468675824, 721.112990228491981 ] ] ] } },
{ "type": "Feature", "properties": { "feature_type": "building", "subtype": "no-damage", "uid": "71870fc6-f944-4868-af0b-95b1130f79a2" }, "geometry": { "type": "Polygon", "coordinates": [ [ [ 958.915032167229583, 660.730342390967166 ], [ 986.131583365963138, 662.761428303272169 ], [ 986.131583363919162, 668.448468850608265 ], [ 991.006189550014255, 673.32307503321465 ], [ 988.975103642517979, 706.226666782160464 ], [ 976.788588176739154, 701.758277779514174 ], [ 972.320199174331719, 710.69505578288306 ], [ 972.320199173369815, 715.163444786491368 ], [ 954.852860346946613, 712.319924511380464 ], [ 957.290163438250602, 705.414232418392771 ], [ 958.10259780141746, 698.914757505365174 ], [ 951.196905708307099, 697.696105958751673 ], [ 958.915032167229583, 660.730342390967166 ] ] ] } },
{ "type": "Feature", "properties": { "feature_type": "building", "subtype": "no-damage", "uid": "dd50be8e-c16c-4cb7-a118-71b966cff4dd" }, "geometry": { "type": "Polygon", "coordinates": [ [ [ 1022.975780064536025, 659.95299709822757 ], [ 1014.023561458471022, 657.953756739157484 ], [ 1019.43435190935304, 624.215886850871243 ], [ 1022.975778801062006, 621.500196125088905 ], [ 1022.975780064536025, 659.95299709822757 ] ] ] } },
{ "type": "Feature", "properties": { "feature_type": "building", "subtype": "no-damage", "uid": "f6aa964a-b37b-4862-8b86-dae6d0228d85" }, "geometry": { "type": "Polygon", "coordinates": [ [ [ 969.145828865743169, 640.766540003651698 ], [ 978.694282608068306, 605.437261156628551 ], [ 986.96960918530317, 607.34695190384241 ], [ 989.515863518128867, 613.712587733018722 ], [ 999.700880843780624, 619.123378188107267 ], [ 1003.520262343500008, 613.712587733018722 ], [ 1011.795588917849045, 613.712587733018722 ], [ 1013.068716082217975, 620.714787143958461 ], [ 1019.43435190935304, 624.215886850871243 ], [ 1018.797788330474987, 634.719185966799841 ], [ 1013.386997876948044, 632.809495217662175 ], [ 1008.612771002539034, 641.72138537773958 ], [ 992.062117848790308, 636.628876715937508 ], [ 986.333045604381255, 645.540766874091105 ], [ 969.145828865743169, 640.766540003651698 ] ] ] } },
{ "type": "Feature", "properties": { "feature_type": "building", "subtype": "no-damage", "uid": "38229b9c-5553-4c37-b5a7-0943e3f6459c" }, "geometry": { "type": "Polygon", "coordinates": [ [ [ 903.212535138366434, 428.893357131842777 ], [ 920.273656784468812, 425.237402493926027 ], [ 922.304742696413882, 441.486089776014182 ], [ 905.649838231714511, 443.923392869241184 ], [ 903.212535138366434, 428.893357131842777 ] ] ] } },
{ "type": "Feature", "properties": { "feature_type": "building", "subtype": "no-damage", "uid": "59bb57a4-06ba-4d67-a348-46e33bd8883e" }, "geometry": { "type": "Polygon", "coordinates": [ [ [ 792.948465260395096, 611.123483262906802 ], [ 794.120849720437604, 588.652781101237338 ], [ 831.050960233421392, 592.560729303141329 ], [ 828.315396487951489, 617.766995207394075 ], [ 792.948465260395096, 611.123483262906802 ] ] ] } },
{ "type": "Feature", "properties": { "feature_type": "building", "subtype": "no-damage", "uid": "a0a36052-c69e-4e83-bff8-14341bbaaab4" }, "geometry": { "type": "Polygon", "coordinates": [ [ [ 815.028372601978162, 578.687513184506429 ], [ 829.878575769290705, 580.836884697429355 ], [ 829.87857577025261, 585.526422538559927 ], [ 835.74049807226902, 586.308012177786395 ], [ 834.3727162015781, 593.53771635578164 ], [ 814.832975192532217, 590.215960381614195 ], [ 815.028372601978162, 578.687513184506429 ] ] ] } },
{ "type": "Feature", "properties": { "feature_type": "building", "subtype": "no-damage", "uid": "08728b6f-ce57-40e5-bc6e-0985ffe9edc4" }, "geometry": { "type": "Polygon", "coordinates": [ [ [ 468.561122869001679, 637.536117952235372 ], [ 472.154902432564199, 655.218883112473463 ], [ 473.746311392263578, 670.814690891166151 ], [ 466.425830191521811, 672.406099847979249 ], [ 468.017239145449821, 675.270635970242893 ], [ 455.922531071862124, 677.81689030210589 ], [ 454.649403906170619, 674.315790597116916 ], [ 439.053596126871298, 676.862044927056104 ], [ 433.642805673223677, 662.221082522451297 ], [ 433.671035348938574, 652.354346988286011 ], [ 428.550297009736482, 646.306992951434154 ], [ 430.74712255646682, 642.551825055202698 ], [ 439.930800831569627, 637.862287214072126 ], [ 441.689377524639383, 638.643876854260611 ], [ 454.967685698375021, 632.939157713241912 ], [ 468.561122869001679, 637.536117952235372 ] ] ] } },
{ "type": "Feature", "properties": { "feature_type": "building", "subtype": "no-damage", "uid": "7640e92d-66b5-4582-848f-9be2e47bab30" }, "geometry": { "type": "Polygon", "coordinates": [ [ [ 380.533670115065206, 708.048499110285093 ], [ 379.247231947947284, 710.621375435381765 ], [ 393.955339201057996, 714.425196277427744 ], [ 397.080126538895115, 717.069247099410518 ], [ 398.072572908515326, 724.512594864044218 ], [ 398.710000000755826, 725.469999999242418 ], [ 398.515426385541673, 725.397841990046459 ], [ 383.839744239119, 751.021927160126097 ], [ 357.138793505018725, 730.490350654734243 ], [ 360.321611417924714, 719.350487953194602 ], [ 370.360000000537184, 705.870000000725213 ], [ 372.867948637625318, 708.037589265186625 ], [ 376.379128766523024, 705.278804880008806 ], [ 380.533670115065206, 708.048499110285093 ] ] ] } },
{ "type": "Feature", "properties": { "feature_type": "building", "subtype": "no-damage", "uid": "4e45ae03-221b-4667-8af9-180490705d76" }, "geometry": { "type": "Polygon", "coordinates": [ [ [ 394.66753334741162, 675.242554192962075 ], [ 403.390024413520109, 683.217403166917506 ], [ 411.359471762925182, 689.194488680231757 ], [ 414.000000001065985, 692.180000000549626 ], [ 410.291852669209504, 696.434198972199738 ], [ 416.020924913738781, 702.481553009051481 ], [ 419.522024619089677, 698.980453304062621 ], [ 423.341406117246208, 702.163271218650834 ], [ 403.607935050712172, 727.307532739184239 ], [ 399.510000002624281, 725.76999999961231 ], [ 398.552872686714011, 724.331656711934784 ], [ 397.550262156129122, 716.812077764293576 ], [ 394.19111458366018, 713.969722124210989 ], [ 379.970896855759975, 710.292079609157668 ], [ 381.178279816212978, 707.877313698111948 ], [ 376.355065129523496, 704.661837243285845 ], [ 372.883546127843374, 707.389459316325656 ], [ 370.659999999344109, 705.459999999866909 ], [ 371.461474118386093, 704.391243759151166 ], [ 363.504429331071094, 698.980453304062621 ], [ 386.420718311833696, 671.926501033429645 ], [ 385.710000000392427, 671.530000000256678 ], [ 387.572524178204787, 670.594099909192778 ], [ 394.66753334741162, 675.242554192962075 ] ] ] } },
{ "type": "Feature", "properties": { "feature_type": "building", "subtype": "no-damage", "uid": "3434a241-6a65-4fb9-b9cb-1e53a8a48221" }, "geometry": { "type": "Polygon", "coordinates": [ [ [ 423.023124324801302, 660.786638334775716 ], [ 429.388760153619216, 656.648975046099736 ], [ 434.799550608108518, 666.197428789864261 ], [ 430.661887320392907, 679.246982237655857 ], [ 433.844705232336878, 675.109318948979762 ], [ 439.053596126871298, 676.862044927056104 ], [ 449.122231224962775, 688.477154187172118 ], [ 429.388760154340673, 696.752480764524194 ], [ 423.023124324320293, 680.520109401182594 ], [ 418.885461039490508, 686.567463438996356 ], [ 414.33000000144898, 691.799999998862631 ], [ 411.700477685142801, 688.8252431205932 ], [ 403.709469874750312, 682.831987264664576 ], [ 394.975213108101798, 674.846381077385217 ], [ 387.606059790229892, 670.018315109021046 ], [ 385.180000004171518, 671.229999999886786 ], [ 378.46367352824609, 667.470555955314808 ], [ 384.192745775300523, 659.195229377962619 ], [ 395.969172056683817, 670.335092076616547 ], [ 401.698244304098921, 665.879146996577788 ], [ 399.788553551112784, 650.91990280061043 ], [ 423.023124324801302, 660.786638334775716 ] ] ] } },
{ "type": "Feature", "properties": { "feature_type": "building", "subtype": "no-damage", "uid": "70b226fb-dbdc-4df9-bec0-7a2739a226db" }, "geometry": { "type": "Polygon", "coordinates": [ [ [ 255.093661240701493, 727.620526549211377 ], [ 251.592561536913706, 726.665681175123495 ], [ 247.136616455550808, 729.530217296425235 ], [ 243.317234959318114, 723.482863260535282 ], [ 259.231324529018309, 702.794546820040637 ], [ 261.141015278036377, 705.340801150941729 ], [ 266.551805735291111, 698.020319947677422 ], [ 278.646513806714609, 707.250491900079396 ], [ 276.418541266453872, 710.433309812743801 ], [ 279.283077389199491, 715.207536685107016 ], [ 283.42074067715572, 709.796746230980375 ], [ 293.287476212647107, 725.710835801997519 ], [ 292.650912629320374, 735.259289541914541 ], [ 288.194967548318175, 742.579770747102543 ], [ 279.601359180201598, 738.123825666101993 ], [ 274.827132313006928, 746.080870452091517 ], [ 271.644314394209175, 739.715234623876995 ], [ 255.093661240701493, 727.620526549211377 ] ] ] } },
{ "type": "Feature", "properties": { "feature_type": "building", "subtype": "no-damage", "uid": "1c08a198-ff23-4e08-afa1-13a8310ff66d" }, "geometry": { "type": "Polygon", "coordinates": [ [ [ 252.00754702418871, 783.736968013101318 ], [ 246.271758450001698, 778.998707887515479 ], [ 250.760636462747897, 763.038252727242593 ], [ 247.01990478419691, 761.541960056207472 ], [ 249.264343790509798, 760.295049496690922 ], [ 235.049563414348597, 748.075326013043764 ], [ 238.540912981140508, 733.611163524767903 ], [ 251.508782797303809, 730.369196069255281 ], [ 252.755693356700505, 733.860545637248379 ], [ 259.489010378765727, 738.598805762834104 ], [ 258.242099821412978, 741.840773216422917 ], [ 260.237156714644186, 744.833358560416968 ], [ 265.972945288350274, 765.033309622276647 ], [ 275.698847649240292, 770.51971608337999 ], [ 273.953172871134825, 786.230789132134419 ], [ 270.212441189577874, 786.48017124365299 ], [ 271.209969635411881, 775.75674043392678 ], [ 258.990246155247519, 776.006122542559524 ], [ 252.00754702418871, 783.736968013101318 ] ] ] } },
{ "type": "Feature", "properties": { "feature_type": "building", "subtype": "no-damage", "uid": "8089f487-95f3-45f6-93ad-017ba01bf1ac" }, "geometry": { "type": "Polygon", "coordinates": [ [ [ 148.495458363432988, 624.424428697239478 ], [ 204.970084320635692, 587.456885268376368 ], [ 217.075539128090696, 604.224477634417894 ], [ 201.115083967932293, 615.197290558548389 ], [ 202.611376637645293, 620.434314907171256 ], [ 188.147214148522693, 630.908363606340913 ], [ 181.663279240621392, 625.671339257718046 ], [ 158.720124947961409, 638.639209073996881 ], [ 148.495458363432988, 624.424428697239478 ] ] ] } },
{ "type": "Feature", "properties": { "feature_type": "building", "subtype": "no-damage", "uid": "8c6962e1-fbe3-4a1c-8d9c-5dae90b81460" }, "geometry": { "type": "Polygon", "coordinates": [ [ [ 0.000000002284547, 561.091756630422083 ], [ 18.76132324181976, 563.956292753647631 ], [ 19.49971943889885, 586.485400263435849 ], [ 16.21506891067736, 589.100554274181036 ], [ -0.000000001202393, 588.782272483780275 ], [ 0.000000002284547, 561.091756630422083 ] ] ] } },
{ "type": "Feature", "properties": { "feature_type": "building", "subtype": "no-damage", "uid": "e7902a32-48bc-4920-88b5-36d4a53d8dc2" }, "geometry": { "type": "Polygon", "coordinates": [ [ [ 543.307159234054666, 258.440322483511181 ], [ 539.169495945497374, 260.986576816336026 ], [ 449.41403076473182, 248.891868740708503 ], [ 450.050594348298887, 239.661696791192298 ], [ 457.689357342808307, 241.571387539368089 ], [ 457.052793759241126, 230.749806632076798 ], [ 471.375474376456225, 234.250906337065686 ], [ 472.966883328099584, 226.612143344362607 ], [ 477.422828408861278, 231.38637021576389 ], [ 486.65300036343092, 230.749806631114893 ], [ 486.971282152028095, 240.298260374879391 ], [ 494.291763353491376, 240.616542166242112 ], [ 496.838017686437411, 226.293861552038095 ], [ 505.431626052750403, 227.885270508851193 ], [ 507.659598594574106, 234.250906337065686 ], [ 534.076987283573317, 239.34341499982969 ], [ 535.986678029224777, 237.433724252615804 ], [ 543.943722815457591, 237.752006043016507 ], [ 543.307159234054666, 258.440322483511181 ] ] ] } },
{ "type": "Feature", "properties": { "feature_type": "building", "subtype": "no-damage", "uid": "928dae96-8f6c-4aa4-a1fd-8a68029f51bb" }, "geometry": { "type": "Polygon", "coordinates": [ [ [ 536.247748532700371, 69.228034802548734 ], [ 557.171003565988258, 73.684143158907233 ], [ 551.277784264332581, 107.006232734101005 ], [ 535.029096984162607, 103.756495277106197 ], [ 540.30992034985718, 85.476722085598752 ], [ 531.373142347326734, 82.633201811449766 ], [ 536.247748532700371, 69.228034802548734 ] ] ] } },
{ "type": "Feature", "properties": { "feature_type": "building", "subtype": "no-damage", "uid": "dfe4a270-2891-40e2-9b1b-a898a29165b8" }, "geometry": { "type": "Polygon", "coordinates": [ [ [ 460.912641647565295, 117.461719929100298 ], [ 471.515087500258289, 116.855464317846398 ], [ 471.821285471425199, 140.922297275222604 ], [ 464.715554944255473, 141.128476028698401 ], [ 461.46581748750009, 141.128476026774592 ], [ 460.912641647565295, 117.461719929100298 ] ] ] } },
{ "type": "Feature", "properties": { "feature_type": "building", "subtype": "no-damage", "uid": "866e5085-975e-4258-aa74-275e9cad0b32" }, "geometry": { "type": "Polygon", "coordinates": [ [ [ 665.047693399361151, 147.309371315679613 ], [ 652.346861744491321, 203.388428018917807 ], [ 627.531390662728882, 193.618557512714887 ], [ 633.979505195487945, 173.101829451516494 ], [ 623.623442457096075, 173.297226861082692 ], [ 629.680762173969129, 148.286358367357991 ], [ 640.818414546417557, 150.044935059224798 ], [ 642.772388648692868, 141.447449015228386 ], [ 665.047693399361151, 147.309371315679613 ] ] ] } },
{ "type": "Feature", "properties": { "feature_type": "building", "subtype": "no-damage", "uid": "442086a9-f004-4356-ad10-5a94076d4d53" }, "geometry": { "type": "Polygon", "coordinates": [ [ [ 275.805334539660919, 168.468521259051101 ], [ 303.428102921360676, 172.530693079813602 ], [ 300.990799828373326, 192.029117818896509 ], [ 299.929868072694887, 202.527034257822208 ], [ 296.276370174850115, 202.49528957285969 ], [ 291.952853394896579, 201.649384114712802 ], [ 291.576895418067011, 193.942245509507813 ], [ 287.065399647413983, 194.036235006781311 ], [ 286.783431159561417, 198.26576228885861 ], [ 284.997630751043516, 201.931352600761812 ], [ 276.933208481572592, 201.805377498395899 ], [ 274.282828299455218, 199.29964673578101 ], [ 274.180465813086812, 175.374213353962602 ], [ 275.805334539660919, 168.468521259051101 ] ] ] } },
{ "type": "Feature", "properties": { "feature_type": "building", "subtype": "no-damage", "uid": "665de568-a46b-43a7-9934-06ed3eb0ee04" }, "geometry": { "type": "Polygon", "coordinates": [ [ [ 339.162495932485399, 155.9959016874935 ], [ 378.971779775515074, 166.963765602205598 ], [ 371.659870497634984, 191.743013708664506 ], [ 331.850586652200491, 180.368932610144697 ], [ 339.162495932485399, 155.9959016874935 ] ] ] } },
{ "type": "Feature", "properties": { "feature_type": "building", "subtype": "no-damage", "uid": "5423df26-d4c4-49ab-9502-0c0a582ceb88" }, "geometry": { "type": "Polygon", "coordinates": [ [ [ 108.088643851316803, 128.712719811194489 ], [ 126.293538018870294, 132.702833600300892 ], [ 126.228365274618994, 139.07150151751361 ], [ 119.036409656922999, 143.021489682339592 ], [ 118.381084954263102, 137.638885606956393 ], [ 107.204859147050897, 139.169875443912701 ], [ 107.3404975176026, 133.700362048298899 ], [ 108.088643851316803, 128.712719811194489 ] ] ] } },
{ "type": "Feature", "properties": { "feature_type": "building", "subtype": "no-damage", "uid": "fbd08ef5-a751-46ec-af3c-445370806be6" }, "geometry": { "type": "Polygon", "coordinates": [ [ [ 244.265346672455195, 195.487294662018599 ], [ 267.310604763351023, 202.052178341359109 ], [ 271.210767799072698, 202.070550960161313 ], [ 266.770897277092104, 213.246776770135 ], [ 256.54814537220409, 209.314662156925493 ], [ 255.594671468917994, 209.113104209583412 ], [ 242.12196089965741, 204.673233682794688 ], [ 244.265346672455195, 195.487294662018599 ] ] ] } },
{ "type": "Feature", "properties": { "feature_type": "building", "subtype": "no-damage", "uid": "2fc14243-b0f1-4ca3-9a1d-f32481561f4d" }, "geometry": { "type": "Polygon", "coordinates": [ [ [ 202.220001808030304, 208.182395521720792 ], [ 205.099898409843803, 192.873661505344813 ], [ 220.528965210318603, 192.383596507572406 ], [ 221.368947999506901, 198.217127606913692 ], [ 216.874807569263595, 198.412525015518014 ], [ 215.702423105132908, 203.10206286049609 ], [ 221.564345409193407, 204.274447317892992 ], [ 216.484012746163302, 212.871933362851308 ], [ 213.692806839111114, 215.812224904276093 ], [ 205.272362734886286, 214.128136084201202 ], [ 202.220001808030304, 208.182395521720792 ] ] ] } },
{ "type": "Feature", "properties": { "feature_type": "building", "subtype": "no-damage", "uid": "eacc57c6-bf74-47ff-857f-7f5cacf066e9" }, "geometry": { "type": "Polygon", "coordinates": [ [ [ 354.98208277882668, 108.015288808092393 ], [ 369.832285947221408, 109.187673270298902 ], [ 367.487517025933926, 127.359632409970104 ], [ 353.028108679196578, 125.014863487480994 ], [ 354.98208277882668, 108.015288808092393 ] ] ] } },
{ "type": "Feature", "properties": { "feature_type": "building", "subtype": "no-damage", "uid": "d7f3c2e9-d343-4651-9abe-6d3633b535eb" }, "geometry": { "type": "Polygon", "coordinates": [ [ [ 423.019030854715311, 69.388739494086039 ], [ 428.618777637444509, 69.304349078611651 ], [ 435.540182201773121, 72.013540909364295 ], [ 433.369907628690385, 100.171600861601405 ], [ 419.737596129728274, 98.198662655364444 ], [ 423.019030854715311, 69.388739494086039 ] ] ] } },
{ "type": "Feature", "properties": { "feature_type": "building", "subtype": "no-damage", "uid": "3fcf7f95-865b-4548-be8a-a0c3b68e7015" }, "geometry": { "type": "Polygon", "coordinates": [ [ [ 396.833909112192828, 123.005893550412495 ], [ 399.078348115018912, 112.282462738762405 ], [ 413.542510604141512, 114.776283858757495 ], [ 411.048689486309911, 126.746625228962202 ], [ 398.330201780462914, 126.247861006887007 ], [ 396.833909112192828, 123.005893550412495 ] ] ] } },
{ "type": "Feature", "properties": { "feature_type": "building", "subtype": "no-damage", "uid": "59c2d637-ab53-4d48-b812-6000009bff5f" }, "geometry": { "type": "Polygon", "coordinates": [ [ [ 451.787516984542776, 11.58895491505643 ], [ 462.510947793912123, 10.84080858050079 ], [ 463.508476241549715, 30.04323119532441 ], [ 469.244264814053395, 30.292613306842959 ], [ 476.725728170073182, 38.522222998497973 ], [ 496.177532900270023, 37.524694550499959 ], [ 495.180004453353718, 67.949312199048805 ], [ 455.02948443608858, 68.697458537452107 ], [ 451.787516984542776, 11.58895491505643 ] ] ] } },
{ "type": "Feature", "properties": { "feature_type": "building", "subtype": "no-damage", "uid": "c11d95a2-bd79-4b2d-84d4-0906070a7997" }, "geometry": { "type": "Polygon", "coordinates": [ [ [ 496.514666261224079, 0.693055409829526 ], [ 506.739332853808492, 7.675754541967979 ], [ 496.265284149705508, 25.880648709755501 ], [ 498.260341044980692, 30.618908836303198 ], [ 486.289999675372997, 27.875705604789619 ], [ 484.045560667617224, 21.890534919687259 ], [ 496.514666261224079, 0.693055409829526 ] ] ] } },
{ "type": "Feature", "properties": { "feature_type": "building", "subtype": "no-damage", "uid": "e0e105fb-0a1a-44b3-8191-fe5cfe2eb0c5" }, "geometry": { "type": "Polygon", "coordinates": [ [ [ 386.04534289359799, 0.003329868852939 ], [ 403.105409038194409, 53.823776623660329 ], [ 404.574949150418774, 61.255680839394607 ], [ 408.386232402325788, 65.60407490310206 ], [ 404.324060580479681, 73.728418545588994 ], [ 355.984215915360721, 69.666246722902656 ], [ 359.640170553519226, 11.170972507577851 ], [ 363.702342375605781, 11.98340687038367 ], [ 366.952079835246991, 7.51501786869921 ], [ 362.483690827428688, 4.671497593588307 ], [ 367.760824108472889, 0.00326430765012 ], [ 386.04534289359799, 0.003329868852939 ] ] ] } },
{ "type": "Feature", "properties": { "feature_type": "building", "subtype": "no-damage", "uid": "34bc3465-2099-4fbb-8c21-750e9c04fc5f" }, "geometry": { "type": "Polygon", "coordinates": [ [ [ 695.116618878200825, 912.591574429641923 ], [ 715.804935319424317, 921.821746378196167 ], [ 716.759780696037524, 919.275492048257092 ], [ 738.886559818240926, 925.839832993343748 ], [ 738.084660716739904, 932.961609077812 ], [ 751.770777748704518, 939.327244906988426 ], [ 745.723423711369605, 950.78538939796681 ], [ 734.265279218823935, 946.32944431696626 ], [ 725.989952643512993, 966.699478968022049 ], [ 713.966716174648468, 961.386711763802737 ], [ 714.7483058147169, 956.501776510220338 ], [ 683.015324347593719, 946.681534652876394 ], [ 695.116618878200825, 912.591574429641923 ] ] ] } },
{ "type": "Feature", "properties": { "feature_type": "building", "subtype": "no-damage", "uid": "854cc360-f6f8-4443-82a0-87629023d691" }, "geometry": { "type": "Polygon", "coordinates": [ [ [ 519.878329617105351, 731.577057197258227 ], [ 530.601760427797217, 737.312845770842046 ], [ 520.37709383954143, 741.053577447467887 ], [ 518.382036944266133, 744.544927014499081 ], [ 520.127711728623922, 754.769593602150167 ], [ 508.905516692730373, 753.772065154152074 ], [ 507.658606133333592, 746.539983909533248 ], [ 500.925289112711425, 748.535040805529206 ], [ 503.668492346390224, 752.275772483116953 ], [ 498.43146799463932, 751.527626147599449 ], [ 498.930232218277808, 756.515268386627667 ], [ 505.414167127381404, 757.014032609664696 ], [ 486.016347102143072, 761.024687797014508 ], [ 479.727809603327103, 737.562227883322521 ], [ 519.878329617105351, 731.577057197258227 ] ] ] } },
{ "type": "Feature", "properties": { "feature_type": "building", "subtype": "no-damage", "uid": "7110c7e9-60f5-4dec-9ddb-bee88306d25b" }, "geometry": { "type": "Polygon", "coordinates": [ [ [ 479.443882273500208, 776.550925058652979 ], [ 493.512495805072888, 771.079797575410225 ], [ 497.420444006737796, 782.412847361028071 ], [ 483.742625296461824, 787.688577434704598 ], [ 479.443882273500208, 776.550925058652979 ] ] ] } },
{ "type": "Feature", "properties": { "feature_type": "building", "subtype": "no-damage", "uid": "f49dfdb8-185c-4965-adb7-2320eace8379" }, "geometry": { "type": "Polygon", "coordinates": [ [ [ 486.211744512070027, 762.00167484773101 ], [ 500.546802565087773, 757.988171097925601 ], [ 505.627135228839279, 758.965158147680199 ], [ 493.512495805072888, 771.079797575410225 ], [ 487.455176086516417, 772.8383742663151 ], [ 486.211744512070027, 762.00167484773101 ] ] ] } },
{ "type": "Feature", "properties": { "feature_type": "building", "subtype": "no-damage", "uid": "b2dca13b-0eda-440f-824d-7215f8517277" }, "geometry": { "type": "Polygon", "coordinates": [ [ [ 592.592079226681108, 837.265909049235574 ], [ 580.497259514024336, 847.064244005371393 ], [ 584.018536139818707, 851.504114531198184 ], [ 566.162770904979311, 868.673319393713996 ], [ 540.145411670253679, 838.804819538866809 ], [ 541.610117662918583, 836.041117180440096 ], [ 541.590000000613259, 836.019999999448146 ], [ 545.290490800339285, 833.455899851809818 ], [ 556.233049646784025, 824.437307397525615 ], [ 557.869999999186689, 822.459999999849742 ], [ 559.828896720637431, 821.802911697515583 ], [ 569.474132689690236, 835.122523278843346 ], [ 571.61751846200707, 831.754345636769926 ], [ 574.373300168120636, 833.438434457806693 ], [ 577.588378827317229, 831.448147669570972 ], [ 566.718350984658855, 820.425020843677771 ], [ 571.464419476964736, 816.291348285049935 ], [ 592.592079226681108, 837.265909049235574 ] ] ] } },
{ "type": "Feature", "properties": { "feature_type": "building", "subtype": "no-damage", "uid": "2382ee3f-3086-49c9-8546-4d49e899a493" }, "geometry": { "type": "Polygon", "coordinates": [ [ [ 556.613818061440838, 822.874604584154554 ], [ 556.969999999639754, 822.750000001137209 ], [ 555.878079144117919, 824.081933063576685 ], [ 544.988453113835817, 833.056899573488067 ], [ 538.008032545393576, 835.899382112209878 ], [ 515.019901988133483, 802.263057641886235 ], [ 533.136000344959143, 789.238580732295077 ], [ 556.613818061440838, 822.874604584154554 ] ] ] } },
{ "type": "Feature", "properties": { "feature_type": "building", "subtype": "no-damage", "uid": "486de128-8ea4-49f8-adec-b97cea8722dc" }, "geometry": { "type": "Polygon", "coordinates": [ [ [ 658.764043007883402, 772.166991440144557 ], [ 666.494888476504002, 773.16451988910444 ], [ 666.993652703388989, 782.890422251794575 ], [ 678.96399407215506, 786.381771818825769 ], [ 679.961522516786658, 779.648454797243858 ], [ 687.692367985407373, 781.892893804758501 ], [ 685.697311092176051, 788.376828712897918 ], [ 687.941750101615298, 788.376828711936014 ], [ 685.198546867455434, 801.344698531100676 ], [ 677.467701398834834, 799.599023747585079 ], [ 676.220790842804718, 812.816275677306294 ], [ 650.534433317307617, 807.329869217164969 ], [ 656.020839777931883, 776.905251564768378 ], [ 658.764043007883402, 772.166991440144557 ] ] ] } },
{ "type": "Feature", "properties": { "feature_type": "building", "subtype": "no-damage", "uid": "cd65f4b7-bf78-4e1a-a0bd-6253954aaadd" }, "geometry": { "type": "Polygon", "coordinates": [ [ [ 657.267750340214434, 845.98409655736873 ], [ 663.252921020389067, 821.794031704478925 ], [ 667.99118114790042, 823.290324376475951 ], [ 666.993652702427084, 816.557007355856058 ], [ 673.976351833846479, 818.302682139371655 ], [ 673.228205498208467, 811.319983006271286 ], [ 686.196075313770507, 813.813804125304387 ], [ 686.694839537408939, 818.801446361446779 ], [ 693.677538670391527, 820.048356921925233 ], [ 694.425685010839175, 822.542178041920351 ], [ 702.15653047909916, 824.038470711993455 ], [ 699.662709357179324, 837.255722641714783 ], [ 693.67753867015108, 836.008812084122042 ], [ 693.926920783954301, 830.52240562109489 ], [ 688.689896435089054, 829.774259286539177 ], [ 687.193603764414092, 835.01128363420014 ], [ 691.931863890963541, 836.25819419371669 ], [ 684.949164755095126, 861.445787495566492 ], [ 675.72202661700203, 857.705055816054937 ], [ 676.220790843526174, 848.976681901362781 ], [ 657.267750340214434, 845.98409655736873 ] ] ] } },
{ "type": "Feature", "properties": { "feature_type": "building", "subtype": "no-damage", "uid": "287d2f8a-d384-4418-a88f-cd9d941acdb1" }, "geometry": { "type": "Polygon", "coordinates": [ [ [ 602.596059394337431, 213.747355663048808 ], [ 647.09783400073627, 222.377277336115299 ], [ 645.673041151462712, 231.346843684304787 ], [ 639.835028987866167, 230.298008815829206 ], [ 636.333929286122498, 249.076634510072012 ], [ 618.510148962354151, 244.938971221395889 ], [ 615.645612840931221, 250.349761674560511 ], [ 630.604857040030083, 252.896016005461604 ], [ 628.058602706122088, 255.760552127725191 ], [ 627.103757332875603, 258.943370043275308 ], [ 634.424238533857874, 260.534778999126615 ], [ 632.832829580651378, 270.083232740967276 ], [ 633.787674952455063, 271.992923491066904 ], [ 632.514547788687423, 273.266050654593585 ], [ 629.968293454418813, 272.947768865154785 ], [ 629.650011667144213, 278.040277527918818 ], [ 606.733722680610185, 274.220896029643427 ], [ 610.871385968926916, 258.306806458626227 ], [ 591.456196695679523, 251.941170631373694 ], [ 602.596059394337431, 213.747355663048808 ] ] ] } },
{ "type": "Feature", "properties": { "feature_type": "building", "subtype": "no-damage", "uid": "a8388ec9-91dd-4e8f-83e4-f7d1994dd098" }, "geometry": { "type": "Polygon", "coordinates": [ [ [ 628.809588153045638, 298.588480935149278 ], [ 634.535821285928819, 273.239834048659588 ], [ 644.770043315368298, 275.894708753294481 ], [ 638.286108404701508, 300.583537830183388 ], [ 628.809588153045638, 298.588480935149278 ] ] ] } },
{ "type": "Feature", "properties": { "feature_type": "building", "subtype": "no-damage", "uid": "85d6a17d-bea1-4434-8fa3-9de9ca38ca5c" }, "geometry": { "type": "Polygon", "coordinates": [ [ [ 659.556916073687034, 307.490620955345207 ], [ 651.077924269308141, 305.994328283348125 ], [ 655.317420171617869, 289.535108899076079 ], [ 666.290233097315308, 291.28078368355358 ], [ 667.786525766547356, 303.500507164315025 ], [ 674.270460677454594, 305.495564060310983 ], [ 671.776639554693134, 316.468376982517725 ], [ 666.290233094910491, 314.722702199963976 ], [ 665.043322534551862, 315.969612758518679 ], [ 658.310005514891486, 314.972084311482604 ], [ 660.055680298167204, 309.984442074378308 ], [ 659.556916073687034, 307.490620955345207 ] ] ] } },
{ "type": "Feature", "properties": { "feature_type": "building", "subtype": "no-damage", "uid": "fcca27e6-57d7-4b92-b940-8c37a8d70f86" }, "geometry": { "type": "Polygon", "coordinates": [ [ [ 651.327306380946993, 310.483206296453375 ], [ 660.055680296604123, 310.732588408933907 ], [ 656.065566506414143, 319.460962326511776 ], [ 661.801355079519112, 320.45849077258589 ], [ 660.803826633685048, 328.937482575759475 ], [ 651.826070609034332, 329.436246800720426 ], [ 650.080395824556149, 331.181921583274118 ], [ 646.838428368200766, 330.4337752477565 ], [ 651.327306380946993, 310.483206296453375 ] ] ] } },
{ "type": "Feature", "properties": { "feature_type": "building", "subtype": "no-damage", "uid": "94896b64-5d4b-48f2-bd78-97db5f620b99" }, "geometry": { "type": "Polygon", "coordinates": [ [ [ 199.73156234336389, 226.368676134223591 ], [ 220.10159699214239, 234.007439127888603 ], [ 208.006888916390409, 255.650600945356899 ], [ 193.365926512742391, 249.921528698905689 ], [ 199.73156234336389, 226.368676134223591 ] ] ] } },
{ "type": "Feature", "properties": { "feature_type": "building", "subtype": "no-damage", "uid": "3a2eb6ab-e6ff-4a89-82cf-2957542ba96e" }, "geometry": { "type": "Polygon", "coordinates": [ [ [ 193.365926513704295, 251.168439259384201 ], [ 207.757506804030101, 256.648129391430984 ], [ 194.639053677832692, 281.431426049577396 ], [ 190.819672180517813, 278.566889927313809 ], [ 190.819672180878598, 275.384072011763578 ], [ 187.636854269655913, 271.564690513488301 ], [ 193.365926513704295, 251.168439259384201 ] ] ] } },
{ "type": "Feature", "properties": { "feature_type": "building", "subtype": "no-damage", "uid": "d0f70947-9e35-4958-8f88-64a32aa65ab7" }, "geometry": { "type": "Polygon", "coordinates": [ [ [ 328.244004704885015, 214.031920591853407 ], [ 331.086399151843693, 211.803948053276997 ], [ 353.366124549760627, 211.167384468627887 ], [ 352.729560966554118, 240.449309280723099 ], [ 325.625237343568074, 242.046806236381997 ], [ 323.062929336807201, 234.206557832381208 ], [ 323.260453166829905, 224.940590976331691 ], [ 328.244004704885015, 214.031920591853407 ] ] ] } },
{ "type": "Feature", "properties": { "feature_type": "building", "subtype": "no-damage", "uid": "17283081-8e00-4184-b18d-de8629d61dfe" }, "geometry": { "type": "Polygon", "coordinates": [ [ [ 182.002345708971802, 428.933366728078909 ], [ 179.483247453377487, 414.178648376053275 ], [ 187.520370459842212, 412.859120718281417 ], [ 186.560713980598706, 405.901611251253712 ], [ 195.077665225783306, 404.702040653191716 ], [ 194.597836984899089, 400.983371801219675 ], [ 209.112641219193108, 398.104402367217801 ], [ 209.112641216427591, 404.222212415313606 ], [ 218.829163060636489, 405.061911832321698 ], [ 220.508561895615202, 417.777360168315283 ], [ 211.511782417001086, 418.73701664791912 ], [ 211.271868293132201, 424.734869635342989 ], [ 182.002345708971802, 428.933366728078909 ] ] ] } },
{ "type": "Feature", "properties": { "feature_type": "building", "subtype": "no-damage", "uid": "dbe8e0a9-4205-4039-b0f2-7afed18ba4b8" }, "geometry": { "type": "Polygon", "coordinates": [ [ [ 604.561344793097533, 807.407501927794897 ], [ 605.326839713499794, 803.733126318522523 ], [ 612.063194993801517, 796.996771037261283 ], [ 611.450799059523774, 793.475494412069338 ], [ 602.724156989542848, 790.872811689435935 ], [ 603.795849874859528, 784.442654374411632 ], [ 608.388819384407611, 786.12674319352459 ], [ 609.919809226534767, 780.462080798902321 ], [ 616.962362472592531, 784.136456408174695 ], [ 616.962362472111636, 780.002783848584954 ], [ 633.037755758355274, 785.667446245131032 ], [ 631.353666938039396, 796.078177134702742 ], [ 639.927210022737427, 800.518047660529419 ], [ 628.750984215164635, 812.000471436740099 ], [ 630.588172022807385, 815.062451109690869 ], [ 621.40223299902209, 823.635994197993 ], [ 604.561344793097533, 807.407501927794897 ] ] ] } },
{ "type": "Feature", "properties": { "feature_type": "building", "subtype": "no-damage", "uid": "474af6b8-ec20-463f-8ebe-b234d4b8af86" }, "geometry": { "type": "Polygon", "coordinates": [ [ [ 612.690169371184425, 741.862822250109389 ], [ 634.282440128611597, 747.86067523657141 ], [ 631.283513635259283, 760.816037692946907 ], [ 640.640164296730859, 764.654663605590827 ], [ 633.442740707635267, 781.928480214412048 ], [ 605.012917542767809, 775.090927806132413 ], [ 612.690169371184425, 741.862822250109389 ] ] ] } },
{ "type": "Feature", "properties": { "feature_type": "building", "subtype": "no-damage", "uid": "ff504b4b-d67a-4afe-b8a4-8cddc14cb416" }, "geometry": { "type": "Polygon", "coordinates": [ [ [ 499.320542984626911, 783.799088851954821 ], [ 502.076324689057117, 779.66541629236508 ], [ 499.014345015023025, 776.909634585651361 ], [ 506.209997253337576, 774.460050847098273 ], [ 505.597601316053783, 764.508616907844043 ], [ 525.500469195411142, 761.29353824985094 ], [ 522.285390536575278, 773.541456944539732 ], [ 524.275677322887759, 773.235258977340891 ], [ 526.419063096286777, 771.551170156304124 ], [ 533.002319396596135, 778.44062442164568 ], [ 531.471329556272508, 780.890208161160672 ], [ 529.021745818680529, 783.645989868836409 ], [ 532.696121425789897, 786.707969540825275 ], [ 527.950052935768667, 790.841642100415015 ], [ 525.041172240765036, 787.626563443383816 ], [ 517.23312407430501, 792.678829904570193 ], [ 517.386223061752162, 798.190393317035841 ], [ 499.779839935064615, 796.506304497922997 ], [ 501.923225705457583, 792.066433970172397 ], [ 499.320542984626911, 783.799088851954821 ] ] ] } },
{ "type": "Feature", "properties": { "feature_type": "building", "subtype": "no-damage", "uid": "6afed77e-add6-453d-bfcf-047d5208936a" }, "geometry": { "type": "Polygon", "coordinates": [ [ [ 765.938898377242822, 744.92493597449527 ], [ 779.030524855213002, 681.225380278939042 ], [ 808.144738961620533, 689.236674093275155 ], [ 794.857715074204407, 753.91321684050979 ], [ 765.938898377242822, 744.92493597449527 ] ] ] } },
{ "type": "Feature", "properties": { "feature_type": "building", "subtype": "no-damage", "uid": "0add2c74-5f5e-404f-aa46-9c5c01fad81f" }, "geometry": { "type": "Polygon", "coordinates": [ [ [ 947.933521954765524, 465.463484156280288 ], [ 969.405835653444456, 461.504901182002584 ], [ 974.444032162348435, 489.934724348663678 ], [ 953.211632586817018, 494.972920860331385 ], [ 947.933521954765524, 465.463484156280288 ] ] ] } },
{ "type": "Feature", "properties": { "feature_type": "building", "subtype": "no-damage", "uid": "ea6d1beb-868a-4df8-88a7-35c48664587c" }, "geometry": { "type": "Polygon", "coordinates": [ [ [ 918.638087477644376, 447.744463313251401 ], [ 925.680640725626063, 445.754176526939602 ], [ 926.905432594181548, 449.122354166127423 ], [ 942.368429944103355, 445.4479785587788 ], [ 945.430409619580246, 463.054361681852924 ], [ 924.149650887827534, 468.719024078399002 ], [ 918.638087477644376, 447.744463313251401 ] ] ] } },
{ "type": "Feature", "properties": { "feature_type": "building", "subtype": "no-damage", "uid": "caa65aa2-f876-46d7-916d-927296261d70" }, "geometry": { "type": "Polygon", "coordinates": [ [ [ 897.040072451879269, 390.3863889036665 ], [ 904.71732427933398, 392.66557304008029 ], [ 899.799084829057961, 411.138960245039812 ], [ 892.601661242246905, 408.979733169297788 ], [ 897.040072451879269, 390.3863889036665 ] ] ] } },
{ "type": "Feature", "properties": { "feature_type": "building", "subtype": "no-damage", "uid": "86cc0483-04d5-4f1c-956e-aad22583017f" }, "geometry": { "type": "Polygon", "coordinates": [ [ [ 756.582184317312795, 333.49182745481022 ], [ 785.670991219132929, 342.677766474624377 ], [ 783.068308493492623, 364.877119106643704 ], [ 762.246846712658567, 358.446961792581419 ], [ 765.155727404535924, 349.414121755885617 ], [ 751.989214806923087, 345.280449196295876 ], [ 756.582184317312795, 333.49182745481022 ] ] ] } },
{ "type": "Feature", "properties": { "feature_type": "building", "subtype": "no-damage", "uid": "0c905ca3-8d51-4cb6-9fb8-0b98b8a9608c" }, "geometry": { "type": "Polygon", "coordinates": [ [ [ 650.113516466689703, 207.682459451220808 ], [ 662.055237195025597, 207.98865741938161 ], [ 661.902138209502255, 219.164883228393393 ], [ 681.498808119857017, 224.3702486736602 ], [ 679.049224383106775, 232.178296840598506 ], [ 646.518946607084899, 231.252854188955212 ], [ 650.113516468493344, 209.519647256338004 ], [ 650.113516466689703, 207.682459451220808 ] ] ] } },
{ "type": "Feature", "properties": { "feature_type": "building", "subtype": "no-damage", "uid": "0cbfef39-e8c5-4856-b600-003d7eb4e390" }, "geometry": { "type": "Polygon", "coordinates": [ [ [ 584.758599292667327, 271.175349539543276 ], [ 585.735586344105513, 261.991671263962587 ], [ 601.367379152809235, 265.11802982567832 ], [ 600.194994695291712, 267.658196156771623 ], [ 606.056916996586665, 269.416772847676384 ], [ 600.390392104136481, 279.772835583539688 ], [ 589.838931956899728, 277.232669252446385 ], [ 588.471150085126737, 279.968232995029723 ], [ 580.459856270306886, 278.795848532823186 ], [ 580.850651093647684, 283.876181196933715 ], [ 574.011741736826252, 283.094591556745172 ], [ 576.16111324890835, 269.416772847676384 ], [ 584.758599292667327, 271.175349539543276 ] ] ] } },
{ "type": "Feature", "properties": { "feature_type": "building", "subtype": "no-damage", "uid": "e6e7ff2c-4f12-4d2e-a2ff-d0b6b11e3a72" }, "geometry": { "type": "Polygon", "coordinates": [ [ [ 840.987729852858365, 738.684788058218714 ], [ 851.461778552272222, 739.931698618697169 ], [ 845.725989978325629, 769.857552043246983 ], [ 834.005030722040146, 767.862495148212929 ], [ 840.987729852858365, 738.684788058218714 ] ] ] } },
{ "type": "Feature", "properties": { "feature_type": "building", "subtype": "no-damage", "uid": "1f3a1cba-cdc7-4e6a-818e-cbbc7e97023b" }, "geometry": { "type": "Polygon", "coordinates": [ [ [ 281.263760005425979, 1010.467830098536979 ], [ 263.677993097452998, 1001.870344052617043 ], [ 286.734887492157725, 955.56115785750535 ], [ 315.653704184189394, 973.733116998138598 ], [ 314.152263841829608, 978.975693868035933 ], [ 308.814794831456084, 979.008847069891317 ], [ 308.814794832177597, 987.60633311484969 ], [ 309.035993162121883, 998.232454111221841 ], [ 298.858216482004593, 1022.978936513439976 ], [ 297.090046711646096, 1022.978926454700968 ], [ 292.401412382924491, 1019.651508373156048 ], [ 280.677567776847582, 1014.571175710968987 ], [ 281.263760005425979, 1010.467830098536979 ] ] ] } },
{ "type": "Feature", "properties": { "feature_type": "building", "subtype": "no-damage", "uid": "9f487858-31f7-43b8-a0d7-55351759f27c" }, "geometry": { "type": "Polygon", "coordinates": [ [ [ 277.340912962344987, 929.123687073958649 ], [ 284.323612098694298, 960.296451057063223 ], [ 275.09647395579151, 978.750727336369209 ], [ 254.397758670166013, 970.770499755270862 ], [ 243.175563637518906, 996.706239392638167 ], [ 231.703986487341297, 989.723540260499817 ], [ 228.711401146833111, 987.728483364503745 ], [ 228.46999999930361, 987.249999999411216 ], [ 246.280000001303307, 951.620000000911091 ], [ 246.66691319998219, 952.066841366370113 ], [ 267.365628486930405, 924.634809058929591 ], [ 277.340912962344987, 929.123687073958649 ] ] ] } },
{ "type": "Feature", "properties": { "feature_type": "building", "subtype": "no-damage", "uid": "bd0ff82d-9420-46ed-8ca5-c08e03cb2696" }, "geometry": { "type": "Polygon", "coordinates": [ [ [ 228.960783261718404, 931.617508191067941 ], [ 245.929999999388599, 951.210000001014805 ], [ 228.17999999921841, 986.709999999899651 ], [ 201.029986728946398, 963.787800622170494 ], [ 197.289255049794207, 960.795215281062156 ], [ 201.029986727743989, 954.560662484441309 ], [ 224.412931488534014, 927.759080152793899 ], [ 228.960783261718404, 931.617508191067941 ] ] ] } },
{ "type": "Feature", "properties": { "feature_type": "building", "subtype": "no-damage", "uid": "27d5b521-7736-476c-bdd8-b5c4bade5ee1" }, "geometry": { "type": "Polygon", "coordinates": [ [ [ 1.026449776391138, 762.555110476709274 ], [ 0.000000002164308, 754.399765941909095 ], [ 0.0, 725.300791956116996 ], [ 19.817410069988149, 726.258953851532965 ], [ 17.822353177117641, 746.957669138353594 ], [ 15.07914994428045, 746.708287025873119 ], [ 15.079149945963801, 748.453961809388716 ], [ 20.066792180424631, 749.950254481385741 ], [ 29.044548209764681, 753.441604046493012 ], [ 25.802580756295011, 776.883522564827331 ], [ 18.570499509749709, 780.374872129934602 ], [ 13.33347516497264, 796.584709404611885 ], [ 3.629132498424261, 795.836563067170459 ], [ 3.629132498424261, 787.276318465306872 ], [ 7.348304478906256, 779.876107905935555 ], [ 1.026449775669703, 779.876107905935555 ], [ 1.026449776391138, 762.555110476709274 ] ] ] } },
{ "type": "Feature", "properties": { "feature_type": "building", "subtype": "no-damage", "uid": "9aa3951a-05a9-4e34-99da-14e5f40c5c8a" }, "geometry": { "type": "Polygon", "coordinates": [ [ [ 0.000000000240479, 678.244433722657504 ], [ 16.479075563367619, 686.521470846495276 ], [ 15.15954790391187, 696.237992688776899 ], [ 11.081007872087021, 700.316532721802673 ], [ 8.085717736856218, 708.684660281873789 ], [ -0.000000000961914, 708.204832043033775 ], [ 0.000000000240479, 678.244433722657504 ] ] ] } },
{ "type": "Feature", "properties": { "feature_type": "building", "subtype": "no-damage", "uid": "d11985c2-21c3-4e21-ac4e-12a9a23ca35c" }, "geometry": { "type": "Polygon", "coordinates": [ [ [ 433.269529425851204, 882.878736704962421 ], [ 436.943905034643876, 859.148394234062835 ], [ 455.009585109364423, 863.58826476085153 ], [ 454.244090191126418, 867.109541386043475 ], [ 459.908752587794822, 869.252927157397608 ], [ 462.205237343711019, 864.966155612765533 ], [ 495.274617817194212, 875.836183455540322 ], [ 505.379150742215813, 879.510559062888888 ], [ 503.388863951213978, 886.859310280471732 ], [ 508.44113041588912, 888.84959706870734 ], [ 509.972120253086473, 881.041548899845225 ], [ 539.826422069296882, 895.739051334049009 ], [ 533.243165769107691, 917.019810064471585 ], [ 433.269529425851204, 882.878736704962421 ] ] ] } },
{ "type": "Feature", "properties": { "feature_type": "building", "subtype": "no-damage", "uid": "786b8bfe-a3b2-4180-b65d-1d81e1ea3f0a" }, "geometry": { "type": "Polygon", "coordinates": [ [ [ 219.677404185812009, 914.009681446033255 ], [ 201.45960065242511, 935.359445415829327 ], [ 188.287463891111798, 951.487471475471466 ], [ 166.937463891070394, 929.596461067045425 ], [ 166.940301975632394, 929.596461068007329 ], [ 174.492691686955908, 920.725400132226127 ], [ 183.472429053120493, 911.386473275621825 ], [ 188.619416909558112, 907.316761944430596 ], [ 192.1119929689701, 904.426354172219817 ], [ 194.452444471458904, 901.955877588437943 ], [ 195.458711793031711, 900.89948471769037 ], [ 198.951215773308604, 900.172384969225504 ], [ 203.816675612618013, 903.283760640927653 ], [ 208.614958006911507, 902.204147103537593 ], [ 220.010878682131107, 910.601141287085397 ], [ 219.677404185812009, 914.009681446033255 ] ] ] } },
{ "type": "Feature", "properties": { "feature_type": "building", "subtype": "no-damage", "uid": "4634b63a-4b91-4c37-90e5-149f8b9deae0" }, "geometry": { "type": "Polygon", "coordinates": [ [ [ 174.558663788483614, 880.520382129943982 ], [ 174.240381997722011, 884.339763626295507 ], [ 191.427598732151694, 899.935571406912004 ], [ 191.520000000100595, 899.829999999927168 ], [ 193.74786307089019, 901.972588381721152 ], [ 191.769860418647198, 904.060480067881258 ], [ 188.304927011870603, 906.928011164636246 ], [ 183.135607728194401, 911.015379898534775 ], [ 174.121786127151097, 920.389754365347926 ], [ 166.590000004004196, 929.23999999967134 ], [ 139.436083982543295, 901.389181004998818 ], [ 169.147873337841986, 873.199900926679675 ], [ 174.558663788483614, 880.520382129943982 ] ] ] } },
{ "type": "Feature", "properties": { "feature_type": "building", "subtype": "no-damage", "uid": "8b9e3b92-a081-41fe-ad56-076c2f588252" }, "geometry": { "type": "Polygon", "coordinates": [ [ [ 164.209839769031703, 877.964637881066551 ], [ 138.356470443349309, 900.789395704525077 ], [ 126.950947790847806, 909.00954051298902 ], [ 104.929329735071207, 875.522862510915274 ], [ 103.439539020357898, 870.045996264370842 ], [ 111.170384484169006, 866.554646697339763 ], [ 111.010000002768095, 866.16999999959171 ], [ 114.681520045285893, 865.607829226501508 ], [ 132.340753024337801, 852.657725040809964 ], [ 134.6100000040216, 849.959999999771753 ], [ 138.103652567139108, 848.100370418033663 ], [ 164.209839769031703, 877.964637881066551 ] ] ] } },
{ "type": "Feature", "properties": { "feature_type": "building", "subtype": "no-damage", "uid": "a0c9694b-9f3e-4491-b862-ee5ffa77157a" }, "geometry": { "type": "Polygon", "coordinates": [ [ [ 120.397522625508699, 837.875703831344481 ], [ 123.1407258544982, 835.381882712311381 ], [ 134.119999998960395, 849.770000000852065 ], [ 131.996830701369788, 852.289898903288417 ], [ 114.484529861349401, 865.13225285343367 ], [ 110.819999999038799, 865.699999999428996 ], [ 107.928417028895794, 858.57441911816511 ], [ 104.686449574945101, 858.325037005684749 ], [ 90.222287085461716, 828.648565691691488 ], [ 99.948189448876718, 824.15968767762422 ], [ 98.202514668126028, 817.925134882927182 ], [ 106.681506474909796, 814.184403203415513 ], [ 120.397522625508699, 837.875703831344481 ] ] ] } },
{ "type": "Feature", "properties": { "feature_type": "building", "subtype": "no-damage", "uid": "aad90ef1-a147-48fe-b836-24f9eb53d2b8" }, "geometry": { "type": "Polygon", "coordinates": [ [ [ 355.456951430195488, 202.345080408707389 ], [ 364.453730910853608, 203.304736887349293 ], [ 362.894289134623023, 213.501086968470901 ], [ 368.892142124694317, 214.820614625280911 ], [ 368.532270942317723, 220.938424672414897 ], [ 363.733988551631398, 220.578553495208695 ], [ 363.134203251878773, 226.816320603014503 ], [ 365.293430327501312, 227.05623472243451 ], [ 365.653301508194488, 234.493572428302286 ], [ 353.29772435096578, 233.054087710820312 ], [ 353.297724353851606, 227.895934140404506 ], [ 355.456951430195488, 202.345080408707389 ] ] ] } },
{ "type": "Feature", "properties": { "feature_type": "building", "subtype": "no-damage", "uid": "696f9867-0e93-4260-9970-5f95ca707fde" }, "geometry": { "type": "Polygon", "coordinates": [ [ [ 370.331626842176775, 209.542503993231293 ], [ 387.24557226766558, 212.421473429157089 ], [ 387.005658148125292, 216.140142282090892 ], [ 386.046001669483076, 223.337565869500594 ], [ 384.366602833181673, 223.337565869500594 ], [ 383.64686047456081, 228.255805319534488 ], [ 384.606516952481627, 237.252584802594214 ], [ 367.812528582855123, 235.333271845310406 ], [ 367.812528585019379, 228.855590618084506 ], [ 372.130982735302382, 229.215461797214488 ], [ 371.291283317211821, 221.178338793758712 ], [ 369.611884479948628, 220.218682315116808 ], [ 369.371970360167779, 216.739927582564803 ], [ 370.931412140726991, 216.739927580640995 ], [ 370.331626842176775, 209.542503993231293 ] ] ] } },
{ "type": "Feature", "properties": { "feature_type": "building", "subtype": "no-damage", "uid": "6fce7f07-01a5-452b-bc1d-76d1c29e25ae" }, "geometry": { "type": "Polygon", "coordinates": [ [ [ 387.542358926340285, 233.239187869540302 ], [ 389.532645712652823, 222.369160026765513 ], [ 386.776864008583289, 221.450566127092713 ], [ 387.005658148125292, 216.140142282090892 ], [ 392.900823352202394, 216.857596614299894 ], [ 394.738011156598816, 212.570825070629695 ], [ 397.953089813270424, 213.183221005989395 ], [ 397.340693879473577, 217.776190516858406 ], [ 401.168168470182422, 214.408012876708796 ], [ 402.392960340661773, 215.479705761423901 ], [ 400.861970502622682, 221.144368157008103 ], [ 403.311554244302783, 221.603665108287402 ], [ 401.933663388179923, 224.053248848764213 ], [ 400.249574568825892, 224.206347830920805 ], [ 397.187594895994323, 235.07637567273369 ], [ 397.03449591119238, 240.74103806927971 ], [ 387.236160956856679, 239.5162461995223 ], [ 387.542358926340285, 233.239187869540302 ] ] ] } },
{ "type": "Feature", "properties": { "feature_type": "building", "subtype": "no-damage", "uid": "2f69e577-b4f5-4867-a362-c6311b7f84c8" }, "geometry": { "type": "Polygon", "coordinates": [ [ [ 402.852257290618581, 215.479705761423901 ], [ 405.301841029172522, 216.398299664944403 ], [ 406.220434931851628, 214.561111858865388 ], [ 413.569186148234621, 215.326606780229298 ], [ 413.109889197195628, 220.531972222610307 ], [ 424.43921398908941, 223.13465494524371 ], [ 423.826818055533124, 235.535672624974893 ], [ 424.286115010179174, 244.874710627907604 ], [ 415.406373956117875, 243.649918760073888 ], [ 415.559472936711416, 236.454266525609597 ], [ 413.109889199840893, 235.994969574330298 ], [ 413.109889198878989, 243.496819775031611 ], [ 400.0964755863086, 240.587939085199309 ], [ 401.321267455825989, 233.086088885459901 ], [ 402.392960340902221, 224.053248848764213 ], [ 403.77085119462032, 221.603665108287402 ], [ 401.3212674530605, 221.144368158931911 ], [ 402.852257290618581, 215.479705761423901 ] ] ] } },
{ "type": "Feature", "properties": { "feature_type": "building", "subtype": "no-damage", "uid": "c9de3a02-45f1-4b91-a5fb-f8184e0a5e26" }, "geometry": { "type": "Polygon", "coordinates": [ [ [ 425.215982610512413, 243.679742518242506 ], [ 428.214909105307527, 223.406999416671198 ], [ 449.20739456719042, 226.166011791925087 ], [ 447.288081608342679, 246.43875489253449 ], [ 425.215982610512413, 243.679742518242506 ] ] ] } },
{ "type": "Feature", "properties": { "feature_type": "building", "subtype": "no-damage", "uid": "fff8a6ab-835e-4165-8eb8-07601de3e27e" }, "geometry": { "type": "Polygon", "coordinates": [ [ [ 136.408039278674693, 178.34976578549751 ], [ 147.592789203284013, 178.255776290147793 ], [ 153.608116893519991, 174.590185978244591 ], [ 154.923969828175188, 176.657954870165611 ], [ 148.250715669048503, 180.041576698905487 ], [ 147.310820716393209, 188.970578741732311 ], [ 137.911871199219689, 189.158557731469699 ], [ 136.408039278674693, 178.34976578549751 ] ] ] } },
{ "type": "Feature", "properties": { "feature_type": "building", "subtype": "no-damage", "uid": "85b5af37-681d-47b2-8f5f-5ab8641107a6" }, "geometry": { "type": "Polygon", "coordinates": [ [ [ 153.138169418454908, 189.06456823612001 ], [ 161.503234489427086, 189.722494701643797 ], [ 158.871528625527503, 201.56517109550029 ], [ 159.247486605363207, 208.238425252821088 ], [ 149.566568602621487, 207.29853030221031 ], [ 150.31848456385589, 200.343307657878711 ], [ 153.138169418454908, 189.06456823612001 ] ] ] } },
{ "type": "Feature", "properties": { "feature_type": "building", "subtype": "no-damage", "uid": "85782e7b-fa69-4560-9f77-8afccaa914a5" }, "geometry": { "type": "Polygon", "coordinates": [ [ [ 156.339875516466094, 163.157919166493087 ], [ 171.942131714454689, 163.533877147891786 ], [ 170.720268276832599, 168.233351906717388 ], [ 157.937696932, 173.026816161854498 ], [ 157.091791474694503, 175.752511522184989 ], [ 156.245886018110411, 175.752511523146893 ], [ 156.339875516466094, 163.157919166493087 ] ] ] } },
{ "type": "Feature", "properties": { "feature_type": "building", "subtype": "no-damage", "uid": "b7a89d8a-9657-438f-9883-74ba1262ed91" }, "geometry": { "type": "Polygon", "coordinates": [ [ [ 154.923969828175188, 176.657954870165611 ], [ 162.07323472089351, 176.880385464456992 ], [ 160.475413301030898, 188.159124886215693 ], [ 153.238222175577505, 187.31321942903071 ], [ 154.923969828175188, 176.657954870165611 ] ] ] } },
{ "type": "Feature", "properties": { "feature_type": "building", "subtype": "no-damage", "uid": "2cfad3de-3c2f-4879-b578-cb35b2c018a6" }, "geometry": { "type": "Polygon", "coordinates": [ [ [ 34.488210454190757, 471.567359460590012 ], [ 43.67188872905318, 470.981167229967696 ], [ 44.062683547704658, 486.026767808885324 ], [ 35.074402683009652, 487.199152269167882 ], [ 34.488210454190757, 471.567359460590012 ] ] ] } },
{ "type": "Feature", "properties": { "feature_type": "building", "subtype": "no-damage", "uid": "341e9d88-7f55-4521-a4ee-c847d1b06c20" }, "geometry": { "type": "Polygon", "coordinates": [ [ [ 11.33004652219349, 457.585398794685375 ], [ 30.403219027513241, 456.865656436425411 ], [ 31.362875502909041, 463.703208843743198 ], [ 35.081544354641849, 463.703208843743198 ], [ 42.878753242648358, 461.903852947131327 ], [ 43.238624420095142, 468.621448294739025 ], [ 11.569960638487361, 471.620374788450988 ], [ 11.33004652219349, 457.585398794685375 ] ] ] } },
{ "type": "Feature", "properties": { "feature_type": "building", "subtype": "no-damage", "uid": "3ce5aff4-5b57-4c42-b2ea-620cbc54e633" }, "geometry": { "type": "Polygon", "coordinates": [ [ [ 15.528543611083119, 449.548275790267724 ], [ 17.32789950817665, 436.472956275144099 ], [ 24.165451918021851, 436.113085096014117 ], [ 24.405366035638352, 442.470809263529873 ], [ 31.12296138132465, 441.990981023728011 ], [ 31.60278962016482, 445.829606936371874 ], [ 36.52102907188381, 445.589692817913772 ], [ 36.760943193708677, 452.547202284941477 ], [ 44.318237956884339, 452.427245224269711 ], [ 44.438195015752697, 460.824239408779306 ], [ 33.402145517017878, 462.263724127223213 ], [ 31.96266080133902, 451.467588746589627 ], [ 27.884120767830829, 451.947416987353392 ], [ 27.524249589061409, 457.345484675265425 ], [ 18.767384226019811, 456.745699376715379 ], [ 15.528543611083119, 449.548275790267724 ] ] ] } },
{ "type": "Feature", "properties": { "feature_type": "building", "subtype": "no-damage", "uid": "685ed405-83f8-4848-9913-46aefc651853" }, "geometry": { "type": "Polygon", "coordinates": [ [ [ 600.371868815143671, 306.377137502304208 ], [ 624.714607217443586, 313.725888718924978 ], [ 620.887132629740677, 321.380837903706777 ], [ 620.427835676056475, 325.514510461372709 ], [ 597.156790154624446, 319.390551113547303 ], [ 597.462988122184129, 312.194898881968697 ], [ 600.371868815143671, 306.377137502304208 ] ] ] } },
{ "type": "Feature", "properties": { "feature_type": "building", "subtype": "no-damage", "uid": "6e419fa4-8726-4518-ad7d-a23618e14d06" }, "geometry": { "type": "Polygon", "coordinates": [ [ [ 682.053440018825199, 278.937548211259127 ], [ 690.810013069533738, 279.556740626234387 ], [ 689.249092251368211, 284.908408575966007 ], [ 693.076566843039018, 286.439398411960383 ], [ 690.167686155370006, 296.237733367134297 ], [ 683.278231892190206, 295.931535400897303 ], [ 681.441044084908185, 307.873256127425293 ], [ 674.270460677454594, 305.495564060310983 ], [ 682.053440018825199, 278.937548211259127 ] ] ] } },
{ "type": "Feature", "properties": { "feature_type": "building", "subtype": "no-damage", "uid": "15261e79-4651-4dab-b46f-c1144ad248ce" }, "geometry": { "type": "Polygon", "coordinates": [ [ [ 609.846331185392614, 276.262851561708715 ], [ 629.596100084637328, 281.162019038814719 ], [ 624.850031589806463, 295.247125538620708 ], [ 614.439300699990667, 294.022333668863212 ], [ 612.29591492514885, 298.615303179732223 ], [ 603.263074889051154, 296.165719438293479 ], [ 603.569272858414365, 288.970067207676777 ], [ 612.449013909109112, 290.194859075510408 ], [ 612.908310858945583, 287.592176353838909 ], [ 608.774638303923552, 286.214285500001097 ], [ 609.846331185392614, 276.262851561708715 ] ] ] } },
{ "type": "Feature", "properties": { "feature_type": "building", "subtype": "no-damage", "uid": "ef295857-d164-4188-aad2-e3a7eea0d107" }, "geometry": { "type": "Polygon", "coordinates": [ [ [ 419.150172371224187, 268.934665877764587 ], [ 437.322131509819826, 275.187383001195826 ], [ 430.287824743672672, 301.956828184863525 ], [ 433.414183307553685, 307.232558258540109 ], [ 426.379876544172078, 320.128787326458507 ], [ 418.563980140241085, 315.634646892970409 ], [ 423.058120569642711, 306.646366028879697 ], [ 417.782390496445203, 303.910802286296416 ], [ 413.874442294419623, 310.554314231745593 ], [ 405.8631484806819, 303.324610056636118 ], [ 419.150172371224187, 268.934665877764587 ] ] ] } },
{ "type": "Feature", "properties": { "feature_type": "building", "subtype": "no-damage", "uid": "c0dbb3c9-5f91-4ab1-ab62-cac161078911" }, "geometry": { "type": "Polygon", "coordinates": [ [ [ 491.531362819781918, 298.602405851055721 ], [ 499.492509970081926, 286.966883090764611 ], [ 513.57761646784877, 297.8369109335394 ], [ 504.238578464912791, 313.453007269339821 ], [ 497.655322167008308, 309.319334708788119 ], [ 496.277431316175921, 311.462720481104213 ], [ 493.21545164154071, 308.70693877439038 ], [ 497.349124202695009, 303.807771297284376 ], [ 491.531362819781918, 298.602405851055721 ] ] ] } },
{ "type": "Feature", "properties": { "feature_type": "building", "subtype": "no-damage", "uid": "8eeddea0-9203-4000-bea0-77eb6e0b2609" }, "geometry": { "type": "Polygon", "coordinates": [ [ [ 436.763652275073014, 292.244100056199215 ], [ 448.999272371629672, 286.24624706877529 ], [ 456.916438318745122, 302.440450137320909 ], [ 443.841118802534709, 307.838517825232827 ], [ 436.763652275073014, 292.244100056199215 ] ] ] } },
{ "type": "Feature", "properties": { "feature_type": "building", "subtype": "no-damage", "uid": "6145f6fc-700d-40e2-ab4e-7c5d67f48ca1" }, "geometry": { "type": "Polygon", "coordinates": [ [ [ 301.462145749808485, 115.244363983498801 ], [ 304.461072240034582, 101.689216230497195 ], [ 308.659569333493323, 101.809173289245194 ], [ 313.21793760391779, 111.645652191236906 ], [ 312.25828112683871, 116.323977521850793 ], [ 305.660642842545826, 115.484278102918793 ], [ 301.462145749808485, 115.244363983498801 ] ] ] } },
{ "type": "Feature", "properties": { "feature_type": "building", "subtype": "no-damage", "uid": "e31e188c-a2cc-4102-b5b6-91acf47c91c2" }, "geometry": { "type": "Polygon", "coordinates": [ [ [ 310.698839350006892, 104.448228603827204 ], [ 313.217937606923783, 102.169044469337194 ], [ 314.177594085806618, 95.331492061057489 ], [ 317.17652057651361, 93.412179105697462 ], [ 322.934459445240975, 93.292222045987458 ], [ 322.694545325820911, 98.570332677075186 ], [ 324.973729462716506, 98.090504436311349 ], [ 325.453557701075681, 94.011964404247465 ], [ 326.653128301061884, 93.892007344537461 ], [ 326.653128301903621, 98.090504437273268 ], [ 329.532097733501814, 98.090504436311349 ], [ 329.172226554251381, 101.689216230497195 ], [ 327.61278477597682, 102.169044469337194 ], [ 327.852698895757612, 105.647799202851004 ], [ 326.413214178034707, 105.767756261599104 ], [ 326.173300061740804, 118.123333419424597 ], [ 319.815575895665575, 117.883419300004604 ], [ 321.01514648891839, 113.085136907756905 ], [ 316.696692340919924, 113.325051028138802 ], [ 312.738109363995477, 110.446081593174895 ], [ 310.698839350006892, 104.448228603827204 ] ] ] } },
{ "type": "Feature", "properties": { "feature_type": "building", "subtype": "no-damage", "uid": "5340908c-d9c1-4b09-a2c1-1ce1961d462b" }, "geometry": { "type": "Polygon", "coordinates": [ [ [ 536.029048832520061, 981.532420885663441 ], [ 554.201007972197658, 979.578446784230437 ], [ 553.028623510952684, 994.037855131563902 ], [ 559.867532864527675, 993.647060311469659 ], [ 560.258327685223207, 1002.244546358351954 ], [ 535.6382540129066, 1001.853751536334016 ], [ 536.029048832520061, 981.532420885663441 ] ] ] } },
{ "type": "Feature", "properties": { "feature_type": "building", "subtype": "no-damage", "uid": "4b160396-4a64-4105-af5f-623f10e97d50" }, "geometry": { "type": "Polygon", "coordinates": [ [ [ 569.337485065036276, 1022.979494172759019 ], [ 570.600744198732059, 1000.068566575828982 ], [ 578.757824266109196, 1001.268137172928959 ], [ 576.810104732113473, 1022.979481915083056 ], [ 569.337485065036276, 1022.979494172759019 ] ] ] } },
{ "type": "Feature", "properties": { "feature_type": "building", "subtype": "no-damage", "uid": "ac7c3024-fdb1-42b4-8999-f30b819ec833" }, "geometry": { "type": "Polygon", "coordinates": [ [ [ 578.258682101716204, 1022.979479366009969 ], [ 581.156965457784963, 993.590885348602683 ], [ 599.750309724024078, 998.389167738926517 ], [ 597.216417477612026, 1022.979440864422031 ], [ 578.258682101716204, 1022.979479366009969 ] ] ] } },
{ "type": "Feature", "properties": { "feature_type": "building", "subtype": "no-damage", "uid": "8126465e-55b5-4b68-855d-c8ea631b5bcb" }, "geometry": { "type": "Polygon", "coordinates": [ [ [ 605.648275387499893, 1022.979420662294956 ], [ 608.627132148940063, 1001.268137172928959 ], [ 622.302236959852962, 1005.826505444793952 ], [ 618.113084406392886, 1022.979387331958947 ], [ 605.648275387499893, 1022.979420662294956 ] ] ] } },
{ "type": "Feature", "properties": { "feature_type": "building", "subtype": "no-damage", "uid": "aa6f8b19-06ac-4cb3-b0c3-8f639f46be53" }, "geometry": { "type": "Polygon", "coordinates": [ [ [ 590.75012429032688, 950.043053327737425 ], [ 594.462675087114917, 941.640964693307183 ], [ 588.209957959593453, 938.12381131149732 ], [ 594.071880262331319, 924.836787424446584 ], [ 604.232545591637972, 929.135530446444818 ], [ 605.209532638627365, 927.181556346935736 ], [ 596.807444003592877, 923.273608142145918 ], [ 614.197813504644955, 892.596214755612323 ], [ 644.093617250038733, 906.664828284775353 ], [ 642.725835380309718, 909.40039202639673 ], [ 649.955539555421865, 918.779467709619666 ], [ 648.783155093214987, 925.227582245502731 ], [ 655.622064447391153, 931.871094188066195 ], [ 646.438386172889409, 954.146398940169547 ], [ 641.74884833079534, 952.387822250226463 ], [ 640.576463869911095, 950.04305332869933 ], [ 638.427092358670734, 946.135105125833434 ], [ 636.668515667645011, 951.410835199510075 ], [ 641.358053507935438, 956.686565273186602 ], [ 639.01328458977423, 963.720872035844309 ], [ 634.323746747920609, 961.180705705712967 ], [ 628.657221852344151, 969.191999519087062 ], [ 590.75012429032688, 950.043053327737425 ] ] ] } },
{ "type": "Feature", "properties": { "feature_type": "building", "subtype": "no-damage", "uid": "15a04ba0-e11c-45c9-b746-3205557bf302" }, "geometry": { "type": "Polygon", "coordinates": [ [ [ 631.052892962068768, 899.677196560212337 ], [ 605.332263703525769, 888.960267701517978 ], [ 590.175464321043364, 891.256752458876235 ], [ 581.75502021910313, 872.884874416362095 ], [ 589.869266352281215, 866.454717100375888 ], [ 593.084345007389743, 870.588389661889437 ], [ 596.146324683708258, 869.669795757407087 ], [ 601.50478911221569, 865.076826246538076 ], [ 587.878979563804478, 850.991719748655896 ], [ 595.074631795986761, 843.642968532996861 ], [ 600.126898256693948, 847.164245158188919 ], [ 612.681014919427867, 859.105965883754948 ], [ 615.130598657621022, 865.383024214698821 ], [ 620.489063087691534, 866.301618117257362 ], [ 636.105159421814051, 890.491257539436219 ], [ 634.727268570260321, 892.175346357587159 ], [ 637.176852307491458, 896.768315869418075 ], [ 631.052892962068768, 899.677196560212337 ] ] ] } },
{ "type": "Feature", "properties": { "feature_type": "building", "subtype": "no-damage", "uid": "aa8a1a8d-208c-4b49-9f9d-7fcd731a8132" }, "geometry": { "type": "Polygon", "coordinates": [ [ [ 902.467279981961724, 979.128513514085398 ], [ 886.851183646516574, 1006.533231593295 ], [ 831.735549524124735, 980.659503351041735 ], [ 851.638417402399909, 947.283924908086874 ], [ 869.5509984894328, 958.000853765819329 ], [ 871.388186294791126, 953.560983239030747 ], [ 890.678658240351638, 961.062833439732003 ], [ 888.99456941799167, 965.349604982440269 ], [ 901.08938912728172, 969.330178559873389 ], [ 898.792904374010732, 976.066533840172724 ], [ 902.467279981961724, 979.128513514085398 ] ] ] } },
{ "type": "Feature", "properties": { "feature_type": "building", "subtype": "no-damage", "uid": "f4e9cf18-60ab-40ba-8eae-49ce384ab3e8" }, "geometry": { "type": "Polygon", "coordinates": [ [ [ 860.21980872228437, 947.105418719058321 ], [ 868.640252824344884, 932.254817299812203 ], [ 874.151816236812465, 934.857500023407511 ], [ 880.275775586323334, 918.935205720408248 ], [ 895.738772934922622, 923.681274215357689 ], [ 893.748486146806499, 927.968045757104051 ], [ 897.575960739439211, 929.958332544377754 ], [ 885.174943061507292, 958.434743510226667 ], [ 871.388186294791126, 953.560983239030747 ], [ 869.865044693140817, 948.483309570972324 ], [ 864.047283314556353, 947.870913635612624 ], [ 860.21980872228437, 947.105418719058321 ] ] ] } },
{ "type": "Feature", "properties": { "feature_type": "building", "subtype": "no-damage", "uid": "c8fab7a9-268a-4cc7-8ab8-b45517136ebb" }, "geometry": { "type": "Polygon", "coordinates": [ [ [ 864.405718466641588, 938.374099356925853 ], [ 858.348398754818504, 934.856945972230278 ], [ 856.39442465314437, 933.489164102381551 ], [ 861.86555213374379, 914.535615322521835 ], [ 866.555089977040325, 915.121807554105999 ], [ 874.37098638241423, 918.638960934953957 ], [ 864.796513289140762, 938.374099355963949 ], [ 864.405718466641588, 938.374099356925853 ] ] ] } },
{ "type": "Feature", "properties": { "feature_type": "building", "subtype": "no-damage", "uid": "c2a43de3-e062-4396-a626-981670e5b4be" }, "geometry": { "type": "Polygon", "coordinates": [ [ [ 875.696301867497709, 917.731192179003074 ], [ 880.44237036280947, 896.909730397935959 ], [ 912.44005795097587, 905.942570434631648 ], [ 907.69398945879027, 926.30473526538151 ], [ 875.696301867497709, 917.731192179003074 ] ] ] } },
{ "type": "Feature", "properties": { "feature_type": "building", "subtype": "no-damage", "uid": "134088b5-39ee-4c86-95d6-3cd25787fee0" }, "geometry": { "type": "Polygon", "coordinates": [ [ [ 884.576042921558951, 878.844050322620546 ], [ 917.492324412043899, 885.73350458892412 ], [ 912.44005795097587, 905.942570434631648 ], [ 880.44237036280947, 896.909730397935959 ], [ 884.576042921558951, 878.844050322620546 ] ] ] } },
{ "type": "Feature", "properties": { "feature_type": "building", "subtype": "no-damage", "uid": "99ba816e-9b43-44d4-9e9b-b8f767e2230e" }, "geometry": { "type": "Polygon", "coordinates": [ [ [ 380.8186314209172, 571.120111528065422 ], [ 378.278465093550381, 568.189150373992106 ], [ 379.450849551909585, 564.281202173050019 ], [ 378.473862500351117, 560.959446200806383 ], [ 379.060054734219989, 557.24689541135433 ], [ 389.416117465878585, 558.419279870675041 ], [ 389.416117468283289, 561.154843612296418 ], [ 394.691847539436822, 561.350241020900626 ], [ 396.25502682330108, 556.465305768280132 ], [ 409.737448122327578, 560.373253972107932 ], [ 409.346653299107004, 567.993752966349803 ], [ 403.680128405815083, 570.143124476387015 ], [ 403.680128405334187, 572.09709857782002 ], [ 408.565063657595715, 573.855675268724895 ], [ 408.760461068845188, 576.591239009384367 ], [ 401.139962075562607, 575.418854549101752 ], [ 401.335359485249114, 571.706303756763873 ], [ 380.8186314209172, 571.120111528065422 ] ] ] } },
{ "type": "Feature", "properties": { "feature_type": "building", "subtype": "no-damage", "uid": "567a45cf-13e3-4a5a-827f-76bfdf2d938c" }, "geometry": { "type": "Polygon", "coordinates": [ [ [ 566.552986297631378, 495.306679312592223 ], [ 575.711182060105443, 463.78677409437779 ], [ 588.429669769319162, 462.290481423342726 ], [ 578.703767403499342, 497.952123423400224 ], [ 566.552986297631378, 495.306679312592223 ] ] ] } },
{ "type": "Feature", "properties": { "feature_type": "building", "subtype": "no-damage", "uid": "f1788238-3a94-477a-858b-ce1562dd56e6" }, "geometry": { "type": "Polygon", "coordinates": [ [ [ 539.800157951282245, 491.717570624855512 ], [ 544.039653853351524, 475.008969129065008 ], [ 560.997637461387967, 478.001554470173289 ], [ 556.009995222838938, 495.957066528366113 ], [ 539.800157951282245, 491.717570624855512 ] ] ] } },
{ "type": "Feature", "properties": { "feature_type": "building", "subtype": "no-damage", "uid": "1e3f6dd8-3435-411c-8946-a8396964b463" }, "geometry": { "type": "Polygon", "coordinates": [ [ [ 365.335224182087586, 504.578323277075185 ], [ 373.814215986105808, 471.65988450853132 ], [ 392.268492266139788, 476.647526747559482 ], [ 382.043825677643497, 522.783217444862771 ], [ 363.340167288856378, 518.543721544237883 ], [ 365.335224182087586, 504.578323277075185 ] ] ] } },
{ "type": "Feature", "properties": { "feature_type": "building", "subtype": "no-damage", "uid": "a7f34c97-512e-4863-a881-0b34d1eb3aa6" }, "geometry": { "type": "Polygon", "coordinates": [ [ [ 408.609231181924997, 448.361257655315512 ], [ 429.907548884401479, 450.510629167276477 ], [ 425.608805865648321, 464.383845283987682 ], [ 406.264462262681491, 461.843678952894379 ], [ 408.609231181924997, 448.361257655315512 ] ] ] } },
{ "type": "Feature", "properties": { "feature_type": "building", "subtype": "no-damage", "uid": "d667fe7c-4b3e-47aa-ac3d-c4cfc142b5d3" }, "geometry": { "type": "Polygon", "coordinates": [ [ [ 380.663664037064507, 443.350247281427073 ], [ 394.938554147369302, 445.269560238710994 ], [ 392.059584715290214, 458.584793873254625 ], [ 379.464093435515224, 456.545523857222577 ], [ 380.663664037064507, 443.350247281427073 ] ] ] } },
{ "type": "Feature", "properties": { "feature_type": "building", "subtype": "no-damage", "uid": "bf9a6ba1-453d-414f-ac27-4ad7f5bda6bd" }, "geometry": { "type": "Polygon", "coordinates": [ [ [ 540.985496319929325, 343.581466302654121 ], [ 543.384637515212262, 324.388336739434578 ], [ 559.099012344201924, 325.947778515664709 ], [ 559.578840585326702, 327.507220292856573 ], [ 575.293215412993732, 330.026318546766674 ], [ 575.293215415157988, 333.864944460372385 ], [ 584.050080781325846, 337.463656252634394 ], [ 578.652013087520231, 361.934896445979575 ], [ 569.276426440047999, 347.918856437373222 ], [ 540.985496319929325, 343.581466302654121 ] ] ] } },
{ "type": "Feature", "properties": { "feature_type": "building", "subtype": "no-damage", "uid": "f9570a0e-0c39-4e63-a2c6-f77d4254eaf7" }, "geometry": { "type": "Polygon", "coordinates": [ [ [ 455.454827090056881, 405.955888316520486 ], [ 454.855041791987674, 394.080139400420819 ], [ 464.691520693501786, 393.480354101870773 ], [ 463.611907156472114, 390.241513487776785 ], [ 472.488729577420088, 386.762758755224922 ], [ 478.366625507661183, 395.51962411694069 ], [ 470.329502501677382, 407.275415975254418 ], [ 459.293453001980708, 409.794514231088215 ], [ 455.454827090056881, 405.955888316520486 ] ] ] } },
{ "type": "Feature", "properties": { "feature_type": "building", "subtype": "no-damage", "uid": "c8a8bf69-4795-433e-aafe-1c17264bc934" }, "geometry": { "type": "Polygon", "coordinates": [ [ [ 769.375087664555736, 227.560952416734608 ], [ 774.121156161911586, 212.097955065014588 ], [ 786.062876885077117, 213.628944901009106 ], [ 786.522173835875606, 218.681211363157388 ], [ 789.8903514773491, 219.906003232914799 ], [ 785.603579933316723, 225.264467662262007 ], [ 781.163709410254, 223.580378842187201 ], [ 777.336234819665378, 228.326447334250901 ], [ 769.375087664555736, 227.560952416734608 ] ] ] } },
{ "type": "Feature", "properties": { "feature_type": "building", "subtype": "no-damage", "uid": "37c96ac8-e7de-4c32-a7bc-1867dd997add" }, "geometry": { "type": "Polygon", "coordinates": [ [ [ 770.752978516590474, 231.541525992244004 ], [ 772.437067341836155, 231.082229040964705 ], [ 774.121156159506768, 233.225614813280714 ], [ 782.694699244806088, 228.020249366090098 ], [ 785.297381968763034, 235.369000583672886 ], [ 780.857511440409667, 245.014236556690292 ], [ 775.958343962339995, 246.6983253738793 ], [ 770.752978516590474, 231.541525992244004 ] ] ] } },
{ "type": "Feature", "properties": { "feature_type": "building", "subtype": "no-damage", "uid": "31e4d405-2226-4612-b053-4657fc6f9e79" }, "geometry": { "type": "Polygon", "coordinates": [ [ [ 807.649833585231363, 247.616919279323696 ], [ 817.141970572127548, 222.049389002345094 ], [ 831.686374023698932, 226.489259530095694 ], [ 833.676660809410237, 230.01053615528761 ], [ 829.389889268143293, 239.655772128304989 ], [ 827.093404511986591, 239.502673144224588 ], [ 825.103117725914558, 244.401840621330592 ], [ 818.213663461532406, 243.636345701890491 ], [ 814.386188865172244, 250.219602001957014 ], [ 807.649833585231363, 247.616919279323696 ] ] ] } },
{ "type": "Feature", "properties": { "feature_type": "building", "subtype": "no-damage", "uid": "7ce47785-3bd7-4830-ba16-a2c5e6e9d093" }, "geometry": { "type": "Polygon", "coordinates": [ [ [ 777.03003684873886, 248.229315213721407 ], [ 782.388501280132118, 245.320434521965296 ], [ 784.225689082123608, 242.717751800293797 ], [ 794.942617938537296, 242.717751799331893 ], [ 784.225689082484337, 262.161322727523213 ], [ 777.03003684873886, 248.229315213721407 ] ] ] } },
{ "type": "Feature", "properties": { "feature_type": "building", "subtype": "no-damage", "uid": "2948634b-f8df-4730-a86d-bbaa6cea4a39" }, "geometry": { "type": "Polygon", "coordinates": [ [ [ 793.87092505454325, 239.808871109499592 ], [ 801.066577284921891, 223.886576808424195 ], [ 809.793219356465897, 227.254754448573806 ], [ 801.678973220041371, 243.789444686932796 ], [ 793.87092505454325, 239.808871109499592 ] ] ] } },
{ "type": "Feature", "properties": { "feature_type": "building", "subtype": "no-damage", "uid": "123ff97a-463d-44f4-a0ff-4a6f8a3f9d54" }, "geometry": { "type": "Polygon", "coordinates": [ [ [ 783.879817446988, 264.506527624267619 ], [ 789.237218673984557, 255.107578105654511 ], [ 803.80559042625282, 261.968811255598325 ], [ 799.106115667906579, 272.307655724822325 ], [ 783.879817446988, 264.506527624267619 ] ] ] } },
{ "type": "Feature", "properties": { "feature_type": "building", "subtype": "no-damage", "uid": "367bac61-ef2a-47b4-b50f-7eb8f1bb3321" }, "geometry": { "type": "Polygon", "coordinates": [ [ [ 829.389889268143293, 239.655772128304989 ], [ 840.741571430829822, 243.352123664804111 ], [ 835.703374916875759, 256.907271418767721 ], [ 831.145006645609556, 254.748044343987686 ], [ 829.105736629216153, 257.86692789740971 ], [ 821.548441862914274, 254.3881731638958 ], [ 825.866896014880695, 245.871221920637993 ], [ 829.389889268143293, 239.655772128304989 ] ] ] } },
{ "type": "Feature", "properties": { "feature_type": "building", "subtype": "no-damage", "uid": "578a58c4-f332-423d-a92a-9b1df2a16358" }, "geometry": { "type": "Polygon", "coordinates": [ [ [ 681.96429669377892, 122.927537600359301 ], [ 686.653834538277806, 90.686964931525054 ], [ 709.906126340865285, 96.939682054956222 ], [ 711.078510800667459, 86.388221909526848 ], [ 722.411560587491635, 88.342196011921715 ], [ 714.986459003895447, 135.82376666635389 ], [ 699.94085842605466, 132.502010695072187 ], [ 701.308640296986141, 126.444690981207202 ], [ 681.96429669377892, 122.927537600359301 ] ] ] } },
{ "type": "Feature", "properties": { "feature_type": "building", "subtype": "no-damage", "uid": "cbf3f089-8d80-4b28-bc53-71ffd4fadbbb" }, "geometry": { "type": "Polygon", "coordinates": [ [ [ 675.055141120937378, 0.003182975859978 ], [ 675.208199752225937, 12.076244595348729 ], [ 648.875174561689732, 12.994838496945389 ], [ 647.956813315333534, 0.003291301855187 ], [ 675.055141120937378, 0.003182975859978 ] ] ] } },
{ "type": "Feature", "properties": { "feature_type": "building", "subtype": "no-damage", "uid": "78ce19ce-395e-472e-9f4a-5e22debee35a" }, "geometry": { "type": "Polygon", "coordinates": [ [ [ 629.799103888948366, 18.889381915314861 ], [ 642.506319530472069, 19.654876833793029 ], [ 642.812517500316403, 14.75570935764895 ], [ 664.399474196743085, 15.21500630700441 ], [ 664.093276231107211, 35.730270120872717 ], [ 629.952202868219274, 34.658577235195658 ], [ 629.799103888948366, 18.889381915314861 ] ] ] } },
{ "type": "Feature", "properties": { "feature_type": "building", "subtype": "no-damage", "uid": "1736eb5b-7d9d-4847-978f-27718c4217fd" }, "geometry": { "type": "Polygon", "coordinates": [ [ [ 636.076162219413504, 41.241833533338401 ], [ 643.118715465591549, 41.854229467736168 ], [ 643.118715465952278, 36.342666055270477 ], [ 668.686245743781456, 37.10816097374866 ], [ 668.073849806858448, 48.590584749959312 ], [ 657.356920949122241, 46.906495929884493 ], [ 656.744525013762313, 57.929622754815853 ], [ 635.616865264406556, 55.939335966580217 ], [ 636.076162219413504, 41.241833533338401 ] ] ] } },
{ "type": "Feature", "properties": { "feature_type": "building", "subtype": "no-damage", "uid": "d66089e2-c72c-4d96-963e-145ac3d5812c" }, "geometry": { "type": "Polygon", "coordinates": [ [ [ 108.540461792377798, 455.462456373635405 ], [ 122.218280501090703, 455.657853783201574 ], [ 123.195267550003905, 472.26663364249589 ], [ 108.931256615357896, 473.243620693212392 ], [ 108.540461792377798, 455.462456373635405 ] ] ] } },
{ "type": "Feature", "properties": { "feature_type": "building", "subtype": "no-damage", "uid": "25141aed-9349-4ed6-b6f1-5d74cc5c112b" }, "geometry": { "type": "Polygon", "coordinates": [ [ [ 90.954694882961888, 440.807650614812076 ], [ 89.586913010106656, 418.923140682803023 ], [ 99.356783515351069, 413.2566157899941 ], [ 108.540461792257602, 426.152844856950594 ], [ 128.080202802385713, 425.957447446422577 ], [ 130.815766544248504, 439.635266155491422 ], [ 90.954694882961888, 440.807650614812076 ] ] ] } },
{ "type": "Feature", "properties": { "feature_type": "building", "subtype": "no-damage", "uid": "cc75f7fa-0b76-4d25-8f2d-81b84f872d61" }, "geometry": { "type": "Polygon", "coordinates": [ [ [ 60.472698908989678, 450.772918529619176 ], [ 67.507005668643856, 450.968315942071115 ], [ 67.897800490181069, 469.140275082704193 ], [ 61.254288548456927, 469.726467311402587 ], [ 60.472698908989678, 450.772918529619176 ] ] ] } },
{ "type": "Feature", "properties": { "feature_type": "building", "subtype": "no-damage", "uid": "cc278269-65ec-4302-b580-bdf606172464" }, "geometry": { "type": "Polygon", "coordinates": [ [ [ 326.574981108807719, 64.551071183032775 ], [ 333.609287874113193, 65.13726341269313 ], [ 334.195480106899879, 61.424712620355272 ], [ 346.700914352925111, 62.010904851939458 ], [ 345.137735069541691, 75.884120968650564 ], [ 323.057827730002714, 73.148557227029187 ], [ 326.574981108807719, 64.551071183032775 ] ] ] } },
{ "type": "Feature", "properties": { "feature_type": "building", "subtype": "no-damage", "uid": "3394c56c-8157-4a56-b2e3-806d386bf22b" }, "geometry": { "type": "Polygon", "coordinates": [ [ [ 373.760908424307786, 78.512297109738057 ], [ 387.555970299860576, 79.951781825296166 ], [ 386.236442645454872, 88.468733069515864 ], [ 373.760908424428123, 88.108861890385853 ], [ 373.760908424307786, 78.512297109738057 ] ] ] } },
{ "type": "Feature", "properties": { "feature_type": "building", "subtype": "no-damage", "uid": "fc4049b6-9abd-4798-8afb-32162d8b05db" }, "geometry": { "type": "Polygon", "coordinates": [ [ [ 358.406404773726877, 79.471953586456166 ], [ 371.841595467504192, 80.071738885968088 ], [ 371.601681348805585, 89.308432488447792 ], [ 358.166490654066308, 88.34877600980586 ], [ 358.406404773726877, 79.471953586456166 ] ] ] } },
{ "type": "Feature", "properties": { "feature_type": "building", "subtype": "no-damage", "uid": "2ec857db-dc70-4867-9e4f-868cdbbbc816" }, "geometry": { "type": "Polygon", "coordinates": [ [ [ 357.566705355636316, 90.26808896708971 ], [ 365.963699540629875, 90.747917207853547 ], [ 365.603828361620117, 98.425169033141316 ], [ 357.446748294844099, 99.024954330729415 ], [ 357.566705355636316, 90.26808896708971 ] ] ] } },
{ "type": "Feature", "properties": { "feature_type": "building", "subtype": "no-damage", "uid": "fee42569-791b-4a73-903b-78a9cb5a1ee5" }, "geometry": { "type": "Polygon", "coordinates": [ [ [ 371.278267916182415, 119.756250168650396 ], [ 387.232556865193374, 122.275348424484307 ], [ 385.313243908149275, 133.071483804155889 ], [ 369.478912020772214, 130.312471428902086 ], [ 371.278267916182415, 119.756250168650396 ] ] ] } },
{ "type": "Feature", "properties": { "feature_type": "building", "subtype": "no-damage", "uid": "78f798de-205e-49fc-8d73-5f85560ad980" }, "geometry": { "type": "Polygon", "coordinates": [ [ [ 819.503565014234141, 914.543984300433522 ], [ 830.179743336724641, 918.02273903394746 ], [ 826.581031539291075, 928.818874412657124 ], [ 816.384681462614708, 924.620377322807144 ], [ 819.503565014234141, 914.543984300433522 ] ] ] } },
{ "type": "Feature", "properties": { "feature_type": "building", "subtype": "no-damage", "uid": "bb962e48-06d0-4c26-9ebb-42becec8fb4f" }, "geometry": { "type": "Polygon", "coordinates": [ [ [ -0.000000000961914, 431.406878591529221 ], [ -0.000000000601197, 422.527137538913792 ], [ -0.000000001202393, 416.403178192050291 ], [ 3.754791408329903, 416.709376159249189 ], [ 3.295494461619549, 421.761642622359489 ], [ 7.276068036889819, 423.445731440510485 ], [ 8.194661936923689, 420.38375176852162 ], [ 21.208075550456002, 421.302345669156409 ], [ 21.514273517414519, 433.856462332967908 ], [ 17.53369994058114, 434.009561315124472 ], [ 15.39031417030842, 439.061827776310906 ], [ 4.520286327770259, 437.837035907515315 ], [ 4.367187345373155, 431.406878593452973 ], [ -0.000000000961914, 431.406878591529221 ] ] ] } },
{ "type": "Feature", "properties": { "feature_type": "building", "subtype": "no-damage", "uid": "5815f81f-b836-49a6-bfaf-3c5e3d743b2f" }, "geometry": { "type": "Polygon", "coordinates": [ [ [ 104.833443682669397, 412.989381167775491 ], [ 118.748462615407206, 403.992601684715908 ], [ 122.707045588123194, 409.870497613391592 ], [ 108.672069594833701, 419.706976515383303 ], [ 104.833443682669397, 412.989381167775491 ] ] ] } },
{ "type": "Feature", "properties": { "feature_type": "building", "subtype": "no-damage", "uid": "95c281ea-4315-4fcf-8ca3-3748cf6c0598" }, "geometry": { "type": "Polygon", "coordinates": [ [ [ -0.000000001082154, 365.030663600437322 ], [ 8.018396441503056, 364.310921242177301 ], [ 5.979126421622733, 375.826798978185082 ], [ 0.000000002525025, 374.147400143207108 ], [ -0.000000001082154, 365.030663600437322 ] ] ] } },
{ "type": "Feature", "properties": { "feature_type": "building", "subtype": "no-damage", "uid": "130cb738-6a38-4a39-a17c-d37e22629f09" }, "geometry": { "type": "Polygon", "coordinates": [ [ [ 12.57353068810971, 213.488389379404992 ], [ 14.54731008852937, 204.465397841228594 ], [ 27.799828909028271, 206.815135220160414 ], [ 26.483975976657629, 214.710252815102905 ], [ 29.11568184308225, 215.650147767637492 ], [ 28.36376588184784, 219.127759089803305 ], [ 34.097125086515717, 221.19552798461001 ], [ 33.251219632336401, 226.270960722910388 ], [ 22.630406676218051, 223.263296877492905 ], [ 22.724396169523679, 217.4359481763953 ], [ 23.100354148998608, 216.402063728510996 ], [ 12.57353068810971, 213.488389379404992 ] ] ] } },
{ "type": "Feature", "properties": { "feature_type": "building", "subtype": "no-damage", "uid": "a5cf167f-872d-4cbd-9327-d0a5d0ccc6d9" }, "geometry": { "type": "Polygon", "coordinates": [ [ [ 44.083284034308392, 221.473796596605297 ], [ 57.402895612514683, 224.535776270517999 ], [ 52.503728133362877, 239.23327870279789 ], [ 41.633700295033087, 236.936793948325288 ], [ 44.083284034308392, 221.473796596605297 ] ] ] } },
{ "type": "Feature", "properties": { "feature_type": "building", "subtype": "no-damage", "uid": "0f25d5ee-1448-483b-8308-7560179d05a3" }, "geometry": { "type": "Polygon", "coordinates": [ [ [ 74.645815472740253, 254.564617097812487 ], [ 78.217416291098658, 240.184224334324909 ], [ 97.015315326527954, 246.763488997257809 ], [ 92.879777537153572, 260.297976305484383 ], [ 74.645815472740253, 254.564617097812487 ] ] ] } },
{ "type": "Feature", "properties": { "feature_type": "building", "subtype": "no-damage", "uid": "2313f81b-0fe0-4ff8-a2b7-2b4d8c49a0e6" }, "geometry": { "type": "Polygon", "coordinates": [ [ [ 174.2992792225958, 179.468800268845598 ], [ 190.133611115624092, 172.871161980947903 ], [ 201.169660613877994, 203.460212223350908 ], [ 183.535972827243114, 209.098194033568603 ], [ 174.2992792225958, 179.468800268845598 ] ] ] } },
{ "type": "Feature", "properties": { "feature_type": "building", "subtype": "no-damage", "uid": "b6ffe475-cb88-4cf0-9a37-5c4cabf43ce7" }, "geometry": { "type": "Polygon", "coordinates": [ [ [ 929.648314038140256, 585.486561972690652 ], [ 929.34211607058046, 572.166950392324793 ], [ 924.13675062447021, 572.3200493744813 ], [ 924.28984960867092, 565.277496125059315 ], [ 931.485501840732923, 564.818199174741949 ], [ 931.79169981141888, 568.186376816815482 ], [ 941.743133749474282, 568.339475799933894 ], [ 942.049331717034079, 586.252056890206859 ], [ 929.648314038140256, 585.486561972690652 ] ] ] } },
{ "type": "Feature", "properties": { "feature_type": "building", "subtype": "no-damage", "uid": "2063d06e-fd43-4279-9eb4-ecad2be78f10" }, "geometry": { "type": "Polygon", "coordinates": [ [ [ 880.215256350892105, 572.632997872566762 ], [ 881.583038219298487, 560.909153265892769 ], [ 886.077178652307225, 560.127563626666301 ], [ 885.88178124286128, 555.242628374045808 ], [ 891.743703546561051, 556.415012834328422 ], [ 890.571319089764984, 574.39157456443354 ], [ 880.215256350892105, 572.632997872566762 ] ] ] } },
{ "type": "Feature", "properties": { "feature_type": "building", "subtype": "no-damage", "uid": "5ca4779f-064c-4f26-9997-ff8f2501721b" }, "geometry": { "type": "Polygon", "coordinates": [ [ [ 797.647123242036173, 531.002470345091297 ], [ 829.555701140418705, 533.641525660635125 ], [ 829.435744082271754, 539.879292768441019 ], [ 826.31686052908924, 540.239163948532905 ], [ 826.676731706896703, 542.758262203404797 ], [ 824.877375811245997, 542.518348084946751 ], [ 824.63746169098431, 541.078863367464805 ], [ 820.678878718508713, 540.958906305830965 ], [ 797.287252061944059, 540.599035128624791 ], [ 797.647123242036173, 531.002470345091297 ] ] ] } },
{ "type": "Feature", "properties": { "feature_type": "building", "subtype": "no-damage", "uid": "13fd38b7-4699-49a5-b9b5-db5599e9de23" }, "geometry": { "type": "Polygon", "coordinates": [ [ [ 827.706518014841208, 282.691244254302887 ], [ 833.064982445873625, 271.208820478092321 ], [ 840.107535694937383, 274.270800152004995 ], [ 835.20836821422256, 285.906322912295991 ], [ 827.706518014841208, 282.691244254302887 ] ] ] } },
{ "type": "Feature", "properties": { "feature_type": "building", "subtype": "no-damage", "uid": "d9e5b8bc-e55a-4e8d-8a40-855be8111d87" }, "geometry": { "type": "Polygon", "coordinates": [ [ [ 838.729644841099116, 278.251373728476324 ], [ 843.935010287089199, 279.323066613191372 ], [ 840.566832642609711, 287.743510715489379 ], [ 835.20836821422256, 285.906322912295991 ], [ 838.729644841099116, 278.251373728476324 ] ] ] } },
{ "type": "Feature", "properties": { "feature_type": "building", "subtype": "no-damage", "uid": "fb040c72-3f4c-41f6-9cba-f64b9538d56f" }, "geometry": { "type": "Polygon", "coordinates": [ [ [ 779.024303247051989, 192.370707146433205 ], [ 788.380953909605751, 194.649891279961309 ], [ 788.021082729633918, 201.847314866409107 ], [ 796.657991032003565, 203.406756644562904 ], [ 793.659064537569179, 216.122204979594613 ], [ 786.581598011550341, 215.5224196820065 ], [ 786.062876885077117, 213.628944901009106 ], [ 774.705849094965401, 210.724137290720591 ], [ 779.024303247051989, 192.370707146433205 ] ] ] } },
{ "type": "Feature", "properties": { "feature_type": "building", "subtype": "no-damage", "uid": "60cabf4e-62ce-4bb5-a022-6215dd563842" }, "geometry": { "type": "Polygon", "coordinates": [ [ [ 807.159990344088556, 208.90044622068541 ], [ 820.036551181625669, 210.02832016391929 ], [ 819.284635222074598, 216.701574321240088 ], [ 806.408074379126788, 213.693910474860587 ], [ 807.159990344088556, 208.90044622068541 ] ] ] } },
{ "type": "Feature", "properties": { "feature_type": "building", "subtype": "no-damage", "uid": "2ebcef2a-a113-4869-ba41-24c71d42b81d" }, "geometry": { "type": "Polygon", "coordinates": [ [ [ 733.218283445516931, 91.263570257223193 ], [ 746.173645898890982, 93.782668512095142 ], [ 744.254332945454053, 104.338889772346803 ], [ 736.697038177108197, 103.3792332937049 ], [ 736.936952298692518, 99.900478560190976 ], [ 731.778798724667695, 98.700907963090955 ], [ 733.218283445516931, 91.263570257223193 ] ] ] } },
{ "type": "Feature", "properties": { "feature_type": "building", "subtype": "no-damage", "uid": "28b49f67-bc4b-4404-a93f-ab91393b6fb9" }, "geometry": { "type": "Polygon", "coordinates": [ [ [ 735.137596398593018, 104.458846833018697 ], [ 748.692744152681712, 107.577730386440706 ], [ 746.893388255708373, 121.972577559336202 ], [ 744.014418821585195, 122.332448739428102 ], [ 742.335019985764802, 126.650902890911993 ], [ 725.541031619144292, 123.052191096726204 ], [ 727.100473395975996, 113.8154974942465 ], [ 733.458197562652458, 115.135025152980305 ], [ 735.137596398593018, 104.458846833018697 ] ] ] } },
{ "type": "Feature", "properties": { "feature_type": "building", "subtype": "no-damage", "uid": "4c897946-1d78-43d0-9edc-1b191de28d9a" }, "geometry": { "type": "Polygon", "coordinates": [ [ [ 715.177258659367112, 0.002986653931353 ], [ 714.565357493840111, 3.696728305882308 ], [ 723.598197531140272, 6.758707978833079 ], [ 720.076920902339907, 10.279984603063131 ], [ 712.268872736240496, 7.524202896349335 ], [ 706.451111354650038, 19.772121591038161 ], [ 698.030667251868181, 17.01633988624819 ], [ 701.858141846063972, 4.92152017467785 ], [ 702.776735746699046, 2.931233387404137 ], [ 709.20689306557324, 4.921520172754022 ], [ 711.501974957888024, 0.003006421273195 ], [ 715.177258659367112, 0.002986653931353 ] ] ] } },
{ "type": "Feature", "properties": { "feature_type": "building", "subtype": "no-damage", "uid": "aab6e6d1-62c3-4ffc-9ba7-4c05e8984b52" }, "geometry": { "type": "Polygon", "coordinates": [ [ [ 609.035846789577477, 0.00341265890538 ], [ 608.196243273996288, 29.88020809085868 ], [ 596.44045141615959, 26.76132453647481 ], [ 587.443671937425279, 23.04265568450284 ], [ 581.805690125401952, 24.60209746073286 ], [ 564.891744695824968, 22.082999205860911 ], [ 555.894965212762031, 18.724201532057041 ], [ 545.21878689447999, 19.084072712148959 ], [ 544.858915714868886, 5.408967897513444 ], [ 551.696468120866371, 5.768839075681535 ], [ 552.056119869997246, 0.003517523932416 ], [ 609.035846789577477, 0.00341265890538 ] ] ] } },
{ "type": "Feature", "properties": { "feature_type": "building", "subtype": "no-damage", "uid": "d87d8edc-7a04-4e0f-9c0a-f1fbb2f70ec0" }, "geometry": { "type": "Polygon", "coordinates": [ [ [ 738.211345098024253, 243.031624075802114 ], [ 759.339004847139563, 249.614880374906704 ], [ 755.358431270426422, 261.097304149193576 ], [ 734.536969494281607, 255.126443787372409 ], [ 738.211345098024253, 243.031624075802114 ] ] ] } },
{ "type": "Feature", "properties": { "feature_type": "building", "subtype": "no-damage", "uid": "31b5c4b3-1024-4f5e-9b06-c0b1b8779f60" }, "geometry": { "type": "Polygon", "coordinates": [ [ [ 288.346679431328482, 812.802520472927426 ], [ 291.585520045904389, 800.92677155394199 ], [ 301.781870128833305, 801.886428033545826 ], [ 298.423072452863892, 815.92140402538746 ], [ 288.346679431328482, 812.802520472927426 ] ] ] } },
{ "type": "Feature", "properties": { "feature_type": "building", "subtype": "no-damage", "uid": "13d94397-7a55-4b89-87ab-55f412ee70d3" }, "geometry": { "type": "Polygon", "coordinates": [ [ [ 529.770522698615878, 616.739114026197853 ], [ 534.48368934392397, 612.246877065565968 ], [ 540.522434107860477, 620.347632239955601 ], [ 535.588337776074241, 624.029793680936223 ], [ 529.770522698615878, 616.739114026197853 ] ] ] } },
{ "type": "Feature", "properties": { "feature_type": "building", "subtype": "no-damage", "uid": "de707db2-069f-4a06-a669-711a3a8543df" }, "geometry": { "type": "Polygon", "coordinates": [ [ [ 538.922696316710699, 154.264315082737312 ], [ 533.884937275915149, 153.571542004416386 ], [ 533.731838290391806, 149.897166397067906 ], [ 538.481356581239993, 136.450961318777786 ], [ 550.189106465005352, 140.92900702959389 ], [ 544.385577312709984, 163.832802438767089 ], [ 536.468989330686441, 161.477924535174708 ], [ 537.292877402493104, 159.296363578831205 ], [ 538.922696316710699, 154.264315082737312 ] ] ] } },
{ "type": "Feature", "properties": { "feature_type": "building", "subtype": "no-damage", "uid": "00296ca0-c31f-4b7a-9592-081411c15bce" }, "geometry": { "type": "Polygon", "coordinates": [ [ [ 937.416805169752024, 21.47052517651511 ], [ 948.812725849059802, 22.670095774577039 ], [ 947.853069372581899, 30.227390541116719 ], [ 954.930535901606618, 31.426961139178651 ], [ 951.691695284265165, 56.018158391271967 ], [ 923.741700356915203, 54.578673674751947 ], [ 925.301142135430382, 44.022452415462233 ], [ 927.940197448329855, 28.06816346345094 ], [ 935.017663975671326, 28.308077583832858 ], [ 937.416805169752024, 21.47052517651511 ] ] ] } },
{ "type": "Feature", "properties": { "feature_type": "building", "subtype": "no-damage", "uid": "bda9357e-eac6-4ceb-8ad0-64e3d5a92528" }, "geometry": { "type": "Polygon", "coordinates": [ [ [ 941.085025635665829, 0.759027351078174 ], [ 961.957554037357681, 4.957524442852063 ], [ 962.437382274514562, 2.078555007888192 ], [ 978.031800045116825, 4.597653262760144 ], [ 977.432014747889184, 21.991426928405708 ], [ 938.565927381634651, 15.63370276185179 ], [ 941.085025635665829, 0.759027351078174 ] ] ] } },
{ "type": "Feature", "properties": { "feature_type": "building", "subtype": "no-damage", "uid": "870e35a9-f88d-41a9-8aad-556df82db844" }, "geometry": { "type": "Polygon", "coordinates": [ [ [ 715.181124847706997, 25.520381827880311 ], [ 725.132558786844584, 26.898272679794339 ], [ 720.998886231581992, 38.993092390402758 ], [ 712.119145173432457, 37.462102555370237 ], [ 715.181124847706997, 25.520381827880311 ] ] ] } },
{ "type": "Feature", "properties": { "feature_type": "building", "subtype": "no-damage", "uid": "2f443e06-b51c-45d7-b2ad-f7b6d4185928" }, "geometry": { "type": "Polygon", "coordinates": [ [ [ 711.506749240597628, 39.452389341682043 ], [ 718.702401473020473, 40.677181213363333 ], [ 718.090005539945082, 47.719734460861531 ], [ 710.435056356603468, 47.413536492700729 ], [ 711.506749240597628, 39.452389341682043 ] ] ] } },
{ "type": "Feature", "properties": { "feature_type": "building", "subtype": "no-damage", "uid": "58591acb-6724-47f3-afd3-8f89a0b8d361" }, "geometry": { "type": "Polygon", "coordinates": [ [ [ 877.61945361503308, 486.856757893308327 ], [ 886.496276038626434, 485.057401996696285 ], [ 887.096061336936145, 489.735727328272105 ], [ 891.174601372488382, 490.215555567112119 ], [ 889.975030776349854, 496.573279733666027 ], [ 887.575889576858458, 496.453322675879917 ], [ 886.016447803994652, 500.531862708905692 ], [ 875.100355360521007, 498.852463871041778 ], [ 877.61945361503308, 486.856757893308327 ] ] ] } },
{ "type": "Feature", "properties": { "feature_type": "building", "subtype": "no-damage", "uid": "31d022d9-d7d0-428d-bc0f-3ace7e3c730b" }, "geometry": { "type": "Polygon", "coordinates": [ [ [ 889.517193139943743, 498.378784930007498 ], [ 891.048182972331574, 491.795528632826688 ], [ 893.038469764054867, 492.561023551304913 ], [ 893.497766711246186, 487.814955056355416 ], [ 900.693418946434463, 489.34594489331181 ], [ 903.296101670872417, 480.313104857578026 ], [ 918.606000035872057, 481.384797742293074 ], [ 918.452901051671461, 488.427350991715116 ], [ 912.022743739530597, 488.580449975795489 ], [ 906.817378291977434, 491.030033713386615 ], [ 904.980190487340565, 504.808942245031801 ], [ 889.210995167814986, 501.593863587038697 ], [ 889.517193139943743, 498.378784930007498 ] ] ] } },
{ "type": "Feature", "properties": { "feature_type": "building", "subtype": "no-damage", "uid": "442930e4-27a3-4dff-9b63-441a61ddbc71" }, "geometry": { "type": "Polygon", "coordinates": [ [ [ 800.257562722033526, 274.352059078090122 ], [ 803.80559042625282, 261.968811255598325 ], [ 815.498560710642892, 265.363778212075601 ], [ 812.567599560897179, 277.673815049371797 ], [ 800.257562722033526, 274.352059078090122 ] ] ] } },
{ "type": "Feature", "properties": { "feature_type": "building", "subtype": "no-damage", "uid": "707b941b-e69c-4b48-b2dc-e840ea3444d2" }, "geometry": { "type": "Polygon", "coordinates": [ [ [ 821.360483015424848, 257.743279217833674 ], [ 827.808597549266096, 260.088048139360922 ], [ 823.900649345917827, 271.225700516374502 ], [ 817.257137402269905, 269.076329003451576 ], [ 821.360483015424848, 257.743279217833674 ] ] ] } },
{ "type": "Feature", "properties": { "feature_type": "building", "subtype": "no-damage", "uid": "5d1752c1-1d22-40a9-83c4-d9e69802c470" }, "geometry": { "type": "Polygon", "coordinates": [ [ [ 856.618174087209468, 244.917396050812812 ], [ 847.141566366869597, 268.548936827149873 ], [ 832.746719189640316, 263.510740315482224 ], [ 846.54178106531333, 232.801733013369187 ], [ 859.137272343765744, 235.440788328913101 ], [ 856.618174087209468, 244.917396050812812 ] ] ] } },
{ "type": "Feature", "properties": { "feature_type": "building", "subtype": "no-damage", "uid": "8e2099d6-945a-40e4-b428-732f60e700ef" }, "geometry": { "type": "Polygon", "coordinates": [ [ [ 792.82635525736157, 615.09820363326719 ], [ 826.239312386971278, 621.350920757660333 ], [ 824.480735695464546, 629.557611983486368 ], [ 791.653970795876148, 625.454266370092341 ], [ 792.82635525736157, 615.09820363326719 ] ] ] } },
{ "type": "Feature", "properties": { "feature_type": "building", "subtype": "no-damage", "uid": "06bf4342-1469-4f2d-9d3e-9e316aab8ecc" }, "geometry": { "type": "Polygon", "coordinates": [ [ [ 754.528462877654761, 644.603212561441978 ], [ 769.964858274868448, 645.580199610234672 ], [ 769.574063455014539, 655.154672706871338 ], [ 753.942270647513283, 652.809903786306108 ], [ 754.528462877654761, 644.603212561441978 ] ] ] } },
{ "type": "Feature", "properties": { "feature_type": "building", "subtype": "no-damage", "uid": "bba62da1-9a41-45d7-b826-9cddbc95c0c2" }, "geometry": { "type": "Polygon", "coordinates": [ [ [ 247.367679365179896, 370.487977718106208 ], [ 269.260834032172284, 374.621650276733988 ], [ 266.351953341617616, 385.797876086707674 ], [ 246.295986481907192, 381.970401494316775 ], [ 247.367679365179896, 370.487977718106208 ] ] ] } },
{ "type": "Feature", "properties": { "feature_type": "building", "subtype": "no-damage", "uid": "430a7309-17a7-413f-a416-bf24241beede" }, "geometry": { "type": "Polygon", "coordinates": [ [ [ 603.408660484090888, 353.827087487555616 ], [ 603.408660483609879, 349.587591585006919 ], [ 605.403717377923272, 338.365396550319815 ], [ 634.082660244409567, 344.350567235422091 ], [ 631.838221239779955, 360.061640283214615 ], [ 603.408660484090888, 353.827087487555616 ] ] ] } },
{ "type": "Feature", "properties": { "feature_type": "building", "subtype": "no-damage", "uid": "662b1f27-41bc-4459-a0c3-5382bd4f23de" }, "geometry": { "type": "Polygon", "coordinates": [ [ [ 595.179050791230566, 333.128372199773025 ], [ 605.154335268328509, 334.874046982326718 ], [ 601.164221479942171, 355.073998046110319 ], [ 591.438319115805712, 353.078941152038112 ], [ 595.179050791230566, 333.128372199773025 ] ] ] } },
{ "type": "Feature", "properties": { "feature_type": "building", "subtype": "no-damage", "uid": "d765121d-536b-4e67-98c6-8a617759f9c7" }, "geometry": { "type": "Polygon", "coordinates": [ [ [ 850.212083349274053, 0.002010809041496 ], [ 842.895501208735027, 18.42684357784476 ], [ 833.298936426039745, 15.78778826326281 ], [ 839.5358715866696, 0.002105650920016 ], [ 850.212083349274053, 0.002010809041496 ] ] ] } },
{ "type": "Feature", "properties": { "feature_type": "building", "subtype": "no-damage", "uid": "1e90d2ca-038b-4a6f-b7e7-21b5ddf222f0" }, "geometry": { "type": "Polygon", "coordinates": [ [ [ 871.397531765441954, 0.001813618504127 ], [ 864.91400655986854, 28.70188949764103 ], [ 845.212819721159121, 23.963629371093329 ], [ 853.691111212984993, 0.001979246704731 ], [ 871.397531765441954, 0.001813618504127 ] ] ] } },
{ "type": "Feature", "properties": { "feature_type": "building", "subtype": "no-damage", "uid": "3baab7cc-6e12-4483-bbf8-c22cc5259b64" }, "geometry": { "type": "Polygon", "coordinates": [ [ [ 233.117715821715905, 272.480151176935181 ], [ 240.435096469078587, 274.039592955089006 ], [ 239.595397050988112, 277.398390626007085 ], [ 247.872434172784693, 280.637231240101016 ], [ 247.632520052162192, 291.793237799864585 ], [ 243.673937079566514, 292.153108978994624 ], [ 239.835311169566495, 300.670060223214307 ], [ 227.599691074091993, 292.99280839696462 ], [ 233.117715821715905, 272.480151176935181 ] ] ] } },
{ "type": "Feature", "properties": { "feature_type": "building", "subtype": "no-damage", "uid": "4d670b04-faf5-4c97-a5c0-9b2cfcae39bd" }, "geometry": { "type": "Polygon", "coordinates": [ [ [ 270.940416396459227, 374.680310288816372 ], [ 287.934403583818892, 378.201586914008317 ], [ 286.097215778340512, 387.540624917903017 ], [ 284.260027974785828, 387.234426951666023 ], [ 284.41312696006861, 389.990208656455877 ], [ 275.839583875130074, 389.530911706138625 ], [ 276.60507878976091, 385.397239146548827 ], [ 269.256327575662397, 383.40695235831322 ], [ 270.940416396459227, 374.680310288816372 ] ] ] } },
{ "type": "Feature", "properties": { "feature_type": "building", "subtype": "no-damage", "uid": "4eb5158b-e66f-4e7b-8746-9764aa53c11b" }, "geometry": { "type": "Polygon", "coordinates": [ [ [ 292.068076143289886, 370.240439761065772 ], [ 306.306281624175313, 372.996221467779606 ], [ 305.693885689536899, 388.153020853262603 ], [ 290.230888339254307, 386.928228982543317 ], [ 292.068076143289886, 370.240439761065772 ] ] ] } },
{ "type": "Feature", "properties": { "feature_type": "building", "subtype": "no-damage", "uid": "862c5516-8105-404f-930e-f5f20ac64276" }, "geometry": { "type": "Polygon", "coordinates": [ [ [ 295.414283556639191, 408.139066327037028 ], [ 304.71924358158941, 407.575129355901026 ], [ 306.129086007986984, 410.300824718155184 ], [ 309.042760358296391, 410.582793203242318 ], [ 308.854781367837518, 417.44402635126238 ], [ 313.178298145867188, 419.887753226505822 ], [ 312.426382183911414, 423.365364547709703 ], [ 305.283180552364911, 422.895417071923305 ], [ 305.377170045429978, 427.688881327060528 ], [ 296.072210023846594, 428.064839306535305 ], [ 295.414283556639191, 408.139066327037028 ] ] ] } },
{ "type": "Feature", "properties": { "feature_type": "building", "subtype": "no-damage", "uid": "f1e2c134-87b3-47a7-bd18-7d41abd2e947" }, "geometry": { "type": "Polygon", "coordinates": [ [ [ 288.237869732511399, 389.392279090948307 ], [ 304.122094419434916, 390.520153033220424 ], [ 304.686031391052097, 392.399942937327808 ], [ 318.408497691666128, 394.091753850735813 ], [ 317.750571224699172, 405.934430243630516 ], [ 298.200756226352212, 403.772671853474094 ], [ 294.253197426955808, 405.558472263193721 ], [ 292.655376007814596, 408.754115098348677 ], [ 284.948237402847326, 411.009862982892685 ], [ 284.384300430869416, 407.250283175639879 ], [ 273.011571517484526, 407.062304184940615 ], [ 273.387529497440426, 395.689575268794215 ], [ 280.812699616238376, 396.253512240892178 ], [ 288.237869732511399, 389.392279090948307 ] ] ] } },
{ "type": "Feature", "properties": { "feature_type": "building", "subtype": "no-damage", "uid": "2e6feafa-0fc3-431a-b317-fd871a27b913" }, "geometry": { "type": "Polygon", "coordinates": [ [ [ 304.748672043541774, 353.035655652273192 ], [ 318.303819794143521, 352.435870352761299 ], [ 325.86111456020501, 355.674710967817077 ], [ 326.700813980098985, 364.191662211074913 ], [ 322.982145129929393, 367.670416944588681 ], [ 319.623347455402893, 365.031361630006813 ], [ 317.584077436484392, 371.628999916942576 ], [ 311.82613856823798, 369.109901661108779 ], [ 306.306281624175313, 372.996221467779606 ], [ 301.989659666844091, 370.309472260132623 ], [ 302.229573785903483, 363.711833972234786 ], [ 306.787942055847111, 362.75217749359291 ], [ 304.38880086044378, 359.633293939209125 ], [ 304.748672043541774, 353.035655652273192 ] ] ] } },
{ "type": "Feature", "properties": { "feature_type": "building", "subtype": "no-damage", "uid": "3056864e-d540-4065-ab3e-554d2490f47f" }, "geometry": { "type": "Polygon", "coordinates": [ [ [ 115.944509386268194, 235.76418615940409 ], [ 117.857616301091298, 222.426659685300706 ], [ 125.609096094902796, 223.470424894314789 ], [ 127.638069553870096, 226.759143911101887 ], [ 126.448795514676604, 237.745315008462313 ], [ 120.518964456075594, 238.017402730495689 ], [ 115.944509386268194, 235.76418615940409 ] ] ] } },
{ "type": "Feature", "properties": { "feature_type": "building", "subtype": "no-damage", "uid": "97fdaf2a-d251-4f6a-a0e2-1a580445a376" }, "geometry": { "type": "Polygon", "coordinates": [ [ [ 301.857361361799292, 129.682544373849112 ], [ 315.652423233865079, 131.601857330170986 ], [ 315.772380295258472, 142.397992709842612 ], [ 300.297919584366298, 138.799280918542593 ], [ 301.857361361799292, 129.682544373849112 ] ] ] } },
{ "type": "Feature", "properties": { "feature_type": "building", "subtype": "no-damage", "uid": "06293175-a520-40fb-a7b3-243f9cbd45ce" }, "geometry": { "type": "Polygon", "coordinates": [ [ [ 54.136187973949397, 244.120938849343304 ], [ 68.374393457119368, 248.254611407971112 ], [ 72.967362966426904, 256.675055512193012 ], [ 70.211581259231167, 268.616776238720888 ], [ 55.514078826705592, 266.779588433603806 ], [ 56.110747664216582, 262.663827094200315 ], [ 51.686604235876487, 259.737035185143725 ], [ 52.911396104552217, 255.450263640511707 ], [ 54.136187973949397, 244.120938849343304 ] ] ] } },
{ "type": "Feature", "properties": { "feature_type": "building", "subtype": "no-damage", "uid": "71f20f47-1ee3-4c72-9464-6b9d94767a2f" }, "geometry": { "type": "Polygon", "coordinates": [ [ [ 31.171340423203318, 238.609375435915695 ], [ 37.295299768746311, 240.446563241994795 ], [ 34.998815012709791, 247.336017506374503 ], [ 28.87485566728704, 245.651928686299698 ], [ 31.171340423203318, 238.609375435915695 ] ] ] } },
{ "type": "Feature", "properties": { "feature_type": "building", "subtype": "no-damage", "uid": "00646bcc-6ccb-44a6-bb0e-b4bac162d6b8" }, "geometry": { "type": "Polygon", "coordinates": [ [ [ 36.79340071979923, 247.6858807756376 ], [ 39.707075068906221, 238.568899743073501 ], [ 44.970486798629231, 239.790763180695194 ], [ 43.090696895483092, 249.095723203958613 ], [ 36.79340071979923, 247.6858807756376 ] ] ] } },
{ "type": "Feature", "properties": { "feature_type": "building", "subtype": "no-damage", "uid": "9505c68c-456e-47f2-8cfc-1e3b62b23d84" }, "geometry": { "type": "Polygon", "coordinates": [ [ [ 42.996707403379858, 251.633439574551687 ], [ 45.252455284077101, 241.294595104365811 ], [ 52.113688432941252, 242.422469045675996 ], [ 49.481982569041662, 252.761313515861787 ], [ 42.996707403379858, 251.633439574551687 ] ] ] } },
{ "type": "Feature", "properties": { "feature_type": "building", "subtype": "no-damage", "uid": "fe73deda-f75b-4bfd-b188-f5df4c53e900" }, "geometry": { "type": "Polygon", "coordinates": [ [ [ 49.889002720551503, 211.494763900599111 ], [ 56.885109463394947, 213.335844621570288 ], [ 55.485888112132898, 218.859086786407886 ], [ 48.416138142186831, 216.797076378958508 ], [ 49.889002720551503, 211.494763900599111 ] ] ] } },
{ "type": "Feature", "properties": { "feature_type": "building", "subtype": "no-damage", "uid": "9953759c-4aa0-4d56-a8fd-7ff9e8c58d7c" }, "geometry": { "type": "Polygon", "coordinates": [ [ [ 89.879286221221847, 181.39139547348401 ], [ 101.035292780748904, 183.790536668646013 ], [ 96.237010390303041, 195.546328526959513 ], [ 86.520488549941803, 192.067573794407593 ], [ 89.879286221221847, 181.39139547348401 ] ] ] } },
{ "type": "Feature", "properties": { "feature_type": "building", "subtype": "no-damage", "uid": "d69d611a-9c42-4548-9bee-f68277d95b7a" }, "geometry": { "type": "Polygon", "coordinates": [ [ [ 130.31674283865749, 206.7144288801681 ], [ 139.913307620751596, 209.593398314170088 ], [ 135.83476758676241, 222.548760770545613 ], [ 126.358159863175999, 220.149619576345486 ], [ 130.31674283865749, 206.7144288801681 ] ] ] } },
{ "type": "Feature", "properties": { "feature_type": "building", "subtype": "no-damage", "uid": "8c739c88-4456-48e4-9ab9-33ffb8204743" }, "geometry": { "type": "Polygon", "coordinates": [ [ [ 555.157381509945139, 288.093636925027909 ], [ 585.1647823136027, 294.06449728781098 ], [ 581.94970365873462, 309.833692607691773 ], [ 575.672645323700408, 307.690306838261506 ], [ 570.620378861790869, 312.436375330325177 ], [ 552.554698787912002, 307.384108869138686 ], [ 555.157381509945139, 288.093636925027909 ] ] ] } },
{ "type": "Feature", "properties": { "feature_type": "building", "subtype": "no-damage", "uid": "e572e630-418e-4df9-9a6c-0e583bfc6edf" }, "geometry": { "type": "Polygon", "coordinates": [ [ [ 473.037558279006987, 304.304228921626191 ], [ 477.171230840041119, 296.343081771569473 ], [ 484.213784088383477, 299.405061444520186 ], [ 489.878446485653001, 308.89719843345722 ], [ 485.438575959945013, 319.461028306147284 ], [ 471.659667425288887, 314.40876184496102 ], [ 474.4154491334466, 307.519307579619408 ], [ 478.549121692797314, 309.509594367855016 ], [ 479.927012546154685, 307.51930757865739 ], [ 473.037558279006987, 304.304228921626191 ] ] ] } },
{ "type": "Feature", "properties": { "feature_type": "building", "subtype": "no-damage", "uid": "bb0448f0-ff3d-4755-8f30-b47b162e86b2" }, "geometry": { "type": "Polygon", "coordinates": [ [ [ 506.502504347673096, 317.721658116714991 ], [ 510.638042133199917, 308.792656071964473 ], [ 517.217306799622065, 313.21016234762692 ], [ 513.927674464667462, 320.353363981695793 ], [ 506.502504347673096, 317.721658116714991 ] ] ] } },
{ "type": "Feature", "properties": { "feature_type": "building", "subtype": "no-damage", "uid": "9a4d873e-71ad-481e-ae84-9a5e0c61a03b" }, "geometry": { "type": "Polygon", "coordinates": [ [ [ 63.262693916535888, 311.292129976462377 ], [ 65.559178671249782, 307.005358433754225 ], [ 72.142434973362754, 309.454942171345181 ], [ 73.367226840956334, 307.158457417834484 ], [ 78.572592283940423, 308.842546237909289 ], [ 77.347800418030189, 315.119604567891315 ], [ 76.276107528505094, 317.875386275567109 ], [ 63.262693916535888, 311.292129976462377 ] ] ] } },
{ "type": "Feature", "properties": { "feature_type": "building", "subtype": "no-damage", "uid": "91af6dd5-a047-44ca-a29d-5ed872428b60" }, "geometry": { "type": "Polygon", "coordinates": [ [ [ 66.937069527853637, 299.656607217133228 ], [ 71.836237002195858, 287.714886490605181 ], [ 86.074442488732529, 293.991944820587207 ], [ 79.950483137658523, 305.474368597759678 ], [ 66.937069527853637, 299.656607217133228 ] ] ] } },
{ "type": "Feature", "properties": { "feature_type": "building", "subtype": "no-damage", "uid": "eb7f5a76-3a34-4031-8d36-cc032b1bb813" }, "geometry": { "type": "Polygon", "coordinates": [ [ [ 47.799696563608038, 289.858272261959314 ], [ 50.55547827152521, 282.356422061258002 ], [ 65.406079687650291, 287.714886489643277 ], [ 61.884803061976108, 295.982231608822815 ], [ 47.799696563608038, 289.858272261959314 ] ] ] } },
{ "type": "Feature", "properties": { "feature_type": "building", "subtype": "no-damage", "uid": "0b7b3799-3cf8-4b8f-a591-48727d680892" }, "geometry": { "type": "Polygon", "coordinates": [ [ [ 55.607744732472923, 307.158457417834484 ], [ 59.282120341506101, 295.063637706264217 ], [ 61.884803061976108, 295.982231608822815 ], [ 65.406079687650291, 287.714886489643277 ], [ 69.539752248083161, 290.164470228196308 ], [ 63.568891882652743, 305.168170627675124 ], [ 65.559178671249782, 307.005358433754225 ], [ 63.262693916535888, 311.292129976462377 ], [ 55.607744732472923, 307.158457417834484 ] ] ] } },
{ "type": "Feature", "properties": { "feature_type": "building", "subtype": "no-damage", "uid": "66fbc499-cf52-4c06-a6d6-b4ad6ccfbbc1" }, "geometry": { "type": "Polygon", "coordinates": [ [ [ 56.965397739409163, 283.442495928603819 ], [ 59.409124616096307, 276.95722076102038 ], [ 68.056158171554529, 279.776905617662521 ], [ 65.594058679792539, 286.868981032458294 ], [ 56.965397739409163, 283.442495928603819 ] ] ] } },
{ "type": "Feature", "properties": { "feature_type": "building", "subtype": "no-damage", "uid": "daf08a30-ddf5-4cab-9ec8-d5bbe78ccc3f" }, "geometry": { "type": "Polygon", "coordinates": [ [ [ 534.594321695305212, 448.594096533275604 ], [ 546.906945561104862, 450.943833914131289 ], [ 544.181250199691249, 460.624751918793379 ], [ 532.526552800617992, 458.087035548200276 ], [ 534.594321695305212, 448.594096533275604 ] ] ] } },
{ "type": "Feature", "properties": { "feature_type": "building", "subtype": "no-damage", "uid": "e6a00f60-ed69-4d75-8ea6-653f2a71ecfb" }, "geometry": { "type": "Polygon", "coordinates": [ [ [ 544.82044071749965, 426.847915492932827 ], [ 560.589636040031223, 429.60369719964649 ], [ 559.058646201030342, 438.330339270105412 ], [ 542.523955966152471, 435.880755531552325 ], [ 544.82044071749965, 426.847915492932827 ] ] ] } },
{ "type": "Feature", "properties": { "feature_type": "building", "subtype": "no-damage", "uid": "fc459a37-323f-40a1-9eaa-ce30b77a6d8c" }, "geometry": { "type": "Polygon", "coordinates": [ [ [ 863.627747691198351, 283.096118093807092 ], [ 871.185042453412052, 286.454915766649094 ], [ 864.827318286495256, 301.209634119636519 ], [ 857.389980580143856, 297.970793504580683 ], [ 863.627747691198351, 283.096118093807092 ] ] ] } },
{ "type": "Feature", "properties": { "feature_type": "building", "subtype": "no-damage", "uid": "175c970e-1f58-4f41-9a5f-9e4b74dcec0a" }, "geometry": { "type": "Polygon", "coordinates": [ [ [ 856.618174087209468, 244.917396050812812 ], [ 861.658398070082285, 229.141330520574087 ], [ 871.456733026702523, 231.590914260088994 ], [ 869.77264420542474, 238.939665475748001 ], [ 865.792070629913951, 238.174170557269804 ], [ 863.189387907520086, 243.685733969735509 ], [ 865.638971644991784, 243.991931938858187 ], [ 863.954882824675906, 246.900812629652393 ], [ 856.618174087209468, 244.917396050812812 ] ] ] } },
{ "type": "Feature", "properties": { "feature_type": "building", "subtype": "no-damage", "uid": "f30af819-3a6c-4f91-9e2f-08227a456b3e" }, "geometry": { "type": "Polygon", "coordinates": [ [ [ 844.12607697253577, 209.513156602029397 ], [ 849.777329821566582, 211.311156120397101 ], [ 848.399438967367587, 214.373135795271708 ], [ 851.002121690122181, 215.138630713749791 ], [ 851.920715596889409, 211.311156121359005 ], [ 860.188060713546747, 212.382849007998004 ], [ 858.810169857784558, 222.028084979091489 ], [ 841.356885718303715, 218.506808353899487 ], [ 844.12607697253577, 209.513156602029397 ] ] ] } },
{ "type": "Feature", "properties": { "feature_type": "building", "subtype": "no-damage", "uid": "f25795d9-47ef-4dfe-ac69-4a8bd1542c0d" }, "geometry": { "type": "Polygon", "coordinates": [ [ [ 785.670991219132929, 342.677766474624377 ], [ 804.070554228905507, 349.215234952613116 ], [ 801.314772523032389, 358.248074990270709 ], [ 783.402191433835242, 352.124115644369226 ], [ 785.670991219132929, 342.677766474624377 ] ] ] } },
{ "type": "Feature", "properties": { "feature_type": "building", "subtype": "no-damage", "uid": "e83c0ed2-bc5f-42f0-92a0-e2fdaf68957b" }, "geometry": { "type": "Polygon", "coordinates": [ [ [ 857.004797416818178, 252.457972344144309 ], [ 858.688886235931591, 247.558804868000209 ], [ 862.669459812765012, 249.702190639354313 ], [ 865.425241519720316, 247.558804867038305 ], [ 877.979358178846951, 238.066667878101299 ], [ 878.13245716497147, 234.239193286672389 ], [ 890.227276875584153, 233.167500399071514 ], [ 889.308682972424094, 245.415419093760306 ], [ 877.979358182694568, 246.946408931678604 ], [ 872.927091718981387, 252.917269295423608 ], [ 867.568627291075131, 267.155474776424228 ], [ 858.53578725377497, 263.328000184995176 ], [ 860.832272007887696, 254.448259131418013 ], [ 857.004797416818178, 252.457972344144309 ] ] ] } },
{ "type": "Feature", "properties": { "feature_type": "building", "subtype": "no-damage", "uid": "3b7215ee-ea9c-4010-b825-24e7b0df3945" }, "geometry": { "type": "Polygon", "coordinates": [ [ [ 941.551743919931937, 313.999314971842125 ], [ 949.728830000325047, 317.006978817259608 ], [ 943.149565339674268, 336.93275179579598 ], [ 937.416206134044501, 333.455140475554003 ], [ 941.551743919931937, 313.999314971842125 ] ] ] } },
{ "type": "Feature", "properties": { "feature_type": "building", "subtype": "no-damage", "uid": "6caa701d-01e1-4cce-9eb9-1ca8656bd9ce" }, "geometry": { "type": "Polygon", "coordinates": [ [ [ 543.617326566821475, 349.650673207093917 ], [ 566.832731874427736, 355.666000899852804 ], [ 576.983597356563109, 364.125055466893173 ], [ 574.351891489417085, 374.745868421204193 ], [ 538.635883319179584, 363.279150008746285 ], [ 543.617326566821475, 349.650673207093917 ] ] ] } },
{ "type": "Feature", "properties": { "feature_type": "building", "subtype": "no-damage", "uid": "b0ac84de-730d-434e-96a7-a19394538e8a" }, "geometry": { "type": "Polygon", "coordinates": [ [ [ 505.537938031654278, 392.752418024587087 ], [ 509.109538848449574, 376.868193336466788 ], [ 524.617805556980329, 381.09772062046801 ], [ 528.001427384519161, 390.21470165303208 ], [ 523.207963126855248, 401.681420066451892 ], [ 515.970771998396003, 395.572102880267209 ], [ 505.537938031654278, 392.752418024587087 ] ] ] } },
{ "type": "Feature", "properties": { "feature_type": "building", "subtype": "no-damage", "uid": "f4682033-3f12-440d-8726-996303f9dccf" }, "geometry": { "type": "Polygon", "coordinates": [ [ [ 491.627492743948096, 386.643100835516577 ], [ 503.752137624699628, 386.643100835516577 ], [ 503.470169139011205, 390.778638624168082 ], [ 499.804578825303111, 401.587430572064193 ], [ 490.687597795020281, 401.023493599004325 ], [ 492.097440220816793, 396.98194530762629 ], [ 491.627492743948096, 386.643100835516577 ] ] ] } },
{ "type": "Feature", "properties": { "feature_type": "building", "subtype": "no-damage", "uid": "e05764f6-24ad-46b6-96f8-3d0209b1e1b4" }, "geometry": { "type": "Polygon", "coordinates": [ [ [ 405.368520795526081, 417.188948258548976 ], [ 407.971203520204483, 416.729651307269705 ], [ 408.430500470041125, 410.6056919594443 ], [ 411.186282176274915, 409.840197042889997 ], [ 412.717272015155572, 419.944729965262809 ], [ 411.339381158671983, 422.700511671014681 ], [ 411.645579126592395, 431.274054757393003 ], [ 405.062322827966398, 430.661658822033417 ], [ 405.368520795526081, 417.188948258548976 ] ] ] } },
{ "type": "Feature", "properties": { "feature_type": "building", "subtype": "no-damage", "uid": "6ca94203-d2eb-45ae-9b0d-bb1cd1c419df" }, "geometry": { "type": "Polygon", "coordinates": [ [ [ 412.152087953203818, 434.195234045722486 ], [ 421.628695674024698, 434.555105223890621 ], [ 421.988566856281125, 439.23343055450448 ], [ 426.906806304272607, 439.953172913726405 ], [ 424.747579231896623, 444.271627065210282 ], [ 412.03213089433541, 443.311970587530311 ], [ 412.152087953203818, 434.195234045722486 ] ] ] } },
{ "type": "Feature", "properties": { "feature_type": "building", "subtype": "no-damage", "uid": "940d319c-e391-4ad8-a844-6104a349f18c" }, "geometry": { "type": "Polygon", "coordinates": [ [ [ 426.906806304272607, 439.953172913726405 ], [ 429.066033380736826, 427.837509876282809 ], [ 445.260236449408296, 430.95639342970469 ], [ 441.061739357873421, 442.592228228308272 ], [ 426.906806304272607, 439.953172913726405 ] ] ] } },
{ "type": "Feature", "properties": { "feature_type": "building", "subtype": "no-damage", "uid": "5ed84c8f-d925-461a-8fca-c3d2a10ee91f" }, "geometry": { "type": "Polygon", "coordinates": [ [ [ 415.151014444872828, 423.758969845180786 ], [ 425.827192765439293, 424.598669262188878 ], [ 423.428051571599212, 432.755749327278579 ], [ 413.47161561085602, 431.916049908346679 ], [ 415.151014444872828, 423.758969845180786 ] ] ] } },
{ "type": "Feature", "properties": { "feature_type": "building", "subtype": "no-damage", "uid": "ea2d473a-41c3-4444-8096-737cdf669c25" }, "geometry": { "type": "Polygon", "coordinates": [ [ [ 429.659530766844284, 379.504206376338516 ], [ 437.77377690230702, 384.097175886245623 ], [ 432.568411461006178, 393.742411858301011 ], [ 429.200233817127923, 391.75212507006529 ], [ 429.812629754772388, 388.537046413034204 ], [ 425.678957193738313, 385.78126470824418 ], [ 429.659530766844284, 379.504206376338516 ] ] ] } },
{ "type": "Feature", "properties": { "feature_type": "building", "subtype": "no-damage", "uid": "a8b5457a-1a63-40d1-9ac7-ad3f2374c19d" }, "geometry": { "type": "Polygon", "coordinates": [ [ [ 900.488056246424435, 641.662177965156502 ], [ 909.229079298555007, 645.045799790048818 ], [ 910.544932230324434, 644.199894334787587 ], [ 915.902333457801888, 645.891705248195649 ], [ 913.740575066201927, 653.316875367351827 ], [ 911.014879706591842, 652.658948899904203 ], [ 908.195194849948848, 659.144224068449489 ], [ 896.540497446426798, 655.384644261196513 ], [ 894.566718049133328, 654.726717794710908 ], [ 898.514276846004805, 641.004251498670783 ], [ 900.488056246424435, 641.662177965156502 ] ] ] } },
{ "type": "Feature", "properties": { "feature_type": "building", "subtype": "no-damage", "uid": "786a7a4d-04e1-4c67-8756-77a14a47ad64" }, "geometry": { "type": "Polygon", "coordinates": [ [ [ 273.522248601827698, 323.729973216539918 ], [ 281.138832977384197, 324.249285786690393 ], [ 280.331013421852617, 328.461487751631807 ], [ 283.216083262435689, 329.096203117714083 ], [ 283.504590245171528, 332.154377146422689 ], [ 272.425922061997312, 332.096675751342389 ], [ 273.522248601827698, 323.729973216539918 ] ] ] } },
{ "type": "Feature", "properties": { "feature_type": "building", "subtype": "no-damage", "uid": "dd0dc3ae-b8df-4c38-bb7d-208868821745" }, "geometry": { "type": "Polygon", "coordinates": [ [ [ 263.328160206650296, 323.612082629936481 ], [ 272.715428049155889, 323.541235325363118 ], [ 272.425922061997312, 332.096675751342389 ], [ 263.2573129000329, 332.007488209854728 ], [ 263.328160206650296, 323.612082629936481 ] ] ] } },
{ "type": "Feature", "properties": { "feature_type": "building", "subtype": "no-damage", "uid": "732b5db1-1af9-4823-950d-3b4ab98c0a9a" }, "geometry": { "type": "Polygon", "coordinates": [ [ [ 270.339792106751474, 302.264415450866579 ], [ 276.304893641541412, 302.411701911083696 ], [ 275.86303426906602, 308.008587301220189 ], [ 269.897932730669027, 308.303160216845015 ], [ 270.339792106751474, 302.264415450866579 ] ] ] } },
{ "type": "Feature", "properties": { "feature_type": "building", "subtype": "no-damage", "uid": "53750a7d-6c3a-4116-884b-707b2e18abab" }, "geometry": { "type": "Polygon", "coordinates": [ [ [ 565.547509328853835, 145.485806733546099 ], [ 567.326333933456795, 137.59386205957199 ], [ 585.998572687170281, 143.765345319598907 ], [ 581.80007558998409, 156.000965418676287 ], [ 567.165314297783652, 153.721781280338604 ], [ 565.547509328853835, 145.485806733546099 ] ] ] } },
{ "type": "Feature", "properties": { "feature_type": "building", "subtype": "no-damage", "uid": "3c61da0d-6196-4968-aa38-af40da98377c" }, "geometry": { "type": "Polygon", "coordinates": [ [ [ 472.021533781749724, 131.738071821343397 ], [ 479.801360828002373, 132.079149798047013 ], [ 480.400177805517103, 147.62229650850179 ], [ 482.008649750367681, 149.585425381527898 ], [ 484.452376624890576, 151.37122579124761 ], [ 484.734345110097877, 155.694742567712609 ], [ 490.091746338777909, 155.882721560335796 ], [ 489.80977785116562, 159.64230136662681 ], [ 472.797679220647126, 155.130805597538512 ], [ 472.021533781749724, 131.738071821343397 ] ] ] } },
{ "type": "Feature", "properties": { "feature_type": "building", "subtype": "no-damage", "uid": "bfd643c3-b9fb-4fcf-90ef-65254faa5626" }, "geometry": { "type": "Polygon", "coordinates": [ [ [ 790.394937694658097, 647.174314897947738 ], [ 796.825095014494195, 649.470799650496588 ], [ 793.916214320572749, 660.647025460470218 ], [ 789.170145825501322, 659.116035623513881 ], [ 785.801968186673093, 659.116035622551976 ], [ 788.251551926068714, 651.614185422812625 ], [ 789.782541759779065, 651.461086440656004 ], [ 790.394937694658097, 647.174314897947738 ] ] ] } },
{ "type": "Feature", "properties": { "feature_type": "building", "subtype": "no-damage", "uid": "f9ecbe1d-a03f-482d-b665-bc91e89d6334" }, "geometry": { "type": "Polygon", "coordinates": [ [ [ 797.743688913806636, 651.614185422812625 ], [ 802.336658423354606, 652.37968034417645 ], [ 799.274678748118163, 670.139162449407195 ], [ 794.222412287531256, 669.526766515009399 ], [ 796.059600093009749, 659.26913460759431 ], [ 797.743688913806636, 651.614185422812625 ] ] ] } },
{ "type": "Feature", "properties": { "feature_type": "building", "subtype": "no-damage", "uid": "ed7928fe-b4df-4711-9134-4359893ae16d" }, "geometry": { "type": "Polygon", "coordinates": [ [ [ 801.985582605262834, 666.754845275800903 ], [ 806.967025847253353, 668.07069821069615 ], [ 804.805267458298658, 673.898046909870004 ], [ 799.587386259821869, 672.404865512630181 ], [ 801.985582605262834, 666.754845275800903 ] ] ] } },
{ "type": "Feature", "properties": { "feature_type": "building", "subtype": "no-damage", "uid": "c4a94a67-b7ad-4e2f-9c85-c97f0c9ce9e7" }, "geometry": { "type": "Polygon", "coordinates": [ [ [ 93.789333951942766, 410.724366206203001 ], [ 89.961859360632701, 407.356188566053277 ], [ 99.760194317132715, 398.782645479675011 ], [ 100.984986185928705, 399.701239382233609 ], [ 107.568242485155906, 409.346475354288884 ], [ 104.200064843321698, 410.877465191245278 ], [ 101.138085169167496, 407.509287548209898 ], [ 93.789333951942766, 410.724366206203001 ] ] ] } },
{ "type": "Feature", "properties": { "feature_type": "building", "subtype": "no-damage", "uid": "9c71b389-55df-4be0-bc0b-43befab89f93" }, "geometry": { "type": "Polygon", "coordinates": [ [ [ 136.759041113040809, 287.535507375760915 ], [ 161.950023661769194, 278.178856714533083 ], [ 163.869336617851303, 285.616194420400916 ], [ 154.392728898232804, 291.734004468496721 ], [ 155.232428317044793, 294.01318860394872 ], [ 142.516979979122908, 301.0906551306864 ], [ 123.083936295995699, 292.213832708298582 ], [ 127.642304567863107, 283.456967343696988 ], [ 136.759041113040809, 287.535507375760915 ] ] ] } },
{ "type": "Feature", "properties": { "feature_type": "building", "subtype": "no-damage", "uid": "2f740b5f-02b0-4eaa-a447-2c53fb94a715" }, "geometry": { "type": "Polygon", "coordinates": [ [ [ 67.189754528689335, 287.282544675275119 ], [ 70.404833185721643, 279.780694477459576 ], [ 73.926109808149349, 281.158585329373579 ], [ 70.404833185481166, 288.507336546956424 ], [ 67.189754528689335, 287.282544675275119 ] ] ] } },
{ "type": "Feature", "properties": { "feature_type": "building", "subtype": "no-damage", "uid": "a56d79cb-ebf3-41c9-b961-ca2e2322ebd3" }, "geometry": { "type": "Polygon", "coordinates": [ [ [ 70.174252096152244, 269.831125766305092 ], [ 76.659527260371178, 271.522936677789289 ], [ 74.967716347683933, 277.444274877122382 ], [ 68.764409666989039, 275.84645345906398 ], [ 70.174252096152244, 269.831125766305092 ] ] ] } },
{ "type": "Feature", "properties": { "feature_type": "building", "subtype": "no-damage", "uid": "bc8ac683-d6e6-4627-97d9-18774a670df1" }, "geometry": { "type": "Polygon", "coordinates": [ [ [ 117.694692449963895, 250.31971452234319 ], [ 123.240072664894299, 250.789661999091493 ], [ 123.334062160123807, 247.31205067596369 ], [ 130.383274298965887, 250.319714523305095 ], [ 128.315505406082309, 264.794096783104408 ], [ 130.195295310550989, 265.076065267229524 ], [ 127.375610453186596, 278.516563079144476 ], [ 112.431280721323105, 272.313256395686324 ], [ 117.694692449963895, 250.31971452234319 ] ] ] } },
{ "type": "Feature", "properties": { "feature_type": "building", "subtype": "no-damage", "uid": "e8d98670-e6d5-47f3-abd2-0f2be6e87a16" }, "geometry": { "type": "Polygon", "coordinates": [ [ [ 92.378535563186304, 168.115074973910595 ], [ 98.376388553498089, 168.235032031696704 ], [ 99.57595914771278, 164.516363179724806 ], [ 103.174670945867703, 165.356062597694802 ], [ 103.414585060237798, 166.555633194794808 ], [ 104.734112718250699, 166.795547314214787 ], [ 102.4549285821967, 178.551339172528401 ], [ 90.459222605180329, 176.512069155534505 ], [ 92.378535563186304, 168.115074973910595 ] ] ] } },
{ "type": "Feature", "properties": { "feature_type": "building", "subtype": "no-damage", "uid": "2c5cd2c7-c8f2-4ab1-808d-1fb58b3b275f" }, "geometry": { "type": "Polygon", "coordinates": [ [ [ 714.457772079207871, 409.95156119389128 ], [ 693.550249198869778, 404.480433712572278 ], [ 694.722633658912287, 400.767882921196417 ], [ 686.320545026402897, 399.009306230291486 ], [ 689.64230099720487, 362.665387948063312 ], [ 691.791672506882037, 362.86078535955329 ], [ 702.147735243831107, 365.400951691608498 ], [ 716.997938414269925, 368.527310251400309 ], [ 725.204629638776282, 376.147809246604027 ], [ 714.457772079207871, 409.95156119389128 ] ] ] } },
{ "type": "Feature", "properties": { "feature_type": "building", "subtype": "no-damage", "uid": "94763bfa-7efb-421b-bd14-697f72c6dffc" }, "geometry": { "type": "Polygon", "coordinates": [ [ [ 659.243856607708381, 450.735682707952492 ], [ 662.482697225651009, 439.09984790934891 ], [ 672.918961425955899, 441.379032046724717 ], [ 671.239562586047327, 455.414008039528312 ], [ 659.243856607708381, 450.735682707952492 ] ] ] } },
{ "type": "Feature", "properties": { "feature_type": "building", "subtype": "no-damage", "uid": "f5f735fa-ae88-443b-9fc9-2d87fe003775" }, "geometry": { "type": "Polygon", "coordinates": [ [ [ 519.054033105844269, 312.223639110849092 ], [ 532.972603361182109, 314.874795349547924 ], [ 533.267176273560494, 327.099571338836313 ], [ 524.135415894841799, 334.242964536243107 ], [ 507.05018680146668, 330.855376009925408 ], [ 506.755613887645495, 319.882534912282722 ], [ 515.003655520331336, 321.060826571895916 ], [ 518.023027900916873, 314.506579205738376 ], [ 519.054033105844269, 312.223639110849092 ] ] ] } },
{ "type": "Feature", "properties": { "feature_type": "building", "subtype": "no-damage", "uid": "9203d76d-b1d5-4e89-a649-a59caf4071fa" }, "geometry": { "type": "Polygon", "coordinates": [ [ [ 968.606654005700648, 337.490292307133473 ], [ 971.365666385163877, 326.21432868862189 ], [ 976.0439917132544, 326.694156928423808 ], [ 975.204292292879359, 330.772696959525774 ], [ 980.482402922766596, 331.37248225807582 ], [ 979.882617625538956, 342.28857469745742 ], [ 975.084335233409774, 340.489218801807397 ], [ 976.283905834959114, 335.810893469269672 ], [ 974.244635815078709, 335.331065231391619 ], [ 973.764807577801662, 339.889433502295503 ], [ 972.325322859357357, 339.529562322203617 ], [ 971.965451681309332, 334.731279931879726 ], [ 970.765881082044643, 334.611322871207676 ], [ 969.926181663232569, 337.730206425591575 ], [ 968.606654005700648, 337.490292307133473 ] ] ] } },
{ "type": "Feature", "properties": { "feature_type": "building", "subtype": "no-damage", "uid": "d895b027-6167-48b7-b422-33f0de635fed" }, "geometry": { "type": "Polygon", "coordinates": [ [ [ 891.333357452252017, 349.28167469401842 ], [ 889.802367613972592, 350.047169613458493 ], [ 887.199684892901359, 348.363080792421727 ], [ 889.036872697297667, 346.372794004186119 ], [ 885.515596069459207, 344.076309248751613 ], [ 883.219111314144129, 347.138288922664287 ], [ 879.085438757799352, 344.535606200992788 ], [ 882.300517414711408, 338.717844821328185 ], [ 886.587288954655719, 337.033755998367724 ], [ 891.333357449847313, 339.024042786603275 ], [ 893.629842204801662, 335.196568196136184 ], [ 905.877760898051974, 340.708131607639984 ], [ 909.399037524086793, 345.148002133466719 ], [ 905.265364964615856, 357.089722862880478 ], [ 900.825494440470948, 352.956050302328777 ], [ 904.040573094737738, 346.832090955465389 ], [ 898.835207650190569, 345.301101119471014 ], [ 895.467030007995618, 348.822377742739093 ], [ 892.558149320687335, 347.138288923626192 ], [ 891.333357452252017, 349.28167469401842 ] ] ] } },
{ "type": "Feature", "properties": { "feature_type": "building", "subtype": "no-damage", "uid": "b2135abe-a9e9-43fc-8607-a585ced485e5" }, "geometry": { "type": "Polygon", "coordinates": [ [ [ 901.429198797305048, 236.84931655509061 ], [ 902.8070896507827, 223.989001927927802 ], [ 912.29922664092544, 225.673090746078799 ], [ 911.839929687241124, 229.806763307592405 ], [ 915.208107326309801, 230.725357207265205 ], [ 914.442612409995718, 238.227207407966489 ], [ 911.993028671922843, 236.236920620692814 ], [ 910.615137820008272, 241.289187082841096 ], [ 904.644277456862369, 240.982989114680294 ], [ 901.429198797305048, 236.84931655509061 ] ] ] } },
{ "type": "Feature", "properties": { "feature_type": "building", "subtype": "no-damage", "uid": "28cf5eaf-a0a9-42ae-a1c5-7a3ad9c5f419" }, "geometry": { "type": "Polygon", "coordinates": [ [ [ 894.539744529195559, 235.165227733091911 ], [ 901.429198797305048, 236.84931655509061 ], [ 904.644277456862369, 240.982989114680294 ], [ 899.745109974824913, 254.455699678164706 ], [ 896.223833349872166, 252.924709840246408 ], [ 897.907922170067764, 246.800750495306801 ], [ 892.243259774120929, 244.198067772673397 ], [ 894.539744529195559, 235.165227733091911 ] ] ] } },
{ "type": "Feature", "properties": { "feature_type": "building", "subtype": "no-damage", "uid": "8538334d-431d-4c21-95ac-08ad610ad6b6" }, "geometry": { "type": "Polygon", "coordinates": [ [ [ 993.580000848016425, 256.830239027399784 ], [ 1013.705934088166032, 259.175007947003223 ], [ 1012.142754806224957, 279.30094119003121 ], [ 994.361590487243234, 277.151569677108228 ], [ 993.580000848016425, 256.830239027399784 ] ] ] } },
{ "type": "Feature", "properties": { "feature_type": "building", "subtype": "no-damage", "uid": "fc62f256-0661-4b13-89c0-bf970c614051" }, "geometry": { "type": "Polygon", "coordinates": [ [ [ 1022.975783752516008, 285.809154181971678 ], [ 1014.716364443433008, 284.718083969397696 ], [ 1015.49795408638704, 262.105969099152617 ], [ 1022.975785175908982, 262.277827698492786 ], [ 1022.975783752516008, 285.809154181971678 ] ] ] } },
{ "type": "Feature", "properties": { "feature_type": "building", "subtype": "no-damage", "uid": "a68768c6-41bb-4f5b-bce3-0904b7500ef0" }, "geometry": { "type": "Polygon", "coordinates": [ [ [ 499.774263815984682, 520.80492278822021 ], [ 508.371749859022202, 522.172704658068938 ], [ 506.417775757708796, 529.597806241782791 ], [ 498.992674172669808, 528.230024371933951 ], [ 499.578866407500584, 523.540486530803491 ], [ 499.774263815984682, 520.80492278822021 ] ] ] } },
{ "type": "Feature", "properties": { "feature_type": "building", "subtype": "no-damage", "uid": "afbba0a7-bc87-48e8-8cab-10451c526af1" }, "geometry": { "type": "Polygon", "coordinates": [ [ [ 574.683035468316916, 538.676214171323409 ], [ 579.001489621245241, 540.115698888805355 ], [ 578.401704321973511, 546.353465997573153 ], [ 581.760501994816764, 547.912907772841208 ], [ 579.601274920035962, 555.110331360250939 ], [ 571.68410897532533, 553.790803702479025 ], [ 574.683035468316916, 538.676214171323409 ] ] ] } },
{ "type": "Feature", "properties": { "feature_type": "building", "subtype": "no-damage", "uid": "a46b829b-26a9-4e9f-8923-5294b2568569" }, "geometry": { "type": "Polygon", "coordinates": [ [ [ 579.90745794148927, 524.71583089032913 ], [ 581.411289862034209, 516.820713294424763 ], [ 582.915121785104247, 517.196671272937579 ], [ 584.136985224530008, 514.752944401541868 ], [ 590.810239382694704, 516.444755313026121 ], [ 591.562155346935128, 517.384650264598804 ], [ 594.005882218572197, 517.948587235734863 ], [ 590.622260393919191, 527.535515745047292 ], [ 579.90745794148927, 524.71583089032913 ] ] ] } },
{ "type": "Feature", "properties": { "feature_type": "building", "subtype": "no-damage", "uid": "7f136943-5f9c-4b4a-b146-ea632dcc3261" }, "geometry": { "type": "Polygon", "coordinates": [ [ [ 576.147878132671963, 534.678717380078297 ], [ 578.967562988353052, 525.93769432698889 ], [ 589.118428467722993, 528.005463219871785 ], [ 585.922785631124043, 537.028454758048156 ], [ 578.779584001020339, 535.430633339989754 ], [ 576.147878132671963, 534.678717380078297 ] ] ] } },
{ "type": "Feature", "properties": { "feature_type": "building", "subtype": "no-damage", "uid": "5ca78c6d-2f71-4402-a030-ef91b2e53f42" }, "geometry": { "type": "Polygon", "coordinates": [ [ [ 806.354497182850196, 654.779767730329809 ], [ 812.651793360337706, 655.813652178214056 ], [ 811.972289115999615, 660.516457770692796 ], [ 804.286728287201186, 659.385252993805693 ], [ 805.132633744146005, 654.685778235942053 ], [ 806.354497182850196, 654.779767730329809 ] ] ] } },
{ "type": "Feature", "properties": { "feature_type": "building", "subtype": "no-damage", "uid": "f4da453f-010e-405b-8978-63e77aad52ee" }, "geometry": { "type": "Polygon", "coordinates": [ [ [ 1022.975777270294998, 503.040071578599395 ], [ 1017.851958735069957, 499.71468404361832 ], [ 1016.854430283824968, 497.470245036103677 ], [ 1013.612462829995025, 494.228277583476824 ], [ 1016.35566606198995, 489.988781680928128 ], [ 1019.847015626256962, 492.482602798999324 ], [ 1022.975777306727991, 492.482602842285473 ], [ 1022.975777270294998, 503.040071578599395 ] ] ] } },
{ "type": "Feature", "properties": { "feature_type": "building", "subtype": "no-damage", "uid": "8d0fb761-9ed1-4fe2-87e3-1fc4454743a0" }, "geometry": { "type": "Polygon", "coordinates": [ [ [ 1005.881617362577003, 511.685025413822984 ], [ 1013.612462829033007, 500.712212491616299 ], [ 1022.97577726440295, 504.533689547443373 ], [ 1022.975777262479028, 506.917718266363579 ], [ 1016.854430283824968, 518.667724546923296 ], [ 1011.368023826807985, 514.926992868373645 ], [ 1005.881617362577003, 511.685025413822984 ] ] ] } },
{ "type": "Feature", "properties": { "feature_type": "building", "subtype": "no-damage", "uid": "d7656554-c033-4038-9088-f9276edbbf3c" }, "geometry": { "type": "Polygon", "coordinates": [ [ [ 794.906079723197649, 585.614810142376086 ], [ 796.651754507315104, 564.417330633480333 ], [ 805.629510537136071, 565.414859079554503 ], [ 803.135689414735339, 586.362956477893704 ], [ 794.906079723197649, 585.614810142376086 ] ] ] } },
{ "type": "Feature", "properties": { "feature_type": "building", "subtype": "no-damage", "uid": "c383b0a5-aa07-487f-a203-f9aa43c0148e" }, "geometry": { "type": "Polygon", "coordinates": [ [ [ 807.477571814601674, 628.101923427605243 ], [ 803.374226200364546, 649.400241128992093 ], [ 790.394937694658097, 647.174314897947738 ], [ 794.385945338074293, 625.952551915644221 ], [ 807.477571814601674, 628.101923427605243 ] ] ] } },
{ "type": "Feature", "properties": { "feature_type": "building", "subtype": "no-damage", "uid": "7cc97015-01f9-4623-9026-6cc7fb7a0982" }, "geometry": { "type": "Polygon", "coordinates": [ [ [ 885.60101671718769, 0.001674718058288 ], [ 879.544001506836935, 33.314078166852923 ], [ 865.475387980314167, 30.773911833835768 ], [ 871.397592433626528, 0.001813616580298 ], [ 885.60101671718769, 0.001674718058288 ] ] ] } },
{ "type": "Feature", "properties": { "feature_type": "building", "subtype": "no-damage", "uid": "cbcfc7e9-e66b-44bd-b5ce-d523a13d955c" }, "geometry": { "type": "Polygon", "coordinates": [ [ [ 915.826608003237652, 0.00136124168368 ], [ 912.468343410033299, 8.576763000714944 ], [ 902.391950390541979, 6.897364163813006 ], [ 904.430782154746339, 0.001482289959336 ], [ 915.826608003237652, 0.00136124168368 ] ] ] } },
{ "type": "Feature", "properties": { "feature_type": "building", "subtype": "no-damage", "uid": "61f53dc5-ac37-41de-b850-8f87a2c4aeb4" }, "geometry": { "type": "Polygon", "coordinates": [ [ [ 903.856279958068853, 25.673849065515292 ], [ 922.209710098635355, 26.033720244645298 ], [ 921.609924803572085, 51.344659854998632 ], [ 903.016580535529442, 50.265046318570533 ], [ 903.616365833839154, 27.113333782035308 ], [ 903.856279958068853, 25.673849065515292 ] ] ] } },
{ "type": "Feature", "properties": { "feature_type": "building", "subtype": "no-damage", "uid": "80e7df7b-d6d4-4ad4-a480-6c91e07d47cc" }, "geometry": { "type": "Polygon", "coordinates": [ [ [ 918.509899546287897, 4.654345356604177 ], [ 925.107537834789127, 5.254130655154185 ], [ 922.948310758204798, 13.411210718320049 ], [ 917.190371891641689, 12.57151130035003 ], [ 918.509899546287897, 4.654345356604177 ] ] ] } },
{ "type": "Feature", "properties": { "feature_type": "building", "subtype": "no-damage", "uid": "0e920eb4-e0e5-4f47-9fae-2ede4a6ef4c2" }, "geometry": { "type": "Polygon", "coordinates": [ [ [ 406.555475407572487, 582.401250295348063 ], [ 409.311257117774176, 581.788854359988363 ], [ 409.464356100051077, 577.961379768559482 ], [ 408.760461068845188, 576.591239009384367 ], [ 411.14844491772169, 571.071925503217813 ], [ 405.789980491498909, 570.459529568820017 ], [ 409.346653299107004, 567.993752966349803 ], [ 410.076752032525292, 563.570075301554652 ], [ 415.129018492991975, 566.019659041069531 ], [ 423.090165644735009, 568.163044813385568 ], [ 426.764541252565721, 568.622341764664839 ], [ 427.223838204446395, 570.459529568820017 ], [ 430.592015849046106, 571.531222454497083 ], [ 429.826520926479475, 576.430389931603145 ], [ 426.917640237968783, 575.511796030006508 ], [ 426.611442268365124, 574.133905176168582 ], [ 423.396363611092283, 575.511796030006508 ], [ 417.884800200548511, 573.827707208969741 ], [ 418.344097154473218, 569.540935665299571 ], [ 416.353810366717823, 569.540935665299571 ], [ 415.741414427029326, 574.133905176168582 ], [ 415.435216460671995, 579.951666556795089 ], [ 416.353810365996424, 579.492369604553915 ], [ 422.171571743258198, 580.257864523032026 ], [ 421.406076823336889, 583.932240131342496 ], [ 425.999046335530181, 584.544636066702196 ], [ 425.233551419696994, 588.372110658131191 ], [ 409.923653051450799, 587.60661574061487 ], [ 406.555475407572487, 582.401250295348063 ] ] ] } },
{ "type": "Feature", "properties": { "feature_type": "building", "subtype": "no-damage", "uid": "0c5de81d-19a9-4caf-896b-7323fd4beb14" }, "geometry": { "type": "Polygon", "coordinates": [ [ [ 434.87123668043472, 527.934538117581951 ], [ 446.027243235272408, 528.774237535551947 ], [ 446.147200295102721, 530.573593432163875 ], [ 447.826599134650507, 530.693550492835811 ], [ 446.147200295102721, 543.888827068631372 ], [ 436.31072139406939, 542.449342351149426 ], [ 437.150420812400512, 538.010931138993556 ], [ 433.551709019536077, 537.531102899191637 ], [ 434.87123668043472, 527.934538117581951 ] ] ] } },
{ "type": "Feature", "properties": { "feature_type": "building", "subtype": "no-damage", "uid": "15bf2eeb-9910-4bce-b7aa-bdfb078153e1" }, "geometry": { "type": "Polygon", "coordinates": [ [ [ 574.715166829419445, 594.131258180292207 ], [ 597.366635168174071, 599.018711928855282 ], [ 592.197212936325741, 619.508421880451465 ], [ 569.82771307832968, 614.151020655140201 ], [ 574.715166829419445, 594.131258180292207 ] ] ] } },
{ "type": "Feature", "properties": { "feature_type": "building", "subtype": "no-damage", "uid": "c5ab467e-1e83-4482-886f-1a1e3601c9b4" }, "geometry": { "type": "Polygon", "coordinates": [ [ [ 671.483556249316848, 397.683387730301376 ], [ 691.876256410004203, 403.201412480809211 ], [ 689.357158155131401, 413.877590801732822 ], [ 668.364672695773493, 408.959351349774977 ], [ 671.483556249316848, 397.683387730301376 ] ] ] } },
{ "type": "Feature", "properties": { "feature_type": "building", "subtype": "no-damage", "uid": "00cc3d32-efce-44be-a792-f55c6df99217" }, "geometry": { "type": "Polygon", "coordinates": [ [ [ 652.466217089321731, 835.398242752149599 ], [ 655.987493712591117, 819.935245399467703 ], [ 663.948640863492301, 818.098057596274316 ], [ 663.252921020389067, 821.794031704478925 ], [ 658.743275421229669, 840.756707179572913 ], [ 651.547623185440216, 839.531915309815417 ], [ 652.466217089321731, 835.398242752149599 ] ] ] } },
{ "type": "Feature", "properties": { "feature_type": "building", "subtype": "no-damage", "uid": "bcc0b3b4-843d-446f-a661-6acbc6cb04e5" }, "geometry": { "type": "Polygon", "coordinates": [ [ [ 440.789440171453975, 482.112811486472879 ], [ 450.587775129998079, 482.572108436790188 ], [ 452.42496293283142, 478.897732828479775 ], [ 454.874546673790007, 479.816326731038373 ], [ 454.109051754229426, 483.949999290628114 ], [ 457.78342736109829, 484.868593193186712 ], [ 465.132178576278875, 479.203930796640577 ], [ 466.969366380555073, 482.419009454633681 ], [ 459.467516181534393, 493.442136278603073 ], [ 454.262150736025319, 493.595235262683502 ], [ 454.568348702382707, 496.351016968435374 ], [ 457.63032837617618, 497.116511887875504 ], [ 454.874546671745975, 503.69976818409441 ], [ 450.740874115641702, 503.240471232815082 ], [ 449.029367665741177, 508.632426577750607 ], [ 437.421262531904404, 504.77146107073338 ], [ 437.639818659500179, 501.722678439761921 ], [ 440.48324220485631, 501.250184445541379 ], [ 442.320430009372785, 498.953699692030682 ], [ 441.095638140817414, 497.269610871955877 ], [ 438.186757452787617, 498.341303756670982 ], [ 440.789440171453975, 482.112811486472879 ] ] ] } },
{ "type": "Feature", "properties": { "feature_type": "building", "subtype": "no-damage", "uid": "d1df8656-2f10-48cf-a8b2-844c778ee5fb" }, "geometry": { "type": "Polygon", "coordinates": [ [ [ 450.961455003886101, 529.789475009319858 ], [ 468.349511610873719, 530.447401475805577 ], [ 467.785574638775472, 541.726140897564164 ], [ 464.49594230923168, 542.478056859399544 ], [ 465.153868774274713, 548.117426569797885 ], [ 451.431402477147628, 546.989552628487672 ], [ 450.961455003886101, 529.789475009319858 ] ] ] } },
{ "type": "Feature", "properties": { "feature_type": "building", "subtype": "no-damage", "uid": "df131a1f-6b2c-458b-b964-c819f171d679" }, "geometry": { "type": "Polygon", "coordinates": [ [ [ 522.764786398599881, 524.230402524106808 ], [ 533.440964716641474, 525.310016063420562 ], [ 530.921866466698475, 537.545636158650382 ], [ 534.520578257999773, 537.905507337780364 ], [ 534.520578259562967, 535.146494963488408 ], [ 540.278517125524786, 535.986194381458404 ], [ 545.196756574839014, 541.864090312058124 ], [ 520.965430500063576, 540.304648532942338 ], [ 522.764786398599881, 524.230402524106808 ] ] ] } },
{ "type": "Feature", "properties": { "feature_type": "building", "subtype": "no-damage", "uid": "ed56a301-867e-49b6-9872-e8197dd878f4" }, "geometry": { "type": "Polygon", "coordinates": [ [ [ 502.922114679114486, 509.116923191317426 ], [ 508.279515909718327, 496.898288817985986 ], [ 519.74623432037663, 500.187921148490602 ], [ 515.704686028035326, 513.158471484619213 ], [ 502.922114679114486, 509.116923191317426 ] ] ] } },
{ "type": "Feature", "properties": { "feature_type": "building", "subtype": "no-damage", "uid": "016a77c4-abc4-4561-84bf-adeaefa30dde" }, "geometry": { "type": "Polygon", "coordinates": [ [ [ 552.914253960712244, 471.06500443209228 ], [ 555.057639733029077, 461.725966427235676 ], [ 564.090479769607782, 462.644560330756178 ], [ 565.162172654924461, 469.534014596097791 ], [ 560.997637461387967, 478.001554470173289 ], [ 552.301858026915511, 475.657973941999387 ], [ 552.914253960712244, 471.06500443209228 ] ] ] } },
{ "type": "Feature", "properties": { "feature_type": "building", "subtype": "no-damage", "uid": "16487b1e-7626-49ab-955f-1b093ac93dc3" }, "geometry": { "type": "Polygon", "coordinates": [ [ [ 564.549488386310941, 475.771653617299989 ], [ 565.162172654924461, 469.534014596097791 ], [ 567.668371941297096, 469.653843569204184 ], [ 569.107856657817592, 466.654917074530317 ], [ 565.269230746495055, 464.975518237628421 ], [ 566.708715463737008, 458.857708188570712 ], [ 571.267083737648477, 459.817364666250683 ], [ 570.907212553708746, 463.416076460436386 ], [ 575.711182060105443, 463.78677409437779 ], [ 570.787255495080899, 476.851267154689992 ], [ 564.549488386310941, 475.771653617299989 ] ] ] } },
{ "type": "Feature", "properties": { "feature_type": "building", "subtype": "no-damage", "uid": "f551dd58-191f-4f34-bfdd-038a1a1f7a30" }, "geometry": { "type": "Polygon", "coordinates": [ [ [ 590.829115115937725, 467.785084884559922 ], [ 594.307869849813528, 449.671568859692513 ], [ 617.579539447149159, 453.870065950504397 ], [ 619.019024162828032, 462.147103075304074 ], [ 613.620956472268858, 474.382723171495684 ], [ 590.829115115937725, 467.785084884559922 ] ] ] } },
{ "type": "Feature", "properties": { "feature_type": "building", "subtype": "no-damage", "uid": "a16fe325-91c5-4b4f-bf69-9772efd968d1" }, "geometry": { "type": "Polygon", "coordinates": [ [ [ 578.342749522552367, 416.466050395743594 ], [ 588.447282441682205, 416.159852429506714 ], [ 589.825173296242042, 424.580296531804606 ], [ 586.303896669846381, 434.225532502898091 ], [ 576.199363748432006, 434.225532502898091 ], [ 575.433868832718986, 426.264385351879412 ], [ 578.342749522552367, 416.466050395743594 ] ] ] } },
{ "type": "Feature", "properties": { "feature_type": "building", "subtype": "no-damage", "uid": "14a8049c-25de-484e-a33b-7c0f5200bc69" }, "geometry": { "type": "Polygon", "coordinates": [ [ [ 606.004976881301445, 373.887306508338781 ], [ 611.283087511789859, 374.487091807850675 ], [ 612.002829871372796, 375.446748285530703 ], [ 623.278793488686006, 377.486018302524599 ], [ 621.599394656593063, 394.160049609910118 ], [ 609.123860439413875, 393.440307251650211 ], [ 609.243817495877465, 391.640951355038226 ], [ 598.807553296053584, 392.000822534168208 ], [ 600.007123894115921, 376.646318884554489 ], [ 606.244891002885879, 377.486018302524599 ], [ 606.004976881301445, 373.887306508338781 ] ] ] } },
{ "type": "Feature", "properties": { "feature_type": "building", "subtype": "no-damage", "uid": "867d5da4-5f6e-45d3-8d9e-7df7dfaebf99" }, "geometry": { "type": "Polygon", "coordinates": [ [ [ 753.442232665063443, 449.793491954212186 ], [ 774.914546368431729, 453.032332569268078 ], [ 774.914546365305455, 463.22868264942781 ], [ 772.515405168940333, 463.108725589717778 ], [ 772.035576930941829, 465.74778090526172 ], [ 751.762833829964507, 462.388983231457814 ], [ 753.442232665063443, 449.793491954212186 ] ] ] } },
{ "type": "Feature", "properties": { "feature_type": "building", "subtype": "no-damage", "uid": "3e39b485-4cb3-42c6-9456-43c0cf2f2db5" }, "geometry": { "type": "Polygon", "coordinates": [ [ [ 730.222927360950735, 446.895538086306487 ], [ 744.804286673799197, 447.852900063289326 ], [ 744.288784071936675, 458.678454703600607 ], [ 729.339208615759617, 457.500163043025395 ], [ 730.222927360950735, 446.895538086306487 ] ] ] } },
{ "type": "Feature", "properties": { "feature_type": "building", "subtype": "no-damage", "uid": "b0393a70-23ab-46df-b035-ca7e12ce7e64" }, "geometry": { "type": "Polygon", "coordinates": [ [ [ 728.206690958038394, 428.016432822439924 ], [ 749.70898430863258, 432.127741130903416 ], [ 748.132463936100862, 442.49081508223918 ], [ 726.984827520656722, 439.671130226559114 ], [ 728.206690958038394, 428.016432822439924 ] ] ] } },
{ "type": "Feature", "properties": { "feature_type": "building", "subtype": "no-damage", "uid": "802dd538-55b4-4ae2-b317-6f1a0906d39c" }, "geometry": { "type": "Polygon", "coordinates": [ [ [ 856.534748561621768, 338.133849685060682 ], [ 864.438321434075988, 323.423648042889113 ], [ 865.517934972668741, 321.504335085605192 ], [ 881.59218098114934, 328.341887491961074 ], [ 877.99346919008849, 331.100899867214878 ], [ 875.474370937019216, 343.81634820320852 ], [ 877.873512130137897, 345.495747041072377 ], [ 868.88523126544294, 368.672598493074076 ], [ 863.609501192846665, 364.764650291170085 ], [ 871.230000189375687, 348.155870430913808 ], [ 862.046321912709686, 344.834114459632019 ], [ 861.850924500378028, 341.512358487388383 ], [ 856.534748561621768, 338.133849685060682 ] ] ] } },
{ "type": "Feature", "properties": { "feature_type": "building", "subtype": "no-damage", "uid": "a796b5c6-b0bc-4bd4-b5e5-2c118dc713d6" }, "geometry": { "type": "Polygon", "coordinates": [ [ [ 863.654273363850621, 281.109426829222514 ], [ 870.491825768285025, 262.156211385422978 ], [ 884.646758822006063, 267.074450837380823 ], [ 879.968433490669099, 285.667795101088188 ], [ 863.654273363850621, 281.109426829222514 ] ] ] } },
{ "type": "Feature", "properties": { "feature_type": "building", "subtype": "no-damage", "uid": "d86efe2a-5691-47eb-8863-52189b393e42" }, "geometry": { "type": "Polygon", "coordinates": [ [ [ 75.259600770991909, 538.133586178262362 ], [ 103.983020058267002, 532.857856105547739 ], [ 108.2817630806274, 559.822698699743455 ], [ 103.592225237691693, 559.431903881573021 ], [ 103.006033005746602, 556.305545318895497 ], [ 95.385534012944888, 556.69634013898974 ], [ 94.408546962588787, 560.408890932289523 ], [ 77.995164515019042, 562.753659851892849 ], [ 75.259600770991909, 538.133586178262362 ] ] ] } },
{ "type": "Feature", "properties": { "feature_type": "building", "subtype": "no-damage", "uid": "de205213-d7c5-40f8-8e4b-eb2b599dc0cb" }, "geometry": { "type": "Polygon", "coordinates": [ [ [ 108.148197597708901, 503.658397063371808 ], [ 118.113465516126695, 502.876807423183379 ], [ 119.481247384052097, 506.589358214559297 ], [ 125.733964506764096, 505.612371163842909 ], [ 123.975387814896607, 528.864662968586458 ], [ 112.251543208940006, 530.818637069057445 ], [ 107.562005366124495, 530.818637069057445 ], [ 108.343595006313194, 521.63495879443883 ], [ 108.538992421049699, 517.140818361912579 ], [ 108.148197597708901, 503.658397063371808 ] ] ] } },
{ "type": "Feature", "properties": { "feature_type": "building", "subtype": "no-damage", "uid": "92e4133b-8cc6-437a-9b7d-d36d81222275" }, "geometry": { "type": "Polygon", "coordinates": [ [ [ 0.000000000841675, 520.073908220147359 ], [ 11.595487220024101, 514.256146839520966 ], [ 14.504367913103881, 515.174740742079507 ], [ 18.191354154016931, 514.069905932993947 ], [ 21.332228315284791, 522.184152068092999 ], [ 18.94423844169766, 522.829689926861192 ], [ 18.79113945437075, 532.934222848272043 ], [ 10.370695351107891, 533.087321832352472 ], [ 9.758299419355163, 531.097035045078769 ], [ 2.256449218290482, 531.556331995396135 ], [ -0.000000000360718, 528.18815435428462 ], [ 0.000000000841675, 520.073908220147359 ] ] ] } },
{ "type": "Feature", "properties": { "feature_type": "building", "subtype": "no-damage", "uid": "4b3f61e0-4aa3-4bd4-9053-6ef99424f697" }, "geometry": { "type": "Polygon", "coordinates": [ [ [ 21.19731746263162, 534.823284651484983 ], [ 20.577908185487289, 523.299637402647591 ], [ 31.73394077057154, 520.9574869546027 ], [ 30.890485274487681, 534.467131970034302 ], [ 21.19731746263162, 534.823284651484983 ] ] ] } },
{ "type": "Feature", "properties": { "feature_type": "building", "subtype": "no-damage", "uid": "eda8837d-0994-47fe-8757-770e6a3bac09" }, "geometry": { "type": "Polygon", "coordinates": [ [ [ 19.329382073465911, 514.955196863618085 ], [ 22.328308572349219, 512.915926848548111 ], [ 27.006633901040939, 520.713135734507773 ], [ 23.767793285142329, 522.272577509775829 ], [ 19.329382073465911, 514.955196863618085 ] ] ] } },
{ "type": "Feature", "properties": { "feature_type": "building", "subtype": "no-damage", "uid": "95aa991f-387f-40d6-8682-26e11862196a" }, "geometry": { "type": "Polygon", "coordinates": [ [ [ 8.430142513309445, 503.24197587381849 ], [ 16.34730845777953, 500.243049378182718 ], [ 20.90567673169102, 511.758927117076325 ], [ 13.22842490784341, 514.397982432620097 ], [ 8.430142513309445, 503.24197587381849 ] ] ] } },
{ "type": "Feature", "properties": { "feature_type": "building", "subtype": "no-damage", "uid": "6934e426-9755-492c-8efc-b28480bf4e63" }, "geometry": { "type": "Polygon", "coordinates": [ [ [ -0.000000000601197, 445.958918931490018 ], [ 8.755212067058473, 448.561601653161517 ], [ 8.60211308273754, 458.053738641136476 ], [ 5.540133408583294, 457.441342706738681 ], [ 4.774638489984613, 463.412203070483713 ], [ 0.000000000480957, 462.799807135124013 ], [ -0.000000000601197, 445.958918931490018 ] ] ] } },
{ "type": "Feature", "properties": { "feature_type": "building", "subtype": "no-damage", "uid": "10afe20c-6996-40a4-9ba4-e15d27bb7a2b" }, "geometry": { "type": "Polygon", "coordinates": [ [ [ 67.08592485153261, 452.624666930841613 ], [ 72.597488260753778, 452.012270995481913 ], [ 73.822280131112862, 471.149643956474279 ], [ 68.157617734805257, 471.455841923673177 ], [ 67.08592485153261, 452.624666930841613 ] ] ] } },
{ "type": "Feature", "properties": { "feature_type": "building", "subtype": "no-damage", "uid": "eea95b3f-f210-4ab8-a431-0dc2899b7e76" }, "geometry": { "type": "Polygon", "coordinates": [ [ [ 101.992493127488302, 473.293029726866507 ], [ 106.738561624483495, 472.83373277558718 ], [ 107.504056539475002, 479.570088058772285 ], [ 102.145592113612807, 480.488681960368922 ], [ 101.992493127488302, 473.293029726866507 ] ] ] } },
{ "type": "Feature", "properties": { "feature_type": "building", "subtype": "no-damage", "uid": "16fa1ea1-92f0-4e75-8eb3-0c11f15ef859" }, "geometry": { "type": "Polygon", "coordinates": [ [ [ 44.865271166042433, 454.774170743553498 ], [ 52.57240976992756, 455.244118220301687 ], [ 52.19645179117407, 462.011361872972088 ], [ 45.241229147441182, 461.635403891573503 ], [ 44.865271166042433, 454.774170743553498 ] ] ] } },
{ "type": "Feature", "properties": { "feature_type": "building", "subtype": "no-damage", "uid": "14964fd1-e3eb-4217-b33a-f65523d0ae48" }, "geometry": { "type": "Polygon", "coordinates": [ [ [ 45.090906973972587, 462.98487994180681 ], [ 53.008072919164107, 463.104837001516785 ], [ 53.008072919164107, 469.342604109322622 ], [ 62.484680643351723, 469.222647048650686 ], [ 62.964508878103757, 475.340457098670413 ], [ 45.810649332473332, 477.499684174412323 ], [ 45.090906973972587, 462.98487994180681 ] ] ] } },
{ "type": "Feature", "properties": { "feature_type": "building", "subtype": "no-damage", "uid": "df0ce963-4d0f-4c84-85c2-c486d4377710" }, "geometry": { "type": "Polygon", "coordinates": [ [ [ 522.36737908679072, 357.356428404258793 ], [ 523.735160957842368, 352.471493151638413 ], [ 537.21758225338192, 355.793249122920088 ], [ 537.99917189585517, 369.08027301189469 ], [ 534.091223693949814, 369.861862652083119 ], [ 521.194994626026755, 368.884875600404712 ], [ 522.36737908679072, 357.356428404258793 ] ] ] } },
{ "type": "Feature", "properties": { "feature_type": "building", "subtype": "no-damage", "uid": "bd5888b5-d882-497c-9924-8691b85b4fbf" }, "geometry": { "type": "Polygon", "coordinates": [ [ [ 493.918259665656706, 351.453617268711298 ], [ 500.366374203105124, 330.741491797946821 ], [ 512.090218805574864, 336.99420892137789 ], [ 513.848795498404229, 333.867850360624175 ], [ 520.296910030802565, 336.798811512773682 ], [ 519.124525570519495, 341.488349355828007 ], [ 522.250884133318436, 344.419310507015609 ], [ 521.078499671953182, 361.028090366309925 ], [ 516.584359240026515, 365.131435977780086 ], [ 493.332067435635395, 356.924744753877917 ], [ 493.918259665656706, 351.453617268711298 ] ] ] } },
{ "type": "Feature", "properties": { "feature_type": "building", "subtype": "no-damage", "uid": "1afd9305-9dee-4fc8-84b5-8a20728846f0" }, "geometry": { "type": "Polygon", "coordinates": [ [ [ 383.806871782575399, 402.140812530064125 ], [ 381.204189057055373, 403.059406433584627 ], [ 380.897991090457481, 390.352190786654489 ], [ 386.103356535365492, 390.811487737933817 ], [ 386.562653488929527, 385.146825343311605 ], [ 394.370701653586025, 381.931746684356597 ], [ 396.360988442904386, 373.052005631741224 ], [ 406.618620348038576, 376.420183272852796 ], [ 408.302709168354625, 375.195391403095414 ], [ 408.762006123842411, 381.319350750920705 ], [ 413.661173601912026, 381.625548718119603 ], [ 414.885965469024711, 392.342477574890211 ], [ 412.742579697429278, 392.648675543051013 ], [ 415.498361401739317, 398.160238954554814 ], [ 411.364688843470674, 408.264771877889473 ], [ 384.266168735177473, 409.030266796367584 ], [ 383.806871782575399, 402.140812530064125 ] ] ] } },
{ "type": "Feature", "properties": { "feature_type": "building", "subtype": "no-damage", "uid": "edbb7269-0abd-4685-aba0-5f38d6ee58f7" }, "geometry": { "type": "Polygon", "coordinates": [ [ [ 161.817100148647512, 361.249099569445605 ], [ 166.603910023222511, 358.52430010160009 ], [ 169.549639175623213, 362.869250602976877 ], [ 165.131045448825688, 366.183195902071816 ], [ 161.817100148647512, 361.249099569445605 ] ] ] } },
{ "type": "Feature", "properties": { "feature_type": "building", "subtype": "no-damage", "uid": "02e01e6a-25d6-4cde-9303-35eefa245a9d" }, "geometry": { "type": "Polygon", "coordinates": [ [ [ 162.9211201735136, 383.495609783940779 ], [ 153.804383633506205, 367.901192012983415 ], [ 161.601592515019803, 362.623081382857492 ], [ 165.56017548617271, 367.661277893563408 ], [ 172.157813775275201, 363.102909621697506 ], [ 169.158887279157398, 358.664498408579789 ], [ 178.635495003946204, 353.146473660957781 ], [ 186.912532127185699, 367.181449654723281 ], [ 191.950728636811107, 364.662351398889484 ], [ 199.268109284534603, 373.779087941659213 ], [ 189.071759201605687, 384.095395082490825 ], [ 180.794722077404288, 373.779087941659213 ], [ 172.277770837870889, 379.057198570823118 ], [ 170.238500817509703, 377.617713854303076 ], [ 162.9211201735136, 383.495609783940779 ] ] ] } },
{ "type": "Feature", "properties": { "feature_type": "building", "subtype": "no-damage", "uid": "bebb46d0-ba29-40c5-8de3-f57b34f9b96a" }, "geometry": { "type": "Polygon", "coordinates": [ [ [ 14.53678919906771, 497.901174858182117 ], [ 11.04543963263653, 496.654264302513127 ], [ 7.803472174838245, 499.148085418660514 ], [ 3.563976272528529, 490.170329391487883 ], [ 9.798529071676656, 488.175272496453772 ], [ 6.805943725757722, 480.943191251834889 ], [ 6.057797390961339, 470.967906777626183 ], [ 13.53926075130982, 473.212345783217017 ], [ 13.78864285994271, 477.451841685765714 ], [ 19.773813544085261, 481.192573364315422 ], [ 13.78864285910104, 486.928361937899183 ], [ 15.783699758224, 489.671565168450911 ], [ 24.26269155827433, 485.182687152459778 ], [ 25.758984228949249, 498.898703307142 ], [ 22.267634662878791, 500.893760202176111 ], [ 21.519488327120499, 495.90611796410991 ], [ 14.53678919906771, 497.901174858182117 ] ] ] } },
{ "type": "Feature", "properties": { "feature_type": "building", "subtype": "no-damage", "uid": "ba8b21ae-a4f0-4f44-b557-8e689d3db981" }, "geometry": { "type": "Polygon", "coordinates": [ [ [ 4.153403243955879, 605.446128057047645 ], [ 16.072645260681121, 605.836922876179983 ], [ 15.29105562049242, 614.043614102006018 ], [ 3.958005833427748, 613.652819280949871 ], [ 4.153403243955879, 605.446128057047645 ] ] ] } },
{ "type": "Feature", "properties": { "feature_type": "building", "subtype": "no-damage", "uid": "ae70a6fb-9816-433f-ab93-77cc14f69394" }, "geometry": { "type": "Polygon", "coordinates": [ [ [ 7.364358660852468, 595.003605970102512 ], [ 16.397198695868049, 594.850506988907796 ], [ 16.09100072987145, 603.117852105201564 ], [ 7.364358662054861, 602.964753121121134 ], [ 7.364358660852468, 595.003605970102512 ] ] ] } },
{ "type": "Feature", "properties": { "feature_type": "building", "subtype": "no-damage", "uid": "e1cacf05-7b66-483a-8ca7-ba4aa0f640a9" }, "geometry": { "type": "Polygon", "coordinates": [ [ [ 0.000000000601197, 552.882332364217632 ], [ 7.643215168624102, 553.103262049733758 ], [ 7.274999024333532, 560.02572556162454 ], [ 0.000000001202393, 559.436579730375115 ], [ 0.000000000601197, 552.882332364217632 ] ] ] } },
{ "type": "Feature", "properties": { "feature_type": "building", "subtype": "no-damage", "uid": "167ad765-da78-486b-abf5-90dbbc3adf4f" }, "geometry": { "type": "Polygon", "coordinates": [ [ [ 374.206251171189706, 780.774618106458092 ], [ 376.649978048117305, 774.101363947213486 ], [ 385.860948573389123, 776.545090821495023 ], [ 384.169137661423292, 782.936376495652439 ], [ 374.206251171189706, 780.774618106458092 ] ] ] } },
{ "type": "Feature", "properties": { "feature_type": "building", "subtype": "no-damage", "uid": "de16d780-4c3d-4dc3-83d4-987a19ae382c" }, "geometry": { "type": "Polygon", "coordinates": [ [ [ 566.51649293564094, 873.114951507130627 ], [ 572.394388863356994, 866.277399098850879 ], [ 578.992027151497496, 870.595853251296717 ], [ 577.192671259454073, 878.273105076584443 ], [ 566.51649293564094, 873.114951507130627 ] ] ] } },
{ "type": "Feature", "properties": { "feature_type": "building", "subtype": "no-damage", "uid": "4ff14ca2-3eb9-4f4d-96fc-d0564cae52d0" }, "geometry": { "type": "Polygon", "coordinates": [ [ [ 906.721992574684805, 540.657343279136626 ], [ 916.101068261878936, 538.89876659015556 ], [ 917.27345272468699, 546.128470764303188 ], [ 907.308184806629924, 548.277842276264209 ], [ 906.721992574684805, 540.657343279136626 ] ] ] } },
{ "type": "Feature", "properties": { "feature_type": "building", "subtype": "no-damage", "uid": "682a83f0-f2ce-4a56-a447-88a6d364ff06" }, "geometry": { "type": "Polygon", "coordinates": [ [ [ 920.350606449511133, 594.265380852874387 ], [ 931.817324865339742, 593.795433379011797 ], [ 932.663230318196497, 608.363805132236962 ], [ 925.895986664922475, 608.457794625662814 ], [ 925.801997170294158, 605.826088761643859 ], [ 919.880658973123332, 605.262151789545896 ], [ 920.350606449511133, 594.265380852874387 ] ] ] } },
{ "type": "Feature", "properties": { "feature_type": "building", "subtype": "no-damage", "uid": "0addabb4-3951-4d39-96b9-a85dd46d92ed" }, "geometry": { "type": "Polygon", "coordinates": [ [ [ 921.101134512007775, 577.730823642473524 ], [ 923.980103944928601, 577.490909523053574 ], [ 924.220018061943847, 574.132111848287764 ], [ 927.698772798224468, 574.372025967707827 ], [ 927.578815736229899, 578.090694820641716 ], [ 926.499202200041964, 578.210651880351634 ], [ 926.739116316816762, 586.727603124571374 ], [ 921.461005689695071, 586.847560184281406 ], [ 921.101134512007775, 577.730823642473524 ] ] ] } },
{ "type": "Feature", "properties": { "feature_type": "building", "subtype": "no-damage", "uid": "415885f7-a00d-4dcc-8b95-531bf417b03b" }, "geometry": { "type": "Polygon", "coordinates": [ [ [ 913.056407036070027, 587.840558516401529 ], [ 920.730692808390131, 588.01366270452786 ], [ 920.903797000845202, 591.764253497284699 ], [ 919.634366272768034, 591.995059083376873 ], [ 920.038276047828504, 599.727046253059029 ], [ 912.767900051771221, 599.669344856054977 ], [ 913.056407036070027, 587.840558516401529 ] ] ] } },
{ "type": "Feature", "properties": { "feature_type": "building", "subtype": "no-damage", "uid": "4d839656-2ee3-4718-821d-5da228baed76" }, "geometry": { "type": "Polygon", "coordinates": [ [ [ 540.266071772069381, 499.424667806176899 ], [ 556.035267091835522, 502.333548495047296 ], [ 547.155526038134894, 542.751680188386104 ], [ 545.196756574839014, 541.864090312058124 ], [ 545.777635187783517, 536.474621856480326 ], [ 534.520578259562967, 535.146494963488408 ], [ 534.907607343321502, 530.350662509616882 ], [ 540.266071772069381, 499.424667806176899 ] ] ] } },
{ "type": "Feature", "properties": { "feature_type": "building", "subtype": "no-damage", "uid": "717498b1-34af-44b0-ad4e-bd55f1d8fc05" }, "geometry": { "type": "Polygon", "coordinates": [ [ [ 479.994910300602385, 537.297767067371865 ], [ 497.148769849238818, 539.816865321281966 ], [ 496.788898672032474, 544.9750188916978 ], [ 504.945978735080985, 545.934675370339733 ], [ 504.945978732796391, 553.611927195627459 ], [ 493.670015117166486, 552.292399538817449 ], [ 493.550058056735111, 549.653344223273621 ], [ 477.835683225701416, 547.614074207241629 ], [ 479.994910300602385, 537.297767067371865 ] ] ] } },
{ "type": "Feature", "properties": { "feature_type": "building", "subtype": "no-damage", "uid": "5efb449c-a37f-497f-8be3-23e62e824cce" }, "geometry": { "type": "Polygon", "coordinates": [ [ [ 498.880103817146619, 535.875512563506618 ], [ 510.440811721832006, 536.81540751411751 ], [ 519.557792754038701, 537.661312970340532 ], [ 518.617897802104835, 547.718188954477455 ], [ 497.846219368540517, 544.428556623010991 ], [ 498.880103817146619, 535.875512563506618 ] ] ] } },
{ "type": "Feature", "properties": { "feature_type": "building", "subtype": "no-damage", "uid": "dd74a9f7-8283-496d-ae82-dae3c624d39b" }, "geometry": { "type": "Polygon", "coordinates": [ [ [ 383.264379686863094, 517.539467583786177 ], [ 384.703864409395578, 511.06178635752218 ], [ 393.580686829381705, 483.231748489411189 ], [ 398.498926280018509, 485.15106144669511 ], [ 388.902361500088773, 518.019295824549999 ], [ 383.264379686863094, 517.539467583786177 ] ] ] } },
{ "type": "Feature", "properties": { "feature_type": "building", "subtype": "no-damage", "uid": "00bd06e6-de2f-4fce-924e-b81779c16f58" }, "geometry": { "type": "Polygon", "coordinates": [ [ [ 187.702407257725412, 345.059233234459782 ], [ 195.713701071222602, 343.300656544516926 ], [ 205.288174167261502, 366.943743168392814 ], [ 197.081482941673102, 370.851691369334901 ], [ 187.702407257725412, 345.059233234459782 ] ] ] } },
{ "type": "Feature", "properties": { "feature_type": "building", "subtype": "no-damage", "uid": "c3440d9a-8694-4d91-8402-92f2c249ff10" }, "geometry": { "type": "Polygon", "coordinates": [ [ [ 367.060230662468598, 304.381640499668322 ], [ 370.443852488444179, 293.196890572297377 ], [ 375.613274723418783, 294.794711992279701 ], [ 372.887579363207578, 306.449409394475026 ], [ 367.060230662468598, 304.381640499668322 ] ] ] } },
{ "type": "Feature", "properties": { "feature_type": "building", "subtype": "no-damage", "uid": "5f19c06d-5c0b-47e3-863e-59f8d1358d2d" }, "geometry": { "type": "Polygon", "coordinates": [ [ [ 376.741148664488776, 295.076680477366779 ], [ 389.429730514693176, 299.024239273395096 ], [ 384.354297778314788, 310.678936677514173 ], [ 373.82747431574262, 307.10733585903688 ], [ 376.741148664488776, 295.076680477366779 ] ] ] } },
{ "type": "Feature", "properties": { "feature_type": "building", "subtype": "no-damage", "uid": "c9a96ca5-3d6c-4e8e-8793-c2a3e8dd5296" }, "geometry": { "type": "Polygon", "coordinates": [ [ [ 404.916020636604799, 266.78419142604389 ], [ 408.514732430551419, 254.0687430890884 ], [ 421.470094885248102, 256.108013105120278 ], [ 416.671812492878416, 270.622817337725792 ], [ 404.916020636604799, 266.78419142604389 ] ] ] } },
{ "type": "Feature", "properties": { "feature_type": "building", "subtype": "no-damage", "uid": "9b0a1549-a5fc-4e68-a376-e71caa1c3e94" }, "geometry": { "type": "Polygon", "coordinates": [ [ [ 435.975019953025878, 253.825952801230187 ], [ 445.211713556110112, 254.905566340543999 ], [ 444.971799433924502, 262.462861105159902 ], [ 435.495191713945303, 262.582818165831782 ], [ 435.975019953025878, 253.825952801230187 ] ] ] } },
{ "type": "Feature", "properties": { "feature_type": "building", "subtype": "no-damage", "uid": "633f4f44-734f-4188-93d4-c8130c7288ff" }, "geometry": { "type": "Polygon", "coordinates": [ [ [ 372.621128989955992, 781.992396206860121 ], [ 383.147952452408106, 784.624102070878962 ], [ 380.7982150721528, 798.158589376219766 ], [ 376.662677284100994, 797.218694426570892 ], [ 376.944645768106, 791.391345724511325 ], [ 371.023307571897078, 790.263471783201226 ], [ 372.621128989955992, 781.992396206860121 ] ] ] } },
{ "type": "Feature", "properties": { "feature_type": "building", "subtype": "no-damage", "uid": "049b4fcd-936e-4c57-8166-0a037516e88a" }, "geometry": { "type": "Polygon", "coordinates": [ [ [ 302.847565308890523, 750.222913415150174 ], [ 313.883614807986078, 750.70274165302817 ], [ 313.643700687002877, 761.738791151158011 ], [ 302.967522368239827, 761.258962913279902 ], [ 302.847565308890523, 750.222913415150174 ] ] ] } },
{ "type": "Feature", "properties": { "feature_type": "building", "subtype": "no-damage", "uid": "432ad79b-3a8f-450c-8f24-00346fbf7def" }, "geometry": { "type": "Polygon", "coordinates": [ [ [ 16.401533990163379, 637.097454823787075 ], [ 37.895249103288251, 634.948083312787958 ], [ 37.5044542798272, 655.66020878259053 ], [ 14.642957298897141, 655.269413962496287 ], [ 16.401533990163379, 637.097454823787075 ] ] ] } },
{ "type": "Feature", "properties": { "feature_type": "building", "subtype": "no-damage", "uid": "dcdfe0bd-2d69-445a-a6d7-547b56d2c760" }, "geometry": { "type": "Polygon", "coordinates": [ [ [ 2.332920462798994, 662.69451554813395 ], [ 11.12580391684563, 662.889912956738158 ], [ 10.930406507279409, 672.659783463902954 ], [ 2.528317871523535, 672.659783463902954 ], [ 2.332920462798994, 662.69451554813395 ] ] ] } },
{ "type": "Feature", "properties": { "feature_type": "building", "subtype": "no-damage", "uid": "06552d79-d591-4415-b505-1d566214f24d" }, "geometry": { "type": "Polygon", "coordinates": [ [ [ 37.895249103288251, 634.948083312787958 ], [ 39.060401323605973, 635.023529852563456 ], [ 45.357697497486242, 638.59513067104092 ], [ 52.03095165541054, 630.324055093737911 ], [ 54.756647014659819, 632.391823988544616 ], [ 44.699771029557461, 645.362374322749361 ], [ 37.838537883699288, 644.704447857225659 ], [ 37.895249103288251, 634.948083312787958 ] ] ] } },
{ "type": "Feature", "properties": { "feature_type": "building", "subtype": "no-damage", "uid": "c194883d-1c0b-411a-b13c-1f6985bd81bf" }, "geometry": { "type": "Polygon", "coordinates": [ [ [ 65.195885577312765, 652.951555128541145 ], [ 83.523837141524623, 627.29242294329481 ], [ 90.667038774994978, 631.145992245897332 ], [ 71.681160745138868, 657.463050897629273 ], [ 65.195885577312765, 652.951555128541145 ] ] ] } },
{ "type": "Feature", "properties": { "feature_type": "building", "subtype": "no-damage", "uid": "97a189e1-971a-4ad7-9498-2412f4d02962" }, "geometry": { "type": "Polygon", "coordinates": [ [ [ 43.942678963048351, 653.596429941606289 ], [ 59.297182611585249, 628.285490330290941 ], [ 66.494606198636745, 632.124116243896765 ], [ 67.094391496826248, 628.765318569130955 ], [ 72.012630947823808, 628.5254044487491 ], [ 78.490312176013845, 632.843858601194938 ], [ 65.195885577312765, 652.951555128541145 ], [ 59.657053794442803, 650.117675209054255 ], [ 55.578513763219142, 659.834197051335877 ], [ 43.942678963048351, 653.596429941606289 ] ] ] } },
{ "type": "Feature", "properties": { "feature_type": "building", "subtype": "no-damage", "uid": "e7a8c36a-97c6-4381-a2ac-2888ef3f7197" }, "geometry": { "type": "Polygon", "coordinates": [ [ [ 423.637064612600113, 362.794560314566297 ], [ 428.806486846251914, 354.711463728924628 ], [ 432.190108670904976, 356.403274641370672 ], [ 426.644728457176882, 364.674350216749872 ], [ 423.637064612600113, 362.794560314566297 ] ] ] } },
{ "type": "Feature", "properties": { "feature_type": "building", "subtype": "no-damage", "uid": "ed37a658-12a3-48cf-80b8-e10d25b03a04" }, "geometry": { "type": "Polygon", "coordinates": [ [ [ 429.746381795660682, 353.113642308942303 ], [ 432.190108669341896, 348.414167550116701 ], [ 435.855698986416712, 350.293957454224085 ], [ 433.223993121555225, 355.08742170839929 ], [ 429.746381795660682, 353.113642308942303 ] ] ] } },
{ "type": "Feature", "properties": { "feature_type": "building", "subtype": "no-damage", "uid": "175e34d6-54df-46ad-8a3c-1c19fdcd6d70" }, "geometry": { "type": "Polygon", "coordinates": [ [ [ 403.646212005287907, 336.645980408399396 ], [ 411.231464577457189, 336.793266867654609 ], [ 410.642318747770616, 341.65371997113408 ], [ 403.646212005768916, 341.211860598178021 ], [ 403.646212005287907, 336.645980408399396 ] ] ] } },
{ "type": "Feature", "properties": { "feature_type": "building", "subtype": "no-damage", "uid": "9de982a4-c1d4-432a-83fc-48bd391a716e" }, "geometry": { "type": "Polygon", "coordinates": [ [ [ 385.441254582360784, 312.37897124568542 ], [ 389.429730514693176, 299.024239273395096 ], [ 399.985658032489312, 302.733735273629975 ], [ 393.40240173590729, 316.206445837114416 ], [ 385.441254582360784, 312.37897124568542 ] ] ] } },
{ "type": "Feature", "properties": { "feature_type": "building", "subtype": "no-damage", "uid": "0a879e3f-6a6e-468d-9238-e0f3b4375d02" }, "geometry": { "type": "Polygon", "coordinates": [ [ [ 227.928242840014406, 337.278207359527812 ], [ 257.557636604387085, 336.678422060015805 ], [ 251.919654793806586, 367.627343481548792 ], [ 231.167083453628408, 364.268545806782981 ], [ 226.728672243034197, 355.991508682945323 ], [ 218.451635118592293, 349.633784515429397 ], [ 227.928242840014406, 337.278207359527812 ] ] ] } },
{ "type": "Feature", "properties": { "feature_type": "building", "subtype": "no-damage", "uid": "936d0d05-1737-44e5-82aa-fec847cc9af3" }, "geometry": { "type": "Polygon", "coordinates": [ [ [ 424.274082821823413, 577.154290881677298 ], [ 426.417468594621084, 577.001191896634964 ], [ 429.826520926479475, 576.430389931603145 ], [ 430.592015849046106, 571.531222454497083 ], [ 440.04327814387409, 571.795826451368157 ], [ 464.845313495048572, 582.512755309100726 ], [ 481.686201699890887, 601.956326237291933 ], [ 451.219503950845706, 626.145965657546867 ], [ 430.704240136609428, 599.353643514658529 ], [ 437.287496433792626, 592.311090265236544 ], [ 428.560854363451028, 587.411922788130482 ], [ 430.244943183406178, 584.503042097336333 ], [ 428.560854364172428, 581.594161405580167 ], [ 424.120983837502479, 580.828666488063959 ], [ 424.274082821823413, 577.154290881677298 ] ] ] } },
{ "type": "Feature", "properties": { "feature_type": "building", "subtype": "no-damage", "uid": "d0a14ad5-c5d4-4a5c-a28f-c0725dba81b3" }, "geometry": { "type": "Polygon", "coordinates": [ [ [ 634.220654094541374, 345.601727860006974 ], [ 649.215286567675548, 348.360740235260891 ], [ 644.536961236819479, 382.668459330597727 ], [ 632.421298196125122, 381.708802851955795 ], [ 633.260997616861005, 379.909446955343924 ], [ 630.262071120743144, 379.06974753929768 ], [ 634.220654094541374, 345.601727860006974 ] ] ] } },
{ "type": "Feature", "properties": { "feature_type": "building", "subtype": "no-damage", "uid": "a550d456-0e54-4113-902d-1af5d1d4379c" }, "geometry": { "type": "Polygon", "coordinates": [ [ [ 660.354636789218603, 371.813524265980618 ], [ 669.42535836463901, 373.466625995290599 ], [ 667.498029984704203, 397.253388914433003 ], [ 657.924410234231573, 395.633237880901675 ], [ 660.354636789218603, 371.813524265980618 ] ] ] } },
{ "type": "Feature", "properties": { "feature_type": "building", "subtype": "no-damage", "uid": "6f18009a-bda1-4cd3-94b9-49388d880c88" }, "geometry": { "type": "Polygon", "coordinates": [ [ [ 584.31028803223785, 500.151274003073524 ], [ 599.313988433886266, 504.284946562663322 ], [ 595.486513840772659, 514.848776436315347 ], [ 583.391694132203952, 512.24609371272004 ], [ 584.31028803223785, 500.151274003073524 ] ] ] } },
{ "type": "Feature", "properties": { "feature_type": "building", "subtype": "no-damage", "uid": "d11a26ab-530c-4bea-853d-9f52db6c4e78" }, "geometry": { "type": "Polygon", "coordinates": [ [ [ 809.550075147938969, 629.518101193757161 ], [ 825.144492920465041, 631.677328269499071 ], [ 821.185909946546644, 655.668740224004296 ], [ 805.132633744146005, 654.685778235942053 ], [ 809.550075147938969, 629.518101193757161 ] ] ] } },
{ "type": "Feature", "properties": { "feature_type": "building", "subtype": "no-damage", "uid": "ff06bb69-c1e1-4f2d-8f2a-fffe323a329e" }, "geometry": { "type": "Polygon", "coordinates": [ [ [ 814.510005486713794, 676.964619428025344 ], [ 817.555106806176582, 656.018373431227701 ], [ 823.219769201402073, 655.865274447147385 ], [ 821.076383430768601, 668.266292126878511 ], [ 819.392294609731266, 667.960094159679556 ], [ 817.402007822697328, 677.299132162612295 ], [ 814.510005486713794, 676.964619428025344 ] ] ] } },
{ "type": "Feature", "properties": { "feature_type": "building", "subtype": "no-damage", "uid": "82e4c6f0-ca5b-494d-9159-b7484a50d39b" }, "geometry": { "type": "Polygon", "coordinates": [ [ [ 167.523831758853703, 519.222604357696355 ], [ 170.259395502520192, 519.027206947168338 ], [ 174.753535934927811, 514.923861334736216 ], [ 175.730522984201713, 509.061939031399277 ], [ 182.960227157750694, 508.671144212266995 ], [ 182.960227159554307, 522.153565509845862 ], [ 177.87989449941, 521.762770688789715 ], [ 174.362741114352502, 528.406282631353179 ], [ 169.282408452163992, 528.992474862937343 ], [ 167.523831758853703, 519.222604357696355 ] ] ] } },
{ "type": "Feature", "properties": { "feature_type": "building", "subtype": "no-damage", "uid": "b0c76e3b-bf1a-47fc-859a-01fd6b1c9a62" }, "geometry": { "type": "Polygon", "coordinates": [ [ [ 506.668412072558624, 217.065592707926811 ], [ 530.578866079808677, 223.193388423541791 ], [ 523.277191930536219, 233.86976997678741 ], [ 512.530334376498899, 231.134206237089813 ], [ 507.254604301617974, 225.663078754808993 ], [ 506.213215694021187, 227.885270508851193 ], [ 500.415694952010995, 226.249270982545511 ], [ 506.668412072558624, 217.065592707926811 ] ] ] } },
{ "type": "Feature", "properties": { "feature_type": "building", "subtype": "no-damage", "uid": "ce2e9e5d-db18-4015-b7d2-fd9c8266d59b" }, "geometry": { "type": "Polygon", "coordinates": [ [ [ 421.526281895492275, 0.00343167691587 ], [ 406.125427651060079, 7.949873303065583 ], [ 393.619993403471881, 3.84652769063352 ], [ 395.377033995645377, 0.003359896936165 ], [ 421.526281895492275, 0.00343167691587 ] ] ] } },
{ "type": "Feature", "properties": { "feature_type": "building", "subtype": "no-damage", "uid": "c956f08f-7a0a-45cf-8400-69bde4be36a8" }, "geometry": { "type": "Polygon", "coordinates": [ [ [ 264.917324052744902, 80.124323842725403 ], [ 270.73508542844371, 76.603047218495348 ], [ 277.471440711390585, 92.678440504613121 ], [ 271.500580348485187, 95.128024243166109 ], [ 264.917324052744902, 80.124323842725403 ] ] ] } },
{ "type": "Feature", "properties": { "feature_type": "building", "subtype": "no-damage", "uid": "b7e344c0-fb3a-482a-ab5a-37fdb8e22d72" }, "geometry": { "type": "Polygon", "coordinates": [ [ [ 284.577897109901699, 77.534418050747078 ], [ 285.517792060392708, 90.129010405477047 ], [ 278.844537906917196, 91.350873844060672 ], [ 278.562569418583621, 80.824050383175489 ], [ 275.836874056448607, 80.448092401776861 ], [ 275.836874058252079, 76.594523099174339 ], [ 278.37459042800441, 76.970481080572966 ], [ 278.656558911889192, 71.425100864562367 ], [ 281.664222758149378, 71.707069350611334 ], [ 281.382254273062301, 76.406544110398855 ], [ 284.577897109901699, 77.534418050747078 ] ] ] } },
{ "type": "Feature", "properties": { "feature_type": "building", "subtype": "no-damage", "uid": "7990b787-4789-4c72-a746-87390049c0f9" }, "geometry": { "type": "Polygon", "coordinates": [ [ [ 323.336226012634313, 22.344272919293939 ], [ 338.300635190423179, 22.877774371988899 ], [ 337.767133738810173, 31.753137479743859 ], [ 325.20655574031889, 42.083514572017997 ], [ 320.70190864588568, 33.77971673630244 ], [ 323.336226012634313, 22.344272919293939 ] ] ] } },
{ "type": "Feature", "properties": { "feature_type": "building", "subtype": "no-damage", "uid": "6518f2d6-719d-45b7-97b4-e675bda5a139" }, "geometry": { "type": "Polygon", "coordinates": [ [ [ 322.891465003232213, 79.656968116514193 ], [ 339.608477951474981, 81.424405608338773 ], [ 339.534834721606899, 93.575538368480395 ], [ 321.86045980058941, 91.88174410387866 ], [ 322.891465003232213, 79.656968116514193 ] ] ] } },
{ "type": "Feature", "properties": { "feature_type": "building", "subtype": "no-damage", "uid": "c49549c7-0ecf-4cc3-a0eb-81a9042b22af" }, "geometry": { "type": "Polygon", "coordinates": [ [ [ 256.666941884781693, 355.104595575953624 ], [ 273.383954833505527, 358.786757016934189 ], [ 271.321944425814877, 372.852613729117479 ], [ 253.132066899087192, 368.802236141441824 ], [ 256.666941884781693, 355.104595575953624 ] ] ] } },
{ "type": "Feature", "properties": { "feature_type": "building", "subtype": "no-damage", "uid": "63ed4e69-d4dc-4cdd-bbbb-11c73d72a93b" }, "geometry": { "type": "Polygon", "coordinates": [ [ [ 575.369445341063511, 116.230631583817498 ], [ 594.506818304347235, 121.589096011240798 ], [ 591.751036597632492, 134.143212675052411 ], [ 571.695069732872071, 128.172352310345502 ], [ 575.369445341063511, 116.230631583817498 ] ] ] } },
{ "type": "Feature", "properties": { "feature_type": "building", "subtype": "no-damage", "uid": "3335abad-1f0d-469a-9aba-587c57011756" }, "geometry": { "type": "Polygon", "coordinates": [ [ [ 137.968766404064212, 221.460225927817305 ], [ 143.480329817854511, 222.072621861253197 ], [ 143.174131850535304, 229.115175111637086 ], [ 147.154705428330601, 231.564758850190088 ], [ 145.164418640094311, 237.994916164252487 ], [ 141.490043029738388, 237.688718198015493 ], [ 141.030746080382812, 239.679004985289197 ], [ 143.17413184909239, 240.138301936568496 ], [ 142.867933881172007, 243.506479577680011 ], [ 135.672281652837313, 243.200281610481198 ], [ 136.590875549985412, 238.607312099612102 ], [ 134.447489780073397, 238.301114132413289 ], [ 137.968766404064212, 221.460225927817305 ] ] ] } },
{ "type": "Feature", "properties": { "feature_type": "building", "subtype": "no-damage", "uid": "a9d447f8-a9f7-4729-ac8e-c2bd93aacd9f" }, "geometry": { "type": "Polygon", "coordinates": [ [ [ 419.327085033545188, 384.998404929289222 ], [ 429.812629754772388, 388.537046413034204 ], [ 427.441331170931676, 394.490541917264181 ], [ 429.584716940723524, 395.409135820784684 ], [ 430.809508809279009, 394.184343950065283 ], [ 434.636983399987912, 395.102937853585786 ], [ 440.454744780375904, 384.845305946170697 ], [ 454.855041791987674, 394.080139400420819 ], [ 451.171673642561018, 407.197757563232301 ], [ 453.927455345428086, 411.790727074101426 ], [ 453.008861443710884, 413.627914877294586 ], [ 431.575003731244408, 408.116351464828995 ], [ 431.4749845130724, 424.291763965631674 ], [ 424.126233294885822, 424.904159900991374 ], [ 424.279332280649612, 416.024418848376115 ], [ 416.777482080306413, 414.493429011419721 ], [ 416.318185128065011, 408.981865597992112 ], [ 419.53326378654009, 409.441162550233287 ], [ 419.533263784977123, 401.633114381371172 ], [ 416.471284112265721, 401.326916415134178 ], [ 419.327085033545188, 384.998404929289222 ] ] ] } },
{ "type": "Feature", "properties": { "feature_type": "building", "subtype": "no-damage", "uid": "e7d20852-57b7-4a7d-bde5-d2b87646626d" }, "geometry": { "type": "Polygon", "coordinates": [ [ [ 799.106324745421944, 674.912978366909783 ], [ 799.587386259821869, 672.404865512630181 ], [ 804.805267458298658, 673.898046909870004 ], [ 806.967025847253353, 668.07069821069615 ], [ 804.46478917284719, 667.411128166208528 ], [ 805.383383073722712, 662.665059672220991 ], [ 811.048045472074364, 663.889851541016469 ], [ 811.972289115999615, 660.516457770692796 ], [ 814.569322095944926, 661.59336678558202 ], [ 813.95692616443273, 666.951831214929257 ], [ 811.507342421189492, 669.248315970363706 ], [ 812.425936325191287, 672.157196661157968 ], [ 811.660441408516476, 676.750166171065075 ], [ 817.402007822697328, 677.299132162612295 ], [ 817.784400752616534, 681.95553161440796 ], [ 819.315390590775792, 682.56792754976766 ], [ 818.243697705819841, 690.529074700786396 ], [ 808.144738961620533, 689.236674093275155 ], [ 808.139164780437454, 683.486521452326315 ], [ 805.53648205816387, 682.56792754976766 ], [ 797.881532873740184, 684.252016371766331 ], [ 799.106324745421944, 674.912978366909783 ] ] ] } },
{ "type": "Feature", "properties": { "feature_type": "building", "subtype": "no-damage", "uid": "a87ad5f9-9836-4a5c-a770-eaa19e9d5db7" }, "geometry": { "type": "Polygon", "coordinates": [ [ [ 58.013865913473651, 229.4198490860378 ], [ 63.891761844917063, 230.499462623427803 ], [ 63.891761841309879, 233.378432059353599 ], [ 72.648627204351484, 234.098174416651688 ], [ 75.287682519054599, 238.416628569097497 ], [ 73.368369563693904, 246.333794513805287 ], [ 68.690044231996197, 245.734009215255298 ], [ 54.295197060177728, 241.055683884641411 ], [ 58.013865913473651, 229.4198490860378 ] ] ] } },
{ "type": "Feature", "properties": { "feature_type": "building", "subtype": "no-damage", "uid": "b6f14e89-7a1c-499e-9060-517b16a88cfd" }, "geometry": { "type": "Polygon", "coordinates": [ [ [ 30.97923158197192, 214.195457877104587 ], [ 31.825137041081049, 211.2817835251129 ], [ 29.475399663230519, 210.717846553976898 ], [ 30.227315621699429, 207.052256242073696 ], [ 32.953010984676133, 207.710182708559387 ], [ 33.140989971046892, 209.589972610742905 ], [ 37.088548769601672, 210.811836050288491 ], [ 35.396737860160883, 215.323331819376705 ], [ 30.97923158197192, 214.195457877104587 ] ] ] } },
{ "type": "Feature", "properties": { "feature_type": "building", "subtype": "no-damage", "uid": "80e42eab-5512-43fc-9239-74afe16d9ae9" }, "geometry": { "type": "Polygon", "coordinates": [ [ [ 355.204169066784516, 100.360694188822706 ], [ 372.045057268981623, 100.819991141063994 ], [ 371.432661333621581, 108.628039308964105 ], [ 354.98208277882668, 108.015288808092393 ], [ 355.204169066784516, 100.360694188822706 ] ] ] } },
{ "type": "Feature", "properties": { "feature_type": "building", "subtype": "no-damage", "uid": "a13c8a93-eb56-47b6-80e1-d7f896640762" }, "geometry": { "type": "Polygon", "coordinates": [ [ [ 241.474352022375996, 207.155975019152095 ], [ 256.360166382707121, 209.878599126137686 ], [ 252.344379862749804, 224.303061190946892 ], [ 237.799976416228503, 220.781784566716908 ], [ 241.474352022375996, 207.155975019152095 ] ] ] } },
{ "type": "Feature", "properties": { "feature_type": "building", "subtype": "no-damage", "uid": "94e6a60d-0b19-4fd7-85e1-482cee128a18" }, "geometry": { "type": "Polygon", "coordinates": [ [ [ 900.253667775034614, 638.615574094450494 ], [ 905.411821345933163, 623.261070442913024 ], [ 915.728128487008917, 627.219653415266862 ], [ 917.767398502320134, 622.421371024943028 ], [ 926.044435629287022, 626.020082820090693 ], [ 920.286496756110864, 641.494543528452482 ], [ 913.328987290643681, 638.495617035702367 ], [ 911.889502574844641, 642.574157067766237 ], [ 900.253667775034614, 638.615574094450494 ] ] ] } },
{ "type": "Feature", "properties": { "feature_type": "building", "subtype": "no-damage", "uid": "a4a735df-02c4-48e9-a0a2-638368e7e72f" }, "geometry": { "type": "Polygon", "coordinates": [ [ [ -0.000000000721436, 50.321323361722243 ], [ 14.551880239647179, 55.5970534325131 ], [ 9.276150165127037, 80.607921927199683 ], [ 0.000000002044068, 79.044742646822854 ], [ -0.000000000721436, 50.321323361722243 ] ] ] } },
{ "type": "Feature", "properties": { "feature_type": "building", "subtype": "no-damage", "uid": "38337bf2-6a3d-46a0-bc5d-370fd3a58b05" }, "geometry": { "type": "Polygon", "coordinates": [ [ [ 0.000000001202393, 80.706364211086935 ], [ 7.485117819415287, 83.002848965559537 ], [ 5.035534081462618, 96.934856483208932 ], [ -0.000000000961914, 96.169361562806927 ], [ 0.000000001202393, 80.706364211086935 ] ] ] } },
{ "type": "Feature", "properties": { "feature_type": "building", "subtype": "no-damage", "uid": "b6215001-8acd-4b1f-9263-6fa08e1100af" }, "geometry": { "type": "Polygon", "coordinates": [ [ [ -0.000000000961914, 96.169361562806927 ], [ 5.942155794117231, 98.179713633378981 ], [ 2.88017612080466, 107.518751637273596 ], [ -0.000000000240479, 105.987761801279206 ], [ -0.000000000961914, 96.169361562806927 ] ] ] } },
{ "type": "Feature", "properties": { "feature_type": "building", "subtype": "no-damage", "uid": "d4479066-70ec-4a2f-ac1b-54efca331b79" }, "geometry": { "type": "Polygon", "coordinates": [ [ [ 1022.975784955630957, 757.340563580190178 ], [ 1018.490347210057053, 757.926509610734115 ], [ 1019.090132505481051, 740.412778884416639 ], [ 1022.975783893797029, 739.74824385599743 ], [ 1022.975784955630957, 757.340563580190178 ] ] ] } },
{ "type": "Feature", "properties": { "feature_type": "building", "subtype": "no-damage", "uid": "2412086d-ec2e-49a6-ada6-5798353c7c8f" }, "geometry": { "type": "Polygon", "coordinates": [ [ [ 795.708573912468751, 552.208470976944568 ], [ 807.58432283049649, 551.368771558012668 ], [ 807.94419401131006, 564.084219893044406 ], [ 794.86887449365679, 563.124563415364378 ], [ 795.708573912468751, 552.208470976944568 ] ] ] } },
{ "type": "Feature", "properties": { "feature_type": "building", "subtype": "no-damage", "uid": "2879ec0f-20af-46d7-8aff-7697856cd35c" }, "geometry": { "type": "Polygon", "coordinates": [ [ [ 0.000000001082154, 335.362043202245616 ], [ 26.987982353622559, 340.637773275922086 ], [ 27.1833797635495, 349.235259319918612 ], [ 19.367483358416099, 354.901784213689382 ], [ 14.87334292660967, 351.775425652935724 ], [ 12.723971417293161, 350.407643782124978 ], [ 12.919368824214111, 355.097181624217512 ], [ 5.885062059750363, 355.683373853877811 ], [ 5.494267243744153, 353.143207521822603 ], [ 1.195524221143227, 351.384630831879576 ], [ 1.000126809172224, 349.235259319918612 ], [ 2.954100911567787, 348.649067091220218 ], [ 0.000000000721436, 346.304298167769218 ], [ 0.000000001082154, 335.362043202245616 ] ] ] } },
{ "type": "Feature", "properties": { "feature_type": "building", "subtype": "no-damage", "uid": "4826bade-45ab-4dd8-b3ba-388f44c773ea" }, "geometry": { "type": "Polygon", "coordinates": [ [ [ 47.594469479106017, 180.486668784469998 ], [ 53.962405368847392, 182.464014404778197 ], [ 51.512821631495918, 192.109250376833586 ], [ 45.695060251829297, 190.425161554835 ], [ 47.594469479106017, 180.486668784469998 ] ] ] } },
{ "type": "Feature", "properties": { "feature_type": "building", "subtype": "no-damage", "uid": "66339f83-43ac-42ab-a82b-4ba4fee487f7" }, "geometry": { "type": "Polygon", "coordinates": [ [ [ 21.811618796961209, 193.793339195946487 ], [ 27.47628119062356, 194.405735131306187 ], [ 27.170083223304321, 198.386308706815612 ], [ 20.893024893560639, 197.927011756498189 ], [ 21.811618796961209, 193.793339195946487 ] ] ] } },
{ "type": "Feature", "properties": { "feature_type": "building", "subtype": "no-damage", "uid": "79fdfbdd-c601-4541-a67c-6403dd8b64a8" }, "geometry": { "type": "Polygon", "coordinates": [ [ [ 53.962405368847392, 182.464014404778197 ], [ 59.780166751880721, 183.535707288531398 ], [ 59.780166752000959, 186.444587979325604 ], [ 61.770453537832502, 187.516280865002699 ], [ 61.464255568589437, 190.731359522033813 ], [ 53.809306385368139, 188.74107273476011 ], [ 53.962405368847392, 182.464014404778197 ] ] ] } },
{ "type": "Feature", "properties": { "feature_type": "building", "subtype": "no-damage", "uid": "a5cbc5f8-4acc-4b33-8270-4a83045c5365" }, "geometry": { "type": "Polygon", "coordinates": [ [ [ 68.813266741629761, 128.639901224568092 ], [ 69.549699034539515, 125.915101757684496 ], [ 73.084574019512559, 126.577890818080704 ], [ 72.716357874981512, 129.818192887066999 ], [ 75.73573025592772, 132.984851727868602 ], [ 74.63108182077147, 133.868570474742796 ], [ 76.766735460975383, 134.163143390367509 ], [ 75.735730253643183, 141.159250131404889 ], [ 69.549699031894249, 140.938320443002993 ], [ 70.212488091208471, 135.636007967529309 ], [ 64.468316242536076, 134.973218906171212 ], [ 64.910175613087588, 131.806560067293503 ], [ 66.751256334420205, 131.364700693375397 ], [ 66.677613104672318, 128.566257996383314 ], [ 68.813266741629761, 128.639901224568092 ] ] ] } },
{ "type": "Feature", "properties": { "feature_type": "building", "subtype": "no-damage", "uid": "c1481c65-bba3-4e7b-bb61-915f1d30647d" }, "geometry": { "type": "Polygon", "coordinates": [ [ [ 120.754712216703396, 142.686944221499402 ], [ 132.033451637023092, 140.807154319315913 ], [ 132.033451638345696, 147.480408477598502 ], [ 128.179882332976291, 148.514292925482806 ], [ 128.085892839670692, 150.112114344503198 ], [ 132.221430626399808, 150.112114343541208 ], [ 132.127441131290595, 153.213767683346504 ], [ 134.007231034316504, 153.307757179658097 ], [ 134.195210024895601, 150.770040810988888 ], [ 138.14276882417181, 150.582061819327606 ], [ 138.424737308417292, 155.469515567890596 ], [ 146.037886418756386, 156.691379004550413 ], [ 146.319854904083996, 164.022559630280711 ], [ 133.255315076448795, 164.398517610717391 ], [ 131.84547264656419, 165.056444078164986 ], [ 131.281535674586308, 170.225866311814997 ], [ 128.461850821670708, 171.541719244786407 ], [ 128.9449148334499, 174.84193864230221 ], [ 122.514757516018605, 176.219829495178089 ], [ 120.566733224080096, 145.224660594016314 ], [ 120.754712216703396, 142.686944221499402 ] ] ] } },
{ "type": "Feature", "properties": { "feature_type": "building", "subtype": "no-damage", "uid": "f2ff07e0-dbfd-423d-8127-d03ff0fc235c" }, "geometry": { "type": "Polygon", "coordinates": [ [ [ 45.210900779535862, 363.572567029297318 ], [ 60.685361492953078, 366.691450584643121 ], [ 53.367980843906992, 383.845310130868711 ], [ 45.330857838404228, 381.206254816286673 ], [ 45.210900779535862, 363.572567029297318 ] ] ] } },
{ "type": "Feature", "properties": { "feature_type": "building", "subtype": "no-damage", "uid": "5fe02077-55e0-4677-aa9a-e37362aed63a" }, "geometry": { "type": "Polygon", "coordinates": [ [ [ 31.43192570733386, 356.723808736167712 ], [ 38.951085320639862, 360.201420059295515 ], [ 39.13906431242139, 366.122758256704685 ], [ 37.541242896286242, 368.942443109498981 ], [ 32.653789142791688, 368.566485130024319 ], [ 31.43192570733386, 356.723808736167712 ] ] ] } },
{ "type": "Feature", "properties": { "feature_type": "building", "subtype": "no-damage", "uid": "be464c2d-3652-4dde-bc4a-b0e2c98e599c" }, "geometry": { "type": "Polygon", "coordinates": [ [ [ 31.43540187147017, 381.501258551267313 ], [ 34.443065718692353, 374.82800439298461 ], [ 38.578603509629851, 376.989762782179127 ], [ 36.228866127330477, 383.287058959063074 ], [ 31.43540187147017, 381.501258551267313 ] ] ] } },
{ "type": "Feature", "properties": { "feature_type": "building", "subtype": "no-damage", "uid": "5b0e911e-9e60-4054-8d94-21c9f3ffd6ab" }, "geometry": { "type": "Polygon", "coordinates": [ [ [ 113.352408984078195, 338.307755724106414 ], [ 119.472674075552604, 328.202759413878482 ], [ 125.710441183961905, 332.161342385270473 ], [ 119.592631135984107, 341.877864227552095 ], [ 113.352408984078195, 338.307755724106414 ] ] ] } },
{ "type": "Feature", "properties": { "feature_type": "building", "subtype": "no-damage", "uid": "b25cea52-1e8d-4cb6-9fc5-d34c9c1e51eb" }, "geometry": { "type": "Polygon", "coordinates": [ [ [ 105.460589827671896, 267.92691558050808 ], [ 109.594262386782205, 251.086027376874 ], [ 116.483716652126205, 252.923215180067388 ], [ 112.196945109536699, 270.376499320984919 ], [ 105.460589827671896, 267.92691558050808 ] ] ] } },
{ "type": "Feature", "properties": { "feature_type": "building", "subtype": "no-damage", "uid": "924872e6-2d32-41fb-bec2-b854aa9885f7" }, "geometry": { "type": "Polygon", "coordinates": [ [ [ 94.063370248235344, 263.945278800962797 ], [ 98.668855517243927, 249.188928057038396 ], [ 108.161794526280204, 252.00861291271849 ], [ 104.402214720108205, 268.174806084002114 ], [ 94.063370248235344, 263.945278800962797 ] ] ] } },
{ "type": "Feature", "properties": { "feature_type": "building", "subtype": "no-damage", "uid": "93b96643-b6e9-4217-a1aa-c4375183db92" }, "geometry": { "type": "Polygon", "coordinates": [ [ [ 131.805722792598687, 192.266628677800611 ], [ 136.991864679607488, 191.30445970267661 ], [ 144.964252119551503, 193.300513125684887 ], [ 142.352307780917499, 204.469176251749104 ], [ 131.205937492725809, 202.229515167549806 ], [ 131.805722792598687, 192.266628677800611 ] ] ] } },
{ "type": "Feature", "properties": { "feature_type": "building", "subtype": "no-damage", "uid": "eaf56b3e-3a73-4115-923b-ab119557691b" }, "geometry": { "type": "Polygon", "coordinates": [ [ [ 99.379346955752666, 204.015315576307501 ], [ 125.414437120603196, 192.172639183412912 ], [ 130.20790137754571, 201.007651730889989 ], [ 104.266800705279294, 214.072191559482491 ], [ 99.379346955752666, 204.015315576307501 ] ] ] } },
{ "type": "Feature", "properties": { "feature_type": "building", "subtype": "no-damage", "uid": "87071e28-4cd0-47cf-8c0e-a494a7f8a87e" }, "geometry": { "type": "Polygon", "coordinates": [ [ [ 156.134035230022306, 161.033085853465906 ], [ 156.345157623029195, 146.168299330075314 ], [ 177.414793963819193, 146.182484437105586 ], [ 183.998050260761801, 151.081651914211591 ], [ 184.6104461946789, 153.684334636844994 ], [ 181.242268554047087, 155.521522441962105 ], [ 180.782971603849802, 166.238451297770808 ], [ 182.160862458529806, 166.238451299694589 ], [ 185.069743145717808, 171.90311369527879 ], [ 173.893517338144989, 176.802281175270508 ], [ 172.362527503472592, 170.372123859284301 ], [ 170.720268276832599, 168.233351906717388 ], [ 171.942131714454689, 163.533877147891786 ], [ 156.339875516466094, 163.157919166493087 ], [ 156.134035230022306, 161.033085853465906 ] ] ] } },
{ "type": "Feature", "properties": { "feature_type": "building", "subtype": "no-damage", "uid": "bf78c313-8df9-4311-a8d6-a2cef2d2e182" }, "geometry": { "type": "Polygon", "coordinates": [ [ [ 185.310679720193406, 157.317620409378605 ], [ 185.028711236068204, 145.474944017445893 ], [ 189.540207005638905, 144.159091084474511 ], [ 194.521650252920011, 153.652030098437308 ], [ 185.310679720193406, 157.317620409378605 ] ] ] } },
{ "type": "Feature", "properties": { "feature_type": "building", "subtype": "no-damage", "uid": "5ccbe331-21af-4a98-8b3c-f2550507eca1" }, "geometry": { "type": "Polygon", "coordinates": [ [ [ 198.657188039288513, 142.655259163689607 ], [ 205.706400179453198, 138.801689860125208 ], [ 207.304221595107407, 149.046544833999405 ], [ 201.852830876248106, 152.054208680378906 ], [ 198.657188039288513, 142.655259163689607 ] ] ] } },
{ "type": "Feature", "properties": { "feature_type": "building", "subtype": "no-damage", "uid": "401ff3ce-c29a-4146-8cda-4cc9a28c3525" }, "geometry": { "type": "Polygon", "coordinates": [ [ [ 178.919394052766989, 145.286965027708504 ], [ 178.731415059662908, 137.015889450405496 ], [ 186.908501139815513, 138.519721372152389 ], [ 185.780627197302607, 144.723028055610513 ], [ 178.919394052766989, 145.286965027708504 ] ] ] } },
{ "type": "Feature", "properties": { "feature_type": "building", "subtype": "no-damage", "uid": "f8441715-fcc8-442f-aba7-a05880029ca1" }, "geometry": { "type": "Polygon", "coordinates": [ [ [ 179.334962627208, 127.980579570437897 ], [ 193.71535538757459, 122.435199354427297 ], [ 197.662914187331694, 132.49207533952611 ], [ 183.470500412734708, 137.66149757413811 ], [ 179.334962627208, 127.980579570437897 ] ] ] } },
{ "type": "Feature", "properties": { "feature_type": "building", "subtype": "no-damage", "uid": "60c45861-6366-4499-9949-6b5e351b5733" }, "geometry": { "type": "Polygon", "coordinates": [ [ [ 129.903739643267897, 272.160516546211511 ], [ 137.09939187520979, 271.701219593970279 ], [ 149.959706505623501, 266.648953132783902 ], [ 151.949993292657496, 272.466714513410409 ], [ 155.624368900247788, 272.007417562131081 ], [ 157.614655691730604, 276.753486056118618 ], [ 144.754341059392999, 280.12166369723019 ], [ 134.037412201897212, 280.580960648509517 ], [ 127.375610453186596, 278.516563079144476 ], [ 129.903739643267897, 272.160516546211511 ] ] ] } },
{ "type": "Feature", "properties": { "feature_type": "building", "subtype": "no-damage", "uid": "97fbd831-c063-4ca3-8c28-0c116ed185bd" }, "geometry": { "type": "Polygon", "coordinates": [ [ [ 269.067206390316528, 159.886534920537201 ], [ 277.224286450719717, 161.206062578309087 ], [ 276.984372331900772, 168.16357204629881 ], [ 275.805334539660919, 168.468521259051101 ], [ 274.180465813086812, 175.374213353962602 ], [ 268.467421091165079, 174.761210332272697 ], [ 269.067206390316528, 159.886534920537201 ] ] ] } },
{ "type": "Feature", "properties": { "feature_type": "building", "subtype": "no-damage", "uid": "b71d7d3a-1dd1-4778-9cbb-7e35636cefec" }, "geometry": { "type": "Polygon", "coordinates": [ [ [ 228.746047593530704, 156.961218770040887 ], [ 236.171217712088207, 152.543712498226114 ], [ 239.648829037742189, 159.592924637907402 ], [ 231.6597219476877, 165.138304851994207 ], [ 228.746047593530704, 156.961218770040887 ] ] ] } },
{ "type": "Feature", "properties": { "feature_type": "building", "subtype": "no-damage", "uid": "b1d74e71-43ea-4020-94e8-ed7f319bd693" }, "geometry": { "type": "Polygon", "coordinates": [ [ [ 238.392085592058208, 160.591929077249006 ], [ 248.073003598647603, 159.464055135938793 ], [ 248.260982585018411, 167.077204244832302 ], [ 238.016127613785699, 167.735130711317993 ], [ 238.392085592058208, 160.591929077249006 ] ] ] } },
{ "type": "Feature", "properties": { "feature_type": "building", "subtype": "no-damage", "uid": "7f425653-df40-43d2-a593-c8316926cc62" }, "geometry": { "type": "Polygon", "coordinates": [ [ [ 258.63666689577542, 190.675439162529813 ], [ 251.399475765993401, 189.265596735170703 ], [ 245.384148074194286, 184.848090461432093 ], [ 238.522914923887299, 172.441477099325311 ], [ 253.279265671424099, 175.073182963344209 ], [ 253.185276171986288, 180.242605196994305 ], [ 259.764540836003789, 181.652447626277194 ], [ 258.63666689577542, 190.675439162529813 ] ] ] } },
{ "type": "Feature", "properties": { "feature_type": "building", "subtype": "no-damage", "uid": "8e24c4cd-41f7-4ce5-bac5-1540384661ca" }, "geometry": { "type": "Polygon", "coordinates": [ [ [ 249.703933104052993, 158.93946360336281 ], [ 255.155323823032489, 157.999568651790014 ], [ 255.061334332492407, 166.364633723480807 ], [ 249.703933103572098, 166.458623216906602 ], [ 249.703933104052993, 158.93946360336281 ] ] ] } },
{ "type": "Feature", "properties": { "feature_type": "building", "subtype": "no-damage", "uid": "0a943a11-e2ff-4b0b-ba0e-3c5dcbe0df0d" }, "geometry": { "type": "Polygon", "coordinates": [ [ [ 292.395775933412324, 66.418569428855719 ], [ 308.589979005570683, 68.577796504597657 ], [ 309.189764303158995, 77.81449010803928 ], [ 306.070880747451383, 77.814490109001198 ], [ 306.070880746729983, 75.175434793457327 ], [ 291.79599063317869, 74.815563612403494 ], [ 292.395775933412324, 66.418569428855719 ] ] ] } },
{ "type": "Feature", "properties": { "feature_type": "building", "subtype": "no-damage", "uid": "41542dea-55ec-499d-93cb-0692b79afef7" }, "geometry": { "type": "Polygon", "coordinates": [ [ [ 286.038051764691772, 74.33573537356348 ], [ 304.99126721162412, 77.094747749779273 ], [ 303.91165367230991, 84.412128394975113 ], [ 286.277965884953517, 82.372858378943178 ], [ 286.038051764691772, 74.33573537356348 ] ] ] } },
{ "type": "Feature", "properties": { "feature_type": "building", "subtype": "no-damage", "uid": "5cdb40a9-856d-48f7-8da7-5951743fed7d" }, "geometry": { "type": "Polygon", "coordinates": [ [ [ 299.642012495174811, 85.253493907440415 ], [ 312.824150460729072, 86.358142340792696 ], [ 312.38229108368472, 93.648821997454817 ], [ 299.126509890426576, 92.617816793249204 ], [ 299.642012495174811, 85.253493907440415 ] ] ] } },
{ "type": "Feature", "properties": { "feature_type": "building", "subtype": "no-damage", "uid": "c48885ad-7d15-4345-ab85-c9a39a37dcd9" }, "geometry": { "type": "Polygon", "coordinates": [ [ [ 298.422007924993181, 95.512042818476885 ], [ 308.000439793516989, 95.454341422434766 ], [ 308.058141189078185, 100.012751767476502 ], [ 298.191202338780727, 100.128154561484493 ], [ 298.422007924993181, 95.512042818476885 ] ] ] } },
{ "type": "Feature", "properties": { "feature_type": "building", "subtype": "no-damage", "uid": "7948ff07-3ad3-4f6d-9095-080876aac37f" }, "geometry": { "type": "Polygon", "coordinates": [ [ [ 321.016477715865392, 53.487175341954071 ], [ 327.219784395237582, 48.599721591467237 ], [ 333.423091075812295, 56.682818177108999 ], [ 326.561857929473092, 62.134208897769938 ], [ 321.016477715865392, 53.487175341954071 ] ] ] } },
{ "type": "Feature", "properties": { "feature_type": "building", "subtype": "no-damage", "uid": "b8ce838c-7dc0-429d-8ab2-e9f68bbde44e" }, "geometry": { "type": "Polygon", "coordinates": [ [ [ 163.540117444785608, 278.576149532190811 ], [ 179.49440639572029, 271.018854766613003 ], [ 182.133461708860409, 277.256621875380802 ], [ 165.699344525097388, 285.173787820088478 ], [ 163.540117444785608, 278.576149532190811 ] ] ] } },
{ "type": "Feature", "properties": { "feature_type": "building", "subtype": "no-damage", "uid": "615f73c1-5bb2-4f04-8b9e-4fc8517ac455" }, "geometry": { "type": "Polygon", "coordinates": [ [ [ 262.350781202971291, 168.944278731751496 ], [ 268.474740549836895, 169.097377714869907 ], [ 268.467421091165079, 174.761210332272697 ], [ 272.302215141507702, 175.527535027970401 ], [ 271.996017175511099, 191.296730348813099 ], [ 260.819791370583516, 190.2250374621741 ], [ 262.350781202971291, 168.944278731751496 ] ] ] } },
{ "type": "Feature", "properties": { "feature_type": "building", "subtype": "no-damage", "uid": "c454fbc4-3267-4088-af1f-e9ff43b6b3d6" }, "geometry": { "type": "Polygon", "coordinates": [ [ [ 265.362310399743876, 146.082242934573401 ], [ 270.108378897340287, 146.694638869933101 ], [ 269.067206390316528, 159.886534920537201 ], [ 262.45342970954988, 159.708052482138214 ], [ 262.453429709670104, 154.196489071596289 ], [ 265.056112433266321, 154.655786021913713 ], [ 265.362310399743876, 146.082242934573401 ] ] ] } },
{ "type": "Feature", "properties": { "feature_type": "building", "subtype": "no-damage", "uid": "6bdf88ce-05c7-49fd-b2c1-59daa261f689" }, "geometry": { "type": "Polygon", "coordinates": [ [ [ 381.064177183042773, 103.858072632552194 ], [ 391.860312563920672, 105.657428528202203 ], [ 391.140570207704513, 110.935539159289902 ], [ 380.584348945645502, 109.376097381136105 ], [ 381.064177183042773, 103.858072632552194 ] ] ] } },
{ "type": "Feature", "properties": { "feature_type": "building", "subtype": "no-damage", "uid": "48812435-64ba-4077-88bb-3a75910dc019" }, "geometry": { "type": "Polygon", "coordinates": [ [ [ 382.291813653130703, 79.099963195291906 ], [ 382.598011621532123, 74.660092669465186 ], [ 387.037882147360278, 75.884884536336898 ], [ 387.344080118407021, 73.894597750025099 ], [ 396.070722186343801, 75.425587586019532 ], [ 395.458326252186282, 85.530120509354248 ], [ 386.884783164722819, 85.377021526235751 ], [ 382.291813653130703, 79.099963195291906 ] ] ] } },
{ "type": "Feature", "properties": { "feature_type": "building", "subtype": "no-damage", "uid": "de0dfc92-22d4-4d98-a279-719004e171c5" }, "geometry": { "type": "Polygon", "coordinates": [ [ [ 395.446130792440499, 94.720161896121454 ], [ 396.070722186343801, 75.425587586019532 ], [ 406.775455584454505, 76.654481822729963 ], [ 408.459544402245399, 82.77844117055534 ], [ 415.195899683509026, 88.290004583021016 ], [ 418.564077325824087, 88.290004583021016 ], [ 415.502097655036607, 104.059199900978001 ], [ 405.244465749301185, 101.609616162424999 ], [ 405.244465744371382, 95.332557832443044 ], [ 395.446130792440499, 94.720161896121454 ] ] ] } },
{ "type": "Feature", "properties": { "feature_type": "building", "subtype": "no-damage", "uid": "fe53b3ff-a888-48a2-a26e-2c00ce111c3b" }, "geometry": { "type": "Polygon", "coordinates": [ [ [ 468.077539009438283, 82.739767441661797 ], [ 475.595440742254709, 82.588642681168892 ], [ 476.138076663775507, 93.376133577165049 ], [ 468.229380113029094, 93.094165091116082 ], [ 468.077539009438283, 82.739767441661797 ] ] ] } },
{ "type": "Feature", "properties": { "feature_type": "building", "subtype": "no-damage", "uid": "17215bb6-0c55-4b71-ab07-94cd4f1047a8" }, "geometry": { "type": "Polygon", "coordinates": [ [ [ 523.812227710116986, 0.003537435561425 ], [ 518.343566553024175, 7.847191366833872 ], [ 508.382793296963087, 0.003539336304368 ], [ 523.812227710116986, 0.003537435561425 ] ] ] } },
{ "type": "Feature", "properties": { "feature_type": "building", "subtype": "no-damage", "uid": "48a84587-f9fd-4555-9dbb-446a508e6e9f" }, "geometry": { "type": "Polygon", "coordinates": [ [ [ 579.55595638499392, 102.724699902508405 ], [ 582.093672756309388, 103.570605359693403 ], [ 582.563620234741165, 106.954227185547595 ], [ 597.131991984604724, 108.740027593343399 ], [ 593.74837016319816, 115.225302762850603 ], [ 586.511179029087543, 113.157533868043899 ], [ 585.665273574547541, 116.1651977144233 ], [ 575.984355570242656, 114.003439324267006 ], [ 579.55595638499392, 102.724699902508405 ] ] ] } },
{ "type": "Feature", "properties": { "feature_type": "building", "subtype": "no-damage", "uid": "478bd5a9-f99f-4527-9219-e7b0d107191f" }, "geometry": { "type": "Polygon", "coordinates": [ [ [ 538.500791062087274, 70.081388270936543 ], [ 539.878681917368453, 65.641517745109837 ], [ 563.455925403474453, 69.162794369339892 ], [ 563.302826420596375, 72.990268961730749 ], [ 558.709856908643587, 72.530972011413382 ], [ 560.240846748365925, 75.746050666520716 ], [ 557.171003565988258, 73.684143158907233 ], [ 538.500791062087274, 70.081388270936543 ] ] ] } },
{ "type": "Feature", "properties": { "feature_type": "building", "subtype": "no-damage", "uid": "874c7b8f-58c9-480b-ba3c-72821abfbd90" }, "geometry": { "type": "Polygon", "coordinates": [ [ [ 557.171003565988258, 73.684143158907233 ], [ 568.201993898906494, 74.674357782767487 ], [ 567.283399996828507, 103.916263664208799 ], [ 555.03548130478066, 101.160481958456899 ], [ 557.171003565988258, 73.684143158907233 ] ] ] } },
{ "type": "Feature", "properties": { "feature_type": "building", "subtype": "no-damage", "uid": "4a4d6c66-2645-4b9a-9ea8-e662cf35412d" }, "geometry": { "type": "Polygon", "coordinates": [ [ [ 570.345379668818509, 99.935690087737569 ], [ 574.632151215736599, 77.583238472599774 ], [ 581.980902431758977, 80.339020177389742 ], [ 577.847229872889102, 100.548086023097298 ], [ 570.345379668818509, 99.935690087737569 ] ] ] } },
{ "type": "Feature", "properties": { "feature_type": "building", "subtype": "no-damage", "uid": "ed7aaf96-4a31-4dfc-8742-0c13788110f5" }, "geometry": { "type": "Polygon", "coordinates": [ [ [ 566.824103048194388, 70.846883189414712 ], [ 576.163141049206502, 71.459279123812493 ], [ 574.632151215736599, 77.583238472599774 ], [ 568.201993896742238, 76.970842537240088 ], [ 566.824103048194388, 70.846883189414712 ] ] ] } },
{ "type": "Feature", "properties": { "feature_type": "building", "subtype": "no-damage", "uid": "4d370b6d-e4fc-4bae-b32f-eb6306ba541b" }, "geometry": { "type": "Polygon", "coordinates": [ [ [ 580.61524203656279, 101.606688030406502 ], [ 582.774469107856589, 93.809479144446868 ], [ 589.132193279222406, 96.208620339608814 ], [ 588.292493857284171, 101.126859791566503 ], [ 595.250003325035777, 103.046172746926601 ], [ 594.410303907306002, 107.4845839590824 ], [ 584.33391088601104, 105.325356883340405 ], [ 584.333910885049136, 102.926215688178502 ], [ 580.61524203656279, 101.606688030406502 ] ] ] } },
{ "type": "Feature", "properties": { "feature_type": "building", "subtype": "no-damage", "uid": "730446b3-7a11-4b96-9ae4-57de3f8b632a" }, "geometry": { "type": "Polygon", "coordinates": [ [ [ 590.655960690627012, 99.218610071068085 ], [ 593.528046616165625, 89.129487717413852 ], [ 603.469882510568141, 92.885292390426827 ], [ 600.229580440498466, 102.385268910907797 ], [ 590.655960690627012, 99.218610071068085 ] ] ] } },
{ "type": "Feature", "properties": { "feature_type": "building", "subtype": "no-damage", "uid": "b8ab21d7-5502-422c-842a-598dfb2bed7e" }, "geometry": { "type": "Polygon", "coordinates": [ [ [ 582.784991238067732, 89.13729764411697 ], [ 588.087303713423012, 68.885409709585673 ], [ 608.339191647119833, 69.916414913791286 ], [ 604.067884373926404, 91.420237738044364 ], [ 582.784991238067732, 89.13729764411697 ] ] ] } },
{ "type": "Feature", "properties": { "feature_type": "building", "subtype": "no-damage", "uid": "070127fc-0333-4eb8-87b2-9952e833cd5b" }, "geometry": { "type": "Polygon", "coordinates": [ [ [ 817.402007822697328, 677.299132162612295 ], [ 823.219769201402073, 655.865274447147385 ], [ 848.442151355139458, 660.150976633414871 ], [ 841.798639412092712, 696.885689734775383 ], [ 818.243697705819841, 690.529074700786396 ], [ 821.477308759250832, 677.736743543425746 ], [ 817.402007822697328, 677.299132162612295 ] ] ] } },
{ "type": "Feature", "properties": { "feature_type": "building", "subtype": "no-damage", "uid": "6911d7bd-ba14-4e7b-8bb0-c3ecb47269f5" }, "geometry": { "type": "Polygon", "coordinates": [ [ [ 847.829381136584516, 670.827199995020351 ], [ 848.442151355139458, 660.150976633414871 ], [ 853.467362945361401, 659.191365196416882 ], [ 851.787964105813558, 671.426985291646588 ], [ 847.829381136584516, 670.827199995020351 ] ] ] } },
{ "type": "Feature", "properties": { "feature_type": "building", "subtype": "no-damage", "uid": "e3be2ed7-f7f7-4b15-8b9e-3625c6f9a6a4" }, "geometry": { "type": "Polygon", "coordinates": [ [ [ 846.923397866987671, 692.817173841036947 ], [ 854.427019422079866, 664.349518764908794 ], [ 867.8622101150155, 668.068187619766491 ], [ 859.117955391188389, 696.617967845175599 ], [ 846.923397866987671, 692.817173841036947 ] ] ] } },
{ "type": "Feature", "properties": { "feature_type": "building", "subtype": "no-damage", "uid": "676f902d-77da-4a73-9674-8aa8cf9b6b9b" }, "geometry": { "type": "Polygon", "coordinates": [ [ [ 797.287252061944059, 540.599035128624791 ], [ 824.877375811245997, 542.518348084946751 ], [ 824.493312290121935, 548.777149944409985 ], [ 795.22378970572106, 549.736806422089899 ], [ 797.287252061944059, 540.599035128624791 ] ] ] } },
{ "type": "Feature", "properties": { "feature_type": "building", "subtype": "no-damage", "uid": "4f026891-9c2f-46b8-9fd1-cca380704426" }, "geometry": { "type": "Polygon", "coordinates": [ [ [ 815.136661628049183, 550.336591720639944 ], [ 821.734299914746884, 549.976720540548058 ], [ 821.61434285371422, 553.215561155603837 ], [ 815.37657575047524, 553.215561155603837 ], [ 815.136661628049183, 550.336591720639944 ] ] ] } },
{ "type": "Feature", "properties": { "feature_type": "building", "subtype": "no-damage", "uid": "343521b4-794c-451e-ae46-1b2eb0849e9c" }, "geometry": { "type": "Polygon", "coordinates": [ [ [ 823.413698751288734, 549.976720542471867 ], [ 831.570778816261054, 549.017064063829935 ], [ 832.41047823399083, 556.694315889117661 ], [ 830.011337040631702, 556.814272948827693 ], [ 830.251251160532775, 559.333371203699699 ], [ 826.172711126784066, 559.933156503211535 ], [ 826.052754066232296, 557.294101187667707 ], [ 821.014557556727141, 557.653972367759593 ], [ 823.413698751288734, 549.976720542471867 ] ] ] } },
{ "type": "Feature", "properties": { "feature_type": "building", "subtype": "no-damage", "uid": "db50b9d3-7fc8-4ee6-af7c-5e35decd8b29" }, "geometry": { "type": "Polygon", "coordinates": [ [ [ 834.365564360345957, 545.74134445119455 ], [ 844.202043257771948, 545.981258571576518 ], [ 843.482300900834275, 558.456792788150096 ], [ 834.365564356498226, 558.576749847860128 ], [ 834.365564360345957, 545.74134445119455 ] ] ] } },
{ "type": "Feature", "properties": { "feature_type": "building", "subtype": "no-damage", "uid": "17c24100-aa22-4fc3-975b-dfd01e74c80e" }, "geometry": { "type": "Polygon", "coordinates": [ [ [ 798.546297187212986, 512.909687889734982 ], [ 820.821807547214121, 513.755593346920023 ], [ 820.3518600695038, 524.000448320794362 ], [ 797.512412739448564, 523.248532360882791 ], [ 798.546297187212986, 512.909687889734982 ] ] ] } },
{ "type": "Feature", "properties": { "feature_type": "building", "subtype": "no-damage", "uid": "d9ac5988-4fe7-4601-ac1f-41f381f3ef59" }, "geometry": { "type": "Polygon", "coordinates": [ [ [ 884.45069046485014, 695.066191546880418 ], [ 901.274810099619344, 696.006086499415005 ], [ 901.462789092362755, 704.559130561805091 ], [ 899.395020194910103, 704.747109552504412 ], [ 899.301030700402066, 702.209393180949405 ], [ 893.567671494531737, 702.021414191211989 ], [ 893.19171351565808, 704.653120057154752 ], [ 891.486952416374038, 703.844108161895861 ], [ 884.54467995707364, 701.645456210775251 ], [ 884.45069046485014, 695.066191546880418 ] ] ] } },
{ "type": "Feature", "properties": { "feature_type": "building", "subtype": "no-damage", "uid": "47887b53-bc3f-472d-bce4-357c263ee0a9" }, "geometry": { "type": "Polygon", "coordinates": [ [ [ 946.683813937263267, 705.387027646406864 ], [ 953.76128046436429, 705.98681294495691 ], [ 952.801623983798208, 720.141745999394288 ], [ 945.124372161874362, 719.062132461042324 ], [ 946.683813937263267, 705.387027646406864 ] ] ] } },
{ "type": "Feature", "properties": { "feature_type": "building", "subtype": "no-damage", "uid": "8bf21d75-9913-415e-8420-672a77e4bc1c" }, "geometry": { "type": "Polygon", "coordinates": [ [ [ 828.515416676898553, 638.154652425425752 ], [ 842.779427614911356, 640.304023936424869 ], [ 841.802440564314793, 643.625779908668505 ], [ 846.101183586675234, 644.79816436895112 ], [ 843.951812074833697, 656.326611565096982 ], [ 839.848466462400097, 658.671380486624116 ], [ 823.219769201402073, 655.865274447147385 ], [ 824.216673655740465, 651.832471132570731 ], [ 826.366045165538026, 651.050881492382246 ], [ 827.343032215894141, 641.671805807235501 ], [ 828.515416676898553, 638.154652425425752 ] ] ] } },
{ "type": "Feature", "properties": { "feature_type": "building", "subtype": "no-damage", "uid": "9b7dd059-82bc-4983-8d29-fc183932e910" }, "geometry": { "type": "Polygon", "coordinates": [ [ [ 885.034664966850528, 599.683386691700207 ], [ 901.828653337919945, 602.202484946572099 ], [ 900.988953918747256, 607.360638516987933 ], [ 897.150328001532898, 607.480595576697965 ], [ 895.231015046051994, 611.439178549051803 ], [ 882.755480828872805, 610.479522071371775 ], [ 885.034664966850528, 599.683386691700207 ] ] ] } },
{ "type": "Feature", "properties": { "feature_type": "building", "subtype": "no-damage", "uid": "913963aa-675a-486c-9d2e-87f11f2c0d77" }, "geometry": { "type": "Polygon", "coordinates": [ [ [ 874.013135250912569, 568.760683984617572 ], [ 874.671061717398516, 563.77924074070495 ], [ 879.276546982078457, 563.87323023605461 ], [ 878.900589000078526, 574.494043190365574 ], [ 865.084133208202957, 573.5541482407167 ], [ 865.648070180902209, 566.410946605685808 ], [ 870.723502919444968, 566.598925595423111 ], [ 870.723502918362783, 568.384726004180948 ], [ 874.013135250912569, 568.760683984617572 ] ] ] } },
{ "type": "Feature", "properties": { "feature_type": "building", "subtype": "no-damage", "uid": "8bc9f8cd-fb5a-4ee0-80bb-198a98284510" }, "geometry": { "type": "Polygon", "coordinates": [ [ [ 965.611856800521196, 606.504974601285198 ], [ 965.851770920903164, 593.669569204619734 ], [ 973.169151565380162, 594.149397446345461 ], [ 972.329452151257556, 606.984802840125212 ], [ 965.611856800521196, 606.504974601285198 ] ] ] } },
{ "type": "Feature", "properties": { "feature_type": "building", "subtype": "no-damage", "uid": "af41b058-3b50-4c82-aa65-08402ab32c01" }, "geometry": { "type": "Polygon", "coordinates": [ [ [ 958.174519094049629, 607.584588138675258 ], [ 958.054562035662229, 596.54853864054553 ], [ 964.172372084842323, 596.788452761889403 ], [ 964.292329144552355, 607.704545199347194 ], [ 958.174519094049629, 607.584588138675258 ] ] ] } },
{ "type": "Feature", "properties": { "feature_type": "building", "subtype": "no-damage", "uid": "6e4cd5d3-8357-4a77-8d5c-78502950054b" }, "geometry": { "type": "Polygon", "coordinates": [ [ [ 946.538684298207386, 608.424287557607158 ], [ 949.897481971050524, 594.509268624513538 ], [ 956.974948497430091, 597.988023357065572 ], [ 956.854991436397427, 608.30433049789724 ], [ 949.29769667141818, 608.78415873673714 ], [ 946.538684298207386, 608.424287557607158 ] ] ] } },
{ "type": "Feature", "properties": { "feature_type": "building", "subtype": "no-damage", "uid": "3abc66e9-9004-42e4-b425-0266eba6b7b9" }, "geometry": { "type": "Polygon", "coordinates": [ [ [ 902.891304677510675, 705.201770378200536 ], [ 902.891304676308209, 696.17877884098607 ], [ 916.143823499692871, 695.802820859587428 ], [ 915.203928548240015, 706.141665329773332 ], [ 902.891304677510675, 705.201770378200536 ] ] ] } },
{ "type": "Feature", "properties": { "feature_type": "building", "subtype": "no-damage", "uid": "64c8ec29-9a2c-4b37-ac76-44a05c01c725" }, "geometry": { "type": "Polygon", "coordinates": [ [ [ 899.395020194910103, 704.747109552504412 ], [ 909.564558833751562, 707.363528767394996 ], [ 906.462905496229723, 713.190877468492658 ], [ 899.789651335299482, 711.875024537445142 ], [ 900.541567297014808, 710.18321362403708 ], [ 898.943745878595109, 708.961350186415302 ], [ 899.395020194910103, 704.747109552504412 ] ] ] } },
{ "type": "Feature", "properties": { "feature_type": "building", "subtype": "no-damage", "uid": "853e60a8-7317-4c04-a6ef-4cb8c888f925" }, "geometry": { "type": "Polygon", "coordinates": [ [ [ 891.280103311214475, 246.562843116030194 ], [ 897.397913360154121, 248.602113132062186 ], [ 894.638900982133805, 260.717776169505726 ], [ 887.561434454070877, 259.398248511733811 ], [ 891.280103311214475, 246.562843116030194 ] ] ] } },
{ "type": "Feature", "properties": { "feature_type": "building", "subtype": "no-damage", "uid": "9eca374b-5caf-4268-9285-30a62cd152ac" }, "geometry": { "type": "Polygon", "coordinates": [ [ [ 851.764455568718517, 272.962991201645195 ], [ 863.513142468552246, 277.662465960470911 ], [ 857.027867300124967, 295.426480550774727 ], [ 857.215846290824288, 300.313934300299593 ], [ 840.767684632163309, 292.042858724920393 ], [ 845.467159392433473, 290.06907932642531 ], [ 851.764455568718517, 272.962991201645195 ] ] ] } },
{ "type": "Feature", "properties": { "feature_type": "building", "subtype": "no-damage", "uid": "b5987380-62bb-40b8-8e94-9e1d530b769c" }, "geometry": { "type": "Polygon", "coordinates": [ [ [ 859.001646697899332, 268.545484927906728 ], [ 865.5809113605942, 270.331285337626298 ], [ 864.265058428343764, 274.560812619703711 ], [ 858.719678215577687, 272.869001707257496 ], [ 859.001646697899332, 268.545484927906728 ] ] ] } },
{ "type": "Feature", "properties": { "feature_type": "building", "subtype": "no-damage", "uid": "cfb61be7-e90d-4f2b-9479-1b4b9bb6f7df" }, "geometry": { "type": "Polygon", "coordinates": [ [ [ 834.314444181053773, 301.737417537324177 ], [ 858.425813192151281, 313.733123512172028 ], [ 837.073456556789552, 355.598137374048576 ], [ 828.916376489532695, 353.438910300230418 ], [ 825.077750575685059, 352.239339700244727 ], [ 824.957793520303653, 353.918738538108528 ], [ 822.558652321774161, 353.558867358016585 ], [ 813.561872838230329, 351.159726162854724 ], [ 831.075603563832601, 307.255442286869993 ], [ 834.314444181053773, 301.737417537324177 ] ] ] } },
{ "type": "Feature", "properties": { "feature_type": "building", "subtype": "no-damage", "uid": "32cd0726-8fe0-4924-90ef-bc36adbf4703" }, "geometry": { "type": "Polygon", "coordinates": [ [ [ 769.677656625545296, 294.664075551591225 ], [ 771.71692664674822, 284.107854290377588 ], [ 783.472718502059934, 290.585535517603489 ], [ 784.072503800249478, 298.982529701151179 ], [ 769.677656625545296, 294.664075551591225 ] ] ] } },
{ "type": "Feature", "properties": { "feature_type": "building", "subtype": "no-damage", "uid": "ed68198e-0465-49df-9d02-96f042c22bc5" }, "geometry": { "type": "Polygon", "coordinates": [ [ [ 763.925139811952931, 318.640463670270776 ], [ 784.397957430684983, 324.310992292439778 ], [ 782.11501733880084, 332.117174551204698 ], [ 760.463908056487298, 327.035791758361427 ], [ 763.925139811952931, 318.640463670270776 ] ] ] } },
{ "type": "Feature", "properties": { "feature_type": "building", "subtype": "no-damage", "uid": "e6d93e93-d1b9-4388-a57c-529acc87e271" }, "geometry": { "type": "Polygon", "coordinates": [ [ [ 770.69551494836378, 299.281603046050293 ], [ 782.726170334487051, 302.195277396118172 ], [ 785.357876197665178, 310.466352971497315 ], [ 767.969819590437169, 307.270710135380511 ], [ 770.69551494836378, 299.281603046050293 ] ] ] } },
{ "type": "Feature", "properties": { "feature_type": "building", "subtype": "no-damage", "uid": "d230f72e-16d7-4d05-a3ca-8153e8ad5c84" }, "geometry": { "type": "Polygon", "coordinates": [ [ [ 765.150134732471429, 318.173491577664322 ], [ 768.533756562294798, 308.868531554400818 ], [ 786.391760648074865, 313.474016817876816 ], [ 785.733834180987742, 323.436903307625926 ], [ 765.150134732471429, 318.173491577664322 ] ] ] } },
{ "type": "Feature", "properties": { "feature_type": "building", "subtype": "no-damage", "uid": "0021158b-c7a0-42d6-bcba-004486a01a48" }, "geometry": { "type": "Polygon", "coordinates": [ [ [ 831.255246655655583, 521.574980014966968 ], [ 832.214903130931134, 501.542151032815582 ], [ 837.612970823895125, 505.980562245933413 ], [ 841.571553794807528, 504.780991646909513 ], [ 841.331639677912449, 516.296869384841216 ], [ 844.690437346547242, 518.696010581926998 ], [ 841.691510851992575, 520.735280596996972 ], [ 841.571553793484895, 524.933777688770874 ], [ 839.772197896752118, 526.013391228084743 ], [ 840.25202613655415, 529.732060080056726 ], [ 833.294516670004896, 529.012317721796649 ], [ 833.654387848173087, 522.654593554280837 ], [ 831.255246655655583, 521.574980014966968 ] ] ] } },
{ "type": "Feature", "properties": { "feature_type": "building", "subtype": "no-damage", "uid": "16ec5ddd-12d2-44a4-9b4c-8da370858c95" }, "geometry": { "type": "Polygon", "coordinates": [ [ [ 975.114812478737576, 595.495984902129749 ], [ 975.834554835915696, 582.420665389891838 ], [ 991.428972610485857, 586.61916248166574 ], [ 991.069101428109207, 589.3781748569196 ], [ 995.987340879347244, 590.097917214217773 ], [ 993.948070862352665, 605.332463806045212 ], [ 987.830260815697557, 604.012936149235202 ], [ 988.550003176482846, 597.05542668220744 ], [ 975.114812478737576, 595.495984902129749 ] ] ] } },
{ "type": "Feature", "properties": { "feature_type": "building", "subtype": "no-damage", "uid": "4324ab3a-727a-4fd8-9fb7-7fc9c137f571" }, "geometry": { "type": "Polygon", "coordinates": [ [ [ 889.499497841294215, 588.835747998245097 ], [ 903.63899777902202, 589.572180286825983 ], [ 903.418068094708133, 601.723313046005728 ], [ 889.720427527171069, 597.893865146731855 ], [ 889.499497841294215, 588.835747998245097 ] ] ] } },
{ "type": "Feature", "properties": { "feature_type": "building", "subtype": "no-damage", "uid": "fec12922-5e38-4111-95d6-9426a8ed0b8b" }, "geometry": { "type": "Polygon", "coordinates": [ [ [ 529.566314388524006, 490.092098225786117 ], [ 529.957109209700548, 475.241895057396619 ], [ 541.290158997606795, 479.540638080356814 ], [ 537.77300561519462, 490.873687866936507 ], [ 529.566314388524006, 490.092098225786117 ] ] ] } },
{ "type": "Feature", "properties": { "feature_type": "building", "subtype": "no-damage", "uid": "81d2b3e6-03b3-40c0-abbe-165173e5cc98" }, "geometry": { "type": "Polygon", "coordinates": [ [ [ 581.944454813128914, 486.114239066067682 ], [ 602.459718626523568, 493.15679231452782 ], [ 599.313988433886266, 504.284946562663322 ], [ 578.703767403499342, 497.952123423400224 ], [ 581.944454813128914, 486.114239066067682 ] ] ] } },
{ "type": "Feature", "properties": { "feature_type": "building", "subtype": "no-damage", "uid": "c5e6975e-90d5-46b8-9548-88fce4224aed" }, "geometry": { "type": "Polygon", "coordinates": [ [ [ 587.695788274160464, 467.609366534251876 ], [ 609.12596786614813, 474.384543589773102 ], [ 606.622098083818059, 480.349645126604912 ], [ 602.459718626523568, 493.15679231452782 ], [ 581.944454813128914, 486.114239066067682 ], [ 587.695788274160464, 467.609366534251876 ] ] ] } },
{ "type": "Feature", "properties": { "feature_type": "building", "subtype": "no-damage", "uid": "1074c48c-d88a-4460-a24b-99efd547c0df" }, "geometry": { "type": "Polygon", "coordinates": [ [ [ 886.395110650936999, 186.09596444175159 ], [ 898.750687806963242, 188.974933872867808 ], [ 893.712491296496069, 206.968492838987203 ], [ 883.036312975208034, 203.009909867595212 ], [ 886.395110650936999, 186.09596444175159 ] ] ] } },
{ "type": "Feature", "properties": { "feature_type": "building", "subtype": "no-damage", "uid": "cd28bb4d-2cf0-458b-bcad-11f59da00f12" }, "geometry": { "type": "Polygon", "coordinates": [ [ [ 901.749614301638189, 181.89746734709189 ], [ 926.700682732629843, 186.095964440789686 ], [ 926.220854494030164, 198.571498657363207 ], [ 923.341885061830794, 198.571498657363207 ], [ 924.181584477516481, 194.972786864139408 ], [ 900.190172524445643, 190.654332709769704 ], [ 901.749614301638189, 181.89746734709189 ] ] ] } },
{ "type": "Feature", "properties": { "feature_type": "building", "subtype": "no-damage", "uid": "24e6c879-1856-4f4d-ad22-2278f9cf0c73" }, "geometry": { "type": "Polygon", "coordinates": [ [ [ 984.820664441834992, 160.506518489943289 ], [ 998.140276021363889, 159.894122555545493 ], [ 1001.202255698524027, 161.578211376582203 ], [ 998.752671958527344, 170.304853444155299 ], [ 983.289674605479263, 166.018081902408994 ], [ 984.820664441834992, 160.506518489943289 ] ] ] } },
{ "type": "Feature", "properties": { "feature_type": "building", "subtype": "no-damage", "uid": "f0bd0845-d89b-4777-b128-94344b5d06d7" }, "geometry": { "type": "Polygon", "coordinates": [ [ [ 982.064882737885682, 170.304853445117203 ], [ 994.925197364932842, 172.601338200551709 ], [ 991.250821755057927, 181.787277221327798 ], [ 978.828915988564063, 179.332189938336199 ], [ 982.064882737885682, 170.304853445117203 ] ] ] } },
{ "type": "Feature", "properties": { "feature_type": "building", "subtype": "no-damage", "uid": "9bf8d5c9-b0c6-433d-996d-c485738d43f6" }, "geometry": { "type": "Polygon", "coordinates": [ [ [ 882.727359376588993, 662.306138348014429 ], [ 890.716466467845862, 663.058054310811713 ], [ 889.588592523769762, 670.671203421629002 ], [ 881.411506446743374, 669.543329478395094 ], [ 882.727359376588993, 662.306138348014429 ] ] ] } },
{ "type": "Feature", "properties": { "feature_type": "building", "subtype": "no-damage", "uid": "83e3a3d4-69ba-443e-b7ef-29f4c3b36f7c" }, "geometry": { "type": "Polygon", "coordinates": [ [ [ 852.706473686351046, 646.602591756509696 ], [ 861.249088232016561, 646.897164674058217 ], [ 860.807228860743521, 653.4514120402157 ], [ 852.1909710850897, 652.71497975067291 ], [ 852.706473686351046, 646.602591756509696 ] ] ] } },
{ "type": "Feature", "properties": { "feature_type": "building", "subtype": "no-damage", "uid": "bfcff728-ff0b-4cdd-903c-c8dc9ed6514f" }, "geometry": { "type": "Polygon", "coordinates": [ [ [ 864.572394883692482, 652.050990061371749 ], [ 865.456113630566961, 645.938602066246631 ], [ 874.440587551954195, 646.527747895572247 ], [ 874.735160468901768, 650.062622881145217 ], [ 872.599506830741916, 650.430839025916612 ], [ 871.49485840099635, 653.155638492800222 ], [ 864.572394883692482, 652.050990061371749 ] ] ] } },
{ "type": "Feature", "properties": { "feature_type": "building", "subtype": "no-damage", "uid": "12449b9b-1225-42b7-b127-eb5f3cf3f6c2" }, "geometry": { "type": "Polygon", "coordinates": [ [ [ 862.436741248658791, 644.686667175563002 ], [ 864.35146519829641, 638.72156563969304 ], [ 867.518124038377778, 639.310711469980674 ], [ 865.456113630566961, 645.938602066246631 ], [ 862.436741248658791, 644.686667175563002 ] ] ] } },
{ "type": "Feature", "properties": { "feature_type": "building", "subtype": "no-damage", "uid": "0a9e4f5d-4ba7-457c-b0b7-6d89fcf07e36" }, "geometry": { "type": "Polygon", "coordinates": [ [ [ 869.432847989818924, 638.868852097024501 ], [ 877.165387021003085, 641.520008335723332 ], [ 874.440587551954195, 646.527747895572247 ], [ 867.149907895530077, 644.097521345275368 ], [ 869.432847989818924, 638.868852097024501 ] ] ] } },
{ "type": "Feature", "properties": { "feature_type": "building", "subtype": "no-damage", "uid": "70a43b53-90e5-43b2-bd1f-78a61a03ce1a" }, "geometry": { "type": "Polygon", "coordinates": [ [ [ 862.719891358227528, 622.928810544661019 ], [ 866.761439649005752, 617.289440833300773 ], [ 869.299156020681949, 618.79327275504761 ], [ 871.742882894723834, 615.315661433843729 ], [ 874.09262027654222, 616.819493357514375 ], [ 867.701334604186059, 625.936474391040406 ], [ 862.719891358227528, 622.928810544661019 ] ] ] } },
{ "type": "Feature", "properties": { "feature_type": "building", "subtype": "no-damage", "uid": "2f335236-9ccd-447d-9a39-eda4e2ca91f6" }, "geometry": { "type": "Polygon", "coordinates": [ [ [ 866.146120610275716, 614.951397588714713 ], [ 860.606786519049251, 615.182203176730809 ], [ 860.318279534630278, 602.141687501916522 ], [ 867.877162514144629, 602.083986104912469 ], [ 867.819461117140577, 598.564200902095649 ], [ 870.993037941301168, 598.679603696103641 ], [ 871.050739340950486, 601.795479122778147 ], [ 878.725025110985939, 601.622374931765989 ], [ 878.725025109543139, 603.238014042107238 ], [ 882.994928471970979, 603.122611247137343 ], [ 883.225734058424109, 614.605189209576224 ], [ 866.146120610275716, 614.951397588714713 ] ] ] } },
{ "type": "Feature", "properties": { "feature_type": "building", "subtype": "no-damage", "uid": "c2b7fbc8-1ee8-4de8-adcd-28235a1037f4" }, "geometry": { "type": "Polygon", "coordinates": [ [ [ 848.253384982036664, 573.814409128459033 ], [ 865.084133208202957, 573.5541482407167 ], [ 865.359473108866837, 576.916062468264272 ], [ 869.119052912754341, 577.761967926411216 ], [ 869.213042407863554, 580.675642277441057 ], [ 874.476454137225801, 580.95761076252802 ], [ 873.912517167171814, 587.724854416160383 ], [ 847.50146902308677, 586.878948958975343 ], [ 848.253384982036664, 573.814409128459033 ] ] ] } },
{ "type": "Feature", "properties": { "feature_type": "building", "subtype": "no-damage", "uid": "d3146dff-f871-4516-bff2-3d94d6ea3bcd" }, "geometry": { "type": "Polygon", "coordinates": [ [ [ 852.118021497379004, 562.420854341339009 ], [ 865.55851931338691, 562.702822826426086 ], [ 865.084133208202957, 573.5541482407167 ], [ 854.373769385290643, 573.60560426870984 ], [ 854.749727362721501, 567.120329100164554 ], [ 851.742063520549436, 567.026339604814893 ], [ 852.118021497379004, 562.420854341339009 ] ] ] } },
{ "type": "Feature", "properties": { "feature_type": "building", "subtype": "no-damage", "uid": "d1b876f4-b407-4450-a128-13889739f30d" }, "geometry": { "type": "Polygon", "coordinates": [ [ [ 843.215124208710677, 543.026792389712568 ], [ 847.928290857986667, 543.174078848967838 ], [ 848.07557731195152, 545.751591857558083 ], [ 852.199598128053935, 545.6779486284114 ], [ 851.757738756059553, 553.115914743366829 ], [ 845.792637216941102, 553.042271514220147 ], [ 845.424421076858948, 558.197297534286349 ], [ 843.482300900834275, 558.456792788150096 ], [ 843.215124208710677, 543.026792389712568 ] ] ] } },
{ "type": "Feature", "properties": { "feature_type": "building", "subtype": "no-damage", "uid": "c6739d34-20d1-4f7e-ab52-c272a6f3c97d" }, "geometry": { "type": "Polygon", "coordinates": [ [ [ 889.68992410791077, 693.088415224569871 ], [ 890.455419025908327, 680.534298562682238 ], [ 896.120081419690905, 681.452892466202684 ], [ 896.273180401967693, 678.544011776370439 ], [ 903.928129586511659, 679.462605677967076 ], [ 902.85643670119498, 693.853910144010001 ], [ 889.68992410791077, 693.088415224569871 ] ] ] } },
{ "type": "Feature", "properties": { "feature_type": "building", "subtype": "no-damage", "uid": "62425340-a51a-48af-b4c6-8a9107f4793b" }, "geometry": { "type": "Polygon", "coordinates": [ [ [ 903.724583779242266, 681.092354757315547 ], [ 913.224560302852865, 680.871425070837518 ], [ 913.371846758260517, 694.863638551950316 ], [ 903.209081180626299, 694.937281781096999 ], [ 903.724583779242266, 681.092354757315547 ] ] ] } },
{ "type": "Feature", "properties": { "feature_type": "building", "subtype": "no-damage", "uid": "100df490-e871-43e4-ac3e-5ecb59674b7f" }, "geometry": { "type": "Polygon", "coordinates": [ [ [ 926.849410984885594, 692.722407250598167 ], [ 932.593582833197274, 692.133261420310532 ], [ 932.961798976766431, 705.683615529429176 ], [ 927.438556816736536, 706.125474903347254 ], [ 926.849410984885594, 692.722407250598167 ] ] ] } },
{ "type": "Feature", "properties": { "feature_type": "building", "subtype": "no-damage", "uid": "dd3aca37-8f81-42b4-bfff-d9a976015081" }, "geometry": { "type": "Polygon", "coordinates": [ [ [ 918.675012579783242, 688.451099979330024 ], [ 925.523832864453652, 689.482105182573719 ], [ 924.787400574910521, 700.823162425949704 ], [ 917.864937063378079, 699.129368162309902 ], [ 918.675012579783242, 688.451099979330024 ] ] ] } },
{ "type": "Feature", "properties": { "feature_type": "building", "subtype": "no-damage", "uid": "43236734-91fe-4c1c-a9aa-06114744c54a" }, "geometry": { "type": "Polygon", "coordinates": [ [ [ 932.431293199197057, 663.585420747244711 ], [ 942.867557403109004, 674.261599065282553 ], [ 934.83043439580274, 689.37618859739996 ], [ 915.397390710871832, 677.260525560918268 ], [ 927.769453159059026, 661.427231356910397 ], [ 932.431293199197057, 663.585420747244711 ] ] ] } },
{ "type": "Feature", "properties": { "feature_type": "building", "subtype": "no-damage", "uid": "0cb30a02-b239-407e-b139-efe41b837de9" }, "geometry": { "type": "Polygon", "coordinates": [ [ [ 880.616676773252152, 576.459727626707377 ], [ 890.09319702370567, 577.207873963186898 ], [ 889.499497841294215, 588.835747998245097 ], [ 879.120384101976015, 588.679451110354535 ], [ 880.616676773252152, 576.459727626707377 ] ] ] } },
{ "type": "Feature", "properties": { "feature_type": "building", "subtype": "no-damage", "uid": "5ae39234-6eac-4537-8017-4d2c1407128c" }, "geometry": { "type": "Polygon", "coordinates": [ [ [ 888.696059811108967, 548.877738980859476 ], [ 903.330821104752317, 542.999843052183678 ], [ 903.570735222248572, 545.398984248307556 ], [ 905.969876419575598, 544.679241890047479 ], [ 905.729962302199624, 546.958426023575612 ], [ 903.930606402220405, 547.79812544346953 ], [ 904.890262881463855, 555.115506089627274 ], [ 891.814943368379659, 557.994475523629262 ], [ 888.696059811108967, 548.877738980859476 ] ] ] } },
{ "type": "Feature", "properties": { "feature_type": "building", "subtype": "no-damage", "uid": "99b9fc3e-1c0a-42e9-bc2d-5a04d7738279" }, "geometry": { "type": "Polygon", "coordinates": [ [ [ 912.168321861938011, 578.598758107248273 ], [ 921.101134512007775, 577.730823642473524 ], [ 921.461005689695071, 586.847560184281406 ], [ 912.094678629785335, 586.846799739931271 ], [ 912.168321861938011, 578.598758107248273 ] ] ] } },
{ "type": "Feature", "properties": { "feature_type": "building", "subtype": "no-damage", "uid": "0ace1fb4-ed63-4dc8-b1db-4afb0a73f30d" }, "geometry": { "type": "Polygon", "coordinates": [ [ [ 889.936013680912993, 580.056104716019831 ], [ 893.249958979047165, 580.35067763068264 ], [ 892.513526689143418, 588.893292178028446 ], [ 889.499497841294215, 588.835747998245097 ], [ 889.936013680912993, 580.056104716019831 ] ] ] } },
{ "type": "Feature", "properties": { "feature_type": "building", "subtype": "no-damage", "uid": "804abf2e-5d82-471a-893c-a426de9233e6" }, "geometry": { "type": "Polygon", "coordinates": [ [ [ 897.050443122648971, 558.75769324817486 ], [ 906.340368007835878, 559.392408612333384 ], [ 905.878756832164299, 567.98991673419016 ], [ 896.588831953710724, 567.412902766073671 ], [ 897.050443122648971, 558.75769324817486 ] ] ] } },
{ "type": "Feature", "properties": { "feature_type": "building", "subtype": "no-damage", "uid": "878b3601-c6c0-4f1d-bd1b-d7ffdb20d901" }, "geometry": { "type": "Polygon", "coordinates": [ [ [ 913.912659699204369, 548.852074207928126 ], [ 923.316349908794678, 548.888362308197543 ], [ 924.350234358843636, 545.692719471118835 ], [ 929.989604067921277, 545.692719471118835 ], [ 930.365562051845131, 541.181223702030593 ], [ 933.843173369082365, 541.181223702030593 ], [ 934.12514185453017, 547.384530385488802 ], [ 936.756847720834571, 547.666498869613974 ], [ 936.756847719872667, 551.896026153615139 ], [ 933.937162865754658, 552.835921104225918 ], [ 933.279236397825912, 555.8435849496434 ], [ 923.36351076670951, 555.9005773118148 ], [ 918.750442481565187, 557.655962259971488 ], [ 913.914457501670768, 557.386647863293433 ], [ 913.912659699204369, 548.852074207928126 ] ] ] } },
{ "type": "Feature", "properties": { "feature_type": "building", "subtype": "no-damage", "uid": "a92e405c-ad6c-4369-9ae8-252fdb44c17d" }, "geometry": { "type": "Polygon", "coordinates": [ [ [ 806.627535061487606, 182.1662429860705 ], [ 810.346203913821682, 164.892426378211098 ], [ 820.422596938483252, 165.972039916563091 ], [ 820.302639878051764, 168.371181111725008 ], [ 827.85993464146793, 170.050579947665 ], [ 826.180535803603448, 180.84671532733671 ], [ 829.779247598632196, 186.844568315722512 ], [ 806.627535061487606, 182.1662429860705 ] ] ] } },
{ "type": "Feature", "properties": { "feature_type": "building", "subtype": "no-damage", "uid": "364f1812-a835-4222-ac04-dbc253852281" }, "geometry": { "type": "Polygon", "coordinates": [ [ [ 805.875942270561154, 199.1138564188374 ], [ 806.452956238076581, 191.728077630217598 ], [ 819.2626663264424, 193.805327914667203 ], [ 819.204964929318066, 199.517766194979913 ], [ 805.875942270561154, 199.1138564188374 ] ] ] } },
{ "type": "Feature", "properties": { "feature_type": "building", "subtype": "no-damage", "uid": "75df0cb8-fb31-468c-ae4d-ea8dc500a51e" }, "geometry": { "type": "Polygon", "coordinates": [ [ [ 801.153605999175852, 205.952743695030506 ], [ 802.249932534677669, 199.894097034617488 ], [ 812.69388535669907, 201.798243128055105 ], [ 813.040093738001929, 204.856417155801694 ], [ 817.887011066622563, 206.875966045171111 ], [ 817.425399892033056, 208.029993979480196 ], [ 801.153605999175852, 205.952743695030506 ] ] ] } },
{ "type": "Feature", "properties": { "feature_type": "building", "subtype": "no-damage", "uid": "9513908a-c206-4d45-880c-6e570585f9d4" }, "geometry": { "type": "Polygon", "coordinates": [ [ [ 791.465684111591372, 193.284354383758796 ], [ 796.601108427396525, 193.9767711449214 ], [ 796.25490004392941, 198.477480095844811 ], [ 797.69743496542344, 198.82368847594509 ], [ 797.466629376325045, 201.131744345525107 ], [ 789.734642210728339, 199.977716412178012 ], [ 791.465684111591372, 193.284354383758796 ] ] ] } },
{ "type": "Feature", "properties": { "feature_type": "building", "subtype": "no-damage", "uid": "3f178681-1c42-46a0-bad0-57b6c937899b" }, "geometry": { "type": "Polygon", "coordinates": [ [ [ 803.362599319950505, 168.668155327483987 ], [ 807.592126603111524, 171.581829675628001 ], [ 805.806326197238945, 180.510831720378604 ], [ 801.106851438531862, 179.006999796707902 ], [ 800.636903962144174, 182.860569099310396 ], [ 793.39971283091927, 181.356737176601712 ], [ 794.903544754710765, 176.845241407513413 ], [ 790.861996462369461, 175.247419989455011 ], [ 791.613912423122883, 171.393850686852488 ], [ 803.362599319950505, 168.668155327483987 ] ] ] } },
{ "type": "Feature", "properties": { "feature_type": "building", "subtype": "no-damage", "uid": "a14e7dea-af27-46ca-847f-87cb9caa707f" }, "geometry": { "type": "Polygon", "coordinates": [ [ [ 820.637870662774162, 186.635670411912912 ], [ 830.130809676499894, 190.113281736002506 ], [ 829.002935731341722, 193.872861540369598 ], [ 830.600757149400692, 194.624777504128787 ], [ 828.157030275118245, 203.741758535731009 ], [ 821.013828639363396, 201.580000145574701 ], [ 821.389786620401424, 195.376693464040301 ], [ 819.2626663264424, 193.805327914667203 ], [ 822.705639552291132, 191.147166181001097 ], [ 819.88595470202074, 190.395250219165689 ], [ 820.637870662774162, 186.635670411912912 ] ] ] } },
{ "type": "Feature", "properties": { "feature_type": "building", "subtype": "no-damage", "uid": "e73a616b-b39e-40a3-a65f-335d85c1636e" }, "geometry": { "type": "Polygon", "coordinates": [ [ [ 814.629158480095271, 199.929176472072612 ], [ 820.399298157293742, 201.198607202313497 ], [ 819.36067301482808, 204.545288215080205 ], [ 813.93674172037538, 203.218156088797201 ], [ 814.629158480095271, 199.929176472072612 ] ] ] } },
{ "type": "Feature", "properties": { "feature_type": "building", "subtype": "no-damage", "uid": "9e459f19-8268-4b35-804d-ef6e18aed5d5" }, "geometry": { "type": "Polygon", "coordinates": [ [ [ 819.36067301482808, 204.545288215080205 ], [ 823.515173583849105, 204.083677041933697 ], [ 823.457472185281972, 209.56530973711611 ], [ 819.072166034256725, 209.219101355091908 ], [ 819.36067301482808, 204.545288215080205 ] ] ] } },
{ "type": "Feature", "properties": { "feature_type": "building", "subtype": "no-damage", "uid": "c0a15a2f-8372-4c02-a043-d48f8111389f" }, "geometry": { "type": "Polygon", "coordinates": [ [ [ 822.940284608587717, 211.124792692903412 ], [ 822.849863503085999, 209.54242329438091 ], [ 830.942552705743196, 209.723265510915098 ], [ 830.671289382144096, 217.183006959306709 ], [ 825.562496754588096, 216.776111970180693 ], [ 825.562496754227368, 218.991429127535213 ], [ 822.985495163202245, 218.765376355905488 ], [ 822.940284608587717, 211.124792692903412 ] ] ] } },
{ "type": "Feature", "properties": { "feature_type": "building", "subtype": "no-damage", "uid": "b2c7f005-5370-41bc-9005-06a5e32da9c1" }, "geometry": { "type": "Polygon", "coordinates": [ [ [ 830.95961755604651, 211.379446968036291 ], [ 833.758086084410365, 211.450294272609597 ], [ 833.580967820692308, 215.878250801229711 ], [ 836.202318087141748, 216.126216368679309 ], [ 836.308589043881625, 217.720280718213104 ], [ 838.008924351237852, 217.755704370980709 ], [ 838.079771656051662, 220.164512722626995 ], [ 836.060623476912838, 220.022818115404107 ], [ 835.848081565357006, 222.856710293528607 ], [ 833.864357040188224, 222.892133944372404 ], [ 833.828933386699191, 221.050104028351001 ], [ 832.553681908105773, 221.156374985691997 ], [ 832.411987299079215, 222.573321074273309 ], [ 830.215720863436786, 222.502473770661908 ], [ 830.95961755604651, 211.379446968036291 ] ] ] } },
{ "type": "Feature", "properties": { "feature_type": "building", "subtype": "no-damage", "uid": "ccf13451-aa14-4435-a404-2fecc28c1f6f" }, "geometry": { "type": "Polygon", "coordinates": [ [ [ 846.802841955175495, 231.68095636733139 ], [ 847.841467096919814, 226.718636243261614 ], [ 859.324045057318699, 229.084393511769406 ], [ 858.747031091125905, 233.989012239797205 ], [ 846.802841955175495, 231.68095636733139 ] ] ] } },
{ "type": "Feature", "properties": { "feature_type": "building", "subtype": "no-damage", "uid": "52ed1805-81cd-4388-af9b-b32ed4832c7c" }, "geometry": { "type": "Polygon", "coordinates": [ [ [ 871.888634423852977, 219.379725001636103 ], [ 878.590168248666714, 220.337086978618913 ], [ 876.307228154377867, 234.91844629001929 ], [ 870.857629219286196, 233.887441085813691 ], [ 871.888634423852977, 219.379725001636103 ] ] ] } },
{ "type": "Feature", "properties": { "feature_type": "building", "subtype": "no-damage", "uid": "74ae92a2-a6e6-4084-9836-ff8ffa86cdb3" }, "geometry": { "type": "Polygon", "coordinates": [ [ [ 880.172944617800908, 212.827536825930991 ], [ 884.846757761902381, 212.942939618015203 ], [ 884.846757758174931, 220.155614216584894 ], [ 880.230646017209779, 220.040211423538807 ], [ 880.172944617800908, 212.827536825930991 ] ] ] } },
{ "type": "Feature", "properties": { "feature_type": "building", "subtype": "no-damage", "uid": "4cff9523-fd99-457a-ad7b-b77563c09fed" }, "geometry": { "type": "Polygon", "coordinates": [ [ [ 871.42946162422561, 227.721998965932187 ], [ 864.851502388369227, 226.164061251633086 ], [ 865.83242613322966, 219.00908805006739 ], [ 871.888634423852977, 219.379725001636103 ], [ 871.42946162422561, 227.721998965932187 ] ] ] } },
{ "type": "Feature", "properties": { "feature_type": "building", "subtype": "no-damage", "uid": "f30ce8a4-493e-42d9-9ec3-7660e4da5f3a" }, "geometry": { "type": "Polygon", "coordinates": [ [ [ 789.061095934002083, 224.757000158528996 ], [ 792.090203065281003, 217.658943144167893 ], [ 800.996682250759477, 218.970049216927208 ], [ 797.42504846807401, 229.684950568707308 ], [ 789.061095934002083, 224.757000158528996 ] ] ] } },
{ "type": "Feature", "properties": { "feature_type": "building", "subtype": "no-damage", "uid": "9ad1643b-433e-4b8a-b5d8-6745a9682fd4" }, "geometry": { "type": "Polygon", "coordinates": [ [ [ 795.540577924349009, 210.675532813851305 ], [ 802.767002984100031, 212.694680990825105 ], [ 800.889549410621044, 218.433312652609288 ], [ 794.194479141663237, 216.449588126479313 ], [ 795.540577924349009, 210.675532813851305 ] ] ] } },
{ "type": "Feature", "properties": { "feature_type": "building", "subtype": "no-damage", "uid": "b0ed854c-f464-48ea-a87e-a8b97935a78a" }, "geometry": { "type": "Polygon", "coordinates": [ [ [ 73.636264688674473, 97.885911198719697 ], [ 74.294191153236554, 88.20499319598143 ], [ 79.369623893462588, 88.580951176418139 ], [ 77.771802476004794, 98.355858675467971 ], [ 73.636264688674473, 97.885911198719697 ] ] ] } },
{ "type": "Feature", "properties": { "feature_type": "building", "subtype": "no-damage", "uid": "8df3dac0-4cf0-4e99-8607-e21d9dca7113" }, "geometry": { "type": "Polygon", "coordinates": [ [ [ 87.408365743621914, 53.783841513269287 ], [ 88.439370944220713, 54.078414427932103 ], [ 92.268818845299549, 54.741203488328239 ], [ 91.974245932199736, 60.264445653165787 ], [ 87.555652199270028, 60.338088880388618 ], [ 87.408365743621914, 53.783841513269287 ] ] ] } },
{ "type": "Feature", "properties": { "feature_type": "building", "subtype": "no-damage", "uid": "6e786757-c154-46fa-bba1-b82e7f34a27c" }, "geometry": { "type": "Polygon", "coordinates": [ [ [ 74.22945387871647, 71.157084518522353 ], [ 74.864169246241943, 65.3292434422778 ], [ 79.191774003509565, 65.675451822378122 ], [ 78.499357241505066, 78.889071688204453 ], [ 74.460259466973142, 78.427460514096069 ], [ 74.22945387871647, 71.157084518522353 ] ] ] } },
{ "type": "Feature", "properties": { "feature_type": "building", "subtype": "no-damage", "uid": "fd39c170-ceae-45ba-828d-6cb2933f3757" }, "geometry": { "type": "Polygon", "coordinates": [ [ [ 94.799789782552381, 62.799104412284649 ], [ 102.474075556555803, 63.895430949589667 ], [ 101.897061586515306, 69.896376215884388 ], [ 95.203699560137835, 69.780973421876325 ], [ 94.799789782552381, 62.799104412284649 ] ] ] } },
{ "type": "Feature", "properties": { "feature_type": "building", "subtype": "no-damage", "uid": "374af13c-2cd0-44e9-94c2-395b7c0e119e" }, "geometry": { "type": "Polygon", "coordinates": [ [ [ 79.45548485740791, 60.941920892407573 ], [ 86.033444090498762, 61.40353206843978 ], [ 86.956666443284945, 67.981491301889022 ], [ 93.01531310165602, 69.02011644315192 ], [ 92.248741137553523, 74.561061423639728 ], [ 90.245646056283306, 80.56039580067106 ], [ 84.821714759666222, 79.521770658446243 ], [ 85.975742696139974, 71.558977902671856 ], [ 79.224679272758436, 70.751158348463136 ], [ 79.45548485740791, 60.941920892407573 ] ] ] } },
{ "type": "Feature", "properties": { "feature_type": "building", "subtype": "no-damage", "uid": "68ab7449-9a17-442b-8338-c18c76ceaead" }, "geometry": { "type": "Polygon", "coordinates": [ [ [ 200.903651441924893, 96.403108247524358 ], [ 208.127875313293089, 97.080379235776761 ], [ 207.224847329236809, 107.690958051410206 ], [ 206.773333341356903, 110.174285008976995 ], [ 198.194567486990593, 109.045500029838905 ], [ 200.903651441924893, 96.403108247524358 ] ] ] } },
{ "type": "Feature", "properties": { "feature_type": "building", "subtype": "no-damage", "uid": "779f6068-ff5c-4103-9ef1-47733f443e58" }, "geometry": { "type": "Polygon", "coordinates": [ [ [ 380.584348945645502, 109.376097381136105 ], [ 391.140570207704513, 110.935539159289902 ], [ 389.747916054491782, 115.545297240958504 ], [ 379.807448590039428, 114.824973512189004 ], [ 380.584348945645502, 109.376097381136105 ] ] ] } },
{ "type": "Feature", "properties": { "feature_type": "building", "subtype": "no-damage", "uid": "3d3c9476-902b-46d8-8d15-aa0c83cefde6" }, "geometry": { "type": "Polygon", "coordinates": [ [ [ 373.983726013854607, 89.066695446887152 ], [ 384.42003032058102, 89.951128014118339 ], [ 383.004938210028627, 97.734134616141517 ], [ 382.032062385857614, 97.557248103464815 ], [ 382.032062387661085, 94.638620628908512 ], [ 374.514385553928889, 94.638620628908512 ], [ 373.983726013854607, 89.066695446887152 ] ] ] } },
{ "type": "Feature", "properties": { "feature_type": "building", "subtype": "no-damage", "uid": "42e96185-5000-401a-a0d2-a68d8715390b" }, "geometry": { "type": "Polygon", "coordinates": [ [ [ 373.691479660978189, 97.536020866955567 ], [ 378.958238952046599, 97.644613842480311 ], [ 378.795349489601108, 107.472278091397797 ], [ 372.605549907173327, 107.255092140348296 ], [ 372.768439370460499, 101.2824785076495 ], [ 367.338790612738308, 100.576624171067294 ], [ 366.958715201167081, 96.612980579323875 ], [ 373.691479660978189, 97.536020866955567 ] ] ] } },
{ "type": "Feature", "properties": { "feature_type": "building", "subtype": "no-damage", "uid": "217915db-379e-4bd3-b134-e255aed76455" }, "geometry": { "type": "Polygon", "coordinates": [ [ [ 367.06730817933709, 93.300894837843146 ], [ 372.551253420493083, 93.355191325124551 ], [ 372.334067468722083, 96.667277065643376 ], [ 366.958715201167081, 96.612980579323875 ], [ 367.06730817933709, 93.300894837843146 ] ] ] } },
{ "type": "Feature", "properties": { "feature_type": "building", "subtype": "no-damage", "uid": "6809a82e-dbe7-4c82-a690-bf0e08e33f9d" }, "geometry": { "type": "Polygon", "coordinates": [ [ [ 404.452921361611686, 102.361143308822605 ], [ 414.431776621079393, 104.370773881998403 ], [ 413.323014925649773, 110.122475179231898 ], [ 391.14778101284918, 105.271642759264097 ], [ 395.929315823637921, 97.579608495390303 ], [ 397.800351185306681, 97.787501312110948 ], [ 397.523160760126586, 95.639275528749891 ], [ 404.730111782944107, 95.847168346432454 ], [ 404.452921361611686, 102.361143308822605 ] ] ] } },
{ "type": "Feature", "properties": { "feature_type": "building", "subtype": "no-damage", "uid": "2098c04a-ede0-46ae-bf97-cbaf96f349d8" }, "geometry": { "type": "Polygon", "coordinates": [ [ [ 398.27563805074368, 129.458541034049603 ], [ 406.799243587394926, 131.39887400069 ], [ 405.066803435430415, 139.78388432607079 ], [ 394.533567325482522, 137.843551358468488 ], [ 398.27563805074368, 129.458541034049603 ] ] ] } },
{ "type": "Feature", "properties": { "feature_type": "building", "subtype": "no-damage", "uid": "60266124-849e-4e2d-b752-530b258bc796" }, "geometry": { "type": "Polygon", "coordinates": [ [ [ 390.514306179249502, 113.450794053254199 ], [ 397.028281142243088, 113.727984476510301 ], [ 395.295840995208493, 135.556730360112709 ], [ 386.287152214251819, 134.655861482846888 ], [ 390.514306179249502, 113.450794053254199 ] ] ] } },
{ "type": "Feature", "properties": { "feature_type": "building", "subtype": "no-damage", "uid": "28d7e685-81e4-4a6f-b207-0fb51316b7b7" }, "geometry": { "type": "Polygon", "coordinates": [ [ [ 406.65648185525248, 141.668425601769002 ], [ 417.461337790645416, 100.321843546548294 ], [ 437.486337460157984, 106.3725628709049 ], [ 429.274646949009309, 146.854756453141306 ], [ 406.65648185525248, 141.668425601769002 ] ] ] } },
{ "type": "Feature", "properties": { "feature_type": "building", "subtype": "no-damage", "uid": "2dbe4b18-38e8-4afd-a7d3-b0c77842b165" }, "geometry": { "type": "Polygon", "coordinates": [ [ [ 431.994845969761514, 11.69169717486681 ], [ 440.131625598824314, 8.242410161318473 ], [ 444.730674951746721, 17.175179100549819 ], [ 442.254263760564584, 24.958185702573001 ], [ 450.567929903747086, 34.510057440982393 ], [ 449.24128105049499, 38.755333767347388 ], [ 432.967721792008717, 33.360295100888479 ], [ 431.994845969761514, 11.69169717486681 ] ] ] } },
{ "type": "Feature", "properties": { "feature_type": "building", "subtype": "no-damage", "uid": "99b7f916-7f24-44f4-827d-ae45c8e04b58" }, "geometry": { "type": "Polygon", "coordinates": [ [ [ 873.53281697858597, 747.842028620287238 ], [ 878.222354820439591, 750.186797541814371 ], [ 875.291393669491526, 763.669218840355143 ], [ 924.336143606121482, 776.370050494859811 ], [ 922.772964325383327, 787.703100282401351 ], [ 869.038676545096223, 774.220678984822598 ], [ 873.53281697858597, 747.842028620287238 ] ] ] } },
{ "type": "Feature", "properties": { "feature_type": "building", "subtype": "no-damage", "uid": "b98944b0-0f25-47c1-94e6-e0fb8a7f9cb6" }, "geometry": { "type": "Polygon", "coordinates": [ [ [ 1022.975782807194946, 302.845950793944326 ], [ 1020.568541529488016, 302.845950787210882 ], [ 1019.190650676130986, 306.061029444242081 ], [ 1011.994998444548969, 304.836237576408507 ], [ 1013.985285230260956, 294.731704653073677 ], [ 1022.975783171880948, 296.106118460339019 ], [ 1022.975782807194946, 302.845950793944326 ] ] ] } },
{ "type": "Feature", "properties": { "feature_type": "building", "subtype": "no-damage", "uid": "e41642c0-7fe9-4227-80e0-38f38b1af5c2" }, "geometry": { "type": "Polygon", "coordinates": [ [ [ 897.607939937940955, 317.679104730034226 ], [ 901.435414532978371, 307.421472821657176 ], [ 903.731899286970815, 308.340066725177678 ], [ 906.640779977164811, 303.134701279910928 ], [ 911.080650504075265, 305.278087050302986 ], [ 913.224036274107561, 299.613424652795118 ], [ 924.094064118810024, 304.971889083104088 ], [ 914.755026111545362, 327.477439684246178 ], [ 897.607939937940955, 317.679104730034226 ] ] ] } },
{ "type": "Feature", "properties": { "feature_type": "building", "subtype": "no-damage", "uid": "ef1d6ca1-63e1-4021-b2d0-3cb6cda17f32" }, "geometry": { "type": "Polygon", "coordinates": [ [ [ 986.574939482605259, 352.432100355144485 ], [ 993.158195780750361, 316.913136140835491 ], [ 989.943117121553769, 315.841443255158481 ], [ 991.933403911353139, 307.114801186623481 ], [ 997.291868342505836, 308.186494070376682 ], [ 996.220175454784339, 313.851156466922816 ], [ 1004.946817524765038, 318.444125978753789 ], [ 1000.813144962889965, 344.777151171324817 ], [ 997.291868341664212, 346.614338977403804 ], [ 996.832571388220458, 352.279001371064112 ], [ 994.689185616745362, 362.995930229758528 ], [ 987.799731350679849, 362.230435311280416 ], [ 989.024523220437686, 353.503793241783512 ], [ 986.574939482605259, 352.432100355144485 ] ] ] } },
{ "type": "Feature", "properties": { "feature_type": "building", "subtype": "no-damage", "uid": "f67f5911-7ebe-4964-961c-e728e6ac6036" }, "geometry": { "type": "Polygon", "coordinates": [ [ [ 1000.813144962889965, 344.777151171324817 ], [ 1004.028223624972043, 346.155042025162572 ], [ 1007.090203294557, 351.054209501306673 ], [ 1007.549500248842037, 355.340981044014882 ], [ 1003.262728705651966, 368.813691609423074 ], [ 996.526373421622679, 365.139316001112718 ], [ 996.067076471305086, 360.546346490243593 ], [ 997.598066308742887, 353.963090192100879 ], [ 1002.497233783445949, 354.728585108655182 ], [ 1002.803431751126027, 352.58519933826301 ], [ 996.832571388220458, 352.279001371064112 ], [ 1000.813144962889965, 344.777151171324817 ] ] ] } },
{ "type": "Feature", "properties": { "feature_type": "building", "subtype": "no-damage", "uid": "60c070f2-d07b-467a-950d-0f45fd81266d" }, "geometry": { "type": "Polygon", "coordinates": [ [ [ 966.248074157773317, 321.351100600484585 ], [ 967.625965009086713, 305.428806297485323 ], [ 972.218934521520396, 304.663311379969116 ], [ 972.525132487637279, 299.151747967503411 ], [ 983.088962362014513, 303.132321543012722 ], [ 989.212921712607567, 307.419093085720988 ], [ 991.050109514839619, 305.58190528156581 ], [ 991.356307480114765, 305.58190528156581 ], [ 986.763337970206067, 333.905217262372275 ], [ 969.76935078164388, 322.116595519924715 ], [ 966.248074157773317, 321.351100600484585 ] ] ] } },
{ "type": "Feature", "properties": { "feature_type": "building", "subtype": "no-damage", "uid": "0203245b-a303-4b38-978c-0c9a6f643a01" }, "geometry": { "type": "Polygon", "coordinates": [ [ [ 864.827318286495256, 301.209634119636519 ], [ 870.103175126189058, 289.309503816857728 ], [ 873.318253787309459, 289.462602800938214 ], [ 872.246560899467681, 293.443176376447525 ], [ 876.380233458818452, 294.055572310845321 ], [ 871.940362931787831, 304.772501168577776 ], [ 864.827318286495256, 301.209634119636519 ] ] ] } },
{ "type": "Feature", "properties": { "feature_type": "building", "subtype": "no-damage", "uid": "08c2d205-f140-42c4-8bf9-a2b59a3e9617" }, "geometry": { "type": "Polygon", "coordinates": [ [ [ 451.431402477147628, 546.989552628487672 ], [ 486.412848613868675, 553.991640580476883 ], [ 484.068079695827578, 562.589126625435256 ], [ 451.431402477147628, 546.989552628487672 ] ] ] } },
{ "type": "Feature", "properties": { "feature_type": "building", "subtype": "no-damage", "uid": "4e51106e-e2d5-428a-9b1e-18f375cd29b7" }, "geometry": { "type": "Polygon", "coordinates": [ [ [ 452.817627586191009, 514.108373038817035 ], [ 456.031098567235119, 504.028013370809219 ], [ 465.627663350411297, 507.146896923269196 ], [ 460.349552719081203, 528.259339444734337 ], [ 459.62981036202342, 529.938738281636347 ], [ 450.961455003886101, 529.789475009319858 ], [ 450.033245582454299, 534.257192433120167 ], [ 448.593760861004, 533.537450074860203 ], [ 449.913288521181187, 528.379296504444369 ], [ 449.228476228769921, 528.01031679391042 ], [ 453.163040224851386, 516.593573728769229 ], [ 452.817627586191009, 514.108373038817035 ] ] ] } },
{ "type": "Feature", "properties": { "feature_type": "building", "subtype": "no-damage", "uid": "9b5198be-0178-4e48-b7da-64ee3395435d" }, "geometry": { "type": "Polygon", "coordinates": [ [ [ 458.268745717975321, 475.107324557849381 ], [ 469.444971525548226, 432.392708110037916 ], [ 491.185027207738813, 437.598073555304723 ], [ 478.171613594687415, 479.087898132396788 ], [ 458.268745717975321, 475.107324557849381 ] ] ] } },
{ "type": "Feature", "properties": { "feature_type": "building", "subtype": "no-damage", "uid": "af634086-2767-407e-b4db-c526335a772b" }, "geometry": { "type": "Polygon", "coordinates": [ [ [ 478.624509416193973, 504.781131231276618 ], [ 479.104337653951973, 500.582634139502716 ], [ 476.825153520904109, 500.58263414046462 ], [ 479.704122955388016, 489.666541699159097 ], [ 492.659485412489516, 492.185639954030989 ], [ 489.060773618542896, 508.499800084210392 ], [ 478.624509416193973, 504.781131231276618 ] ] ] } },
{ "type": "Feature", "properties": { "feature_type": "building", "subtype": "no-damage", "uid": "726cb0cc-7568-4902-9cdb-dd5c86fee375" }, "geometry": { "type": "Polygon", "coordinates": [ [ [ 491.776976744608021, 509.758953659921815 ], [ 501.276953268338673, 511.158175007936791 ], [ 501.424239725429686, 515.503125511237386 ], [ 504.811828255115302, 515.871341655046876 ], [ 504.29632564964561, 520.437221844825444 ], [ 499.774263815984682, 520.80492278822021 ], [ 498.920369945263815, 525.076745261826886 ], [ 486.990166870273413, 522.720161938752881 ], [ 491.776976744608021, 509.758953659921815 ] ] ] } },
{ "type": "Feature", "properties": { "feature_type": "building", "subtype": "no-damage", "uid": "f9303ed9-f99d-4e87-9512-78be7a07347b" }, "geometry": { "type": "Polygon", "coordinates": [ [ [ 527.212764390387179, 500.236985774449124 ], [ 537.739587849472514, 501.552838707420506 ], [ 535.671818956709103, 510.293861759548008 ], [ 526.272869440978411, 509.071998320002422 ], [ 527.212764390387179, 500.236985774449124 ] ] ] } },
{ "type": "Feature", "properties": { "feature_type": "building", "subtype": "no-damage", "uid": "8a11feeb-37a9-42d8-af8a-24ae3799bba4" }, "geometry": { "type": "Polygon", "coordinates": [ [ [ 562.450893719682767, 555.617467358446902 ], [ 579.65097133873644, 557.59124675886585 ], [ 578.711076385840784, 568.212059715100736 ], [ 560.665093311525652, 566.614238297042334 ], [ 562.450893719682767, 555.617467358446902 ] ] ] } },
{ "type": "Feature", "properties": { "feature_type": "building", "subtype": "no-damage", "uid": "ae2884bc-e57a-486f-b3da-9c6e4bf56f81" }, "geometry": { "type": "Polygon", "coordinates": [ [ [ 555.323778455499337, 509.54601588089298 ], [ 578.475490988676029, 516.623482406668813 ], [ 568.279140905987674, 551.171115621425656 ], [ 548.606183108490427, 545.893004992261808 ], [ 555.323778455499337, 509.54601588089298 ] ] ] } },
{ "type": "Feature", "properties": { "feature_type": "building", "subtype": "no-damage", "uid": "f36ba5eb-65f3-4c9b-9db7-6a4cad4f6b9c" }, "geometry": { "type": "Polygon", "coordinates": [ [ [ 558.222165531436076, 495.903167817717417 ], [ 563.292535643314181, 477.612696975590381 ], [ 570.010130992367181, 479.532009932874189 ], [ 564.955164878129608, 496.904500731612472 ], [ 558.222165531436076, 495.903167817717417 ] ] ] } },
{ "type": "Feature", "properties": { "feature_type": "building", "subtype": "no-damage", "uid": "bafdba4d-eb9b-493a-9d0c-3bf0d9b93ecd" }, "geometry": { "type": "Polygon", "coordinates": [ [ [ 545.826166017717469, 438.206448895096514 ], [ 563.795113856524154, 440.857605132833328 ], [ 564.678832605081993, 436.880870774304185 ], [ 586.698158032768333, 438.942881182715382 ], [ 583.38421273283052, 461.698638898614092 ], [ 567.035415925631924, 458.016477456671623 ], [ 567.698204987110444, 450.210295196944799 ], [ 559.008303982189659, 448.737430620744874 ], [ 559.376520127442063, 445.938987924714809 ], [ 545.163376960206847, 442.256826482772283 ], [ 545.826166017717469, 438.206448895096514 ] ] ] } },
{ "type": "Feature", "properties": { "feature_type": "building", "subtype": "no-damage", "uid": "6c0675f3-2cee-4f0f-8607-1803fd835b1f" }, "geometry": { "type": "Polygon", "coordinates": [ [ [ 591.633193053815603, 419.007147537778224 ], [ 609.001313485180617, 420.218876869091275 ], [ 609.232119073437275, 425.296599787169214 ], [ 607.21257018623146, 425.873613754323685 ], [ 606.520153426872298, 430.720531084385584 ], [ 588.748123212390738, 428.874086387951991 ], [ 590.825373498404247, 422.00762016948272 ], [ 590.709970707041407, 419.58416150397079 ], [ 591.633193053815603, 419.007147537778224 ] ] ] } },
{ "type": "Feature", "properties": { "feature_type": "building", "subtype": "no-damage", "uid": "355a0724-39ba-4783-a464-b04dc2e7502e" }, "geometry": { "type": "Polygon", "coordinates": [ [ [ 606.680184754731272, 410.219625453851677 ], [ 621.328404325275301, 411.033415430179787 ], [ 620.198140470492831, 420.482421263334174 ], [ 610.749134634689767, 420.165947382475281 ], [ 610.83955574488084, 417.001208586392124 ], [ 604.645709815954433, 416.549103045056427 ], [ 605.00739424902315, 410.310046561156923 ], [ 606.680184754731272, 410.219625453851677 ] ] ] } },
{ "type": "Feature", "properties": { "feature_type": "building", "subtype": "no-damage", "uid": "fa075fb0-af1d-4694-b2b4-559f5365c6dc" }, "geometry": { "type": "Polygon", "coordinates": [ [ [ 630.426643036482005, 381.519092086280978 ], [ 644.243098832205192, 384.526755931698517 ], [ 641.893361453512966, 417.611058237062821 ], [ 626.855042221249732, 414.791373381382698 ], [ 630.426643036482005, 381.519092086280978 ] ] ] } },
{ "type": "Feature", "properties": { "feature_type": "building", "subtype": "no-damage", "uid": "2e1569f7-2e8c-4ed6-af8d-26c3227da1ea" }, "geometry": { "type": "Polygon", "coordinates": [ [ [ 466.927867152186877, 254.321634058652108 ], [ 484.56155493942299, 256.360904073722224 ], [ 483.481941403355279, 262.118842943649895 ], [ 468.007480692944, 260.319487046076119 ], [ 466.927867152186877, 254.321634058652108 ] ] ] } },
{ "type": "Feature", "properties": { "feature_type": "building", "subtype": "no-damage", "uid": "26db3120-3e0d-41a2-b51c-5120887b2d04" }, "geometry": { "type": "Polygon", "coordinates": [ [ [ 361.884784886414991, 301.39744336033192 ], [ 363.284006234911487, 290.792818406498725 ], [ 369.175464543199894, 292.19203975355191 ], [ 366.745237990136673, 302.649378250053587 ], [ 361.884784886414991, 301.39744336033192 ] ] ] } },
{ "type": "Feature", "properties": { "feature_type": "building", "subtype": "no-damage", "uid": "73eb4aa3-b62d-490c-bc2b-3dec91f726eb" }, "geometry": { "type": "Polygon", "coordinates": [ [ [ 419.264688903915726, 267.179386027418275 ], [ 421.470094885248102, 256.108013105120278 ], [ 432.799176206856487, 257.686447014417411 ], [ 431.859281255283406, 269.623112901699812 ], [ 419.264688903915726, 267.179386027418275 ] ] ] } },
{ "type": "Feature", "properties": { "feature_type": "building", "subtype": "no-damage", "uid": "69b8d029-da84-44a5-be1d-fca9e840a3e1" }, "geometry": { "type": "Polygon", "coordinates": [ [ [ 446.436350949382074, 261.153964976008581 ], [ 449.308436875762311, 261.080321746861898 ], [ 448.719291042588793, 271.022157640298985 ], [ 441.723184303112021, 270.801227954782803 ], [ 441.649541074566628, 265.130699330689993 ], [ 440.471249411105305, 264.909769646135828 ], [ 439.366600981119291, 269.107433691143001 ], [ 435.168936934908174, 268.88650400370301 ], [ 435.495191713945303, 262.582818165831782 ], [ 446.436350949382074, 261.153964976008581 ] ] ] } },
{ "type": "Feature", "properties": { "feature_type": "building", "subtype": "no-damage", "uid": "a010831d-3e7b-4831-bc6b-df2cc45de154" }, "geometry": { "type": "Polygon", "coordinates": [ [ [ 540.236404838780572, 260.732434769302415 ], [ 546.439711518754052, 256.878865466699779 ], [ 545.687795556677997, 260.356476788865621 ], [ 547.097637987284088, 260.074508301854678 ], [ 545.499816568503661, 270.789310754401072 ], [ 539.296509888409901, 269.379468325118182 ], [ 540.236404838780572, 260.732434769302415 ] ] ] } },
{ "type": "Feature", "properties": { "feature_type": "building", "subtype": "no-damage", "uid": "af088b2e-f793-4e99-8501-3ba3fe295f0b" }, "geometry": { "type": "Polygon", "coordinates": [ [ [ 479.595367166945721, 265.131568425200612 ], [ 488.524369208693372, 269.361095708239816 ], [ 490.592138101216278, 267.951253280880678 ], [ 494.163738921739025, 270.676948640249179 ], [ 495.855549834185808, 274.060570468989226 ], [ 492.283949014504685, 279.981908664474588 ], [ 474.331955434697591, 272.180780562957978 ], [ 479.595367166945721, 265.131568425200612 ] ] ] } },
{ "type": "Feature", "properties": { "feature_type": "building", "subtype": "no-damage", "uid": "da9a98dc-4f0b-4fba-9fc7-01e75183d5bd" }, "geometry": { "type": "Polygon", "coordinates": [ [ [ 456.561067852413487, 297.103388737233388 ], [ 463.55717459429502, 292.905724694150081 ], [ 469.96413550468651, 297.618891339336187 ], [ 466.871119895315019, 306.161505886682107 ], [ 457.297500142798185, 301.374696010425396 ], [ 456.561067852413487, 297.103388737233388 ] ] ] } },
{ "type": "Feature", "properties": { "feature_type": "building", "subtype": "no-damage", "uid": "6b372f33-a03b-4542-a989-cabd83b95df3" }, "geometry": { "type": "Polygon", "coordinates": [ [ [ 473.608218037252925, 275.85428660926749 ], [ 477.179818855010126, 275.384339135405014 ], [ 481.503335632198116, 276.136255095316528 ], [ 488.45855827845611, 278.48599247521031 ], [ 487.518663325199611, 288.354889468647912 ], [ 492.406117072561926, 299.445649901630873 ], [ 487.988610799182482, 305.460977593427913 ], [ 484.213784088383477, 299.405061444520186 ], [ 477.171230840041119, 296.343081771569473 ], [ 475.957955416305822, 297.377881006824225 ], [ 471.82241762777312, 300.949481823377823 ], [ 469.848638229758194, 290.61063735415388 ], [ 477.555776836288601, 292.302448266599981 ], [ 478.30769279776348, 284.031372690258877 ], [ 473.890186521257874, 283.467435718161028 ], [ 473.608218037252925, 275.85428660926749 ] ] ] } },
{ "type": "Feature", "properties": { "feature_type": "building", "subtype": "no-damage", "uid": "ccf17ccc-3cb0-4a6e-8a69-891a10c7a857" }, "geometry": { "type": "Polygon", "coordinates": [ [ [ 563.841576845148552, 276.166770027490315 ], [ 564.946225279944088, 272.48460858554779 ], [ 560.60127477640151, 273.736543476231475 ], [ 560.67491800422556, 270.054382033327101 ], [ 562.074139355487659, 269.244306514637685 ], [ 563.105144557409062, 260.775335197400409 ], [ 566.566376316481865, 261.732697172459382 ], [ 567.229165373631758, 262.39548623285549 ], [ 566.419089857467043, 266.445863820531315 ], [ 571.795045563051303, 263.941994039163887 ], [ 577.023714809380181, 266.961366420710306 ], [ 576.802785127591392, 268.655160685312012 ], [ 575.256277320440745, 275.798553884642672 ], [ 573.194266910225224, 276.534986171299806 ], [ 573.120623683603526, 279.33342886829189 ], [ 570.322180985167506, 281.690012191366009 ], [ 563.988863307289535, 277.639634604652088 ], [ 563.841576845148552, 276.166770027490315 ] ] ] } },
{ "type": "Feature", "properties": { "feature_type": "building", "subtype": "no-damage", "uid": "78ee0e96-83f5-4b86-a9ad-95fdc264c5f6" }, "geometry": { "type": "Polygon", "coordinates": [ [ [ 611.824336439133276, 430.262950040341082 ], [ 611.1045940797909, 422.46574115534338 ], [ 619.861459443674107, 424.145139993207181 ], [ 621.900729461750871, 417.427544644637578 ], [ 627.178840089714299, 418.267244064531383 ], [ 626.938925971616754, 423.905225872825326 ], [ 623.220257117599431, 423.185483514565306 ], [ 621.420901223752367, 427.024109427209225 ], [ 623.340214178511928, 429.543207682081118 ], [ 626.818968909982914, 430.142992981593125 ], [ 623.978065319553139, 434.057789552625593 ], [ 619.021760027266964, 430.622821218509216 ], [ 611.824336439133276, 430.262950040341082 ] ] ] } },
{ "type": "Feature", "properties": { "feature_type": "building", "subtype": "no-damage", "uid": "59014894-308f-406a-ad53-1be422e29e33" }, "geometry": { "type": "Polygon", "coordinates": [ [ [ 627.178840089714299, 418.267244064531383 ], [ 627.058883030124434, 416.827759346087475 ], [ 634.376263675924065, 418.627115242699517 ], [ 631.257380125146256, 423.425397633023408 ], [ 630.057809525641005, 424.984839410215272 ], [ 633.776478380620347, 424.984839409253425 ], [ 630.897508945414984, 432.54213417579308 ], [ 626.339140675351132, 428.823465322859192 ], [ 627.178840089714299, 418.267244064531383 ] ] ] } },
{ "type": "Feature", "properties": { "feature_type": "building", "subtype": "no-damage", "uid": "de60898d-4bd7-4d5a-be9c-85b9e5894bfe" }, "geometry": { "type": "Polygon", "coordinates": [ [ [ 672.594687296936513, 434.810232019294176 ], [ 673.816550730590734, 427.009103918739527 ], [ 700.133609384135525, 432.554484134750112 ], [ 700.603556859080413, 435.374168989468274 ], [ 703.987178688663334, 436.5020429336642 ], [ 703.89318919331356, 444.021202546246116 ], [ 696.468019075116786, 442.893328603974112 ], [ 697.125945538596739, 438.381832837771583 ], [ 672.594687296936513, 434.810232019294176 ] ] ] } },
{ "type": "Feature", "properties": { "feature_type": "building", "subtype": "no-damage", "uid": "911a6c89-e377-4447-80fd-bd36397298ba" }, "geometry": { "type": "Polygon", "coordinates": [ [ [ 31.782567729786312, 522.967266024282821 ], [ 39.489706337759593, 522.873276531818988 ], [ 41.08752775197091, 535.843826867947541 ], [ 36.858000468809941, 538.757501217053459 ], [ 36.951989964039392, 541.577186071771735 ], [ 29.43283034796789, 543.362986481491362 ], [ 29.150861863481929, 536.689732323208773 ], [ 31.68857823371518, 535.843826866023733 ], [ 31.782567729786312, 522.967266024282821 ] ] ] } },
{ "type": "Feature", "properties": { "feature_type": "building", "subtype": "no-damage", "uid": "0758d963-8262-4cdb-801f-3b17a81d97f0" }, "geometry": { "type": "Polygon", "coordinates": [ [ [ 22.790715506534831, 432.945844492241974 ], [ 28.608476883195468, 412.889877630614876 ], [ 37.794415904455818, 412.736778647496408 ], [ 38.253712855013831, 434.017537379842793 ], [ 22.790715506534831, 432.945844492241974 ] ] ] } },
{ "type": "Feature", "properties": { "feature_type": "building", "subtype": "no-damage", "uid": "1bb2a34b-5cc7-4c90-8496-23184b54859a" }, "geometry": { "type": "Polygon", "coordinates": [ [ [ 52.617864205324473, 390.826425921049577 ], [ 61.358887253847833, 396.371806136098314 ], [ 64.836498577337494, 390.826425920087672 ], [ 73.671511123374856, 396.277816640748597 ], [ 71.97970020984593, 400.789312409836782 ], [ 74.329437589500046, 402.763091808331978 ], [ 67.18623595843448, 410.752198898623988 ], [ 48.76429490248011, 398.721543515030078 ], [ 52.617864205324473, 390.826425921049577 ] ] ] } },
{ "type": "Feature", "properties": { "feature_type": "building", "subtype": "no-damage", "uid": "977e6ceb-01c6-40fe-b89b-4ba35635fe59" }, "geometry": { "type": "Polygon", "coordinates": [ [ [ 44.846620627191342, 401.955288118016313 ], [ 51.597684055141983, 401.955288117054408 ], [ 48.077898847273786, 418.688693187621425 ], [ 40.980627042950118, 417.534665250426713 ], [ 44.846620627191342, 401.955288118016313 ] ] ] } },
{ "type": "Feature", "properties": { "feature_type": "building", "subtype": "no-damage", "uid": "c37b495f-e106-4776-9126-b8c2b76b513f" }, "geometry": { "type": "Polygon", "coordinates": [ [ [ 81.931071805985724, 386.73320534214912 ], [ 96.029496081866327, 370.191054191390776 ], [ 101.480886801927994, 375.548455414778289 ], [ 92.45789526362816, 388.143047770470218 ], [ 90.672094854629307, 387.391131808634782 ], [ 89.074273438734636, 389.270921712742222 ], [ 92.26991627365021, 393.312470006044009 ], [ 89.544220912597339, 395.192259910151392 ], [ 81.931071805985724, 386.73320534214912 ] ] ] } },
{ "type": "Feature", "properties": { "feature_type": "building", "subtype": "no-damage", "uid": "5b7d51c0-4b5f-40a6-83e4-d530c42a7d5a" }, "geometry": { "type": "Polygon", "coordinates": [ [ [ 73.644642622490593, 453.794201936012087 ], [ 77.592201418760823, 453.324254460225688 ], [ 78.814064852896024, 461.313361549555907 ], [ 84.54742405888652, 460.18548760728379 ], [ 86.709182449644842, 469.772416116596276 ], [ 73.822280131112862, 471.149643956474279 ], [ 73.644642622490593, 453.794201936012087 ] ] ] } },
{ "type": "Feature", "properties": { "feature_type": "building", "subtype": "no-damage", "uid": "bad5b974-b78a-4f28-8c8f-a0035a336a5f" }, "geometry": { "type": "Polygon", "coordinates": [ [ [ 89.49653798607838, 473.459064258408205 ], [ 93.881844146362013, 473.343661465362118 ], [ 93.997246939287947, 480.902544443070212 ], [ 89.611940781048389, 481.075648634082313 ], [ 89.49653798607838, 473.459064258408205 ] ] ] } },
{ "type": "Feature", "properties": { "feature_type": "building", "subtype": "no-damage", "uid": "5318403f-62a6-49e3-b9a9-4b321bbbed8b" }, "geometry": { "type": "Polygon", "coordinates": [ [ [ 65.809192094913897, 446.590036958788914 ], [ 79.249689908396718, 446.590036960712723 ], [ 79.249689910921745, 451.383501213926024 ], [ 65.245255123777682, 450.631585252090701 ], [ 65.809192094913897, 446.590036958788914 ] ] ] } },
{ "type": "Feature", "properties": { "feature_type": "building", "subtype": "no-damage", "uid": "6280212d-b0e5-4b5b-a8c9-31e4aa8ee012" }, "geometry": { "type": "Polygon", "coordinates": [ [ [ 46.169032807508671, 446.825355751265022 ], [ 46.746046774302677, 436.439104330940722 ], [ 62.325423908161397, 435.977493156832281 ], [ 63.133243462731123, 440.824410487856028 ], [ 69.711202699669627, 441.286021661964412 ], [ 69.884306890080566, 445.036612451835481 ], [ 65.787507716139814, 444.978911054831485 ], [ 65.037389560377733, 446.998459943239027 ], [ 46.169032807508671, 446.825355751265022 ] ] ] } },
{ "type": "Feature", "properties": { "feature_type": "building", "subtype": "no-damage", "uid": "b5258f59-984a-4a0b-bd31-2b5f7ef96887" }, "geometry": { "type": "Polygon", "coordinates": [ [ [ 8.739881857875019, 414.724283346374079 ], [ 11.17010841298233, 403.751442245845681 ], [ 27.887121359181052, 403.456869330221025 ], [ 24.646819291395961, 417.08086666752439 ], [ 8.739881857875019, 414.724283346374079 ] ] ] } },
{ "type": "Feature", "properties": { "feature_type": "building", "subtype": "no-damage", "uid": "00d8a9dc-993a-4991-a274-b496095764d8" }, "geometry": { "type": "Polygon", "coordinates": [ [ [ 57.364656853156824, 378.720704069315502 ], [ 66.857595868325348, 387.649706113104173 ], [ 63.473974043552062, 392.537159862629096 ], [ 52.947150581100047, 385.957895199696111 ], [ 57.364656853156824, 378.720704069315502 ] ] ] } },
{ "type": "Feature", "properties": { "feature_type": "building", "subtype": "no-damage", "uid": "7ae55ebe-2eef-4033-80b4-c1595f8b124e" }, "geometry": { "type": "Polygon", "coordinates": [ [ [ 156.807968621401301, 388.78539060059029 ], [ 180.559466460703305, 378.828954639850622 ], [ 181.878994114267414, 384.227022328724615 ], [ 185.83757708926791, 383.027451730662619 ], [ 192.315258314331686, 399.461568920551997 ], [ 190.395945362458008, 403.540108952615924 ], [ 166.044662224966487, 414.936029630837481 ], [ 156.807968621401301, 388.78539060059029 ] ] ] } },
{ "type": "Feature", "properties": { "feature_type": "building", "subtype": "no-damage", "uid": "15421984-65c5-41f9-8532-d878dd2e137d" }, "geometry": { "type": "Polygon", "coordinates": [ [ [ 209.355972863002108, 396.005192032901221 ], [ 216.313482330994191, 390.367210221721621 ], [ 219.672280004198086, 394.925578493587409 ], [ 217.033224687571106, 397.564633808169276 ], [ 221.711550020831908, 404.042315036357081 ], [ 219.072494703363304, 407.161198590740923 ], [ 209.112641219193108, 398.104402367217801 ], [ 209.355972863002108, 396.005192032901221 ] ] ] } },
{ "type": "Feature", "properties": { "feature_type": "building", "subtype": "no-damage", "uid": "d292a1c0-27ce-46f2-920b-4bfb039f246f" }, "geometry": { "type": "Polygon", "coordinates": [ [ [ 206.252256601717704, 364.85100296209248 ], [ 214.889164903726595, 357.173751136804697 ], [ 222.566416729377806, 369.889199472798282 ], [ 213.689594307347591, 375.527181282054073 ], [ 206.252256601717704, 364.85100296209248 ] ] ] } },
{ "type": "Feature", "properties": { "feature_type": "building", "subtype": "no-damage", "uid": "c480a1d7-849e-4b6d-8b8a-652b7feba306" }, "geometry": { "type": "Polygon", "coordinates": [ [ [ 294.311420036339825, 348.515177430869301 ], [ 302.588457162945986, 349.354876849801315 ], [ 300.069358904586181, 370.827190549434476 ], [ 292.068076143289886, 370.240439761065772 ], [ 294.311420036339825, 348.515177430869301 ] ] ] } },
{ "type": "Feature", "properties": { "feature_type": "building", "subtype": "no-damage", "uid": "c52c4ca3-5b4c-4ade-9b5b-743598ddbe5d" }, "geometry": { "type": "Polygon", "coordinates": [ [ [ 286.881806157172491, 253.418344141805903 ], [ 300.796825094359178, 250.779288828185912 ], [ 304.0356657064101, 270.932074870047188 ], [ 292.999616206833593, 274.290872542889076 ], [ 286.881806157172491, 253.418344141805903 ] ] ] } },
{ "type": "Feature", "properties": { "feature_type": "building", "subtype": "no-damage", "uid": "b6faa664-1c79-4403-a664-10afee0c5ccb" }, "geometry": { "type": "Polygon", "coordinates": [ [ [ 207.852957506459006, 267.835782637275315 ], [ 215.560096109141796, 258.154864632613226 ], [ 222.609308249066004, 263.324286869148978 ], [ 221.575423803345586, 267.459824655876673 ], [ 224.865056136135905, 269.809562036732416 ], [ 223.361224209819511, 272.441267900751313 ], [ 216.781959550611589, 268.963656579547376 ], [ 212.740411258029809, 271.783341434265594 ], [ 207.852957506459006, 267.835782637275315 ] ] ] } },
{ "type": "Feature", "properties": { "feature_type": "building", "subtype": "no-damage", "uid": "605dd891-5c2e-45a7-9713-3dbf196fd78e" }, "geometry": { "type": "Polygon", "coordinates": [ [ [ 326.515494154267685, 274.150875042283303 ], [ 343.339613789638122, 274.808801507807118 ], [ 343.527592780698228, 286.463498911926195 ], [ 326.985441630294815, 285.805572444478628 ], [ 326.515494154267685, 274.150875042283303 ] ] ] } },
{ "type": "Feature", "properties": { "feature_type": "building", "subtype": "no-damage", "uid": "aae6f7f4-5c92-4f87-9a51-0af8b00bb5a4" }, "geometry": { "type": "Polygon", "coordinates": [ [ [ 964.674823474442292, 566.862941462411982 ], [ 967.801182034475687, 555.334494267228138 ], [ 979.134231821780759, 558.656250239471774 ], [ 976.594065493933044, 569.012312975335021 ], [ 964.674823474442292, 566.862941462411982 ] ] ] } },
{ "type": "Feature", "properties": { "feature_type": "building", "subtype": "no-damage", "uid": "2a3aece6-ea40-4048-a4e7-c5367c66e332" }, "geometry": { "type": "Polygon", "coordinates": [ [ [ 943.37650577112413, 535.403958435690015 ], [ 955.491145197295396, 534.426971384011608 ], [ 957.640516709617827, 558.460852828943644 ], [ 945.72127469637951, 559.633237290188163 ], [ 943.37650577112413, 535.403958435690015 ] ] ] } },
{ "type": "Feature", "properties": { "feature_type": "building", "subtype": "no-damage", "uid": "e3e4dfbe-a4c9-4dd2-a9f4-cf87134b947f" }, "geometry": { "type": "Polygon", "coordinates": [ [ [ 903.746162996719704, 515.79449919753381 ], [ 902.98066807655789, 507.527154078354272 ], [ 916.759576607366284, 508.139550013713972 ], [ 917.371972545732206, 510.436034768186573 ], [ 923.189733924917846, 510.282935783144296 ], [ 923.495931889110807, 514.569707327776314 ], [ 929.92608920473856, 515.02900427809368 ], [ 933.600464812449104, 522.530854479756954 ], [ 914.156893887978413, 521.918458542473445 ], [ 912.625904048135794, 517.784785985769417 ], [ 903.746162996719704, 515.79449919753381 ] ] ] } },
{ "type": "Feature", "properties": { "feature_type": "building", "subtype": "no-damage", "uid": "c58f775a-54e8-4398-9631-63f462249d77" }, "geometry": { "type": "Polygon", "coordinates": [ [ [ 850.825394594925115, 510.327628562779978 ], [ 859.462302894889945, 510.927413862291928 ], [ 859.462302898016219, 518.844579806999718 ], [ 850.345566350674176, 518.604665687579768 ], [ 850.825394594925115, 510.327628562779978 ] ] ] } },
{ "type": "Feature", "properties": { "feature_type": "building", "subtype": "no-damage", "uid": "816a64d1-6701-460c-9ef0-afa42de05c2d" }, "geometry": { "type": "Polygon", "coordinates": [ [ [ 896.72684653502256, 540.127617122283255 ], [ 895.410993603373413, 537.589900751690152 ], [ 893.907161679461638, 535.710110849506577 ], [ 897.102804515459411, 522.363602532941286 ], [ 901.33233179862043, 521.705676065493662 ], [ 902.836163723614277, 516.536253829919815 ], [ 912.625904048135794, 517.784785985769417 ], [ 912.705060720301731, 522.175623542241965 ], [ 923.231884176982248, 524.431371426786086 ], [ 930.469075306764239, 524.995308396960127 ], [ 933.006791677718979, 531.668562556204733 ], [ 896.72684653502256, 540.127617122283255 ] ] ] } },
{ "type": "Feature", "properties": { "feature_type": "building", "subtype": "no-damage", "uid": "9faab054-5e00-40aa-844b-aef96afa280b" }, "geometry": { "type": "Polygon", "coordinates": [ [ [ 894.847056634160936, 507.137304312268611 ], [ 900.580415838468184, 507.795230777792312 ], [ 899.828499878315938, 520.013865153047504 ], [ 894.283119663385492, 519.355938685599881 ], [ 894.847056634160936, 507.137304312268611 ] ] ] } },
{ "type": "Feature", "properties": { "feature_type": "building", "subtype": "no-damage", "uid": "f8083271-eb28-4ea4-9486-c70e05d3492e" }, "geometry": { "type": "Polygon", "coordinates": [ [ [ 887.515876006143571, 506.855335827181477 ], [ 893.343224708806474, 508.265178255502519 ], [ 891.933382282769458, 522.363602531979382 ], [ 886.200023074855153, 521.987644552504548 ], [ 887.515876006143571, 506.855335827181477 ] ] ] } },
{ "type": "Feature", "properties": { "feature_type": "building", "subtype": "no-damage", "uid": "ad6a4fdb-43d3-44e0-8dba-3afb4433e325" }, "geometry": { "type": "Polygon", "coordinates": [ [ [ 886.575981054209819, 523.303497484513969 ], [ 893.155245717024854, 523.303497483552064 ], [ 892.591308746008963, 529.506804167010273 ], [ 886.012044083073533, 529.036856691223875 ], [ 886.575981054209819, 523.303497484513969 ] ] ] } },
{ "type": "Feature", "properties": { "feature_type": "building", "subtype": "no-damage", "uid": "3d9c4e95-c9f4-4c98-8680-634ecda9bb6c" }, "geometry": { "type": "Polygon", "coordinates": [ [ [ 866.590875650397379, 531.671939077908291 ], [ 867.253664714400998, 525.264978170044174 ], [ 868.947458975155655, 514.586709987064296 ], [ 877.637359981038344, 515.691358418492769 ], [ 878.668365183440756, 510.830905314051279 ], [ 885.811758381090613, 511.420051146262722 ], [ 885.075326092629666, 524.013043279360431 ], [ 882.64509953908555, 524.08668650754521 ], [ 882.424169857657375, 529.830858357898933 ], [ 884.559823492330338, 530.272717731817011 ], [ 883.897034431813722, 535.648673438361243 ], [ 880.730375589808659, 535.427743750921195 ], [ 880.730375589087203, 532.408371367451082 ], [ 866.590875650397379, 531.671939077908291 ] ] ] } },
{ "type": "Feature", "properties": { "feature_type": "building", "subtype": "no-damage", "uid": "4c18b2a0-997a-489e-9f27-da07f97d4b01" }, "geometry": { "type": "Polygon", "coordinates": [ [ [ 946.536277487145071, 454.826364692669983 ], [ 955.413099911099152, 453.506837035859974 ], [ 956.852584627258921, 463.703187115057801 ], [ 947.933521954765524, 465.463484156280288 ], [ 946.536277487145071, 454.826364692669983 ] ] ] } },
{ "type": "Feature", "properties": { "feature_type": "building", "subtype": "no-damage", "uid": "e78ab4a6-cc38-41d9-8a4f-a7659edc6839" }, "geometry": { "type": "Polygon", "coordinates": [ [ [ 954.216894596573638, 432.17584211193298 ], [ 962.618983230405661, 430.417265421028105 ], [ 965.159149563423739, 440.968725567419426 ], [ 972.193456328729098, 439.210148876514495 ], [ 974.733622656456646, 448.00303233103898 ], [ 957.734047976941724, 454.060352042980185 ], [ 954.216894596573638, 432.17584211193298 ] ] ] } },
{ "type": "Feature", "properties": { "feature_type": "building", "subtype": "no-damage", "uid": "8a9bf969-8539-4dda-a4ed-5adf9cc8f31a" }, "geometry": { "type": "Polygon", "coordinates": [ [ [ 887.989246416125866, 485.852020112976675 ], [ 889.788602315503908, 477.574982989138903 ], [ 902.576359308283486, 480.073190737196114 ], [ 900.632209524523319, 487.947581648010782 ], [ 900.213590707233607, 488.746159594761821 ], [ 887.989246416125866, 485.852020112976675 ] ] ] } },
{ "type": "Feature", "properties": { "feature_type": "building", "subtype": "no-damage", "uid": "76ddfcdd-e979-4d05-9852-838b6b5892ce" }, "geometry": { "type": "Polygon", "coordinates": [ [ [ 634.6755916665104, 420.227464787387873 ], [ 641.724803803548866, 421.355338728697973 ], [ 639.939003394670294, 430.096361783711188 ], [ 634.017665198942268, 429.062477334864923 ], [ 634.6755916665104, 420.227464787387873 ] ] ] } },
{ "type": "Feature", "properties": { "feature_type": "building", "subtype": "no-damage", "uid": "0965a41a-0ee8-48ac-bac3-d1f0dc5f1eef" }, "geometry": { "type": "Polygon", "coordinates": [ [ [ 678.001025325409614, 441.566038769894021 ], [ 699.799421062529632, 445.542773126499185 ], [ 695.528113792462364, 457.620262658456227 ], [ 690.888590374256864, 456.95747359902191 ], [ 689.931228401963153, 459.314056924019781 ], [ 676.601803976672613, 456.810187140728601 ], [ 676.822733663751933, 450.476869460087414 ], [ 678.001025325409614, 441.566038769894021 ] ] ] } },
{ "type": "Feature", "properties": { "feature_type": "building", "subtype": "no-damage", "uid": "8c5b6ef4-5213-422e-85ca-2610c22dd0d7" }, "geometry": { "type": "Polygon", "coordinates": [ [ [ 705.058594394244551, 410.929573732940185 ], [ 709.19226695383577, 412.766761535171611 ], [ 708.579871021121107, 417.20663206292221 ], [ 703.221406589727962, 416.441137143482024 ], [ 705.058594394244551, 410.929573732940185 ] ] ] } },
{ "type": "Feature", "properties": { "feature_type": "building", "subtype": "no-damage", "uid": "f92711c8-4a24-4701-9ac3-6f45a0da5e08" }, "geometry": { "type": "Polygon", "coordinates": [ [ [ 674.363082501684517, 413.880309765455081 ], [ 708.790758657585229, 421.317647471322914 ], [ 706.151703338793936, 432.833525208292713 ], [ 672.563726602426641, 424.796402203874891 ], [ 674.363082501684517, 413.880309765455081 ] ] ] } },
{ "type": "Feature", "properties": { "feature_type": "building", "subtype": "no-damage", "uid": "47fc6fff-15d5-464c-b48d-b93c5ad685e9" }, "geometry": { "type": "Polygon", "coordinates": [ [ [ 926.843352226194838, 502.657269631716588 ], [ 931.142095245789847, 494.645975818342379 ], [ 939.739581294959521, 501.875679991528216 ], [ 931.92368488597856, 507.932999705393172 ], [ 926.843352226194838, 502.657269631716588 ] ] ] } },
{ "type": "Feature", "properties": { "feature_type": "building", "subtype": "no-damage", "uid": "388f1fd2-db07-48c2-a6a2-88339c4e3ccf" }, "geometry": { "type": "Polygon", "coordinates": [ [ [ 807.654224177463107, 501.23291988388371 ], [ 807.894138295079529, 497.274336910567911 ], [ 824.808083727181611, 498.114036330461772 ], [ 826.247568443221212, 503.032275781457599 ], [ 830.326108477450816, 503.272189900877493 ], [ 830.326108472761462, 511.789141144135272 ], [ 819.050144854847076, 512.029055263555392 ], [ 820.129758393439829, 508.070472292163402 ], [ 820.609586636007407, 506.630987574681512 ], [ 817.850574257626363, 507.350729933903381 ], [ 811.612807149698142, 508.550300530041511 ], [ 811.732764208686717, 504.711674618359496 ], [ 807.654224177463107, 501.23291988388371 ] ] ] } },
{ "type": "Feature", "properties": { "feature_type": "building", "subtype": "no-damage", "uid": "250fd7de-0061-4ff9-9f28-90c18c03cbc5" }, "geometry": { "type": "Polygon", "coordinates": [ [ [ 832.646738488927554, 485.355428231350004 ], [ 841.043732672237752, 486.075170590571872 ], [ 841.283646790936473, 503.468944257179373 ], [ 836.605321461042308, 504.068729556691324 ], [ 835.765622044033989, 501.069803062979418 ], [ 832.406824368064576, 500.230103645009422 ], [ 832.646738488927554, 485.355428231350004 ] ] ] } },
{ "type": "Feature", "properties": { "feature_type": "building", "subtype": "no-damage", "uid": "a10820ed-db6c-4fab-99d1-ffda3549e4fa" }, "geometry": { "type": "Polygon", "coordinates": [ [ [ 804.970037540797762, 483.798710121642102 ], [ 810.566922932379157, 484.387855952891584 ], [ 811.229711990851683, 486.008006987384817 ], [ 818.888607794933137, 486.37622313023229 ], [ 819.035894250701517, 484.903358554032479 ], [ 827.283935880261197, 485.197931469657192 ], [ 825.88471453236582, 497.864566832863488 ], [ 803.718102649993398, 496.465345483886608 ], [ 804.970037540797762, 483.798710121642102 ] ] ] } },
{ "type": "Feature", "properties": { "feature_type": "building", "subtype": "no-damage", "uid": "75c56d50-41f6-4114-b993-6ed477e8c935" }, "geometry": { "type": "Polygon", "coordinates": [ [ [ 838.826069430561233, 396.256872149371304 ], [ 848.55369516506596, 362.633289140069508 ], [ 858.028492047556028, 363.587815491383992 ], [ 849.549500241012765, 399.249457490479585 ], [ 838.826069430561233, 396.256872149371304 ] ] ] } },
{ "type": "Feature", "properties": { "feature_type": "building", "subtype": "no-damage", "uid": "4b73bec7-42f4-4674-9e99-a224d6476ec8" }, "geometry": { "type": "Polygon", "coordinates": [ [ [ 893.191369821823287, 386.530969785719321 ], [ 898.677776282808281, 373.064335742555613 ], [ 907.904914423546757, 375.558156861588827 ], [ 905.660475413987342, 389.772937240269925 ], [ 893.191369821823287, 386.530969785719321 ] ] ] } },
{ "type": "Feature", "properties": { "feature_type": "building", "subtype": "no-damage", "uid": "4f2857f9-a225-48ab-9497-39c5650df8bb" }, "geometry": { "type": "Polygon", "coordinates": [ [ [ 907.556432929113157, 384.518405021425792 ], [ 908.496327883451727, 377.187224394733676 ], [ 913.759739615459353, 376.905255909646712 ], [ 910.752075766553844, 384.236436533453116 ], [ 907.556432929113157, 384.518405021425792 ] ] ] } },
{ "type": "Feature", "properties": { "feature_type": "building", "subtype": "no-damage", "uid": "3f3fb08d-f068-4f5e-942e-c822706552be" }, "geometry": { "type": "Polygon", "coordinates": [ [ [ 910.752075766553844, 384.236436533453116 ], [ 916.579424466932096, 376.623287424559578 ], [ 930.207901273278594, 378.03312985288062 ], [ 927.482205912225709, 388.183995331405185 ], [ 913.101813147049597, 384.706384009239514 ], [ 910.752075766553844, 384.236436533453116 ] ] ] } },
{ "type": "Feature", "properties": { "feature_type": "building", "subtype": "no-damage", "uid": "0161f045-7a3d-4c76-8c00-9ee007735091" }, "geometry": { "type": "Polygon", "coordinates": [ [ [ 878.353868428024725, 397.143527814390495 ], [ 888.31675491489159, 398.271401756662613 ], [ 887.846807439706254, 403.158855505225574 ], [ 878.071899945101791, 401.936992068565814 ], [ 878.353868428024725, 397.143527814390495 ] ] ] } },
{ "type": "Feature", "properties": { "feature_type": "building", "subtype": "no-damage", "uid": "36640e29-204f-42fe-be24-e164bfd91ee8" }, "geometry": { "type": "Polygon", "coordinates": [ [ [ 853.079683280627592, 402.111910979473976 ], [ 853.772100044796389, 387.224950607264304 ], [ 856.887975468586205, 382.781943054306794 ], [ 856.9456768673939, 388.898291113647588 ], [ 860.523163467336303, 389.590707876734086 ], [ 859.657642516363694, 403.496744500837224 ], [ 853.079683280627592, 402.111910979473976 ] ] ] } },
{ "type": "Feature", "properties": { "feature_type": "building", "subtype": "no-damage", "uid": "14ee8242-9812-486b-89a3-646aa3af7d96" }, "geometry": { "type": "Polygon", "coordinates": [ [ [ 869.412228774139749, 388.79968547167789 ], [ 880.808149456694082, 390.479084308579786 ], [ 879.84849297552671, 396.836808476095712 ], [ 868.692486416120005, 395.397323759575727 ], [ 869.412228774139749, 388.79968547167789 ] ] ] } },
{ "type": "Feature", "properties": { "feature_type": "building", "subtype": "no-damage", "uid": "8eb8df1a-9588-46ca-90f4-aa8d6c190a52" }, "geometry": { "type": "Polygon", "coordinates": [ [ [ 890.063018046764796, 390.319600840535827 ], [ 895.833157723482373, 390.550406427590019 ], [ 893.871310233521058, 400.013435501621416 ], [ 889.889913854911015, 400.071136899587373 ], [ 890.063018046764796, 390.319600840535827 ] ] ] } },
{ "type": "Feature", "properties": { "feature_type": "building", "subtype": "no-damage", "uid": "a51a2e45-f2b9-42e9-899e-6978fcf4bfae" }, "geometry": { "type": "Polygon", "coordinates": [ [ [ 930.221368185886377, 386.403243840347784 ], [ 931.166833881241246, 377.665362909650128 ], [ 943.833469243249738, 378.401795198231014 ], [ 943.416644761927046, 387.122986197646014 ], [ 930.221368185886377, 386.403243840347784 ] ] ] } },
{ "type": "Feature", "properties": { "feature_type": "building", "subtype": "no-damage", "uid": "4337c040-bd22-479a-adb4-92924dd84d9d" }, "geometry": { "type": "Polygon", "coordinates": [ [ [ 933.105086286697087, 364.865409033375613 ], [ 935.172855180422289, 357.722207399306626 ], [ 950.117184915051325, 364.395461555665406 ], [ 948.425374002243871, 370.222810259648782 ], [ 933.105086286697087, 364.865409033375613 ] ] ] } },
{ "type": "Feature", "properties": { "feature_type": "building", "subtype": "no-damage", "uid": "27809af3-974a-48de-ac87-feb54149593f" }, "geometry": { "type": "Polygon", "coordinates": [ [ [ 910.71720505972371, 344.957726427743125 ], [ 917.434800406011163, 349.276180580188907 ], [ 911.676861537283798, 358.872745361798593 ], [ 905.265364964615856, 357.089722862880478 ], [ 910.71720505972371, 344.957726427743125 ] ] ] } },
{ "type": "Feature", "properties": { "feature_type": "building", "subtype": "no-damage", "uid": "26b384a5-4d70-4a81-9b0f-d648501caaef" }, "geometry": { "type": "Polygon", "coordinates": [ [ [ 873.147948477434966, 363.835407624407878 ], [ 878.223381217660972, 348.233151423298523 ], [ 885.648551338983907, 351.052836279940493 ], [ 882.734876986991253, 365.151260558341221 ], [ 873.147948477434966, 363.835407624407878 ] ] ] } },
{ "type": "Feature", "properties": { "feature_type": "building", "subtype": "no-damage", "uid": "a690b677-2668-4c87-853c-f88796429de1" }, "geometry": { "type": "Polygon", "coordinates": [ [ [ 900.290472684280189, 356.043428881791783 ], [ 912.869377184629798, 361.467360179970115 ], [ 910.445918518515896, 368.449229191485585 ], [ 897.059194464919187, 365.160249573799092 ], [ 900.290472684280189, 356.043428881791783 ] ] ] } },
{ "type": "Feature", "properties": { "feature_type": "building", "subtype": "no-damage", "uid": "c182a088-3eb4-4b7f-9710-0b2a2d9cdf50" }, "geometry": { "type": "Polygon", "coordinates": [ [ [ 892.765980054006945, 365.203746543721309 ], [ 894.483981114209428, 361.722533865817184 ], [ 891.319242320048829, 360.953954446508476 ], [ 892.313874513632982, 358.557795072619683 ], [ 894.845665551005482, 358.512584520409916 ], [ 896.880140490022768, 352.590001915445498 ], [ 899.818826512914256, 353.358581337639976 ], [ 895.162139428016758, 366.33401039994618 ], [ 892.765980054006945, 365.203746543721309 ] ] ] } },
{ "type": "Feature", "properties": { "feature_type": "building", "subtype": "no-damage", "uid": "e737e761-9d40-463e-b89c-9544eceeddac" }, "geometry": { "type": "Polygon", "coordinates": [ [ [ 980.451746692214442, 563.165905635367494 ], [ 989.568727724781752, 563.071916140017834 ], [ 989.192769744224734, 569.36921231690178 ], [ 980.169778208329603, 568.617296355066514 ], [ 980.451746692214442, 563.165905635367494 ] ] ] } },
{ "type": "Feature", "properties": { "feature_type": "building", "subtype": "no-damage", "uid": "08f01fef-c389-4240-8d8a-a14032675ca6" }, "geometry": { "type": "Polygon", "coordinates": [ [ [ 923.9262362952187, 556.396616034920839 ], [ 932.244978275998733, 556.1253527101195 ], [ 931.485501840732923, 564.818199174741949 ], [ 923.700183528037769, 564.760568566945722 ], [ 923.9262362952187, 556.396616034920839 ] ] ] } },
{ "type": "Feature", "properties": { "feature_type": "building", "subtype": "no-damage", "uid": "2fe04b0d-4c0e-47ef-860a-ed6a30df9def" }, "geometry": { "type": "Polygon", "coordinates": [ [ [ 932.678805874119917, 525.470537192824395 ], [ 935.128389610268982, 524.092646339948487 ], [ 941.711645909616436, 534.044080280164735 ], [ 943.242635745370876, 554.253146125872149 ], [ 947.070110338123868, 564.051481081046063 ], [ 941.099249971851691, 563.285986162567951 ], [ 939.415161152738165, 565.12317396672313 ], [ 931.485501840732923, 564.818199174741949 ], [ 933.937162865754658, 552.835921104225918 ], [ 936.756847719872667, 551.896026153615139 ], [ 936.756847720834571, 547.666498869613974 ], [ 935.740785545869358, 545.985801005730764 ], [ 932.678805874119917, 525.470537192824395 ] ] ] } },
{ "type": "Feature", "properties": { "feature_type": "building", "subtype": "no-damage", "uid": "44daf9fa-10b1-4a3d-b7cf-96117c98f4c6" }, "geometry": { "type": "Polygon", "coordinates": [ [ [ 957.940471177406948, 545.530055803299888 ], [ 967.7769500765163, 545.889926983391774 ], [ 966.577379477972954, 555.96632000287957 ], [ 959.499912955561285, 555.846362944131556 ], [ 960.939397670398535, 552.247651150907586 ], [ 958.420299416848252, 551.407951731975686 ], [ 957.940471177406948, 545.530055803299888 ] ] ] } },
{ "type": "Feature", "properties": { "feature_type": "building", "subtype": "no-damage", "uid": "27f8f314-5d2d-4c6d-9b68-9a46b0e946d8" }, "geometry": { "type": "Polygon", "coordinates": [ [ [ 974.722612005730298, 543.339664080853368 ], [ 982.823367176275156, 546.432679693470277 ], [ 979.288492191181945, 557.773736935884358 ], [ 971.040450558736552, 555.638083300250287 ], [ 974.722612005730298, 543.339664080853368 ] ] ] } },
{ "type": "Feature", "properties": { "feature_type": "building", "subtype": "no-damage", "uid": "56f8475d-d357-4d00-8095-3c875b1c8781" }, "geometry": { "type": "Polygon", "coordinates": [ [ [ 981.184498634807483, 555.720866748186495 ], [ 982.970299041762246, 555.438898263099418 ], [ 986.165941877519458, 555.720866748186495 ], [ 986.917857837671704, 550.645434009886117 ], [ 982.970299044647959, 549.423570572264339 ], [ 983.252267529013693, 543.314253386079599 ], [ 995.846859882545687, 545.006064297563853 ], [ 995.000954424158067, 563.615984344090862 ], [ 980.902530147435755, 562.300131411119423 ], [ 981.184498634807483, 555.720866748186495 ] ] ] } },
{ "type": "Feature", "properties": { "feature_type": "building", "subtype": "no-damage", "uid": "2edb9030-e844-4d3a-8f57-894af047425a" }, "geometry": { "type": "Polygon", "coordinates": [ [ [ 991.450126520256958, 542.035040585207071 ], [ 1003.085756680463987, 543.876121306178334 ], [ 1002.128394703600975, 556.174540523651444 ], [ 995.795077026685249, 555.364465004961971 ], [ 995.846859882545687, 545.006064297563853 ], [ 990.860980693696547, 544.24433744902592 ], [ 991.450126520256958, 542.035040585207071 ] ] ] } },
{ "type": "Feature", "properties": { "feature_type": "building", "subtype": "no-damage", "uid": "df813166-bd4a-48b2-b5c9-8277dd64a096" }, "geometry": { "type": "Polygon", "coordinates": [ [ [ 924.078673474946754, 482.761942198617476 ], [ 925.636611187923791, 482.819643595621528 ], [ 931.810660643309006, 485.416206452145389 ], [ 931.637556453258753, 492.8019852398034 ], [ 923.617062300597695, 492.513478256707117 ], [ 924.078673474946754, 482.761942198617476 ] ] ] } },
{ "type": "Feature", "properties": { "feature_type": "building", "subtype": "no-damage", "uid": "78b70408-fab5-470c-91eb-162e1a69dcc8" }, "geometry": { "type": "Polygon", "coordinates": [ [ [ 920.967870776720815, 493.714581109450421 ], [ 926.795711854169781, 493.368372729350028 ], [ 926.564906264109482, 498.61919983747822 ], [ 923.795239221983252, 498.503797042508211 ], [ 923.795239220540338, 500.98495710502408 ], [ 925.180072741663594, 501.27346408812042 ], [ 924.833864363366729, 503.581519960586093 ], [ 919.929245634976496, 503.35071437257011 ], [ 920.967870776720815, 493.714581109450421 ] ] ] } },
{ "type": "Feature", "properties": { "feature_type": "building", "subtype": "no-damage", "uid": "458ff243-b275-4708-9e05-42c6a85966c3" }, "geometry": { "type": "Polygon", "coordinates": [ [ [ 931.123679675343283, 511.472239964527603 ], [ 943.906251021258072, 502.543237921700779 ], [ 956.218874889462427, 519.461347053857821 ], [ 943.906251021859248, 528.484338592034192 ], [ 931.123679675343283, 511.472239964527603 ] ] ] } },
{ "type": "Feature", "properties": { "feature_type": "building", "subtype": "no-damage", "uid": "1ca76f80-b4f1-442b-b5ea-afd940da4289" }, "geometry": { "type": "Polygon", "coordinates": [ [ [ 945.326600807430054, 501.41768795799419 ], [ 951.273400407295753, 495.929964656215986 ], [ 959.070609295903523, 499.888547627607977 ], [ 967.94743171661105, 497.489406434369926 ], [ 972.505799986915349, 506.246271797047712 ], [ 959.070609292777249, 513.398484829361792 ], [ 954.368711654948584, 505.124953403680308 ], [ 951.294393965688414, 504.220742321008913 ], [ 947.135022978063944, 505.577058947901719 ], [ 945.326600807430054, 501.41768795799419 ] ] ] } },
{ "type": "Feature", "properties": { "feature_type": "building", "subtype": "no-damage", "uid": "4a243967-bc8f-485e-939d-c5ca4ed74a20" }, "geometry": { "type": "Polygon", "coordinates": [ [ [ 936.757821209154258, 484.187835595970228 ], [ 946.913267040143523, 482.22598810649049 ], [ 950.490753640085927, 492.843045114831 ], [ 941.950946916432599, 492.439135336764707 ], [ 943.970495806163399, 495.958920540543488 ], [ 938.258057520678449, 499.709511333300327 ], [ 933.238036000805096, 494.574087020142201 ], [ 935.02677930059599, 490.823496228347324 ], [ 931.680098288789964, 490.246482258307026 ], [ 931.680098289030525, 484.187835595008323 ], [ 933.988154163180411, 484.187835597893979 ], [ 934.276661141948125, 484.937953755098704 ], [ 936.757821209154258, 484.187835595970228 ] ] ] } },
{ "type": "Feature", "properties": { "feature_type": "building", "subtype": "no-damage", "uid": "4cbccc0a-d25d-41de-b9a9-1991cfcd6ae1" }, "geometry": { "type": "Polygon", "coordinates": [ [ [ 927.032070982608843, 399.081982812374179 ], [ 936.62863576578502, 398.122326334694208 ], [ 938.547948719462397, 415.75601412168362 ], [ 928.591512759440661, 416.595713539653616 ], [ 927.032070982608843, 399.081982812374179 ] ] ] } },
{ "type": "Feature", "properties": { "feature_type": "building", "subtype": "no-damage", "uid": "929df14f-12d4-402e-9c56-73006574a162" }, "geometry": { "type": "Polygon", "coordinates": [ [ [ 942.873097864862189, 437.79040323886619 ], [ 951.857571782882815, 437.569473551426313 ], [ 954.435084793397664, 452.739978694076228 ], [ 946.536277487145071, 454.826364692669983 ], [ 942.873097864862189, 437.79040323886619 ] ] ] } },
{ "type": "Feature", "properties": { "feature_type": "building", "subtype": "no-damage", "uid": "6d45b692-7d06-4601-873e-88ead4baa066" }, "geometry": { "type": "Polygon", "coordinates": [ [ [ 923.283998989517727, 432.635377217838197 ], [ 939.706439027185752, 432.046231387550677 ], [ 941.32659006179972, 440.5152027057498 ], [ 935.28784529630002, 441.325278222515408 ], [ 935.435131750144592, 444.933796437235117 ], [ 932.342116140292205, 445.228369352859772 ], [ 932.268472913189498, 442.208996969389716 ], [ 923.946788051116414, 442.724499571492515 ], [ 923.283998989517727, 432.635377217838197 ] ] ] } },
{ "type": "Feature", "properties": { "feature_type": "building", "subtype": "no-damage", "uid": "7a85850a-d727-45bb-838a-028203355508" }, "geometry": { "type": "Polygon", "coordinates": [ [ [ 939.267906551608348, 417.354025006106383 ], [ 949.725245048715124, 416.396663032009428 ], [ 951.71361222641724, 435.838475447851181 ], [ 941.84541956043995, 436.943123880241615 ], [ 939.267906551608348, 417.354025006106383 ] ] ] } },
{ "type": "Feature", "properties": { "feature_type": "building", "subtype": "no-damage", "uid": "3fbbb9de-0e8a-4b62-99a8-ebf1bea2e6cd" }, "geometry": { "type": "Polygon", "coordinates": [ [ [ 959.426828587885552, 367.890379320281909 ], [ 973.20089036474883, 370.693287767608808 ], [ 969.562469410386939, 391.423241972472113 ], [ 955.228331495027987, 388.043165362143327 ], [ 959.426828587885552, 367.890379320281909 ] ] ] } },
{ "type": "Feature", "properties": { "feature_type": "building", "subtype": "no-damage", "uid": "daccdf1b-1241-48a0-8af7-1f05e4eecd99" }, "geometry": { "type": "Polygon", "coordinates": [ [ [ 1022.975778366036025, 418.383392187365985 ], [ 1010.831882827730055, 420.149187938445209 ], [ 1008.622585965593998, 413.226724427516388 ], [ 1001.110976621249051, 411.459286933767999 ], [ 1003.246630256643016, 397.467073451693182 ], [ 1022.975778631163962, 407.75836518398728 ], [ 1022.975778366036025, 418.383392187365985 ] ] ] } },
{ "type": "Feature", "properties": { "feature_type": "building", "subtype": "no-damage", "uid": "ef6cb7fe-8420-4cf9-992a-c87fc9cca64f" }, "geometry": { "type": "Polygon", "coordinates": [ [ [ 971.02641776003702, 391.923103257971604 ], [ 973.235714628065011, 382.202197051012604 ], [ 984.429485410746793, 385.221569432558908 ], [ 981.925615629378626, 393.837827208089493 ], [ 971.02641776003702, 391.923103257971604 ] ] ] } },
{ "type": "Feature", "properties": { "feature_type": "building", "subtype": "no-damage", "uid": "3ecf1fd4-7e96-4534-8c70-66b99c834185" }, "geometry": { "type": "Polygon", "coordinates": [ [ [ 936.62863576578502, 398.122326334694208 ], [ 945.827619918806249, 383.731776703116395 ], [ 952.717074187877756, 386.640657391986679 ], [ 953.176371137954789, 396.745190315321508 ], [ 940.928452441337754, 400.57266490675039 ], [ 936.62863576578502, 398.122326334694208 ] ] ] } },
{ "type": "Feature", "properties": { "feature_type": "building", "subtype": "no-damage", "uid": "597aa5a2-4b2b-44af-93ed-ac7f6a807cc5" }, "geometry": { "type": "Polygon", "coordinates": [ [ [ 931.889905388000784, 189.410881844851104 ], [ 942.416728847086119, 191.1026927592211 ], [ 941.758802382163253, 199.937705303812407 ], [ 946.17630865530225, 196.460093984532392 ], [ 947.210193104148743, 191.948598215444207 ], [ 955.575258174760279, 194.016367109288893 ], [ 951.627699378129364, 214.600066555272889 ], [ 935.555495700626693, 213.660171601776312 ], [ 936.213422166751911, 208.67872835786369 ], [ 929.540168011713376, 206.798938453756307 ], [ 928.318304570724536, 202.193453190280394 ], [ 931.701926400307343, 196.084136003133693 ], [ 931.889905388000784, 189.410881844851104 ] ] ] } },
{ "type": "Feature", "properties": { "feature_type": "building", "subtype": "no-damage", "uid": "8a084c44-aecb-47ca-a1e9-652315e5f716" }, "geometry": { "type": "Polygon", "coordinates": [ [ [ 1022.975786041872993, 248.954710273759702 ], [ 998.917935437245546, 244.842986622181911 ], [ 999.377232390088125, 232.1357709781376 ], [ 1017.596011448649051, 238.10663133995871 ], [ 1016.983615511364974, 242.54650186770931 ], [ 1022.975786451647991, 242.938753236932314 ], [ 1022.975786041872993, 248.954710273759702 ] ] ] } },
{ "type": "Feature", "properties": { "feature_type": "building", "subtype": "no-damage", "uid": "e433684e-1970-47a8-b7e5-30cce59c24fc" }, "geometry": { "type": "Polygon", "coordinates": [ [ [ 957.121912894863613, 194.014124041195089 ], [ 962.633476306249122, 195.698212861270008 ], [ 961.102486470013673, 203.965557979487613 ], [ 955.437824074427454, 202.587667127573496 ], [ 957.121912894863613, 194.014124041195089 ] ] ] } },
{ "type": "Feature", "properties": { "feature_type": "building", "subtype": "no-damage", "uid": "b9e9ef02-b4ad-4df9-8a7f-801da8016aa4" }, "geometry": { "type": "Polygon", "coordinates": [ [ [ 983.656234855535558, 212.163143087353006 ], [ 993.525131850058756, 213.291017027701287 ], [ 993.337152860321339, 219.306344720460089 ], [ 988.825657091712515, 218.648418253012608 ], [ 987.885762139898929, 227.107472820052891 ], [ 982.904318894902417, 227.2014623134788 ], [ 983.656234855535558, 212.163143087353006 ] ] ] } },
{ "type": "Feature", "properties": { "feature_type": "building", "subtype": "no-damage", "uid": "a0bedac7-0880-4f4a-8c9d-50dcd23dfd5c" }, "geometry": { "type": "Polygon", "coordinates": [ [ [ 1022.975787659332013, 225.81173532267519 ], [ 1007.971914153122952, 223.79048502115981 ], [ 1008.211828272662956, 213.594134941 ], [ 1012.530282424268989, 213.834049062343894 ], [ 1014.809466559961947, 209.275680789516088 ], [ 1022.975788892626042, 209.38226971056261 ], [ 1022.975787659332013, 225.81173532267519 ] ] ] } },
{ "type": "Feature", "properties": { "feature_type": "building", "subtype": "no-damage", "uid": "46f14cff-8a56-49aa-8b20-9a6ed3f4b132" }, "geometry": { "type": "Polygon", "coordinates": [ [ [ 998.255392310477191, 215.393490838573911 ], [ 1006.052601200046979, 215.753362016741988 ], [ 1005.812687076538964, 224.030399142503597 ], [ 997.775564072839416, 223.0707426619378 ], [ 998.255392310477191, 215.393490838573911 ] ] ] } },
{ "type": "Feature", "properties": { "feature_type": "building", "subtype": "no-damage", "uid": "213b57ce-3d4b-4e06-85d7-4e695ac8f16b" }, "geometry": { "type": "Polygon", "coordinates": [ [ [ 1022.97578900144299, 207.944401820241893 ], [ 1014.490166345648959, 208.051439363756799 ], [ 1013.890381045414983, 205.172469930716687 ], [ 1008.732227476319963, 205.292426990426691 ], [ 1009.451969835422005, 190.297794518981192 ], [ 1016.76935048146197, 189.218180979667409 ], [ 1016.529436359758051, 195.21603396805321 ], [ 1022.97578999738505, 195.319545071650595 ], [ 1022.97578900144299, 207.944401820241893 ] ] ] } },
{ "type": "Feature", "properties": { "feature_type": "building", "subtype": "no-damage", "uid": "8d5d1762-4036-4853-b5f5-a03cec7c75c4" }, "geometry": { "type": "Polygon", "coordinates": [ [ [ 950.214039643795786, 217.173423824125308 ], [ 953.735316268748534, 205.844099031033096 ], [ 962.002661388652427, 206.762692932629705 ], [ 959.399978667581195, 236.310796783193808 ], [ 948.223752856882129, 235.545301864715611 ], [ 946.692763018843038, 222.684987235628995 ], [ 942.559090460334005, 221.460195366833489 ], [ 942.712189446218076, 215.795532972211191 ], [ 950.214039643795786, 217.173423824125308 ] ] ] } },
{ "type": "Feature", "properties": { "feature_type": "building", "subtype": "no-damage", "uid": "75db7a1c-05dd-4f32-9c9b-605228092f0a" }, "geometry": { "type": "Polygon", "coordinates": [ [ [ 847.228680191553963, 36.833382896290338 ], [ 853.352639537096934, 38.21127374820437 ], [ 854.424332423856526, 34.230700172695023 ], [ 861.313786689080416, 35.914788992769857 ], [ 859.629697868884705, 40.354659520520393 ], [ 862.691677543159244, 40.20156053547808 ], [ 861.619984657121108, 46.172420900184967 ], [ 846.310086288033176, 42.804243259073402 ], [ 847.228680191553963, 36.833382896290338 ] ] ] } },
{ "type": "Feature", "properties": { "feature_type": "building", "subtype": "no-damage", "uid": "6e8076e7-1faa-45fb-8a8d-efdcc2681fbb" }, "geometry": { "type": "Polygon", "coordinates": [ [ [ 917.892601738082817, 322.400401308735297 ], [ 926.099292965114159, 299.343506915481726 ], [ 945.639033976083965, 303.642249937479789 ], [ 941.551743919931937, 313.999314971842125 ], [ 941.535688363530198, 311.262748931721717 ], [ 939.38631685421376, 311.067351523117509 ], [ 935.86916346867531, 319.469440158509713 ], [ 931.179625627783594, 318.101658285775216 ], [ 930.593433395958755, 321.618811668546925 ], [ 938.018534980156119, 324.549772819734414 ], [ 937.416206134044501, 333.455140475554003 ], [ 936.650753110907999, 336.664412246502479 ], [ 914.755026111545362, 327.477439684246178 ], [ 917.892601738082817, 322.400401308735297 ] ] ] } },
{ "type": "Feature", "properties": { "feature_type": "building", "subtype": "no-damage", "uid": "bba6917b-559c-43a4-a341-3a745d0fc54a" }, "geometry": { "type": "Polygon", "coordinates": [ [ [ 951.11009292160179, 341.156102718528473 ], [ 956.09153616744004, 326.023793991281707 ], [ 964.080643258456462, 328.279541876787675 ], [ 958.629252539837694, 345.47961949595549 ], [ 951.11009292160179, 341.156102718528473 ] ] ] } },
{ "type": "Feature", "properties": { "feature_type": "building", "subtype": "no-damage", "uid": "ab2b662e-f39a-45d4-b99d-5fed57659c54" }, "geometry": { "type": "Polygon", "coordinates": [ [ [ 957.617261577340287, 259.625478569490724 ], [ 964.094942804808966, 260.225263870926483 ], [ 960.376273952835618, 293.933197667713273 ], [ 950.659752110911313, 292.733627070613295 ], [ 951.979279770126595, 281.937491690941727 ], [ 957.617261577340287, 259.625478569490724 ] ] ] } },
{ "type": "Feature", "properties": { "feature_type": "building", "subtype": "no-damage", "uid": "9e096480-c3c7-4c71-bdaa-1bad60768ebd" }, "geometry": { "type": "Polygon", "coordinates": [ [ [ 964.785451807305662, 267.439351356366387 ], [ 972.462703630672308, 268.399007834046415 ], [ 967.784378299816353, 294.309732745835504 ], [ 960.376273952835618, 293.933197667713273 ], [ 964.785451807305662, 267.439351356366387 ] ] ] } },
{ "type": "Feature", "properties": { "feature_type": "building", "subtype": "no-damage", "uid": "b6118d60-7986-4975-b6a7-80ff702264a0" }, "geometry": { "type": "Polygon", "coordinates": [ [ [ 931.782898681178494, 654.924930690342535 ], [ 934.909257239889143, 632.258831117183036 ], [ 953.081216380288311, 634.994394859766317 ], [ 948.587075949563996, 658.442084071190379 ], [ 931.782898681178494, 654.924930690342535 ] ] ] } },
{ "type": "Feature", "properties": { "feature_type": "building", "subtype": "no-damage", "uid": "5ab2b3f5-2c16-4d91-a3ec-d4eae97df63d" }, "geometry": { "type": "Polygon", "coordinates": [ [ [ 897.886305105224892, 662.450811370371412 ], [ 906.345359675514715, 666.022412185963049 ], [ 902.021842895681402, 675.703330189663234 ], [ 890.743103472235475, 671.379813411274426 ], [ 892.152945899835572, 667.244275625508635 ], [ 895.912525707931422, 669.030076031380645 ], [ 896.758431162591705, 666.116401682274613 ], [ 892.246935393742433, 663.860653797730606 ], [ 893.374809336135058, 661.040968943012331 ], [ 897.886305105224892, 662.450811370371412 ] ] ] } },
{ "type": "Feature", "properties": { "feature_type": "building", "subtype": "no-damage", "uid": "cc7a7a55-47ae-4333-86b0-f892ef648194" }, "geometry": { "type": "Polygon", "coordinates": [ [ [ 896.022532295489668, 576.973566584311016 ], [ 903.939698241041924, 578.293094241121025 ], [ 902.980041762640099, 588.36948726253263 ], [ 894.103219340489659, 586.930002544088779 ], [ 896.022532295489668, 576.973566584311016 ] ] ] } },
{ "type": "Feature", "properties": { "feature_type": "building", "subtype": "no-damage", "uid": "539a4c59-dfc8-461d-9a4c-c592eb472aad" }, "geometry": { "type": "Polygon", "coordinates": [ [ [ 746.455268269245266, 128.056876966826195 ], [ 748.692744152681712, 107.577730386440706 ], [ 766.904601442630678, 112.844568141108894 ], [ 771.393479458382899, 113.592714476626398 ], [ 768.650276225665948, 121.074177833725798 ], [ 776.381121695248453, 122.819852616279505 ], [ 779.872471264565434, 115.089007148623494 ], [ 789.348991511892677, 115.837153483179094 ], [ 780.869999708956584, 157.23458405682041 ], [ 770.395951011226202, 155.738291384823412 ], [ 772.640390019222536, 132.296372867451112 ], [ 766.405837222238688, 131.548226531933494 ], [ 763.662633989882465, 134.291429763447098 ], [ 746.205886157486134, 130.301315972416887 ], [ 746.455268269245266, 128.056876966826195 ] ] ] } },
{ "type": "Feature", "properties": { "feature_type": "building", "subtype": "no-damage", "uid": "a9e6703b-2036-444a-83c1-1243338048fa" }, "geometry": { "type": "Polygon", "coordinates": [ [ [ 744.811497780023274, 69.262552997554096 ], [ 762.006469869344755, 75.124475302814886 ], [ 762.006469870186493, 82.940371704699061 ], [ 742.154999132464013, 79.628788158549796 ], [ 744.811497780023274, 69.262552997554096 ] ] ] } },
{ "type": "Feature", "properties": { "feature_type": "building", "subtype": "no-damage", "uid": "e3ed51e0-50cd-4bb4-a012-15640274592c" }, "geometry": { "type": "Polygon", "coordinates": [ [ [ 511.420301030173107, 142.794385463192299 ], [ 521.024622643216844, 144.538701967720698 ], [ 522.249414511892496, 150.050265380186403 ], [ 526.076889107050192, 151.887453185303514 ], [ 531.82907346509478, 151.854368521776195 ], [ 530.429852118882764, 158.703188804520295 ], [ 534.224424861511693, 161.846597541211707 ], [ 533.228294814432957, 168.645024699881191 ], [ 508.152855940259428, 165.257436172601501 ], [ 511.420301030173107, 142.794385463192299 ] ] ] } },
{ "type": "Feature", "properties": { "feature_type": "building", "subtype": "no-damage", "uid": "829736c3-4b1c-4520-a0e4-66f6d576a866" }, "geometry": { "type": "Polygon", "coordinates": [ [ [ 956.218874889462427, 519.461347053857821 ], [ 961.240746999502562, 516.399697134797862 ], [ 962.680231712295608, 518.19905303140979 ], [ 967.598471164134821, 515.799911834324007 ], [ 969.037955882819688, 518.798838329959835 ], [ 968.318213524679663, 527.795617812057571 ], [ 959.441391099042335, 532.11407196450341 ], [ 954.763065767825537, 524.916648377093679 ], [ 956.218874889462427, 519.461347053857821 ] ] ] } },
{ "type": "Feature", "properties": { "feature_type": "building", "subtype": "no-damage", "uid": "a9fe2392-7de2-4633-9c0d-1bea3493aa7b" }, "geometry": { "type": "Polygon", "coordinates": [ [ [ 997.317492638317844, 512.397911341149438 ], [ 1007.873713901578981, 513.717438998921466 ], [ 1010.752683332215042, 516.95627961301534 ], [ 1009.912983915447967, 525.713144977616935 ], [ 1005.954400940687037, 526.073016154823108 ], [ 1006.434229180248963, 530.151556187848882 ], [ 999.716633832158095, 529.671727949008869 ], [ 999.236805596203681, 534.709924459714671 ], [ 987.600970795792364, 531.471083845620797 ], [ 994.67843732421602, 520.914862584407274 ], [ 997.317492638317844, 512.397911341149438 ] ] ] } },
{ "type": "Feature", "properties": { "feature_type": "building", "subtype": "no-damage", "uid": "85705385-2d45-47b7-b30e-8001824c3aa3" }, "geometry": { "type": "Polygon", "coordinates": [ [ [ 785.437058305734809, 297.472972463666622 ], [ 790.489324770530175, 290.736617181443478 ], [ 800.900055657099529, 294.717190756952789 ], [ 800.746956675303636, 297.77917043086552 ], [ 814.678964188268651, 304.362426729970196 ], [ 806.10542110357062, 317.835137293454522 ], [ 793.092007493284768, 304.974822663405973 ], [ 788.958334933813717, 309.873990141473882 ], [ 786.814949162458902, 308.496099289559879 ], [ 785.283959321894827, 300.228754169418494 ], [ 785.437058305734809, 297.472972463666622 ] ] ] } },
{ "type": "Feature", "properties": { "feature_type": "building", "subtype": "no-damage", "uid": "e03290ff-d065-4650-975a-ae047afc6a22" }, "geometry": { "type": "Polygon", "coordinates": [ [ [ 787.776685328747931, 312.670585102780421 ], [ 807.832652190622525, 322.928217009233606 ], [ 801.708692843997483, 337.778818426555802 ], [ 792.063456872299298, 340.228402167032584 ], [ 787.776685328747931, 312.670585102780421 ] ] ] } },
{ "type": "Feature", "properties": { "feature_type": "building", "subtype": "no-damage", "uid": "1e9305ee-367c-4bd9-817a-73d0b7a35ca9" }, "geometry": { "type": "Polygon", "coordinates": [ [ [ 804.015026096869974, 341.524017251178122 ], [ 807.680616409135155, 334.192836627371719 ], [ 816.891586937292686, 338.422363910410922 ], [ 812.662059655213852, 350.077061314530113 ], [ 808.338542876823453, 348.573229391821314 ], [ 810.594290759083833, 345.189607563081324 ], [ 804.015026096869974, 341.524017251178122 ] ] ] } },
{ "type": "Feature", "properties": { "feature_type": "building", "subtype": "no-damage", "uid": "8e6f9313-fc65-49e0-a334-b3dc8a636532" }, "geometry": { "type": "Polygon", "coordinates": [ [ [ 811.628175211176881, 326.485698023128521 ], [ 815.481744510173598, 327.895540451449619 ], [ 816.891586938855767, 325.357824079894613 ], [ 821.967019676797349, 330.339267324769082 ], [ 821.215103718087903, 332.407036219575787 ], [ 819.241324316105192, 332.219057227914618 ], [ 819.899250784755395, 336.542574007265387 ], [ 818.489408355351657, 338.704332397421808 ], [ 807.680616409135155, 334.192836627371719 ], [ 811.628175211176881, 326.485698023128521 ] ] ] } },
{ "type": "Feature", "properties": { "feature_type": "building", "subtype": "no-damage", "uid": "071c7c0f-0824-4dbf-affa-1150db950d14" }, "geometry": { "type": "Polygon", "coordinates": [ [ [ 311.918458980784976, 341.910458449380599 ], [ 310.414627058316228, 322.548622441980228 ], [ 328.272631142653324, 324.428412347049516 ], [ 330.528379026116113, 322.266653956893208 ], [ 337.577591165078388, 321.890695978380279 ], [ 341.525149964835578, 318.13111616824159 ], [ 350.830109987501089, 319.634948092874311 ], [ 348.95032008183, 332.417519437341582 ], [ 343.216960876200176, 332.041561457866806 ], [ 342.55903441272028, 335.143214796710197 ], [ 349.232288567037415, 336.741036215730503 ], [ 347.352498664732877, 341.534500469905822 ], [ 341.995097440742427, 340.312637032283988 ], [ 340.303286525289593, 346.609933208206201 ], [ 311.918458980784976, 341.910458449380599 ] ] ] } },
{ "type": "Feature", "properties": { "feature_type": "building", "subtype": "no-damage", "uid": "d1fb026e-801b-494e-a3ce-6018fd443dd1" }, "geometry": { "type": "Polygon", "coordinates": [ [ [ 316.621320425985914, 288.210996410770804 ], [ 326.545960672445915, 287.922489426712616 ], [ 326.372856480952805, 294.327344470111711 ], [ 331.450579398070602, 296.116087769541082 ], [ 330.41195425500382, 305.925325224634776 ], [ 326.315155084790376, 305.752221033622675 ], [ 327.180676037566627, 298.828053420073218 ], [ 315.986605058821226, 297.154712911766012 ], [ 316.621320425985914, 288.210996410770804 ] ] ] } },
{ "type": "Feature", "properties": { "feature_type": "building", "subtype": "no-damage", "uid": "dabacfb1-975b-4d1d-aae2-a3f1dcf64f1f" }, "geometry": { "type": "Polygon", "coordinates": [ [ [ 388.817816346848417, 342.004160832506727 ], [ 400.693565265236884, 345.362958507272481 ], [ 398.414381130024594, 356.039136826272227 ], [ 385.339061618623816, 352.440425032086523 ], [ 388.817816346848417, 342.004160832506727 ] ] ] } },
{ "type": "Feature", "properties": { "feature_type": "building", "subtype": "no-damage", "uid": "e5696403-0afe-46d7-9491-b754522feb6f" }, "geometry": { "type": "Polygon", "coordinates": [ [ [ 410.69755841068212, 360.523315390004711 ], [ 416.515319790709384, 349.959485516352572 ], [ 423.404774059901172, 350.724980432906875 ], [ 416.209121825434295, 363.738394047035797 ], [ 410.69755841068212, 360.523315390004711 ] ] ] } },
{ "type": "Feature", "properties": { "feature_type": "building", "subtype": "no-damage", "uid": "929b6353-e398-4031-a23a-c738fabcd8dc" }, "geometry": { "type": "Polygon", "coordinates": [ [ [ 812.689950556444728, 445.689313876971823 ], [ 879.773738654395402, 450.926338226556481 ], [ 876.28238908616072, 471.375671400896692 ], [ 809.44798310465842, 470.378142954822522 ], [ 812.689950556444728, 445.689313876971823 ] ] ] } },
{ "type": "Feature", "properties": { "feature_type": "building", "subtype": "no-damage", "uid": "b0bdb896-89f0-43fd-b175-9ce2d545e28c" }, "geometry": { "type": "Polygon", "coordinates": [ [ [ 848.129834544346068, 492.652671495835989 ], [ 854.127687530810249, 492.652671495835989 ], [ 853.407945172910672, 501.049665679383793 ], [ 847.769963364013506, 500.929708620635722 ], [ 848.129834544346068, 492.652671495835989 ] ] ] } },
{ "type": "Feature", "properties": { "feature_type": "building", "subtype": "no-damage", "uid": "3acc9224-e208-4c0d-98e7-a42ff5719b62" }, "geometry": { "type": "Polygon", "coordinates": [ [ [ 917.565023012348206, 456.330350628462384 ], [ 921.13662383082692, 473.718407237367728 ], [ 889.180195465799557, 476.256123606998926 ], [ 888.146311020319672, 469.394890458016903 ], [ 896.417386593417177, 467.609090050221084 ], [ 895.477491641603592, 458.210140530646015 ], [ 917.565023012348206, 456.330350628462384 ] ] ] } },
{ "type": "Feature", "properties": { "feature_type": "building", "subtype": "no-damage", "uid": "f3d2a3e7-60a5-47cc-9ba0-ae008a72f364" }, "geometry": { "type": "Polygon", "coordinates": [ [ [ 924.137645660851376, 473.795552551719879 ], [ 946.507145512354555, 465.806445459504005 ], [ 949.232840870762175, 478.589016804933294 ], [ 927.427277990755897, 483.006523078671819 ], [ 924.137645660851376, 473.795552551719879 ] ] ] } },
{ "type": "Feature", "properties": { "feature_type": "building", "subtype": "no-damage", "uid": "a49f4183-87bc-428e-8f0f-55ca9eb0da5a" }, "geometry": { "type": "Polygon", "coordinates": [ [ [ 785.22980631076598, 366.852814458834985 ], [ 787.391564696474234, 357.923812416970179 ], [ 800.550094023787778, 362.435308185096517 ], [ 796.508545733610731, 370.236436286613127 ], [ 791.151144504449917, 367.040793449534306 ], [ 785.22980631076598, 366.852814458834985 ] ] ] } },
{ "type": "Feature", "properties": { "feature_type": "building", "subtype": "no-damage", "uid": "6ca04e03-080d-4dba-a0cd-f67826da3ec1" }, "geometry": { "type": "Polygon", "coordinates": [ [ [ 798.349460828546285, 371.033455214375181 ], [ 800.748602026715162, 365.395473405119276 ], [ 805.546884414876445, 369.114142259015125 ], [ 808.305896790011047, 365.875301644921308 ], [ 811.664694465138723, 367.554700481823204 ], [ 807.346240313653311, 376.191608785752919 ], [ 798.349460828546285, 371.033455214375181 ] ] ] } },
{ "type": "Feature", "properties": { "feature_type": "building", "subtype": "no-damage", "uid": "d2a69f96-a022-4d48-9032-3a9728a8e02f" }, "geometry": { "type": "Polygon", "coordinates": [ [ [ 914.442612409995718, 238.227207407966489 ], [ 917.251310609665893, 239.580966450561505 ], [ 916.675051624750381, 242.174131877209504 ], [ 919.412281796576167, 243.758844081848991 ], [ 918.836022814666649, 246.207944761396391 ], [ 915.234404166850254, 245.343556285526489 ], [ 914.225950946524677, 247.936721711212613 ], [ 909.471814333927341, 245.919815270081102 ], [ 911.776850269741772, 239.0047074679307 ], [ 914.442612409995718, 238.227207407966489 ] ] ] } },
{ "type": "Feature", "properties": { "feature_type": "building", "subtype": "no-damage", "uid": "3ede5a11-8872-4ba1-9dc1-513c2879f8fb" }, "geometry": { "type": "Polygon", "coordinates": [ [ [ 875.640271224502499, 304.556440924841013 ], [ 879.929654150904071, 288.076180212302575 ], [ 887.944027511612944, 289.769357682933617 ], [ 883.993280080179375, 307.71703887162198 ], [ 875.640271224502499, 304.556440924841013 ] ] ] } },
{ "type": "Feature", "properties": { "feature_type": "building", "subtype": "no-damage", "uid": "ae918c38-c45c-4ee3-bf64-3dc983736592" }, "geometry": { "type": "Polygon", "coordinates": [ [ [ 900.493256311064101, 256.700138684717388 ], [ 916.453677447587097, 260.968719109374206 ], [ 911.589407872674883, 276.950215597913484 ], [ 895.626315919493891, 271.196048988987172 ], [ 900.493256311064101, 256.700138684717388 ] ] ] } },
{ "type": "Feature", "properties": { "feature_type": "building", "subtype": "no-damage", "uid": "b1999747-3324-49bf-928d-49f4faacfc6f" }, "geometry": { "type": "Polygon", "coordinates": [ [ [ 891.083566136677291, 307.521747947908693 ], [ 899.927891819813908, 276.655051309793009 ], [ 908.153114710024738, 279.839008556250121 ], [ 897.009264344775602, 311.767024274273808 ], [ 891.083566136677291, 307.521747947908693 ] ] ] } },
{ "type": "Feature", "properties": { "feature_type": "building", "subtype": "no-damage", "uid": "4e08e9f6-dd5d-4e49-bbc2-b15f28546b13" }, "geometry": { "type": "Polygon", "coordinates": [ [ [ 976.87526108641498, 229.701956991966398 ], [ 987.536052280478771, 232.583251909929913 ], [ 984.798822106007719, 238.345841742009213 ], [ 982.349721427421287, 238.489906488147795 ], [ 982.205656680200491, 247.421920730467804 ], [ 987.680117023250773, 249.294762424498799 ], [ 987.53605227735261, 259.955553617596877 ], [ 975.29054888105361, 257.794582430326727 ], [ 974.138030913146395, 265.285949214145887 ], [ 966.358534638970923, 264.277495994061098 ], [ 967.222923114841137, 253.47264005482441 ], [ 971.688930235642033, 253.040445817370312 ], [ 976.299002101860196, 233.015446147383898 ], [ 976.87526108641498, 229.701956991966398 ] ] ] } },
{ "type": "Feature", "properties": { "feature_type": "building", "subtype": "no-damage", "uid": "7067a5a1-a9ef-4249-93b8-1d9c0e8cad64" }, "geometry": { "type": "Polygon", "coordinates": [ [ [ 1022.975786617938979, 240.511588652696304 ], [ 1018.693404589756028, 239.583739147786702 ], [ 1019.400950646836009, 235.515349336984087 ], [ 1016.305436655153017, 234.984689793182497 ], [ 1015.686333860783975, 236.046008876938089 ], [ 1012.679263123996975, 235.515349335060307 ], [ 1012.325490097560987, 226.936353423106198 ], [ 1016.128550144400037, 226.228807367589809 ], [ 1016.216993398334012, 227.820785989375509 ], [ 1022.975787442180035, 228.819244296019491 ], [ 1022.975786617938979, 240.511588652696304 ] ] ] } },
{ "type": "Feature", "properties": { "feature_type": "building", "subtype": "no-damage", "uid": "fca622bb-1db1-425c-8817-f24a9e857a05" }, "geometry": { "type": "Polygon", "coordinates": [ [ [ 1022.97579079866, 185.516191620282598 ], [ 1003.013975987379013, 179.503497246231603 ], [ 1003.91700397516297, 170.811852899557692 ], [ 1022.975791594764019, 176.060822952973012 ], [ 1022.97579079866, 185.516191620282598 ] ] ] } },
{ "type": "Feature", "properties": { "feature_type": "building", "subtype": "no-damage", "uid": "d06e571b-7fd9-43cc-8828-edcd2f30305b" }, "geometry": { "type": "Polygon", "coordinates": [ [ [ 317.620111402684984, 346.949013024081182 ], [ 336.699978924403922, 349.1107714132757 ], [ 335.948062961245626, 353.716256676751584 ], [ 316.492237457286421, 352.024445764305483 ], [ 317.620111402684984, 346.949013024081182 ] ] ] } },
{ "type": "Feature", "properties": { "feature_type": "building", "subtype": "no-damage", "uid": "1414e94b-f5cd-4b71-8df6-d2dafd0e61c5" }, "geometry": { "type": "Polygon", "coordinates": [ [ [ 307.852555454775427, 385.956728792821309 ], [ 309.75670155085902, 378.455547209231497 ], [ 322.91262001752159, 380.301991907588786 ], [ 320.316057160876483, 389.130305615537907 ], [ 307.852555454775427, 385.956728792821309 ] ] ] } },
{ "type": "Feature", "properties": { "feature_type": "building", "subtype": "no-damage", "uid": "c8eb9bed-cdc4-4f27-af98-88ecff82819f" }, "geometry": { "type": "Polygon", "coordinates": [ [ [ 310.109010334052698, 376.689659388511188 ], [ 310.686024300365716, 370.631012728098199 ], [ 317.584077436484392, 371.628999916942576 ], [ 319.398935219720613, 366.822720538337421 ], [ 322.28400505549422, 368.034449871574225 ], [ 321.937796677437802, 370.457908536124194 ], [ 328.515755907041694, 370.227102948108097 ], [ 328.631158703454616, 377.035867770535276 ], [ 319.05272683529148, 375.997242629272421 ], [ 317.263983534298177, 378.709208276918673 ], [ 310.109010334052698, 376.689659388511188 ] ] ] } },
{ "type": "Feature", "properties": { "feature_type": "building", "subtype": "no-damage", "uid": "25fd3c04-5ea3-482e-b6db-1e6495a0e527" }, "geometry": { "type": "Polygon", "coordinates": [ [ [ 311.918458980784976, 341.910458449380599 ], [ 315.969763078203073, 342.455516174843126 ], [ 314.653910145712189, 350.538612760484796 ], [ 311.176298825709523, 349.880686293999076 ], [ 311.918458980784976, 341.910458449380599 ] ] ] } },
{ "type": "Feature", "properties": { "feature_type": "building", "subtype": "no-damage", "uid": "c3f9f486-adfe-49dd-acde-1d24b4e433b6" }, "geometry": { "type": "Polygon", "coordinates": [ [ [ 399.61862279256701, 365.507501413679392 ], [ 409.658665831231474, 365.565202811645406 ], [ 409.139353261922508, 371.335342488962112 ], [ 409.08165186443739, 373.239488585285415 ], [ 399.849428377697393, 372.893280203261213 ], [ 399.61862279256701, 365.507501413679392 ] ] ] } },
{ "type": "Feature", "properties": { "feature_type": "building", "subtype": "no-damage", "uid": "3a3096d4-dbfa-456a-aa39-669bd4fc313f" }, "geometry": { "type": "Polygon", "coordinates": [ [ [ 389.287485096140983, 359.500399815098717 ], [ 398.288902996908973, 359.788906798195001 ], [ 398.404305788512318, 369.136533077256388 ], [ 385.652297099074417, 369.136533076294484 ], [ 385.709998497881998, 362.789379430861402 ], [ 388.710471130669703, 362.962483621873389 ], [ 389.287485096140983, 359.500399815098717 ] ] ] } },
{ "type": "Feature", "properties": { "feature_type": "building", "subtype": "no-damage", "uid": "69675c72-2fd1-49fa-8a28-a6b57ee4db48" }, "geometry": { "type": "Polygon", "coordinates": [ [ [ 869.584042764216633, 637.427816664761053 ], [ 869.943913940821744, 635.628460768149125 ], [ 872.223098076154315, 630.350350138023373 ], [ 868.504429221776263, 629.030822480251459 ], [ 869.224171581599649, 625.192196566645634 ], [ 872.343055135503619, 624.232540089927511 ], [ 873.422668673855924, 615.355717666577789 ], [ 883.019233456430925, 617.87481592048789 ], [ 881.939619918319067, 635.028675469599193 ], [ 879.660435782746163, 634.908718408927257 ], [ 879.420521661041448, 637.307859605051135 ], [ 882.419448158602108, 637.307859604089231 ], [ 882.299491096246811, 639.707000799251091 ], [ 869.584042764216633, 637.427816664761053 ] ] ] } },
{ "type": "Feature", "properties": { "feature_type": "building", "subtype": "no-damage", "uid": "abae5df3-6767-4027-ad9d-81383904fb4a" }, "geometry": { "type": "Polygon", "coordinates": [ [ [ 933.105505098595131, 600.543005588862684 ], [ 938.157771561466575, 600.236807621663843 ], [ 938.157771559542766, 602.686391361178721 ], [ 943.516235991777648, 602.992589327415772 ], [ 943.363137005172121, 606.820063918844653 ], [ 943.97553294017132, 607.27936087300975 ], [ 943.822433955128986, 613.403320217949272 ], [ 932.646208147075185, 612.944023267631906 ], [ 933.105505098595131, 600.543005588862684 ] ] ] } },
{ "type": "Feature", "properties": { "feature_type": "building", "subtype": "no-damage", "uid": "11d43838-1c12-4f7f-99f0-9c6583c6f903" }, "geometry": { "type": "Polygon", "coordinates": [ [ [ 934.644090419902454, 589.114500277175807 ], [ 941.106646863313813, 589.518410053318235 ], [ 941.048945463904943, 587.72966675388875 ], [ 945.145744635320625, 587.498861165872654 ], [ 946.299772575401562, 600.193168460586548 ], [ 940.760438481169217, 600.193168459624644 ], [ 940.471931494585874, 594.480730178350086 ], [ 934.124777848910071, 593.846014813229544 ], [ 934.644090419902454, 589.114500277175807 ] ] ] } },
{ "type": "Feature", "properties": { "feature_type": "building", "subtype": "no-damage", "uid": "d8ea0378-6608-4d0a-beb9-c3bac29be458" }, "geometry": { "type": "Polygon", "coordinates": [ [ [ 955.795381102030433, 620.86603334134054 ], [ 966.239019126247285, 620.685191123844334 ], [ 964.023701969974127, 633.298935753081878 ], [ 955.614538882730585, 633.118093534623881 ], [ 955.795381102030433, 620.86603334134054 ] ] ] } },
{ "type": "Feature", "properties": { "feature_type": "building", "subtype": "no-damage", "uid": "eefebd48-f758-4a10-9539-f2632bdd4935" }, "geometry": { "type": "Polygon", "coordinates": [ [ [ 961.944490266219987, 609.10858790015277 ], [ 968.719667320901863, 609.697733731402309 ], [ 967.320445977455392, 619.344996710176588 ], [ 959.587906942664063, 619.713212854947983 ], [ 961.944490266219987, 609.10858790015277 ] ] ] } },
{ "type": "Feature", "properties": { "feature_type": "building", "subtype": "no-damage", "uid": "c842059b-0a71-4fc5-a446-58366187e20f" }, "geometry": { "type": "Polygon", "coordinates": [ [ [ 996.725521374566938, 560.216301922365119 ], [ 1000.704050145417, 560.62319691149105 ], [ 998.986049086416529, 572.377941009305118 ], [ 992.927834821574265, 571.835414358740422 ], [ 996.725521374566938, 560.216301922365119 ] ] ] } },
{ "type": "Feature", "properties": { "feature_type": "building", "subtype": "no-damage", "uid": "42c67ce0-a6b9-4361-9bed-34dbb31ba5d3" }, "geometry": { "type": "Polygon", "coordinates": [ [ [ 977.591423662393481, 522.293189872295557 ], [ 985.092605249352687, 511.445327275939007 ], [ 989.76641838623982, 514.503501306571366 ], [ 983.592368929532086, 525.928377869120482 ], [ 977.591423662393481, 522.293189872295557 ] ] ] } },
{ "type": "Feature", "properties": { "feature_type": "building", "subtype": "no-damage", "uid": "3ef3bdd2-2303-45ef-9d45-31f5853abaeb" }, "geometry": { "type": "Polygon", "coordinates": [ [ [ 633.739306037972369, 430.601617816316093 ], [ 653.772135018928452, 435.879728446441902 ], [ 652.33265030276857, 449.674790320787508 ], [ 626.301968328254361, 444.636593810081592 ], [ 633.739306037972369, 430.601617816316093 ] ] ] } },
{ "type": "Feature", "properties": { "feature_type": "building", "subtype": "no-damage", "uid": "f47e05cf-3ee5-4aa7-99b1-601da3df0808" }, "geometry": { "type": "Polygon", "coordinates": [ [ [ 862.371998977233716, 499.020759188179511 ], [ 872.428874961253882, 499.866664644402476 ], [ 872.24089597392117, 504.660128896653987 ], [ 862.371998975670522, 504.378160413490718 ], [ 862.371998977233716, 499.020759188179511 ] ] ] } },
{ "type": "Feature", "properties": { "feature_type": "building", "subtype": "no-damage", "uid": "01384846-312f-4d8e-8963-5259467ffb37" }, "geometry": { "type": "Polygon", "coordinates": [ [ [ 757.308124154711436, 474.1396865700533 ], [ 760.842999139203471, 467.806368889412113 ], [ 765.48252255740897, 468.395514718737672 ], [ 763.494155378744949, 475.980767292948428 ], [ 757.308124154711436, 474.1396865700533 ] ] ] } },
{ "type": "Feature", "properties": { "feature_type": "building", "subtype": "no-damage", "uid": "7bd053f3-ab4f-4657-83c9-53a5fe152103" }, "geometry": { "type": "Polygon", "coordinates": [ [ [ 769.31265094454136, 482.699248871572479 ], [ 779.485025644678103, 484.055565496541476 ], [ 778.897288442143918, 487.808041498284979 ], [ 769.403072055453777, 486.722988197155473 ], [ 769.31265094454136, 482.699248871572479 ] ] ] } },
{ "type": "Feature", "properties": { "feature_type": "building", "subtype": "no-damage", "uid": "ca460987-588d-4218-b930-627f0681a23d" }, "geometry": { "type": "Polygon", "coordinates": [ [ [ 786.435562143637526, 509.638033812348624 ], [ 790.265010040748393, 493.068307320721715 ], [ 794.241744401202823, 494.025669297704496 ], [ 791.001442333537966, 513.099265569736872 ], [ 788.497572548682797, 511.184541619618926 ], [ 786.435562143637526, 509.638033812348624 ] ] ] } },
{ "type": "Feature", "properties": { "feature_type": "building", "subtype": "no-damage", "uid": "fc313f1b-729c-46c4-ab25-1f572974771f" }, "geometry": { "type": "Polygon", "coordinates": [ [ [ 769.328869878384126, 488.31807706060232 ], [ 778.325649360004149, 490.357347076634312 ], [ 776.88616464216102, 496.115285945600078 ], [ 769.088955757280701, 494.315930048026189 ], [ 769.328869878384126, 488.31807706060232 ] ] ] } },
{ "type": "Feature", "properties": { "feature_type": "building", "subtype": "no-damage", "uid": "055a1d36-bdb7-49bc-86f5-8c2a9c9fbc25" }, "geometry": { "type": "Polygon", "coordinates": [ [ [ 749.598098833072413, 433.167274601243207 ], [ 759.926648861446438, 433.975094157375679 ], [ 759.388493513482103, 443.052199036247089 ], [ 749.078786262921653, 442.11099110320032 ], [ 749.424994643503055, 437.494879361154517 ], [ 749.598098833072413, 433.167274601243207 ] ] ] } },
{ "type": "Feature", "properties": { "feature_type": "building", "subtype": "no-damage", "uid": "029a6bc5-a4bb-4ab1-bfb0-b5ff14e54f73" }, "geometry": { "type": "Polygon", "coordinates": [ [ [ 774.141372302853483, 423.783315455375885 ], [ 777.125268880359499, 427.58100201125302 ], [ 778.752848836262729, 424.913579312562774 ], [ 782.188850954262875, 426.857633144154022 ], [ 783.499957028465474, 439.471377771467814 ], [ 771.067054617561325, 436.261428421251026 ], [ 765.460945890688208, 434.859901239262626 ], [ 774.141372302853483, 423.783315455375885 ] ] ] } },
{ "type": "Feature", "properties": { "feature_type": "building", "subtype": "no-damage", "uid": "40fc33c0-5cbc-452b-b029-4bf3191d9822" }, "geometry": { "type": "Polygon", "coordinates": [ [ [ 774.902900081634243, 378.925455557223984 ], [ 777.252637464534814, 372.722148873765775 ], [ 785.241744550501153, 374.977896758309896 ], [ 784.865212992985676, 381.360294359349382 ], [ 774.902900081634243, 378.925455557223984 ] ] ] } },
{ "type": "Feature", "properties": { "feature_type": "building", "subtype": "no-damage", "uid": "e637be34-df92-4efd-9ded-52b5214c0a7e" }, "geometry": { "type": "Polygon", "coordinates": [ [ [ 752.124871264231842, 346.974054669797226 ], [ 761.721436046325834, 350.572766463982987 ], [ 759.682166031736074, 366.88692659127662 ], [ 755.963497178921102, 365.207527754374723 ], [ 754.404055399083404, 368.086497189338615 ], [ 746.246975336034893, 364.847656576206589 ], [ 752.124871264231842, 346.974054669797226 ] ] ] } },
{ "type": "Feature", "properties": { "feature_type": "building", "subtype": "no-damage", "uid": "181b401f-a6f4-4ad3-92cd-be0ad1bb2a41" }, "geometry": { "type": "Polygon", "coordinates": [ [ [ 778.608412570749579, 365.800604547118382 ], [ 796.508545733610731, 370.236436286613127 ], [ 794.082873279718001, 377.196525226302015 ], [ 777.252637464534814, 372.722148873765775 ], [ 778.608412570749579, 365.800604547118382 ] ] ] } },
{ "type": "Feature", "properties": { "feature_type": "building", "subtype": "no-damage", "uid": "817bac54-982b-4ecd-a0ef-ffd0cfa98797" }, "geometry": { "type": "Polygon", "coordinates": [ [ [ 804.565715729444378, 350.643745989468187 ], [ 812.482881677641899, 353.042887182706409 ], [ 809.723869299621583, 365.518421400241891 ], [ 800.727089815837189, 363.958979622088009 ], [ 804.565715729444378, 350.643745989468187 ] ] ] } },
{ "type": "Feature", "properties": { "feature_type": "building", "subtype": "no-damage", "uid": "08891c42-d576-4f80-99b5-7780186b799b" }, "geometry": { "type": "Polygon", "coordinates": [ [ [ 812.482881674395458, 356.521641917182194 ], [ 824.958415890131732, 357.361341336114094 ], [ 823.638888233200987, 366.358120818211887 ], [ 811.043396956792776, 364.19889374246992 ], [ 812.482881674395458, 356.521641917182194 ] ] ] } },
{ "type": "Feature", "properties": { "feature_type": "building", "subtype": "no-damage", "uid": "12cd38c0-3a40-4a48-abd7-cf3219e3c495" }, "geometry": { "type": "Polygon", "coordinates": [ [ [ 794.558600825216104, 379.231484768076484 ], [ 802.217496624968931, 382.39814360984002 ], [ 798.813114213032691, 386.956553954881713 ], [ 792.292856373459017, 383.956081323177216 ], [ 794.558600825216104, 379.231484768076484 ] ] ] } },
{ "type": "Feature", "properties": { "feature_type": "building", "subtype": "no-damage", "uid": "20c43c3c-8c29-4b20-8330-c27b736fb99d" }, "geometry": { "type": "Polygon", "coordinates": [ [ [ 835.458221160016478, 385.452915259622785 ], [ 839.875727433996985, 387.050736677681186 ], [ 837.807958536303886, 394.193938312712078 ], [ 833.578431255186956, 393.254043361139395 ], [ 835.458221160016478, 385.452915259622785 ] ] ] } },
{ "type": "Feature", "properties": { "feature_type": "building", "subtype": "no-damage", "uid": "67123d6a-387f-4463-bfd0-ca501101c706" }, "geometry": { "type": "Polygon", "coordinates": [ [ [ 791.529653738825687, 395.105966010277825 ], [ 796.367183044465946, 390.449278922977214 ], [ 802.741871186078924, 396.733545961972084 ], [ 797.271394127618578, 403.289076325768406 ], [ 791.529653738825687, 395.105966010277825 ] ] ] } },
{ "type": "Feature", "properties": { "feature_type": "building", "subtype": "no-damage", "uid": "de9a0ee2-e868-46f0-8eac-636f43209a98" }, "geometry": { "type": "Polygon", "coordinates": [ [ [ 51.722585972046517, 360.417582946036873 ], [ 57.079987195796591, 348.762885542879587 ], [ 61.873451450334272, 350.736664941374784 ], [ 58.39584013213512, 357.597898089394789 ], [ 62.437388421710963, 359.477687993502173 ], [ 60.839567007259163, 365.117057705824379 ], [ 51.722585972046517, 360.417582946036873 ] ] ] } },
{ "type": "Feature", "properties": { "feature_type": "building", "subtype": "no-damage", "uid": "b267ccaf-1a84-4183-a350-eccef39b43b7" }, "geometry": { "type": "Polygon", "coordinates": [ [ [ 65.258053335346972, 352.239814427147223 ], [ 75.126246001925423, 357.026624301480126 ], [ 72.180516851087816, 365.642882076048693 ], [ 63.490615844964651, 362.255293548769089 ], [ 65.258053335346972, 352.239814427147223 ] ] ] } },
{ "type": "Feature", "properties": { "feature_type": "building", "subtype": "no-damage", "uid": "19059cbf-2492-4f4f-b1a9-34e619a97633" }, "geometry": { "type": "Polygon", "coordinates": [ [ [ 101.520968599702798, 398.736721330272417 ], [ 109.989939915860901, 390.562322927697892 ], [ 118.3116247786554, 401.314234339824509 ], [ 108.664361800719405, 407.573908792280974 ], [ 101.520968599702798, 398.736721330272417 ] ] ] } },
{ "type": "Feature", "properties": { "feature_type": "building", "subtype": "no-damage", "uid": "86cbdf99-a7a7-4c28-860e-518533fc5fa6" }, "geometry": { "type": "Polygon", "coordinates": [ [ [ 92.48046537875409, 389.327165917096693 ], [ 101.170366382232004, 381.079124284413695 ], [ 108.534689266119599, 390.726387265111782 ], [ 100.139361179949802, 397.869780463480595 ], [ 92.48046537875409, 389.327165917096693 ] ] ] } },
{ "type": "Feature", "properties": { "feature_type": "building", "subtype": "no-damage", "uid": "1968b8b3-05c0-45a7-8921-a6cae78b84be" }, "geometry": { "type": "Polygon", "coordinates": [ [ [ 45.887620507726218, 342.276775780809317 ], [ 49.45922132331912, 339.081132943730609 ], [ 52.74885365659037, 343.310660226769812 ], [ 51.245021735203707, 348.386092968917808 ], [ 46.63953646884039, 347.634177007082485 ], [ 45.887620507726218, 342.276775780809317 ] ] ] } },
{ "type": "Feature", "properties": { "feature_type": "building", "subtype": "no-damage", "uid": "9a1c363f-fbb3-4741-af39-c095ab6a75b8" }, "geometry": { "type": "Polygon", "coordinates": [ [ [ 53.970717094813708, 342.182786285459713 ], [ 60.080034279677953, 342.370765274235112 ], [ 61.301897720306073, 348.292103472606186 ], [ 56.508433463604092, 350.077903881364023 ], [ 52.748853657311813, 347.916145490245697 ], [ 53.970717094813708, 342.182786285459713 ] ] ] } },
{ "type": "Feature", "properties": { "feature_type": "building", "subtype": "no-damage", "uid": "ce3fda49-dbd2-48f1-b25f-b46fbe8583ca" }, "geometry": { "type": "Polygon", "coordinates": [ [ [ 79.77776300565769, 388.384221356216017 ], [ 76.242888021887055, 386.837713550869523 ], [ 66.006479211378746, 378.736958378403585 ], [ 63.870825578749923, 379.473390666984528 ], [ 77.421179682222103, 356.717632951085875 ], [ 96.029496081866327, 370.191054191390776 ], [ 79.77776300565769, 388.384221356216017 ] ] ] } },
{ "type": "Feature", "properties": { "feature_type": "building", "subtype": "no-damage", "uid": "8fe871b5-72f9-4cd0-879a-100f4fc3ed47" }, "geometry": { "type": "Polygon", "coordinates": [ [ [ 185.130413041720487, 227.397153855319999 ], [ 198.205732554564207, 228.836638572802002 ], [ 189.568824252314812, 259.66560293558689 ], [ 179.132560052971797, 257.986204097722975 ], [ 179.972259469860006, 253.067964646727205 ], [ 185.130413041720487, 227.397153855319999 ] ] ] } },
{ "type": "Feature", "properties": { "feature_type": "building", "subtype": "no-damage", "uid": "2355b20d-f9ff-49b1-b51e-ca486ba03ad4" }, "geometry": { "type": "Polygon", "coordinates": [ [ [ 130.413721356171891, 252.910249784400804 ], [ 143.728954992523796, 247.152310912549297 ], [ 154.525090370034889, 248.711752691664998 ], [ 150.326593277057214, 258.068403352892801 ], [ 129.454064879573707, 269.344366972366402 ], [ 130.413721356171891, 252.910249784400804 ] ] ] } },
{ "type": "Feature", "properties": { "feature_type": "building", "subtype": "no-damage", "uid": "de304b0c-fefd-4862-b374-6144192d356c" }, "geometry": { "type": "Polygon", "coordinates": [ [ [ 148.923820610650012, 236.964934207118603 ], [ 160.780380455171013, 239.468803987524097 ], [ 158.497440362324994, 247.4959159318052 ], [ 146.419950829401898, 246.464910728561506 ], [ 148.923820610650012, 236.964934207118603 ] ] ] } },
{ "type": "Feature", "properties": { "feature_type": "building", "subtype": "no-damage", "uid": "1f8aa821-f0fe-4672-94a7-7499e5b1368f" }, "geometry": { "type": "Polygon", "coordinates": [ [ [ 155.322746919019409, 231.862807367591898 ], [ 155.543676606820213, 220.816323040802587 ], [ 159.667697420397587, 220.963609498133991 ], [ 159.81498387953269, 216.76594545312679 ], [ 163.128929177426386, 218.091523571995197 ], [ 162.809513901311902, 220.102469350591292 ], [ 168.652171341424207, 221.62639855660629 ], [ 168.652171340582498, 241.068210973410004 ], [ 161.5824213723198, 240.699994828638609 ], [ 161.876994288666111, 232.525596427026102 ], [ 155.322746919019409, 231.862807367591898 ] ] ] } },
{ "type": "Feature", "properties": { "feature_type": "building", "subtype": "no-damage", "uid": "8a6ae1c3-edf8-43ff-b4d3-3b59a2d73316" }, "geometry": { "type": "Polygon", "coordinates": [ [ [ 163.943855897111888, 184.599567837784491 ], [ 168.790773224530199, 182.406914762212608 ], [ 175.368732458582912, 196.486055577327789 ], [ 168.617669035562102, 199.198021224974099 ], [ 163.943855897111888, 184.599567837784491 ] ] ] } },
{ "type": "Feature", "properties": { "feature_type": "building", "subtype": "no-damage", "uid": "0c0213ec-9026-49cb-9335-9cf110931dd5" }, "geometry": { "type": "Polygon", "coordinates": [ [ [ 171.605607215404603, 202.674297799465791 ], [ 176.981562921710292, 200.096784790875603 ], [ 179.41178947537469, 208.786685794590909 ], [ 173.373044707470314, 211.658771718805809 ], [ 171.605607215404603, 202.674297799465791 ] ] ] } },
{ "type": "Feature", "properties": { "feature_type": "building", "subtype": "no-damage", "uid": "2d38b18f-0a56-4ec5-86ce-6c94ba7a1f37" }, "geometry": { "type": "Polygon", "coordinates": [ [ [ 348.511358122875777, 385.14620106564638 ], [ 366.683317265078472, 354.078012857094791 ], [ 389.54481424588829, 371.859177176671778 ], [ 372.349842157528713, 400.777993873262517 ], [ 348.511358122875777, 385.14620106564638 ] ] ] } },
{ "type": "Feature", "properties": { "feature_type": "building", "subtype": "no-damage", "uid": "4d0a46f4-f920-4ef5-bde9-fec90b72649f" }, "geometry": { "type": "Polygon", "coordinates": [ [ [ 407.182419564248903, 309.390475809928375 ], [ 426.379876544172078, 320.128787326458507 ], [ 424.216322053776423, 327.024163596917788 ], [ 403.223836592134091, 318.747126472118225 ], [ 407.182419564248903, 309.390475809928375 ] ] ] } },
{ "type": "Feature", "properties": { "feature_type": "building", "subtype": "no-damage", "uid": "ee3988e7-134a-44e2-bb7e-8077bdc6e08f" }, "geometry": { "type": "Polygon", "coordinates": [ [ [ 444.657276426660928, 309.793881265870425 ], [ 453.054270608167599, 305.595384174096523 ], [ 458.332381242263182, 314.832077776576227 ], [ 457.972510060126979, 320.709973706213987 ], [ 452.094614132651486, 323.349029020795911 ], [ 444.657276426660928, 309.793881265870425 ] ] ] } },
{ "type": "Feature", "properties": { "feature_type": "building", "subtype": "no-damage", "uid": "566d39a4-2a5f-4487-8de8-276dc7e11b5e" }, "geometry": { "type": "Polygon", "coordinates": [ [ [ 535.421192926047297, 285.521726389929427 ], [ 542.738573570644576, 286.601339928281277 ], [ 541.299088856168169, 296.797690008441009 ], [ 533.26196585282969, 294.758419993370978 ], [ 535.421192926047297, 285.521726389929427 ] ] ] } },
{ "type": "Feature", "properties": { "feature_type": "building", "subtype": "no-damage", "uid": "30702b70-01fd-49a6-8811-b44309af788b" }, "geometry": { "type": "Polygon", "coordinates": [ [ [ 511.499073458038993, 305.381369155738184 ], [ 515.728600740238107, 292.880766299243589 ], [ 521.649938942218455, 294.10262973686531 ], [ 516.856474684554541, 307.355148555195228 ], [ 511.499073458038993, 305.381369155738184 ] ] ] } },
{ "type": "Feature", "properties": { "feature_type": "building", "subtype": "no-damage", "uid": "836b865a-b92e-4114-85ee-d8ef725058be" }, "geometry": { "type": "Polygon", "coordinates": [ [ [ 507.126742219020173, 261.566513342176677 ], [ 524.87476037483566, 262.671161775529015 ], [ 525.242976519607168, 265.395961242412511 ], [ 536.878606673682157, 266.500609675764792 ], [ 536.952249902828839, 269.961841431229175 ], [ 527.599559837992729, 269.004479456170316 ], [ 527.894132757585453, 269.814554973897827 ], [ 527.820489527597033, 270.109127889522483 ], [ 537.246822817491761, 271.655635695830881 ], [ 537.246822818694227, 281.081968988127073 ], [ 533.638304608422118, 281.008325759942409 ], [ 532.680942628913954, 278.65174243686829 ], [ 525.316619747551499, 277.031591401413323 ], [ 524.138328082527096, 278.946315351531211 ], [ 521.118955700378478, 278.430812748466394 ], [ 521.045312474838965, 275.706013282544802 ], [ 516.405789053146577, 273.202143501177375 ], [ 514.859281250565004, 274.380435162714377 ], [ 515.006567705010752, 275.632370052436215 ], [ 513.018200530314516, 275.411440365958185 ], [ 512.64998438313819, 272.907570585552719 ], [ 509.77789845832109, 273.644002874133605 ], [ 507.053098991436627, 272.833927356405979 ], [ 507.126742219020173, 261.566513342176677 ] ] ] } },
{ "type": "Feature", "properties": { "feature_type": "building", "subtype": "no-damage", "uid": "9c560481-7c6b-4178-9a89-2f56c77f76e7" }, "geometry": { "type": "Polygon", "coordinates": [ [ [ 584.757132658827459, 300.969454908138516 ], [ 597.617447287798313, 306.021721369324894 ], [ 595.014764565645009, 312.298779700268824 ], [ 583.991637742272815, 309.08370104227572 ], [ 584.757132658827459, 300.969454908138516 ] ] ] } },
{ "type": "Feature", "properties": { "feature_type": "building", "subtype": "no-damage", "uid": "28c3b925-b114-4bc5-bffe-3a108262738d" }, "geometry": { "type": "Polygon", "coordinates": [ [ [ 644.402876364709527, 280.209075339764922 ], [ 656.259436208148372, 284.995885214097825 ], [ 653.166420597334081, 291.697419039510521 ], [ 649.778832068369866, 290.740057065413396 ], [ 651.178053419391404, 293.538499760481727 ], [ 652.57727476560342, 294.495861736502491 ], [ 650.147048212900927, 304.143124716238674 ], [ 646.464886769995246, 304.290411172608174 ], [ 644.181946675345557, 309.445437192674376 ], [ 634.313754010691014, 307.751642929996422 ], [ 634.019181094945907, 302.154757536012312 ], [ 637.406769621024296, 302.449330451637024 ], [ 644.402876364709527, 280.209075339764922 ] ] ] } },
{ "type": "Feature", "properties": { "feature_type": "building", "subtype": "no-damage", "uid": "35a19fc6-637a-47bd-a683-eb9efd820809" }, "geometry": { "type": "Polygon", "coordinates": [ [ [ 725.431220908629143, 1019.876733695399025 ], [ 729.284790211954487, 1011.887626602220962 ], [ 736.803949826222379, 1014.707311457901028 ], [ 732.950380522175692, 1022.132481577056978 ], [ 725.431220908629143, 1019.876733695399025 ] ] ] } },
{ "type": "Feature", "properties": { "feature_type": "building", "subtype": "no-damage", "uid": "08a6797b-b8fb-4af6-ab75-e7bb6f9867bd" }, "geometry": { "type": "Polygon", "coordinates": [ [ [ 753.035048023057243, 942.134619474025158 ], [ 771.253827080415363, 949.024073738404809 ], [ 773.091014882767695, 954.229439183671616 ], [ 776.459192529050711, 956.679022925110417 ], [ 770.335233179058832, 971.835822308669549 ], [ 743.389812049675811, 959.281705646781916 ], [ 753.035048023057243, 942.134619474025158 ] ] ] } },
{ "type": "Feature", "properties": { "feature_type": "building", "subtype": "no-damage", "uid": "beab2cc0-bfc4-4ebb-862f-b4b5f0df2914" }, "geometry": { "type": "Polygon", "coordinates": [ [ [ 752.575751072258754, 965.099467026446405 ], [ 756.097027695528141, 966.783555844597458 ], [ 758.562055619185458, 967.342699157421748 ], [ 764.144442252053068, 969.846598722545991 ], [ 766.660857570987559, 971.529624339546899 ], [ 784.420339676465005, 977.959781654571088 ], [ 782.736250854586046, 981.174860311602288 ], [ 785.798230529461648, 982.093454214160829 ], [ 787.023022398979151, 979.337672508409014 ], [ 800.495732965834918, 984.849235920874662 ], [ 807.078989260733579, 990.360799332378406 ], [ 792.777114492723967, 1022.978484939818031 ], [ 783.057514862809285, 1022.978556507214989 ], [ 777.488312245675502, 1020.331358194395989 ], [ 779.925615338783132, 1016.269186373634057 ], [ 763.749999998955445, 1007.029999999689039 ], [ 765.664773410594535, 990.900211133711878 ], [ 750.011693295507939, 983.67571261833757 ], [ 751.711693149389816, 978.57571306222485 ], [ 748.133649115577668, 977.474776436436855 ], [ 746.668948595484494, 980.160060723413721 ], [ 741.072106812054017, 979.460455500575335 ], [ 738.860000000752052, 978.660000000714717 ], [ 736.279704250384611, 975.62808888931113 ], [ 744.002207984314282, 961.118893449975189 ], [ 752.575751072258754, 965.099467026446405 ] ] ] } },
{ "type": "Feature", "properties": { "feature_type": "building", "subtype": "no-damage", "uid": "bc4932c6-28ee-400e-95a4-73c6116b2bc8" }, "geometry": { "type": "Polygon", "coordinates": [ [ [ 647.941927834668491, 765.784450134858503 ], [ 655.367097955390363, 766.72434508739309 ], [ 653.863266034725029, 779.88287441325906 ], [ 639.576862762493874, 777.345158043627976 ], [ 642.396547619377429, 765.032534172061219 ], [ 647.941927834668491, 765.784450134858503 ] ] ] } },
{ "type": "Feature", "properties": { "feature_type": "building", "subtype": "no-damage", "uid": "ac200708-6440-42ad-841b-acbe347f8fbb" }, "geometry": { "type": "Polygon", "coordinates": [ [ [ 655.840483155769107, 746.984075499226265 ], [ 665.19713381796214, 748.423560215746306 ], [ 664.477391461024467, 753.701670846834077 ], [ 655.000783738159498, 752.622057311367826 ], [ 655.840483155769107, 746.984075499226265 ] ] ] } },
{ "type": "Feature", "properties": { "feature_type": "building", "subtype": "no-damage", "uid": "0196a86d-4a95-4e80-b527-b50166586764" }, "geometry": { "type": "Polygon", "coordinates": [ [ [ 639.057118685338764, 778.569782521995648 ], [ 651.087774071582203, 780.919519902851334 ], [ 646.670267797000406, 795.863849637475028 ], [ 633.793706954653885, 793.420122761269681 ], [ 639.057118685338764, 778.569782521995648 ] ] ] } },
{ "type": "Feature", "properties": { "feature_type": "building", "subtype": "no-damage", "uid": "21945168-e150-45c9-8998-a1513a1aef80" }, "geometry": { "type": "Polygon", "coordinates": [ [ [ 663.510725715147146, 764.07354741288475 ], [ 670.948691828181381, 765.251839075383714 ], [ 669.696756941104354, 772.321589044605844 ], [ 661.816931450544757, 770.922367697552659 ], [ 663.510725715147146, 764.07354741288475 ] ] ] } },
{ "type": "Feature", "properties": { "feature_type": "building", "subtype": "no-damage", "uid": "981b375a-b489-4299-a86d-1bdf76b067fc" }, "geometry": { "type": "Polygon", "coordinates": [ [ [ 387.443054916207075, 745.039560535469377 ], [ 396.420810945186474, 728.081576926236494 ], [ 401.657835294171889, 733.318601276783284 ], [ 392.18131504419938, 749.777820660093312 ], [ 387.443054916207075, 745.039560535469377 ] ] ] } },
{ "type": "Feature", "properties": { "feature_type": "building", "subtype": "no-damage", "uid": "bb1df0a6-3b93-47ab-b791-b838d51a32fe" }, "geometry": { "type": "Polygon", "coordinates": [ [ [ 940.76373867628422, 708.351107112736599 ], [ 941.069936641920094, 705.7484243910651 ], [ 935.558373228610776, 702.68644471811433 ], [ 937.08936306592841, 701.002355897077678 ], [ 933.874284409136521, 696.715584354369412 ], [ 939.079649852842067, 693.041208746058942 ], [ 942.907124444753322, 699.318267076040911 ], [ 944.744312249630639, 691.969515860381875 ], [ 950.715172614580069, 693.95980264573177 ], [ 944.591213265309648, 710.494492885052637 ], [ 940.76373867628422, 708.351107112736599 ] ] ] } },
{ "type": "Feature", "properties": { "feature_type": "building", "subtype": "no-damage", "uid": "55112897-630c-40da-87d8-5acda6049a51" }, "geometry": { "type": "Polygon", "coordinates": [ [ [ 937.855069863618269, 666.300496362406534 ], [ 939.998455635213531, 659.257943112984435 ], [ 948.587075949563996, 658.442084071190379 ], [ 951.021582459186902, 654.205676651798058 ], [ 953.471166198462242, 655.124270553394695 ], [ 945.203821079880981, 672.730653677430723 ], [ 937.855069863618269, 666.300496362406534 ] ] ] } },
{ "type": "Feature", "properties": { "feature_type": "building", "subtype": "no-damage", "uid": "9185c0f6-52b0-4f68-b833-15817bd7a399" }, "geometry": { "type": "Polygon", "coordinates": [ [ [ 905.249890925776185, 668.536201079989155 ], [ 908.351544267746931, 669.382106535250387 ], [ 909.855376191538312, 666.37444268983279 ], [ 910.419313161351965, 661.862946921706566 ], [ 914.554850948562034, 661.58097843469568 ], [ 913.708945494623208, 668.066253603240852 ], [ 917.844483280871373, 668.724180068764667 ], [ 917.280546308532735, 673.799612809950872 ], [ 912.487082053634367, 673.893602305300533 ], [ 911.453197606952131, 677.559192618165639 ], [ 903.370101021187224, 674.269560284775253 ], [ 905.249890925776185, 668.536201079989155 ] ] ] } },
{ "type": "Feature", "properties": { "feature_type": "building", "subtype": "no-damage", "uid": "8e941109-d2a5-4042-b02b-e920c70195da" }, "geometry": { "type": "Polygon", "coordinates": [ [ [ 0.000000000480957, 538.68184377176442 ], [ 6.216193305067278, 538.069447839290433 ], [ 10.196766882742329, 542.356219382960603 ], [ 15.86142927868922, 542.356219383922507 ], [ 14.789736391689161, 546.336792958469914 ], [ 24.894269318514379, 546.336792958469914 ], [ 25.20046728246691, 550.164267549898909 ], [ 12.18705366929531, 551.848356370935562 ], [ 10.50296485174492, 556.747523847079719 ], [ 7.643215168624102, 553.103262049733758 ], [ 0.000000000601197, 552.882332364217632 ], [ 0.000000000480957, 538.68184377176442 ] ] ] } },
{ "type": "Feature", "properties": { "feature_type": "building", "subtype": "no-damage", "uid": "aa04b77b-6c4c-4b72-be11-af60e62b8b54" }, "geometry": { "type": "Polygon", "coordinates": [ [ [ 22.321362068588801, 508.61461062557089 ], [ 22.267634662878791, 500.893760202176111 ], [ 25.758984228949249, 498.898703307142 ], [ 26.456899855077449, 494.046238871383878 ], [ 30.122490164456931, 498.087787164685778 ], [ 28.336689758103351, 507.486736684260791 ], [ 33.788080481050763, 515.475843774552914 ], [ 33.976059470788229, 519.987339542679251 ], [ 27.006633901040939, 520.713135734507773 ], [ 22.321362068588801, 508.61461062557089 ] ] ] } },
{ "type": "Feature", "properties": { "feature_type": "building", "subtype": "no-damage", "uid": "380b84ea-a338-44c3-aa21-b7ed9de9ace4" }, "geometry": { "type": "Polygon", "coordinates": [ [ [ 174.157207921620312, 222.283934645505212 ], [ 183.731681020665093, 225.801088027314904 ], [ 181.386912099497891, 233.812381842612893 ], [ 182.559296558337991, 236.938740404328513 ], [ 175.720387204763114, 250.42116170094539 ], [ 168.09988820883521, 237.134137812932693 ], [ 174.157207921620312, 222.283934645505212 ] ] ] } },
{ "type": "Feature", "properties": { "feature_type": "building", "subtype": "no-damage", "uid": "d1175a96-0164-4d36-84ef-21d57e71199f" }, "geometry": { "type": "Polygon", "coordinates": [ [ [ 159.188355961127797, 275.073823067890999 ], [ 155.624368900247788, 272.007417562131081 ], [ 151.949993292657496, 272.466714513410409 ], [ 150.326593277057214, 258.068403352892801 ], [ 159.188355960286088, 244.454026331649914 ], [ 162.097236649518209, 243.688531413171688 ], [ 169.139789903632106, 243.841630398213994 ], [ 179.091223840605409, 266.65337896655501 ], [ 159.188355961127797, 275.073823067890999 ] ] ] } },
{ "type": "Feature", "properties": { "feature_type": "building", "subtype": "no-damage", "uid": "1ef30092-cf72-420c-8963-bf7657747040" }, "geometry": { "type": "Polygon", "coordinates": [ [ [ 308.146968676370079, 59.253361841400533 ], [ 326.574981108807719, 64.551071183032775 ], [ 323.057827730002714, 73.148557227029187 ], [ 301.894251549690296, 66.678463427038153 ], [ 305.411404931621576, 59.057964431834378 ], [ 308.146968676370079, 59.253361841400533 ] ] ] } },
{ "type": "Feature", "properties": { "feature_type": "building", "subtype": "no-damage", "uid": "38e9b207-4831-4f62-bbab-e08cf77b3907" }, "geometry": { "type": "Polygon", "coordinates": [ [ [ 311.311909121224915, 77.657061460470231 ], [ 321.621961163765604, 79.424498952294812 ], [ 320.885528872900011, 86.788821838103601 ], [ 311.459195582764721, 85.610530177528489 ], [ 311.311909121224915, 77.657061460470231 ] ] ] } },
{ "type": "Feature", "properties": { "feature_type": "building", "subtype": "no-damage", "uid": "3c4aa775-862e-4942-96fd-4acf6fe48d9e" }, "geometry": { "type": "Polygon", "coordinates": [ [ [ 978.292770462356316, 375.68868397492912 ], [ 983.191937940906882, 377.985168729401721 ], [ 985.029125748910474, 376.14798092620839 ], [ 984.429485410746793, 385.221569432558908 ], [ 975.230790789284242, 382.425039256190416 ], [ 978.292770462356316, 375.68868397492912 ] ] ] } },
{ "type": "Feature", "properties": { "feature_type": "building", "subtype": "no-damage", "uid": "eea060cb-2e78-43f8-bffd-d587798b4c89" }, "geometry": { "type": "Polygon", "coordinates": [ [ [ 155.649255740382813, 484.243513557843812 ], [ 167.120832887554513, 484.99165989432322 ], [ 163.629483320161313, 521.650830340454831 ], [ 150.910995614434597, 520.653301891494948 ], [ 155.649255740382813, 484.243513557843812 ] ] ] } },
{ "type": "Feature", "properties": { "feature_type": "building", "subtype": "no-damage", "uid": "1b173ee3-9d66-44ae-99df-f10901f6d2c1" }, "geometry": { "type": "Polygon", "coordinates": [ [ [ 961.354187129008551, 31.32321512164506 ], [ 964.596154585003205, 28.33062977861292 ], [ 967.838122038833603, 24.340515987582769 ], [ 979.559081297283456, 26.584954995097348 ], [ 980.057845523927881, 29.078776114130481 ], [ 979.309699184562419, 34.315800464677189 ], [ 987.539308878264364, 34.31580046371527 ], [ 997.26521124095791, 39.303442701781528 ], [ 996.517064906281803, 44.789849163846782 ], [ 994.272625897203284, 48.031816617435553 ], [ 992.526951118977649, 52.770076743021328 ], [ 984.796105647591503, 62.994743332596222 ], [ 978.810934961164435, 63.493507552747573 ], [ 975.070203282132411, 61.997214884598201 ], [ 968.087504150232007, 59.004629541566068 ], [ 966.840593590474555, 55.762662087015393 ], [ 956.366544891060698, 52.520694631502792 ], [ 958.112219678544875, 41.797263819852738 ], [ 960.60604079493362, 40.051589037299081 ], [ 961.354187129008551, 31.32321512164506 ] ] ] } },
{ "type": "Feature", "properties": { "feature_type": "building", "subtype": "no-damage", "uid": "9102cc23-0c67-4487-bf5e-1ea0bc408f87" }, "geometry": { "type": "Polygon", "coordinates": [ [ [ 738.541617957102744, 1022.978852136228966 ], [ 740.809310107416081, 1014.480250310396968 ], [ 739.832323052611173, 1012.135481389831966 ], [ 744.912655716843688, 1003.92879016496795 ], [ 746.671232409071763, 1004.319584985061965 ], [ 750.188385789560243, 1000.997829012817988 ], [ 769.923524209134257, 1011.158494338152991 ], [ 770.509716439877025, 1016.62962182235799 ], [ 775.785446513074476, 1019.365185563979026 ], [ 771.367637650027746, 1022.978639251095956 ], [ 738.541617957102744, 1022.978852136228966 ] ] ] } },
{ "type": "Feature", "properties": { "feature_type": "building", "subtype": "no-damage", "uid": "c848e26a-c19c-469b-85f4-8824ecb4d2a1" }, "geometry": { "type": "Polygon", "coordinates": [ [ [ 39.165107456443742, 556.475723496986689 ], [ 53.819913215633001, 556.280326085496654 ], [ 55.969284727354299, 562.142248389795554 ], [ 61.635809620525919, 562.728440618494005 ], [ 61.540146436967603, 580.248674398197295 ], [ 60.072630338825903, 584.222155731370776 ], [ 57.337066596963083, 584.417553141898907 ], [ 57.923258829148658, 594.773615877762154 ], [ 54.796900268995088, 596.922987388761271 ], [ 33.498582563993573, 597.509179619383531 ], [ 33.498582563993573, 592.624244365801133 ], [ 26.46427580289652, 592.819641775367245 ], [ 25.878083569027581, 587.153116882558379 ], [ 28.418249901083701, 586.566924652898024 ], [ 27.636660261015251, 573.670695584979512 ], [ 29.59063436148698, 571.130529253886266 ], [ 29.199839540911679, 556.866518316119027 ], [ 39.165107456443742, 556.475723496986689 ] ] ] } },
{ "type": "Feature", "properties": { "feature_type": "building", "subtype": "no-damage", "uid": "fbc3c39d-d8e6-4d98-aec2-faad950b4a28" }, "geometry": { "type": "Polygon", "coordinates": [ [ [ 61.271134017457797, 599.491740790793301 ], [ 61.118035034579741, 587.856218031464095 ], [ 61.540146436967603, 580.248674398197295 ], [ 63.873816742737382, 577.904784091247848 ], [ 64.792410642530783, 570.402933890546592 ], [ 66.935796413524926, 568.412647103272889 ], [ 65.251707592367353, 564.891370478080944 ], [ 63.414519788331717, 562.901083690807127 ], [ 63.720717759137891, 549.581472111403173 ], [ 69.844677104560631, 549.122175161085806 ], [ 70.763271006758814, 563.054182674887556 ], [ 75.356240520154486, 562.747984706726811 ], [ 77.995164515019042, 562.753659851892849 ], [ 95.718405348386483, 563.054182674887556 ], [ 97.55559314881495, 569.637438973992289 ], [ 96.483900264339894, 588.927910917141162 ], [ 93.72811855870728, 591.836791606973406 ], [ 76.73413137002494, 591.07129668753339 ], [ 75.509339498463461, 591.989890591053836 ], [ 75.509339500267046, 599.185542823594346 ], [ 72.600458811034926, 601.022730626787734 ], [ 62.955222838254663, 601.328928593986575 ], [ 61.271134017457797, 599.491740790793301 ] ] ] } },
{ "type": "Feature", "properties": { "feature_type": "building", "subtype": "no-damage", "uid": "37468f12-6e84-4aa1-9468-a955d82bfd26" }, "geometry": { "type": "Polygon", "coordinates": [ [ [ 398.299274675284096, 252.736087562528695 ], [ 404.356594391075078, 254.494664254395502 ], [ 405.333581440709679, 260.35658655580869 ], [ 401.230235828516697, 269.931059652445413 ], [ 397.322287623966076, 270.321854472539599 ], [ 397.126890214760579, 272.862020804594806 ], [ 398.885466905545911, 275.988379367272273 ], [ 397.322287625168428, 286.53983951270169 ], [ 392.046557551009016, 283.608878360552296 ], [ 390.874173090846227, 285.562852462947092 ], [ 391.069570501614805, 288.884608433266976 ], [ 388.138609349825117, 290.643185124171907 ], [ 384.230661150444689, 291.22937735479411 ], [ 383.35139107619608, 295.150964877320121 ], [ 372.110000000851983, 291.180000000830375 ], [ 374.297829527583474, 284.740581610161883 ], [ 379.325621687770422, 284.740581609199978 ], [ 380.321259513368091, 282.749305958486275 ], [ 382.160479617898488, 277.231645645618585 ], [ 383.273114151983577, 274.688480993533574 ], [ 381.953098115578427, 271.88344691728571 ], [ 377.61377624346818, 270.536760819099015 ], [ 378.50000000000432, 264.81000000015348 ], [ 380.061976320878216, 262.693292480561411 ], [ 380.930654402512516, 260.347861667628479 ], [ 385.946885781799608, 261.99110987914969 ], [ 385.481196691881792, 264.598968787497881 ], [ 388.133406971660918, 265.823065840480126 ], [ 392.961995491031075, 266.512864202227775 ], [ 397.673609105868877, 255.935772414124386 ], [ 397.386391498264913, 253.925249156448103 ], [ 397.579999998744825, 252.530000000466089 ], [ 398.299274675284096, 252.736087562528695 ] ] ] } },
{ "type": "Feature", "properties": { "feature_type": "building", "subtype": "no-damage", "uid": "d97ef2fa-3c7a-4bc5-b7d0-f6edb9b8db2b" }, "geometry": { "type": "Polygon", "coordinates": [ [ [ 388.138609352951278, 249.805126411341206 ], [ 397.089999999455017, 252.390000000806509 ], [ 396.881544909352783, 253.926856931032489 ], [ 397.158264270360007, 255.863892473232312 ], [ 392.658907359084424, 265.964489626462523 ], [ 388.276525349334975, 265.338435052353077 ], [ 386.041281884637613, 264.306784221753219 ], [ 386.515487745330915, 261.651231401101711 ], [ 380.628937684735092, 259.722878795107306 ], [ 379.617825857211415, 262.452880723360579 ], [ 378.149999999171825, 264.430000001352312 ], [ 374.550000000863577, 262.979999999724726 ], [ 376.654912121769883, 254.249894044568606 ], [ 378.580000001080919, 249.040000001325012 ], [ 381.299699998294273, 250.195921232397296 ], [ 382.667481867301774, 246.678767850587491 ], [ 388.138609352951278, 249.805126411341206 ] ] ] } },
{ "type": "Feature", "properties": { "feature_type": "building", "subtype": "no-damage", "uid": "663dc3a8-466e-4c7f-85d0-e4fb03171a59" }, "geometry": { "type": "Polygon", "coordinates": [ [ [ 377.975315373107492, 264.898519865282083 ], [ 377.054074531132187, 270.886585337638678 ], [ 381.594493712842905, 272.295680946165817 ], [ 382.724061413428387, 274.696012313260781 ], [ 381.693310175677823, 277.052015142129392 ], [ 379.858154675744117, 282.557481652269189 ], [ 379.016604696344075, 284.240581609866013 ], [ 373.939863929585613, 284.240581610827917 ], [ 371.640000002492684, 291.010000001037611 ], [ 368.705450927378479, 289.975535044519177 ], [ 370.169253113767979, 281.264128193470981 ], [ 367.817278697584527, 279.505532749082079 ], [ 365.863304597954425, 281.459506847629314 ], [ 362.150753804653277, 280.873314620854728 ], [ 360.120000001365611, 278.690000001172621 ], [ 362.359361306492076, 271.27925475872712 ], [ 369.978026072133389, 271.736374646557977 ], [ 374.350000000216085, 263.440000000804901 ], [ 377.975315373107492, 264.898519865282083 ] ] ] } },
{ "type": "Feature", "properties": { "feature_type": "building", "subtype": "no-damage", "uid": "05151c85-4957-426d-bcdf-00a1c383525e" }, "geometry": { "type": "Polygon", "coordinates": [ [ [ 366.254099417808277, 245.310985978814898 ], [ 366.254099418770181, 246.092575619965288 ], [ 365.863304596752016, 249.414331590285087 ], [ 369.966650213393905, 250.195921231435392 ], [ 370.943637261826211, 246.874165260153688 ], [ 374.851585463491119, 247.460357489813987 ], [ 378.119999999880179, 248.850000000481486 ], [ 376.175750846750816, 254.104071637374886 ], [ 374.036247796279611, 262.967727133400786 ], [ 369.686124298654306, 271.217961349059919 ], [ 361.994890699536427, 270.756487331446408 ], [ 359.730000001197197, 278.260000002149411 ], [ 359.610587472837722, 278.137750877309486 ], [ 347.495948047989089, 273.25281562565101 ], [ 347.105153225730419, 264.069137349108416 ], [ 351.013101429198912, 241.403037775949002 ], [ 366.254099417808277, 245.310985978814898 ] ] ] } },
{ "type": "Feature", "properties": { "feature_type": "building", "subtype": "no-damage", "uid": "e5bcb46c-3d28-4137-8c25-4040c2ec188b" }, "geometry": { "type": "Polygon", "coordinates": [ [ [ 262.159287619052293, 247.449318455758004 ], [ 260.322099810447583, 233.670409923150913 ], [ 260.169000826607601, 230.302232281077409 ], [ 261.39379269744768, 224.025173951095496 ], [ 267.823950011752686, 220.04460037654809 ], [ 279.153274803045292, 218.819808505828689 ], [ 292.779084350133985, 222.034887163821793 ], [ 292.472886387383824, 243.009447928969394 ], [ 291.707391468184028, 247.296219471677603 ], [ 286.961322972150697, 250.511298127746812 ], [ 280.837363624924421, 248.674110325515386 ], [ 276.703691066295107, 247.296219471677603 ], [ 273.33551342494178, 248.521011341435013 ], [ 269.661137816870621, 250.664397111827213 ], [ 265.221267291282686, 248.061714390155799 ], [ 262.159287619052293, 247.449318455758004 ] ] ] } },
{ "type": "Feature", "properties": { "feature_type": "building", "subtype": "no-damage", "uid": "51cb2536-b15a-4098-a748-e989af08a338" }, "geometry": { "type": "Polygon", "coordinates": [ [ [ 329.122375467523682, 210.481182628036407 ], [ 323.846645394566622, 214.584528240468387 ], [ 320.524889424125377, 215.56151529118489 ], [ 306.651673309333205, 212.825951548601608 ], [ 305.67468625741401, 206.37783701656619 ], [ 307.237865536348522, 198.952735431890488 ], [ 310.364224097824717, 196.412569100797214 ], [ 308.996442225931389, 193.481607947685802 ], [ 311.341211147820104, 184.884121902727486 ], [ 314.467569709536804, 183.711737443406804 ], [ 318.570915324134717, 181.171571111351597 ], [ 326.777606546356424, 183.125545213746392 ], [ 331.264394423141084, 181.541317072351205 ], [ 333.616515904861103, 183.711737443406804 ], [ 331.857939209626977, 199.148132841456686 ], [ 332.444131439167279, 206.182439604114307 ], [ 329.122375467523682, 210.481182628036407 ] ] ] } },
{ "type": "Feature", "properties": { "feature_type": "building", "subtype": "no-damage", "uid": "f5401a8a-51c1-489a-8cce-a17c72ed42a8" }, "geometry": { "type": "Polygon", "coordinates": [ [ [ 437.898594586888578, 222.117429853229709 ], [ 413.569186148234621, 215.326606780229298 ], [ 415.628413703047727, 197.046771300913889 ], [ 426.102462404505502, 194.552950183804597 ], [ 437.823421663075578, 202.034413539941994 ], [ 447.050559803092597, 205.276380994492712 ], [ 456.028315828344489, 204.777616770493694 ], [ 470.243096207391375, 204.528234658975208 ], [ 469.744331983873224, 220.239307705805686 ], [ 461.265340178893098, 218.493632924214012 ], [ 459.020901175586118, 225.975096279389504 ], [ 444.057974462223683, 223.730657273798812 ], [ 437.898594586888578, 222.117429853229709 ] ] ] } },
{ "type": "Feature", "properties": { "feature_type": "building", "subtype": "no-damage", "uid": "94a1100c-aff2-4b7a-80f5-e4b355f749eb" }, "geometry": { "type": "Polygon", "coordinates": [ [ [ 429.095047746937496, 176.597438127535611 ], [ 431.83825098025568, 153.155519609201292 ], [ 448.796234586488481, 156.1481049531954 ], [ 449.045616695241677, 161.883893524855409 ], [ 469.744331983632719, 163.130804086295797 ], [ 476.477649003052591, 170.612267441471289 ], [ 481.714673354202375, 169.614738994435214 ], [ 481.964055464759099, 167.370299987882589 ], [ 494.18377894841052, 169.115974770436196 ], [ 493.685014722848223, 177.59496657553359 ], [ 486.203551366828378, 183.580137258712114 ], [ 475.480120556497127, 189.565307945738311 ], [ 434.332072096163472, 181.086316141602794 ], [ 429.095047746937496, 176.597438127535611 ] ] ] } },
{ "type": "Feature", "properties": { "feature_type": "building", "subtype": "no-damage", "uid": "5e8c0c6c-6ca8-4cf2-ac84-d9e783019f03" }, "geometry": { "type": "Polygon", "coordinates": [ [ [ 329.384429538979987, 40.369831863431372 ], [ 337.853400857182123, 32.637292832851188 ], [ 346.764231551827493, 32.490006374557858 ], [ 347.13244769251088, 44.051993305373863 ], [ 346.764231547859708, 50.458954214199863 ], [ 334.907671703579013, 51.121743274595993 ], [ 329.089856624317122, 43.389204245939638 ], [ 329.384429538979987, 40.369831863431372 ] ] ] } },
{ "type": "Feature", "properties": { "feature_type": "building", "subtype": "no-damage", "uid": "fa9c8bb9-dd3a-4848-813f-8508055de9ad" }, "geometry": { "type": "Polygon", "coordinates": [ [ [ 330.715710088559888, 99.602865057053876 ], [ 340.672146048942409, 100.322607416275801 ], [ 344.390814900795419, 103.321533910949697 ], [ 345.950256680392727, 106.080546287165504 ], [ 344.150900780533675, 125.033761730002993 ], [ 326.997041232378194, 124.074105252322994 ], [ 328.316568891954205, 106.800288644463507 ], [ 329.156268307880509, 103.321533909987807 ], [ 330.235881847314886, 100.682478596367702 ], [ 330.715710088559888, 99.602865057053876 ] ] ] } },
{ "type": "Feature", "properties": { "feature_type": "building", "subtype": "no-damage", "uid": "88af4c35-311c-4bfd-8191-bcf0c7803dbd" }, "geometry": { "type": "Polygon", "coordinates": [ [ [ 237.355304658178511, 270.281662905176518 ], [ 244.09165994172659, 255.584160471934695 ], [ 251.134213191271414, 258.033744211449573 ], [ 251.746609128074113, 255.584160471934695 ], [ 255.727182704065797, 256.655853355687896 ], [ 258.176766441778, 255.431061487854294 ], [ 263.53523086703899, 258.799239129927685 ], [ 265.831715623796924, 256.655853355687896 ], [ 267.056507494155994, 257.421348276089873 ], [ 269.3529922498318, 253.44077470058059 ], [ 273.486664809543186, 255.1248635216173 ], [ 273.945961758297699, 256.96205132577262 ], [ 276.395545498534887, 254.512467585295695 ], [ 280.376119073444386, 259.105437097126583 ], [ 275.323852612977703, 265.076297461833519 ], [ 280.376119076209875, 271.200256807735116 ], [ 272.261872937621092, 276.252523268921493 ], [ 273.639763793022496, 280.386195827549273 ], [ 270.271586149745474, 281.304789730107927 ], [ 272.108773955344191, 287.888046029212489 ], [ 264.606923752956902, 290.031431798642814 ], [ 265.678616639235486, 294.471302326393413 ], [ 263.688329851359924, 296.767787080866015 ], [ 263.075933916120221, 298.451875902864572 ], [ 253.2775989619048, 300.901459640455698 ], [ 251.287312177997109, 290.031431799604718 ], [ 251.746609127112208, 288.194243995449483 ], [ 250.215619287029114, 281.151690746989402 ], [ 251.134213189106987, 277.783513105877773 ], [ 246.388144698484609, 275.793226317642223 ], [ 239.651789415417397, 272.425048675568689 ], [ 237.355304658178511, 270.281662905176518 ] ] ] } },
{ "type": "Feature", "properties": { "feature_type": "building", "subtype": "no-damage", "uid": "4c1235e4-ad4b-4731-80ba-a624a4944843" }, "geometry": { "type": "Polygon", "coordinates": [ [ [ 217.9635326771064, 334.734018270482807 ], [ 217.5042357287127, 333.049929451369906 ], [ 218.882126578943797, 330.294147744656073 ], [ 222.403403203175088, 327.997662990183528 ], [ 220.41311641409709, 326.466673153227191 ], [ 221.33171031870009, 324.170188397792685 ], [ 219.800720480059908, 321.873703642358123 ], [ 228.680461537006892, 313.759457508220976 ], [ 231.589342225397388, 316.362140229892475 ], [ 233.732727995549908, 315.596645312376211 ], [ 235.41681681526461, 317.280734131489112 ], [ 240.009786326014989, 314.831150392936081 ], [ 245.215151771644287, 320.802010756681113 ], [ 234.038925963229786, 329.375553842097474 ], [ 232.354837144717493, 332.590632501052482 ], [ 226.077778809923814, 338.56149286383561 ], [ 223.321997107537612, 339.173888799195311 ], [ 217.9635326771064, 334.734018270482807 ] ] ] } },
{ "type": "Feature", "properties": { "feature_type": "building", "subtype": "no-damage", "uid": "16017c38-cd35-4efe-802f-ba15c8a60de0" }, "geometry": { "type": "Polygon", "coordinates": [ [ [ 287.002545153527592, 322.726025730687525 ], [ 287.002545151964512, 317.088043919507925 ], [ 287.242459273909617, 314.92881684280411 ], [ 287.842244574744427, 307.491479138860086 ], [ 312.07357064531152, 309.890620334022117 ], [ 312.79331300537541, 313.729246245704019 ], [ 311.113914165827623, 320.806712773403717 ], [ 303.916490582383176, 320.326884534563703 ], [ 304.996104119052177, 321.88632631079372 ], [ 305.355975297340592, 326.324737522949476 ], [ 287.362416332898192, 324.525381626337492 ], [ 287.002545153527592, 322.726025730687525 ] ] ] } },
{ "type": "Feature", "properties": { "feature_type": "building", "subtype": "no-damage", "uid": "478c67db-e4a2-480c-88df-f50b51ed587b" }, "geometry": { "type": "Polygon", "coordinates": [ [ [ 85.052930507881456, 223.548497138283608 ], [ 85.618249031164154, 227.034628034724591 ], [ 94.514363324092969, 228.565142322341586 ], [ 99.577025687908474, 230.346449449811189 ], [ 108.470000001350598, 232.88999999984739 ], [ 112.341637357317097, 235.833357490620813 ], [ 111.950842539386997, 237.591934182487591 ], [ 116.4449829743197, 237.591934181525687 ], [ 117.224744972493994, 249.943756541906509 ], [ 114.100214051950005, 250.292765838916097 ], [ 78.217416288212917, 239.432308373451406 ], [ 77.951693178313249, 234.270178211205888 ], [ 80.296462099600774, 222.741731014098093 ], [ 80.520000000503146, 222.549999999153414 ], [ 85.052930507881456, 223.548497138283608 ] ] ] } },
{ "type": "Feature", "properties": { "feature_type": "building", "subtype": "no-damage", "uid": "e9ae535e-3d84-4b6d-a18f-a860d515f5e2" }, "geometry": { "type": "Polygon", "coordinates": [ [ [ 101.985574623855001, 216.098219071534601 ], [ 104.330343544661503, 219.02918022272209 ], [ 111.3646503086443, 218.442987991138011 ], [ 112.341637358399197, 220.396962093532807 ], [ 114.686406280889102, 221.764743964343495 ], [ 114.295611460674607, 223.132525834192307 ], [ 112.341637359601606, 224.304910295436912 ], [ 112.927829591546697, 228.603653317435089 ], [ 110.973855487828502, 230.557627418868009 ], [ 108.890000002373696, 232.490000000957394 ], [ 99.728819204750025, 229.869811176101592 ], [ 94.640616090037284, 228.079517487979587 ], [ 86.054684281350319, 226.602367930179014 ], [ 85.492128860076008, 223.133276182288398 ], [ 81.000000000710429, 222.140000002142813 ], [ 82.83662843466287, 220.592359503099004 ], [ 82.641231021489489, 217.270603531817301 ], [ 84.204410302347824, 212.581065689724909 ], [ 101.985574623855001, 216.098219071534601 ] ] ] } },
{ "type": "Feature", "properties": { "feature_type": "building", "subtype": "no-damage", "uid": "43bb2ca9-59cc-4e24-8589-134c22c80f61" }, "geometry": { "type": "Polygon", "coordinates": [ [ [ 200.404877866193488, 208.857634066514009 ], [ 202.444147885713107, 216.534885893725487 ], [ 200.931132938540486, 225.169105537123613 ], [ 191.408098383010412, 226.251407735045206 ], [ 190.568398969008001, 224.691965956891408 ], [ 184.330631858073701, 224.332094776799494 ], [ 181.931490660626395, 222.892610060279509 ], [ 182.651233022253393, 216.654842952473587 ], [ 184.450588916461186, 212.096474680607798 ], [ 193.087497222918898, 211.016861142255891 ], [ 200.404877866193488, 208.857634066514009 ] ] ] } },
{ "type": "Feature", "properties": { "feature_type": "building", "subtype": "no-damage", "uid": "84872ff7-c1c6-43d4-b82b-693fc8b79a4a" }, "geometry": { "type": "Polygon", "coordinates": [ [ [ 208.431034912837703, 162.034682933115391 ], [ 215.762215535564593, 160.436861513133096 ], [ 217.1720579614813, 161.376756464705892 ], [ 221.02562726745191, 173.219432858562413 ], [ 222.905417169515914, 175.851138723543187 ], [ 222.623448686112113, 178.57683408483561 ], [ 223.093396160575992, 180.64460297868041 ], [ 213.224499165211114, 182.430403388400009 ], [ 208.806992890028113, 167.580063148163987 ], [ 208.243055923460986, 165.324315265543788 ], [ 208.431034912837703, 162.034682933115391 ] ] ] } }
]
}
