{
"type": "FeatureCollection",
"name": "mexico-earthquake_00000077_post_disaster",
"features": [
{ "type": "Feature", "properties": { "feature_type": "building", "subtype": "no-damage", "uid": "63c49728-9590-47f0-aa1b-1952ac57dfb5" }, "geometry": { "type": "Polygon", "coordinates": [ [ [ 1022.975844073120015, 915.05050022964042 ], [ 1006.916519098369008, 911.995584535788794 ], [ 1009.760039373342011, 905.902326805059033 ], [ 1003.260564460147975, 903.465023712190145 ], [ 997.167306729419806, 900.215286255352112 ], [ 1000.823261371848048, 880.716861518171072 ], [ 1022.975841187613014, 883.046462730597796 ], [ 1022.975844073120015, 915.05050022964042 ] ] ] } },
{ "type": "Feature", "properties": { "feature_type": "building", "subtype": "no-damage", "uid": "c9df8be5-a4cd-4a6b-a8fe-5191d762d310" }, "geometry": { "type": "Polygon", "coordinates": [ [ [ 997.733899043347151, 695.243869087930307 ], [ 997.733899042024859, 673.600707271942269 ], [ 1005.054380246922051, 666.280226068004936 ], [ 1022.975828024560997, 668.989909892178503 ], [ 1022.975829363693947, 702.031998263496803 ], [ 999.570554975515051, 699.403799702268316 ], [ 997.733899043347151, 695.243869087930307 ] ] ] } },
{ "type": "Feature", "properties": { "feature_type": "building", "subtype": "no-damage", "uid": "05c8e818-039a-4b0f-944f-0f19ede239a4" }, "geometry": { "type": "Polygon", "coordinates": [ [ [ 1022.975832166256964, 757.351975768491229 ], [ 1012.304829936916008, 757.491667443258166 ], [ 1012.109432528143998, 761.985807876156741 ], [ 975.374719426508705, 758.859449312718766 ], [ 978.110283170477942, 732.285401538882297 ], [ 1022.97583113425901, 738.522634085969571 ], [ 1022.975832166256964, 757.351975768491229 ] ] ] } },
{ "type": "Feature", "properties": { "feature_type": "building", "subtype": "no-damage", "uid": "84f55483-6731-4e67-8e3c-2b53a95d437b" }, "geometry": { "type": "Polygon", "coordinates": [ [ [ 917.481433977402389, 706.938354230538835 ], [ 924.713515222177762, 695.965541306516798 ], [ 928.953011125360945, 691.476663294067521 ], [ 974.839319708780749, 709.432175348673013 ], [ 973.093644926135312, 726.140776843249682 ], [ 968.355384802378694, 726.63954106899223 ], [ 963.118360454802882, 734.121004424356556 ], [ 961.372685672277612, 736.614825543452525 ], [ 945.910994734367591, 727.387687404240182 ], [ 941.4221167173514, 735.118532871994944 ], [ 932.693742803282703, 729.881508523336038 ], [ 929.95053957179698, 728.634597964269005 ], [ 933.192507026380554, 720.654370384123695 ], [ 924.962897333726573, 716.913638704999016 ], [ 925.711043669094579, 713.921053362083967 ], [ 917.481433977402389, 706.938354230538835 ] ] ] } },
{ "type": "Feature", "properties": { "feature_type": "building", "subtype": "no-damage", "uid": "4400a313-6c1d-4379-8448-761b9f21eb1c" }, "geometry": { "type": "Polygon", "coordinates": [ [ [ 920.927561185269155, 687.629819923421564 ], [ 922.490740462419808, 663.595938482017914 ], [ 955.903697591004061, 665.159117762775281 ], [ 955.903697591364676, 671.021040066096134 ], [ 968.604529247875689, 669.457860785338767 ], [ 983.259335009900724, 670.630245244464277 ], [ 979.155989395148936, 691.733165536611637 ], [ 966.455157738036974, 693.882537048374274 ], [ 953.754326079121824, 697.399690430559076 ], [ 941.835084065153069, 694.859524097164581 ], [ 933.432995427838819, 691.73316553853499 ], [ 920.927561185269155, 687.629819923421564 ] ] ] } },
{ "type": "Feature", "properties": { "feature_type": "building", "subtype": "no-damage", "uid": "fdae7572-fdcd-4579-9a35-5253e1078fc2" }, "geometry": { "type": "Polygon", "coordinates": [ [ [ 798.645964527913634, 1010.671021387876976 ], [ 806.921291104655324, 989.346141363866536 ], [ 816.788026641763963, 995.393495399894732 ], [ 820.607408135993865, 986.799887030933291 ], [ 813.923490517935988, 984.253632700885078 ], [ 811.377236188369238, 983.935350908907822 ], [ 822.19881709479796, 954.653426099890225 ], [ 838.749470247199497, 936.511363988920607 ], [ 858.482941315646599, 939.375900112869431 ], [ 904.63380106915622, 961.33734371891137 ], [ 903.042392114319, 967.06641596296231 ], [ 909.089746148061749, 973.750333583906695 ], [ 903.360673903771726, 993.165522860862097 ], [ 894.767065536134737, 1010.671021387876976 ], [ 865.803422515735519, 996.03005898192589 ], [ 858.801223106181396, 1010.671021387876976 ], [ 879.666064337518151, 1022.977727849401958 ], [ 806.874781650985824, 1022.978369118593946 ], [ 798.645964527913634, 1010.671021387876976 ] ] ] } },
{ "type": "Feature", "properties": { "feature_type": "building", "subtype": "no-damage", "uid": "ddddf6e9-2c34-4f4c-b410-87770b92dabd" }, "geometry": { "type": "Polygon", "coordinates": [ [ [ 745.361510855738743, 1022.978801344559997 ], [ 747.314196154187016, 1016.143995193996034 ], [ 752.052456281550008, 1010.40820662055603 ], [ 777.913669816352922, 1019.439947349433055 ], [ 775.76897251736932, 1022.978600242848984 ], [ 745.361510855738743, 1022.978801344559997 ] ] ] } },
{ "type": "Feature", "properties": { "feature_type": "building", "subtype": "no-damage", "uid": "d10de18a-4f0f-45d9-86e1-cb28823dcc9d" }, "geometry": { "type": "Polygon", "coordinates": [ [ [ 709.66048020341475, 1022.979006118909979 ], [ 709.49540417304263, 1017.420497652114022 ], [ 734.310875261670958, 1016.443510600439026 ], [ 734.479867985543024, 1022.978867345304025 ], [ 709.66048020341475, 1022.979006118909979 ] ] ] } },
{ "type": "Feature", "properties": { "feature_type": "building", "subtype": "no-damage", "uid": "d39f2dc6-2e21-4bdc-9c26-6d0956224bc3" }, "geometry": { "type": "Polygon", "coordinates": [ [ [ 704.884567069474883, 955.339046948724672 ], [ 660.961679856199453, 938.151830212725258 ], [ 675.284360468126465, 902.504269574740533 ], [ 727.164292467488735, 922.237740642711515 ], [ 713.159893646817636, 956.930455907649389 ], [ 704.884567069474883, 955.339046948724672 ] ] ] } },
{ "type": "Feature", "properties": { "feature_type": "building", "subtype": "no-damage", "uid": "4f78a363-5e87-427d-97ff-aec1cda802da" }, "geometry": { "type": "Polygon", "coordinates": [ [ [ 675.603282906731465, 877.833012496257311 ], [ 686.350140465782374, 846.569426879187176 ], [ 738.130454142419467, 861.810424866090329 ], [ 728.94677586496698, 893.269407893495554 ], [ 675.603282906731465, 877.833012496257311 ] ] ] } },
{ "type": "Feature", "properties": { "feature_type": "building", "subtype": "no-damage", "uid": "555f2884-0c31-4606-919d-9bcbe7f7cac1" }, "geometry": { "type": "Polygon", "coordinates": [ [ [ 582.047769704092389, 856.69432229462609 ], [ 596.116383229943381, 822.499775526376425 ], [ 597.484165104332192, 819.764211785531984 ], [ 652.586234755823511, 835.786799412813821 ], [ 636.56364712241475, 876.624858126686377 ], [ 611.161983809513117, 868.418166902229473 ], [ 608.62181747768193, 873.693896973583378 ], [ 588.105089417746854, 865.096410928456407 ], [ 582.047769704092389, 856.69432229462609 ] ] ] } },
{ "type": "Feature", "properties": { "feature_type": "building", "subtype": "no-damage", "uid": "18ac08bb-ffdc-4b24-a5bd-95a5b79f10c7" }, "geometry": { "type": "Polygon", "coordinates": [ [ [ 0.000000001202094, 620.99323685850004 ], [ 11.602615228194241, 621.948082233470245 ], [ 16.37684210063972, 618.128700737436361 ], [ 17.013405683031401, 644.546089423466697 ], [ 0.00000000204356, 643.591244050419959 ], [ 0.000000001202094, 620.99323685850004 ] ] ] } },
{ "type": "Feature", "properties": { "feature_type": "building", "subtype": "no-damage", "uid": "5563d4eb-085a-41cc-b39c-9b50c917cb28" }, "geometry": { "type": "Polygon", "coordinates": [ [ [ 29.226856108618531, 645.155441121288732 ], [ 30.49998327400295, 621.284306766268173 ], [ 70.921770783823547, 622.875715722307859 ], [ 84.289606023425236, 623.830561098239741 ], [ 84.607887814080129, 636.88011454334287 ], [ 73.14974332453852, 638.153241710290331 ], [ 72.831461533522997, 643.882313956264625 ], [ 80.788506318047098, 643.882313955302948 ], [ 79.197097361286538, 656.613585613237319 ], [ 43.549536723791213, 654.703894864258586 ], [ 43.549536725233722, 644.837159329311476 ], [ 29.226856108618531, 645.155441121288732 ] ] ] } },
{ "type": "Feature", "properties": { "feature_type": "building", "subtype": "no-damage", "uid": "fa5c6196-b15d-438c-8908-4523b90d13a4" }, "geometry": { "type": "Polygon", "coordinates": [ [ [ -0.000000001322304, 672.119205304552224 ], [ 2.630603408332169, 670.797559103207618 ], [ 9.46951276116304, 669.625174643120431 ], [ 14.1590506057179, 671.969943564256369 ], [ 5.366167149536643, 705.382900692127464 ], [ 0.000000003245654, 704.405913644298721 ], [ -0.000000001322304, 672.119205304552224 ] ] ] } },
{ "type": "Feature", "properties": { "feature_type": "building", "subtype": "no-damage", "uid": "5d0c787c-3e72-46a3-9241-ebbd4484b8b6" }, "geometry": { "type": "Polygon", "coordinates": [ [ [ 121.879013673118806, 661.996660484382232 ], [ 93.861899658938881, 662.915254386108359 ], [ 92.943305755409853, 611.473995869250757 ], [ 92.790206773792363, 607.952719245165895 ], [ 125.094092330361505, 607.340323311002408 ], [ 123.410003511772899, 640.562802769425616 ], [ 119.123231968662296, 646.839861098688857 ], [ 121.167191966242896, 661.805729592709667 ], [ 121.879013673118806, 661.996660484382232 ] ] ] } },
{ "type": "Feature", "properties": { "feature_type": "building", "subtype": "no-damage", "uid": "4b75cf81-dc22-4ef3-8f31-e9119a122c79" }, "geometry": { "type": "Polygon", "coordinates": [ [ [ 119.123231968662296, 646.839861098688857 ], [ 124.885860819311702, 640.093501774414335 ], [ 129.924057329285205, 644.531912985708345 ], [ 135.202167958225914, 638.654017057003898 ], [ 143.324586879871191, 648.175141487506039 ], [ 133.522769120886892, 663.125257249133711 ], [ 121.287149026147205, 655.567962483931296 ], [ 119.123231968662296, 646.839861098688857 ] ] ] } },
{ "type": "Feature", "properties": { "feature_type": "building", "subtype": "no-damage", "uid": "bbc7464a-c64e-4af7-8ada-107a63728470" }, "geometry": { "type": "Polygon", "coordinates": [ [ [ 43.625908690404707, 731.180800881227356 ], [ 35.668863907683743, 697.124649198320753 ], [ 28.66666449320098, 695.214958451265375 ], [ 29.303228077996849, 681.528841421245943 ], [ 31.212918823849598, 672.616951261268923 ], [ 50.946389895301948, 672.935233053246179 ], [ 68.133606629494153, 673.571796635277451 ], [ 70.613263273592153, 699.615126775958174 ], [ 71.568108648682298, 726.0325154629503 ], [ 43.625908690404707, 731.180800881227356 ] ] ] } },
{ "type": "Feature", "properties": { "feature_type": "building", "subtype": "no-damage", "uid": "ee02d5a6-d829-4730-85f3-29c3d96c563a" }, "geometry": { "type": "Polygon", "coordinates": [ [ [ 164.516563581494211, 704.618281791222898 ], [ 123.440479175362299, 712.735405754855265 ], [ 125.909999998856605, 682.410000001356821 ], [ 156.249999998995293, 668.099999999656347 ], [ 160.49656358255649, 666.728281791831364 ], [ 164.516563581494211, 704.618281791222898 ] ] ] } },
{ "type": "Feature", "properties": { "feature_type": "building", "subtype": "no-damage", "uid": "79f0944e-2af8-4f56-ab04-27596bb898d8" }, "geometry": { "type": "Polygon", "coordinates": [ [ [ 216.58000000236251, 693.571718208440643 ], [ 164.369999998695789, 703.881718210005715 ], [ 160.340000000416495, 665.931718208794564 ], [ 200.680000001852704, 652.871718208939569 ], [ 216.58000000236251, 693.571718208440643 ] ] ] } },
{ "type": "Feature", "properties": { "feature_type": "building", "subtype": "no-damage", "uid": "0a75e083-111e-42f4-b89f-0002a5a4aed9" }, "geometry": { "type": "Polygon", "coordinates": [ [ [ 274.079999999845427, 658.150000000353657 ], [ 250.269999998911288, 687.230000002317979 ], [ 217.080000002018693, 693.790000001231874 ], [ 201.150000001200112, 653.039999999733709 ], [ 252.3871966695678, 636.454510918306255 ], [ 274.079999999845427, 658.150000000353657 ] ] ] } },
{ "type": "Feature", "properties": { "feature_type": "building", "subtype": "no-damage", "uid": "73c397e8-d949-4292-88b3-9a25c686f839" }, "geometry": { "type": "Polygon", "coordinates": [ [ [ 0.0, 644.810638044395432 ], [ 13.789382358682881, 645.186596025582958 ], [ 18.488857113908882, 649.604102297804502 ], [ 15.29321427982627, 654.867514029621248 ], [ 0.000000000360628, 654.585545543730632 ], [ 0.0, 644.810638044395432 ] ] ] } },
{ "type": "Feature", "properties": { "feature_type": "building", "subtype": "no-damage", "uid": "597fb84f-3131-46a3-ab6d-73a61b392b97" }, "geometry": { "type": "Polygon", "coordinates": [ [ [ 70.613263273592153, 699.615126775958174 ], [ 78.252026271187859, 697.705436027941232 ], [ 76.978899101355694, 683.064473621989919 ], [ 115.172714072985698, 681.473064665950233 ], [ 117.718968404836403, 715.847498138910851 ], [ 71.568108648682298, 726.0325154629503 ], [ 70.613263273592153, 699.615126775958174 ] ] ] } },
{ "type": "Feature", "properties": { "feature_type": "building", "subtype": "no-damage", "uid": "a92c432d-b6ca-475c-a461-e8e2d007e4a6" }, "geometry": { "type": "Polygon", "coordinates": [ [ [ 197.307615066335813, 618.944175608369733 ], [ 196.808413246074508, 624.435395627879757 ], [ 200.229509802304392, 628.38281473064967 ], [ 209.216520182752902, 625.387144603311867 ], [ 213.690000001149912, 630.0100000009312 ], [ 214.210000001532791, 635.000000000796945 ], [ 186.330463438968508, 652.994660093961784 ], [ 146.86352130375721, 660.633423086991343 ], [ 135.868304500193801, 618.972241331461419 ], [ 153.771874011543503, 608.37334385549093 ], [ 170.6633983460151, 606.500097475491316 ], [ 180.119999999825694, 597.739999999835163 ], [ 197.307615066335813, 618.944175608369733 ] ] ] } },
{ "type": "Feature", "properties": { "feature_type": "building", "subtype": "no-damage", "uid": "2cb1ea72-acd3-42f9-9fbb-335e2f19dd60" }, "geometry": { "type": "Polygon", "coordinates": [ [ [ 243.960000003493406, 606.970000000382925 ], [ 213.525024919406405, 628.388400578881374 ], [ 213.610000001127986, 629.209999999750153 ], [ 209.356965703198313, 624.813283152076565 ], [ 200.388464028805203, 627.802783711530651 ], [ 197.325625673944899, 624.268739456051094 ], [ 197.823952301682311, 618.787146554424226 ], [ 180.490000001069006, 597.4000000010642 ], [ 180.879999999553092, 597.039999999763381 ], [ 187.046301227414205, 602.958862057628721 ], [ 211.647344298537689, 590.531531020842294 ], [ 197.930000000197708, 570.150000000262935 ], [ 200.589251769268486, 566.598959574765217 ], [ 208.070715129078792, 562.608845785173457 ], [ 222.272308824312091, 579.206861622352108 ], [ 243.960000003493406, 606.970000000382925 ] ] ] } },
{ "type": "Feature", "properties": { "feature_type": "building", "subtype": "no-damage", "uid": "42a14eab-bbb1-4068-bf6f-c31a8d630b2d" }, "geometry": { "type": "Polygon", "coordinates": [ [ [ 270.790000003091222, 588.099999999836086 ], [ 244.370000001261701, 606.680000000724021 ], [ 210.249999998885102, 561.179999999906727 ], [ 222.23999999874431, 556.840000000038799 ], [ 225.515445745291089, 562.381093004422041 ], [ 245.810000002617898, 551.099999999065744 ], [ 270.790000003091222, 588.099999999836086 ] ] ] } },
{ "type": "Feature", "properties": { "feature_type": "building", "subtype": "no-damage", "uid": "0fe5f9cb-2a76-4026-9a3e-99c5c35297d8" }, "geometry": { "type": "Polygon", "coordinates": [ [ [ 299.540000001051226, 513.600000002365618 ], [ 299.185999493658528, 514.121147712320408 ], [ 299.814200413568528, 529.826170781479846 ], [ 302.260000000233788, 529.169999999963807 ], [ 304.759999999356125, 572.950000000549949 ], [ 272.590000003344016, 589.879999999963616 ], [ 244.570000000114391, 548.360000000598347 ], [ 246.485722017717109, 544.778851012098471 ], [ 249.986821720691012, 529.819606817054932 ], [ 247.122285596141893, 517.088335160082352 ], [ 246.440000000205998, 515.249999999993179 ], [ 297.540000000863927, 508.070000000548589 ], [ 299.540000001051226, 513.600000002365618 ] ] ] } },
{ "type": "Feature", "properties": { "feature_type": "building", "subtype": "no-damage", "uid": "dda1390d-a442-4e64-962e-2f1fbe5ee939" }, "geometry": { "type": "Polygon", "coordinates": [ [ [ 334.760495939968621, 577.433887797654279 ], [ 338.668444139576991, 551.641429665158171 ], [ 340.231623419372283, 541.285366928938743 ], [ 343.16258457079158, 529.17072750066518 ], [ 345.507353491326114, 528.38913786220985 ], [ 344.725763853712408, 520.573241456499886 ], [ 344.33496903532631, 515.883703614227898 ], [ 389.66716817823982, 523.894997428349598 ], [ 385.173027744019976, 539.331392826549632 ], [ 380.483489901508676, 539.917585058516465 ], [ 379.115708031808026, 545.584109950540665 ], [ 387.908591487869103, 546.561097001254325 ], [ 378.138720981575375, 569.617991395790909 ], [ 371.299811628744521, 589.353129815592752 ], [ 334.955893347298399, 581.928028231514531 ], [ 334.760495939968621, 577.433887797654279 ] ] ] } },
{ "type": "Feature", "properties": { "feature_type": "building", "subtype": "no-damage", "uid": "9cc90c81-29b5-4d01-aeab-8d70a8dab8b2" }, "geometry": { "type": "Polygon", "coordinates": [ [ [ 302.260000000233788, 529.169999999963807 ], [ 312.289793773798124, 528.779932681918353 ], [ 316.783934207176515, 524.090394839646365 ], [ 331.438739964152774, 523.504202608641094 ], [ 338.473046729482405, 530.147714552340631 ], [ 340.427020833073186, 535.032649805909386 ], [ 336.714470041275376, 552.227621895201764 ], [ 328.312381402157996, 558.089544198522617 ], [ 324.990625430669581, 574.502926646474634 ], [ 318.151716078199399, 575.089118877479905 ], [ 318.933305716534278, 563.756069092470057 ], [ 305.06008960198011, 565.31924837130407 ], [ 302.260000000233788, 529.169999999963807 ] ] ] } },
{ "type": "Feature", "properties": { "feature_type": "building", "subtype": "no-damage", "uid": "16bd9934-97b9-496e-a009-1ba2b334992e" }, "geometry": { "type": "Polygon", "coordinates": [ [ [ 189.037604068213398, 767.633098983403556 ], [ 185.937067965189101, 790.062757849093941 ], [ 192.757604064424214, 791.97309898490937 ], [ 187.177604065419814, 815.393098982556694 ], [ 182.587604064342401, 821.693098985125857 ], [ 154.987604065916088, 815.033098983179229 ], [ 170.557604065313711, 766.203098984754433 ], [ 189.037604068213398, 767.633098983403556 ] ] ] } },
{ "type": "Feature", "properties": { "feature_type": "building", "subtype": "no-damage", "uid": "d74a7f0c-900d-4357-83c3-13ae863be8b1" }, "geometry": { "type": "Polygon", "coordinates": [ [ [ 153.750000001435808, 775.200000001018111 ], [ 164.870000000996612, 779.429999999954248 ], [ 154.929999999475086, 812.920000001505059 ], [ 128.879999998888991, 802.980000001063104 ], [ 133.441764457021605, 794.304652475313446 ], [ 135.953190124586598, 794.3046524772368 ], [ 139.097693917445497, 788.932791829764369 ], [ 138.460000001393695, 788.859999999835509 ], [ 144.110000000236994, 773.14999999991494 ], [ 153.750000001435808, 775.200000001018111 ] ] ] } },
{ "type": "Feature", "properties": { "feature_type": "building", "subtype": "no-damage", "uid": "4b82c845-67bc-4a45-82d8-cc87e44068c3" }, "geometry": { "type": "Polygon", "coordinates": [ [ [ 143.6246325714352, 773.034760618352948 ], [ 137.950000003117196, 788.799999999939359 ], [ 134.7256851759646, 788.418437858297352 ], [ 133.113482296780091, 786.806234980915519 ], [ 139.990000004036688, 772.620000000671212 ], [ 143.6246325714352, 773.034760618352948 ] ] ] } },
{ "type": "Feature", "properties": { "feature_type": "building", "subtype": "no-damage", "uid": "d37f3472-3361-438f-83a3-27978c6f9f84" }, "geometry": { "type": "Polygon", "coordinates": [ [ [ 132.599999999547606, 786.99000000034448 ], [ 134.494872247111005, 788.894731713417741 ], [ 138.279943565904887, 789.340034222147665 ], [ 135.666508490566088, 793.804652475536955 ], [ 133.139737651042708, 793.804652475536955 ], [ 128.410000000142588, 802.800000001374428 ], [ 120.539999999849499, 799.789999999046358 ], [ 127.819999999920896, 784.51000000110696 ], [ 132.599999999547606, 786.99000000034448 ] ] ] } },
{ "type": "Feature", "properties": { "feature_type": "building", "subtype": "no-damage", "uid": "ed99ceed-1877-4e50-a0a8-e54254359cf4" }, "geometry": { "type": "Polygon", "coordinates": [ [ [ 139.490000000052987, 772.509999998777744 ], [ 132.709999999637887, 786.490000001529665 ], [ 128.040000001062992, 784.060000000442528 ], [ 134.02000000390359, 771.510000001148114 ], [ 139.490000000052987, 772.509999998777744 ] ] ] } },
{ "type": "Feature", "properties": { "feature_type": "building", "subtype": "no-damage", "uid": "a500f020-47dc-45a2-9421-3f4c506b08da" }, "geometry": { "type": "Polygon", "coordinates": [ [ [ 122.497978991108496, 793.3620210115497 ], [ 118.318451336185106, 802.401419847181046 ], [ 102.787978992980797, 795.752021008538804 ], [ 104.407978989698094, 791.932021010015546 ], [ 105.4979789928217, 789.542021011103202 ], [ 122.497978991108496, 793.3620210115497 ] ] ] } },
{ "type": "Feature", "properties": { "feature_type": "building", "subtype": "no-damage", "uid": "a1e66655-9eae-4109-990c-f5ce08e3d770" }, "geometry": { "type": "Polygon", "coordinates": [ [ [ 125.389999998834298, 786.890000001158569 ], [ 122.520000000031402, 793.089999998771646 ], [ 105.5300000031297, 789.270000000248501 ], [ 105.749902388930494, 788.087514038386416 ], [ 106.010115132394404, 787.43698217804365 ], [ 104.642317118087306, 787.285004620283985 ], [ 105.2620290796483, 784.806156783175084 ], [ 106.245668825449698, 784.806156784136761 ], [ 106.0941520103366, 783.897055891775494 ], [ 105.362119552533798, 783.775050481440417 ], [ 105.942331994840501, 782.561879012888994 ], [ 106.732157234897102, 782.744146375803325 ], [ 107.641906876241606, 782.744146375803325 ], [ 107.996855206451798, 780.117528716596325 ], [ 125.389999998834298, 786.890000001158569 ] ] ] } },
{ "type": "Feature", "properties": { "feature_type": "building", "subtype": "no-damage", "uid": "bd45f326-d604-4bd0-88b8-e6e12feb9b7b" }, "geometry": { "type": "Polygon", "coordinates": [ [ [ 103.770000002407102, 769.280000002279621 ], [ 103.496688073368702, 771.775380124125149 ], [ 107.460974880147702, 773.136254701429493 ], [ 107.957051267770694, 774.029192199078921 ], [ 107.776017367864199, 778.132627270198896 ], [ 115.889999999597194, 778.47000000065259 ], [ 114.709182506792601, 780.841063151298158 ], [ 125.759999998995795, 786.080000002078464 ], [ 125.599999999312601, 786.429999999710162 ], [ 107.586413678508094, 779.42116509967957 ], [ 107.204929723359399, 782.244146375065156 ], [ 106.789101244975399, 782.244146375065156 ], [ 105.664202534179594, 781.984554364696578 ], [ 104.6242639391523, 784.158971422404193 ], [ 105.509668972576705, 784.306156783398592 ], [ 104.871640874206307, 784.306156783398592 ], [ 104.018488257716996, 787.718767254165414 ], [ 105.301846478779694, 787.861362612568882 ], [ 105.267486308484706, 787.947263039748805 ], [ 105.047756505069799, 789.119155311485883 ], [ 102.0200000000644, 795.690000000686837 ], [ 93.57000000261759, 792.070000000535515 ], [ 101.940000004009306, 768.640000001142425 ], [ 103.770000002407102, 769.280000002279621 ] ] ] } },
{ "type": "Feature", "properties": { "feature_type": "building", "subtype": "no-damage", "uid": "3ab1299b-8e39-496a-a8e6-074612c617fc" }, "geometry": { "type": "Polygon", "coordinates": [ [ [ 98.390000002014887, 771.570000001044377 ], [ 98.355590243168834, 771.632424099944842 ], [ 99.99000000113098, 772.620000000671212 ], [ 93.110000003333013, 791.870000000240225 ], [ 90.640000000191961, 790.820000000613504 ], [ 91.060557175314088, 790.077962701553474 ], [ 82.504879391036653, 782.004294932209518 ], [ 83.356325025773657, 778.233607133904002 ], [ 81.240795835331667, 777.175842539283735 ], [ 82.20149083299016, 775.147708655457791 ], [ 89.60184991318873, 766.455223385685485 ], [ 98.390000002014887, 771.570000001044377 ] ] ] } },
{ "type": "Feature", "properties": { "feature_type": "building", "subtype": "no-damage", "uid": "8c5f8279-1022-4a7a-9a2b-e013cac215cd" }, "geometry": { "type": "Polygon", "coordinates": [ [ [ 114.410000000033193, 766.940000001517774 ], [ 114.216717418224206, 769.152063205089917 ], [ 118.5074397445443, 770.551211789772879 ], [ 117.160771305020702, 775.937885550272767 ], [ 116.140000002610904, 777.979999999736947 ], [ 108.297622854297899, 777.653926994553103 ], [ 108.462797332701996, 773.909972103603195 ], [ 107.804845789818003, 772.725659317203736 ], [ 104.037145427699997, 771.43226964304165 ], [ 104.729999999664898, 765.050000000458454 ], [ 110.172680994910905, 765.808328389335429 ], [ 111.410000004019594, 764.990000001523867 ], [ 114.410000000033193, 766.940000001517774 ] ] ] } },
{ "type": "Feature", "properties": { "feature_type": "building", "subtype": "no-damage", "uid": "65ff55cd-e3ad-4c3b-b9d1-2d37c74efa6c" }, "geometry": { "type": "Polygon", "coordinates": [ [ [ 135.069645525292998, 765.921160061727051 ], [ 125.969999999714503, 785.630000001414032 ], [ 115.384644758582994, 780.608172632273522 ], [ 117.632530718345805, 776.112400714189562 ], [ 119.105547133400293, 770.220335052527503 ], [ 114.749235903709405, 768.799798781189224 ], [ 114.879999998659301, 767.249999998898033 ], [ 114.975384458084505, 767.305295983815654 ], [ 119.208348789916698, 765.300207615004297 ], [ 121.492516558853495, 766.061596871437018 ], [ 123.509999999641494, 763.399999999945862 ], [ 135.069645525292998, 765.921160061727051 ] ] ] } },
{ "type": "Feature", "properties": { "feature_type": "building", "subtype": "no-damage", "uid": "9b8ef377-355f-4c92-a7d7-9870c1a1d544" }, "geometry": { "type": "Polygon", "coordinates": [ [ [ 301.978536949891975, 832.476430043988671 ], [ 286.516846010779773, 828.486316252473557 ], [ 287.763756570928479, 822.999909791424329 ], [ 290.008195578595121, 822.002381344747619 ], [ 289.758813467406924, 817.014739106555794 ], [ 293.998309369748711, 805.293779848247596 ], [ 298.73656949482762, 799.308609162417383 ], [ 311.704439311238218, 804.046869287257095 ], [ 301.978536949891975, 832.476430043988671 ] ] ] } },
{ "type": "Feature", "properties": { "feature_type": "building", "subtype": "no-damage", "uid": "4994dd29-8d74-4431-90f2-7b1a91e87a2d" }, "geometry": { "type": "Polygon", "coordinates": [ [ [ 298.13099262956149, 852.227939174559765 ], [ 276.658678930238807, 847.189742665065864 ], [ 281.576918382231213, 827.876656042454556 ], [ 297.531207330520488, 831.835239013650153 ], [ 295.611894373853602, 836.153693164919673 ], [ 294.652237896421695, 839.152619660726714 ], [ 301.009962067266713, 841.791674973574914 ], [ 298.13099262956149, 852.227939174559765 ] ] ] } },
{ "type": "Feature", "properties": { "feature_type": "building", "subtype": "no-damage", "uid": "8e45d460-63cd-4caa-913d-c3a8340d24a7" }, "geometry": { "type": "Polygon", "coordinates": [ [ [ 303.529060319368284, 829.556054877990846 ], [ 315.404809237279892, 796.687820499524605 ], [ 341.435491207679888, 805.564642923074416 ], [ 327.280558153388313, 859.065491583461153 ], [ 326.800729914131523, 861.82450395825731 ], [ 301.84966148299111, 854.387166251156145 ], [ 304.128845619371077, 849.468926799763608 ], [ 300.290219709403118, 848.509270323413375 ], [ 303.529060319368284, 829.556054877990846 ] ] ] } },
{ "type": "Feature", "properties": { "feature_type": "building", "subtype": "no-damage", "uid": "7d76a312-4cce-4e58-a462-ed7a4eed5763" }, "geometry": { "type": "Polygon", "coordinates": [ [ [ 305.840664483688272, 776.474105409176559 ], [ 311.311791966818475, 759.669928140554362 ], [ 334.173288950413507, 766.313440084253898 ], [ 337.299647512288118, 770.612183106817383 ], [ 334.173288949692221, 783.313014764172863 ], [ 331.633122619664277, 786.243975915352394 ], [ 331.046930387817724, 788.588744835526768 ], [ 305.059074847637419, 779.600463971652857 ], [ 305.840664483688272, 776.474105409176559 ] ] ] } },
{ "type": "Feature", "properties": { "feature_type": "building", "subtype": "no-damage", "uid": "85ada0df-b022-4826-90d8-d02d9e43e582" }, "geometry": { "type": "Polygon", "coordinates": [ [ [ 270.051669658652997, 697.230658829156141 ], [ 277.281373832634813, 682.771250480708318 ], [ 279.626142754371301, 679.254097100446756 ], [ 296.821114845703107, 686.87459609389839 ], [ 294.671743331416621, 698.012248469534825 ], [ 300.142870814546825, 697.230658830117818 ], [ 302.68303714661829, 709.736093077138207 ], [ 302.292242326549285, 711.885464587939168 ], [ 280.407732396793278, 707.000529334370412 ], [ 274.545810092512227, 709.34529825550635 ], [ 270.051669658652997, 697.230658829156141 ] ] ] } },
{ "type": "Feature", "properties": { "feature_type": "building", "subtype": "no-damage", "uid": "5a91562f-cdee-4444-9132-aad7ece5c356" }, "geometry": { "type": "Polygon", "coordinates": [ [ [ 291.349987361491003, 683.552840122048678 ], [ 294.280948510746612, 677.104725587722555 ], [ 301.119857865500819, 676.713930769937406 ], [ 302.487639736643985, 673.001379976455723 ], [ 324.958341897885873, 681.012673790577537 ], [ 314.016086936674299, 706.805131923073645 ], [ 305.809395708613124, 702.11559408176322 ], [ 299.556678585224574, 694.885889908020204 ], [ 295.844127792104587, 685.116019401844255 ], [ 291.349987361491003, 683.552840122048678 ] ] ] } },
{ "type": "Feature", "properties": { "feature_type": "building", "subtype": "no-damage", "uid": "32f6b626-af71-4cff-89ad-c9d6d7b95ba1" }, "geometry": { "type": "Polygon", "coordinates": [ [ [ 432.774210762885616, 508.02155589220439 ], [ 439.139846591129924, 490.834339155243299 ], [ 443.914073461772318, 484.786985117291692 ], [ 473.832561857381791, 494.017157070207702 ], [ 460.156194964808321, 530.534196935902855 ], [ 439.139846591250091, 523.93564546221819 ], [ 441.686100924423215, 515.34203709614178 ], [ 431.182801808288673, 512.795782763208535 ], [ 432.774210762885616, 508.02155589220439 ] ] ] } },
{ "type": "Feature", "properties": { "feature_type": "building", "subtype": "no-damage", "uid": "77d73833-d681-4336-ac14-389d0f6fedd7" }, "geometry": { "type": "Polygon", "coordinates": [ [ [ 456.031777206166623, 566.771094009314538 ], [ 427.352834336690819, 553.055077854767887 ], [ 436.081208254365777, 527.618102444798069 ], [ 443.812053718512516, 531.358834121037717 ], [ 458.161138069772392, 536.519367621732954 ], [ 467.470421417216699, 540.103674506027119 ], [ 464.822334468510007, 554.994667727312049 ], [ 456.031777206166623, 566.771094009314538 ] ] ] } },
{ "type": "Feature", "properties": { "feature_type": "building", "subtype": "no-damage", "uid": "c394a65c-28b6-489f-96fb-d8a350fc1eb8" }, "geometry": { "type": "Polygon", "coordinates": [ [ [ 344.59536600045351, 682.67545454743049 ], [ 353.004792509381616, 683.43994786603082 ], [ 368.29465889087902, 688.791401099117365 ], [ 363.499896981188499, 700.641047545114361 ], [ 350.642412662906793, 696.545138323455376 ], [ 340.452175721510173, 691.567156535777258 ], [ 344.59536600045351, 682.67545454743049 ] ] ] } },
{ "type": "Feature", "properties": { "feature_type": "building", "subtype": "no-damage", "uid": "bbdd3ca1-8592-4169-a1bb-c5b67df58a3f" }, "geometry": { "type": "Polygon", "coordinates": [ [ [ 342.660000002047127, 693.690000000122609 ], [ 336.639043338220688, 705.656172341632555 ], [ 336.547087216702778, 707.219426402268255 ], [ 336.620000001714516, 717.990000001377098 ], [ 332.908076495026592, 728.879338747529459 ], [ 321.878760847560102, 726.532675846140023 ], [ 318.828099070345218, 736.153993752414976 ], [ 304.513455358890894, 731.695334234005031 ], [ 323.521424880696088, 688.751403089534051 ], [ 330.796079880050172, 685.935407604981833 ], [ 342.660000002047127, 693.690000000122609 ] ] ] } },
{ "type": "Feature", "properties": { "feature_type": "building", "subtype": "no-damage", "uid": "cb41aa0f-6cd8-4ab1-b7b5-74b11cfb5ff5" }, "geometry": { "type": "Polygon", "coordinates": [ [ [ 345.234726229846785, 694.683394060043156 ], [ 363.884026827979199, 702.127381643801982 ], [ 354.497375212086013, 725.359344393522065 ], [ 337.119999999687593, 718.040000000489272 ], [ 337.047180811897192, 707.232528468781879 ], [ 337.132111204082605, 705.788711798984764 ], [ 343.090000003787679, 693.950000002237516 ], [ 345.234726229846785, 694.683394060043156 ] ] ] } },
{ "type": "Feature", "properties": { "feature_type": "building", "subtype": "no-damage", "uid": "8f90e2a5-40d6-4874-b222-e8f424e6e59c" }, "geometry": { "type": "Polygon", "coordinates": [ [ [ 374.479654528640992, 714.837256535903634 ], [ 378.919525054931682, 702.742436824874517 ], [ 382.746999645736821, 695.852982560486112 ], [ 400.353382769642792, 702.895535808655836 ], [ 403.568461429169474, 691.719310001276085 ], [ 404.487055331015711, 689.116627276993995 ], [ 408.926925858869083, 686.973241506940894 ], [ 433.269664260134903, 696.92467544503188 ], [ 426.992605931233925, 711.77527686316273 ], [ 419.796953696640003, 710.24428702631144 ], [ 417.653567929231997, 716.368246373716715 ], [ 421.48104251775311, 718.817830113255809 ], [ 411.835806547106813, 744.997756320624262 ], [ 394.382522406501209, 740.251687827250748 ], [ 396.372809193373598, 736.577312219384567 ], [ 393.310829520272819, 735.352520350095915 ], [ 388.870958994823525, 747.600439043944675 ], [ 367.896398228931787, 738.873796974180664 ], [ 369.733586037192026, 728.309967100002837 ], [ 374.632753514826504, 720.501918932926742 ], [ 374.479654528640992, 714.837256535903634 ] ] ] } },
{ "type": "Feature", "properties": { "feature_type": "building", "subtype": "no-damage", "uid": "28f9a4e9-74a0-48f5-9c78-a32ca81f9fdb" }, "geometry": { "type": "Polygon", "coordinates": [ [ [ 506.531144376169209, 705.484560833463775 ], [ 509.523729718242123, 702.990739714367805 ], [ 510.521258168404586, 698.252479586643062 ], [ 515.758282519827048, 696.008040582822673 ], [ 525.23480276878297, 698.003097475214417 ], [ 525.733566990318081, 694.761130021832173 ], [ 544.18784326957973, 699.250008035243127 ], [ 534.711323017859058, 730.672154132004835 ], [ 535.21008724215892, 751.869633642877488 ], [ 494.810185117262677, 744.886934510370679 ], [ 504.286705369344077, 722.691926552821315 ], [ 506.531144376169209, 705.484560833463775 ] ] ] } },
{ "type": "Feature", "properties": { "feature_type": "building", "subtype": "no-damage", "uid": "ca373be7-4f84-49bd-9edb-01352e3c1e47" }, "geometry": { "type": "Polygon", "coordinates": [ [ [ 383.560000000871923, 660.939999999856582 ], [ 374.347421801140797, 681.648809755952811 ], [ 351.550000000696286, 674.610000001381536 ], [ 353.604158272244092, 669.025958809658391 ], [ 353.510000000271589, 668.260000000661876 ], [ 354.4644755050291, 668.643032992117128 ], [ 356.164639587030877, 667.942965427617423 ], [ 362.23999999971852, 651.149999999636179 ], [ 383.560000000871923, 660.939999999856582 ] ] ] } },
{ "type": "Feature", "properties": { "feature_type": "building", "subtype": "no-damage", "uid": "1e9f8125-7df9-4687-882d-83c75686c7ac" }, "geometry": { "type": "Polygon", "coordinates": [ [ [ 285.409999999163176, 608.5799999996824 ], [ 284.219698402348286, 614.114667005438946 ], [ 284.789137330368021, 616.164647139290196 ], [ 284.450841749162294, 621.239080896925657 ], [ 284.940303232414919, 623.319292215084829 ], [ 296.79665407881572, 628.221437277744826 ], [ 298.380000000252608, 628.900000001408102 ], [ 297.548147226059712, 632.42921730805881 ], [ 300.51198217471682, 634.948477015602066 ], [ 301.83569014775378, 637.301735632091095 ], [ 307.760000001981211, 639.109999999940669 ], [ 302.750000000788816, 654.969999999121001 ], [ 301.829999999815527, 655.830000000198311 ], [ 298.240281415404013, 654.672937519824927 ], [ 269.984695585337079, 644.975392312727195 ], [ 271.033455845340995, 644.535001261974458 ], [ 275.320227393019479, 631.215389682618252 ], [ 265.215694467182686, 628.000311024172674 ], [ 266.440486334788091, 624.172836432525173 ], [ 269.502466011375077, 623.866638465924325 ], [ 269.655564994675501, 611.00632383598861 ], [ 275.626425359019322, 607.025750259598226 ], [ 285.409999999163176, 608.5799999996824 ] ] ] } },
{ "type": "Feature", "properties": { "feature_type": "building", "subtype": "no-damage", "uid": "a1aebeec-e501-4cb5-9b9b-874b54861160" }, "geometry": { "type": "Polygon", "coordinates": [ [ [ 419.516199466575301, 615.472036406731945 ], [ 429.860416740562187, 619.782367573516808 ], [ 431.445128944759915, 612.579130281751191 ], [ 455.509462232533906, 622.360622378256721 ], [ 448.440000000256589, 644.500000000396994 ], [ 424.733011902361682, 636.568873048036721 ], [ 419.002769220023424, 646.550586107068739 ], [ 444.610000002272614, 656.490000000018654 ], [ 441.50953569228318, 666.184394989338443 ], [ 395.984275355092677, 650.93108611107391 ], [ 394.999999998596877, 653.409999999895263 ], [ 387.082043196004008, 653.024085559700325 ], [ 383.759999999724585, 660.480000002254883 ], [ 362.410000000786908, 650.680000000288601 ], [ 369.759134232712199, 630.358186114329442 ], [ 368.389999999420127, 624.399999999573083 ], [ 372.133598209294121, 617.467093301047043 ], [ 377.370622556869876, 604.748605596062134 ], [ 379.615061562132325, 602.753548700785359 ], [ 419.516199466575301, 615.472036406731945 ] ] ] } },
{ "type": "Feature", "properties": { "feature_type": "building", "subtype": "no-damage", "uid": "56095233-f6f5-4ae7-9f2c-feaa4a9080b4" }, "geometry": { "type": "Polygon", "coordinates": [ [ [ 439.764371904511677, 642.35007541276866 ], [ 434.108743802862421, 651.702889463790598 ], [ 419.726037449874013, 646.294982746359096 ], [ 424.962758616901226, 637.172952326870359 ], [ 439.764371904511677, 642.35007541276866 ] ] ] } },
{ "type": "Feature", "properties": { "feature_type": "building", "subtype": "no-damage", "uid": "75617386-eee2-42f8-ab79-8454bbc1bd3d" }, "geometry": { "type": "Polygon", "coordinates": [ [ [ 309.920597702581006, 608.556740096449516 ], [ 309.002003802778518, 611.924917737714736 ], [ 340.081097490419779, 622.335648628111358 ], [ 343.449275128198224, 623.40734151361869 ], [ 339.31560256790732, 636.573854112078607 ], [ 339.529999999446375, 636.669999999992797 ], [ 334.162835942338972, 642.599644872027056 ], [ 333.729999999660379, 644.08000000016159 ], [ 332.032675201861082, 646.025741809232841 ], [ 302.17339145263611, 636.882229081923811 ], [ 300.903933999791718, 634.625415828682321 ], [ 298.105179117538, 632.246474179325105 ], [ 299.570000000638686, 626.069999999730499 ], [ 301.299198305291725, 620.645629665031947 ], [ 308.870000000782682, 608.22999999916567 ], [ 309.920597702581006, 608.556740096449516 ] ] ] } },
{ "type": "Feature", "properties": { "feature_type": "building", "subtype": "no-damage", "uid": "f228fe6e-dc4f-46e6-82e6-6bb46d5687fb" }, "geometry": { "type": "Polygon", "coordinates": [ [ [ 308.380000003112684, 608.070000000083496 ], [ 300.84112906000621, 620.436446651434153 ], [ 298.319539406288584, 628.330118622649138 ], [ 296.990664432518486, 627.760600779306287 ], [ 285.368287690439388, 622.955195010206808 ], [ 284.954721191461488, 621.197537395170343 ], [ 285.293696597589928, 616.112906331734166 ], [ 284.734350541270089, 614.099260534848781 ], [ 285.899999999477814, 608.650000000362752 ], [ 288.180542022351005, 609.016037047793475 ], [ 292.773511529658208, 603.198275667950838 ], [ 308.380000003112684, 608.070000000083496 ] ] ] } },
{ "type": "Feature", "properties": { "feature_type": "building", "subtype": "no-damage", "uid": "787153e3-790d-4e9e-a838-508fa8ff7156" }, "geometry": { "type": "Polygon", "coordinates": [ [ [ 367.990000000392399, 624.920000000917753 ], [ 369.238841289776985, 630.326643195171869 ], [ 363.396403039682127, 647.323519968831079 ], [ 355.769699343177479, 667.564859167467944 ], [ 354.462792690179299, 668.102997200454524 ], [ 346.786178824059789, 664.997850016837333 ], [ 345.125801325623797, 660.715823837981475 ], [ 344.427461227884692, 660.01748374060287 ], [ 334.194094960135487, 656.636023581168729 ], [ 330.894349485856878, 655.728593579603626 ], [ 334.180000000324583, 644.330000001492408 ], [ 340.51000000368191, 637.119999999695438 ], [ 345.745759882753305, 639.482734800076628 ], [ 351.257323295152219, 626.163123220720422 ], [ 356.156490773868711, 622.335648628111358 ], [ 367.990000000392399, 624.920000000917753 ] ] ] } },
{ "type": "Feature", "properties": { "feature_type": "building", "subtype": "no-damage", "uid": "d6ce507f-1666-4d12-b0e0-3f470420c34e" }, "geometry": { "type": "Polygon", "coordinates": [ [ [ 557.435395748454653, 663.975785791030034 ], [ 555.190956742230583, 682.928826295197268 ], [ 547.9588754966137, 689.662143315313642 ], [ 542.503333332135412, 689.176666667114318 ], [ 541.890739840034826, 676.919220649399449 ], [ 542.397166028008087, 660.966795743082344 ], [ 540.549999999709371, 660.949999999678994 ], [ 541.542958618662624, 646.257399257493034 ], [ 550.850000001329363, 645.870000000111531 ], [ 557.435395748454653, 663.975785791030034 ] ] ] } },
{ "type": "Feature", "properties": { "feature_type": "building", "subtype": "no-damage", "uid": "db4aac86-651a-4dca-86b8-833a61b8dda5" }, "geometry": { "type": "Polygon", "coordinates": [ [ [ 527.381541342790683, 643.00750069790854 ], [ 527.439999999903876, 642.830000001201256 ], [ 550.349999999870079, 644.490000000574582 ], [ 550.670000000679011, 645.380000001119129 ], [ 541.074346899559146, 645.776298507360707 ], [ 540.050000001615899, 660.949999999678994 ], [ 532.202993433320671, 660.876941427923839 ], [ 529.34000000006381, 661.580000001955455 ], [ 529.103924214881545, 661.593073810599321 ], [ 529.110000000902346, 661.639999999928364 ], [ 528.13371987356129, 661.877593151042333 ], [ 521.805069601088917, 662.295181633872744 ], [ 521.005005715932043, 660.795053871159212 ], [ 512.426666666063284, 659.906666667562263 ], [ 514.65000000030625, 648.780000002292013 ], [ 517.469773761173201, 649.657521792459079 ], [ 524.090186290835845, 650.259377477760836 ], [ 524.537928416163936, 643.543245593991969 ], [ 524.742618139138358, 642.72448670065171 ], [ 527.381541342790683, 643.00750069790854 ] ] ] } },
{ "type": "Feature", "properties": { "feature_type": "building", "subtype": "no-damage", "uid": "784e101f-c009-4241-bdc7-9996325372de" }, "geometry": { "type": "Polygon", "coordinates": [ [ [ 544.28656698559837, 628.997442044068976 ], [ 544.375172067715312, 632.763158021956428 ], [ 541.672660165926231, 639.78968896665765 ], [ 540.970000000185109, 643.310000002294487 ], [ 527.620000000914843, 642.340000001247176 ], [ 528.000716266226391, 641.253171754905679 ], [ 529.281785372889431, 639.514577963907982 ], [ 531.643223021265953, 637.247597822658463 ], [ 532.644932846966526, 635.444520136589404 ], [ 531.77500333446892, 630.708237219238072 ], [ 531.350000001035255, 629.98000000146385 ], [ 544.030000000302266, 627.959999999828028 ], [ 544.28656698559837, 628.997442044068976 ] ] ] } },
{ "type": "Feature", "properties": { "feature_type": "building", "subtype": "no-damage", "uid": "9b58664d-be02-4630-ab63-1bacc490f78c" }, "geometry": { "type": "Polygon", "coordinates": [ [ [ 524.125450423255984, 643.131604753215356 ], [ 524.042010654612682, 643.465363825865211 ], [ 523.625364305207881, 649.71505906958248 ], [ 517.568079200567809, 649.164396787932446 ], [ 514.749999999732609, 648.27999999963049 ], [ 516.039999999424936, 641.830000000686596 ], [ 524.125450423255984, 643.131604753215356 ] ] ] } },
{ "type": "Feature", "properties": { "feature_type": "building", "subtype": "no-damage", "uid": "1dc4f17b-1c97-4997-a4a0-f542a8035583" }, "geometry": { "type": "Polygon", "coordinates": [ [ [ 530.200435352071167, 626.76735289885346 ], [ 529.060965168783923, 627.109193953995941 ], [ 531.265547798812463, 630.917109412617947 ], [ 532.087429198172231, 635.391797024743937 ], [ 531.209349124066307, 636.972341162630755 ], [ 528.871312005676714, 639.216856791784721 ], [ 527.520675252322349, 641.049863817259961 ], [ 527.01197623039252, 642.491177709542512 ], [ 520.932002663620437, 641.674464843104943 ], [ 515.680000000888981, 640.259999999715092 ], [ 517.102442994078274, 635.841817119615484 ], [ 516.216813044614469, 633.362053256885133 ], [ 517.245446210074078, 629.847556603943076 ], [ 518.907028936968914, 627.224004931289983 ], [ 518.850000001697481, 627.190000000037685 ], [ 528.560194576233016, 626.753206940434893 ], [ 530.756612914693392, 625.654997769761962 ], [ 530.200435352071167, 626.76735289885346 ] ] ] } },
{ "type": "Feature", "properties": { "feature_type": "building", "subtype": "no-damage", "uid": "07dd991f-322e-4180-a633-eced8820c326" }, "geometry": { "type": "Polygon", "coordinates": [ [ [ 541.84811213137948, 661.487392288982051 ], [ 541.357009870272122, 676.957113479426766 ], [ 541.969999999136803, 689.170000000566006 ], [ 533.310000000610671, 688.399999999813872 ], [ 529.673830451867389, 662.064687253140278 ], [ 540.511472136233238, 661.512541457373914 ], [ 540.520000000362302, 661.450000001378839 ], [ 541.84811213137948, 661.487392288982051 ] ] ] } },
{ "type": "Feature", "properties": { "feature_type": "building", "subtype": "no-damage", "uid": "d3926c04-9946-4da4-8827-bc4649e1fa44" }, "geometry": { "type": "Polygon", "coordinates": [ [ [ 520.745313422534537, 661.227036602568887 ], [ 521.508208877803781, 662.752827516473531 ], [ 528.180761756166248, 662.239554217148452 ], [ 529.160000000615582, 661.989999999483416 ], [ 532.800000001011881, 688.360000000524224 ], [ 508.523168486013219, 686.204127082282525 ], [ 507.901605838344096, 679.115461311600257 ], [ 509.62999999953189, 659.930000001442863 ], [ 520.745313422534537, 661.227036602568887 ] ] ] } },
{ "type": "Feature", "properties": { "feature_type": "building", "subtype": "no-damage", "uid": "b99511f6-6111-42b9-a0be-3ccddd207c97" }, "geometry": { "type": "Polygon", "coordinates": [ [ [ 429.848368375282973, 459.682719252649122 ], [ 464.013717702440886, 465.418507825127108 ], [ 474.737148517075127, 467.662946832794319 ], [ 471.99394528438728, 488.112280007457287 ], [ 457.031018571498521, 486.117223112180625 ], [ 439.324888629407781, 480.132052426350413 ], [ 424.860726139496478, 469.907385839499682 ], [ 429.848368375282973, 459.682719252649122 ] ] ] } },
{ "type": "Feature", "properties": { "feature_type": "building", "subtype": "no-damage", "uid": "2d850006-7a28-4fa8-a278-1efcaf401ce1" }, "geometry": { "type": "Polygon", "coordinates": [ [ [ 452.630240395429098, 463.19832103409982 ], [ 426.056192617391673, 458.508783192789508 ], [ 429.573345999575679, 440.727618872491917 ], [ 439.343216505629073, 439.359837002069582 ], [ 478.031903705445814, 448.15272045657008 ], [ 475.296339966284791, 464.761500315818921 ], [ 452.630240395429098, 463.19832103409982 ] ] ] } },
{ "type": "Feature", "properties": { "feature_type": "building", "subtype": "no-damage", "uid": "46e39bff-2158-44fb-9bcb-2881ed8d51c1" }, "geometry": { "type": "Polygon", "coordinates": [ [ [ 629.089184524800203, 416.998716916502076 ], [ 633.827444654086548, 400.290115420963673 ], [ 640.810143785870423, 381.586457029186988 ], [ 643.054582792455221, 376.598814791956784 ], [ 650.785428260208164, 375.60128634431851 ], [ 689.938419824354582, 385.077806594959611 ], [ 688.691509269855715, 400.040733307611617 ], [ 690.935948273074587, 408.519725112537685 ], [ 685.94830603500418, 425.228326608075974 ], [ 679.214989016812751, 427.722147729095298 ], [ 670.735997210927053, 425.477708720466524 ], [ 668.49155820314013, 434.455464748250108 ], [ 646.545932357145034, 428.96905828623909 ], [ 628.091656079806739, 423.233269712799313 ], [ 629.089184524800203, 416.998716916502076 ] ] ] } },
{ "type": "Feature", "properties": { "feature_type": "building", "subtype": "no-damage", "uid": "af041684-93e9-40d5-9c41-c11a6eaf5e21" }, "geometry": { "type": "Polygon", "coordinates": [ [ [ 570.928469048459419, 370.449033348613511 ], [ 567.690000001135104, 380.799999998644182 ], [ 565.767595691441898, 380.064243386174383 ], [ 564.986006050221931, 384.167588997441101 ], [ 551.040000000359669, 379.030000002185886 ], [ 554.9944616725993, 364.758316427365628 ], [ 570.928469048459419, 370.449033348613511 ] ] ] } },
{ "type": "Feature", "properties": { "feature_type": "building", "subtype": "no-damage", "uid": "fdc04cbd-bfda-4780-8583-01fd6278d77b" }, "geometry": { "type": "Polygon", "coordinates": [ [ [ 586.675118573249165, 356.030361941885701 ], [ 576.514453247607662, 384.167588996479424 ], [ 568.160000003848381, 380.980000001218002 ], [ 571.548977299001876, 370.139712412345091 ], [ 554.656219778725472, 364.106584725989819 ], [ 550.569999999449578, 378.860000000396212 ], [ 540.561329785268981, 375.179308132605627 ], [ 546.618649498562831, 350.950029279905209 ], [ 552.285174393590864, 346.26049143763322 ], [ 586.675118573249165, 356.030361941885701 ] ] ] } },
{ "type": "Feature", "properties": { "feature_type": "building", "subtype": "no-damage", "uid": "985f23e2-d1ad-4bdc-b6f7-35912abfec43" }, "geometry": { "type": "Polygon", "coordinates": [ [ [ 697.372578683878373, 346.304929693868985 ], [ 694.334316490581159, 353.485982469175724 ], [ 691.749613539590541, 358.850085880394886 ], [ 688.581546025840339, 357.316053787291708 ], [ 678.729432920041518, 351.321415110082 ], [ 685.517724169404573, 341.857681230042317 ], [ 697.372578683878373, 346.304929693868985 ] ] ] } },
{ "type": "Feature", "properties": { "feature_type": "building", "subtype": "no-damage", "uid": "cfbbe317-ca6e-448d-9a3b-51a95f0f2d0b" }, "geometry": { "type": "Polygon", "coordinates": [ [ [ 690.735604697056033, 362.962590189963692 ], [ 698.772727701874146, 346.528473002173087 ], [ 701.05191183801378, 342.689847089078683 ], [ 721.204697878869297, 349.527399497018507 ], [ 712.327875455321646, 373.518811450973089 ], [ 690.735604697056033, 362.962590189963692 ] ] ] } },
{ "type": "Feature", "properties": { "feature_type": "building", "subtype": "no-damage", "uid": "24fff642-bb81-449b-a411-233c3dbc9f29" }, "geometry": { "type": "Polygon", "coordinates": [ [ [ 728.622582267769417, 345.404608812236006 ], [ 714.242189504780981, 346.250514267022879 ], [ 703.809355538730756, 340.799123548459022 ], [ 705.689145445148711, 332.997995446511595 ], [ 699.767807246615916, 331.118205543459112 ], [ 701.459618161478375, 317.959676217283004 ], [ 708.320851308652323, 318.805581675916585 ], [ 712.644368086898226, 318.711592178696321 ], [ 717.437832339584816, 316.643823286011809 ], [ 721.291401642668802, 317.583718237057212 ], [ 719.411611742501691, 323.693035422699211 ], [ 727.306729338662308, 321.719256025311381 ], [ 733.885993997661558, 324.068993402924889 ], [ 735.389825923132548, 332.058100495466192 ], [ 728.622582267769417, 345.404608812236006 ] ] ] } },
{ "type": "Feature", "properties": { "feature_type": "building", "subtype": "no-damage", "uid": "9dc46e69-6742-431c-b4bc-2b3d8faaa079" }, "geometry": { "type": "Polygon", "coordinates": [ [ [ 442.663630082493512, 438.888882336021595 ], [ 444.573320831231285, 426.475892471987891 ], [ 452.84864740725169, 428.703865011020525 ], [ 450.620674865935712, 439.207164127998908 ], [ 443.936757246675825, 438.570600545967693 ], [ 442.663630082493512, 438.888882336021595 ] ] ] } },
{ "type": "Feature", "properties": { "feature_type": "building", "subtype": "no-damage", "uid": "bbdbbd0c-3153-489f-ac17-9c75d1408b07" }, "geometry": { "type": "Polygon", "coordinates": [ [ [ 472.582118475458401, 435.387782631003176 ], [ 480.591614212763886, 436.097989442075175 ], [ 479.578411513378398, 446.679855879601178 ], [ 468.510000000406421, 445.050000000215789 ], [ 470.199999999967872, 435.030000000232917 ], [ 472.582118475458401, 435.387782631003176 ] ] ] } },
{ "type": "Feature", "properties": { "feature_type": "building", "subtype": "no-damage", "uid": "ad628b81-5589-49a6-9c05-7c2a645c3dd6" }, "geometry": { "type": "Polygon", "coordinates": [ [ [ 469.699999998748979, 434.950000000691773 ], [ 468.029999999072686, 444.890000001133728 ], [ 463.0300000003474, 443.260000001227581 ], [ 464.640000000608211, 434.189999999762108 ], [ 469.699999998748979, 434.950000000691773 ] ] ] } },
{ "type": "Feature", "properties": { "feature_type": "building", "subtype": "no-damage", "uid": "3a5cbc90-977d-4886-b154-08ef838d8a8f" }, "geometry": { "type": "Polygon", "coordinates": [ [ [ 464.150000003058381, 434.110000001182584 ], [ 462.550000000336127, 443.100000002145407 ], [ 457.130000001375379, 441.330000000878726 ], [ 459.210000000743321, 433.370000000859477 ], [ 464.150000003058381, 434.110000001182584 ] ] ] } },
{ "type": "Feature", "properties": { "feature_type": "building", "subtype": "no-damage", "uid": "01dcb7c0-6bb8-4aa8-9ec5-401bf8d6083c" }, "geometry": { "type": "Polygon", "coordinates": [ [ [ 458.259437861127196, 429.340428594013417 ], [ 456.349747116236074, 432.841528299993399 ], [ 455.713183529757373, 432.841528299993399 ], [ 458.710000002169011, 433.290000000356713 ], [ 456.660000002989705, 441.179999999695497 ], [ 450.620674865935712, 439.207164127998908 ], [ 452.84864740725169, 428.703865011020525 ], [ 458.259437861127196, 429.340428594013417 ] ] ] } },
{ "type": "Feature", "properties": { "feature_type": "building", "subtype": "no-damage", "uid": "c6c961b4-59e4-4e16-9ef4-aed28c2351b4" }, "geometry": { "type": "Polygon", "coordinates": [ [ [ 437.344258058912715, 397.61242284997661 ], [ 438.125847696886979, 389.60112903585491 ], [ 474.469765978332987, 398.589409900690328 ], [ 474.46976597640969, 415.784381990944382 ], [ 468.803241085468926, 415.002792351527376 ], [ 470.171022956010972, 422.232496524308772 ], [ 434.608694316626327, 417.933753500783723 ], [ 433.436309854976685, 417.738356092371873 ], [ 437.344258058912715, 397.61242284997661 ] ] ] } },
{ "type": "Feature", "properties": { "feature_type": "building", "subtype": "no-damage", "uid": "7f9e3824-615c-4e33-b2b6-d5530c4c1455" }, "geometry": { "type": "Polygon", "coordinates": [ [ [ 441.414721291310116, 418.976319672705984 ], [ 454.13016962939372, 420.655718510165627 ], [ 452.570727854243103, 426.293700317859191 ], [ 442.614291889752792, 425.693915019659528 ], [ 440.814935994312577, 425.693915020621091 ], [ 441.414721291310116, 418.976319672705984 ] ] ] } },
{ "type": "Feature", "properties": { "feature_type": "building", "subtype": "no-damage", "uid": "f4f1e812-3bb2-458e-ab08-c02710b9d090" }, "geometry": { "type": "Polygon", "coordinates": [ [ [ 447.513777252072828, 387.191446899864502 ], [ 449.350965052759705, 377.086913976068786 ], [ 453.025340662548274, 373.871835318584885 ], [ 475.377792278624725, 376.933814993249314 ], [ 473.84680244309601, 383.976368241418925 ], [ 472.775109554222979, 396.530484903791887 ], [ 452.259845743161179, 392.54991132836318 ], [ 452.872241678286173, 389.947228606004501 ], [ 447.207579281625215, 389.641030638441919 ], [ 447.054480297483281, 387.803842834027989 ], [ 447.513777252072828, 387.191446899864502 ] ] ] } },
{ "type": "Feature", "properties": { "feature_type": "building", "subtype": "no-damage", "uid": "305b7751-577a-400a-b58b-9cbc57a3b4df" }, "geometry": { "type": "Polygon", "coordinates": [ [ [ 474.153000408374623, 387.803842834027989 ], [ 475.990188212667817, 382.292279421747992 ], [ 477.368079069704379, 380.914388567716287 ], [ 487.013315037706093, 382.751576373091893 ], [ 484.410632316429883, 393.621604212908892 ], [ 477.061881098295203, 392.243713361762275 ], [ 473.693703458473294, 388.263139785371891 ], [ 474.153000408374623, 387.803842834027989 ] ] ] } },
{ "type": "Feature", "properties": { "feature_type": "building", "subtype": "no-damage", "uid": "e50c32f6-5f30-42b3-8663-5a9559b4421d" }, "geometry": { "type": "Polygon", "coordinates": [ [ [ 698.934796533510053, 292.456918474477675 ], [ 701.239832467413066, 277.61824965249798 ], [ 713.05314162614161, 278.482638128433109 ], [ 717.519148746876567, 279.347026603406505 ], [ 714.781918574525321, 295.77040762790142 ], [ 698.934796533510053, 292.456918474477675 ] ] ] } },
{ "type": "Feature", "properties": { "feature_type": "building", "subtype": "no-damage", "uid": "a42e0b67-f400-4937-9352-a0888d35a584" }, "geometry": { "type": "Polygon", "coordinates": [ [ [ 704.577330715599032, 266.238815052358689 ], [ 709.353266583785626, 253.326099554537507 ], [ 711.918121033385319, 249.611482765925388 ], [ 731.729410568518006, 255.625624229675992 ], [ 725.626825844010341, 275.260027250388816 ], [ 704.577330715599032, 266.238815052358689 ] ] ] } },
{ "type": "Feature", "properties": { "feature_type": "building", "subtype": "no-damage", "uid": "2ca78eef-db99-44fc-9649-cd84f647993b" }, "geometry": { "type": "Polygon", "coordinates": [ [ [ 752.552600539967784, 259.909732795419472 ], [ 733.47613437120242, 244.445378565309198 ], [ 747.811703625624546, 226.046183385436109 ], [ 770.838917219022392, 245.009771056757813 ], [ 756.390469474845304, 262.957452243472005 ], [ 752.552600539967784, 259.909732795419472 ] ] ] } },
{ "type": "Feature", "properties": { "feature_type": "building", "subtype": "no-damage", "uid": "1e0d52f9-981a-4833-ac4e-a84b210d29e2" }, "geometry": { "type": "Polygon", "coordinates": [ [ [ 803.880157150175705, 292.205839399309582 ], [ 809.277481828058171, 273.197869876898778 ], [ 811.624144733774529, 270.381874391384827 ], [ 823.82679183842663, 274.371201326631819 ], [ 817.256135702517099, 298.776495530893214 ], [ 803.176158280840923, 293.379170849042623 ], [ 803.880157150175705, 292.205839399309582 ] ] ] } },
{ "type": "Feature", "properties": { "feature_type": "building", "subtype": "no-damage", "uid": "4dd98a61-e155-4089-b3b8-251e26bc7dc5" }, "geometry": { "type": "Polygon", "coordinates": [ [ [ 790.269512309258175, 287.981846172000303 ], [ 798.717498760749208, 269.443209228905687 ], [ 802.706825697317527, 266.392547455176214 ], [ 809.746814410740058, 268.73921035848889 ], [ 803.176158280840923, 293.379170849042623 ], [ 790.269512309258175, 287.981846172000303 ] ] ] } },
{ "type": "Feature", "properties": { "feature_type": "building", "subtype": "no-damage", "uid": "f6b1e32b-d2dd-48c4-bab4-c240cce69964" }, "geometry": { "type": "Polygon", "coordinates": [ [ [ 767.976214721541737, 301.123158433244328 ], [ 775.954868595519883, 286.104515848965491 ], [ 779.94419552908289, 283.053854073312607 ], [ 790.269512309258175, 287.981846172000303 ], [ 779.474862951449722, 311.448475211859318 ], [ 767.272215846316726, 304.877819079314008 ], [ 767.976214721541737, 301.123158433244328 ] ] ] } },
{ "type": "Feature", "properties": { "feature_type": "building", "subtype": "no-damage", "uid": "4f65502e-21ce-4633-9f79-978ae0758da6" }, "geometry": { "type": "Polygon", "coordinates": [ [ [ 752.949640840892926, 321.525030264495172 ], [ 759.936593643484684, 309.573663633997228 ], [ 763.613937218538467, 306.631788771164622 ], [ 771.520225913601394, 311.044601065413474 ], [ 761.407531074780422, 328.328115884074521 ], [ 752.949640840892926, 321.525030264495172 ] ] ] } },
{ "type": "Feature", "properties": { "feature_type": "building", "subtype": "no-damage", "uid": "3a2253cb-4de6-4c15-ba80-3cab4bb0aa95" }, "geometry": { "type": "Polygon", "coordinates": [ [ [ 765.268741830925023, 327.40877998919882 ], [ 769.313819769963516, 316.192882076332296 ], [ 772.80729616885526, 311.963936961250795 ], [ 780.713584859470416, 314.354210287542685 ], [ 774.829835137773443, 330.718389211327974 ], [ 765.268741830925023, 327.40877998919882 ] ] ] } },
{ "type": "Feature", "properties": { "feature_type": "building", "subtype": "no-damage", "uid": "270e4f18-e81d-4d85-9174-364935835e60" }, "geometry": { "type": "Polygon", "coordinates": [ [ [ 745.962688043109665, 315.457413359662496 ], [ 750.375500336996879, 306.447921591997101 ], [ 752.765773666654127, 302.954445194547077 ], [ 762.326866966049579, 305.896320055456385 ], [ 752.214172127709389, 318.767022580829973 ], [ 748.493645243496189, 316.956737295422215 ], [ 745.962688043109665, 315.457413359662496 ] ] ] } },
{ "type": "Feature", "properties": { "feature_type": "building", "subtype": "no-damage", "uid": "dfa7600e-7b89-4929-8b36-c4239075b402" }, "geometry": { "type": "Polygon", "coordinates": [ [ [ 774.33358491854824, 228.668795635867014 ], [ 776.430086739300805, 220.582288621085411 ], [ 784.516593749632648, 222.079789920404011 ], [ 787.212096092420438, 214.891783685790614 ], [ 794.100602063970996, 218.186286542560396 ], [ 790.20709868949416, 234.059800312067608 ], [ 783.618092970546627, 233.460799792917101 ], [ 783.019092453199505, 228.069795116716591 ], [ 779.425089334090444, 227.171294336548499 ], [ 776.1305864762395, 233.161299531899402 ], [ 772.836083618148223, 229.267796155979113 ], [ 774.33358491854824, 228.668795635867014 ] ] ] } },
{ "type": "Feature", "properties": { "feature_type": "building", "subtype": "no-damage", "uid": "20effb52-ec04-4fad-95fe-f447bb465132" }, "geometry": { "type": "Polygon", "coordinates": [ [ [ 863.285162073671472, 218.485786802616389 ], [ 873.468170910285494, 221.480789400291911 ], [ 872.569670130598411, 230.765297455297713 ], [ 860.589659735331452, 227.770294855698893 ], [ 863.285162073671472, 218.485786802616389 ] ] ] } },
{ "type": "Feature", "properties": { "feature_type": "building", "subtype": "no-damage", "uid": "793d8993-2128-4482-93f3-2b1e872cc8a5" }, "geometry": { "type": "Polygon", "coordinates": [ [ [ 865.082163635089273, 200.815271476619699 ], [ 883.950679997819634, 207.40427719112111 ], [ 880.356676885081697, 222.379290178536706 ], [ 867.478165714575425, 218.485786802616389 ], [ 863.285162073671472, 218.485786802616389 ], [ 865.082163635089273, 200.815271476619699 ] ] ] } },
{ "type": "Feature", "properties": { "feature_type": "building", "subtype": "no-damage", "uid": "a2eb6ed9-6626-4eff-adad-99a7e0619af7" }, "geometry": { "type": "Polygon", "coordinates": [ [ [ 873.468170910285494, 221.480789400291911 ], [ 880.356676885081697, 222.379290178536706 ], [ 880.95567740086608, 231.064797713430409 ], [ 872.569670130598411, 230.765297455297713 ], [ 873.468170910285494, 221.480789400291911 ] ] ] } },
{ "type": "Feature", "properties": { "feature_type": "building", "subtype": "no-damage", "uid": "79e33dd5-8a15-4af2-bedd-44a67a461da6" }, "geometry": { "type": "Polygon", "coordinates": [ [ [ 854.142961969321505, 218.979788970500493 ], [ 860.009619225318033, 220.622453005319812 ], [ 860.589659735331452, 227.770294855698893 ], [ 853.673629384716264, 226.019777683323696 ], [ 854.142961969321505, 218.979788970500493 ] ] ] } },
{ "type": "Feature", "properties": { "feature_type": "building", "subtype": "no-damage", "uid": "63dad9eb-a2ca-4a47-a7f1-7c877a71affc" }, "geometry": { "type": "Polygon", "coordinates": [ [ [ 792.296787765927661, 226.387506371620503 ], [ 810.867372836111826, 233.190591992161387 ], [ 809.212568226730468, 240.545279149242987 ], [ 803.328818502509193, 238.338873002118504 ], [ 802.225615431110896, 242.567818117200005 ], [ 797.261201595754528, 241.64848222232439 ], [ 789.171045725851741, 237.971138643783604 ], [ 792.296787765927661, 226.387506371620503 ] ] ] } },
{ "type": "Feature", "properties": { "feature_type": "building", "subtype": "no-damage", "uid": "dde7c226-271a-4deb-b93b-6fb5c5e34c29" }, "geometry": { "type": "Polygon", "coordinates": [ [ [ 805.535224647349082, 245.509692980032696 ], [ 824.105809717533248, 249.370903738702594 ], [ 822.634872286357677, 260.035200115028374 ], [ 804.248154394138851, 255.80625499898531 ], [ 805.535224647349082, 245.509692980032696 ] ] ] } },
{ "type": "Feature", "properties": { "feature_type": "building", "subtype": "no-damage", "uid": "084fa2f0-964c-4837-8566-12e6512972a9" }, "geometry": { "type": "Polygon", "coordinates": [ [ [ 821.163934854941658, 235.948599676788291 ], [ 822.451005107671108, 229.329381235414786 ], [ 832.379832768767187, 230.61645148766371 ], [ 830.908895341919219, 241.64848222232439 ], [ 820.980067678058276, 239.993677611740594 ], [ 821.163934854941658, 235.948599676788291 ] ] ] } },
{ "type": "Feature", "properties": { "feature_type": "building", "subtype": "no-damage", "uid": "34edeabb-4284-4ee5-8b4e-c2cd59a3d253" }, "geometry": { "type": "Polygon", "coordinates": [ [ [ 825.944481507404248, 225.835904836041493 ], [ 829.437957907137388, 216.458678710041198 ], [ 840.653855821203251, 221.055358182495894 ], [ 840.102254285624326, 226.755240730917109 ], [ 836.608777886492248, 225.652037655912409 ], [ 834.770106095539404, 230.616451486702005 ], [ 825.576747154238433, 226.939107908161191 ], [ 825.944481507404248, 225.835904836041493 ] ] ] } },
{ "type": "Feature", "properties": { "feature_type": "building", "subtype": "no-damage", "uid": "1e8f6fd2-5e06-4050-8f58-8b4b971d982f" }, "geometry": { "type": "Polygon", "coordinates": [ [ [ 816.751122562857518, 214.987741278624895 ], [ 827.599286119670523, 218.113483320624994 ], [ 825.576747154238433, 226.939107908161191 ], [ 814.728583592496875, 223.445631508787898 ], [ 816.751122562857518, 214.987741278624895 ] ] ] } },
{ "type": "Feature", "properties": { "feature_type": "building", "subtype": "no-damage", "uid": "65df3c1a-2324-41d2-ad51-fa2d9fb15e26" }, "geometry": { "type": "Polygon", "coordinates": [ [ [ 823.921942541130647, 215.539342815165611 ], [ 824.473544077671136, 200.278366965423288 ], [ 839.366785569675926, 202.852507470882699 ], [ 836.976512242783542, 218.481217678959894 ], [ 824.289676901749431, 214.987741279586487 ], [ 823.921942541130647, 215.539342815165611 ] ] ] } },
{ "type": "Feature", "properties": { "feature_type": "building", "subtype": "no-damage", "uid": "c3057792-d7fa-4861-9651-0d9329e2d6aa" }, "geometry": { "type": "Polygon", "coordinates": [ [ [ 893.933051774199157, 364.459858569579183 ], [ 899.597714167374079, 356.651810403464822 ], [ 901.588000960016529, 354.50842463148831 ], [ 905.415475551783288, 358.488998206917017 ], [ 909.54914810690525, 354.049127680144409 ], [ 904.037584693664826, 350.527851054136192 ], [ 914.448315586703529, 335.830348622671579 ], [ 937.719361104265317, 352.824335810855587 ], [ 921.643967820696275, 370.736916900765777 ], [ 915.213810506210848, 367.368739261423912 ], [ 908.018158271015977, 377.013975230990582 ], [ 893.933051775761896, 365.378452472266986 ], [ 893.933051774199157, 364.459858569579183 ] ] ] } },
{ "type": "Feature", "properties": { "feature_type": "building", "subtype": "no-damage", "uid": "e45b6650-0ba9-4f55-a36c-1b20d4e85f47" }, "geometry": { "type": "Polygon", "coordinates": [ [ [ 919.139448016959022, 312.878364729392786 ], [ 912.661766791258401, 307.840168217975588 ], [ 918.659619778423348, 300.642744631885421 ], [ 939.172277001396196, 318.516346538048083 ], [ 939.532148180508329, 317.436732999749779 ], [ 943.010902912686447, 317.916561237925009 ], [ 943.130859973793008, 319.955831254496786 ], [ 951.287940039717569, 327.153254841548687 ], [ 947.209400005132466, 332.551322532078075 ], [ 947.569271185085995, 337.709476101596522 ], [ 943.13085997355256, 343.227500851188779 ], [ 936.653178744005345, 343.227500851188779 ], [ 933.174424011586666, 347.545955002458186 ], [ 913.381509148280543, 331.471708993779828 ], [ 918.539662722245453, 327.153254841548687 ], [ 910.262625593651705, 319.955831254496786 ], [ 915.900607406633185, 314.797677683054985 ], [ 916.620349764737057, 314.437806504904472 ], [ 919.139448016959022, 312.878364729392786 ] ] ] } },
{ "type": "Feature", "properties": { "feature_type": "building", "subtype": "no-damage", "uid": "2cd9b0b8-c5ff-4a78-a717-0856009991a1" }, "geometry": { "type": "Polygon", "coordinates": [ [ [ 842.976568030375461, 215.465594256704293 ], [ 843.953555083372976, 202.37396777964031 ], [ 850.792464433078408, 203.546352239727497 ], [ 850.206272204597667, 209.799069363718502 ], [ 854.700412635812313, 209.994466775015212 ], [ 854.114220406129448, 201.396980728926593 ], [ 863.297898684543497, 204.9141341120731 ], [ 862.32091163094492, 214.48860720599049 ], [ 860.009619225318033, 220.622453005319812 ], [ 856.849784150820028, 218.9827476398508 ], [ 857.240578970167803, 214.48860720599049 ], [ 851.378656665886638, 213.902414974985192 ], [ 850.987861844735789, 218.396555407883909 ], [ 842.976568030375461, 215.465594256704293 ] ] ] } },
{ "type": "Feature", "properties": { "feature_type": "building", "subtype": "no-damage", "uid": "3fd846e5-868d-48af-b601-0869eefeeb54" }, "geometry": { "type": "Polygon", "coordinates": [ [ [ 1004.369750324278016, 625.109602683279491 ], [ 1008.350323897061003, 624.191008780591801 ], [ 1012.024699506008005, 623.119315895084355 ], [ 1014.933580197611946, 622.506919958997514 ], [ 1016.311471051403032, 637.204422393347045 ], [ 1007.891026946438956, 638.276115279816167 ], [ 1007.737927963980042, 632.305254916192212 ], [ 1004.82904727309699, 633.223848816956661 ], [ 1004.369750324278016, 625.109602683279491 ] ] ] } },
{ "type": "Feature", "properties": { "feature_type": "building", "subtype": "no-damage", "uid": "cb1fe5fd-5e11-4e3d-8c49-38a54a00b64e" }, "geometry": { "type": "Polygon", "coordinates": [ [ [ 800.922448604963051, 559.906269547059765 ], [ 802.485627885239069, 557.366103217511977 ], [ 799.945461554610119, 554.044347243738912 ], [ 805.611986449517872, 549.745604221175427 ], [ 809.910729469916532, 545.837656019282008 ], [ 814.404869907261855, 547.596232711336143 ], [ 816.749638823228338, 545.251463789238414 ], [ 814.404869907141688, 542.9066948671408 ], [ 821.439176666581034, 537.435567384490128 ], [ 823.393150768729356, 539.194144076544148 ], [ 822.025368897586191, 534.895401053980663 ], [ 831.795239403759638, 526.688709828562196 ], [ 834.335405733787638, 529.228876161956578 ], [ 840.001930630498578, 522.976159036042191 ], [ 864.817401712996116, 542.515900047432297 ], [ 857.978492358241965, 551.894975732937951 ], [ 830.622854943071729, 577.687433866395736 ], [ 821.43917666826394, 580.227600197866764 ], [ 799.750064144154862, 565.76819184941894 ], [ 800.922448604963051, 559.906269547059765 ] ] ] } },
{ "type": "Feature", "properties": { "feature_type": "building", "subtype": "no-damage", "uid": "80c90332-6f6f-4e42-afaa-273223f17a92" }, "geometry": { "type": "Polygon", "coordinates": [ [ [ 871.7946388734415, 389.987295022443391 ], [ 870.982204504784477, 377.394562378037676 ], [ 861.232992136196231, 374.551042104146006 ], [ 864.482729592312239, 362.364526643648219 ], [ 868.951118595463299, 356.677486092979677 ], [ 875.044376326912811, 356.677486094902974 ], [ 887.230891789331054, 358.708572003863992 ], [ 889.668194881237696, 363.583178190563501 ], [ 889.668194879314342, 366.83291564451639 ], [ 893.933051775761896, 365.378452472266986 ], [ 892.511715155489355, 392.830815296335174 ], [ 871.7946388734415, 389.987295022443391 ] ] ] } },
{ "type": "Feature", "properties": { "feature_type": "building", "subtype": "no-damage", "uid": "e02b392c-ab4c-4d01-bd46-a19d04fcd96e" }, "geometry": { "type": "Polygon", "coordinates": [ [ [ 840.973662786233263, 505.404079782703889 ], [ 850.948947265018774, 498.920144874016216 ], [ 857.931646394759127, 507.149754563666875 ], [ 847.208215584091818, 516.376892704802572 ], [ 838.978605891678285, 506.401608229380599 ], [ 840.973662786233263, 505.404079782703889 ] ] ] } },
{ "type": "Feature", "properties": { "feature_type": "building", "subtype": "no-damage", "uid": "ebe09f44-3c43-486e-9c81-fc6534c75032" }, "geometry": { "type": "Polygon", "coordinates": [ [ [ 847.208215584091818, 516.376892704802572 ], [ 869.153841428764622, 496.925087976816087 ], [ 876.385922674982453, 505.902844005561406 ], [ 865.662491862151342, 512.63616102663957 ], [ 864.415581303565432, 517.873185378183393 ], [ 853.941532604567215, 528.596616187891641 ], [ 847.208215584091818, 516.376892704802572 ] ] ] } },
{ "type": "Feature", "properties": { "feature_type": "building", "subtype": "no-damage", "uid": "7441472d-a115-470e-8622-9722feea43f1" }, "geometry": { "type": "Polygon", "coordinates": [ [ [ 869.901987766416596, 521.115152832527315 ], [ 879.87727224087439, 514.381835810487473 ], [ 882.620475474884529, 516.875656928621765 ], [ 891.598231499300027, 510.890486243753173 ], [ 896.585873737370434, 515.379364257164184 ], [ 895.089581065432412, 523.359591837309381 ], [ 891.348849388712779, 525.853412956405236 ], [ 887.10935348661144, 522.362063389670993 ], [ 877.632833233087581, 529.84352674599711 ], [ 869.901987766416596, 521.115152832527315 ] ] ] } },
{ "type": "Feature", "properties": { "feature_type": "building", "subtype": "no-damage", "uid": "2699f2b9-2db6-44c1-9a47-2fd147989b76" }, "geometry": { "type": "Polygon", "coordinates": [ [ [ 879.270585678780776, 484.688304677146505 ], [ 877.280298891066991, 479.023642282046808 ], [ 897.642463721593117, 465.24473374942329 ], [ 902.847829169074203, 467.694317488962383 ], [ 909.124887499537977, 474.583771754312522 ], [ 905.144313920503919, 482.085621954787825 ], [ 890.446811487480204, 494.0273426829973 ], [ 879.270585678780776, 484.688304677146505 ] ] ] } },
{ "type": "Feature", "properties": { "feature_type": "building", "subtype": "no-damage", "uid": "2f23c2a8-1089-4aa9-b154-40d54ff6ab49" }, "geometry": { "type": "Polygon", "coordinates": [ [ [ 908.359392580030544, 478.717444314484226 ], [ 916.01434176500652, 472.746583948936916 ], [ 917.85152956990089, 475.19616768847601 ], [ 922.597598060508403, 472.746583948936916 ], [ 927.649864521443419, 478.105048380320682 ], [ 912.79926310415749, 490.506066057950818 ], [ 908.359392580030544, 478.717444314484226 ] ] ] } },
{ "type": "Feature", "properties": { "feature_type": "building", "subtype": "no-damage", "uid": "e620e409-1222-44c8-a9ad-6e8dcc39521f" }, "geometry": { "type": "Polygon", "coordinates": [ [ [ 929.027755377277913, 499.692005078096884 ], [ 919.841816356532831, 505.509766458901311 ], [ 918.3102867917504, 502.418020326676583 ], [ 917.109999999985575, 499.360000000383877 ], [ 925.506478752833232, 492.955649797489912 ], [ 929.027755377277913, 499.692005078096884 ] ] ] } },
{ "type": "Feature", "properties": { "feature_type": "building", "subtype": "no-damage", "uid": "5d6dcd4e-2af3-4be4-98d2-fa1689c9bfc2" }, "geometry": { "type": "Polygon", "coordinates": [ [ [ 899.575015588416932, 506.157585444506879 ], [ 908.034070157560677, 500.14225775416179 ], [ 909.913860059290528, 500.424226237167375 ], [ 916.869082702602668, 511.514986671620591 ], [ 907.752101671429728, 518.752177800825052 ], [ 899.575015588416932, 506.157585444506879 ] ] ] } },
{ "type": "Feature", "properties": { "feature_type": "building", "subtype": "no-damage", "uid": "97ff38c5-d471-4dc4-a9e8-d50eac942597" }, "geometry": { "type": "Polygon", "coordinates": [ [ [ 907.282154194825239, 486.795749436430413 ], [ 916.775093209710008, 498.356457345444483 ], [ 912.733544915912148, 502.116037151549619 ], [ 907.940080661542652, 496.570656935765498 ], [ 897.883204675958609, 503.901837562190281 ], [ 893.653677393009502, 496.100709460242797 ], [ 907.282154194825239, 486.795749436430413 ] ] ] } },
{ "type": "Feature", "properties": { "feature_type": "building", "subtype": "no-damage", "uid": "6c876dab-cc73-4874-9320-ab3ca19bd8e5" }, "geometry": { "type": "Polygon", "coordinates": [ [ [ 865.654946146400221, 485.136060375561101 ], [ 874.959906169008377, 477.80487975009811 ], [ 878.343527999214302, 483.162280974326677 ], [ 870.072452420423815, 491.433356551796805 ], [ 865.654946146400221, 485.136060375561101 ] ] ] } },
{ "type": "Feature", "properties": { "feature_type": "building", "subtype": "no-damage", "uid": "bb46d35d-906c-4eeb-85f6-4153476af45b" }, "geometry": { "type": "Polygon", "coordinates": [ [ [ 458.869019895712086, 341.545080780663 ], [ 464.227484326974377, 334.349428547750279 ], [ 474.178918263380126, 338.483101106960419 ], [ 476.628502001235688, 335.421121433257781 ], [ 485.814441023062614, 338.636200091703415 ], [ 474.178918262899288, 357.161177115776979 ], [ 465.299177210077403, 350.731019801770913 ], [ 466.830167045966675, 349.659326915301676 ], [ 458.869019895712086, 341.545080780663 ] ] ] } },
{ "type": "Feature", "properties": { "feature_type": "building", "subtype": "no-damage", "uid": "2abf9888-a34b-4a4e-87c8-1f960bc56a50" }, "geometry": { "type": "Polygon", "coordinates": [ [ [ 456.130538807747882, 370.455879461866289 ], [ 458.289765885185318, 362.058885278415005 ], [ 459.729250601633623, 361.339142920190625 ], [ 456.130538808348888, 357.620474068082615 ], [ 459.369379423723615, 352.942148735777607 ], [ 472.564656000583284, 364.218112355973119 ], [ 472.924527177050777, 374.65437655599618 ], [ 456.130538807747882, 370.455879461866289 ] ] ] } },
{ "type": "Feature", "properties": { "feature_type": "building", "subtype": "no-damage", "uid": "ecb1489d-a18e-45c8-9dd3-c6c3e24c8a04" }, "geometry": { "type": "Polygon", "coordinates": [ [ [ 970.063968249046297, 45.754662071731218 ], [ 985.624106871003619, 47.844829945065293 ], [ 985.740227311309354, 49.238275195557463 ], [ 995.95882580590046, 50.863961320650823 ], [ 996.539427993725667, 53.418610945110622 ], [ 1007.338628677945053, 56.902224068936867 ], [ 1008.732073928076034, 53.302490508290873 ], [ 1022.782646864405024, 56.669983194335671 ], [ 1021.85368336648105, 61.198680255309789 ], [ 1020.344117675683947, 61.198680256271473 ], [ 1018.602311114612007, 68.978749565508949 ], [ 1019.415154175715998, 70.952797002984937 ], [ 1013.725252743901024, 87.441899124673057 ], [ 1006.874146928502, 85.700092562759949 ], [ 1004.783979054687961, 92.435077936772913 ], [ 999.790800244512639, 91.157753125023845 ], [ 998.397354992458077, 95.918691061560821 ], [ 994.565380557572439, 96.034811498380591 ], [ 992.823573993616151, 94.293004936467469 ], [ 988.75935868376871, 95.105847998052468 ], [ 986.55307037205273, 95.802570624741065 ], [ 985.972468183025512, 97.079895436490133 ], [ 973.083099623789622, 93.015680124718401 ], [ 973.6637018112541, 91.273873562805278 ], [ 972.618617877592555, 90.461030499296925 ], [ 973.779822249035533, 85.467851688158746 ], [ 970.876811311352299, 85.003369938956368 ], [ 970.180088687428679, 84.887249499251581 ], [ 970.992931749374179, 81.28751593860558 ], [ 960.542092374772437, 77.803902816702688 ], [ 963.793464625078627, 68.514267817268248 ], [ 958.68416537664109, 66.772461254393448 ], [ 962.864501124750745, 51.212322633033438 ], [ 968.322161689778113, 47.264227759043138 ], [ 970.063968249046297, 45.754662071731218 ] ] ] } },
{ "type": "Feature", "properties": { "feature_type": "building", "subtype": "no-damage", "uid": "b6c0ba2a-38ed-4fa7-8bde-5edc4e99c607" }, "geometry": { "type": "Polygon", "coordinates": [ [ [ 954.852190939711932, 65.495136442644394 ], [ 957.290720126630049, 69.210990441071814 ], [ 953.110384378039612, 72.230121816657359 ], [ 952.878143501755517, 88.370862625962857 ], [ 937.434125319502982, 88.719223938345479 ], [ 937.434125319382815, 86.164574311962326 ], [ 933.486030448038036, 86.04845387514257 ], [ 933.486030443950881, 82.680961189097758 ], [ 934.879475695644828, 82.10035900115227 ], [ 934.647234819961795, 80.126311563676282 ], [ 930.583019506628375, 79.894070690998433 ], [ 931.163621696136374, 71.301158316329236 ], [ 933.602150881612147, 69.327110879814924 ], [ 941.033858880388493, 65.959618191846772 ], [ 947.188242066214116, 67.353063441377273 ], [ 948.581687315744261, 65.146775130261759 ], [ 954.852190939711932, 65.495136442644394 ] ] ] } },
{ "type": "Feature", "properties": { "feature_type": "building", "subtype": "no-damage", "uid": "607b8150-89d4-4499-9ea7-ae321ba78fca" }, "geometry": { "type": "Polygon", "coordinates": [ [ [ 1004.481473604835969, 142.570125398112907 ], [ 1006.183805215295024, 152.405819146795295 ], [ 1009.399320477732999, 151.460079362565409 ], [ 1008.642728651623997, 147.109676358377413 ], [ 1018.478422396937958, 146.353084533109211 ], [ 1017.910978527987027, 157.323666019213107 ], [ 1012.425687784094976, 157.32366601728981 ], [ 1013.371427566281, 159.404293542787912 ], [ 1011.85824391394101, 162.998104718822589 ], [ 1007.318692955121037, 166.781063849972213 ], [ 1004.292325649120016, 165.267880199435695 ], [ 998.807034908112655, 168.294247504355411 ], [ 995.591519640505567, 164.132992458167507 ], [ 991.997708463750428, 166.024472025665602 ], [ 990.484524811411234, 160.728329238209511 ], [ 997.293851249762838, 159.593441497902887 ], [ 996.726407381533022, 155.99963032090659 ], [ 988.593045244875157, 156.567074192021494 ], [ 988.593045247279406, 159.404293541826291 ], [ 983.296902457780902, 160.3500333250945 ], [ 981.783718805201261, 153.351558928140207 ], [ 987.45815750805491, 151.081783448488693 ], [ 990.106228898296308, 150.514339578335409 ], [ 994.834927813794934, 146.920528402300789 ], [ 1003.914029734321957, 142.191829484036191 ], [ 1004.481473604835969, 142.570125398112907 ] ] ] } },
{ "type": "Feature", "properties": { "feature_type": "building", "subtype": "no-damage", "uid": "66632283-4e8d-4f9a-a13e-c750f21b9f3d" }, "geometry": { "type": "Polygon", "coordinates": [ [ [ 1022.975835437997034, 213.948858051294906 ], [ 1019.613310140249041, 217.283568282073986 ], [ 1007.129544996039044, 206.691282708123396 ], [ 1008.264432737666993, 204.610655185510211 ], [ 1002.779141997021043, 201.773435833782202 ], [ 997.29385125120541, 206.880430665161697 ], [ 988.403897287836912, 198.557920571824212 ], [ 995.591519640745901, 190.424558435524887 ], [ 1004.670621559350025, 189.66796660737171 ], [ 1008.642728652584992, 181.723752428110799 ], [ 1012.993131656290984, 175.671017815386392 ], [ 1022.975838283834946, 175.327921531516694 ], [ 1022.975835437997034, 213.948858051294906 ] ] ] } },
{ "type": "Feature", "properties": { "feature_type": "building", "subtype": "no-damage", "uid": "46c87180-7543-4cea-9faf-724cc2073490" }, "geometry": { "type": "Polygon", "coordinates": [ [ [ 956.816188524112704, 159.404293542787912 ], [ 972.704616884674238, 152.973263015986902 ], [ 980.648831063091734, 170.374875027930187 ], [ 983.486050414218084, 169.618283200738603 ], [ 988.593045242831636, 178.88653307734441 ], [ 980.459683109900197, 181.345456514034112 ], [ 968.921657751722364, 183.804379950723899 ], [ 956.816188524112704, 159.404293542787912 ] ] ] } },
{ "type": "Feature", "properties": { "feature_type": "building", "subtype": "no-damage", "uid": "bf7725be-d365-4e80-8b4f-a456025c6d40" }, "geometry": { "type": "Polygon", "coordinates": [ [ [ 899.809208757824649, 126.724107478247703 ], [ 907.960339299095608, 117.387357955937404 ], [ 913.592029482462522, 123.908262383378002 ], [ 918.92731492393591, 123.611857637157001 ], [ 919.520124421426544, 124.7974766239644 ], [ 921.446755272704195, 124.945678998036598 ], [ 921.891362392636665, 136.801868868033807 ], [ 929.449683436176542, 134.875238014712295 ], [ 934.192159384967681, 142.433559056811504 ], [ 928.560469194388247, 143.619178043618888 ], [ 929.449683434253188, 147.472439751223703 ], [ 934.9331712513615, 146.731427883747813 ], [ 935.377778371293971, 157.994808261303092 ], [ 930.338897676402098, 157.994808261303092 ], [ 930.338897678325452, 161.255260475504201 ], [ 928.115862073974995, 160.810653355211002 ], [ 927.96765970062404, 164.6639150647392 ], [ 921.298552899834135, 165.849534051546613 ], [ 917.297088818759107, 169.40639101389209 ], [ 907.812136920575767, 170.5920099978145 ], [ 904.255279961596898, 170.147402879444712 ], [ 902.77325622532328, 163.033688957638589 ], [ 903.217863346818376, 159.625034367441998 ], [ 900.550220626261989, 159.032224874999912 ], [ 900.402018251709023, 152.214915699414888 ], [ 893.881113823668898, 151.918510953193902 ], [ 895.36313756114464, 135.171642759971604 ], [ 898.623589773782328, 134.578833266567898 ], [ 899.957411132618063, 134.282428520346912 ], [ 899.809208761190462, 128.502535959420413 ], [ 899.809208757824649, 126.724107478247703 ] ] ] } },
{ "type": "Feature", "properties": { "feature_type": "building", "subtype": "no-damage", "uid": "cbe61682-c29f-41d0-a337-d89cf0a677c2" }, "geometry": { "type": "Polygon", "coordinates": [ [ [ 910.479779646301154, 172.518640853059509 ], [ 920.261136285656676, 169.999200505372499 ], [ 926.189231220653824, 168.220772025161409 ], [ 928.115862075297287, 167.035153037392291 ], [ 950.790825200868198, 164.219307944446001 ], [ 951.383634694512125, 175.038081199784699 ], [ 939.231040078537262, 177.409319173399496 ], [ 936.711599730730654, 178.002128669688204 ], [ 934.784968881136024, 185.856854458970105 ], [ 927.078445461720889, 186.597866323560993 ], [ 926.930243088610382, 188.820901925026902 ], [ 911.813601002973087, 189.117306672209594 ], [ 910.479779646301154, 172.518640853059509 ] ] ] } },
{ "type": "Feature", "properties": { "feature_type": "building", "subtype": "no-damage", "uid": "b24ee57c-eebd-4a19-9827-af3f2df168e2" }, "geometry": { "type": "Polygon", "coordinates": [ [ [ 939.082837704705526, 183.337414110321504 ], [ 953.310265552040619, 182.299997495662893 ], [ 955.977908273198068, 199.046865687923599 ], [ 939.972051944089571, 200.677091795024211 ], [ 940.713063815772557, 206.456984356912301 ], [ 937.30440922317257, 206.456984356912301 ], [ 936.711599731091269, 207.34619859846029 ], [ 933.895754636462698, 207.346198599421996 ], [ 933.302945146304864, 209.421031825854101 ], [ 920.261136285295947, 209.71743657111341 ], [ 919.668326791411573, 201.418103661538396 ], [ 921.150350526964075, 201.121698916279001 ], [ 921.150350529488492, 199.046865687923599 ], [ 917.148886445528433, 199.639675181327306 ], [ 917.741695937850068, 190.302925659017006 ], [ 928.708671567859369, 190.154723284944794 ], [ 928.856873942532502, 187.93168768540221 ], [ 935.82238549351041, 187.042473443854192 ], [ 937.452611597485088, 183.782021229652997 ], [ 939.082837704705526, 183.337414110321504 ] ] ] } },
{ "type": "Feature", "properties": { "feature_type": "building", "subtype": "no-damage", "uid": "be8af44e-7f2b-464c-afdd-95aaf9821b9a" }, "geometry": { "type": "Polygon", "coordinates": [ [ [ 943.601066173053255, 203.413059288549704 ], [ 956.494672657104957, 202.375642674852912 ], [ 956.494672660350602, 203.264856914477605 ], [ 974.575362212404571, 198.818785715392409 ], [ 976.650195437874572, 209.044749477327287 ], [ 959.162315378743187, 214.972844411364292 ], [ 960.644339112492503, 217.492284758089596 ], [ 944.342078041009813, 219.270713239262392 ], [ 943.749268549890189, 222.234760708204192 ], [ 937.080161745013129, 221.938355961983206 ], [ 935.894542758326224, 226.08802241388571 ], [ 926.261388489076012, 225.050605802112187 ], [ 925.668578995552252, 210.97138033161059 ], [ 934.857126144028598, 210.674975583466193 ], [ 935.005328518100669, 208.896547105178513 ], [ 941.378030573270848, 208.155535235779297 ], [ 942.415447185765288, 204.154071156025594 ], [ 943.601066173053255, 203.413059288549704 ] ] ] } },
{ "type": "Feature", "properties": { "feature_type": "building", "subtype": "no-damage", "uid": "8dc9f76a-2a1d-40c6-b39b-5d3f0ead6d6d" }, "geometry": { "type": "Polygon", "coordinates": [ [ [ 927.183203685286799, 228.090031955853391 ], [ 936.736460817478587, 228.181015354854708 ], [ 937.464328021870756, 224.450695906363791 ], [ 942.104481486820191, 224.086762300741611 ], [ 945.561850732776634, 222.540044478290099 ], [ 945.652834134662953, 223.358895089497395 ], [ 954.296257249674227, 222.631027881138095 ], [ 954.569207453530112, 230.546583787551896 ], [ 952.749539427824175, 233.549036027683599 ], [ 953.659373440196305, 239.735907310758108 ], [ 940.011863259421943, 241.646558736908389 ], [ 938.252919152553545, 247.96007275503149 ], [ 926.490419686351288, 248.173936383160708 ], [ 925.848828804247773, 228.142043344244001 ], [ 927.183203685286799, 228.090031955853391 ] ] ] } },
{ "type": "Feature", "properties": { "feature_type": "building", "subtype": "no-damage", "uid": "f172ba9a-c3dd-4586-8772-efbca379d947" }, "geometry": { "type": "Polygon", "coordinates": [ [ [ 926.665624013298952, 262.782738244513212 ], [ 926.962028759760301, 267.525214191742691 ], [ 920.441124332321237, 269.007237925732795 ], [ 919.700112463883897, 279.974213556105326 ], [ 916.439660251967439, 279.677808809884311 ], [ 913.327410410757352, 271.526678273419691 ], [ 910.659767687676549, 270.933868780015985 ], [ 911.400779558518138, 260.263297895864525 ], [ 918.959100601937848, 259.077678909057113 ], [ 917.477076865063054, 252.408572108506007 ], [ 936.002373538371899, 250.333738880150491 ], [ 942.226873218267656, 246.925084291877198 ], [ 944.598111192242527, 259.522286030311989 ], [ 937.039790151106786, 262.486333498292083 ], [ 934.816754552286056, 261.448916883633615 ], [ 926.665624013298952, 262.782738244513212 ] ] ] } },
{ "type": "Feature", "properties": { "feature_type": "building", "subtype": "no-damage", "uid": "38fe7e63-8c16-4f06-b985-b1eb75ff7c64" }, "geometry": { "type": "Polygon", "coordinates": [ [ [ 884.724352350189292, 288.273546466642074 ], [ 895.246720858943831, 280.418820676398525 ], [ 899.396387313009086, 280.122415929215776 ], [ 909.770553449374347, 290.051974946853193 ], [ 906.954708355226671, 292.719617667650709 ], [ 898.803577819244879, 301.759962442778317 ], [ 884.724352350189292, 288.273546466642074 ] ] ] } },
{ "type": "Feature", "properties": { "feature_type": "building", "subtype": "no-damage", "uid": "af01e00a-d1d4-40ab-8992-b138a0582f2f" }, "geometry": { "type": "Polygon", "coordinates": [ [ [ 877.357278793761338, 286.017775635865576 ], [ 879.176946819948171, 285.562858627395428 ], [ 881.633498651405716, 289.930061888129217 ], [ 883.362183276187011, 288.838261072224498 ], [ 888.912170749060806, 295.38906595995951 ], [ 895.917892643701521, 302.303804454278179 ], [ 884.453984089206529, 314.131646613917326 ], [ 875.719577572188655, 308.490675737352717 ], [ 866.621237449668911, 295.207099158110111 ], [ 877.357278793761338, 286.017775635865576 ] ] ] } },
{ "type": "Feature", "properties": { "feature_type": "building", "subtype": "no-damage", "uid": "35568418-0d24-4df8-a415-79029f025d92" }, "geometry": { "type": "Polygon", "coordinates": [ [ [ 878.723099986211878, 329.765176547679516 ], [ 875.083763940209224, 326.580757502813299 ], [ 876.08458135110186, 325.852890294454085 ], [ 867.120989201958878, 316.28236187662668 ], [ 868.805909252244646, 315.025865548833281 ], [ 867.987058644042804, 313.297180924532427 ], [ 872.627212103222064, 308.111127056437908 ], [ 885.910788683783835, 323.214371658021207 ], [ 879.087033590271176, 330.1291101513782 ], [ 878.723099986211878, 329.765176547679516 ] ] ] } },
{ "type": "Feature", "properties": { "feature_type": "building", "subtype": "no-damage", "uid": "4f5e6d01-555c-4dad-a23f-66ab3b01b077" }, "geometry": { "type": "Polygon", "coordinates": [ [ [ 871.205648085787743, 305.661144776498418 ], [ 871.562087465442119, 306.80175078389118 ], [ 866.928375554579475, 313.075083834649718 ], [ 868.06898156209229, 314.785992848143223 ], [ 861.296633382800565, 320.845462272695727 ], [ 855.878754839391263, 316.568189738000285 ], [ 851.957921685913902, 312.504780831434118 ], [ 850.674739923029165, 309.439402182418519 ], [ 863.791709028239325, 296.536296702930315 ], [ 871.205648085787743, 305.661144776498418 ] ] ] } },
{ "type": "Feature", "properties": { "feature_type": "building", "subtype": "no-damage", "uid": "5d7b5166-35fb-4454-abc6-8e7058454a51" }, "geometry": { "type": "Polygon", "coordinates": [ [ [ 842.219671755507989, 324.904164109040607 ], [ 842.433535383516983, 319.842724942038728 ], [ 850.275201698044953, 312.143634380356275 ], [ 859.542625520852084, 321.054618828680191 ], [ 858.615883140867368, 322.694239965810084 ], [ 857.118837751175874, 325.118027735246528 ], [ 855.550504489688706, 324.761588358236679 ], [ 849.20588356328949, 329.823027524276881 ], [ 845.427626159534043, 325.189315609686673 ], [ 843.360277765785668, 325.688330740385425 ], [ 842.219671755507989, 324.904164109040607 ] ] ] } },
{ "type": "Feature", "properties": { "feature_type": "building", "subtype": "no-damage", "uid": "ce5455f1-836f-427e-84ab-c087ec3dda9f" }, "geometry": { "type": "Polygon", "coordinates": [ [ [ 820.120551343805346, 341.526789397378309 ], [ 826.398406029485955, 336.522702330171512 ], [ 824.669721404944994, 335.521884917114789 ], [ 822.304152973330247, 337.70548654603931 ], [ 817.482032706771975, 332.064515670436322 ], [ 822.304152972128122, 327.060428604191316 ], [ 823.759887392933365, 328.880096625570218 ], [ 838.863131998359677, 317.41618807443831 ], [ 842.411484643678136, 327.788295813512093 ], [ 844.3221360695876, 326.241577992022314 ], [ 847.77950531650572, 331.063698256417979 ], [ 849.417206536635831, 331.700582065775791 ], [ 853.693426395241886, 328.698129824682496 ], [ 858.42456325847138, 334.885001107756977 ], [ 855.786044624924102, 338.342370355397179 ], [ 843.048368453396506, 350.716112921546085 ], [ 837.680347779006183, 345.893992657150477 ], [ 829.12790806792475, 353.536598358866684 ], [ 820.120551343805346, 341.526789397378309 ] ] ] } },
{ "type": "Feature", "properties": { "feature_type": "building", "subtype": "no-damage", "uid": "886ece33-919d-49bc-bfc2-589f55770322" }, "geometry": { "type": "Polygon", "coordinates": [ [ [ 810.998569914347058, 368.682219099992096 ], [ 817.036832662631696, 363.340678976471281 ], [ 819.010880097342351, 365.546967288548501 ], [ 828.06827422133199, 357.883018414207413 ], [ 838.170752284512787, 371.585230038757913 ], [ 841.538244969474931, 370.191784787304016 ], [ 844.78961721677581, 373.443157037490721 ], [ 841.770485843715392, 375.997806660988886 ], [ 839.680317970862689, 375.06884316162251 ], [ 832.945332595769514, 381.919948972455188 ], [ 821.7977705974846, 369.727303038101581 ], [ 816.107869164707949, 375.068843163545807 ], [ 810.998569914347058, 368.682219099992096 ] ] ] } },
{ "type": "Feature", "properties": { "feature_type": "building", "subtype": "no-damage", "uid": "4cb489e9-65e9-4165-b65f-15393ea64ff8" }, "geometry": { "type": "Polygon", "coordinates": [ [ [ 757.324617768463781, 368.909091121681683 ], [ 760.881474727803152, 367.723472135836118 ], [ 763.845522196143293, 366.093246027773773 ], [ 762.51170083514387, 363.870210427269512 ], [ 769.032605267751933, 358.090317865381394 ], [ 776.294521561344368, 366.834257894287987 ], [ 777.628342921622561, 369.057293495753925 ], [ 783.556437856980438, 364.907627041928095 ], [ 782.963628362615168, 363.573805679125087 ], [ 787.409699565185406, 360.165151092775091 ], [ 791.262961270505343, 365.796841280591082 ], [ 796.894651460844329, 360.906162960250981 ], [ 806.676008102363539, 370.687519601892916 ], [ 803.860163009538155, 373.355162323651996 ], [ 810.529269812972757, 382.247304726630773 ], [ 811.270281678525066, 381.654495233227124 ], [ 821.644447813447869, 391.139447128647873 ], [ 823.867483415634524, 389.064613903177417 ], [ 832.611423446222034, 402.995636999606802 ], [ 810.084662691477547, 416.630255350776793 ], [ 814.449817278175942, 419.042602011350709 ], [ 816.075503402788058, 418.92648157356922 ], [ 820.952561775181948, 427.635514384096609 ], [ 823.158850088821396, 426.938791761254606 ], [ 829.197112839630336, 438.550835506700992 ], [ 817.817309962777472, 445.982543506440891 ], [ 806.437507091694556, 429.493441384752828 ], [ 798.309076469715819, 435.415583694295719 ], [ 789.019441468600689, 421.829492511373417 ], [ 797.147872092382613, 416.139591074508189 ], [ 788.903321035627641, 404.875908640482919 ], [ 781.895306286030632, 413.977709228563526 ], [ 779.436382847177697, 413.788561272486788 ], [ 775.842571671143901, 420.787035668479518 ], [ 771.49216867116445, 418.895556101942987 ], [ 762.98051061742467, 425.137438670744018 ], [ 747.281230214622724, 406.222643004417478 ], [ 750.496745478383104, 404.520311394919418 ], [ 738.580424212019011, 392.982286037700476 ], [ 737.634684425865998, 391.469102385240603 ], [ 744.065714950501729, 387.118699381052693 ], [ 743.309123123791096, 384.848923902362912 ], [ 750.875041393180936, 378.607041331638527 ], [ 753.144816874394564, 380.687668855213303 ], [ 761.089031052090832, 375.013230156565612 ], [ 756.549480094832575, 371.041123064530893 ], [ 757.324617768463781, 368.909091121681683 ] ] ] } },
{ "type": "Feature", "properties": { "feature_type": "building", "subtype": "no-damage", "uid": "9faa1cdd-c443-429f-af6e-95c127c75cb7" }, "geometry": { "type": "Polygon", "coordinates": [ [ [ 845.280995097175605, 395.886842966785991 ], [ 856.251576581353561, 386.618593092103708 ], [ 863.628346890940293, 396.075990925747817 ], [ 868.546193762996268, 391.158144050444889 ], [ 873.274892682341601, 396.454286835977712 ], [ 875.733816118189338, 396.643434794939424 ], [ 890.109060823766981, 410.072939717732993 ], [ 882.543142559425974, 418.584597767147216 ], [ 878.192739553195565, 414.990786591112624 ], [ 871.383413117248097, 421.800113031028616 ], [ 875.355520203151059, 428.798587427021175 ], [ 848.685658316171157, 446.578495354002882 ], [ 833.553821780276621, 425.393924207063321 ], [ 842.065479833174777, 418.962893681223875 ], [ 837.904224785665633, 412.910159066576114 ], [ 842.443775744486516, 410.451235630847975 ], [ 844.524403266618378, 412.342715198346184 ], [ 847.739918532061665, 409.694643804618124 ], [ 841.687183918497226, 403.641909189970306 ], [ 846.037586921361822, 400.615541885050618 ], [ 845.280995097175605, 395.886842966785991 ] ] ] } },
{ "type": "Feature", "properties": { "feature_type": "building", "subtype": "no-damage", "uid": "5ea9bf7d-7c10-4e09-b4f3-691e4e84857c" }, "geometry": { "type": "Polygon", "coordinates": [ [ [ 1022.975826168286972, 417.673249100887972 ], [ 1022.162423935378001, 417.128393654704382 ], [ 1019.136056628655979, 415.047766128244575 ], [ 1018.568612760426049, 416.182653869512876 ], [ 1016.487985234807979, 417.506689566857688 ], [ 1015.731393408457961, 416.371801826551177 ], [ 1009.867806750729983, 421.857092569122301 ], [ 1010.813546537964953, 424.126868049735378 ], [ 1003.436776228138001, 430.557898575574825 ], [ 995.303414089556327, 422.991980310390488 ], [ 990.385567216177947, 418.45242935012601 ], [ 987.926643781892949, 414.858618172168008 ], [ 983.387092822110276, 411.075659040056678 ], [ 991.33130700076822, 402.374853034565888 ], [ 993.411934522058573, 404.644628512293991 ], [ 996.627449788944432, 401.050817336259286 ], [ 996.249153870660507, 398.970189813646186 ], [ 990.007271300899333, 393.863194982266691 ], [ 1005.328255792869982, 377.218174795591608 ], [ 1009.678658798139054, 380.244542103396327 ], [ 1012.705026101976046, 375.704991143131679 ], [ 998.708077307950703, 361.897190307223127 ], [ 1001.356148701918983, 356.033603649613724 ], [ 1000.41040892093497, 353.76382816996221 ], [ 1006.273995579022994, 346.008761946778009 ], [ 1011.759286319550029, 339.577731419976885 ], [ 1010.813546534478974, 337.307955941287105 ], [ 1016.298837277288953, 331.066073370562719 ], [ 1021.594980064503034, 334.470736590520687 ], [ 1022.975828945606054, 330.669743016517316 ], [ 1022.975826168286972, 417.673249100887972 ] ] ] } },
{ "type": "Feature", "properties": { "feature_type": "building", "subtype": "no-damage", "uid": "ee786b09-d978-429d-9487-00159851d4a1" }, "geometry": { "type": "Polygon", "coordinates": [ [ [ 1005.555850171259976, 431.781407219842379 ], [ 1010.150123745498036, 435.634668929370719 ], [ 1008.075290517143003, 436.375680794923085 ], [ 1018.597659026498036, 445.712430318195118 ], [ 986.882351123277772, 478.761559582423274 ], [ 988.216172484637809, 481.577404677292918 ], [ 986.734148751249222, 483.059428411283022 ], [ 984.955720272721464, 483.059428410321289 ], [ 982.288077548077922, 486.319880627407485 ], [ 985.252125020264657, 490.617749453382203 ], [ 970.580090051314187, 506.623605779128582 ], [ 967.171435466046887, 503.214951190855288 ], [ 963.169971383409234, 506.030796285724875 ], [ 957.241876449614097, 498.917082362957274 ], [ 954.129626605518979, 500.399106095985587 ], [ 945.682091323196005, 492.544380306703772 ], [ 947.164115058748393, 491.358761319896416 ], [ 949.535353030920191, 488.987523345319914 ], [ 942.718043860024977, 483.504035531576221 ], [ 944.200067590047752, 482.466618916917582 ], [ 938.123770281218867, 475.352904995111601 ], [ 935.752532307123715, 479.057964330567586 ], [ 931.899270598558132, 475.204702622001093 ], [ 937.679163161166116, 469.869417179444497 ], [ 934.122306201105516, 465.867953099690794 ], [ 936.197139427777529, 463.941322244445928 ], [ 939.012984520602913, 465.275143604363677 ], [ 940.346805881121554, 465.126941232214904 ], [ 943.607258097846284, 461.570084269869426 ], [ 944.792877086336375, 460.829072404316889 ], [ 946.423103191513178, 459.347048670326785 ], [ 946.126698447335798, 455.790191707981307 ], [ 949.238948286502364, 453.418953734366482 ], [ 950.128162524083223, 452.233334747559127 ], [ 942.718043859904697, 445.860632692267302 ], [ 955.018840848629452, 435.931073676553297 ], [ 957.834685942897408, 437.561299782692174 ], [ 963.614578503942653, 431.781407221765789 ], [ 961.243340531169906, 429.113764500968273 ], [ 961.687947650020533, 425.705109912694979 ], [ 969.098066319368058, 420.518026842287213 ], [ 973.692339892524387, 425.705109911733302 ], [ 978.286613467964571, 418.887800736148279 ], [ 981.102458561511298, 419.480610230513719 ], [ 985.25212501569672, 415.034539030466817 ], [ 988.067970112248645, 417.405777003119908 ], [ 990.587410459814805, 421.110836338576007 ], [ 996.367303021581279, 425.408705165512288 ], [ 1004.073826437390039, 432.670621460428777 ], [ 1005.555850171259976, 431.781407219842379 ] ] ] } },
{ "type": "Feature", "properties": { "feature_type": "building", "subtype": "no-damage", "uid": "020a88d0-085c-41f0-beea-0f56f1755865" }, "geometry": { "type": "Polygon", "coordinates": [ [ [ 1022.975825358436964, 554.567193243583461 ], [ 1012.703434111596948, 560.494221653646832 ], [ 998.701883229846317, 565.080936597675873 ], [ 991.942513839058392, 553.252040163884431 ], [ 993.149544090637619, 552.286415965698211 ], [ 993.390950139583083, 546.734076821559484 ], [ 978.182369007335069, 549.389543368254522 ], [ 980.596429506286086, 538.767677183397836 ], [ 976.251120611203532, 532.973931990433812 ], [ 977.940962956586418, 529.352841244590991 ], [ 985.665956546281564, 528.870029145978719 ], [ 980.355023458061851, 522.593471854402424 ], [ 983.251896049734796, 517.282538761974138 ], [ 989.287047291642807, 517.523944810799435 ], [ 989.769859395423964, 515.351290363678345 ], [ 984.217520248642018, 505.695048377969613 ], [ 989.769859393620777, 499.901303185005588 ], [ 996.770634833233999, 499.901303185005588 ], [ 1005.944064723453948, 485.899752303131322 ], [ 1009.323749415302018, 486.382564402705327 ], [ 1012.703434109914042, 482.278661560173418 ], [ 1011.496403863623982, 480.830225261451574 ], [ 1016.083118807651999, 471.656795373393379 ], [ 1015.600306709160009, 468.035704627550501 ], [ 1022.975825420104002, 462.73641956479338 ], [ 1022.975825358436964, 554.567193243583461 ] ] ] } },
{ "type": "Feature", "properties": { "feature_type": "building", "subtype": "no-damage", "uid": "e40d7536-34f9-4e2f-8087-20e2ba8cf27b" }, "geometry": { "type": "Polygon", "coordinates": [ [ [ 1022.975825655713948, 577.931084826211304 ], [ 1021.003521638472989, 578.906563668907893 ], [ 1018.632283662454029, 575.201504335375262 ], [ 1016.26104568715698, 576.238920949072167 ], [ 1013.099336533556993, 567.453388330651592 ], [ 1021.546871816241037, 564.341138488599313 ], [ 1020.213050454879976, 558.561245927672871 ], [ 1022.975825383319943, 556.831305644775853 ], [ 1022.975825655713948, 577.931084826211304 ] ] ] } },
{ "type": "Feature", "properties": { "feature_type": "building", "subtype": "no-damage", "uid": "800f4e46-4ec1-4367-9cf4-4a9299b8dfbb" }, "geometry": { "type": "Polygon", "coordinates": [ [ [ 1022.97582611840096, 603.121269962063138 ], [ 1021.470281290021944, 603.121269941867922 ], [ 1018.443913983780021, 600.094902635986614 ], [ 1017.309026246478993, 601.418938331408185 ], [ 1016.552434414840036, 604.44530563825117 ], [ 1001.988041753305993, 609.552300467707369 ], [ 994.043827573325871, 592.339836412802356 ], [ 997.070194879807559, 591.204948672495789 ], [ 995.935307140222449, 588.367729321729371 ], [ 1015.22839871929898, 580.990959012621829 ], [ 1016.741582372599964, 585.719657928001311 ], [ 1022.975825749117007, 583.607692597166306 ], [ 1022.97582611840096, 603.121269962063138 ] ] ] } },
{ "type": "Feature", "properties": { "feature_type": "building", "subtype": "no-damage", "uid": "f94c752d-3025-45f6-9c5e-351ecd4c35d1" }, "geometry": { "type": "Polygon", "coordinates": [ [ [ 854.343723081594362, 588.583904680940009 ], [ 905.280399563312358, 614.172945946818913 ], [ 903.59055721300092, 629.864339175278587 ], [ 901.148562636986412, 634.529289183892729 ], [ 894.717532109826266, 637.366508534659147 ], [ 850.646058207541273, 639.447136056310683 ], [ 851.780945947847613, 635.475028967161052 ], [ 864.832154955840224, 634.907585097007768 ], [ 865.021302913359364, 630.746330049858102 ], [ 833.81189006347131, 614.668753733336303 ], [ 841.945252201932362, 605.211355898730631 ], [ 845.728211333922559, 597.45628967650805 ], [ 853.483277560230363, 588.188039799902185 ], [ 854.343723081594362, 588.583904680940009 ] ] ] } },
{ "type": "Feature", "properties": { "feature_type": "building", "subtype": "no-damage", "uid": "501bc1b7-7956-4926-aa2c-32c779c5016a" }, "geometry": { "type": "Polygon", "coordinates": [ [ [ 791.442747772367056, 565.301137044426127 ], [ 795.982298731909282, 569.462392089652326 ], [ 797.873778301210109, 567.192616610962546 ], [ 814.329650527957824, 577.028310357721693 ], [ 823.030456533807182, 581.567861317986171 ], [ 825.300232013337904, 580.811269489832966 ], [ 833.055298238323417, 583.837636796675952 ], [ 833.62274210751491, 584.02678475371431 ], [ 838.918884898215424, 586.107412277289086 ], [ 843.080139939594005, 592.349294847051851 ], [ 840.242920589789946, 607.102835467190403 ], [ 831.731262544464926, 616.938529213949437 ], [ 820.382385142724388, 610.696646643225108 ], [ 802.224181301910903, 602.752432463964169 ], [ 804.304808824643715, 599.536917200082826 ], [ 794.469115077406173, 594.429922368703274 ], [ 787.848936593327949, 602.184988593810886 ], [ 784.633421331490922, 601.239248810542676 ], [ 773.662839846591737, 595.37566215293316 ], [ 778.013242847292531, 585.539968406174125 ], [ 781.228758113457161, 586.107412275365732 ], [ 785.768309072278043, 581.946157231101211 ], [ 781.039610154495449, 577.406606270836619 ], [ 789.3621202467491, 565.868580913617734 ], [ 791.442747772367056, 565.301137044426127 ] ] ] } },
{ "type": "Feature", "properties": { "feature_type": "building", "subtype": "no-damage", "uid": "0444f48b-ba53-4021-98a0-617eb4c7ed0d" }, "geometry": { "type": "Polygon", "coordinates": [ [ [ 791.105693047769932, 615.638534361801931 ], [ 792.291312033855775, 599.484475662944988 ], [ 821.338977219405137, 612.970891641966205 ], [ 821.487179590351843, 625.123486258184471 ], [ 827.711679274455037, 623.641462525156044 ], [ 828.156286394026893, 638.461699862171713 ], [ 825.192238927249491, 636.831473755071215 ], [ 823.117405698533958, 629.421355086082485 ], [ 819.708751109540117, 630.162366952596699 ], [ 818.671334496925397, 638.461699862171713 ], [ 800.887049689168975, 642.759568691031518 ], [ 800.887049691212496, 638.758104610316082 ], [ 791.402097795553573, 646.020020905232627 ], [ 788.586252699242095, 642.314961571699996 ], [ 777.471074698766984, 640.240128344306186 ], [ 777.322872321809768, 634.163831034273699 ], [ 766.50409906539187, 620.381010309993144 ], [ 775.840848588421068, 621.122022177469034 ], [ 777.174669949661052, 624.975283886035641 ], [ 779.694110298789838, 625.419891005367163 ], [ 778.656693683290086, 616.82415334957102 ], [ 780.879729284635346, 616.083141483056806 ], [ 781.917145897610681, 614.304712999960771 ], [ 789.327264565515748, 614.601117748105025 ], [ 791.105693047769932, 615.638534361801931 ] ] ] } },
{ "type": "Feature", "properties": { "feature_type": "building", "subtype": "no-damage", "uid": "4c3da94e-0c90-4f31-b8c6-badb271d4fc7" }, "geometry": { "type": "Polygon", "coordinates": [ [ [ 645.765365527063977, 466.600895495109228 ], [ 662.48670852238763, 450.344034248983917 ], [ 659.119215834420288, 443.144567123845206 ], [ 663.996274208497084, 439.544833564160911 ], [ 676.072799706508818, 454.408249559793887 ], [ 685.594675581864408, 465.671931994781119 ], [ 688.149325203318426, 463.349523244922523 ], [ 693.723106204083706, 470.200629056716821 ], [ 678.511328892825986, 486.109128992382807 ], [ 671.195741332672355, 479.954745804392019 ], [ 664.576876396442458, 484.947924617453509 ], [ 657.841891021229003, 479.141902742807019 ], [ 655.403361834310772, 480.303107116774584 ], [ 645.765365527063977, 466.600895495109228 ] ] ] } },
{ "type": "Feature", "properties": { "feature_type": "building", "subtype": "no-damage", "uid": "6e2f46ec-0532-4f62-a517-42830ceae539" }, "geometry": { "type": "Polygon", "coordinates": [ [ [ 605.273850372410038, 499.09989515064791 ], [ 632.987694193233438, 504.435180593204507 ], [ 633.876908433939889, 525.776322359584242 ], [ 599.790362552416696, 523.25688201285891 ], [ 605.273850372410038, 499.09989515064791 ] ] ] } },
{ "type": "Feature", "properties": { "feature_type": "building", "subtype": "no-damage", "uid": "64e217ef-fead-400c-848b-5a23f182d6a5" }, "geometry": { "type": "Polygon", "coordinates": [ [ [ 630.871529869568917, 502.26789951213749 ], [ 612.524178075203167, 499.808976075447788 ], [ 606.471443462720686, 494.70198124599159 ], [ 602.310188413408241, 496.593460812528122 ], [ 595.690009929810913, 496.404312856451384 ], [ 599.472969062642505, 478.246109017316485 ], [ 608.930366899409819, 478.624404928508227 ], [ 609.686958722033296, 477.300369232124979 ], [ 597.770637456029817, 473.895706012167011 ], [ 600.607856804872199, 463.114272482139711 ], [ 603.823372064425257, 463.303420439178012 ], [ 615.739693339684777, 453.467726691457187 ], [ 619.711800428833499, 454.413466476648807 ], [ 620.468392254101559, 452.14369099507411 ], [ 640.328927702008627, 455.359206258955396 ], [ 635.032784916236665, 483.35310384581112 ], [ 631.628121696279436, 483.542251801887687 ], [ 630.114938043218899, 485.812027281539088 ], [ 633.897897179536699, 486.001175237615826 ], [ 631.628121699164467, 500.943863814792678 ], [ 630.871529869568917, 502.26789951213749 ] ] ] } },
{ "type": "Feature", "properties": { "feature_type": "building", "subtype": "no-damage", "uid": "10756ef8-87ca-4830-8196-26e40136b034" }, "geometry": { "type": "Polygon", "coordinates": [ [ [ 855.752683321132622, 691.334169601101394 ], [ 853.381445347999261, 707.043621178703461 ], [ 840.191434120731969, 708.673847286765749 ], [ 839.450422248688255, 712.527108993408888 ], [ 835.152553423075233, 712.378906621260057 ], [ 833.818732062436425, 717.417787315672399 ], [ 829.66906560668815, 718.010596809075992 ], [ 828.335244244967498, 712.971716113702087 ], [ 825.519399150699542, 713.416323234956963 ], [ 825.074792033772383, 709.711263899500977 ], [ 818.109280486641183, 710.600478141049052 ], [ 814.99703064302696, 689.555741119928598 ], [ 818.553887601765268, 688.221919759049115 ], [ 817.516470988309038, 683.775848559963833 ], [ 847.453350414805186, 678.44056311644556 ], [ 849.972790760568273, 691.778776721394593 ], [ 853.974254842124083, 691.630574347322408 ], [ 855.752683321132622, 691.334169601101394 ] ] ] } },
{ "type": "Feature", "properties": { "feature_type": "building", "subtype": "no-damage", "uid": "636401cf-3f71-4503-ac7b-83d7994fa13a" }, "geometry": { "type": "Polygon", "coordinates": [ [ [ 749.416423936150181, 729.943005730644586 ], [ 753.269685648201857, 728.312779624505652 ], [ 749.712828682851978, 721.791875195141756 ], [ 764.236661274003836, 713.640744659638813 ], [ 766.015089756378302, 714.381756526153026 ], [ 783.947576934600534, 706.230625990650083 ], [ 790.023874242588022, 720.013446714930637 ], [ 783.502969815509573, 725.496934529636064 ], [ 788.690052884714078, 735.130088800090675 ], [ 784.243981683466131, 737.204922026522809 ], [ 786.31881490821479, 741.799195601603515 ], [ 781.279934217410073, 745.800659683280514 ], [ 778.019482001166125, 743.429421708704126 ], [ 772.684196558370331, 746.245266802612036 ], [ 760.679804312981446, 730.6840175971588 ], [ 751.19485241840448, 734.833684052907984 ], [ 749.416423936150181, 729.943005730644586 ] ] ] } },
{ "type": "Feature", "properties": { "feature_type": "building", "subtype": "no-damage", "uid": "0da5642b-d1b0-4417-97ac-492b51a112a8" }, "geometry": { "type": "Polygon", "coordinates": [ [ [ 753.417888020711302, 740.465374239762241 ], [ 761.124411437001072, 735.130088800090675 ], [ 773.12880367698051, 749.505719017774936 ], [ 771.64677994287058, 753.358980725379752 ], [ 769.72014908966969, 755.433813953735239 ], [ 765.570482634522477, 755.730218698994577 ], [ 762.161828048293501, 757.360444806095074 ], [ 753.417888020711302, 740.465374239762241 ] ] ] } },
{ "type": "Feature", "properties": { "feature_type": "building", "subtype": "no-damage", "uid": "44bbcda1-6b9c-463b-a20e-751052f84052" }, "geometry": { "type": "Polygon", "coordinates": [ [ [ 702.061165145493533, 820.963805972790396 ], [ 705.654976321407048, 813.776183619759422 ], [ 699.980537623842565, 812.830443836491213 ], [ 707.546455891789833, 790.132689036130046 ], [ 729.676766816342592, 797.887755261237658 ], [ 737.242685083568517, 774.244260677608281 ], [ 762.966807191127259, 781.999326899830862 ], [ 760.697031710875308, 790.510984949244971 ], [ 766.182322453805682, 792.402464517704857 ], [ 762.588511276690042, 804.129637830038746 ], [ 757.481516449999958, 804.697081701153706 ], [ 752.563669573015318, 812.830443836491213 ], [ 750.483042053407871, 813.776183618797745 ], [ 749.915598184336659, 818.126586622985656 ], [ 742.16053195754796, 836.473938421082266 ], [ 726.46125155558741, 834.204162939507455 ], [ 723.813180162821595, 831.745239502817753 ], [ 704.141792670510313, 823.611877367480133 ], [ 702.061165145493533, 820.963805972790396 ] ] ] } },
{ "type": "Feature", "properties": { "feature_type": "building", "subtype": "no-damage", "uid": "02fe19ac-ed0a-43d2-a874-30b269ac017b" }, "geometry": { "type": "Polygon", "coordinates": [ [ [ 724.569771986647197, 771.407041326841863 ], [ 726.650399514909623, 768.948117891113725 ], [ 735.729501430748428, 771.974485196995147 ], [ 729.109322948713839, 785.593138077788808 ], [ 731.568246383599899, 788.430357427593549 ], [ 729.298470903828729, 791.835020647551573 ], [ 720.975960809771891, 784.836546251558957 ], [ 711.896858890927888, 781.242735074562574 ], [ 715.679818023278699, 770.650449501573576 ], [ 724.569771986647197, 771.407041326841863 ] ] ] } },
{ "type": "Feature", "properties": { "feature_type": "building", "subtype": "no-damage", "uid": "ecadc5ad-07fe-4b52-ba04-752592f54856" }, "geometry": { "type": "Polygon", "coordinates": [ [ [ 760.507883753957231, 760.058163926661337 ], [ 769.397837717926677, 761.760495537121074 ], [ 767.317210194953418, 776.892332071336341 ], [ 757.48151644615325, 774.0551127215316 ], [ 760.507883753957231, 760.058163926661337 ] ] ] } },
{ "type": "Feature", "properties": { "feature_type": "building", "subtype": "no-damage", "uid": "a72f1893-bd8b-428b-9d03-dc6e3189b926" }, "geometry": { "type": "Polygon", "coordinates": [ [ [ 908.511315162534629, 785.879204083647778 ], [ 909.177772256154185, 784.735067404305596 ], [ 909.676787385049693, 783.238022017017897 ], [ 931.134437933082154, 791.079688331427633 ], [ 950.596027965172311, 799.206506146483434 ], [ 950.513400695751329, 799.93072429488268 ], [ 950.030588596057328, 801.13775454381755 ], [ 967.170418122152796, 807.655717885180707 ], [ 965.963387876584193, 819.726020368759237 ], [ 927.184814208713419, 802.181465156576905 ], [ 905.399065320963928, 794.919548860698796 ], [ 905.250862947973587, 793.733929873891384 ], [ 891.171637476513752, 790.028870539396962 ], [ 893.098268330075371, 780.988525763307734 ], [ 908.511315162534629, 785.879204083647778 ] ] ] } },
{ "type": "Feature", "properties": { "feature_type": "building", "subtype": "no-damage", "uid": "e17681c5-b138-4b7e-a48f-64cd72fd0202" }, "geometry": { "type": "Polygon", "coordinates": [ [ [ 855.639809791699463, 805.540244051899094 ], [ 865.39392654033395, 784.87080617969616 ], [ 867.135733101886103, 783.012879180963296 ], [ 881.53466735228028, 789.631744116233108 ], [ 879.212258600498785, 795.553886427699467 ], [ 877.70269291222553, 795.437765990879711 ], [ 869.225900977022775, 812.042988549387587 ], [ 855.639809791699463, 805.540244051899094 ] ] ] } },
{ "type": "Feature", "properties": { "feature_type": "building", "subtype": "no-damage", "uid": "0976df68-100a-4060-89b7-7df5e12a3ca4" }, "geometry": { "type": "Polygon", "coordinates": [ [ [ 833.606633374432249, 860.184594047317773 ], [ 831.284224621448857, 863.552086734324234 ], [ 822.110710061000077, 859.60399186129564 ], [ 826.174925375175008, 851.011079486626386 ], [ 829.426297621514323, 852.404524738080227 ], [ 834.767837746356122, 847.643586801543279 ], [ 856.714600430423047, 858.442787484442874 ], [ 853.695469054958494, 867.035699860073805 ], [ 845.450917992553627, 864.364929797832588 ], [ 843.592990992979708, 865.758375046401397 ], [ 833.606633374432249, 860.184594047317773 ] ] ] } },
{ "type": "Feature", "properties": { "feature_type": "building", "subtype": "no-damage", "uid": "b9617550-4296-46a9-9095-b0a18e66edbb" }, "geometry": { "type": "Polygon", "coordinates": [ [ [ 845.102556680772182, 848.456429863128278 ], [ 847.424965429668532, 844.972816739302061 ], [ 840.457739180575231, 841.837564925934998 ], [ 847.65720630414944, 831.154484678893482 ], [ 855.785636929734551, 836.147663490993295 ], [ 859.03700918076197, 830.922243804292293 ], [ 846.72824280598536, 828.019232867449887 ], [ 847.308844995132745, 824.535619742661879 ], [ 849.282892429603066, 824.535619741700202 ], [ 848.818410680761417, 819.89080224198301 ], [ 852.069782931187774, 819.774681807086608 ], [ 852.185903370411665, 820.587524868671608 ], [ 853.9277099324446, 820.587524869633285 ], [ 854.740552991745403, 817.916754807392067 ], [ 861.01105661667475, 820.123043118507553 ], [ 865.191392365625916, 821.748729242639229 ], [ 868.442764615210763, 823.02605405534996 ], [ 867.513801115003048, 827.438630679504399 ], [ 863.68182667807389, 828.251473741089399 ], [ 863.56570623945106, 829.528798553800129 ], [ 882.841698861517784, 837.657229178305215 ], [ 882.841698863681586, 838.470072238928537 ], [ 899.563041858043562, 847.759707237401358 ], [ 900.143644044786811, 846.598502863433737 ], [ 913.497494355028039, 854.262451736813091 ], [ 906.762508981858218, 863.552086734324234 ], [ 873.319822986763143, 844.856696300558951 ], [ 868.558885051790071, 845.437298488504439 ], [ 859.269250053319524, 838.702313114491403 ], [ 849.863494616827211, 853.797969987610713 ], [ 845.102556680772182, 848.456429863128278 ] ] ] } },
{ "type": "Feature", "properties": { "feature_type": "building", "subtype": "no-damage", "uid": "1dee78c4-5dff-411f-990f-a83f545242c9" }, "geometry": { "type": "Polygon", "coordinates": [ [ [ 873.900425175910641, 847.062984611674437 ], [ 888.29935942606437, 854.843053923796901 ], [ 883.538421485681852, 862.390882360356613 ], [ 868.791125926872041, 855.88813785998309 ], [ 873.900425175910641, 847.062984611674437 ] ] ] } },
{ "type": "Feature", "properties": { "feature_type": "building", "subtype": "no-damage", "uid": "c99b9a09-3e68-48f6-996c-195bd06722a2" }, "geometry": { "type": "Polygon", "coordinates": [ [ [ 829.223026968865042, 893.021414843311391 ], [ 831.297860199023035, 887.834331773865188 ], [ 833.076288676829563, 887.834331773865188 ], [ 835.743931399189137, 882.499046332270268 ], [ 831.594264941878123, 879.386796492141343 ], [ 832.928086302036149, 873.903308675512562 ], [ 834.558312408655524, 872.124880195301444 ], [ 855.306644683790296, 882.054439211977069 ], [ 856.936870793414869, 884.277474812481387 ], [ 858.27069214948574, 880.127808358655557 ], [ 865.82901319218422, 882.795451078491283 ], [ 865.088001329156214, 887.834331773865188 ], [ 872.498119993935916, 889.168153132821431 ], [ 869.534072529803097, 893.910629082935998 ], [ 863.902382340305621, 892.576807722056515 ], [ 859.752715883956284, 895.837259936257624 ], [ 858.567096897990723, 895.392652815964425 ], [ 851.89799009684009, 908.286259299658582 ], [ 826.703586623342403, 898.060295537723619 ], [ 829.223026968865042, 893.021414843311391 ] ] ] } },
{ "type": "Feature", "properties": { "feature_type": "building", "subtype": "no-damage", "uid": "2a7dd431-a8a2-48cc-989f-90bc4b3fe239" }, "geometry": { "type": "Polygon", "coordinates": [ [ [ 819.659989195007256, 904.935513902040839 ], [ 822.563000130767136, 898.781130715973404 ], [ 829.646346818723828, 901.335780341394866 ], [ 836.845813940975745, 905.167754778565381 ], [ 831.155912504592834, 914.457389775114848 ], [ 822.679120568308122, 911.32213796463293 ], [ 820.821193569575712, 906.328959153494679 ], [ 819.659989195007256, 904.935513902040839 ] ] ] } },
{ "type": "Feature", "properties": { "feature_type": "building", "subtype": "no-damage", "uid": "f0fa1996-3ceb-4c3a-b576-a09534e8a7c2" }, "geometry": { "type": "Polygon", "coordinates": [ [ [ 760.854361396568834, 937.751675287190892 ], [ 771.376729908809466, 942.345948862271712 ], [ 774.044372627322332, 941.308532249536484 ], [ 814.355418187178543, 960.130233668229266 ], [ 813.021596825457891, 964.131697749906266 ], [ 810.502156481137376, 964.576304869237788 ], [ 803.24024018453963, 981.174970689349607 ], [ 761.89177801254948, 962.35326926873347 ], [ 762.632789879544362, 960.574840789484028 ], [ 757.742111555358747, 956.721579080917536 ], [ 760.854361396568834, 937.751675287190892 ] ] ] } },
{ "type": "Feature", "properties": { "feature_type": "building", "subtype": "no-damage", "uid": "5186c94a-8ee1-4a30-8126-d00c45956404" }, "geometry": { "type": "Polygon", "coordinates": [ [ [ 652.330515589682477, 985.075812553437686 ], [ 652.708811504360028, 980.725409548288098 ], [ 647.790964629419022, 979.590521807981531 ], [ 647.980112588861402, 975.42926676371701 ], [ 651.573923763092125, 975.240118804755298 ], [ 650.439036022906066, 966.161016886149582 ], [ 652.519663545879325, 965.593573015996299 ], [ 652.141367631562275, 962.756353666191558 ], [ 671.05616329848533, 959.162542488233498 ], [ 669.732127602703486, 964.458685275689731 ], [ 681.270152959679194, 965.971868928149547 ], [ 681.459300915515428, 972.213751498873989 ], [ 690.727550795244383, 972.592047411027238 ], [ 690.916698749157263, 969.187384192030891 ], [ 707.940014850626085, 971.646307628720706 ], [ 718.343152464771151, 985.832404380629328 ], [ 718.53230042373275, 994.722358341235122 ], [ 713.992749465032034, 995.47895016938844 ], [ 714.938489246857444, 1006.260383698454007 ], [ 705.481091411652983, 1007.773567352836949 ], [ 707.372570977708165, 1012.691414226217034 ], [ 697.726025189191773, 1016.285225402250944 ], [ 697.915173145629069, 1013.637154010447034 ], [ 690.727550793922092, 1013.637154009485016 ], [ 690.160106921845568, 1018.55500088190297 ], [ 676.541454041535985, 1017.987557011750027 ], [ 677.487193828049612, 1015.717781531135984 ], [ 666.705760297423922, 1014.582893791792003 ], [ 668.408091905358901, 1005.692939829261945 ], [ 661.409617509969053, 1005.31464391614702 ], [ 661.787913421160511, 1001.531684781150943 ], [ 655.546030851158889, 1000.396797042767957 ], [ 655.546030854404535, 994.722358342196799 ], [ 645.710337107527607, 993.965766515966834 ], [ 644.575449367461715, 986.210700292782576 ], [ 652.330515589682477, 985.075812553437686 ] ] ] } },
{ "type": "Feature", "properties": { "feature_type": "building", "subtype": "no-damage", "uid": "fe1ed294-b4f1-462c-a5da-e1bb211e2f84" }, "geometry": { "type": "Polygon", "coordinates": [ [ [ 648.792289848313544, 550.717811988501012 ], [ 650.659416965428363, 546.573300540791706 ], [ 660.588975982342049, 551.167574114910849 ], [ 663.25661870482179, 549.389145633738053 ], [ 675.261010947205477, 553.094204968232361 ], [ 685.486974709859282, 554.576228703184142 ], [ 688.895629298612562, 552.649597847939162 ], [ 697.343164582137661, 554.724431075332973 ], [ 709.643961571343198, 555.910050063102062 ], [ 715.679112814092719, 555.910050063102062 ], [ 727.025197149990504, 559.53114080990656 ], [ 722.921294302891738, 574.739721937830723 ], [ 725.335354801602307, 576.670970334203162 ], [ 720.079118877339283, 589.920807544044237 ], [ 718.221191882092967, 592.010975418339967 ], [ 715.085940065360887, 596.075190729149995 ], [ 708.002593378966935, 588.527362292590396 ], [ 702.312691945469169, 595.378468103423074 ], [ 698.364597069556453, 595.378468105346428 ], [ 695.229345259315664, 594.565625041838075 ], [ 692.906936508015065, 597.352515541860726 ], [ 679.436965759631789, 593.636661541509966 ], [ 680.94653144742415, 589.920807542120883 ], [ 672.237498640264789, 588.759603168153262 ], [ 674.90826869937996, 577.495920733166145 ], [ 659.883965095953386, 572.593060397507315 ], [ 657.111046283141832, 574.749775029828129 ], [ 651.565208659081577, 573.20926457968153 ], [ 642.014043862309109, 569.820141585897204 ], [ 648.792289848313544, 550.717811988501012 ] ] ] } },
{ "type": "Feature", "properties": { "feature_type": "building", "subtype": "no-damage", "uid": "ee40a408-9513-4d71-9141-88e01ea9d902" }, "geometry": { "type": "Polygon", "coordinates": [ [ [ 660.692328392759009, 595.374443815035761 ], [ 662.20057462801617, 594.158562098082712 ], [ 676.94787018766749, 596.945452596182008 ], [ 675.089943186891446, 604.144919721320662 ], [ 684.263457747340226, 606.002846720053526 ], [ 686.005264308892265, 600.661306595571091 ], [ 688.21155262265188, 597.874416097471794 ], [ 692.159647495439117, 598.455018283493928 ], [ 695.643260621428226, 596.597091284761063 ], [ 710.042194866773684, 597.177693473668228 ], [ 711.551760558292585, 603.099835784172797 ], [ 712.480724055254541, 606.583448907037337 ], [ 716.777180241025462, 607.512412408327123 ], [ 717.125541554850429, 609.138098531497121 ], [ 714.919253241331262, 612.041109470262995 ], [ 710.506676616937625, 616.685926968056833 ], [ 708.416508743604027, 628.530211590989438 ], [ 703.655570810313861, 628.530211590989438 ], [ 702.146005120117252, 633.639510838947331 ], [ 710.622797054839225, 635.381317401822116 ], [ 701.100921182128104, 669.172364708706709 ], [ 679.502519812487321, 664.992028959153572 ], [ 677.760713247809804, 668.591762519799545 ], [ 664.987465129841326, 666.617715082323571 ], [ 667.905753589105188, 653.911019037076244 ], [ 667.359853177185983, 653.911019037076244 ], [ 662.082815910572322, 653.456102030529451 ], [ 663.014737140333068, 643.912786678810335 ], [ 656.976474389283567, 641.590377930875093 ], [ 658.950521830125012, 633.345826871473491 ], [ 660.808448826934068, 632.881345119386083 ], [ 662.318014513764865, 629.862213745723921 ], [ 650.822091203097443, 627.075323247624624 ], [ 653.492861267381613, 622.08214443552481 ], [ 660.692328392759009, 595.374443815035761 ] ] ] } },
{ "type": "Feature", "properties": { "feature_type": "building", "subtype": "no-damage", "uid": "23874f6d-6d2a-4cc7-80b1-fed2b8112873" }, "geometry": { "type": "Polygon", "coordinates": [ [ [ 613.567792271469557, 567.740551407141197 ], [ 612.432904530802716, 573.793286020827281 ], [ 625.105817632772869, 575.873913543440494 ], [ 621.890302369012488, 594.788709210728598 ], [ 616.026715709120481, 593.842969426498712 ], [ 613.756940228748249, 604.246107042449353 ], [ 606.569317874396688, 603.300367260142821 ], [ 603.921246482712831, 615.59498444359167 ], [ 616.594159579754432, 616.919020139974805 ], [ 613.000348403119574, 635.077223979109704 ], [ 609.595685185085699, 635.266371936148062 ], [ 606.001874004483966, 649.074172773018404 ], [ 593.328960912972093, 644.534621812753812 ], [ 590.491741558479816, 649.64161664221001 ], [ 585.573894686664175, 654.93775942966613 ], [ 577.818828464082912, 664.395157262348562 ], [ 572.333537719709852, 661.179642000390572 ], [ 567.226542888692279, 655.694351256857772 ], [ 565.14591536487751, 652.857131907053031 ], [ 566.848246977620875, 641.508254506872504 ], [ 577.440532548443571, 645.102065682907096 ], [ 579.899455986815724, 637.725295372837877 ], [ 585.57389468702479, 639.805922896412653 ], [ 588.032818123233142, 639.427626983297728 ], [ 581.412639637712459, 634.320632152879853 ], [ 582.736675337821794, 632.429152586343321 ], [ 578.575420289350973, 630.915968932921828 ], [ 579.899455986695443, 622.971754751737535 ], [ 585.384746728063192, 622.782606795660968 ], [ 579.710308032782677, 616.540724226859879 ], [ 583.68241511796441, 597.436780603495095 ], [ 579.332012119788033, 596.301892864150204 ], [ 585.952190598336529, 554.878490354500855 ], [ 614.32438410178645, 559.03974540068873 ], [ 613.567792271469557, 567.740551407141197 ] ] ] } },
{ "type": "Feature", "properties": { "feature_type": "building", "subtype": "no-damage", "uid": "8cbb013b-68e1-4f91-a446-8e3dcc4784db" }, "geometry": { "type": "Polygon", "coordinates": [ [ [ 578.334637868624554, 667.420023624708733 ], [ 592.331586665655323, 651.342447309148724 ], [ 600.65409675598562, 649.450967743573869 ], [ 608.220015020687242, 654.93625848710667 ], [ 631.674361650157721, 671.013834802666793 ], [ 623.919295425051928, 679.33634489408098 ], [ 611.246382329452899, 672.148722542011683 ], [ 601.599836538171758, 681.038676505502508 ], [ 589.494367313447015, 671.392130715781718 ], [ 582.685040874734796, 676.499125544276239 ], [ 578.902081739498954, 673.472758239356608 ], [ 581.928449046341257, 670.068095018436907 ], [ 578.523785826023413, 667.987467495823694 ], [ 578.334637868624554, 667.420023624708733 ] ] ] } },
{ "type": "Feature", "properties": { "feature_type": "building", "subtype": "no-damage", "uid": "db4af94c-6d8d-4801-9964-7f98c46f8892" }, "geometry": { "type": "Polygon", "coordinates": [ [ [ 607.648953185265896, 686.547979465156232 ], [ 609.855241498424448, 687.709183839123966 ], [ 621.699526120031919, 696.998818835673319 ], [ 620.073839995179355, 698.392264088088837 ], [ 623.789693993485685, 700.714672836985756 ], [ 617.867551684304772, 709.191464771950223 ], [ 621.351164811255671, 712.442837022136928 ], [ 619.609358245496196, 715.113607083416468 ], [ 614.964540748184277, 709.423705647513088 ], [ 611.597048060216935, 712.558957457995007 ], [ 613.338854621769087, 714.533004897394335 ], [ 604.165340062522432, 722.313074206631882 ], [ 600.913967811134398, 717.668256707876253 ], [ 599.288281687724293, 719.177822395188173 ], [ 594.062862000663927, 713.023439208159061 ], [ 595.224066375112102, 712.558957457995007 ], [ 596.036909439461738, 711.281632646245953 ], [ 590.927610188619951, 706.636815148452115 ], [ 595.224066377035456, 701.875877210953377 ], [ 594.411223313046435, 700.250191085860024 ], [ 607.648953185265896, 686.547979465156232 ] ] ] } },
{ "type": "Feature", "properties": { "feature_type": "building", "subtype": "no-damage", "uid": "421f370c-5b2b-4bd2-8b20-5319361b4f88" }, "geometry": { "type": "Polygon", "coordinates": [ [ [ 529.362275683229541, 814.716758296434477 ], [ 526.991037709495117, 811.900913203488244 ], [ 540.92206080628182, 798.118092479207689 ], [ 543.14509640798758, 801.082139946226221 ], [ 556.18690526358705, 788.9295453280846 ], [ 560.188369347186494, 792.486402289468401 ], [ 573.378380576016525, 778.851783939260031 ], [ 585.086368075064229, 786.70650972854196 ], [ 571.007142603243778, 801.674949439629813 ], [ 569.228714121470375, 800.044723332529315 ], [ 562.559607321041085, 809.826079975132757 ], [ 568.339499880884205, 813.975746429920264 ], [ 562.856012068103496, 819.903841365880567 ], [ 559.891964600604865, 816.939793896938795 ], [ 557.81713137333179, 818.125412885669562 ], [ 557.520726627711952, 818.866424751222098 ], [ 538.847227580571484, 835.46509057037224 ], [ 536.772394354139806, 831.463626488695127 ], [ 532.326323151329234, 836.354304810958638 ], [ 524.323394989299345, 827.31396003390762 ], [ 526.842835334100755, 825.090924434364979 ], [ 522.544966508728066, 820.64485323239478 ], [ 529.362275683229541, 814.716758296434477 ] ] ] } },
{ "type": "Feature", "properties": { "feature_type": "building", "subtype": "no-damage", "uid": "184104e4-684d-44ee-b877-90a065e983d8" }, "geometry": { "type": "Polygon", "coordinates": [ [ [ 544.330715393712808, 799.007306717870733 ], [ 535.290370617144845, 792.486402288506724 ], [ 543.29329878169915, 786.70650972854196 ], [ 551.444429319363849, 779.444593433625414 ], [ 547.59116761272162, 774.998522231655215 ], [ 554.704881530078183, 766.699189321118524 ], [ 555.890500521693639, 769.218629667843743 ], [ 562.707809694031312, 764.920760840907406 ], [ 572.044559216219227, 776.925153084015164 ], [ 561.077583588493894, 788.781342954974093 ], [ 556.038702892640345, 786.854712099729113 ], [ 544.330715398521193, 799.155509091942918 ], [ 544.330715393712808, 799.007306717870733 ] ] ] } },
{ "type": "Feature", "properties": { "feature_type": "building", "subtype": "no-damage", "uid": "56dcbacb-9c62-478c-8e31-c7aa5ddb0f32" }, "geometry": { "type": "Polygon", "coordinates": [ [ [ 565.450663039640403, 761.195675956976402 ], [ 568.788390615912135, 760.522820033382004 ], [ 569.789208029569636, 759.885936225947489 ], [ 572.427726662155237, 757.702334596061405 ], [ 570.699042038936568, 754.517915553118655 ], [ 569.061340815200083, 758.157251601646522 ], [ 564.512170754661497, 756.15561677553319 ], [ 563.966270348993248, 752.334313924194248 ], [ 569.51625782439146, 746.69334304859126 ], [ 576.067062708999401, 751.788413514799345 ], [ 579.342465155630862, 749.513828487835212 ], [ 580.525249370296251, 746.056459239233391 ], [ 588.924380557304062, 738.358842249867166 ], [ 592.927650214097753, 741.998178298395032 ], [ 593.837484222382841, 741.361294489998841 ], [ 605.392376179485495, 752.279302637506021 ], [ 592.563716604148226, 765.835829419522724 ], [ 590.351390358555705, 764.775191169580125 ], [ 593.564534018046061, 769.475165469012268 ], [ 592.38174980205838, 773.660401925011683 ], [ 593.109617013422735, 777.754654980086457 ], [ 584.648160697856497, 785.306277283763166 ], [ 575.640803979266707, 778.391538789444326 ], [ 575.822770780875658, 775.0251529436905 ], [ 572.456384935483243, 774.206302332483233 ], [ 572.547368336888781, 771.021883288578806 ], [ 569.635899496961201, 771.385816894200957 ], [ 569.726882896924167, 769.111231863390117 ], [ 567.907214872780855, 769.111231863390117 ], [ 564.722795833685609, 767.200580438201428 ], [ 565.450663039640403, 761.195675956976402 ] ] ] } },
{ "type": "Feature", "properties": { "feature_type": "building", "subtype": "no-damage", "uid": "7d14eaf4-5013-4cc2-a88f-49e4efdccf95" }, "geometry": { "type": "Polygon", "coordinates": [ [ [ 576.176626329166766, 749.209560606628543 ], [ 566.719228496486608, 740.508754601137753 ], [ 580.905325244424944, 727.457545590497375 ], [ 582.98595276835988, 723.485438500386067 ], [ 590.741018990340194, 729.916469027187077 ], [ 590.362723078307113, 734.645167944490026 ], [ 588.924380557304062, 738.358842249867166 ], [ 576.3657742853635, 749.587856520705259 ], [ 576.176626329166766, 749.209560606628543 ] ] ] } },
{ "type": "Feature", "properties": { "feature_type": "building", "subtype": "no-damage", "uid": "da49dbfd-5769-4e20-8ba6-ef460e0f152a" }, "geometry": { "type": "Polygon", "coordinates": [ [ [ 571.216476911581026, 441.764190834191311 ], [ 569.391258273429571, 445.646793527236696 ], [ 573.012349017348242, 447.09522982499692 ], [ 575.909221611184876, 452.164756869561586 ], [ 569.874070369156698, 487.168634072323925 ], [ 567.527458360230639, 488.174028234161426 ], [ 563.522131182469707, 487.865926141631689 ], [ 562.289722822929775, 490.638844955165212 ], [ 568.759866721814092, 492.795559587486025 ], [ 561.981620731001271, 530.692116690710236 ], [ 565.06264163429887, 531.308320869999534 ], [ 560.133008191090312, 547.329629566140966 ], [ 557.05198728875439, 562.42663199046342 ], [ 563.522131181988925, 562.42663199046342 ], [ 561.36541655075041, 571.05349051782332 ], [ 554.279068476904627, 570.745388427217108 ], [ 542.879291136134157, 605.560924629186616 ], [ 550.581843393957229, 604.636618357367638 ], [ 545.652209947142524, 621.890335413049229 ], [ 538.257759780887227, 619.425518691083766 ], [ 530.756612914693392, 625.654997769761962 ], [ 526.549880349750993, 616.344497787905766 ], [ 520.079736452910197, 615.728293608616468 ], [ 539.182066051984748, 508.816868280742426 ], [ 549.373811999468671, 443.839055194864216 ], [ 550.938368735490712, 443.454033181738396 ], [ 552.628211084119357, 443.454033182700073 ], [ 555.283677631054161, 429.452482302749218 ], [ 554.318053432627721, 428.004046003065582 ], [ 554.318053433228783, 426.072797604769903 ], [ 558.663362326868878, 420.037646362980581 ], [ 577.734440253183038, 421.727488712451077 ], [ 577.251628150604006, 426.072797604769903 ], [ 580.872718896566198, 426.555609705305528 ], [ 576.768816050910004, 442.247002934726879 ], [ 571.216476911581026, 441.764190834191311 ] ] ] } },
{ "type": "Feature", "properties": { "feature_type": "building", "subtype": "no-damage", "uid": "86066a5c-4d20-419c-8a52-614e630eb0f1" }, "geometry": { "type": "Polygon", "coordinates": [ [ [ 766.254760435034086, 60.343270127958966 ], [ 771.565693528542965, 55.515149135104572 ], [ 771.324287481641136, 51.411246290649409 ], [ 778.566468968396521, 51.894058392146697 ], [ 782.911777866604552, 45.134689000034847 ], [ 787.015680708894934, 46.100313199182743 ], [ 787.257086756397939, 48.031561595555161 ], [ 788.946929103944626, 48.514373697052463 ], [ 793.775050101606212, 41.99641035472758 ], [ 811.88050382708991, 46.34171924896971 ], [ 802.70707393662974, 63.240142726364297 ], [ 799.085983191508944, 68.309669769005666 ], [ 794.016456148508155, 87.139341643734355 ], [ 756.839924498273035, 76.758881507702966 ], [ 762.150857592623424, 68.068263717295352 ], [ 765.289136241055417, 66.378421371671578 ], [ 765.77194833762394, 64.205766925512179 ], [ 766.254760435034086, 60.343270127958966 ] ] ] } },
{ "type": "Feature", "properties": { "feature_type": "building", "subtype": "no-damage", "uid": "7a5b3d8e-dda1-4cac-a782-67e396c74a34" }, "geometry": { "type": "Polygon", "coordinates": [ [ [ 801.500043688296159, 67.344045569857784 ], [ 810.432067525122761, 65.89560927209763 ], [ 813.328940122685935, 64.4471729733758 ], [ 813.328940121243363, 62.515924576041712 ], [ 820.088309515036599, 51.411246290649409 ], [ 835.538296693825828, 57.687803582225627 ], [ 833.848454344716401, 66.137015321884604 ], [ 841.090635838443973, 71.930760513886895 ], [ 834.572672493836762, 80.621378300447802 ], [ 828.296115201300267, 87.8635597921336 ], [ 824.192212358649272, 83.518250896929786 ], [ 815.018782471074132, 89.311996089893753 ], [ 797.3961408428803, 94.62292918424545 ], [ 793.292237999628242, 89.794808189467687 ], [ 799.810201339667515, 70.240918164416414 ], [ 801.500043688296159, 67.344045569857784 ] ] ] } },
{ "type": "Feature", "properties": { "feature_type": "building", "subtype": "no-damage", "uid": "fd13dd75-6199-40ce-95ea-99bb6977cede" }, "geometry": { "type": "Polygon", "coordinates": [ [ [ 737.406542445226819, 49.216116434688871 ], [ 751.041160794951111, 52.180163902669022 ], [ 753.708803517430852, 46.993080834184603 ], [ 767.936231361159685, 52.180163901707353 ], [ 764.972183897507762, 58.997473078254018 ], [ 760.229707947394331, 58.849270705143518 ], [ 757.117458105102287, 66.555794121314904 ], [ 754.598017756454283, 79.745805351230047 ], [ 751.485767915845258, 79.152995857826355 ], [ 750.448351302268748, 85.970305033411364 ], [ 734.887102098382002, 81.968840951734322 ], [ 731.923054631845048, 93.380423701438389 ], [ 718.73304340193306, 91.750197595299483 ], [ 709.099889130519045, 87.007721646146564 ], [ 709.396293875537935, 85.970305033411364 ], [ 701.689770460450291, 81.672436205513321 ], [ 705.691234544891131, 69.668043961443885 ], [ 709.099889129677535, 70.409055827958085 ], [ 711.471127107018333, 66.703996493463734 ], [ 719.622257639874647, 68.334222600564317 ], [ 719.474055266884307, 69.519841587371701 ], [ 728.959007162302896, 71.150067693510607 ], [ 731.923054630041861, 58.997473078254018 ], [ 734.887102097300044, 59.590282571657717 ], [ 736.220923458780362, 50.253533049347432 ], [ 737.406542445226819, 49.216116434688871 ] ] ] } },
{ "type": "Feature", "properties": { "feature_type": "building", "subtype": "no-damage", "uid": "da406bfa-6155-4b63-90b7-3954f52f3539" }, "geometry": { "type": "Polygon", "coordinates": [ [ [ 693.368679255683105, 80.897183214500771 ], [ 706.706892859907725, 87.862694762234597 ], [ 710.26374982044922, 90.382135109921563 ], [ 723.601963425875851, 93.938992072267084 ], [ 716.636451879465994, 110.5376578894939 ], [ 713.82060678219284, 117.503169438189403 ], [ 710.560154567872246, 117.651371812261601 ], [ 706.26228574237939, 121.652835893938601 ], [ 707.151499983807071, 122.986657251933195 ], [ 713.524202037414398, 123.283062000077507 ], [ 711.893975930795023, 131.434192537503804 ], [ 698.111155205075306, 128.766549814782991 ], [ 695.591714859672948, 124.616883360957104 ], [ 698.555762326690683, 116.169348079233202 ], [ 690.108227044247656, 114.5391219711709 ], [ 689.219012802459361, 111.871479249411806 ], [ 688.033393816012904, 108.611027036172302 ], [ 684.180132105403686, 109.203836527652598 ], [ 677.066418184921645, 104.016753460129905 ], [ 675.436192077821488, 101.200908366221896 ], [ 682.105298879933798, 89.789325616517871 ], [ 691.442048405247078, 93.19798020382953 ], [ 690.84923891304561, 90.382135108959886 ], [ 685.513953469047806, 87.714492388162427 ], [ 692.034857896847484, 81.045385585687924 ], [ 693.368679255683105, 80.897183214500771 ] ] ] } },
{ "type": "Feature", "properties": { "feature_type": "building", "subtype": "no-damage", "uid": "4cd059cd-1690-4182-acaa-90144b6beb78" }, "geometry": { "type": "Polygon", "coordinates": [ [ [ 682.24891537616088, 124.008999965470196 ], [ 695.591714859672948, 124.616883360957104 ], [ 695.290724234164486, 131.122713888237911 ], [ 696.920950339221122, 133.049344740597803 ], [ 702.108033410108533, 133.345749488742086 ], [ 701.367021540709402, 144.460927493186887 ], [ 685.361165220135831, 143.127106130383908 ], [ 686.991391326033863, 136.16159458265011 ], [ 683.286331988895881, 136.309796956722295 ], [ 684.916558097438497, 131.863725755713688 ], [ 680.91509401936878, 130.381702021723612 ], [ 682.24891537616088, 124.008999965470196 ] ] ] } },
{ "type": "Feature", "properties": { "feature_type": "building", "subtype": "no-damage", "uid": "f47951f0-21f2-4abd-93ef-9194b358051c" }, "geometry": { "type": "Polygon", "coordinates": [ [ [ 661.50058310306963, 150.092617681964498 ], [ 673.801380092876229, 152.612058027728096 ], [ 670.985534999690231, 166.098474006749314 ], [ 669.948118385392604, 166.246676379859792 ], [ 656.313500036269375, 165.357462139273395 ], [ 661.50058310306963, 150.092617681964498 ] ] ] } },
{ "type": "Feature", "properties": { "feature_type": "building", "subtype": "no-damage", "uid": "57603c23-cfe0-45ce-82df-e3b24e4f86ee" }, "geometry": { "type": "Polygon", "coordinates": [ [ [ 659.42574987543594, 145.794748853104693 ], [ 664.020023450034728, 136.902606449164296 ], [ 674.690594334183743, 141.941487146461611 ], [ 669.503511263777227, 149.944415307892314 ], [ 659.42574987543594, 145.794748853104693 ] ] ] } },
{ "type": "Feature", "properties": { "feature_type": "building", "subtype": "no-damage", "uid": "3513f8f3-1677-4584-89c0-7589dd23978f" }, "geometry": { "type": "Polygon", "coordinates": [ [ [ 663.130809213295265, 125.935630819753399 ], [ 662.68620208855441, 125.935630819753399 ], [ 664.464630569967198, 127.269452180632996 ], [ 658.53653563400826, 136.606201702943309 ], [ 646.532143393187425, 134.975975596804403 ], [ 648.310571872917194, 128.30686879336821 ], [ 653.201250192895486, 123.564392846138603 ], [ 655.276083422332363, 123.860797592359702 ], [ 658.684738007839996, 117.191690791808497 ], [ 666.391261424610661, 121.637761989932002 ], [ 663.130809213295265, 125.935630819753399 ] ] ] } },
{ "type": "Feature", "properties": { "feature_type": "building", "subtype": "no-damage", "uid": "09a1b324-e7ef-4ad4-b9a6-eea8f52341f5" }, "geometry": { "type": "Polygon", "coordinates": [ [ [ 643.176201488833271, 142.709166313874704 ], [ 649.985527929829573, 138.169615355533409 ], [ 657.929742108247069, 140.250242877184888 ], [ 654.903374806092984, 147.627013188215898 ], [ 656.227410501634381, 148.383605015407511 ], [ 653.768487064223905, 154.814635540285195 ], [ 638.82579848789203, 151.977416189518692 ], [ 641.852165791969583, 145.168089750564405 ], [ 643.176201488833271, 142.709166313874704 ] ] ] } },
{ "type": "Feature", "properties": { "feature_type": "building", "subtype": "no-damage", "uid": "77401c00-67b9-450c-b0a1-f4d522ea4528" }, "geometry": { "type": "Polygon", "coordinates": [ [ [ 642.608757621084351, 136.088987830997013 ], [ 639.960686226275016, 147.059569317100909 ], [ 637.312614832667805, 146.1138295338327 ], [ 636.745170962755083, 147.627013188215898 ], [ 633.15135978575961, 147.627013188215898 ], [ 632.96221182824047, 146.870421361985905 ], [ 625.20714560662077, 145.735533621679394 ], [ 626.909477215998322, 136.467283745073587 ], [ 633.151359785639329, 138.547911268648392 ], [ 635.988579139770991, 133.251768481192187 ], [ 642.608757621084351, 136.088987830997013 ] ] ] } },
{ "type": "Feature", "properties": { "feature_type": "building", "subtype": "no-damage", "uid": "dd87237a-53a0-4142-9c96-28f2e6b81235" }, "geometry": { "type": "Polygon", "coordinates": [ [ [ 636.17772709356359, 150.842528452097213 ], [ 634.097099570109435, 157.841002847128209 ], [ 622.559074212532778, 153.112303930786993 ], [ 622.937370126729434, 146.681273403986012 ], [ 636.17772709356359, 150.842528452097213 ] ] ] } },
{ "type": "Feature", "properties": { "feature_type": "building", "subtype": "no-damage", "uid": "deb30ec8-0be9-4e13-9c52-bc6bc307909d" }, "geometry": { "type": "Polygon", "coordinates": [ [ [ 616.568659420280596, 152.590886215079507 ], [ 632.018646600993179, 159.833067704841909 ], [ 629.845992153512043, 166.592437095992096 ], [ 641.674888591508079, 170.213527840873297 ], [ 637.570985742245512, 181.801018224877907 ], [ 628.156149808970554, 181.801018224877907 ], [ 623.810840912565709, 186.87054526848101 ], [ 611.981944479017443, 183.24945452263799 ], [ 610.050696081803949, 179.869769827543792 ], [ 609.809290030213901, 177.697115381384407 ], [ 601.601484340824754, 177.938521430209704 ], [ 600.877266191704393, 181.318206125303988 ], [ 588.565557659904584, 177.697115381384407 ], [ 592.428054453489949, 165.6268128968442 ], [ 600.15304804366599, 166.592437095992096 ], [ 611.016320279749607, 159.350255605267989 ], [ 613.430380776897437, 160.074473752705586 ], [ 614.878817073695586, 154.522134611451889 ], [ 616.568659420280596, 152.590886215079507 ] ] ] } },
{ "type": "Feature", "properties": { "feature_type": "building", "subtype": "no-damage", "uid": "6f1e171d-7ba2-40cf-a9fd-cddbf8f2bf9f" }, "geometry": { "type": "Polygon", "coordinates": [ [ [ 675.230329492054466, 171.179152040021194 ], [ 668.953772202282948, 184.697890821359891 ], [ 661.22877861270797, 184.215078722747592 ], [ 658.331906015745858, 195.802569105790496 ], [ 650.606912427613452, 196.285381206326093 ], [ 652.779566871969109, 191.457260213471699 ], [ 651.572536628323746, 190.491636013362211 ], [ 647.227227729755214, 193.871320708456409 ], [ 636.846767597212306, 191.698666262296996 ], [ 642.881918835153442, 172.868994387568307 ], [ 648.434257982776899, 174.800242784902395 ], [ 652.296754774318629, 165.144000798232014 ], [ 661.228778615472834, 169.489309691512403 ], [ 675.230329492054466, 171.179152040021194 ] ] ] } },
{ "type": "Feature", "properties": { "feature_type": "building", "subtype": "no-damage", "uid": "eb507631-03bb-48b4-a356-4c29fc67b105" }, "geometry": { "type": "Polygon", "coordinates": [ [ [ 600.788651846249309, 182.600488356382101 ], [ 600.242751442504414, 183.601305771362092 ], [ 597.968166413377162, 188.969326444191012 ], [ 595.966531584018639, 188.423426035757814 ], [ 595.69358138172538, 192.153745486172113 ], [ 586.777208062257159, 188.24145923294671 ], [ 589.961627105800176, 179.052135709740611 ], [ 600.788651846249309, 182.600488356382101 ] ] ] } },
{ "type": "Feature", "properties": { "feature_type": "building", "subtype": "no-damage", "uid": "fabcb179-fe42-46c5-ac6c-6c625eb27d12" }, "geometry": { "type": "Polygon", "coordinates": [ [ [ 594.601780566542175, 201.070118805642494 ], [ 596.876365596030155, 192.153745486172113 ], [ 598.241116612424662, 192.153745485210408 ], [ 599.696851033830967, 188.24145923294671 ], [ 601.971436064761406, 183.14638876673871 ], [ 612.889444211184014, 186.603758012455501 ], [ 613.43534462069897, 184.966056790040994 ], [ 623.898435759493054, 188.514409436682513 ], [ 621.168933722737052, 200.524218399132707 ], [ 619.622215902209291, 200.342251597283308 ], [ 617.89353127923107, 204.982405059829603 ], [ 613.253377816204988, 205.892239071961512 ], [ 605.792738917782458, 204.52748805232099 ], [ 594.965714168678232, 201.707002615962097 ], [ 594.601780566542175, 201.070118805642494 ] ] ] } },
{ "type": "Feature", "properties": { "feature_type": "building", "subtype": "no-damage", "uid": "3d238505-bfc1-41a6-9715-900a90ef1967" }, "geometry": { "type": "Polygon", "coordinates": [ [ [ 591.053427919781257, 220.995483674506403 ], [ 593.600963154447413, 208.803707910206896 ], [ 596.148498386709434, 208.894691311131595 ], [ 597.240299200209733, 207.620923694339098 ], [ 603.245203679630208, 208.439774305546393 ], [ 603.24520368455876, 210.350425730735111 ], [ 612.889444214069044, 212.079110354074288 ], [ 614.163211827014493, 206.529122880357789 ], [ 623.079585146602994, 203.708637443037105 ], [ 625.172203374842638, 204.345521251433411 ], [ 620.092509225894105, 224.622791791193407 ], [ 615.099330418002751, 224.855032664832891 ], [ 613.822005605773143, 222.068142165771889 ], [ 611.964078602833411, 221.8359012911707 ], [ 610.802874228265068, 225.087273539434108 ], [ 608.82882679127033, 224.971153101652703 ], [ 609.061067670199009, 222.532623914974295 ], [ 602.906684480045897, 222.068142164810212 ], [ 599.306950922165584, 229.267609289949007 ], [ 593.849290356777487, 227.525802728035814 ], [ 594.894374295848479, 222.648744353717404 ], [ 591.053427919781257, 220.995483674506403 ] ] ] } },
{ "type": "Feature", "properties": { "feature_type": "building", "subtype": "no-damage", "uid": "fb40087c-ce49-4282-92c2-4a9bf8e7bbd4" }, "geometry": { "type": "Polygon", "coordinates": [ [ [ 616.260534789445728, 227.177441414691486 ], [ 612.312439915816981, 234.841390289032603 ], [ 615.56381216407965, 236.583196851907388 ], [ 614.402607793117454, 238.20888297411571 ], [ 610.802874231029818, 236.350955975382789 ], [ 610.802874229467079, 237.976642099514493 ], [ 608.364345042428681, 238.789485162061197 ], [ 599.655312229859987, 234.841390289032603 ], [ 603.255045793390082, 224.855032664832891 ], [ 611.151235540407129, 227.409682290254409 ], [ 616.260534789445728, 227.177441414691486 ] ] ] } },
{ "type": "Feature", "properties": { "feature_type": "building", "subtype": "no-damage", "uid": "c692fd0f-71a7-4c6e-8bd8-86458fd04654" }, "geometry": { "type": "Polygon", "coordinates": [ [ [ 595.939458233717346, 234.725269851251198 ], [ 607.435381541259289, 239.486207786826498 ], [ 628.220939849074966, 245.524470535112499 ], [ 627.756458099031192, 248.775842785299204 ], [ 643.432717160693301, 252.723937659289504 ], [ 643.084355849392637, 249.588685848807586 ], [ 654.580279156573965, 250.633769785955508 ], [ 654.115797407972764, 247.150156660205909 ], [ 649.238739033174738, 246.917915785604691 ], [ 654.928640469437369, 232.28674066457279 ], [ 657.251049220497521, 233.215704162977602 ], [ 656.089844847612085, 236.350955974421197 ], [ 664.450516342509104, 240.066809974772013 ], [ 661.315264530224681, 251.678853722141696 ], [ 658.876735344027793, 251.446612849463804 ], [ 657.018808344694321, 254.581864658984102 ], [ 655.277001782420939, 254.117382908819991 ], [ 651.793388657393507, 267.355112781283083 ], [ 629.14990335000391, 262.478054407926379 ], [ 625.898531103063647, 254.814105533585291 ], [ 616.841136977871884, 252.6078172215081 ], [ 614.28648735401373, 258.994441284100105 ], [ 607.667622419106124, 259.807284346646782 ], [ 606.970899792537921, 260.96848872157608 ], [ 605.345213666242785, 260.852368282833027 ], [ 604.532370604417565, 263.639258782855677 ], [ 603.255045793149634, 267.122871907643628 ], [ 590.597918106591578, 263.290897470473112 ], [ 594.429892544722861, 257.020393845662511 ], [ 589.552834173531096, 254.34962378534459 ], [ 595.939458233717346, 234.725269851251198 ] ] ] } },
{ "type": "Feature", "properties": { "feature_type": "building", "subtype": "no-damage", "uid": "0d61a958-dac8-435e-bbe8-231aa05c88c7" }, "geometry": { "type": "Polygon", "coordinates": [ [ [ 628.91766247576345, 215.33315679175891 ], [ 632.981877789697933, 205.114558294881391 ], [ 636.117129599097211, 200.818102106585087 ], [ 651.445027348496978, 207.320846606958611 ], [ 653.999676971273288, 205.346799169482608 ], [ 663.521552843503514, 209.643255356817207 ], [ 661.315264534311837, 215.100915916196101 ], [ 664.334395904847838, 216.842722480032592 ], [ 660.966903218924017, 225.667875727379595 ], [ 657.947771845382817, 224.738912227051486 ], [ 657.018808343251749, 226.480718788964595 ], [ 656.438206158311687, 227.177441414691486 ], [ 651.677268220092856, 226.132357478505298 ], [ 652.722352158082003, 223.577707855007191 ], [ 651.096666033950669, 222.764864790537189 ], [ 651.328906907590181, 220.326335603858809 ], [ 648.425895970748456, 218.352288166382806 ], [ 641.923151473742337, 216.378240728906803 ], [ 640.994187974135798, 215.681518105103208 ], [ 638.787899661698475, 219.397372104492291 ], [ 628.91766247576345, 215.33315679175891 ] ] ] } },
{ "type": "Feature", "properties": { "feature_type": "building", "subtype": "no-damage", "uid": "7996e4d2-5933-418f-82d9-06f2de1cb4c7" }, "geometry": { "type": "Polygon", "coordinates": [ [ [ 636.89463646547722, 230.226735478293506 ], [ 640.599695797446316, 220.445378834728388 ], [ 650.529254816884418, 224.150438170184401 ], [ 650.381052441249494, 229.782128358962012 ], [ 646.675993106635815, 237.636854147282207 ], [ 638.524862569812626, 235.562020918926805 ], [ 634.375196117911059, 246.232591804039998 ], [ 626.965077450126273, 244.009556202574089 ], [ 630.521934410908216, 230.967747345769396 ], [ 635.116207981540128, 232.005163959466302 ], [ 636.89463646547722, 230.226735478293506 ] ] ] } },
{ "type": "Feature", "properties": { "feature_type": "building", "subtype": "no-damage", "uid": "a9ab8455-eeec-4e53-917c-386b09b8e097" }, "geometry": { "type": "Polygon", "coordinates": [ [ [ 611.127726685020207, 302.607534375233001 ], [ 610.547124501402436, 301.910811750467701 ], [ 601.025248624483993, 298.54331906249962 ], [ 592.432336251259358, 299.123921250445107 ], [ 588.948723130799863, 304.117100060621624 ], [ 582.213737757509762, 300.981848248216181 ], [ 582.794339941969042, 299.123921249483374 ], [ 581.981496882427791, 298.659439499319319 ], [ 575.130391068110612, 292.505056314213505 ], [ 577.801161129750199, 278.686724254766716 ], [ 573.504704943137881, 276.712676816329008 ], [ 575.246511504329305, 271.371136692808193 ], [ 613.217894560998388, 282.518698690975498 ], [ 612.40505149761043, 284.608866566232905 ], [ 618.094952933151831, 285.653950503380827 ], [ 622.391409121687502, 272.996822816939925 ], [ 625.294420056605873, 268.003644005801675 ], [ 659.085467362881332, 277.061038129673193 ], [ 658.156503864597084, 289.021443190387288 ], [ 655.137372490815324, 292.853417625634393 ], [ 654.672890739208924, 297.730476000914621 ], [ 648.518507553743916, 296.685392061843288 ], [ 647.125062302651031, 298.54331906249962 ], [ 638.183788616322659, 296.685392063766699 ], [ 638.183788619568304, 294.94358550185359 ], [ 632.029405430977931, 294.246862876126727 ], [ 630.868201057731767, 295.640308125657214 ], [ 625.758901806289032, 295.872549001220023 ], [ 619.372277746343116, 293.898501564705725 ], [ 615.308062437337185, 293.550140249438073 ], [ 611.127726685020207, 302.607534375233001 ] ] ] } },
{ "type": "Feature", "properties": { "feature_type": "building", "subtype": "no-damage", "uid": "855e6cf1-b9b1-457f-b3e4-19ec13402ded" }, "geometry": { "type": "Polygon", "coordinates": [ [ [ 653.279445489678778, 300.633486937757027 ], [ 652.931084181022698, 301.794691313647888 ], [ 646.079978365383226, 317.819311684210277 ], [ 644.686533114891404, 318.63215474579539 ], [ 642.248003928454068, 319.561118245161822 ], [ 640.041715619743286, 322.231888306441419 ], [ 630.171478431163564, 320.373961308670175 ], [ 622.739770433469062, 319.677238683904875 ], [ 623.204252183152107, 316.54198687246128 ], [ 610.431004060014743, 313.638975935618873 ], [ 612.753412809391989, 303.072016123473702 ], [ 631.448803247840942, 307.949074497792083 ], [ 631.913284994158175, 306.439508809518486 ], [ 625.642781369108661, 304.697702249528675 ], [ 628.545792306190833, 296.685392061843288 ], [ 636.093620743710289, 298.078837313297186 ], [ 647.241182740793079, 301.097968686959291 ], [ 653.279445489678778, 300.633486937757027 ] ] ] } },
{ "type": "Feature", "properties": { "feature_type": "building", "subtype": "no-damage", "uid": "686b90a6-a4cb-4d28-bc3c-68cc0b32f089" }, "geometry": { "type": "Polygon", "coordinates": [ [ [ 590.089376585933906, 328.352468705423576 ], [ 591.224264325999798, 327.028433010963795 ], [ 592.73744797869972, 326.839285052963817 ], [ 594.818075501552812, 318.895070871779581 ], [ 598.790182594187513, 319.084218829779616 ], [ 602.00569785878929, 317.192739263243084 ], [ 606.73439677188378, 317.949331088511315 ], [ 610.517355904835654, 321.164846353354278 ], [ 611.65224364526216, 319.840810656009523 ], [ 609.193320208332466, 318.138479045549616 ], [ 610.431004061457202, 314.00290954027929 ], [ 620.92049352162519, 317.571035176358009 ], [ 620.920493522947595, 320.975698396315977 ], [ 636.808921880744265, 323.434621832044115 ], [ 633.593406622513498, 328.919912575576916 ], [ 619.785605784203995, 328.163320749347008 ], [ 618.839865997570087, 329.865652358845182 ], [ 611.652243645742942, 351.239371461861424 ], [ 595.19637141635053, 347.456412329750208 ], [ 595.196371415268686, 344.240897064907074 ], [ 592.35915206450295, 343.484305239638786 ], [ 593.49403980553052, 336.864126756761209 ], [ 586.684713369102155, 335.729239014531288 ], [ 590.089376585933906, 328.352468705423576 ] ] ] } },
{ "type": "Feature", "properties": { "feature_type": "building", "subtype": "no-damage", "uid": "0b47e656-3713-41e9-b7bc-3b9d9fce7895" }, "geometry": { "type": "Polygon", "coordinates": [ [ [ 552.807924580513941, 312.590638905468097 ], [ 558.104067366406184, 298.404542155482773 ], [ 562.076174455434625, 295.189026892563106 ], [ 578.153750770750435, 299.161133982674414 ], [ 580.234378293843861, 301.998353333440775 ], [ 593.853031175716183, 305.403016552437123 ], [ 590.448367953114371, 314.860414386081175 ], [ 583.260745603090413, 314.860414386081175 ], [ 582.125857862062844, 319.967409215537373 ], [ 575.883975291940942, 318.832521477154216 ], [ 572.479312070661535, 331.316286616679577 ], [ 579.856082380127987, 333.964358009446073 ], [ 578.721194639821647, 342.097720146706877 ], [ 571.344424330235029, 340.206240578247105 ], [ 569.831240676573429, 344.367495625396714 ], [ 560.75213875881127, 342.097720146706877 ], [ 561.319582626680472, 337.936465099557324 ], [ 557.536623493247703, 337.936465099557324 ], [ 557.347475535127614, 340.01709262217048 ], [ 527.651246338780879, 333.018618226177807 ], [ 532.758241174126056, 317.508485780771025 ], [ 550.159853183180189, 320.913148999767316 ], [ 551.862184796043834, 315.995302125426122 ], [ 552.807924580513941, 312.590638905468097 ] ] ] } },
{ "type": "Feature", "properties": { "feature_type": "building", "subtype": "no-damage", "uid": "da676864-183f-40a6-8f53-ae3d79ff18c0" }, "geometry": { "type": "Polygon", "coordinates": [ [ [ 725.250300696249042, 172.447531575202703 ], [ 738.884919045372158, 186.230352300444906 ], [ 750.741108918492046, 195.270697077495811 ], [ 743.479192620211393, 201.346994384643295 ], [ 738.440311927483322, 198.975756411990204 ], [ 732.364014621659635, 203.421827612998698 ], [ 723.768276960936987, 195.567101823716911 ], [ 729.696371897737322, 189.490804514645987 ], [ 717.691979652588884, 178.968436005528389 ], [ 725.250300696249042, 172.447531575202703 ] ] ] } },
{ "type": "Feature", "properties": { "feature_type": "building", "subtype": "no-damage", "uid": "cf0c68c3-6aca-4c23-b96e-19404642c71d" }, "geometry": { "type": "Polygon", "coordinates": [ [ [ 726.584122054724048, 169.631686482256413 ], [ 737.551097688099162, 156.441675251379593 ], [ 750.148299422804484, 169.187079360039888 ], [ 754.446168253947121, 173.484948189861313 ], [ 764.672132013595728, 181.043269231960494 ], [ 759.040441828666189, 185.933947554223892 ], [ 766.746965243032605, 191.565637742039797 ], [ 758.744037081243164, 198.975756411028499 ], [ 753.705156384548104, 193.49226859439969 ], [ 752.371335025592202, 194.381482834986087 ], [ 739.774133285477546, 183.562709578685713 ], [ 726.584122054724048, 169.631686482256413 ] ] ] } },
{ "type": "Feature", "properties": { "feature_type": "building", "subtype": "no-damage", "uid": "6fa50099-e38a-4c5c-9f52-faa09dc045c2" }, "geometry": { "type": "Polygon", "coordinates": [ [ [ 739.922335660150679, 155.107853889538291 ], [ 745.554025849527989, 152.588413543774692 ], [ 751.185716036501162, 159.405722719359687 ], [ 766.895167618787582, 145.17829487478599 ], [ 774.453488658721199, 152.143806421558196 ], [ 782.604619193020085, 143.844473512944802 ], [ 788.236309384440915, 139.250199938825688 ], [ 793.86799956997163, 143.696271140795886 ], [ 794.016201944163981, 146.808520980924897 ], [ 805.427784693985473, 156.738079996638902 ], [ 802.315534853616782, 159.257520345287503 ], [ 804.538570458207687, 162.073365440157204 ], [ 790.014737865613256, 176.448995657841408 ], [ 780.085178845333758, 169.631686480333002 ], [ 770.748429322544894, 181.191471605070888 ], [ 768.673596097796235, 179.85765024515311 ], [ 767.339774736195636, 181.636078725364086 ], [ 763.634715401702238, 177.931019390869807 ], [ 748.814478063007073, 165.037412907175707 ], [ 739.922335660150679, 155.107853889538291 ] ] ] } },
{ "type": "Feature", "properties": { "feature_type": "building", "subtype": "no-damage", "uid": "7d025bff-4228-4faf-b787-f889238fc13f" }, "geometry": { "type": "Polygon", "coordinates": [ [ [ 795.844570233065497, 142.927415261604693 ], [ 802.579555605754535, 138.747079512051499 ], [ 818.139694229274596, 152.681532010241511 ], [ 826.616486166520986, 160.693842196003487 ], [ 814.772201541547588, 173.467090317340904 ], [ 805.366446106497733, 166.499864068726708 ], [ 811.172467982825879, 159.300396945511409 ], [ 808.617818356323141, 156.513506446450407 ], [ 805.018084793033381, 153.378254635006812 ], [ 795.844570233065497, 142.927415261604693 ] ] ] } },
{ "type": "Feature", "properties": { "feature_type": "building", "subtype": "no-damage", "uid": "e7012025-ae9c-470e-a735-4bacf1a1b5aa" }, "geometry": { "type": "Polygon", "coordinates": [ [ [ 816.712813634521126, 141.696958417433109 ], [ 824.260642073963936, 134.845852606600403 ], [ 830.64726613330879, 129.620432918937695 ], [ 835.292083635068479, 133.452407357069887 ], [ 843.76887556991062, 125.904578921471895 ], [ 858.864532439900927, 142.045319729815702 ], [ 861.186941187354705, 142.045319729815702 ], [ 869.315371813901493, 149.244786853992792 ], [ 857.122725879911513, 160.508469288018205 ], [ 847.252488691211624, 153.42512260258431 ], [ 838.891817191987116, 147.96746204224371 ], [ 831.227868318008518, 154.35408610291239 ], [ 816.712813634521126, 141.696958417433109 ] ] ] } },
{ "type": "Feature", "properties": { "feature_type": "building", "subtype": "no-damage", "uid": "03474c88-2691-471d-99fe-851560d69968" }, "geometry": { "type": "Polygon", "coordinates": [ [ [ 829.137700446478107, 155.863651789262605 ], [ 830.53114569456568, 156.328133539426688 ], [ 832.853554445265218, 157.373217476574609 ], [ 840.517503316599232, 151.334954727326789 ], [ 848.065331756042156, 158.650542290246989 ], [ 832.853554444303541, 170.610947350960998 ], [ 827.047532571221154, 163.643721100423505 ], [ 828.673218694751426, 160.392348852160097 ], [ 826.118569073778303, 158.069940103263093 ], [ 829.137700446478107, 155.863651789262605 ] ] ] } },
{ "type": "Feature", "properties": { "feature_type": "building", "subtype": "no-damage", "uid": "a428e592-1e62-40e3-8650-4692fb7e4983" }, "geometry": { "type": "Polygon", "coordinates": [ [ [ 881.390739509197601, 86.193061401781549 ], [ 893.685356687955277, 95.083015364310683 ], [ 884.038810899198552, 104.1621172858015 ], [ 887.254326163680162, 106.053596852338003 ], [ 879.499259938334035, 112.673775334254003 ], [ 883.093071117132695, 115.321846728943797 ], [ 870.798453933446353, 125.914132301932696 ], [ 877.79692833003844, 131.210275087465504 ], [ 864.55657136128093, 142.180856573569514 ], [ 851.127066441135071, 131.210275087465504 ], [ 848.668143002522584, 126.292428215047707 ], [ 852.261954180239286, 123.076912953089703 ], [ 842.04796451772313, 111.160591680832496 ], [ 851.316214396610576, 102.081489761265004 ], [ 852.829398052075362, 103.216377503494897 ], [ 861.719352012438549, 93.3806837557742 ], [ 867.77208662576254, 97.163642887885487 ], [ 869.663566191938003, 95.08301536527236 ], [ 865.313163188712792, 91.11090827516108 ], [ 872.31163758650689, 84.679877748360028 ], [ 876.094596721742732, 89.219428707662914 ], [ 881.390739509197601, 86.193061401781549 ] ] ] } },
{ "type": "Feature", "properties": { "feature_type": "building", "subtype": "no-damage", "uid": "6611fdda-b948-4601-ac55-e89eb6d26353" }, "geometry": { "type": "Polygon", "coordinates": [ [ [ 684.349946974823411, 460.497809946765699 ], [ 678.864656236220526, 455.390815119232911 ], [ 684.160799020790364, 449.905524375700111 ], [ 684.917390845337195, 445.365973413512108 ], [ 688.511202023053897, 445.365973413512108 ], [ 701.373263076893295, 432.882208275909989 ], [ 716.694247565498586, 447.635748893163623 ], [ 718.585727132034663, 446.690009109895414 ], [ 722.17953830854924, 451.229560071121625 ], [ 724.44931378832041, 447.824896850201924 ], [ 733.339267751688794, 455.390815118271178 ], [ 731.069492270835894, 459.362922206459075 ], [ 726.34079335581805, 456.336554901539387 ], [ 716.505099609542185, 467.117988430605124 ], [ 709.695773168906612, 461.443549730995585 ], [ 702.697298773035868, 467.874580256834975 ], [ 694.942232549492815, 460.308661990689018 ], [ 698.346895768848981, 458.795478338229202 ], [ 691.91586524132822, 455.390815118271178 ], [ 685.673982675894422, 460.308661989727284 ], [ 684.349946974823411, 460.497809946765699 ] ] ] } },
{ "type": "Feature", "properties": { "feature_type": "building", "subtype": "no-damage", "uid": "5046ad9a-ae7f-4487-ac11-d07a19ac641f" }, "geometry": { "type": "Polygon", "coordinates": [ [ [ 714.181699986386093, 428.910777887920915 ], [ 729.277356858660255, 412.305555329412982 ], [ 733.10933129895534, 412.305555329412982 ], [ 737.870269235010369, 417.763215890715287 ], [ 740.308798420365861, 416.834252391348912 ], [ 749.366192543273542, 426.704489576805372 ], [ 747.276024671502682, 428.678537013319726 ], [ 754.475491794235495, 435.529642824152518 ], [ 748.088867734169412, 442.729109947367817 ], [ 739.728196231338529, 435.645763260972217 ], [ 735.083378736551026, 440.871182947673276 ], [ 730.322440797851414, 435.065161074950083 ], [ 728.580634235818479, 436.34248588669908 ], [ 725.793743736397573, 432.162150137146 ], [ 719.290999235184245, 437.735931136229624 ], [ 713.717218236943381, 431.233186636817891 ], [ 714.181699986386093, 428.910777887920915 ] ] ] } },
{ "type": "Feature", "properties": { "feature_type": "building", "subtype": "no-damage", "uid": "989e97ec-1c6f-4598-bf32-451f84812521" }, "geometry": { "type": "Polygon", "coordinates": [ [ [ 745.534218106704998, 453.760551507753689 ], [ 750.295156043120642, 449.34797488359942 ], [ 754.243250915547264, 451.554263194714792 ], [ 760.04927279019239, 446.096602634374278 ], [ 760.513754539755269, 442.729109947367817 ], [ 757.494623165011944, 439.129376385760224 ], [ 772.706400476149383, 425.543285199952777 ], [ 777.118977103908946, 428.562416574576616 ], [ 776.073893162433819, 429.723620951429325 ], [ 779.673626723559778, 428.678537012357992 ], [ 784.202323786095576, 433.787836262239409 ], [ 779.093024540302622, 435.761883699715327 ], [ 780.950951537472292, 437.735931137191301 ], [ 779.67362672416084, 440.0583398851266 ], [ 784.666805535658455, 445.864361757849679 ], [ 790.240586535942839, 451.670383633458016 ], [ 772.241918725023766, 469.3206901291137 ], [ 777.002856663723378, 473.268785005027382 ], [ 768.409944289176451, 480.816613440625417 ], [ 764.926331166913769, 476.404036814547624 ], [ 769.687269102487903, 472.339821504699273 ], [ 768.409944289296732, 470.598014942786108 ], [ 764.577969852728074, 473.152664566284272 ], [ 762.603922414651493, 470.83025581642562 ], [ 760.745995416039364, 471.875339753573485 ], [ 753.082046545065964, 463.979150005592885 ], [ 745.185856794202209, 455.15399675824591 ], [ 745.534218106704998, 453.760551507753689 ] ] ] } },
{ "type": "Feature", "properties": { "feature_type": "building", "subtype": "no-damage", "uid": "9f672d09-4597-40be-9ee7-d60ee04c9759" }, "geometry": { "type": "Polygon", "coordinates": [ [ [ 728.172027171961645, 471.587116607875487 ], [ 728.868749800332921, 473.793404919952707 ], [ 732.468483359775973, 476.115813668849682 ], [ 733.745808174529998, 480.180028980621387 ], [ 738.390625668355824, 484.244244292393091 ], [ 746.751297169864415, 476.812536292653192 ], [ 740.480793543973391, 469.613069170399626 ], [ 747.448019791984848, 462.065240734801591 ], [ 766.143410227669051, 480.876751605386573 ], [ 770.323745974456415, 482.270196854917174 ], [ 746.170694981558427, 513.274353660817383 ], [ 740.480793544213839, 509.094017912225922 ], [ 744.312767980782382, 503.055755163939921 ], [ 738.042264356574378, 496.669131101347773 ], [ 741.758118360169874, 492.48879535371799 ], [ 739.087348295284755, 488.540700477804421 ], [ 730.726676795218737, 497.017492414692072 ], [ 724.920654922136237, 492.604915791499479 ], [ 725.96573885976477, 490.514747915280395 ], [ 721.088680487491047, 485.521569105103879 ], [ 721.32092136233257, 482.502437730479983 ], [ 720.043596548660503, 482.154076417135684 ], [ 728.172027171961645, 471.587116607875487 ] ] ] } },
{ "type": "Feature", "properties": { "feature_type": "building", "subtype": "no-damage", "uid": "effa69f5-45a6-475a-8536-9c4e3b85f41c" }, "geometry": { "type": "Polygon", "coordinates": [ [ [ 423.939146914745379, 792.994667069880848 ], [ 429.974298157134285, 782.614206933849459 ], [ 439.630540144884378, 786.718109777342988 ], [ 444.941473235989122, 779.234522235870145 ], [ 460.391460419586792, 787.200921876916937 ], [ 450.49381237964559, 819.790738582771269 ], [ 477.531289946643994, 828.481356373178869 ], [ 472.703168949583414, 837.65478625931371 ], [ 479.462538343496817, 842.724313303878375 ], [ 482.600816989765008, 847.311028246945853 ], [ 482.118004888027372, 855.036021835320525 ], [ 479.70394439027848, 857.208676283403292 ], [ 476.807071795119498, 865.657888021138888 ], [ 486.463313780826013, 869.520384817730474 ], [ 483.083629086934593, 886.660214342988638 ], [ 481.87659883691822, 886.660214343950315 ], [ 478.014102043212574, 895.592238182221536 ], [ 400.522760095392186, 881.349281250560352 ], [ 403.661038741900825, 876.27975420695725 ], [ 394.970420953178177, 871.934445312715184 ], [ 398.350105652839716, 864.933669870816288 ], [ 392.556360456992024, 861.312579126896821 ], [ 398.108699600047487, 853.346179488735061 ], [ 401.488384296583376, 853.587585537560358 ], [ 405.109475039179813, 844.172749598753512 ], [ 436.492261497534287, 854.070397637134306 ], [ 439.630540146447117, 846.828216146410227 ], [ 424.42195901696391, 841.517283053981942 ], [ 421.525086419280512, 844.655561699289137 ], [ 404.626662939966593, 839.344628607822528 ], [ 411.868844429847513, 827.998544273604921 ], [ 413.317280729891309, 826.79151402467005 ], [ 420.55946221844988, 809.893090546313829 ], [ 425.628989262893185, 796.857163864549079 ], [ 432.388358657046979, 801.202472759752823 ], [ 433.112576804003481, 797.822788061773622 ], [ 423.939146914745379, 792.994667069880848 ] ] ] } },
{ "type": "Feature", "properties": { "feature_type": "building", "subtype": "no-damage", "uid": "cca5bcb8-0e5e-4d54-8a30-b7797c6d75cd" }, "geometry": { "type": "Polygon", "coordinates": [ [ [ 437.931291589995681, 719.547581019635118 ], [ 442.276600479428396, 717.133520522727054 ], [ 450.001594069243822, 722.203047564406802 ], [ 447.346127522549409, 726.548356458648868 ], [ 440.103946033029104, 748.757713029433489 ], [ 434.551606890214089, 746.585058582312399 ], [ 430.930516146055027, 754.551458222397514 ], [ 422.239898360457914, 752.37880377335307 ], [ 424.41255280349128, 741.032719439135462 ], [ 429.723485897120383, 741.515531539671088 ], [ 435.517231090804273, 721.961641513658151 ], [ 437.931291589995681, 719.547581019635118 ] ] ] } },
{ "type": "Feature", "properties": { "feature_type": "building", "subtype": "no-damage", "uid": "7eacd4e7-4e6d-462f-8329-c5661aaaf85a" }, "geometry": { "type": "Polygon", "coordinates": [ [ [ 447.104721473243274, 729.928041154704829 ], [ 452.898466667528226, 731.376477452464997 ], [ 472.210950639542204, 721.237423366220582 ], [ 467.624235697437484, 714.960866074644287 ], [ 476.797665584171284, 709.408526930505673 ], [ 482.832816824997394, 717.857738670164622 ], [ 475.590635337400499, 722.444453614193776 ], [ 478.970320030570576, 730.652259303104074 ], [ 474.866417189241815, 734.997568197346141 ], [ 474.866417185395107, 740.06709524191092 ], [ 460.86486630833258, 747.792088830285593 ], [ 469.3140780453449, 756.965518719305464 ], [ 461.58908445456791, 766.62176070597593 ], [ 457.002369511742017, 763.000669961094786 ], [ 451.69143641787241, 765.41473045704106 ], [ 448.311751723860823, 761.06942156376067 ], [ 449.518781970872112, 755.275676369834969 ], [ 443.725036782236998, 740.549907340523191 ], [ 447.104721473243274, 729.928041154704829 ] ] ] } },
{ "type": "Feature", "properties": { "feature_type": "building", "subtype": "no-damage", "uid": "d4f5fd24-f6d9-4236-aee8-de8ed7b6c6f0" }, "geometry": { "type": "Polygon", "coordinates": [ [ [ 338.867003044536091, 760.328291065931921 ], [ 343.784849915149607, 746.709638186099937 ], [ 347.378661093226981, 747.844525923521473 ], [ 350.026732486473577, 755.221296235514046 ], [ 350.215880444954394, 759.382551280740358 ], [ 352.296507966124523, 766.381025676732975 ], [ 343.9739978735102, 768.461653201269428 ], [ 340.380186697476404, 762.219770631506776 ], [ 338.867003044536091, 760.328291065931921 ] ] ] } },
{ "type": "Feature", "properties": { "feature_type": "building", "subtype": "no-damage", "uid": "56709875-b791-4907-abb7-a54ddc273b5d" }, "geometry": { "type": "Polygon", "coordinates": [ [ [ 341.70422239614328, 768.272505243269507 ], [ 343.97399787266869, 769.21824502846107 ], [ 349.459288618243818, 768.650801158307786 ], [ 357.214354842508101, 764.300398154119875 ], [ 345.487181526330289, 738.387128091800719 ], [ 355.89031914324022, 729.308026171271536 ], [ 360.429870105066414, 737.06309239541747 ], [ 362.321349671962992, 736.495648523340833 ], [ 366.67175267278401, 742.35923518095035 ], [ 368.374084285527374, 749.736005492942923 ], [ 363.077941499274573, 754.086408494245802 ], [ 365.915160846073377, 759.00425536858711 ], [ 369.130676109593423, 757.301923757165582 ], [ 373.481079115343107, 763.543806327889911 ], [ 370.643859762894408, 768.83994911342279 ], [ 375.750854593551423, 773.001204159610666 ], [ 352.107360011971309, 784.91752542994459 ], [ 349.459288615358787, 778.108198990028541 ], [ 339.81274282804452, 778.48649490506682 ], [ 339.245298960295599, 771.298872551074169 ], [ 341.70422239614328, 768.272505243269507 ] ] ] } },
{ "type": "Feature", "properties": { "feature_type": "building", "subtype": "no-damage", "uid": "61015024-2b76-41d9-a5da-9eb8e04ac42c" }, "geometry": { "type": "Polygon", "coordinates": [ [ [ 266.891102169893486, 776.780357160358676 ], [ 271.477817110315186, 765.192866774430854 ], [ 285.720774041852792, 770.986611967394765 ], [ 280.89265304791769, 781.36707210438783 ], [ 266.891102169893486, 776.780357160358676 ] ] ] } },
{ "type": "Feature", "properties": { "feature_type": "building", "subtype": "no-damage", "uid": "29f32426-6d7a-48ec-8879-fb2839fe917f" }, "geometry": { "type": "Polygon", "coordinates": [ [ [ 268.580944517199782, 780.160041854491283 ], [ 280.651247002217872, 784.263944699908166 ], [ 277.754374403452573, 794.161592735403929 ], [ 270.995005015670017, 794.161592736365606 ], [ 270.753598960954378, 791.747532240419218 ], [ 269.546568717309128, 788.126441494576284 ], [ 265.92547796882252, 785.71238099863001 ], [ 268.580944517199782, 780.160041854491283 ] ] ] } },
{ "type": "Feature", "properties": { "feature_type": "building", "subtype": "no-damage", "uid": "b68bbca0-5a15-4648-9bec-7d19e90f2033" }, "geometry": { "type": "Polygon", "coordinates": [ [ [ 220.782546678744609, 785.953787048416984 ], [ 227.783322119199312, 787.160817296390178 ], [ 225.12785557406761, 793.43737458796636 ], [ 233.818473363030591, 796.334247184448373 ], [ 242.750497200338003, 781.849884203961778 ], [ 265.442665871171982, 788.850659642975529 ], [ 264.718447720729387, 794.402998787114257 ], [ 274.133283658812672, 796.334247184448373 ], [ 273.409065509331811, 798.98971373018162 ], [ 291.755925283640579, 800.438150027941788 ], [ 283.548119598699202, 821.199070300004564 ], [ 280.409840949185309, 820.95766425021759 ], [ 268.58094451395408, 842.442802670679612 ], [ 264.235635623920416, 841.235772422706418 ], [ 264.718447723013412, 838.338899828147873 ], [ 256.269235985159526, 836.166245380065106 ], [ 255.062205736946197, 842.201396621854315 ], [ 225.852073723789005, 833.752184883157042 ], [ 228.024728170669107, 826.992815492006912 ], [ 220.782546680547796, 825.061567095634473 ], [ 218.127080131569386, 830.613906236888056 ], [ 207.505213946955706, 826.027191293820692 ], [ 209.436462344770206, 819.750634003206073 ], [ 210.160680496054312, 817.336573505336446 ], [ 205.815371602774803, 815.888137206614601 ], [ 210.160680494852187, 803.09361657656018 ], [ 214.264583337743602, 803.093616574636826 ], [ 220.782546678744609, 785.953787048416984 ] ] ] } },
{ "type": "Feature", "properties": { "feature_type": "building", "subtype": "no-damage", "uid": "544b6f80-731c-47db-b27a-3dd8c30b9033" }, "geometry": { "type": "Polygon", "coordinates": [ [ [ -0.00000000216377, 1022.976053666791017 ], [ 0.000000001322304, 1013.525759009924968 ], [ 16.419966469555821, 1017.500192391844962 ], [ 24.14496005925097, 1014.844725844188019 ], [ 35.97385649087591, 1019.431440787255042 ], [ 31.47813195694366, 1022.976468065218 ], [ -0.00000000216377, 1022.976053666791017 ] ] ] } },
{ "type": "Feature", "properties": { "feature_type": "building", "subtype": "no-damage", "uid": "e9d7f913-006b-437b-95dc-2adb5106894a" }, "geometry": { "type": "Polygon", "coordinates": [ [ [ 0.245761140323924, 1004.464265707194954 ], [ 0.000000003486073, 1001.567393114559991 ], [ 4.591070037209623, 986.358811983750456 ], [ 25.351990306262191, 993.842399523299946 ], [ 26.076208456945231, 993.359587424687675 ], [ 36.698074639274971, 998.429114466367309 ], [ 31.387141547809581, 1009.292386702933982 ], [ 27.041832654289749, 1008.085356453038003 ], [ 25.3519903077047, 1009.050980653147008 ], [ 20.52386931292811, 1014.603319794401045 ], [ 18.351214867370281, 1012.913477446854017 ], [ 0.245761140323924, 1004.464265707194954 ] ] ] } },
{ "type": "Feature", "properties": { "feature_type": "building", "subtype": "no-damage", "uid": "bbadb006-6288-43c1-8e52-e8e771749b71" }, "geometry": { "type": "Polygon", "coordinates": [ [ [ 41.020706054438257, 932.226012633721211 ], [ 45.560257017706981, 934.874084025525917 ], [ 62.205277198968631, 939.224487029713828 ], [ 55.774246672770168, 945.466369598514916 ], [ 60.502945590913377, 948.114440992242976 ], [ 54.639358932704297, 962.111389786151676 ], [ 19.268691036509111, 950.573364428932791 ], [ 27.78034908724354, 927.119017803303336 ], [ 41.020706054438257, 932.226012633721211 ] ] ] } },
{ "type": "Feature", "properties": { "feature_type": "building", "subtype": "no-damage", "uid": "b1b26c4f-d8e1-40a7-931c-26bc808f7657" }, "geometry": { "type": "Polygon", "coordinates": [ [ [ 40.074966269847948, 906.880186438670307 ], [ 42.533889710984873, 908.582518049130158 ], [ 69.014603640205308, 917.661619968697551 ], [ 64.285904725067326, 931.847716719644609 ], [ 62.205277200050517, 931.847716718682932 ], [ 59.557205807525158, 936.008971764870807 ], [ 44.803665186668859, 930.145385108223081 ], [ 41.020706054438257, 932.226012633721211 ], [ 34.02223165736541, 924.281798450613564 ], [ 40.074966269847948, 906.880186438670307 ] ] ] } },
{ "type": "Feature", "properties": { "feature_type": "building", "subtype": "no-damage", "uid": "f14d565d-4451-4e48-a893-e1ba53828aaf" }, "geometry": { "type": "Polygon", "coordinates": [ [ [ 48.019180450669658, 890.802610123110185 ], [ 45.371109056822007, 888.154538729382125 ], [ 47.451736580155888, 882.858395942887569 ], [ 53.504471197807433, 883.425839812079175 ], [ 67.123124072467192, 888.721982598573732 ], [ 78.850297387082222, 892.883237645723284 ], [ 75.067338256895184, 900.827451824984223 ], [ 76.013078040163194, 902.908079347597322 ], [ 71.662675033932757, 918.229063838850834 ], [ 50.478103887959882, 910.284849659590009 ], [ 37.426894877442813, 903.853819132788885 ], [ 41.399001966230827, 891.937497862455075 ], [ 46.884292709281489, 892.504941733570035 ], [ 48.019180450669658, 890.802610123110185 ] ] ] } },
{ "type": "Feature", "properties": { "feature_type": "building", "subtype": "no-damage", "uid": "c585622b-65c3-43fd-9605-75b280230869" }, "geometry": { "type": "Polygon", "coordinates": [ [ [ 47.067675366094278, 880.248328870061641 ], [ 50.086806743362018, 872.003777808736686 ], [ 52.757576803078223, 872.119898246518119 ], [ 57.982996490859882, 855.863037000392865 ], [ 64.021259238062598, 858.301566188033007 ], [ 64.71798186306809, 860.159493186765872 ], [ 73.891496422194507, 862.249661061061602 ], [ 88.290430670785526, 865.384912873466874 ], [ 85.271299295561349, 876.30023399607137 ], [ 77.258989113287313, 875.255150058923505 ], [ 74.239857737942913, 884.19642374501359 ], [ 63.905138799079097, 881.409533245952616 ], [ 62.163332239209957, 885.473748556762644 ], [ 47.067675366094278, 880.248328870061641 ] ] ] } },
{ "type": "Feature", "properties": { "feature_type": "building", "subtype": "no-damage", "uid": "89977280-0cb5-4a36-9d9a-422fe58fc090" }, "geometry": { "type": "Polygon", "coordinates": [ [ [ 79.141190896776848, 833.014853457032586 ], [ 95.147047221437589, 836.719912790565218 ], [ 93.813225861159381, 842.944412473708212 ], [ 85.513892952668172, 841.462388739718108 ], [ 84.47647634125552, 843.685424340222426 ], [ 95.443451972707322, 846.797674180351351 ], [ 95.147047223721557, 853.911388102157389 ], [ 92.775809247943585, 853.911388102157389 ], [ 89.959964155478801, 863.099935252318801 ], [ 75.139726816182659, 858.653864052271956 ], [ 73.446889303584356, 861.656851567657895 ], [ 64.76227110349474, 858.301566188033007 ], [ 65.506572547773871, 856.579030824878146 ], [ 50.241728089627159, 852.132959622907947 ], [ 57.207239637719951, 835.089686683464606 ], [ 58.541061000883182, 835.386091429685621 ], [ 61.80151321496335, 826.790353773889592 ], [ 78.844786152960097, 826.790353772927915 ], [ 78.1037742841621, 831.829234469263497 ], [ 79.141190896776848, 833.014853457032586 ] ] ] } },
{ "type": "Feature", "properties": { "feature_type": "building", "subtype": "no-damage", "uid": "8234500b-91df-41c3-b889-c42c6e4ceef3" }, "geometry": { "type": "Polygon", "coordinates": [ [ [ 41.485035419803779, 828.623488185772089 ], [ 30.325305975221681, 844.511916545255531 ], [ 24.461719318935941, 842.431289022642432 ], [ 21.435352012574469, 842.62043697968079 ], [ 7.060107306876596, 834.297926886343248 ], [ 11.410510309380539, 821.625013789779473 ], [ 16.51750514063863, 822.570753574009359 ], [ 21.0570560995798, 814.815687348901747 ], [ 30.892749846576919, 818.787794439013055 ], [ 34.297413064730968, 814.62653939282518 ], [ 36.756336503103071, 810.843580258790439 ], [ 50.942433253205181, 816.139723045284995 ], [ 51.131581210483873, 818.220350569821449 ], [ 46.402882293182117, 824.083937225507498 ], [ 41.485035419803779, 828.623488185772089 ] ] ] } },
{ "type": "Feature", "properties": { "feature_type": "building", "subtype": "no-damage", "uid": "92947444-85dd-4938-90d6-7bb256c92b7a" }, "geometry": { "type": "Polygon", "coordinates": [ [ [ 0.000000003005236, 845.642812918208506 ], [ 3.98880304803156, 842.678765450228298 ], [ 7.990267132472452, 836.898872888340179 ], [ 16.734207159092971, 841.789551209642013 ], [ 29.776016016856151, 847.421241398419625 ], [ 26.367361428463418, 852.311919720683022 ], [ 28.442194659102348, 854.534955321187226 ], [ 17.6234213979962, 865.205526204377065 ], [ 22.66230209360933, 866.687549936443816 ], [ 20.587468867658579, 870.0962045256789 ], [ 15.10398105030985, 868.021371298285089 ], [ 11.102516973562359, 871.281823512486199 ], [ -0.000000000721257, 865.501930952521434 ], [ 0.000000003005236, 845.642812918208506 ] ] ] } },
{ "type": "Feature", "properties": { "feature_type": "building", "subtype": "no-damage", "uid": "d78b00e1-bee6-4644-9399-472cb1b0e969" }, "geometry": { "type": "Polygon", "coordinates": [ [ [ 0.0, 867.724966552064075 ], [ 12.13993358521544, 872.467442499293611 ], [ 11.102516972240061, 876.91351370126381 ], [ 0.000000000120209, 874.542275727649098 ], [ 0.0, 867.724966552064075 ] ] ] } },
{ "type": "Feature", "properties": { "feature_type": "building", "subtype": "no-damage", "uid": "dadbd7b3-7510-49aa-89c2-74d32dae6c13" }, "geometry": { "type": "Polygon", "coordinates": [ [ [ 0.000000002885026, 876.17250183474971 ], [ 9.620493236447196, 882.693406264113605 ], [ 5.915433900751641, 885.657453729208783 ], [ 8.583076623231397, 888.325096451929539 ], [ 4.729814913583906, 892.178358160496146 ], [ 3.395993553906751, 891.14094154679924 ], [ 2.062172196513574, 897.513643602091065 ], [ 1.765767449571379, 899.143869710153353 ], [ -0.000000001202094, 899.14386970823 ], [ 0.000000002885026, 876.17250183474971 ] ] ] } },
{ "type": "Feature", "properties": { "feature_type": "building", "subtype": "no-damage", "uid": "0cec250f-e050-46e5-a94b-b20c0d075544" }, "geometry": { "type": "Polygon", "coordinates": [ [ [ 113.476807907468299, 922.85326351922356 ], [ 137.134600772521395, 932.509505505894026 ], [ 135.927570525991001, 936.372002299600581 ], [ 146.066624610550008, 939.751686995656428 ], [ 149.687715356632509, 938.061844648109286 ], [ 156.688490800332801, 941.200123292454919 ], [ 150.411933506594295, 957.132922573586711 ], [ 148.722091157124197, 956.89151652283806 ], [ 146.308030662620894, 963.892291962813488 ], [ 149.687715355430413, 965.582134311322307 ], [ 145.825218560642895, 978.135248894474785 ], [ 136.168976573734312, 977.652436794900837 ], [ 135.92757052466871, 974.996970249167475 ], [ 120.9603954429288, 972.341503702472437 ], [ 118.800230261245403, 970.148964839471773 ], [ 103.337753817139202, 963.892291961851811 ], [ 107.441656666401798, 953.029019727208151 ], [ 110.338529258435301, 938.303250696934583 ], [ 111.786965559080201, 925.508730064956922 ], [ 113.476807907468299, 922.85326351922356 ] ] ] } },
{ "type": "Feature", "properties": { "feature_type": "building", "subtype": "no-damage", "uid": "50831329-f611-40d0-add2-c6b6a68b65ec" }, "geometry": { "type": "Polygon", "coordinates": [ [ [ 75.789423198310047, 1022.97700681692902 ], [ 78.220204623641308, 1018.801835261338965 ], [ 85.786122891468352, 1022.017350524258973 ], [ 88.434194283272447, 1019.936722999721951 ], [ 78.787648494395498, 1015.208024083381019 ], [ 77.463612797171137, 1008.966141513618027 ], [ 82.19231171230912, 1001.967667116663961 ], [ 85.786122893992754, 1001.967667116663961 ], [ 94.486928895995419, 983.43116736441425 ], [ 98.459035987187633, 985.322646929989105 ], [ 98.080740072750459, 987.781570367640484 ], [ 112.834280693125905, 995.347488633786497 ], [ 116.995535740274505, 998.941299809821089 ], [ 118.130423479859601, 998.752151853744522 ], [ 141.395622151690702, 1006.696366034929042 ], [ 136.856071189143307, 1013.505692473882959 ], [ 140.07158645578869, 1016.153763868573037 ], [ 133.656012907973007, 1022.977631879006026 ], [ 75.789423198310047, 1022.97700681692902 ] ] ] } },
{ "type": "Feature", "properties": { "feature_type": "building", "subtype": "no-damage", "uid": "6d6ebcee-0e96-441b-b2ec-c31bd5ce0d3a" }, "geometry": { "type": "Polygon", "coordinates": [ [ [ 102.431143076456493, 979.459060273341379 ], [ 95.621816636301702, 976.243545010421599 ], [ 97.135000289722868, 972.271437920310404 ], [ 100.350515554685302, 973.784621573731897 ], [ 102.998586946128796, 966.5969992216626 ], [ 105.835806297134994, 966.407851264624242 ], [ 119.556822086753897, 972.040444406969868 ], [ 127.776969268856703, 974.919509315000141 ], [ 132.505668186639298, 975.865249097306673 ], [ 133.640555927186, 977.945876621843126 ], [ 140.639030324379092, 979.648208229417946 ], [ 136.856071189624089, 990.42964176040698 ], [ 134.207999799022105, 990.42964176040698 ], [ 131.37078045066059, 997.049820243284671 ], [ 129.479300880037414, 1001.400223247473036 ], [ 115.104056174339505, 996.104080460016348 ], [ 116.806387782515003, 993.266861109250044 ], [ 113.212576610327901, 990.618789717445225 ], [ 113.969168437278896, 987.403274454525558 ], [ 111.510244996622802, 986.268386714218991 ], [ 110.942801127551604, 991.186233587598508 ], [ 100.917959423997004, 986.268386714218991 ], [ 103.376882859604294, 980.404800058532942 ], [ 102.431143076456493, 979.459060273341379 ] ] ] } },
{ "type": "Feature", "properties": { "feature_type": "building", "subtype": "no-damage", "uid": "fcc3853a-a8b0-4025-bfc4-60ba5d947b00" }, "geometry": { "type": "Polygon", "coordinates": [ [ [ 148.464079101166192, 933.777223147792597 ], [ 133.368422229733511, 929.132405650960436 ], [ 135.690830977427794, 921.700697651220594 ], [ 126.285075542979001, 918.565445841700239 ], [ 124.775509855186598, 920.075011527088918 ], [ 119.085608418202597, 917.752602778191886 ], [ 120.711294543415804, 913.223905716256127 ], [ 109.912093858835803, 905.908318154297717 ], [ 114.673031796693905, 899.52169409362898 ], [ 117.808283609579306, 900.915139343159467 ], [ 121.756378482486795, 896.61868315486322 ], [ 125.820593792334193, 888.14189122182222 ], [ 132.117414053208506, 890.825819599932288 ], [ 131.394374791055895, 892.438347407233437 ], [ 136.968155791460504, 895.225237907256087 ], [ 144.283743353056593, 900.334537156175656 ], [ 160.076122850336304, 905.327715967313907 ], [ 163.791976849003305, 904.398752466985798 ], [ 161.005086348740889, 912.527183091490883 ], [ 155.315184911396301, 915.31407358959018 ], [ 151.715451352313892, 921.816818089963704 ], [ 149.044681288871203, 921.120095463275106 ], [ 147.767356478805397, 930.641971338272356 ], [ 148.231838228248108, 931.338693963037599 ], [ 148.464079101166192, 933.777223147792597 ] ] ] } },
{ "type": "Feature", "properties": { "feature_type": "building", "subtype": "no-damage", "uid": "f83b83a0-be87-428d-991c-223992972954" }, "geometry": { "type": "Polygon", "coordinates": [ [ [ 126.547945469476304, 885.819353880576955 ], [ 128.962005965422094, 879.059984490388501 ], [ 136.445593506291999, 883.405293385592358 ], [ 135.721375355488703, 885.819353880576955 ], [ 140.790902400292708, 886.302165980150903 ], [ 143.446368946025387, 883.88810548420463 ], [ 149.722926237479896, 886.060759931325606 ], [ 149.481520186370687, 887.992008328659722 ], [ 153.102610933414809, 890.164662774819135 ], [ 154.792453279999791, 888.716226478020644 ], [ 168.311192062537287, 893.544347470875095 ], [ 167.104161816007007, 903.200589458507238 ], [ 160.076122850336304, 905.327715967313907 ], [ 158.896356125535902, 899.579498713625981 ], [ 154.068235131720996, 900.303716862986903 ], [ 150.929956486775097, 901.269341062134799 ], [ 148.998708089080793, 899.820904762451278 ], [ 149.24011413814651, 898.855280563303381 ], [ 136.968155791460504, 895.225237907256087 ], [ 137.894029806576214, 891.61309907354098 ], [ 132.117414053208506, 890.825819599932288 ], [ 126.547945469476304, 885.819353880576955 ] ] ] } },
{ "type": "Feature", "properties": { "feature_type": "building", "subtype": "no-damage", "uid": "9c806477-f08e-4344-90ec-3003009a8e35" }, "geometry": { "type": "Polygon", "coordinates": [ [ [ 129.444818063673608, 875.921705845081192 ], [ 137.411217704838606, 854.43656742461917 ], [ 144.170587095866892, 846.228761735708872 ], [ 177.243215899243694, 857.333440021101183 ], [ 183.519773194905611, 853.229537175684413 ], [ 194.624451477650609, 857.574846068964803 ], [ 190.761954680939795, 861.437342865556388 ], [ 177.967434050888386, 894.268565620236018 ], [ 164.207289219525705, 887.026384131435179 ], [ 169.75962836041731, 876.645923994442114 ], [ 159.137762175803601, 873.749051398921893 ], [ 152.861204882185291, 885.577947831751658 ], [ 129.444818063673608, 875.921705845081192 ] ] ] } },
{ "type": "Feature", "properties": { "feature_type": "building", "subtype": "no-damage", "uid": "2c065cee-222e-43b9-af4c-b87611843941" }, "geometry": { "type": "Polygon", "coordinates": [ [ [ 180.140088497047287, 896.924032166930942 ], [ 183.761179240485092, 885.095135732177823 ], [ 189.313518382939492, 870.369366702865932 ], [ 194.624451477650609, 857.574846068964803 ], [ 206.453347911439295, 863.12718521310353 ], [ 206.211941860570505, 868.67952435531879 ], [ 217.558026195506613, 867.713900156170894 ], [ 214.178341501134412, 875.438893745507244 ], [ 206.211941861772601, 906.097462054027574 ], [ 183.278367141031509, 897.406844265543214 ], [ 180.140088497047287, 896.924032166930942 ] ] ] } },
{ "type": "Feature", "properties": { "feature_type": "building", "subtype": "no-damage", "uid": "a6f87baf-e46a-4a90-b893-2dab52222327" }, "geometry": { "type": "Polygon", "coordinates": [ [ [ 205.836335679594697, 908.042890037645179 ], [ 216.951513682714506, 872.177915679509056 ], [ 224.806239470912601, 873.511737041350329 ], [ 228.659501180680309, 878.40241536265205 ], [ 226.881072699387687, 881.811069949002103 ], [ 226.288263205022503, 883.144891309881586 ], [ 228.5112988057667, 883.293093683953771 ], [ 229.25231067240091, 879.143427228204587 ], [ 230.586132032799298, 879.143427230127941 ], [ 230.734334405909806, 879.143427228204587 ], [ 241.404905293665109, 881.218260455598397 ], [ 245.55457174448469, 877.957808240435497 ], [ 265.265487403518705, 882.55208181647788 ], [ 259.930201962766489, 895.593890674244221 ], [ 263.48705892390899, 896.927712035123818 ], [ 261.264023326170218, 915.156603960412895 ], [ 236.95883409025339, 906.709068678688936 ], [ 233.253774753956804, 919.454472787349232 ], [ 225.843656087975091, 917.67604430809979 ], [ 225.547251338628712, 918.565258548686188 ], [ 212.060835361774508, 914.415592093898681 ], [ 211.023418747236406, 912.78536598679807 ], [ 204.947121437806487, 911.155139878735781 ], [ 205.836335679594697, 908.042890037645179 ] ] ] } },
{ "type": "Feature", "properties": { "feature_type": "building", "subtype": "no-damage", "uid": "6dfca57d-0964-43df-b11a-1e2691cf5abf" }, "geometry": { "type": "Polygon", "coordinates": [ [ [ 266.333884618085392, 889.865328046986406 ], [ 271.251731489780923, 884.947481173606889 ], [ 269.360251921922497, 880.407930215265651 ], [ 272.38661922936592, 878.138154734652517 ], [ 338.020960191339725, 900.268465662937047 ], [ 335.751184711207884, 905.753756406469847 ], [ 338.210108152465125, 907.456088015968021 ], [ 336.50777653972159, 912.752230803424254 ], [ 333.670557190157979, 912.941378758539145 ], [ 329.131006228091394, 924.290256160643139 ], [ 324.780603224866184, 925.235995942949671 ], [ 323.834863442679989, 927.69491937867781 ], [ 305.109215732074119, 922.777072507221646 ], [ 299.056481118750128, 930.532138730405904 ], [ 289.599083288113377, 926.938327552447845 ], [ 292.625450592311211, 916.346041979458846 ], [ 279.385093627640913, 912.941378759500822 ], [ 262.550925484412289, 909.347567582504553 ], [ 264.631553007986611, 900.83590953309033 ], [ 265.38814483301428, 893.26999126694443 ], [ 265.766440745167472, 891.000215786331296 ], [ 266.333884618085392, 889.865328046986406 ] ] ] } },
{ "type": "Feature", "properties": { "feature_type": "building", "subtype": "no-damage", "uid": "d9516c53-a14f-4dda-bccf-2bb26c46f4e2" }, "geometry": { "type": "Polygon", "coordinates": [ [ [ 281.326423643870328, 924.749986004394145 ], [ 309.088119357825178, 934.406227992026288 ], [ 307.881089108890592, 952.028869618781755 ], [ 303.052968119042589, 955.649960362701336 ], [ 299.431877369954918, 961.926517654277518 ], [ 294.603756376740989, 963.616360002786337 ], [ 291.465477731915428, 963.133547904174065 ], [ 290.2584474844233, 965.54760840108213 ], [ 270.945963508201999, 961.685111605452221 ], [ 272.152993756415299, 959.995269256943402 ], [ 265.393624367670895, 959.753863208118105 ], [ 270.945963509404123, 947.683560724539575 ], [ 267.083466714015572, 946.717936525391792 ], [ 270.221745360163482, 931.026543295008651 ], [ 273.601430055617584, 931.026543295008651 ], [ 279.636581296203303, 924.991392055142796 ], [ 281.326423643870328, 924.749986004394145 ] ] ] } },
{ "type": "Feature", "properties": { "feature_type": "building", "subtype": "no-damage", "uid": "fcc554ec-79e1-4e46-97f9-e060ba5af08b" }, "geometry": { "type": "Polygon", "coordinates": [ [ [ 197.951593705369788, 918.066504640758922 ], [ 233.383334087701996, 927.309567351254941 ], [ 228.145598556892509, 945.795692766476691 ], [ 226.296986012533807, 955.346857565655682 ], [ 220.134944207501405, 956.579265925195841 ], [ 188.092326816548592, 949.801019939550429 ], [ 191.173347720687588, 939.017446780831278 ], [ 190.249041449590209, 937.785038418405975 ], [ 192.405756085516799, 927.617669439937799 ], [ 192.097653992145695, 923.304240175296172 ], [ 197.951593705369788, 918.066504640758922 ] ] ] } },
{ "type": "Feature", "properties": { "feature_type": "building", "subtype": "no-damage", "uid": "2111b045-4add-46b7-91f0-db31e838681e" }, "geometry": { "type": "Polygon", "coordinates": [ [ [ 182.548681892799209, 962.272436610248747 ], [ 181.955872400958413, 968.200531546209049 ], [ 168.024849302849503, 966.273900692887423 ], [ 168.617658792406303, 959.604793890412907 ], [ 182.548681892799209, 962.272436610248747 ] ] ] } },
{ "type": "Feature", "properties": { "feature_type": "building", "subtype": "no-damage", "uid": "f2a5ed48-4745-4a05-b48c-1190dae38e3b" }, "geometry": { "type": "Polygon", "coordinates": [ [ [ 186.401943597878812, 949.971639620919973 ], [ 225.082763050875286, 957.678163034206364 ], [ 220.933096598372714, 979.463911922802595 ], [ 213.819382673803602, 979.315709550653764 ], [ 214.11578742278931, 978.278292935995182 ], [ 210.410728085891691, 977.240876323259954 ], [ 209.225109100647302, 979.463911922802595 ], [ 203.148811789414196, 978.42649530910569 ], [ 196.776109735085612, 977.092673947264416 ], [ 181.807670025924608, 974.721435974611381 ], [ 183.141491386924088, 969.386150533016462 ], [ 184.475312745759709, 968.94154341368494 ], [ 183.141491384519895, 966.866710185329453 ], [ 186.99475309573009, 951.60186572609723 ], [ 186.401943597878812, 949.971639620919973 ] ] ] } },
{ "type": "Feature", "properties": { "feature_type": "building", "subtype": "no-damage", "uid": "5d38fab8-2640-4e91-a097-b3b1986b0357" }, "geometry": { "type": "Polygon", "coordinates": [ [ [ 179.5846344236177, 974.425031228390367 ], [ 199.147347709901908, 978.42649530910569 ], [ 210.558930461165886, 980.5013285364995 ], [ 220.933096598372714, 979.463911922802595 ], [ 218.56185862319569, 992.950327899900458 ], [ 215.301406408875209, 993.39493502115522 ], [ 213.67118030141441, 997.099994355649642 ], [ 217.524442011302312, 998.582018089639746 ], [ 215.301406408033699, 1006.140339131738983 ], [ 213.819382674043993, 1006.288541505811054 ], [ 213.671180300092004, 1004.658315397748993 ], [ 208.632299605440608, 1003.917303530272989 ], [ 207.743085364493794, 1007.474160491657017 ], [ 198.258133469435904, 1005.695732010483994 ], [ 199.5919548325991, 1001.694267930730007 ], [ 192.478240905866187, 1001.397863183547997 ], [ 192.181836159525091, 1003.472696409980017 ], [ 173.656539486697199, 1000.656851316071993 ], [ 174.24934897998051, 994.135946888631111 ], [ 175.87957509164869, 994.580554007962633 ], [ 176.324182210619398, 993.39493502115522 ], [ 173.508337114909011, 991.912911286203553 ], [ 175.879575092009304, 982.427959391744366 ], [ 180.325646291093392, 982.872566511075888 ], [ 179.5846344236177, 974.425031228390367 ] ] ] } },
{ "type": "Feature", "properties": { "feature_type": "building", "subtype": "no-damage", "uid": "d1c3e1a3-bc12-4f9f-81d9-5bab2935125e" }, "geometry": { "type": "Polygon", "coordinates": [ [ [ 176.502546352504908, 1022.978037402132031 ], [ 179.436432050386998, 1016.662707641817974 ], [ 180.622051036352701, 1016.959112388038989 ], [ 181.955872395669189, 1013.995064920059008 ], [ 180.177443915819197, 1013.254053053545022 ], [ 183.437896131462111, 1003.769101158124045 ], [ 189.514193440531386, 1006.436743877959998 ], [ 194.701276507451894, 1005.547529637373032 ], [ 202.111395180165289, 1008.066969984099046 ], [ 215.597811157139688, 1008.215172358171003 ], [ 213.522977927702811, 1016.662707641817974 ], [ 219.302870489469399, 1016.662707641817974 ], [ 219.430437956186893, 1022.978394808790995 ], [ 176.502546352504908, 1022.978037402132031 ] ] ] } },
{ "type": "Feature", "properties": { "feature_type": "building", "subtype": "no-damage", "uid": "aa01a04e-0757-4587-ba22-223221516519" }, "geometry": { "type": "Polygon", "coordinates": [ [ [ 238.511355719735008, 1022.978537962828 ], [ 240.852242696188398, 1021.225733418609025 ], [ 248.262361362290306, 1022.85595952763299 ], [ 248.855170856174709, 1020.33651917706095 ], [ 239.222016588367012, 1018.261685950628021 ], [ 241.445052191875902, 1006.998305573073026 ], [ 243.964492537879408, 1005.07167471878995 ], [ 283.386323856548415, 1010.406960161347001 ], [ 281.015085879929018, 1015.149436107614974 ], [ 280.125871640304524, 1015.149436108575969 ], [ 278.347443160574585, 1021.522138163868021 ], [ 276.420812308575819, 1021.966745283199998 ], [ 276.420812306412017, 1022.978793691548049 ], [ 238.511355719735008, 1022.978537962828 ] ] ] } },
{ "type": "Feature", "properties": { "feature_type": "building", "subtype": "no-damage", "uid": "2c3b127e-e6f1-40eb-bb4b-d1abe83feebe" }, "geometry": { "type": "Polygon", "coordinates": [ [ [ 292.514218261345491, 1011.601260384240959 ], [ 302.681587241494185, 997.736666321382359 ], [ 313.771122860682624, 997.309610097208065 ], [ 325.120000261100927, 997.877053968323025 ], [ 326.444035956161372, 1004.308084495124035 ], [ 329.848699178162178, 1006.388712016776026 ], [ 326.822331873844291, 1016.980997591688038 ], [ 331.929326701015327, 1016.980997591688038 ], [ 336.455171392509214, 1022.979120602518037 ], [ 308.474980077795692, 1022.978980147904053 ], [ 308.474980075511723, 1022.087992421144008 ], [ 292.775699672108601, 1012.819742543577036 ], [ 292.514218261345491, 1011.601260384240959 ] ] ] } },
{ "type": "Feature", "properties": { "feature_type": "building", "subtype": "no-damage", "uid": "17e66116-ef50-4d26-ad05-d80e13046cc2" }, "geometry": { "type": "Polygon", "coordinates": [ [ [ 368.928315827072993, 950.256245887201544 ], [ 369.893940028384407, 947.842185389331803 ], [ 386.309551402113982, 946.152343042746338 ], [ 385.826739303261377, 939.392973650634531 ], [ 374.722061020516378, 938.185943403623014 ], [ 374.963467066216197, 931.426574012472884 ], [ 385.102521153299676, 931.667980062259858 ], [ 384.86111510555628, 925.874234868334156 ], [ 384.136896956676424, 916.459398931450664 ], [ 401.276726485416589, 917.907835230172509 ], [ 410.450156371669379, 919.114865478145703 ], [ 410.450156369265187, 956.7742092285647 ], [ 405.380629330471777, 959.429675772374708 ], [ 404.415005131684779, 967.637481464170037 ], [ 385.102521153900682, 967.396075413421386 ], [ 383.895490904605481, 969.810135911291127 ], [ 369.893940028264183, 967.878887512995334 ], [ 368.928315827072993, 950.256245887201544 ] ] ] } },
{ "type": "Feature", "properties": { "feature_type": "building", "subtype": "no-damage", "uid": "cf6ca265-fb6a-4d66-8870-d7c6f9e4522f" }, "geometry": { "type": "Polygon", "coordinates": [ [ [ 335.372874919674587, 969.568729861504153 ], [ 344.063492709238687, 966.189045164486515 ], [ 335.131468870849403, 960.636706022271255 ], [ 343.822086659211379, 950.014839836452893 ], [ 351.547080247704514, 954.118742681869662 ], [ 354.44395284586858, 952.18749428453566 ], [ 365.065819034449305, 960.395299972484281 ], [ 364.824412980214618, 963.533578618753268 ], [ 366.755661377668389, 965.223420967261973 ], [ 371.583782371363213, 971.982790358412217 ], [ 366.755661382116216, 978.742159746677316 ], [ 369.169721874335494, 985.018717038253612 ], [ 357.582231489732692, 998.53745582151555 ], [ 348.167395553091922, 998.537455822477227 ], [ 344.787710859200502, 999.985892119275718 ], [ 335.131468875056726, 993.709334827699536 ], [ 336.097093073002327, 992.743710630474993 ], [ 332.958814426012907, 988.63980778505811 ], [ 341.649432212812087, 978.983565797425968 ], [ 334.407250724253515, 972.465602455101134 ], [ 335.372874919674587, 969.568729861504153 ] ] ] } }
]
}
