{
"type": "FeatureCollection",
"name": "mexico-earthquake_00000026_post_disaster",
"features": [
{ "type": "Feature", "properties": { "feature_type": "building", "subtype": "no-damage", "uid": "20d24d23-413a-48b5-a226-ab80ee496b19" }, "geometry": { "type": "Polygon", "coordinates": [ [ [ 113.464316568178404, 1022.977426229532057 ], [ 105.204715360919195, 1004.107889322807978 ], [ 109.268077206216205, 994.046231415357056 ], [ 161.124314107206914, 973.535928761411242 ], [ 182.16715334031511, 1022.97809068183301 ], [ 113.464316568178404, 1022.977426229532057 ] ] ] } },
{ "type": "Feature", "properties": { "feature_type": "building", "subtype": "no-damage", "uid": "596db285-339b-4e21-be73-bd1171edfcd9" }, "geometry": { "type": "Polygon", "coordinates": [ [ [ 182.453001866770393, 1022.978093185074044 ], [ 177.525923721896106, 989.20460290018093 ], [ 219.376391413595798, 978.129143044317402 ], [ 300.376675635750814, 991.958459863033454 ], [ 293.647832444954702, 1022.978901761743032 ], [ 182.453001866770393, 1022.978093185074044 ] ] ] } },
{ "type": "Feature", "properties": { "feature_type": "building", "subtype": "no-damage", "uid": "4484f71e-5d75-4e29-9b4c-80e48d3bd613" }, "geometry": { "type": "Polygon", "coordinates": [ [ [ 300.534917816395023, 1022.978941029834004 ], [ 307.897042311895518, 995.121730364910491 ], [ 325.698437069212105, 978.481296135058074 ], [ 347.756687095074028, 983.705618508786188 ], [ 366.719042380579992, 992.21932904467667 ], [ 377.554673975852609, 998.411118527072745 ], [ 387.998398678529725, 1007.353466615180992 ], [ 386.16882563383291, 1022.979323927623 ], [ 300.534917816395023, 1022.978941029834004 ] ] ] } },
{ "type": "Feature", "properties": { "feature_type": "building", "subtype": "no-damage", "uid": "5198d050-914e-4aa1-b57b-a3ea6b453bb7" }, "geometry": { "type": "Polygon", "coordinates": [ [ [ 413.195949823889976, 1022.979404286180056 ], [ 425.979649461259385, 1014.51547502306596 ], [ 439.387840882957619, 1012.920188606276042 ], [ 452.625324986649389, 1012.181854688372027 ], [ 483.457854963442003, 1017.983732506615979 ], [ 491.444614704323214, 1022.979527406595025 ], [ 413.195949823889976, 1022.979404286180056 ] ] ] } },
{ "type": "Feature", "properties": { "feature_type": "building", "subtype": "no-damage", "uid": "99fe12a1-b54d-4483-aaef-b9110968a669" }, "geometry": { "type": "Polygon", "coordinates": [ [ [ 1003.78552606951996, 1022.976310106188976 ], [ 1002.781678358644967, 1021.61848935313003 ], [ 985.223243949228731, 1012.538268298250955 ], [ 992.425959961361059, 996.089258115866869 ], [ 1015.17991076204396, 952.772238203552206 ], [ 1022.975635193260018, 959.466873758273664 ], [ 1022.975644757721966, 1022.976053970680027 ], [ 1003.78552606951996, 1022.976310106188976 ] ] ] } },
{ "type": "Feature", "properties": { "feature_type": "building", "subtype": "no-damage", "uid": "d2a27db4-7026-4ccc-86f3-b8eae672f67d" }, "geometry": { "type": "Polygon", "coordinates": [ [ [ 956.079300270225417, 904.420549674451081 ], [ 944.469694988932361, 927.252773382852979 ], [ 918.92856338294996, 985.494293186374762 ], [ 876.746997544594706, 969.047352379409972 ], [ 882.551800183017349, 947.376089195831923 ], [ 891.645990984563241, 918.158582583108 ], [ 901.320662047919882, 896.487319401453306 ], [ 938.471398932791089, 910.999325996852349 ], [ 953.950872633368249, 904.033562829637503 ], [ 956.079300270225417, 904.420549674451081 ] ] ] } },
{ "type": "Feature", "properties": { "feature_type": "building", "subtype": "no-damage", "uid": "c987d44a-64a3-4930-becc-65fa71581516" }, "geometry": { "type": "Polygon", "coordinates": [ [ [ 1022.975629827952048, 919.549126184868896 ], [ 1016.87446354808003, 907.995853171980457 ], [ 1014.60035616568905, 908.905496124215915 ], [ 1008.384462664557986, 899.505852289899622 ], [ 1005.352319491202024, 894.047994581295484 ], [ 1000.500890416741981, 881.616207574464056 ], [ 1022.975623867007016, 870.016345616419358 ], [ 1022.975629827952048, 919.549126184868896 ] ] ] } },
{ "type": "Feature", "properties": { "feature_type": "building", "subtype": "no-damage", "uid": "1c3ae536-7fca-4f99-86c6-6888a8105e09" }, "geometry": { "type": "Polygon", "coordinates": [ [ [ 1009.552234291400055, 867.791621290848752 ], [ 984.606717380045438, 878.126192584293335 ], [ 980.449131223565018, 870.28617298223719 ], [ 976.529121425182552, 871.711631090915148 ], [ 970.470924457652927, 859.001296281404507 ], [ 974.390934258319476, 856.863109117906788 ], [ 972.015170745860246, 850.329759448244431 ], [ 971.777594393171853, 844.865503362254344 ], [ 1006.344953544832038, 828.591523279606349 ], [ 1015.254066731038961, 848.191572285708389 ], [ 1004.563130907902973, 854.130981073950011 ], [ 1009.552234291400055, 867.791621290848752 ] ] ] } },
{ "type": "Feature", "properties": { "feature_type": "building", "subtype": "no-damage", "uid": "3c21e416-5193-4ea1-9610-48ca950adcab" }, "geometry": { "type": "Polygon", "coordinates": [ [ [ 892.020000003029168, 808.95999999873618 ], [ 891.113399037055501, 811.358632772027818 ], [ 897.81470140521958, 827.367299540249974 ], [ 908.983538684491236, 822.992838274923315 ], [ 914.288736392130204, 833.137865469347503 ], [ 912.415404989688454, 837.565271633868406 ], [ 920.066703080039701, 833.434552982753758 ], [ 929.466346914834617, 829.341159702021969 ], [ 930.982418497004687, 832.070088556804876 ], [ 965.397243501918751, 816.3029440616491 ], [ 967.21652940482636, 814.028836682503083 ], [ 984.802959804088118, 805.993657276059025 ], [ 996.021889544074611, 828.279909588997043 ], [ 981.77081663265551, 834.647410252721556 ], [ 979.193494933974648, 830.250802654257427 ], [ 973.432422907038585, 833.434552984677111 ], [ 974.493673017899482, 836.618303314135119 ], [ 972.977601431762423, 840.408482280019598 ], [ 966.458493614222107, 843.289018292706942 ], [ 958.42331420489495, 851.020983380456983 ], [ 944.627062772478439, 849.353304637737324 ], [ 943.262598344606545, 848.140447367769639 ], [ 937.956347797754916, 850.414554746915655 ], [ 937.80474063912925, 852.537054967195445 ], [ 934.469383150084582, 854.962769506169252 ], [ 927.192239531842461, 858.752948471092054 ], [ 928.708311118700749, 864.514020498390096 ], [ 917.186167064828624, 869.971878207955797 ], [ 916.124916953607112, 866.788127877536112 ], [ 913.395988098704606, 868.152592305408348 ], [ 910.970273560933492, 862.239913118282402 ], [ 906.725273121817395, 863.604377546154637 ], [ 902.025451207184688, 854.507948030532361 ], [ 900.054558142766382, 853.143483602660126 ], [ 895.809557702087545, 846.321161464260513 ], [ 890.806521470564007, 847.837233051960652 ], [ 887.245009522457394, 841.328624318525044 ], [ 883.539999999142879, 843.679999999602501 ], [ 875.443999305792545, 843.906479552910127 ], [ 843.366290317683479, 943.532441122459545 ], [ 838.259999999238175, 948.490000000276154 ], [ 838.385840665155456, 948.01961777438953 ], [ 817.888817524268006, 940.858007278931382 ], [ 804.553404881000802, 935.918965556930971 ], [ 794.428369350060962, 931.96773218125395 ], [ 803.071692360193765, 911.717661125860673 ], [ 804.553404875951969, 902.827386029144918 ], [ 791.711896407168638, 899.61700891032558 ], [ 774.370000001867652, 893.060000001724347 ], [ 781.159999999821252, 857.890000001155272 ], [ 785.186701189333576, 858.106911290152084 ], [ 795.441852516664653, 862.944246820028411 ], [ 796.796306469905403, 856.365470497627143 ], [ 818.661063070715954, 861.783286292319531 ], [ 830.077174925515237, 825.600016515265906 ], [ 837.2648170993956, 818.881467788333566 ], [ 832.040494725788903, 813.270158569791874 ], [ 838.425777626503077, 808.239329617028034 ], [ 877.70494214486564, 789.470467753683806 ], [ 880.440000003823229, 789.310000001461617 ], [ 892.020000003029168, 808.95999999873618 ] ] ] } },
{ "type": "Feature", "properties": { "feature_type": "building", "subtype": "no-damage", "uid": "597591e7-c046-417a-9192-d677ae4acc64" }, "geometry": { "type": "Polygon", "coordinates": [ [ [ 759.449835235016849, 875.762864686963439 ], [ 756.392614504066501, 884.323082730453052 ], [ 771.330000001034705, 892.340000000084387 ], [ 764.053262768180275, 913.446325729041632 ], [ 750.964802206805643, 910.976804869003104 ], [ 748.001377174928393, 905.296906889183447 ], [ 744.297095883549218, 907.766427750183652 ], [ 743.062335453770629, 909.988996524603067 ], [ 745.037952142329914, 914.928038244680124 ], [ 738.864149990311716, 924.312217514557574 ], [ 723.55312065668204, 920.114032052299649 ], [ 715.1021020896859, 917.285396432391053 ], [ 711.150868712206716, 914.815875573314202 ], [ 711.8917249697854, 911.358546368875523 ], [ 714.11429374600732, 911.358546368875523 ], [ 716.583814607728186, 907.407312992236939 ], [ 724.733233448185501, 910.123785938856258 ], [ 725.967993874477997, 905.678648390017656 ], [ 728.931418907797706, 905.431696304398429 ], [ 737.969999999467404, 871.200000000417731 ], [ 759.449835235016849, 875.762864686963439 ] ] ] } },
{ "type": "Feature", "properties": { "feature_type": "building", "subtype": "no-damage", "uid": "4083b3b1-696f-4509-97f3-a608b236c78c" }, "geometry": { "type": "Polygon", "coordinates": [ [ [ 781.532213231582546, 819.739322448367261 ], [ 783.251766977527836, 823.084602038883872 ], [ 780.150000000566365, 842.940000000241071 ], [ 770.816409738910352, 841.735229194173257 ], [ 765.895677385449062, 844.810686913885206 ], [ 752.74854253830199, 842.121500240913292 ], [ 755.203187529862589, 836.905379636926114 ], [ 747.890000001945054, 834.82000000017797 ], [ 754.367483769482192, 811.095999437270734 ], [ 781.532213231582546, 819.739322448367261 ] ] ] } },
{ "type": "Feature", "properties": { "feature_type": "building", "subtype": "no-damage", "uid": "c56645a0-2bb5-4e72-8cbd-71c0bf0ba4c8" }, "geometry": { "type": "Polygon", "coordinates": [ [ [ 938.669401219312817, 758.906540628444077 ], [ 940.596989300516384, 764.782378511226739 ], [ 936.390892320783905, 771.460345193494163 ], [ 945.346035495636556, 782.895076292085719 ], [ 953.073641904956958, 805.861752887978014 ], [ 947.957085440861192, 810.569284109564705 ], [ 915.256697243215399, 824.113823598219028 ], [ 910.427306087777879, 813.592236140696855 ], [ 906.02752437173956, 814.994332238333982 ], [ 901.579060607708698, 803.253304926460146 ], [ 892.743637756768862, 807.062487033704542 ], [ 891.958297457348635, 807.276115467768477 ], [ 882.093884532798825, 790.665587073975757 ], [ 885.279393881225474, 789.302257816389783 ], [ 903.360308837609523, 779.765185517056125 ], [ 900.045906084150829, 773.537924701343172 ], [ 881.857524481419773, 781.084168130489047 ], [ 877.213682371426898, 772.570457595560242 ], [ 881.27704421684416, 769.281069434359551 ], [ 874.698267895646609, 754.769062838960622 ], [ 879.653907730144851, 750.392830093515272 ], [ 900.938184072630747, 741.68562613569884 ], [ 938.669401219312817, 758.906540628444077 ] ] ] } },
{ "type": "Feature", "properties": { "feature_type": "building", "subtype": "no-damage", "uid": "5d9f52a6-2f57-42cd-b89d-9ce22beaff47" }, "geometry": { "type": "Polygon", "coordinates": [ [ [ 966.931835103293452, 755.757827311807773 ], [ 981.422382808505972, 787.9777570961013 ], [ 978.565425627035211, 788.492009388667611 ], [ 978.508286484365044, 789.806209693281744 ], [ 966.223370610255415, 795.46298490958759 ], [ 958.068824434568683, 774.214514647956548 ], [ 963.094801210872106, 771.422305326184642 ], [ 957.882677146851279, 759.601952540620459 ], [ 959.759999999110391, 758.600000001514559 ], [ 959.761817566079799, 758.611551014487418 ], [ 966.839999999968427, 755.500000000784667 ], [ 966.931835103293452, 755.757827311807773 ] ] ] } },
{ "type": "Feature", "properties": { "feature_type": "building", "subtype": "no-damage", "uid": "fa5a88f4-c0e5-4bf8-8ef6-68be2ec3bcfc" }, "geometry": { "type": "Polygon", "coordinates": [ [ [ 961.181426723438449, 739.007793758266757 ], [ 966.680000001006533, 755.030000000475525 ], [ 960.030000000086034, 757.950000000554951 ], [ 959.258335813699318, 756.547093188444933 ], [ 957.736155334062914, 754.666752593520073 ], [ 957.628606011881516, 751.350981746945763 ], [ 954.565729324279346, 753.538750812524427 ], [ 943.845660906913395, 758.570619659508679 ], [ 939.899368237609792, 758.201837306761604 ], [ 938.355915227979381, 755.851579310788452 ], [ 934.777910516268093, 755.360480625550736 ], [ 933.444928369472677, 752.063103734558467 ], [ 931.305141238258443, 753.290850448614378 ], [ 929.30566801584132, 753.290850449576055 ], [ 926.684899878467832, 749.224504571941452 ], [ 926.627760733032801, 745.624738523977385 ], [ 927.999100180436926, 744.596233938844762 ], [ 926.856317309483529, 742.882059629649348 ], [ 927.256291314305145, 738.425206429010927 ], [ 925.774041029788577, 737.304964081696994 ], [ 924.950000001894068, 726.260000000699847 ], [ 951.209999999352249, 715.099999999803231 ], [ 961.181426723438449, 739.007793758266757 ] ] ] } },
{ "type": "Feature", "properties": { "feature_type": "building", "subtype": "no-damage", "uid": "f60fd8d4-c9da-4fd1-840b-d4a16169c6fa" }, "geometry": { "type": "Polygon", "coordinates": [ [ [ 948.485152535078328, 691.189608793614525 ], [ 942.50144861626984, 695.440365122963499 ], [ 947.106788178771012, 705.24541338892459 ], [ 951.019999999119932, 714.630000001417329 ], [ 922.586438121609376, 726.723886062199995 ], [ 922.649999999100146, 726.880000000268865 ], [ 920.531847704034703, 727.563409295747306 ], [ 912.363029419996337, 732.347803501938529 ], [ 913.927108278600258, 740.964051883946013 ], [ 896.250877970484339, 735.143431270065207 ], [ 885.965832122045981, 739.428867040168711 ], [ 881.291345742124804, 728.150503027229092 ], [ 891.6259170359275, 723.280187820736273 ], [ 887.111966355042568, 708.788030373695392 ], [ 890.556823457424571, 706.768631384558375 ], [ 885.777831373306185, 695.374858355326296 ], [ 887.079082105475095, 692.66115160065101 ], [ 923.621578523825406, 679.364250422247778 ], [ 922.711935574114591, 675.72567861715288 ], [ 927.411757487785508, 671.935499652230078 ], [ 929.382650549078562, 664.658356038193574 ], [ 937.266222797736418, 663.90032024578602 ], [ 948.485152535078328, 691.189608793614525 ] ] ] } },
{ "type": "Feature", "properties": { "feature_type": "building", "subtype": "no-damage", "uid": "0f7617bf-f412-46de-9348-1ad4ed6ad46a" }, "geometry": { "type": "Polygon", "coordinates": [ [ [ 661.491395515678846, 801.265878891750276 ], [ 656.966647291123877, 797.734160167394066 ], [ 661.411784838639164, 779.953609972039317 ], [ 673.018532880649218, 780.941418316439353 ], [ 695.244220623875663, 787.856076725316598 ], [ 692.033843505898517, 796.993303909574934 ], [ 729.817512671619511, 811.316524898567764 ], [ 733.164330141204005, 822.052609631172345 ], [ 710.525599851728316, 873.5218596913287 ], [ 699.496474836573498, 894.225655766238788 ], [ 684.188289774755503, 904.814285550425097 ], [ 638.709913627404148, 888.441202657876943 ], [ 631.887591487924283, 883.74138074264215 ], [ 629.23887622150869, 872.488789231079068 ], [ 632.943157511084792, 863.59851413532499 ], [ 636.212509605004243, 864.97871187647911 ], [ 644.238680159360229, 844.671182113803525 ], [ 655.56454544952021, 810.403106075046935 ], [ 661.491395515678846, 801.265878891750276 ] ] ] } },
{ "type": "Feature", "properties": { "feature_type": "building", "subtype": "no-damage", "uid": "da954728-86c6-4f27-b2a9-b990196ed1af" }, "geometry": { "type": "Polygon", "coordinates": [ [ [ 642.800000001339981, 755.910000001197659 ], [ 638.101317951892838, 769.664110309629677 ], [ 631.909528467695054, 769.277123467701131 ], [ 618.261679838730402, 814.208812027719887 ], [ 600.191626795999127, 858.733048309701189 ], [ 596.929437904111296, 863.51052275849986 ], [ 484.659401721988388, 832.407962457656708 ], [ 479.806907886064891, 841.427651159916081 ], [ 471.523353570740426, 839.286957348160286 ], [ 472.267942724374791, 829.886519304605827 ], [ 471.337206283984699, 825.232837103255292 ], [ 488.249383916530405, 803.045158394096688 ], [ 493.037370773687087, 799.283383817794515 ], [ 499.552525853172085, 802.820182291397941 ], [ 546.468173491863354, 736.41175798234076 ], [ 551.899999999994748, 728.290000000234841 ], [ 642.800000001339981, 755.910000001197659 ] ] ] } },
{ "type": "Feature", "properties": { "feature_type": "building", "subtype": "no-damage", "uid": "a73a7eb1-b991-4bc5-8d24-b43153415ee6" }, "geometry": { "type": "Polygon", "coordinates": [ [ [ 636.516767823296505, 649.68739379197018 ], [ 650.380000002695624, 656.399999999693478 ], [ 642.532711667958552, 671.12151018318184 ], [ 620.669775460962114, 659.263646477738348 ], [ 627.970000000942946, 647.750000001348326 ], [ 636.516767823296505, 649.68739379197018 ] ] ] } },
{ "type": "Feature", "properties": { "feature_type": "building", "subtype": "no-damage", "uid": "50c7c6df-9cf4-4b25-8143-c6474df41e48" }, "geometry": { "type": "Polygon", "coordinates": [ [ [ 858.904345604295372, 757.749774629708554 ], [ 853.7497022118622, 767.755847099489642 ], [ 851.17238051823017, 776.549062298341141 ], [ 848.898273140527181, 783.068170117085174 ], [ 844.198451219523463, 791.861385315936786 ], [ 841.317915205274062, 791.861385315936786 ], [ 838.740593509358064, 797.774064502100941 ], [ 822.063806065096287, 795.803171441649056 ], [ 823.42827049176617, 785.645491813963531 ], [ 809.014336677277242, 783.68645357993546 ], [ 795.082810346938118, 775.366236465009251 ], [ 790.632461660073318, 767.23951277297067 ], [ 789.278007706471953, 756.016894337810641 ], [ 816.947566950753981, 745.568249589392622 ], [ 829.911626175310403, 750.986065384085009 ], [ 832.814027495663709, 757.371348286483681 ], [ 843.262672243718612, 754.468946967211537 ], [ 848.293501199606794, 755.242920652030193 ], [ 858.904345604295372, 757.749774629708554 ] ] ] } },
{ "type": "Feature", "properties": { "feature_type": "building", "subtype": "no-damage", "uid": "cabd810d-0e7f-47b9-99b8-f5b1cf2bf3fd" }, "geometry": { "type": "Polygon", "coordinates": [ [ [ 872.153092919043502, 733.925664634725877 ], [ 874.885220963480492, 739.865073426814206 ], [ 874.766432786835708, 743.547506875274053 ], [ 858.373664528027803, 750.912373774116986 ], [ 855.87911283916435, 746.16084674294666 ], [ 843.762718905427391, 751.625102829898424 ], [ 837.823310117307415, 743.191142348345011 ], [ 832.477842205198499, 743.785083227842279 ], [ 830.102078691056477, 733.450511934397696 ], [ 832.07627320548329, 732.5473528765325 ], [ 829.106568811964166, 724.707333276399709 ], [ 825.067770833330655, 724.944909628006371 ], [ 808.637003828813477, 728.320897721755955 ], [ 806.855181192245254, 717.036021022846626 ], [ 849.548177292262153, 697.844080231447492 ], [ 854.180916149310974, 707.82228699892471 ], [ 857.744561421485855, 707.109557944104836 ], [ 872.153092919043502, 733.925664634725877 ] ] ] } },
{ "type": "Feature", "properties": { "feature_type": "building", "subtype": "no-damage", "uid": "a244d8d1-4795-4cd0-b1bd-dd64fd387892" }, "geometry": { "type": "Polygon", "coordinates": [ [ [ 718.299999998826252, 700.870000000528876 ], [ 719.504149742063987, 702.63810067462714 ], [ 713.564740950818418, 722.23814968072918 ], [ 714.039893654873026, 723.901184141013687 ], [ 718.435056158752559, 723.901184141975364 ], [ 720.692031498413712, 721.644208800270121 ], [ 723.5429477176923, 713.210248320639948 ], [ 726.631440288817771, 713.566612846607427 ], [ 753.253672296008631, 726.561866720783883 ], [ 753.134884118883065, 744.617669442885472 ], [ 735.585338110147404, 740.183709223043024 ], [ 737.129584392945276, 733.769147729664724 ], [ 732.496845538781486, 733.531571379019852 ], [ 732.971998241754136, 736.144911245730782 ], [ 731.665328310442533, 739.946132869513008 ], [ 728.22047120974355, 739.589768343545643 ], [ 727.032589450268233, 743.27220179392873 ], [ 720.974392486465149, 743.390989969251223 ], [ 704.641873066951121, 740.316360529013195 ], [ 705.786815995827283, 733.964219281102032 ], [ 707.806214984723397, 729.569056777822425 ], [ 704.95529876556509, 727.906022316576241 ], [ 703.648628832209852, 732.89512569935323 ], [ 699.49104267885491, 733.489066577888821 ], [ 696.164973757204848, 741.566662531551628 ], [ 679.59388881507175, 736.975635772618489 ], [ 668.384540243637275, 714.909801106587679 ], [ 672.3357736178707, 701.327436374452418 ], [ 678.509575770369793, 700.339628029090704 ], [ 686.250000003688456, 686.410000000530431 ], [ 718.299999998826252, 700.870000000528876 ] ] ] } },
{ "type": "Feature", "properties": { "feature_type": "building", "subtype": "no-damage", "uid": "698a9bc4-62c5-4032-a605-d622f4331b74" }, "geometry": { "type": "Polygon", "coordinates": [ [ [ 807.950000002293109, 702.840000000167606 ], [ 776.581271196634589, 717.084544686749155 ], [ 773.967931331366799, 716.134239280322845 ], [ 762.207901926241902, 708.650584206157419 ], [ 742.821010717845411, 712.373493789009558 ], [ 733.424200836926616, 689.647521718978624 ], [ 715.227775412905771, 696.342327356571332 ], [ 717.770000002828169, 700.080000000131918 ], [ 686.490000001590374, 685.969999999688412 ], [ 687.152898780502596, 684.781646609116933 ], [ 696.784030140324489, 675.644419425820388 ], [ 706.415161493775145, 670.458425620124103 ], [ 734.567699298832849, 654.900444199188655 ], [ 737.136037048853154, 663.250049296631801 ], [ 755.340390612427996, 655.476059702099519 ], [ 748.919636374309903, 643.869311658764445 ], [ 781.469999999365314, 630.120000001862877 ], [ 807.950000002293109, 702.840000000167606 ] ] ] } },
{ "type": "Feature", "properties": { "feature_type": "building", "subtype": "no-damage", "uid": "46b0e985-6a67-4d32-8e9e-257069976bb7" }, "geometry": { "type": "Polygon", "coordinates": [ [ [ 803.496047389178329, 629.052186498533274 ], [ 807.69423285011294, 633.991228216686977 ], [ 805.471664075573926, 634.7320844754679 ], [ 812.386322485290862, 652.265682583280181 ], [ 833.130297713961227, 643.869311659726122 ], [ 841.526668638474916, 669.552328606434912 ], [ 838.06933943668173, 670.787089036454176 ], [ 842.761429068013058, 681.899932908550909 ], [ 847.065690720221824, 680.462970848408759 ], [ 851.417821946204526, 691.069934188230604 ], [ 838.669888246118717, 694.444137796163545 ], [ 836.331723621713422, 687.862653442022406 ], [ 832.886866524260085, 689.882052430197632 ], [ 834.525110035306852, 695.723744635726234 ], [ 829.35854799414119, 699.714407926636227 ], [ 827.897763140883285, 696.534190275182482 ], [ 825.40321144901452, 697.603283856931284 ], [ 826.353516856402393, 700.335411900888062 ], [ 816.612886439812883, 704.017845349347795 ], [ 815.425004684184273, 699.74147102139068 ], [ 809.010443189365105, 702.354810889063288 ], [ 808.410000001697995, 702.629999999088227 ], [ 781.929999998529638, 629.93000000235179 ], [ 802.261286961202927, 621.890576002113562 ], [ 803.496047389178329, 629.052186498533274 ] ] ] } },
{ "type": "Feature", "properties": { "feature_type": "building", "subtype": "no-damage", "uid": "2912dbd6-abf1-4781-b9c1-0f9d26382039" }, "geometry": { "type": "Polygon", "coordinates": [ [ [ 859.898421062799912, 698.515776343747007 ], [ 850.395367000942429, 674.164200305512963 ], [ 856.928716672526548, 670.600555033337287 ], [ 852.652342340242853, 660.147195562646857 ], [ 856.461207841228088, 658.81258846008086 ], [ 851.721041535240261, 643.716981914319831 ], [ 872.330983680184886, 634.258804565837522 ], [ 876.230471331258627, 642.376414125535121 ], [ 874.713288139608835, 646.725190457722874 ], [ 885.742413153922257, 657.56082204806944 ], [ 892.708176319572658, 673.814269435031633 ], [ 893.135545006145776, 685.268405776467603 ], [ 880.068845669709276, 693.108425377562071 ], [ 871.51609701391726, 695.602977069912299 ], [ 865.576688227119462, 695.959341597803018 ], [ 859.898421062799912, 698.515776343747007 ] ] ] } },
{ "type": "Feature", "properties": { "feature_type": "building", "subtype": "no-damage", "uid": "1a9b9e0a-517c-4613-b50e-1b1099a52e68" }, "geometry": { "type": "Polygon", "coordinates": [ [ [ 840.644230081882597, 638.544683451919241 ], [ 829.977020582357682, 611.808383848755966 ], [ 855.901844703389656, 600.741061271720014 ], [ 884.858811998138208, 589.976953008569694 ], [ 900.019527862273321, 591.341417435480366 ], [ 920.789708588708436, 638.642850921909258 ], [ 902.970947287363401, 646.311543176449391 ], [ 895.428580332410888, 628.426991226537439 ], [ 883.521023060552352, 633.877891543544138 ], [ 872.512233999127602, 626.052852809170531 ], [ 842.797230912091891, 638.181425500193086 ], [ 840.644230081882597, 638.544683451919241 ] ] ] } },
{ "type": "Feature", "properties": { "feature_type": "building", "subtype": "no-damage", "uid": "470e025c-cd9b-4552-88d6-6aaf6b71f3e7" }, "geometry": { "type": "Polygon", "coordinates": [ [ [ 1022.975616085971978, 792.502842951543926 ], [ 1012.194753554317003, 785.451610417564666 ], [ 1006.968073815006051, 777.611590813585167 ], [ 1008.600000000350974, 772.180000000790983 ], [ 1022.975613750904017, 764.646805306526517 ], [ 1022.975616085971978, 792.502842951543926 ] ] ] } },
{ "type": "Feature", "properties": { "feature_type": "building", "subtype": "no-damage", "uid": "c8180f68-9e1a-48fd-ac31-21bce7e24b95" }, "geometry": { "type": "Polygon", "coordinates": [ [ [ 1022.975613704863008, 764.077129167567705 ], [ 1008.799999999204033, 771.510000000186437 ], [ 1009.830846002337012, 768.091457354952922 ], [ 1006.504777079004043, 757.756886062470016 ], [ 1004.010225386414049, 757.756886062470016 ], [ 1003.178708156031007, 755.024758017551562 ], [ 1000.209003760830001, 754.905969843190746 ], [ 997.714452070162906, 749.322925579954813 ], [ 999.139910178239461, 748.016255647561024 ], [ 996.645358487692988, 743.739881318642233 ], [ 994.659320581403108, 732.588429524314279 ], [ 992.284151552388153, 726.649020734149303 ], [ 1002.894546969348994, 720.971528450713549 ], [ 1002.989999998754001, 720.540000001295084 ], [ 1022.975610094133003, 713.491291590177298 ], [ 1022.975613704863008, 764.077129167567705 ] ] ] } },
{ "type": "Feature", "properties": { "feature_type": "building", "subtype": "no-damage", "uid": "dc420fee-20f4-4846-8794-e93192bac0b1" }, "geometry": { "type": "Polygon", "coordinates": [ [ [ 1022.975610062998953, 712.961087979249783 ], [ 1003.119999999810943, 719.960000001977392 ], [ 1003.266841545144985, 719.296202858611991 ], [ 992.298844604570604, 698.448973419439653 ], [ 977.441343060692134, 704.664866922374586 ], [ 972.135092507830109, 691.77825844086783 ], [ 971.139999999343445, 691.240000001314002 ], [ 1022.975607368504029, 664.553800116269144 ], [ 1022.975610062998953, 712.961087979249783 ] ] ] } },
{ "type": "Feature", "properties": { "feature_type": "building", "subtype": "no-damage", "uid": "d9a678a5-58b8-435f-9ba3-06d66436c84e" }, "geometry": { "type": "Polygon", "coordinates": [ [ [ 993.900737318615597, 622.059925980579692 ], [ 999.512046533309331, 618.964031241304951 ], [ 1006.864796541249007, 628.638702303942637 ], [ 1022.975605504777945, 618.96839937576658 ], [ 1022.975606744137053, 650.903379713183654 ], [ 1012.065958315305011, 654.976826906754582 ], [ 1013.127208427368032, 659.221827347314274 ], [ 1006.30488628728699, 663.770042106567871 ], [ 1007.214529238681052, 671.047185719642698 ], [ 999.78577846578014, 673.624507414597701 ], [ 996.298813820273494, 673.169685938960924 ], [ 989.779705998285522, 676.656650588074626 ], [ 990.537741790813016, 680.295222393169524 ], [ 985.686312715992017, 682.417722613449314 ], [ 982.654169544318961, 680.295222393169524 ], [ 976.589883198809162, 681.962901137812423 ], [ 977.954347626801336, 686.359508738199906 ], [ 970.600000001479543, 690.940000000871123 ], [ 968.943188609365052, 690.034445361523808 ], [ 966.244052934337446, 684.450026721826589 ], [ 966.809088801287885, 683.030722887508659 ], [ 971.20569640203496, 678.937329604853517 ], [ 964.696302449825566, 674.465647165814744 ], [ 959.619288185339883, 656.193457340891541 ], [ 957.757815306002271, 651.167480563625304 ], [ 965.296780468293491, 647.909903024122514 ], [ 959.991582765342628, 631.901236255900358 ], [ 956.194292496042976, 633.929447715195124 ], [ 948.623276739063044, 616.061629922032807 ], [ 963.328776756264233, 605.419491753612192 ], [ 973.003447820101655, 601.549623326633878 ], [ 975.325368874797618, 604.065037802054121 ], [ 986.161000466463861, 599.808182536032177 ], [ 993.900737318615597, 622.059925980579692 ] ] ] } },
{ "type": "Feature", "properties": { "feature_type": "building", "subtype": "no-damage", "uid": "65852ec3-d750-4024-bcca-219101c48c61" }, "geometry": { "type": "Polygon", "coordinates": [ [ [ 959.853068475887312, 606.193420185833702 ], [ 944.648181973549299, 612.25161715132117 ], [ 938.280293684441631, 595.583189005716804 ], [ 943.758776214347449, 592.198769203716893 ], [ 943.971489807814123, 590.156718702781291 ], [ 938.781278119820627, 589.986547828584776 ], [ 934.249570420078271, 578.694095709694921 ], [ 943.054093268523161, 576.210768753090974 ], [ 945.262776032594161, 573.537777191846885 ], [ 963.851025126904005, 566.35651822179625 ], [ 966.276441336740731, 568.088958371216336 ], [ 965.444870069457352, 572.108219517717089 ], [ 969.533428818669108, 572.870493183731242 ], [ 973.861381710767432, 582.953719004460936 ], [ 972.128941560506291, 587.319468181230377 ], [ 965.407073781060831, 590.437860449801974 ], [ 966.585133083300889, 594.179931172472379 ], [ 957.576444304491361, 598.614977954718597 ], [ 959.853068475887312, 606.193420185833702 ] ] ] } },
{ "type": "Feature", "properties": { "feature_type": "building", "subtype": "no-damage", "uid": "defe0783-ee3a-4740-9e2a-3a6e4fcb1946" }, "geometry": { "type": "Polygon", "coordinates": [ [ [ 1022.975605458377004, 617.569664363432025 ], [ 1011.809122213805949, 591.721321701640818 ], [ 1013.143073629742048, 588.635809285856908 ], [ 1009.722394916419944, 580.056964251681393 ], [ 1007.804886717927957, 579.996424948072672 ], [ 1004.329911513084994, 569.082830949271283 ], [ 1007.75059023037295, 565.662152231621462 ], [ 1007.587700766025023, 564.902001407293483 ], [ 995.262398093680645, 569.40860987508222 ], [ 991.378114071935443, 556.615849565865346 ], [ 1013.389421184813045, 544.199214782845957 ], [ 1022.975603839515998, 542.11508445186621 ], [ 1022.975605458377004, 617.569664363432025 ] ] ] } },
{ "type": "Feature", "properties": { "feature_type": "building", "subtype": "no-damage", "uid": "9c2be6cf-9d09-42d5-9f50-c5b53ca25ceb" }, "geometry": { "type": "Polygon", "coordinates": [ [ [ 406.09812998597539, 787.562062440617979 ], [ 475.599923616893875, 716.037729841605596 ], [ 481.115938982660225, 717.692534451227743 ], [ 513.660429653700248, 747.846751795262321 ], [ 480.932071801088625, 792.158741913072731 ], [ 483.506212306066516, 794.365148061158834 ], [ 476.70312668600809, 805.397178796781304 ], [ 457.764807257609391, 828.748310519313236 ], [ 389.366216701094288, 811.097061341355698 ], [ 395.617700785213287, 802.823038290360159 ], [ 406.09812998597539, 787.562062440617979 ] ] ] } },
{ "type": "Feature", "properties": { "feature_type": "building", "subtype": "no-damage", "uid": "1ebc5f0d-31a6-4477-a650-963bae501688" }, "geometry": { "type": "Polygon", "coordinates": [ [ [ 523.542772079839665, 638.256808585619069 ], [ 532.729097901933869, 648.40768084499166 ], [ 533.53000000055124, 647.540000001230624 ], [ 542.627105668936451, 660.025416326823574 ], [ 561.78999999999985, 679.359999999738989 ], [ 561.293919659650669, 679.523096692631952 ], [ 546.872364412379625, 695.079403883834175 ], [ 542.007985285478071, 691.276343841556013 ], [ 531.925454010880117, 701.181988606059349 ], [ 516.801657088705042, 687.119510771149749 ], [ 506.005576965516923, 678.507201556755717 ], [ 520.412051553733022, 661.651626293812456 ], [ 514.911206909965472, 654.49766851010952 ], [ 511.550363150083172, 657.504739240542222 ], [ 505.978437969811011, 651.313711263689356 ], [ 508.215731590602786, 647.223080413789262 ], [ 514.198291986613526, 640.22461353713652 ], [ 520.632366376744699, 635.257959622967064 ], [ 523.542772079839665, 638.256808585619069 ] ] ] } },
{ "type": "Feature", "properties": { "feature_type": "building", "subtype": "no-damage", "uid": "dd9c78d9-3a9f-42f2-9f09-437032169cdc" }, "geometry": { "type": "Polygon", "coordinates": [ [ [ 565.306321757161527, 619.042470324362512 ], [ 578.829999999740153, 630.459999999672164 ], [ 578.27061909855513, 630.950323859200921 ], [ 593.125656104258042, 645.998182776556064 ], [ 567.326426476231177, 677.571505216995661 ], [ 562.329999999667052, 679.190000000834402 ], [ 543.008926900473966, 659.700376153316029 ], [ 533.880000000586961, 647.160000001246658 ], [ 536.566966833926358, 644.231176417888491 ], [ 536.115452841969727, 642.650877445679043 ], [ 533.857882883388243, 642.425120449099609 ], [ 533.632125883923891, 640.506185982982743 ], [ 549.999508099025775, 623.574411277990976 ], [ 559.255544937864556, 615.672916416943849 ], [ 559.330000002451357, 615.060000000016885 ], [ 565.306321757161527, 619.042470324362512 ] ] ] } },
{ "type": "Feature", "properties": { "feature_type": "building", "subtype": "no-damage", "uid": "532f5cfd-8d85-4770-9953-7a205502d37a" }, "geometry": { "type": "Polygon", "coordinates": [ [ [ 599.098932557931789, 587.684329438167993 ], [ 603.879479208471025, 583.639251502253956 ], [ 616.106212089718156, 597.769574922431275 ], [ 579.210000001286858, 630.1200000009012 ], [ 565.60717139516737, 618.642111536147127 ], [ 559.389999999582756, 614.500000000344244 ], [ 559.935223444918961, 609.748390910374496 ], [ 589.353972071916019, 582.352181249043383 ], [ 599.098932557931789, 587.684329438167993 ] ] ] } },
{ "type": "Feature", "properties": { "feature_type": "building", "subtype": "no-damage", "uid": "f68232ea-fcd7-4399-a148-53ed92fb2a51" }, "geometry": { "type": "Polygon", "coordinates": [ [ [ 871.699229812196904, 509.992139300873987 ], [ 877.399112359655078, 523.41444336182667 ], [ 870.228292385469103, 527.091786938444102 ], [ 872.986300069975073, 535.181942811233853 ], [ 877.766846717028216, 531.872333590066319 ], [ 881.444190295207477, 539.594755106444495 ], [ 875.560440574472182, 544.007567400693461 ], [ 883.282862084237081, 563.68135554372293 ], [ 881.260323117242137, 566.071628869053256 ], [ 861.034933435873654, 573.97791756363722 ], [ 853.128644744777603, 555.591199671894856 ], [ 832.167786346018147, 564.600691439560251 ], [ 824.629232009650764, 548.052645336607497 ], [ 829.777513019366211, 546.030106368650536 ], [ 827.938841230937669, 540.146356642023534 ], [ 831.983919167451859, 538.123817674066458 ], [ 830.696848918088335, 532.607802306736176 ], [ 829.22591148571064, 528.930458727233713 ], [ 866.918683160455657, 509.624404942539115 ], [ 871.699229812196904, 509.992139300873987 ] ] ] } },
{ "type": "Feature", "properties": { "feature_type": "building", "subtype": "no-damage", "uid": "f26c33be-3cbe-414c-bfd7-a0ba44e21672" }, "geometry": { "type": "Polygon", "coordinates": [ [ [ 821.628388737196019, 555.170049849286897 ], [ 832.292685113759717, 581.463056434651548 ], [ 801.035264700978814, 593.414423065149663 ], [ 788.164562176329468, 586.059735908067978 ], [ 787.245226278088239, 581.830790792986477 ], [ 785.958156025118456, 583.117861046197049 ], [ 780.074406302820421, 576.498642604823544 ], [ 776.764797081413235, 563.444072901244226 ], [ 780.993742194810807, 561.789268290660402 ], [ 774.926125290099662, 547.631495513999539 ], [ 787.796827815951133, 543.034816040583109 ], [ 790.187101140319101, 550.757237556961286 ], [ 807.286748781130768, 556.640987281664934 ], [ 808.206084676847695, 558.479659069492868 ], [ 821.628388737196019, 555.170049849286897 ] ] ] } },
{ "type": "Feature", "properties": { "feature_type": "building", "subtype": "no-damage", "uid": "930b081b-bb78-43c3-874c-1a48166086be" }, "geometry": { "type": "Polygon", "coordinates": [ [ [ 687.472583651705918, 583.743302852334409 ], [ 690.642008060942658, 582.158590648857512 ], [ 695.669999999297261, 589.850000001458056 ], [ 697.292187613991473, 602.298339986357291 ], [ 701.479999999627012, 619.050000001291437 ], [ 695.470553463625038, 627.555807038756711 ], [ 683.972930072548479, 622.426098141479429 ], [ 676.36680998510883, 636.577019235825219 ], [ 671.413987604901877, 633.658391759058532 ], [ 671.502430857726495, 631.712640109162976 ], [ 665.222959622881376, 627.37892052373104 ], [ 666.195835452276697, 623.575860480491201 ], [ 658.324385590495353, 619.949686949391889 ], [ 657.528396280573475, 617.73860552888118 ], [ 658.324385593260217, 614.023988742192387 ], [ 652.734233415192989, 606.579969065402452 ], [ 653.298625906401071, 601.613315152194673 ], [ 662.180225452091577, 591.439620995224459 ], [ 681.56592907420486, 574.523159118643434 ], [ 687.472583651705918, 583.743302852334409 ] ] ] } },
{ "type": "Feature", "properties": { "feature_type": "building", "subtype": "no-damage", "uid": "65e4814b-8b8f-42f0-af87-115a37cc4939" }, "geometry": { "type": "Polygon", "coordinates": [ [ [ 758.094790131979607, 526.831236839733947 ], [ 760.866828317839577, 531.724512841486103 ], [ 764.176437536962794, 528.782637980576851 ], [ 778.150343134092168, 561.510995827185752 ], [ 795.420452671787871, 603.438083445935376 ], [ 775.683582490027334, 612.081968196631124 ], [ 774.386999777808001, 607.615961075294081 ], [ 777.98861842537292, 605.166860395882168 ], [ 776.403906218530551, 602.141500734436931 ], [ 755.802647562998914, 611.793838705614462 ], [ 759.98052519283749, 621.59024142133876 ], [ 758.683942479295865, 623.895277356203906 ], [ 743.521812536531911, 629.765354075407913 ], [ 731.865801339508835, 607.477952393046394 ], [ 731.051354026423951, 607.586545368637303 ], [ 731.485725929268256, 608.99825404458727 ], [ 729.694100205530617, 609.401211974999683 ], [ 728.716763429299931, 608.36957870977119 ], [ 726.799999999111606, 609.429999999975621 ], [ 719.25273022154613, 598.932506806795345 ], [ 714.729999999230472, 582.039999999737006 ], [ 729.608457158988472, 576.604187317538049 ], [ 732.360632791937633, 581.393889277556582 ], [ 744.347893542871702, 579.276824823561924 ], [ 753.603930380267911, 575.326077394000095 ], [ 755.748621842482976, 579.954095813300341 ], [ 760.602397255957385, 576.454862374973914 ], [ 750.751520204400549, 553.247167091180472 ], [ 741.006559719226289, 553.431034268424582 ], [ 731.997067957453282, 535.412050735978823 ], [ 738.800153576189359, 529.896035366725073 ], [ 738.539999998842291, 529.009999998958278 ], [ 755.255453476614207, 523.145934148118386 ], [ 758.094790131979607, 526.831236839733947 ] ] ] } },
{ "type": "Feature", "properties": { "feature_type": "building", "subtype": "no-damage", "uid": "78f556a7-4bfa-48a2-94d6-c60ce1135134" }, "geometry": { "type": "Polygon", "coordinates": [ [ [ 753.147036225375928, 458.722021935789883 ], [ 754.99922968104886, 463.985855965235999 ], [ 750.223346104202051, 491.547760079729528 ], [ 743.884497287170916, 491.835889572669601 ], [ 743.740432541662585, 501.488227542885511 ], [ 749.647087120966717, 498.030673643953492 ], [ 760.641569327626144, 509.919605769261807 ], [ 753.917054239029085, 521.800565927742014 ], [ 744.625934149655222, 524.135538731931888 ], [ 738.098052756798097, 527.504804924345422 ], [ 723.835642917816813, 509.928905932898772 ], [ 698.480247651855848, 534.70804221707283 ], [ 695.887082226094776, 531.826747300174247 ], [ 692.861722565972514, 534.996171709051168 ], [ 680.328089675134493, 524.767574754878524 ], [ 674.565499841098244, 507.767934744503577 ], [ 676.438341538957161, 500.708762198246177 ], [ 671.972334417020079, 494.369913382415575 ], [ 694.446434768847894, 473.480525235621997 ], [ 711.157945284475659, 489.327647277121798 ], [ 720.954348002000756, 477.082143881985587 ], [ 699.789505030430064, 456.461011041593508 ], [ 717.154810520902515, 439.095705551117021 ], [ 730.715240395921683, 438.680499433463808 ], [ 753.147036225375928, 458.722021935789883 ] ] ] } },
{ "type": "Feature", "properties": { "feature_type": "building", "subtype": "no-damage", "uid": "fe818b64-aab4-4409-a2ae-19aa312b49d9" }, "geometry": { "type": "Polygon", "coordinates": [ [ [ 718.793376616582805, 599.150140684255689 ], [ 726.35999999995272, 609.680000001306325 ], [ 725.593497909994994, 610.108294185402769 ], [ 727.762345946746223, 613.633760835896851 ], [ 708.560155474064572, 623.575860480491201 ], [ 706.083744282218049, 623.575860480491201 ], [ 702.030000000799532, 619.200000000551199 ], [ 697.784256255726746, 602.205061741370969 ], [ 696.300000002054389, 590.819999999620336 ], [ 697.701180609963217, 592.96344658602527 ], [ 713.973914898516796, 582.313225171470549 ], [ 714.260000000964965, 582.210000000564946 ], [ 718.793376616582805, 599.150140684255689 ] ] ] } },
{ "type": "Feature", "properties": { "feature_type": "building", "subtype": "no-damage", "uid": "7842206b-97ae-4f21-954a-f0449e592709" }, "geometry": { "type": "Polygon", "coordinates": [ [ [ 649.931896897122783, 557.105769299582903 ], [ 662.609594529141646, 567.622495745734 ], [ 661.313011818484938, 572.520697104557712 ], [ 657.279198933072735, 576.410445240014724 ], [ 657.423263677499222, 580.588322871296896 ], [ 655.480997577263338, 580.726308501223684 ], [ 655.514330905917632, 584.959641834395597 ], [ 660.431516576015156, 591.081530355213204 ], [ 657.948189616166246, 593.226221818871295 ], [ 646.998975307910541, 600.901959683339101 ], [ 633.905069533593178, 605.41709960531125 ], [ 630.8573500880658, 595.483791778895693 ], [ 636.162639496261704, 594.693642292790969 ], [ 638.307330957755539, 586.679268931530714 ], [ 639.210358946116571, 572.90809217191952 ], [ 641.016414911178572, 571.666428693617604 ], [ 640.888743862885576, 565.622544114091738 ], [ 649.931896897122783, 557.105769299582903 ] ] ] } },
{ "type": "Feature", "properties": { "feature_type": "building", "subtype": "no-damage", "uid": "449dcdf1-67f3-443f-a301-c34b5deccf43" }, "geometry": { "type": "Polygon", "coordinates": [ [ [ 615.461924312556675, 544.896344998338691 ], [ 628.67764754701011, 530.833275418595917 ], [ 636.024949582359, 538.18057745586998 ], [ 621.944837876177985, 551.523323307109308 ], [ 615.461924312556675, 544.896344998338691 ] ] ] } },
{ "type": "Feature", "properties": { "feature_type": "building", "subtype": "no-damage", "uid": "0d8ab6ff-3783-4ae8-bd9a-e18c1c02dbdd" }, "geometry": { "type": "Polygon", "coordinates": [ [ [ 766.220230317224264, 509.044951024822126 ], [ 774.864115068038245, 505.155202887441703 ], [ 778.753863205057087, 510.053404245303796 ], [ 782.35548185454536, 509.765274753325514 ], [ 785.81303575431798, 517.112576791561196 ], [ 771.550625917019602, 523.163296116375022 ], [ 766.220230317224264, 509.044951024822126 ] ] ] } },
{ "type": "Feature", "properties": { "feature_type": "building", "subtype": "no-damage", "uid": "3d3660e1-c7f7-4417-95cc-db1dc980746d" }, "geometry": { "type": "Polygon", "coordinates": [ [ [ 842.123079580972785, 458.639802168261724 ], [ 849.685938950154195, 464.057970072705018 ], [ 847.089733495020823, 468.234474499808016 ], [ 849.685938948952185, 470.040530467635278 ], [ 844.493528039526836, 481.441258769893921 ], [ 851.604873415188877, 485.053370705548275 ], [ 852.282144407932265, 490.358660113625319 ], [ 855.894256341422079, 493.067744066808586 ], [ 853.185172391605192, 497.808640984398608 ], [ 848.44427547101111, 497.470005490491076 ], [ 849.347303454563871, 503.226808887880281 ], [ 845.396556024762504, 502.323780905409194 ], [ 847.767004483917503, 508.532098295957326 ], [ 843.2518645609847, 512.369967229152849 ], [ 835.914762189825183, 507.629070312524391 ], [ 829.561982813675172, 511.642224115386 ], [ 825.750614485408619, 517.186032591991648 ], [ 804.680952500781927, 504.388376334698307 ], [ 804.061849701077222, 503.415500509750473 ], [ 809.810661397457011, 495.278720881078698 ], [ 797.746207902104516, 490.862592105955116 ], [ 810.647355094463592, 472.049710183420586 ], [ 819.440356869535094, 476.869932553544118 ], [ 832.052521157897104, 459.684126269334797 ], [ 837.111246394000545, 463.287601780090085 ], [ 838.982281756056636, 460.446399934387273 ], [ 842.123079580972785, 458.639802168261724 ] ] ] } },
{ "type": "Feature", "properties": { "feature_type": "building", "subtype": "no-damage", "uid": "39bfa815-eae1-430c-8761-996136b022e0" }, "geometry": { "type": "Polygon", "coordinates": [ [ [ 822.503402860570532, 461.371740865065703 ], [ 814.489029500153606, 460.920226873830075 ], [ 810.651160567319607, 462.952039837275208 ], [ 807.603441122753907, 470.176263710507328 ], [ 790.333030922416356, 467.580058256575398 ], [ 790.784544916536788, 457.195236438924326 ], [ 793.437842621605796, 456.87888430631898 ], [ 791.934307254706823, 452.014505178695174 ], [ 788.573463495545752, 451.395402381875385 ], [ 789.988555603248983, 438.040470598413378 ], [ 794.283648122857585, 438.114277324772388 ], [ 800.364854728418436, 422.856964320606778 ], [ 805.891228716464298, 418.098880565465606 ], [ 825.195904659055259, 419.683592767980826 ], [ 823.377532394289801, 436.240683994410176 ], [ 827.258198330196819, 437.002957659462709 ], [ 822.503402860570532, 461.371740865065703 ] ] ] } },
{ "type": "Feature", "properties": { "feature_type": "building", "subtype": "no-damage", "uid": "538ecedc-aa40-43a5-9ecc-4bbcd96ee25e" }, "geometry": { "type": "Polygon", "coordinates": [ [ [ 794.270401988955769, 360.31292459135841 ], [ 814.974198063981135, 380.823227246265901 ], [ 813.813237540840532, 387.402003569628789 ], [ 801.429658577854411, 399.398595687684178 ], [ 800.849178311716173, 409.073266752245218 ], [ 796.398829622927906, 404.622918063335703 ], [ 797.753283571480551, 423.778766769570097 ], [ 785.756691452346104, 421.843832555119207 ], [ 784.982717767647841, 423.972260190534314 ], [ 782.660796713072159, 418.360950973915976 ], [ 770.664204592134638, 418.554444394880193 ], [ 771.631671699600247, 405.590385169118576 ], [ 769.503244068994036, 403.268464114662606 ], [ 765.82686906009576, 405.977372011047123 ], [ 756.926171685644704, 400.946543060206579 ], [ 762.343987476970028, 394.174273312994274 ], [ 765.052895380085602, 393.013312786247184 ], [ 772.061397746828789, 386.493423731265977 ], [ 782.958233766495596, 392.97455983182698 ], [ 778.760048302435621, 384.825140991968794 ], [ 775.302719100882882, 380.626955530672717 ], [ 792.311062621666451, 360.122200107921515 ], [ 794.270401988955769, 360.31292459135841 ] ] ] } },
{ "type": "Feature", "properties": { "feature_type": "building", "subtype": "no-damage", "uid": "7acff680-d70d-4a85-9a2c-539503edb23c" }, "geometry": { "type": "Polygon", "coordinates": [ [ [ 909.164446923115861, 436.812900939375311 ], [ 910.432123469138673, 435.200303895292677 ], [ 917.971088634435091, 434.921082963115509 ], [ 920.67022430934253, 430.360474407426807 ], [ 923.555507276294861, 428.219780595671125 ], [ 925.230832867073673, 423.845319328421112 ], [ 940.867205059736875, 424.869129411468123 ], [ 937.267672782198815, 435.560569324771393 ], [ 939.733007864749879, 437.360952004993692 ], [ 938.520150597306838, 453.128096500149411 ], [ 936.246043220685806, 453.734525134652472 ], [ 940.642650816504215, 467.985598044031519 ], [ 917.322246337859951, 481.344761650238524 ], [ 902.866043000692457, 487.687206590607218 ], [ 893.520431853511354, 481.479664994175323 ], [ 888.820609939840324, 470.563949575043921 ], [ 889.88186004625345, 465.409306182248827 ], [ 900.797575465021623, 462.073948692001295 ], [ 902.920075687344593, 457.980555411269506 ], [ 902.709037712150007, 452.941667192709019 ], [ 907.036019285297016, 443.778664106589986 ], [ 909.164446923115861, 436.812900939375311 ] ] ] } },
{ "type": "Feature", "properties": { "feature_type": "building", "subtype": "no-damage", "uid": "db5de663-1dde-4326-adeb-c053031dae02" }, "geometry": { "type": "Polygon", "coordinates": [ [ [ 1011.932560270196973, 481.484349772760993 ], [ 1001.479200804317998, 489.561945726423801 ], [ 1004.330117020110038, 494.551049111124087 ], [ 989.125230519455272, 501.559551483037978 ], [ 993.995545725706393, 514.507462644155112 ], [ 976.533683884188235, 521.991117719282215 ], [ 973.682767666231939, 513.08200453451559 ], [ 973.682767665029928, 500.134093372436723 ], [ 961.345278918856366, 502.092554795488695 ], [ 956.350000003164837, 489.959999999969909 ], [ 956.416827343087903, 487.239735638505692 ], [ 1001.343280586746005, 467.454857273927587 ], [ 1011.932560270196973, 481.484349772760993 ] ] ] } },
{ "type": "Feature", "properties": { "feature_type": "building", "subtype": "no-damage", "uid": "9d4efa95-1c57-43ba-969f-b832cba6a09b" }, "geometry": { "type": "Polygon", "coordinates": [ [ [ 1022.975604709351956, 431.147502495241724 ], [ 1020.462318509564966, 428.60917175301762 ], [ 1016.672139545244022, 431.792922082475627 ], [ 990.44410110515787, 433.005779350520072 ], [ 981.802493065535032, 419.512742235471876 ], [ 1000.298566414867992, 404.352026374819218 ], [ 1007.727317187529025, 398.590954347521176 ], [ 1022.97560533275805, 409.368707775668611 ], [ 1022.975604709351956, 431.147502495241724 ] ] ] } },
{ "type": "Feature", "properties": { "feature_type": "building", "subtype": "no-damage", "uid": "9f9d7b29-e8f4-4d53-80af-048d41da139a" }, "geometry": { "type": "Polygon", "coordinates": [ [ [ 1020.726205863742962, 336.662420131735473 ], [ 1022.975608575407023, 335.199346368073009 ], [ 1022.975606056418997, 388.826149373183512 ], [ 1006.211245601391965, 395.255596857273588 ], [ 1003.482316749134043, 391.010596417675686 ], [ 1008.222180247823985, 387.563845190547681 ], [ 1006.480739454216973, 383.113496502599901 ], [ 1004.352311819883994, 384.467950452234675 ], [ 989.646811801601189, 356.411404367219575 ], [ 997.462549415709304, 350.650332338959913 ], [ 996.480479449071709, 348.570000000684615 ], [ 1001.061393867065021, 344.272181394360473 ], [ 993.683884533261448, 332.338776906037083 ], [ 1009.052454654009011, 318.014739624854087 ], [ 1020.726205863742962, 336.662420131735473 ] ] ] } },
{ "type": "Feature", "properties": { "feature_type": "building", "subtype": "no-damage", "uid": "49ad5ae7-8fe3-43be-8b14-8fc62975d8b8" }, "geometry": { "type": "Polygon", "coordinates": [ [ [ 957.376925968932369, 293.76978867047211 ], [ 956.590686107412694, 295.68753665995888 ], [ 951.843930262685376, 299.224335132600686 ], [ 964.595019491762173, 316.908327492924172 ], [ 966.131821393429959, 317.671896330852803 ], [ 977.350751130050639, 311.910824304516382 ], [ 991.011202775264337, 333.478669802277523 ], [ 992.022181991710568, 335.925322879338694 ], [ 997.596314961221083, 345.770315999237596 ], [ 994.369999999637798, 347.920000000686684 ], [ 970.682023522074587, 363.947503717374389 ], [ 955.864898362447889, 342.956576403200188 ], [ 962.779556770121417, 337.276678425303885 ], [ 957.099658794149832, 327.398594983226417 ], [ 952.297162630444745, 328.341503361418916 ], [ 945.171626177560029, 317.577395100191893 ], [ 943.807161749207239, 313.484001818498484 ], [ 937.591268243869649, 305.297215251264902 ], [ 930.162517472170862, 310.755072962754014 ], [ 926.476476163728762, 306.241656966052403 ], [ 926.662623449642979, 304.007889510558186 ], [ 921.822793963461208, 297.678881719029505 ], [ 931.781673868362532, 291.256800281838878 ], [ 930.944011075437402, 290.605284773746121 ], [ 938.110681660490741, 285.300087066226013 ], [ 946.76653055726058, 278.226490121904192 ], [ 957.376925968932369, 293.76978867047211 ] ] ] } },
{ "type": "Feature", "properties": { "feature_type": "building", "subtype": "no-damage", "uid": "5558ef13-be31-4385-8ae3-e651c76b06f9" }, "geometry": { "type": "Polygon", "coordinates": [ [ [ 917.479418475760326, 271.711412736653301 ], [ 917.758639406975817, 282.507955442055504 ], [ 903.518371878564039, 283.810986457279625 ], [ 892.721829171241097, 282.787176374232672 ], [ 891.232650869381814, 266.871583248787488 ], [ 890.208840783570281, 254.6789358844226 ], [ 891.895036237210661, 245.333586039469111 ], [ 928.86833342360319, 245.698214216103906 ], [ 928.795407791690195, 249.490347263106912 ], [ 946.151709035900467, 249.125719085510411 ], [ 960.882687400214877, 263.564994909674624 ], [ 958.649280165482764, 269.935378908945893 ], [ 947.759663818869058, 277.102049496044515 ], [ 936.497752895979147, 266.491654079081002 ], [ 926.352725697950973, 266.305506792565723 ], [ 920.30293884016362, 266.491654079081002 ], [ 920.209865193900782, 271.796851787562787 ], [ 917.479418475760326, 271.711412736653301 ] ] ] } },
{ "type": "Feature", "properties": { "feature_type": "building", "subtype": "no-damage", "uid": "ee3fff6f-d8d5-4064-ae39-15ef83b4fda0" }, "geometry": { "type": "Polygon", "coordinates": [ [ [ 829.620995941323713, 229.375268513355707 ], [ 830.452513168340374, 239.115898929226404 ], [ 826.16369186065549, 243.122730867519209 ], [ 823.454783964271655, 244.283691394266413 ], [ 825.970198441494517, 248.540546661249891 ], [ 830.843911148569873, 246.242923591488989 ], [ 833.758007467782136, 251.44258566066361 ], [ 833.872285755887333, 245.557253868387789 ], [ 845.642949338632775, 240.700426662206411 ], [ 859.387699176760748, 234.654002166223989 ], [ 870.463462816741639, 236.422401402064111 ], [ 876.140955097411279, 252.524141814986308 ], [ 885.552781847172241, 268.677600323576883 ], [ 887.600402018194245, 282.545573280043186 ], [ 874.849312787915323, 289.898391155580498 ], [ 876.94758827575663, 295.041937705839473 ], [ 894.553199257869437, 337.503063813280619 ], [ 848.888751836628899, 355.691445412770406 ], [ 836.101579727303715, 326.994763164922915 ], [ 828.736712828702935, 306.444408752394509 ], [ 832.30035810123843, 303.118339832787115 ], [ 866.630140904296809, 290.645581373921516 ], [ 855.345264205390208, 290.170428669746627 ], [ 853.444653391816587, 281.498891838509792 ], [ 865.323470971662914, 276.153423926880521 ], [ 865.551757103235786, 266.732425824128825 ], [ 859.377954949053787, 254.631773611478593 ], [ 851.475488196139054, 259.817767417174878 ], [ 852.216344453477177, 263.769000792851784 ], [ 833.201033828107711, 272.906227975186823 ], [ 836.864365482818584, 281.853463914064889 ], [ 841.564187403942583, 291.253107748381183 ], [ 824.584185635697622, 298.53025136049439 ], [ 821.097220990311257, 290.343464797107515 ], [ 818.519899292471791, 290.040250478413498 ], [ 811.697577155275894, 276.243999045633018 ], [ 819.429542244346408, 272.302212921844102 ], [ 816.852220546506942, 267.602391004686012 ], [ 811.394362837784001, 269.876498385755326 ], [ 801.994719003109253, 258.657568647929793 ], [ 801.236683210221145, 246.074174483193787 ], [ 798.659361515026262, 247.893460387664589 ], [ 790.240000000145415, 233.340000001360806 ], [ 801.510000001129697, 231.450000001263192 ], [ 801.349410098822773, 231.988608381028314 ], [ 816.791872953969346, 227.237081349857988 ], [ 829.620995941323713, 229.375268513355707 ] ] ] } },
{ "type": "Feature", "properties": { "feature_type": "building", "subtype": "no-damage", "uid": "16eee48c-5d7d-4984-bbe6-08b7f9eab309" }, "geometry": { "type": "Polygon", "coordinates": [ [ [ 803.36880908940168, 216.427357353200193 ], [ 802.299715506090365, 228.78132763385841 ], [ 802.230000000124846, 228.99999999956961 ], [ 789.299999999286797, 230.199999999417798 ], [ 788.045134409938214, 223.435859724152408 ], [ 781.392996567599539, 223.079495196261689 ], [ 780.68026751229911, 217.971603637200587 ], [ 796.954247597347376, 215.714628297418699 ], [ 803.36880908940168, 216.427357353200193 ] ] ] } },
{ "type": "Feature", "properties": { "feature_type": "building", "subtype": "no-damage", "uid": "fd3bc6eb-b6dc-459e-85e3-d1a413c8153d" }, "geometry": { "type": "Polygon", "coordinates": [ [ [ 870.098545844419164, 229.492328861890513 ], [ 870.336122197468171, 226.285048115682201 ], [ 868.910664086506699, 225.691107238108202 ], [ 868.910664086266252, 218.920181217800888 ], [ 870.930063074200575, 215.237747766456096 ], [ 871.405215779697642, 191.123748079828687 ], [ 876.275530987391335, 190.767383553861293 ], [ 876.869471865686478, 194.212240652637888 ], [ 893.143451947368817, 194.449817004244494 ], [ 893.499816478625348, 190.767383553861293 ], [ 897.301038100603591, 189.935866322757391 ], [ 895.044062760822271, 229.017176158677302 ], [ 870.098545844419164, 229.492328861890513 ] ] ] } },
{ "type": "Feature", "properties": { "feature_type": "building", "subtype": "no-damage", "uid": "a8f6735a-a57e-48b6-bb6f-11424736a70a" }, "geometry": { "type": "Polygon", "coordinates": [ [ [ 761.657346204115584, 177.56867985933701 ], [ 812.196334896441158, 178.034048079952896 ], [ 812.568629472717362, 192.088168323896298 ], [ 804.1920015141352, 193.111978408866605 ], [ 804.750443376566068, 206.235362211578092 ], [ 801.399792194287215, 210.795970769190092 ], [ 781.202811444133204, 210.423676193274389 ], [ 781.295885088833415, 209.120645178050296 ], [ 775.618392802754329, 208.28298237959541 ], [ 776.08376102252862, 197.672586963593488 ], [ 764.0772609500915, 196.834924168023605 ], [ 758.492842306428656, 189.947474513102208 ], [ 758.772063241490741, 184.2699822277431 ], [ 760.726609767091304, 184.45612951618179 ], [ 761.657346204115584, 177.56867985933701 ] ] ] } },
{ "type": "Feature", "properties": { "feature_type": "building", "subtype": "no-damage", "uid": "70fa5814-1957-4644-9e15-2dcd0caf3bef" }, "geometry": { "type": "Polygon", "coordinates": [ [ [ 758.994704580381381, 171.794077399724387 ], [ 762.884066516737448, 156.036417919525888 ], [ 757.182234077699604, 155.798841567919311 ], [ 753.618588805765171, 153.304289877492494 ], [ 746.966450958978839, 154.135807106673099 ], [ 735.325209730618781, 150.690950007896504 ], [ 740.076736764312386, 135.842428033926495 ], [ 753.143436101710677, 138.574556078844893 ], [ 752.905859750104128, 129.071502014580886 ], [ 764.547100976300385, 125.270280389836998 ], [ 768.704687133622201, 130.140595595368097 ], [ 774.757476767520757, 128.392134254176199 ], [ 783.175142367249009, 123.711946384556398 ], [ 797.125709012149741, 143.87885608835299 ], [ 785.128103257221369, 151.481299338802501 ], [ 782.752339739232525, 148.511594946124205 ], [ 773.130497502052549, 153.619486502300305 ], [ 771.705039390730349, 156.70797907222439 ], [ 779.663847171833595, 156.470402721579489 ], [ 776.694142777713409, 174.288629092074501 ], [ 767.072300536807006, 176.426816255572191 ], [ 758.994704580381381, 171.794077399724387 ] ] ] } },
{ "type": "Feature", "properties": { "feature_type": "building", "subtype": "no-damage", "uid": "8c96363d-4a42-4fab-9060-5f56a9d5cdc0" }, "geometry": { "type": "Polygon", "coordinates": [ [ [ 820.66025767810163, 117.695155370469806 ], [ 834.062862417314705, 107.363980888568506 ], [ 841.601827577081622, 115.461387915937195 ], [ 837.134292665132534, 121.976542994942903 ], [ 849.79230824794638, 132.77308569842171 ], [ 854.847612796270482, 145.538618492357614 ], [ 846.284837548528344, 153.636025518764598 ], [ 839.862756112421152, 148.516975099683293 ], [ 828.786992475084844, 158.568928651330708 ], [ 832.603011879902851, 166.85248296617641 ], [ 821.620321891594244, 175.322184572345805 ], [ 799.626820218290504, 147.324658653481606 ], [ 806.408904314851043, 141.563533449381111 ], [ 810.526834165329774, 140.945554050979212 ], [ 823.86826412150856, 127.452516937854398 ], [ 818.400344316982114, 119.348662863669801 ], [ 820.66025767810163, 117.695155370469806 ] ] ] } },
{ "type": "Feature", "properties": { "feature_type": "building", "subtype": "no-damage", "uid": "1255c2bb-09c6-4f8d-88e4-7af77063b37c" }, "geometry": { "type": "Polygon", "coordinates": [ [ [ 829.276374820146202, 107.883043103500796 ], [ 815.176909070117631, 119.101972839402904 ], [ 801.683871955072732, 120.466437270160199 ], [ 782.278155651581073, 105.608935724354794 ], [ 768.636426765256715, 94.738534810263303 ], [ 763.053382502743375, 80.84031824271969 ], [ 780.990397047594911, 67.892407080640808 ], [ 794.263321849712611, 57.520148771089282 ], [ 810.333680666563851, 79.654793927084469 ], [ 805.330644429630979, 85.264258796478032 ], [ 808.514394760410596, 89.206044919305299 ], [ 808.788776462563078, 92.218733415976018 ], [ 812.726760779041001, 95.792089554497821 ], [ 819.290067971568078, 95.20868447130519 ], [ 822.134167756098464, 98.782040609826993 ], [ 820.74858068135245, 99.511296963096541 ], [ 829.276374820146202, 107.883043103500796 ] ] ] } },
{ "type": "Feature", "properties": { "feature_type": "building", "subtype": "no-damage", "uid": "236c3a6c-3e09-4a9b-b794-f14db3bb8dae" }, "geometry": { "type": "Polygon", "coordinates": [ [ [ 732.05558926699689, 126.473337078761404 ], [ 731.976713152120738, 123.497173587551103 ], [ 728.719135614301649, 121.170332487356703 ], [ 725.926926296377019, 122.845658079458204 ], [ 716.247267319685875, 111.956041730317494 ], [ 712.524321558365955, 102.834824618940203 ], [ 711.872806048710459, 98.925731570382794 ], [ 704.892282749090555, 83.847801243392496 ], [ 723.696643030372798, 69.053207854833758 ], [ 734.612358447337897, 84.062316557581966 ], [ 746.785323063958003, 102.596913744702206 ], [ 743.934406848285676, 123.622420857558893 ], [ 735.500446363488663, 123.028479979984894 ], [ 732.05558926699689, 126.473337078761404 ] ] ] } },
{ "type": "Feature", "properties": { "feature_type": "building", "subtype": "no-damage", "uid": "c551c418-913d-4f45-a995-59f11f21a609" }, "geometry": { "type": "Polygon", "coordinates": [ [ [ 719.648979894512308, 70.049165779813066 ], [ 706.71174337747766, 81.218003060169281 ], [ 690.640508208802885, 64.52536325850798 ], [ 686.092293453276852, 57.551433962203816 ], [ 681.99890016629513, 61.038398611317582 ], [ 677.90550688448252, 56.490183853025592 ], [ 680.634435739264632, 53.609647839376557 ], [ 674.873363713771141, 46.48411138420623 ], [ 670.628363271529565, 50.729111825727529 ], [ 660.77389796374257, 44.664825480697097 ], [ 658.348183428495759, 39.510182086940397 ], [ 657.893361950815461, 38.145717660991487 ], [ 660.167469329480014, 38.903753454360711 ], [ 661.83514807195877, 32.991074268196463 ], [ 665.625327037481725, 38.145717660991487 ], [ 668.960684526045611, 36.781253233119223 ], [ 675.176578030421524, 31.778216999190381 ], [ 676.844256778790509, 22.226966007931232 ], [ 681.240864375570709, 19.043215677511508 ], [ 683.363364595850044, 21.31732305569583 ], [ 686.442012390336458, 19.73715478959712 ], [ 691.755952744970273, 20.594241945156501 ], [ 697.698423681958275, 16.594501891649411 ], [ 700.66965914720663, 19.965711364605291 ], [ 694.841466501689524, 28.53658290577404 ], [ 694.955744787270305, 30.936426938070639 ], [ 700.498241721480099, 38.650211324641667 ], [ 705.75504292815458, 34.136218978568287 ], [ 703.4123380418946, 30.993566081582259 ], [ 699.698293708350661, 23.051225119041369 ], [ 702.212416026828464, 19.965711364605291 ], [ 707.157171708209262, 12.479247578979979 ], [ 716.278388817420705, 7.174049872421584 ], [ 714.646082185236537, 4.54615433414701 ], [ 712.728409052562483, 3.050830464094852 ], [ 710.764078046648592, 1.240786648645906 ], [ 708.993845662414401, 0.003015305299075 ], [ 747.362565975872826, 0.002794155541194 ], [ 763.807510403865535, 23.019269063174249 ], [ 735.750964317895523, 38.305249343391907 ], [ 728.591707728516099, 29.59804538461384 ], [ 717.949569559136421, 37.91826250146341 ], [ 727.624240626339656, 55.332670416134533 ], [ 717.756076138292428, 62.104940159500053 ], [ 710.403326129992365, 51.269308568191867 ], [ 707.500924814206996, 54.171709888425667 ], [ 707.694418235772218, 56.106644099991527 ], [ 719.648979894512308, 70.049165779813066 ] ] ] } },
{ "type": "Feature", "properties": { "feature_type": "building", "subtype": "no-damage", "uid": "41695c11-b41c-4b3e-9a97-e6b8d46d13c0" }, "geometry": { "type": "Polygon", "coordinates": [ [ [ 658.261642681417243, 33.956654575517852 ], [ 650.226463276658023, 25.466653695360272 ], [ 645.678248519088356, 19.857188825966709 ], [ 645.981462837181311, 17.128259971183859 ], [ 639.613962173939171, 9.244687722644302 ], [ 636.733426159810051, 10.912366466325579 ], [ 627.791353224944146, 0.003354199706771 ], [ 660.834851879511234, 0.003237460007738 ], [ 648.710391689679568, 9.547902039414987 ], [ 650.681284755901061, 11.97361657742716 ], [ 660.409945514091191, 5.091745854368055 ], [ 661.563447956434629, 0.003234557671409 ], [ 674.430765841586208, 0.00318099331382 ], [ 683.37094551529151, 7.456466708689536 ], [ 680.247570873357745, 14.59479991670872 ], [ 671.932398566768143, 14.11964721445719 ], [ 670.541822532384913, 18.03790292149591 ], [ 664.174321871066127, 23.192546314290929 ], [ 666.448429250812637, 27.13433243904155 ], [ 658.261642681417243, 33.956654575517852 ] ] ] } },
{ "type": "Feature", "properties": { "feature_type": "building", "subtype": "no-damage", "uid": "6314e4f9-ee19-4cac-967d-f2c639210ceb" }, "geometry": { "type": "Polygon", "coordinates": [ [ [ 928.093082352455554, 143.008788999054588 ], [ 903.150921658402922, 145.478309858131496 ], [ 903.150921659244432, 141.033172308331103 ], [ 890.30941318757607, 142.020980653692902 ], [ 884.760934175519765, 128.898161024580986 ], [ 885.215755649834136, 104.641015648305995 ], [ 884.457719858508653, 82.051549015712297 ], [ 900.679685829057007, 75.684048352949503 ], [ 907.19879364671749, 70.074583485479295 ], [ 925.846474156118916, 70.984226434829665 ], [ 929.939867440095327, 134.962447368649805 ], [ 928.093082352455554, 143.008788999054588 ] ] ] } },
{ "type": "Feature", "properties": { "feature_type": "building", "subtype": "no-damage", "uid": "360d6393-9fbf-4c4f-80f1-d635c04b4d37" }, "geometry": { "type": "Polygon", "coordinates": [ [ [ 898.746831493925583, 30.040116073562171 ], [ 895.866295480758026, 57.935833257817102 ], [ 889.347187660573127, 65.819405504433306 ], [ 872.063971576038512, 63.545298126248987 ], [ 870.093078515586967, 54.600475768531211 ], [ 860.664642510033559, 52.771964208147622 ], [ 861.353213433725159, 28.236071585410919 ], [ 898.746831493925583, 30.040116073562171 ] ] ] } },
{ "type": "Feature", "properties": { "feature_type": "building", "subtype": "no-damage", "uid": "3c70bfd7-bd4a-4a69-9754-29b17898170d" }, "geometry": { "type": "Polygon", "coordinates": [ [ [ 848.299642952111753, 24.80642863657156 ], [ 846.862857271771418, 50.561964207962298 ], [ 834.768610562284493, 50.203868168143728 ], [ 832.342896024633546, 57.632618940084747 ], [ 810.359858024143932, 52.932797021964909 ], [ 812.785572560713035, 41.410652971215477 ], [ 814.908072783997568, 40.501010017056728 ], [ 818.395037428061642, 21.095293716806069 ], [ 848.299642952111753, 24.80642863657156 ] ] ] } },
{ "type": "Feature", "properties": { "feature_type": "building", "subtype": "no-damage", "uid": "9054c806-5c78-4faf-99bd-67c7a7f6fcb4" }, "geometry": { "type": "Polygon", "coordinates": [ [ [ 428.780000001241376, 223.050000001363912 ], [ 427.308612351874388, 233.691785364742202 ], [ 425.180184718022588, 236.787680103055209 ], [ 429.243546562959011, 246.075364325687701 ], [ 409.700711015161403, 265.618199872889022 ], [ 400.800013638546716, 259.426410393377921 ], [ 383.966085984848974, 243.559949849305809 ], [ 394.221237313983181, 234.272265626673288 ], [ 412.603112335033927, 213.568469550801495 ], [ 416.619999999592494, 210.060000000265802 ], [ 428.780000001241376, 223.050000001363912 ] ] ] } },
{ "type": "Feature", "properties": { "feature_type": "building", "subtype": "no-damage", "uid": "0a21e08e-4013-43e8-8aae-f185743601b5" }, "geometry": { "type": "Polygon", "coordinates": [ [ [ 445.3195355139149, 198.540052963302088 ], [ 440.095213140428427, 204.7318424447366 ], [ 463.508327739415904, 204.7318424447366 ], [ 469.778327744319427, 209.409048111847596 ], [ 478.970000001108986, 208.900000000668996 ], [ 476.952040005687422, 214.143448352478089 ], [ 478.71769514227168, 218.734151710555693 ], [ 475.478309288084688, 222.899076383093586 ], [ 475.510000003647122, 222.930000000609709 ], [ 475.176530871319187, 223.171400815997487 ], [ 476.110000000806224, 233.7200000013448 ], [ 475.935647727030016, 233.688192985929703 ], [ 474.453935209228121, 241.0967555679687 ], [ 463.341091337855289, 240.602851395768596 ], [ 462.35328299357559, 245.047988944607312 ], [ 436.917218133093172, 244.060180599245598 ], [ 438.15197856251109, 221.093636597232887 ], [ 429.01475137885609, 221.340588684775412 ], [ 428.870000003489906, 222.410000001188308 ], [ 417.00000000318272, 209.739999999216394 ], [ 420.149355765259884, 206.989693228400313 ], [ 439.514732877415611, 186.349967422359214 ], [ 445.3195355139149, 198.540052963302088 ] ] ] } },
{ "type": "Feature", "properties": { "feature_type": "building", "subtype": "no-damage", "uid": "e4fd1c5b-8883-43c2-95c9-dd89314474a6" }, "geometry": { "type": "Polygon", "coordinates": [ [ [ 518.164454439905626, 210.721648984878698 ], [ 519.893119041523505, 216.154594877155802 ], [ 543.600519298945528, 217.636307392794208 ], [ 541.871854699251003, 233.441240900310504 ], [ 551.256033967443273, 233.688192985929703 ], [ 550.515177709864702, 257.395593244800011 ], [ 519.152262783223591, 256.654736987942385 ], [ 516.929694011930223, 250.233982751265188 ], [ 519.399214868121476, 233.935145071548902 ], [ 515.201029405143345, 233.441240900310504 ], [ 513.472364806771111, 240.602851395768596 ], [ 497.173527128741625, 243.319324341426409 ], [ 489.271060371860017, 235.910761760349089 ], [ 476.619999998722108, 233.800000000885888 ], [ 475.699611106558791, 223.408874959781912 ], [ 482.576996389870317, 218.396543310969093 ], [ 484.588000445223372, 217.391041285696502 ], [ 485.069999999895401, 209.460000000341694 ], [ 518.164454439905626, 210.721648984878698 ] ] ] } },
{ "type": "Feature", "properties": { "feature_type": "building", "subtype": "no-damage", "uid": "cd7dcef0-4a79-44eb-b6fb-84d31d9bd29c" }, "geometry": { "type": "Polygon", "coordinates": [ [ [ 496.189593480996621, 154.012617069971412 ], [ 498.993819970095387, 154.097593629066893 ], [ 498.619139301548785, 157.938070490325913 ], [ 502.000399416272614, 157.744855625370292 ], [ 502.910706366176782, 159.656500212163706 ], [ 513.301824824369874, 162.068724141800914 ], [ 514.169999999093307, 165.700000001323787 ], [ 513.71931689202961, 173.184931907292309 ], [ 503.347329277514177, 178.864829885188612 ], [ 504.335137622394882, 187.755104983827692 ], [ 517.42359817944191, 188.002057069446806 ], [ 516.682741923426079, 198.127092596181797 ], [ 508.780275172194195, 198.867948854001014 ], [ 506.557706393808473, 208.005176038259293 ], [ 478.89907275998911, 207.264319779478399 ], [ 479.040000001188275, 208.390000000108387 ], [ 469.931725713700928, 208.899641824669686 ], [ 464.070000000512607, 204.530000000372098 ], [ 463.31442369399889, 193.122237167648109 ], [ 460.992502639783822, 192.154770060903388 ], [ 460.412022374727485, 190.219835848375908 ], [ 456.54215395219768, 189.639355584521496 ], [ 458.090101319550683, 181.319138470556908 ], [ 465.82983817062069, 173.579401618523491 ], [ 472.408614497227688, 174.159881882377903 ], [ 476.768022022595574, 173.885387505888787 ], [ 476.574528601270799, 165.758663811926795 ], [ 470.382739120919723, 165.178183548072411 ], [ 470.769725963809776, 157.825433538929104 ], [ 491.473522039436205, 157.051459854110391 ], [ 491.280028621116628, 153.762071692909814 ], [ 496.199593479496684, 153.762071693871491 ], [ 496.189593480996621, 154.012617069971412 ] ] ] } },
{ "type": "Feature", "properties": { "feature_type": "building", "subtype": "no-damage", "uid": "0090f5ef-77f4-4bfa-8950-a12ce2a7bd54" }, "geometry": { "type": "Polygon", "coordinates": [ [ [ 513.980000000183281, 129.910000000224187 ], [ 513.560879743841156, 130.142522328361906 ], [ 516.289808595978684, 131.052165280597308 ], [ 515.683379962677918, 135.903594354698299 ], [ 530.540881504512868, 133.781094135380187 ], [ 532.056953088726459, 135.145558561329096 ], [ 534.937489103456755, 135.751987196793806 ], [ 534.937489105860891, 138.7841303673857 ], [ 543.124275667923598, 137.419665940475113 ], [ 543.579097142959199, 133.629486975552311 ], [ 558.436598688640856, 133.326272659743296 ], [ 560.090000000375539, 134.020000000329503 ], [ 559.437716464176333, 144.00210789250329 ], [ 563.067466935470634, 143.710000001363994 ], [ 562.121925753798109, 160.343423432976294 ], [ 554.466411085300251, 159.355615088576201 ], [ 553.478602741982286, 162.072088036157311 ], [ 545.082231819752678, 162.072088037118903 ], [ 538.908429666171742, 159.355615088576201 ], [ 539.402333840174833, 164.78856098181501 ], [ 526.560825363697973, 166.270273497453388 ], [ 514.540000000577152, 165.070000000009088 ], [ 513.715902266411376, 161.651553464614011 ], [ 503.258524474051114, 159.223947903500289 ], [ 502.307358539689119, 157.2264994426979 ], [ 499.173463576250185, 157.405579155581393 ], [ 499.543372059895376, 153.614017206240902 ], [ 497.489999999932479, 153.549999999734894 ], [ 498.988723797596379, 130.473534410840188 ], [ 512.499629633701488, 129.232879375164913 ], [ 512.500000003864898, 129.18999999954579 ], [ 513.980000000183281, 129.910000000224187 ] ] ] } },
{ "type": "Feature", "properties": { "feature_type": "building", "subtype": "no-damage", "uid": "335df094-8b60-45c3-bac3-00368ae5b257" }, "geometry": { "type": "Polygon", "coordinates": [ [ [ 527.963559806553235, 124.229843141236003 ], [ 523.112130732212904, 127.868414948254298 ], [ 520.534809035695844, 128.323236423891103 ], [ 520.009999999972251, 126.760000001343798 ], [ 520.110947931005512, 126.545557515793305 ], [ 519.930000001152393, 126.510000000012994 ], [ 519.928380400832339, 126.503950521343697 ], [ 519.909999999584215, 126.510000000974699 ], [ 513.103214316029494, 125.583214318429796 ], [ 512.954451105491557, 123.168593031096094 ], [ 508.406236346839989, 122.713771556420895 ], [ 516.593022912629067, 114.375377832244496 ], [ 527.963559806553235, 124.229843141236003 ] ] ] } },
{ "type": "Feature", "properties": { "feature_type": "building", "subtype": "no-damage", "uid": "7cd1dbce-a5a5-4a50-b9c2-98d4379d19e1" }, "geometry": { "type": "Polygon", "coordinates": [ [ [ 598.802027554904384, 149.124043999389613 ], [ 618.758441090575275, 150.90586663595829 ], [ 618.283288386520667, 162.428319688397607 ], [ 632.080000002489783, 165.599999999252788 ], [ 633.100000000845966, 168.329999999821212 ], [ 632.961716993360369, 168.353946964343493 ], [ 633.735690678779861, 183.833420666487086 ], [ 628.828951586995117, 190.924798653159002 ], [ 628.828951584470815, 223.073198865136305 ], [ 593.213567034051721, 223.388379258786813 ], [ 594.699576526423357, 196.718081615884699 ], [ 543.111136274220144, 195.842401741826905 ], [ 544.098944620663474, 164.232534730640992 ], [ 581.635661695836689, 163.491678471860212 ], [ 583.858230469654472, 161.516061783059996 ], [ 583.589999999601901, 161.239999999740093 ], [ 591.267851876732493, 156.3561675426173 ], [ 590.820548239800587, 151.137625116873295 ], [ 595.38229340732596, 150.549012836478994 ], [ 597.59000000199535, 147.819999998584308 ], [ 598.802027554904384, 149.124043999389613 ] ] ] } },
{ "type": "Feature", "properties": { "feature_type": "building", "subtype": "no-damage", "uid": "e1f26b9b-8f45-4341-be43-de34d0185085" }, "geometry": { "type": "Polygon", "coordinates": [ [ [ 586.450421769574177, 71.725209309715865 ], [ 589.739809929211333, 69.016301412369657 ], [ 602.703869157975078, 81.786867215243689 ], [ 603.864829682077357, 83.915294849697148 ], [ 599.99496125738392, 87.591669853787963 ], [ 604.05832310304163, 91.268044857878763 ], [ 619.924783649874712, 76.369051420551273 ], [ 639.940430445018706, 76.661457525305977 ], [ 642.068858076947208, 88.464556220473725 ], [ 610.529430413861974, 121.745424680178601 ], [ 596.597904081719662, 119.423503624760897 ], [ 584.020831698731058, 132.581056272448507 ], [ 593.502009336555489, 143.416687862794987 ], [ 597.240000000396776, 147.450000000346108 ], [ 595.119363308558945, 150.0787941531093 ], [ 590.281464640207446, 150.703039142682712 ], [ 590.743803955270437, 156.096997818337798 ], [ 583.230000000825612, 160.880000001324305 ], [ 567.312440708890904, 144.723319933066989 ], [ 566.870000001031144, 143.990000000238695 ], [ 568.955888562526184, 141.899345904788703 ], [ 565.230000000461587, 135.640000000413096 ], [ 564.804099350560705, 128.020022108082088 ], [ 546.76284747650368, 112.101270453098493 ], [ 553.281955294404611, 105.2789483156605 ], [ 551.462669391737336, 103.004840936514597 ], [ 556.768919943036622, 95.727697324401404 ], [ 560.407491749332735, 97.850197543719531 ], [ 571.778028644098299, 85.721624856543713 ], [ 564.652492191093529, 78.14126692477484 ], [ 578.904178335982351, 64.759446143462739 ], [ 586.450421769574177, 71.725209309715865 ] ] ] } },
{ "type": "Feature", "properties": { "feature_type": "building", "subtype": "no-damage", "uid": "a121e617-c890-4494-abca-448efe6540fb" }, "geometry": { "type": "Polygon", "coordinates": [ [ [ 669.725467031975768, 132.557664029218387 ], [ 669.338480192812085, 151.520019312565211 ], [ 684.624460470381564, 151.520019312565211 ], [ 683.270006521708751, 168.353946964343493 ], [ 638.350000001142462, 167.590000000459696 ], [ 637.140000001832732, 164.4700000010466 ], [ 637.833317174040417, 156.079738970533299 ], [ 636.083101920736453, 155.204631345263493 ], [ 636.593581367808611, 149.808134319721205 ], [ 637.687465900477491, 149.443506142124704 ], [ 637.999747498687498, 135.552330637707513 ], [ 648.247697274776442, 128.881289024165909 ], [ 669.725467031975768, 132.557664029218387 ] ] ] } },
{ "type": "Feature", "properties": { "feature_type": "building", "subtype": "no-damage", "uid": "f9529559-bad0-4a49-b156-33ea6d18b06f" }, "geometry": { "type": "Polygon", "coordinates": [ [ [ 516.638014230545878, 271.860494728278525 ], [ 516.578757314940049, 277.252025540931982 ], [ 530.074435695487523, 277.531246472147473 ], [ 532.401276795200488, 280.974971301050687 ], [ 541.61556755199706, 279.765013928603423 ], [ 540.77790475462416, 277.345099184670516 ], [ 548.503017206556137, 274.925184438814199 ], [ 560.137222706443595, 286.373242651347709 ], [ 552.970552117904276, 294.47064967967799 ], [ 553.387037947097383, 297.483343751180996 ], [ 544.119645014746311, 307.377516877474875 ], [ 540.493273869332484, 305.362866241360507 ], [ 539.133940156257836, 308.168867705787875 ], [ 528.673046212645545, 307.259224753552473 ], [ 527.48066002514372, 309.086730314926626 ], [ 518.57072672865479, 308.665788583486403 ], [ 518.149784994329593, 311.647459176139023 ], [ 515.027800491077528, 311.331752878760881 ], [ 513.098484225102538, 309.402436612304712 ], [ 511.581236087907314, 315.213637981169882 ], [ 496.986211477550228, 314.54208776945228 ], [ 495.975665265185512, 313.18519266453859 ], [ 496.06873891060701, 307.321553091702526 ], [ 492.159645862411082, 307.600774023879694 ], [ 492.066572214705673, 309.741467835635376 ], [ 475.871758158048806, 308.252289530049325 ], [ 472.800327911312877, 300.154882504603904 ], [ 474.661800786202775, 284.518510312297622 ], [ 476.150979090706812, 278.841018027900077 ], [ 478.570893836322114, 271.953568372017003 ], [ 516.638014230545878, 271.860494728278525 ] ] ] } },
{ "type": "Feature", "properties": { "feature_type": "building", "subtype": "no-damage", "uid": "5eee1b6b-091e-4c97-a026-dd7fdfe35629" }, "geometry": { "type": "Polygon", "coordinates": [ [ [ 479.300991586317707, 344.420645496083694 ], [ 479.300991587760223, 338.836226855424684 ], [ 479.114844299441813, 332.693366350411395 ], [ 479.580212520057501, 325.898990338266799 ], [ 481.069390822998685, 316.033184076981513 ], [ 488.794503274329713, 312.589459246154888 ], [ 503.779359962386309, 315.847036785657679 ], [ 495.775026574310175, 318.825393395868389 ], [ 496.984983948199726, 325.061327543658592 ], [ 498.567235896081627, 327.667389576991923 ], [ 503.220918095868228, 323.944443815911484 ], [ 504.989317332429096, 320.500718987008213 ], [ 507.595379366843588, 316.312405007235327 ], [ 510.294515041270188, 316.31240500819689 ], [ 518.391922070199712, 317.894656954636616 ], [ 520.253394947493803, 314.357858483918221 ], [ 530.956864009275137, 317.801583310898081 ], [ 521.649499607778466, 328.691199660038819 ], [ 526.023960874666727, 332.507219062934382 ], [ 520.904910454504716, 336.881680332107692 ], [ 515.041270884795381, 344.420645495122017 ], [ 507.688453007336477, 349.632769559865324 ], [ 503.220918098272421, 345.816750155046293 ], [ 479.300991586317707, 344.420645496083694 ] ] ] } },
{ "type": "Feature", "properties": { "feature_type": "building", "subtype": "no-damage", "uid": "e35d1b89-d780-4b87-ad0d-dda0a1f23799" }, "geometry": { "type": "Polygon", "coordinates": [ [ [ 724.420338370316813, 180.670241763229512 ], [ 745.4937334177298, 205.078994300293999 ], [ 739.732661392957539, 209.4756018987581 ], [ 726.542838593360898, 219.481674368539188 ], [ 700.314800154356249, 216.449531196985589 ], [ 688.337834622202763, 229.9425683120337 ], [ 674.693190348171584, 216.146316877329895 ], [ 687.428191669847365, 203.866137029364609 ], [ 692.128013587845885, 200.682386700868193 ], [ 688.337834621721981, 197.801850687219201 ], [ 703.346943323504888, 182.489527667700287 ], [ 712.140158527884068, 177.789705751503789 ], [ 724.420338370316813, 180.670241763229512 ] ] ] } },
{ "type": "Feature", "properties": { "feature_type": "building", "subtype": "no-damage", "uid": "c81e03c2-93f1-4dcd-a079-982ec2a31404" }, "geometry": { "type": "Polygon", "coordinates": [ [ [ 646.245437458231322, 262.027399070682009 ], [ 651.24847368975486, 253.082576712964197 ], [ 666.409189555092098, 237.61864653554079 ], [ 692.334013675763458, 237.012217900076109 ], [ 697.488657065431767, 240.802396865960503 ], [ 698.246692858680603, 247.473111843570592 ], [ 697.03383559352153, 249.595612065773793 ], [ 704.310979203469174, 255.508291250976413 ], [ 689.756691978284607, 269.001328366024381 ], [ 684.450441427946998, 263.998292132095628 ], [ 681.115083937339591, 267.182042463476989 ], [ 669.138118408912646, 267.182042464438723 ], [ 659.738474576281419, 276.430079138927226 ], [ 646.245437458231322, 262.027399070682009 ] ] ] } },
{ "type": "Feature", "properties": { "feature_type": "building", "subtype": "no-damage", "uid": "4b26b705-e872-4ff0-ac14-0a7249917acc" }, "geometry": { "type": "Polygon", "coordinates": [ [ [ 703.958171382244473, 267.31519739692601 ], [ 726.481993229827481, 244.046786397866811 ], [ 736.068578566987412, 242.557608094203999 ], [ 763.153008967493179, 270.665848582090689 ], [ 750.122301408790008, 288.125189588839987 ], [ 746.476019633547594, 282.655766927778302 ], [ 744.215324933652369, 284.770610357837711 ], [ 745.455060735436405, 289.802479203860173 ], [ 742.756812223507268, 290.240033017937719 ], [ 742.392184045670547, 292.281950810554406 ], [ 741.225373880247275, 292.281950811516083 ], [ 742.319258409790677, 294.761422419171879 ], [ 741.735853329002339, 295.563604408922401 ], [ 739.475158626943198, 295.34482750140279 ], [ 739.11053045175106, 292.865355896632082 ], [ 737.43324083264406, 293.229984072305172 ], [ 737.870794646841546, 296.803340210826889 ], [ 739.110530451630893, 299.136960546482612 ], [ 733.859884696286827, 302.272762872850308 ], [ 725.400510977974704, 293.448760977901372 ], [ 721.535452299540452, 299.064034911924921 ], [ 714.461665657536969, 292.281950810554406 ], [ 718.545501245654577, 287.104230693493321 ], [ 717.451616712144187, 285.062312898953223 ], [ 715.701401459922067, 280.322146592122692 ], [ 703.958171382244473, 267.31519739692601 ] ] ] } },
{ "type": "Feature", "properties": { "feature_type": "building", "subtype": "no-damage", "uid": "99c9443b-cefd-4655-8cce-608e6a8f068c" }, "geometry": { "type": "Polygon", "coordinates": [ [ [ 769.286312085704594, 292.315184127131772 ], [ 770.403195814292872, 298.364970988406697 ], [ 769.751680308484083, 305.066273355851081 ], [ 777.476792757170415, 303.20480047531089 ], [ 786.50493622721126, 315.49052148437579 ], [ 785.294978854884448, 326.193990542192921 ], [ 788.738703681863512, 329.823862660496388 ], [ 782.502769535517359, 338.107416975342176 ], [ 779.059044706975556, 335.501354944893876 ], [ 765.842587260288269, 348.903959678821025 ], [ 758.210548450171359, 348.159370527951182 ], [ 751.974614303945373, 341.17884722736801 ], [ 760.630463193142077, 335.315207655493509 ], [ 758.862063958865178, 335.408281300193721 ], [ 758.955137604647234, 333.267587487476305 ], [ 755.883707350578561, 332.243777404429409 ], [ 748.158594901771949, 320.144203682841407 ], [ 746.48326931003146, 320.981866479373025 ], [ 738.665083210273906, 316.328184278984111 ], [ 738.851230498592372, 310.557618350848088 ], [ 743.039544478845187, 306.462378017698711 ], [ 750.764656930055935, 306.834672590729383 ], [ 750.950804216931829, 296.875792681858911 ], [ 753.370718965912943, 297.713455479352092 ], [ 759.418501289965207, 293.422716998447072 ], [ 759.734207589266589, 293.282403087966998 ], [ 769.286312085704594, 292.315184127131772 ] ] ] } },
{ "type": "Feature", "properties": { "feature_type": "building", "subtype": "no-damage", "uid": "225c4047-0926-44fa-a726-5f3a77bf9d50" }, "geometry": { "type": "Polygon", "coordinates": [ [ [ 653.013877134251743, 281.776985986210093 ], [ 667.347218312412451, 297.599505466955179 ], [ 663.531198907113549, 302.253187666382416 ], [ 652.176214338802197, 311.560552067160074 ], [ 648.453268578203506, 309.978300117835374 ], [ 640.542008839636082, 314.818129606662922 ], [ 641.845039854980087, 320.030253671406172 ], [ 637.005210366995129, 322.636315702816091 ], [ 622.858016479436856, 318.354928079304614 ], [ 620.62424902370276, 314.073540452908219 ], [ 622.858016482802782, 312.491288505506816 ], [ 614.202167589398755, 303.183924106652512 ], [ 617.832039706619639, 299.740199277749184 ], [ 618.018186990730669, 297.599505465993616 ], [ 612.355566770664495, 292.014293280614083 ], [ 617.897915069768601, 276.04357910958322 ], [ 624.534147896853256, 270.136602634444216 ], [ 635.108365043300864, 269.990751363405593 ], [ 636.129323936964397, 278.304273807796221 ], [ 643.567738759569465, 283.992473377339024 ], [ 653.013877134251743, 281.776985986210093 ] ] ] } },
{ "type": "Feature", "properties": { "feature_type": "building", "subtype": "no-damage", "uid": "f86d0651-92da-4c93-a75e-6f9202e250d1" }, "geometry": { "type": "Polygon", "coordinates": [ [ [ 654.93486072723158, 316.076753006552622 ], [ 664.200338436761285, 306.217334417282927 ], [ 681.780988455885904, 322.847679026859907 ], [ 681.66220028020291, 327.361629706423628 ], [ 685.938574608760064, 325.223442543887472 ], [ 687.957973596093325, 340.784693571715593 ], [ 682.858450254272384, 342.989270868052586 ], [ 682.256141159700064, 351.475629393051008 ], [ 657.429412418138554, 351.356841217728515 ], [ 657.429412419220512, 339.953176341573396 ], [ 652.321520858718145, 339.478023637398508 ], [ 651.490003627974943, 319.284033753722497 ], [ 654.93486072723158, 316.076753006552622 ] ] ] } },
{ "type": "Feature", "properties": { "feature_type": "building", "subtype": "no-damage", "uid": "21236ab5-f196-45f1-938c-231629750bd5" }, "geometry": { "type": "Polygon", "coordinates": [ [ [ 721.232085225081732, 357.412070978034876 ], [ 723.651999969495023, 352.479167848353882 ], [ 741.880000001079679, 369.440000000337307 ], [ 740.749999999147235, 372.900000001406397 ], [ 733.589210210692386, 385.525246495524414 ], [ 725.867978780835074, 393.127689744050485 ], [ 711.732185865775364, 393.008901568727993 ], [ 711.732185861327594, 389.088891767699977 ], [ 701.635190921415415, 387.188280956770484 ], [ 700.32852098794001, 378.991896825862 ], [ 693.201230438181028, 376.497345132550208 ], [ 691.538195980300998, 367.707020126952727 ], [ 682.866659148345093, 363.311857621749709 ], [ 691.063043274683764, 354.402744435059674 ], [ 684.291090704846397, 343.750361108832578 ], [ 684.067240633873212, 343.168350923292508 ], [ 683.48523044989588, 342.944500854963906 ], [ 686.577676522286311, 324.358812323916084 ], [ 721.232085225081732, 357.412070978034876 ] ] ] } },
{ "type": "Feature", "properties": { "feature_type": "building", "subtype": "no-damage", "uid": "3461fe72-b474-4763-b166-883d955cf3ce" }, "geometry": { "type": "Polygon", "coordinates": [ [ [ 772.07657916470157, 356.303355248874084 ], [ 746.180756841151037, 381.605236693534607 ], [ 741.904382512593884, 374.359157969052376 ], [ 741.290000000617511, 372.870000000977427 ], [ 742.280000001189251, 369.810000000498917 ], [ 742.359802415265221, 369.883939276500314 ], [ 762.649856806272624, 349.128516664150879 ], [ 765.842587260288269, 348.903959678821025 ], [ 772.07657916470157, 356.303355248874084 ] ] ] } },
{ "type": "Feature", "properties": { "feature_type": "building", "subtype": "no-damage", "uid": "6c069862-79da-44e2-917f-a4dfa4970cf0" }, "geometry": { "type": "Polygon", "coordinates": [ [ [ 644.463463216302557, 322.805557528382792 ], [ 650.759236532433533, 326.725567328449188 ], [ 650.284083830422446, 333.140128822789109 ], [ 637.336172670750898, 347.157133565655101 ], [ 629.021000367166494, 338.960749437631591 ], [ 644.463463216302557, 322.805557528382792 ] ] ] } },
{ "type": "Feature", "properties": { "feature_type": "building", "subtype": "no-damage", "uid": "cd4a0308-f564-4da1-86e8-b887666241e4" }, "geometry": { "type": "Polygon", "coordinates": [ [ [ 554.932381794105822, 339.225801096532109 ], [ 554.839308151329078, 347.509355413301193 ], [ 566.473513654101566, 336.4335917766835 ], [ 566.999999998842895, 334.759999999722424 ], [ 575.831843297435967, 348.898311155318993 ], [ 589.680000000849759, 357.03000000144192 ], [ 605.458527896046348, 374.906762470124704 ], [ 587.417276019464907, 390.522299804491013 ], [ 573.772631743750821, 378.848548593913677 ], [ 559.824773150063947, 394.009264454566392 ], [ 549.712559738204845, 384.521110292610388 ], [ 550.150113552041717, 382.552118135513012 ], [ 544.53483962186624, 377.447323653009391 ], [ 541.471962931138705, 381.677010509281615 ], [ 539.284193865320162, 382.11456432143558 ], [ 537.533978613458657, 380.801902883049991 ], [ 534.544027562457813, 382.552118135513012 ], [ 530.533117606974542, 378.759985089471627 ], [ 537.876469736882996, 370.441896711301808 ], [ 534.974068416770024, 366.95901512721349 ], [ 522.783982874627895, 376.053205928881823 ], [ 517.946647344151756, 373.924778295390013 ], [ 515.818219711862525, 369.087442761666978 ], [ 530.136732886534219, 355.736396694938492 ], [ 549.999478661541048, 334.385971608666182 ], [ 554.932381794105822, 339.225801096532109 ] ] ] } },
{ "type": "Feature", "properties": { "feature_type": "building", "subtype": "no-damage", "uid": "fe4ff292-6ed1-4092-8c6e-d188a2c84edf" }, "geometry": { "type": "Polygon", "coordinates": [ [ [ 587.988283534050765, 320.969661600221684 ], [ 602.08774928155492, 312.024839241542281 ], [ 627.59317304855017, 338.066222928152001 ], [ 645.179603449254387, 357.017117755650816 ], [ 631.383352013832678, 366.871583063680589 ], [ 611.977635711903758, 352.468902994473808 ], [ 605.003706416683144, 342.917652004176375 ], [ 589.880000000543987, 356.560000001132721 ], [ 576.19079270924351, 348.529232095901989 ], [ 567.190000000758232, 334.130000001292615 ], [ 568.279352911384194, 330.672519749385401 ], [ 561.911852250786751, 324.608233405316696 ], [ 576.470863106603474, 309.239648157531292 ], [ 587.988283534050765, 320.969661600221684 ] ] ] } },
{ "type": "Feature", "properties": { "feature_type": "building", "subtype": "no-damage", "uid": "79bfc0dd-cef4-47a0-9eee-3212a0c63e4b" }, "geometry": { "type": "Polygon", "coordinates": [ [ [ 715.706021292481637, 393.838625661821823 ], [ 720.905683359731597, 398.409757152368513 ], [ 705.706671161120425, 414.465856505100078 ], [ 700.22131337282633, 407.43774184259189 ], [ 714.106125269588574, 394.181460523853218 ], [ 715.706021292481637, 393.838625661821823 ] ] ] } },
{ "type": "Feature", "properties": { "feature_type": "building", "subtype": "no-damage", "uid": "bf77bb52-9509-466c-b3a6-72579bee766e" }, "geometry": { "type": "Polygon", "coordinates": [ [ [ 643.71497300757278, 397.756875611309908 ], [ 642.35050858438899, 401.698661734137204 ], [ 645.231044595272579, 403.821161955378727 ], [ 648.99999999979309, 402.77000000088259 ], [ 662.823351904040805, 415.690982492154774 ], [ 663.525535571646856, 417.106964646781023 ], [ 660.285265168916339, 421.11884151878678 ], [ 647.878577997854336, 433.379441696187087 ], [ 636.811255421181613, 445.811228703018685 ], [ 626.024638184439368, 444.743488663995493 ], [ 610.545164483381313, 430.424975489560723 ], [ 615.212827188701453, 424.894557002195711 ], [ 612.63550549230456, 420.649556559712721 ], [ 600.658539963757335, 407.762948078206023 ], [ 606.874433467051404, 402.911519004104889 ], [ 609.300148004221569, 404.427590589881675 ], [ 617.03211309629728, 396.695625501170014 ], [ 624.460863865471651, 403.366340478780216 ], [ 637.195865191715484, 391.389374948547072 ], [ 643.71497300757278, 397.756875611309908 ] ] ] } },
{ "type": "Feature", "properties": { "feature_type": "building", "subtype": "no-damage", "uid": "953aaead-d8c7-4f51-9077-9539edfa8a36" }, "geometry": { "type": "Polygon", "coordinates": [ [ [ 692.774596822377475, 404.885310284915477 ], [ 682.915178230826086, 415.21988158124509 ], [ 672.22424241141664, 403.341064000915082 ], [ 663.315129223767144, 410.705930899758016 ], [ 664.639999999270003, 413.160000000065509 ], [ 662.811598087071275, 414.995629525871379 ], [ 649.5699999985668, 402.619999998737796 ], [ 650.688902304115686, 402.305090368640208 ], [ 652.861769756925924, 396.213773454640375 ], [ 670.442419771482605, 382.909497764670789 ], [ 692.774596822377475, 404.885310284915477 ] ] ] } },
{ "type": "Feature", "properties": { "feature_type": "building", "subtype": "no-damage", "uid": "48f47fd1-2636-4882-8c38-29dbad985f7f" }, "geometry": { "type": "Polygon", "coordinates": [ [ [ 18.945373375931769, 27.66964214719863 ], [ 38.805911152656023, 27.821249306064811 ], [ 39.109125472552073, 43.588393801220569 ], [ 18.94537337893701, 44.346429595551463 ], [ 18.945373375931769, 27.66964214719863 ] ] ] } },
{ "type": "Feature", "properties": { "feature_type": "building", "subtype": "no-damage", "uid": "32c637db-60ec-4a0b-8bf3-77f7d93f15cd" }, "geometry": { "type": "Polygon", "coordinates": [ [ [ -0.000000000120209, 368.247726173665626 ], [ 0.000000002764817, 320.735186871974008 ], [ 3.881585517563793, 317.688079694754208 ], [ 12.894190596788521, 327.085431854691024 ], [ 15.757208010142421, 328.777504217838214 ], [ 31.22113818912484, 342.270541333847973 ], [ 9.692921664873024, 366.376079551256908 ], [ 9.086493033735991, 369.256615565867492 ], [ 4.689885431666632, 373.804830322236228 ], [ -0.000000000120209, 368.247726173665626 ] ] ] } },
{ "type": "Feature", "properties": { "feature_type": "building", "subtype": "no-damage", "uid": "10933c2e-be0d-4469-9873-4104b075a870" }, "geometry": { "type": "Polygon", "coordinates": [ [ [ 42.507747652541497, 239.514563613724903 ], [ 57.668463513070392, 252.097957778460994 ], [ 58.426499307761731, 258.010636964625178 ], [ 44.278784410802608, 272.358511014832573 ], [ 45.006768095842503, 293.371834607348376 ], [ 33.181409721112637, 288.217191213591718 ], [ 22.872122936847362, 274.117725464040575 ], [ 22.2656943003009, 269.114689230111821 ], [ 24.08498020368938, 265.93093889873029 ], [ 20.294801241051509, 262.140759932845924 ], [ 16.049800800012061, 263.202010043947496 ], [ 13.47247910133119, 258.653795283732222 ], [ 13.05000000363575, 254.590000000035786 ], [ 15.38999999862706, 250.259999999990413 ], [ 17.673335229791249, 249.312092951402889 ], [ 19.608269440996011, 247.377158738875409 ], [ 23.865124713267772, 241.378862679366904 ], [ 25.229283012575291, 241.893227744721202 ], [ 28.95222877269314, 244.871584352046909 ], [ 36.863488514025462, 237.704913764948287 ], [ 42.507747652541497, 239.514563613724903 ] ] ] } },
{ "type": "Feature", "properties": { "feature_type": "building", "subtype": "no-damage", "uid": "ffd7f9c0-0b0e-4232-b737-e452a63b8f8f" }, "geometry": { "type": "Polygon", "coordinates": [ [ [ 28.702460243743971, 227.447336347822301 ], [ 34.894249721931281, 232.671658722512092 ], [ 29.089447083989452, 239.056941624910792 ], [ 23.478137871098941, 234.219606093111196 ], [ 15.544907594496831, 247.957639001768086 ], [ 13.222986541123239, 248.344625846581692 ], [ 14.98999999995997, 249.950000000686714 ], [ 12.789999998635921, 254.030000000363088 ], [ 12.56283615186082, 253.802366209631202 ], [ 7.408192759187237, 261.685938457208977 ], [ -0.000000000841466, 255.807794597048712 ], [ -0.000000000841466, 247.422915963683209 ], [ 13.803466804136059, 226.673362663965293 ], [ 28.702460243743971, 227.447336347822301 ] ] ] } },
{ "type": "Feature", "properties": { "feature_type": "building", "subtype": "no-damage", "uid": "bcaa9d92-07d8-4ac2-b287-09a0a02cdabe" }, "geometry": { "type": "Polygon", "coordinates": [ [ [ 69.691535489467171, 290.652692112353179 ], [ 87.658436005771136, 273.834951802927321 ], [ 127.664673944348195, 319.768039805991009 ], [ 125.4421051693283, 327.670506558306727 ], [ 117.786590506360199, 335.572973312545628 ], [ 113.360895676015403, 330.936633390109819 ], [ 97.435645516772652, 345.079662052029221 ], [ 92.584216438465489, 339.470197183597293 ], [ 89.248858948939969, 338.105732757648411 ], [ 86.823144415376134, 335.376803901903827 ], [ 77.726714894707214, 323.399838372632473 ], [ 60.443498815461751, 305.813407973006008 ], [ 59.533855863947828, 302.629657642586324 ], [ 69.691535489467171, 290.652692112353179 ] ] ] } },
{ "type": "Feature", "properties": { "feature_type": "building", "subtype": "no-damage", "uid": "8f0ecf25-c67a-4045-956d-082c1bcd132d" }, "geometry": { "type": "Polygon", "coordinates": [ [ [ 165.162720367805605, 285.044211472523386 ], [ 173.446274684933286, 295.189238669832719 ], [ 188.244984080944988, 307.75418060915149 ], [ 174.750071658617998, 322.760197771707396 ], [ 172.399338975224794, 320.840835487944389 ], [ 168.954481877170309, 323.929328059791885 ], [ 172.755703506841911, 326.89903245247018 ], [ 168.716905525323398, 333.432382124055891 ], [ 168.004176470143108, 336.283298341411808 ], [ 160.758097751192309, 343.529377063970514 ], [ 149.235644694548512, 352.676066600343802 ], [ 140.088955161903897, 342.816648010112374 ], [ 142.702295028253502, 339.833482999867783 ], [ 134.867273876971609, 329.49955639629502 ], [ 134.607921202003212, 325.274887181388408 ], [ 136.864896544789701, 323.255488195136479 ], [ 137.102472896877089, 320.28578379957321 ], [ 139.834600937347091, 317.553655757539673 ], [ 135.558226607708093, 312.326976022194515 ], [ 163.473447918591887, 285.124483764681315 ], [ 165.162720367805605, 285.044211472523386 ] ] ] } },
{ "type": "Feature", "properties": { "feature_type": "building", "subtype": "no-damage", "uid": "81915aae-d154-447e-ae90-799f6a43e85e" }, "geometry": { "type": "Polygon", "coordinates": [ [ [ 170.651823681237289, 287.568824483648712 ], [ 176.856284544663197, 279.929290347165193 ], [ 175.491820116791303, 277.655182965134202 ], [ 176.098248752496289, 276.290718538223587 ], [ 184.588249638421786, 266.739467546002686 ], [ 196.413608005338091, 258.552680982615925 ], [ 201.871465716345, 262.949288582041675 ], [ 211.046408569946493, 252.27346754649551 ], [ 223.236494106799398, 267.365954406710614 ], [ 217.238198048013601, 272.590276780438728 ], [ 216.27073094451481, 269.687875461166584 ], [ 213.1748362006729, 270.848835989837085 ], [ 210.852915145976993, 274.718704414892215 ], [ 220.334092787888608, 284.780362321381688 ], [ 220.1864929868741, 287.093671781397177 ], [ 196.904010529553005, 309.544637007740107 ], [ 182.649429432679511, 295.527632261989027 ], [ 180.036089566329906, 298.022183953377521 ], [ 170.651823681237289, 287.568824483648712 ] ] ] } },
{ "type": "Feature", "properties": { "feature_type": "building", "subtype": "no-damage", "uid": "3fd95bb2-77bb-4f88-a8d7-4a18eabba017" }, "geometry": { "type": "Polygon", "coordinates": [ [ [ 0.000000002885026, 672.770369628987623 ], [ 58.542980270194143, 612.109003377795716 ], [ 128.781092190672695, 679.444713982024155 ], [ 131.683493507299488, 685.249516619606766 ], [ 142.712618521252296, 695.311174527057915 ], [ 91.316005919056536, 748.189593717914477 ], [ 74.03278983776751, 741.822093057074994 ], [ 56.446359442112069, 725.448519926454537 ], [ 40.072786311014667, 709.984589748069425 ], [ 30.52153531951738, 719.384233582385832 ], [ -0.000000000721257, 688.770878866459952 ], [ 0.000000002885026, 672.770369628987623 ] ] ] } },
{ "type": "Feature", "properties": { "feature_type": "building", "subtype": "no-damage", "uid": "7d73d5e6-43e7-4091-9d78-25febed4aae7" }, "geometry": { "type": "Polygon", "coordinates": [ [ [ 282.729999999871609, 763.600000001202829 ], [ 262.678395966888274, 784.52051980090323 ], [ 201.732318209805186, 772.240339951976125 ], [ 170.34963637608351, 763.44712475408619 ], [ 170.198029219020412, 761.931053167347727 ], [ 164.436957188598313, 760.414981581571055 ], [ 173.037221440839801, 750.110500507170514 ], [ 186.804162077330687, 735.401097937060968 ], [ 187.873255659199486, 739.202319562766547 ], [ 188.5795266113021, 738.282293377295446 ], [ 221.200000001344591, 704.750000000871637 ], [ 282.729999999871609, 763.600000001202829 ] ] ] } },
{ "type": "Feature", "properties": { "feature_type": "building", "subtype": "no-damage", "uid": "95aace09-9fec-4bab-b84f-c35cb013dde3" }, "geometry": { "type": "Polygon", "coordinates": [ [ [ 315.954644691465774, 704.386423697085888 ], [ 327.564249967469721, 691.809351314214382 ], [ 340.334815772023603, 702.451489484558351 ], [ 290.574113152579002, 755.411945348603808 ], [ 283.070000001046708, 763.240000000863688 ], [ 221.540000001197313, 704.390000001494172 ], [ 222.303828794649405, 703.612450011305555 ], [ 238.588912132882086, 687.818337353181505 ], [ 266.742369974228495, 658.59578593080073 ], [ 315.954644691465774, 704.386423697085888 ] ] ] } },
{ "type": "Feature", "properties": { "feature_type": "building", "subtype": "no-damage", "uid": "e5e17fff-8354-41dd-a091-93a6e46a70a4" }, "geometry": { "type": "Polygon", "coordinates": [ [ [ 277.674331699393804, 640.102446404736042 ], [ 281.713129677306085, 636.657589306921182 ], [ 281.831917852388074, 634.756978492144981 ], [ 282.782223258333374, 634.519402141500109 ], [ 283.732528666202086, 633.331520383467023 ], [ 283.851316840322511, 631.074545042723571 ], [ 283.851316845371173, 630.836968692078585 ], [ 284.920410425196508, 630.955756867401078 ], [ 292.522853674682608, 623.234525440667426 ], [ 301.788331385414381, 631.549697745936783 ], [ 302.857424969086424, 629.767875108406429 ], [ 296.79922800468222, 624.184830847093849 ], [ 295.136193545239621, 625.135136253520159 ], [ 294.779829015545772, 623.472101792273975 ], [ 301.194390509763878, 616.701175771966746 ], [ 304.63924760781839, 615.156929488927972 ], [ 306.658646593468688, 617.532693003070676 ], [ 313.785937141063982, 623.947254496448863 ], [ 310.816232745982177, 627.392111595225401 ], [ 309.153198286780025, 627.392111594263724 ], [ 307.133799296321172, 629.649086933083936 ], [ 308.55925740632108, 632.14363862543405 ], [ 312.360479032386422, 628.342417001651825 ], [ 315.567759779555615, 631.193333219007627 ], [ 319.725345934112624, 627.273323418941231 ], [ 325.545966546188993, 632.024850450111558 ], [ 329.941129050429197, 635.826072074855574 ], [ 334.573867906396174, 639.270929171708758 ], [ 339.325394940450394, 644.49760890801565 ], [ 326.021119248079685, 658.277037299275094 ], [ 317.468370592648398, 651.268534928322879 ], [ 314.736242550014595, 654.594603848891893 ], [ 328.63445911466988, 666.59220960454445 ], [ 325.308390192178308, 670.39343123025003 ], [ 320.319286812768382, 675.857687316240117 ], [ 317.230794239118495, 679.421332590339148 ], [ 314.142301669195092, 677.99587447973795 ], [ 312.241690857063986, 675.382534614950373 ], [ 311.410173624878382, 673.12555927324513 ], [ 300.244085102376118, 663.266140683013646 ], [ 300.244085103818577, 662.197047100303166 ], [ 295.254981718638589, 656.851579190597135 ], [ 292.641641850605993, 657.089155542203798 ], [ 277.793119879765015, 641.646692689698057 ], [ 277.674331699393804, 640.102446404736042 ] ] ] } },
{ "type": "Feature", "properties": { "feature_type": "building", "subtype": "no-damage", "uid": "a08bece1-69ec-40e7-bb77-c83e05b67701" }, "geometry": { "type": "Polygon", "coordinates": [ [ [ 411.923849049721525, 751.399880798913728 ], [ 420.717064248090196, 760.951131790172894 ], [ 402.220990895751811, 779.295597981245351 ], [ 393.579382858172607, 770.047561306756847 ], [ 411.923849049721525, 751.399880798913728 ] ] ] } },
{ "type": "Feature", "properties": { "feature_type": "building", "subtype": "no-damage", "uid": "233ea528-c639-4e94-bb3a-122c1aff5ab0" }, "geometry": { "type": "Polygon", "coordinates": [ [ [ 90.869450514263491, 133.501424411416707 ], [ 96.480759732924056, 137.37129283550999 ], [ 107.703378166638899, 125.955180982270804 ], [ 115.636608439274099, 128.470595456729399 ], [ 120.086957127701695, 131.759983620815092 ], [ 125.117786081065404, 128.083608614800909 ], [ 135.759924252128087, 137.564786257435998 ], [ 131.696562403705514, 142.015134946345512 ], [ 132.664029510690312, 151.109325748013703 ], [ 136.920884777913301, 155.75316785788749 ], [ 132.277042669603389, 162.718931023178897 ], [ 124.537305817090896, 169.684694188470388 ], [ 98.415693946172382, 213.027220553703103 ], [ 79.259845239101082, 207.415911337084708 ], [ 81.388272873794449, 199.86966790793889 ], [ 61.651943905753903, 190.001503421451901 ], [ 56.427621528180282, 179.165871832067097 ], [ 64.941332064429346, 166.395306029193108 ], [ 65.715305749368056, 166.395306028231403 ], [ 87.967049196795188, 133.307930989490814 ], [ 90.869450514263491, 133.501424411416707 ] ] ] } },
{ "type": "Feature", "properties": { "feature_type": "building", "subtype": "no-damage", "uid": "31e333af-6171-4bab-9204-fff29417667c" }, "geometry": { "type": "Polygon", "coordinates": [ [ [ 79.614338446334969, 208.44324952440769 ], [ 95.902226149254759, 216.912951128653788 ], [ 106.512621564893394, 221.194338752165294 ], [ 104.185780462175103, 230.780924085120091 ], [ 118.239900706235403, 240.460583060851889 ], [ 117.495311553442406, 244.276602465670805 ], [ 108.374094444591705, 258.423796353352714 ], [ 101.765865717401297, 255.910807965681187 ], [ 97.391404452797019, 263.915141348349721 ], [ 71.237710484146461, 250.60561025623781 ], [ 65.467144558776695, 237.296079165087491 ], [ 79.614338446334969, 208.44324952440769 ] ] ] } },
{ "type": "Feature", "properties": { "feature_type": "building", "subtype": "no-damage", "uid": "8e8d5cfe-63bb-4c48-a575-c124fd06ed8a" }, "geometry": { "type": "Polygon", "coordinates": [ [ [ 217.981371218901899, 221.159390029799397 ], [ 225.258514834499408, 229.042962277377313 ], [ 209.49137033610171, 246.780999835870091 ], [ 201.152976617336691, 238.897427586368792 ], [ 201.607798089847989, 237.229748842687513 ], [ 217.526549742303501, 220.098139920621207 ], [ 217.981371218901899, 221.159390029799397 ] ] ] } },
{ "type": "Feature", "properties": { "feature_type": "building", "subtype": "no-damage", "uid": "52992636-1393-4963-ba1a-53048755267f" }, "geometry": { "type": "Polygon", "coordinates": [ [ [ 319.314878747106775, 154.824536699110894 ], [ 319.31487875023231, 164.886194605600394 ], [ 324.345707700470484, 166.240648554273491 ], [ 323.184747177329882, 179.398201200999409 ], [ 313.510076108684075, 187.524924894961401 ], [ 252.559648409633695, 181.720122255455493 ], [ 258.557944468299411, 140.699516946602103 ], [ 299.385056356659504, 147.084799848039097 ], [ 307.124793206888, 152.50261564369319 ], [ 319.314878747106775, 154.824536699110894 ] ] ] } },
{ "type": "Feature", "properties": { "feature_type": "building", "subtype": "no-damage", "uid": "0b6e817b-1a81-40ec-adc9-09c08f89636b" }, "geometry": { "type": "Polygon", "coordinates": [ [ [ 287.968944501138992, 204.939332809632504 ], [ 280.035714230908013, 215.774964400940689 ], [ 269.587069482372328, 224.095181515866898 ], [ 267.07165500526969, 230.480464416342187 ], [ 258.944931311429912, 244.605484168851092 ], [ 244.910475075784603, 259.131280789296284 ], [ 220.917290836313811, 235.525083395114109 ], [ 227.883054002805608, 227.59185312211639 ], [ 230.011481637258612, 222.174037328385594 ], [ 235.816284276162094, 212.112379419972797 ], [ 257.87453430274519, 184.82980701977641 ], [ 283.609159332937509, 203.018188620227903 ], [ 287.968944501138992, 204.939332809632504 ] ] ] } },
{ "type": "Feature", "properties": { "feature_type": "building", "subtype": "no-damage", "uid": "fc12bf02-53d0-4eb5-8c49-5a498b670410" }, "geometry": { "type": "Polygon", "coordinates": [ [ [ 209.114465551472904, 148.471047184225313 ], [ 213.75830766374969, 150.986461659645613 ], [ 228.076820839623508, 141.118297176043711 ], [ 244.330268224538287, 155.823797193368591 ], [ 243.943281382730106, 168.400869574316687 ], [ 241.040880065141607, 174.399165634786897 ], [ 238.718959010085086, 181.751915643930204 ], [ 232.333676108529403, 191.233093284641996 ], [ 212.210360294954199, 199.746803821494098 ], [ 209.501452395324606, 199.359816979565608 ], [ 206.599051074370294, 202.455711720763702 ], [ 210.8559063448389, 211.54990251954689 ], [ 199.246301066430789, 223.5464946385639 ], [ 191.934774287721211, 219.220500515630391 ], [ 187.560313019029792, 223.688035427580587 ], [ 192.307068863516605, 231.040853304079491 ], [ 188.584123106404007, 233.833062623928214 ], [ 159.830314134608614, 259.46630798000848 ], [ 137.392454659924795, 235.663984079370408 ], [ 154.675670742055303, 218.987196631017611 ], [ 148.459777239602687, 212.164874494541294 ], [ 172.507617904176698, 186.37992021029649 ], [ 209.114465551472904, 148.471047184225313 ] ] ] } },
{ "type": "Feature", "properties": { "feature_type": "building", "subtype": "no-damage", "uid": "b42135f3-4e64-4826-b76e-93c25fe1032d" }, "geometry": { "type": "Polygon", "coordinates": [ [ [ 325.384773257246991, 125.005215581948804 ], [ 320.078522702581779, 143.198074614155104 ], [ 286.724947809851074, 143.652896089791994 ], [ 284.658542726138023, 142.39220889604681 ], [ 284.465049306255708, 121.301425976323202 ], [ 285.929224150855077, 109.779676291341303 ], [ 285.30446442621178, 106.7732143168177 ], [ 287.190000003738191, 96.730000001823683 ], [ 290.323895344033701, 88.654802292522191 ], [ 319.184407835368518, 89.848032510178385 ], [ 320.790833690663021, 93.072732317387889 ], [ 324.396964910202485, 93.148396483220424 ], [ 325.384773257246991, 125.005215581948804 ] ] ] } },
{ "type": "Feature", "properties": { "feature_type": "building", "subtype": "no-damage", "uid": "7fc4cb36-64bd-4d00-b75d-345f70b62af0" }, "geometry": { "type": "Polygon", "coordinates": [ [ [ 290.589999999621114, 84.950000001358006 ], [ 283.430000002948475, 106.429999998833907 ], [ 283.110595357102113, 106.402432540918994 ], [ 260.858851910876979, 106.595925961883296 ], [ 260.665358492677626, 97.308241739250775 ], [ 251.958154531377289, 98.082215425031123 ], [ 251.184180845957712, 95.179814104797316 ], [ 250.410207162822189, 92.083919365522604 ], [ 247.240000000425397, 91.730000000212087 ], [ 245.731431354838293, 80.81933020335326 ], [ 244.701431357982102, 60.008338945147699 ], [ 244.771965028880402, 60.008338945147699 ], [ 244.812564338864206, 55.281842746288973 ], [ 286.794418967443107, 54.540986487508071 ], [ 290.589999999621114, 84.950000001358006 ] ] ] } },
{ "type": "Feature", "properties": { "feature_type": "building", "subtype": "no-damage", "uid": "5042f38b-291e-4eaa-a3a6-e913b524fd33" }, "geometry": { "type": "Polygon", "coordinates": [ [ [ 185.122122603424799, 70.94895929020187 ], [ 184.824570419425697, 85.545590800396326 ], [ 206.040000000075793, 84.860000000071125 ], [ 217.690000002967395, 87.840000000046885 ], [ 217.516325543971703, 97.308241739250775 ], [ 213.259470277470001, 97.308241738289098 ], [ 213.452963700117209, 124.590814138485499 ], [ 211.131042643377697, 134.652472044975013 ], [ 170.884411020434612, 130.202123356065499 ], [ 169.336463648754005, 69.058202233271473 ], [ 184.428950506801698, 68.671215391342969 ], [ 185.122122603424799, 70.94895929020187 ] ] ] } },
{ "type": "Feature", "properties": { "feature_type": "building", "subtype": "no-damage", "uid": "f73500d4-505a-4004-9949-6edb45916a3c" }, "geometry": { "type": "Polygon", "coordinates": [ [ [ 226.547409029985687, 41.975707729077008 ], [ 227.362086897052109, 55.513795395235462 ], [ 228.497984943952389, 59.41439806661203 ], [ 244.199999998750997, 59.989999999321491 ], [ 245.233124599040991, 80.86595652979365 ], [ 246.969999998728611, 93.410000001153634 ], [ 247.120818999097906, 100.210643056599594 ], [ 248.475272952699299, 124.203827296556994 ], [ 245.766365050785794, 126.332254931010397 ], [ 244.992391369573511, 132.137057568593008 ], [ 225.449555818289895, 132.137057567631302 ], [ 225.256062395402296, 86.859596991794447 ], [ 217.709818966618911, 86.472610146980912 ], [ 217.689999999361106, 87.330000001409644 ], [ 207.370000003505595, 84.680000001344069 ], [ 207.3809298318765, 41.574308157091593 ], [ 226.547409029985687, 41.975707729077008 ] ] ] } },
{ "type": "Feature", "properties": { "feature_type": "building", "subtype": "no-damage", "uid": "453499dc-0220-4ac1-ae65-7391ba6b46c8" }, "geometry": { "type": "Polygon", "coordinates": [ [ [ 404.86994375717552, 94.823640969542836 ], [ 364.259966438041488, 136.269436243571903 ], [ 364.079999999381528, 119.060000000554496 ], [ 365.848562372031211, 114.243976601382997 ], [ 368.80185354163649, 104.922651354121101 ], [ 375.630722542024273, 100.432436119539204 ], [ 375.819999999592881, 94.190000000766489 ], [ 383.698764014827191, 91.283300868584035 ], [ 390.349999999787485, 86.030000000452091 ], [ 404.86994375717552, 94.823640969542836 ] ] ] } },
{ "type": "Feature", "properties": { "feature_type": "building", "subtype": "no-damage", "uid": "4a8e3bde-c35d-4622-9940-2e8cd2a42e16" }, "geometry": { "type": "Polygon", "coordinates": [ [ [ 363.795837629477717, 92.28519579467897 ], [ 374.002265951421919, 94.860649668874586 ], [ 375.310000001316496, 94.380000001239338 ], [ 375.13870538406178, 100.157549854558297 ], [ 368.37882235920199, 104.602404445800104 ], [ 365.375400309589509, 114.081955284685606 ], [ 363.600000000692489, 118.890000000688104 ], [ 362.305419912080424, 118.957738459164005 ], [ 355.604117542714221, 119.236959392302893 ], [ 349.647404328665402, 125.472893540093096 ], [ 331.777264677142625, 125.193672606954195 ], [ 331.684191033283923, 114.4902035481756 ], [ 330.130907187340483, 114.182447257767905 ], [ 329.91213028186462, 113.234413996017196 ], [ 328.891171383512926, 113.015637089459304 ], [ 328.45361757352282, 111.702975650112094 ], [ 326.63047668602178, 110.098611669649401 ], [ 326.703402323704779, 105.504296633857606 ], [ 329.40165083334989, 102.003866130855101 ], [ 329.620427743393805, 88.658474838518586 ], [ 338.539390185723903, 84.666452369465105 ], [ 363.100000001276726, 84.320000000043251 ], [ 363.795837629477717, 92.28519579467897 ] ] ] } },
{ "type": "Feature", "properties": { "feature_type": "building", "subtype": "no-damage", "uid": "a5777950-b14b-4d3c-a654-f2cb74d4361d" }, "geometry": { "type": "Polygon", "coordinates": [ [ [ 397.052750268824127, 52.782555169037771 ], [ 397.20435742937309, 63.54666343026468 ], [ 399.175250491146926, 64.304699223633904 ], [ 398.872036172332685, 70.975414201244021 ], [ 394.323821414642907, 70.975414201244021 ], [ 390.836856766852293, 75.523628959535998 ], [ 389.775606658635979, 85.681308587221537 ], [ 389.889999998699807, 85.750000000615728 ], [ 383.451141038971116, 90.841714416853577 ], [ 373.974468436952122, 94.337962559923142 ], [ 364.263136939717299, 91.887439657814198 ], [ 363.603136942782101, 84.310087843497712 ], [ 363.722483455416523, 84.310087844459389 ], [ 363.603695280695092, 75.876127361944242 ], [ 351.927127310279218, 75.703212994227869 ], [ 351.64383550880342, 70.397587834498395 ], [ 349.164363899705677, 70.251736563459815 ], [ 349.532564347001198, 53.014671418201722 ], [ 353.639743670480527, 52.931209988301077 ], [ 364.672788861962886, 52.474856730136622 ], [ 364.677333151915207, 60.966662761553387 ], [ 390.958030313188488, 60.791476251084717 ], [ 390.58612485601941, 57.052196540238583 ], [ 392.706798352256328, 51.880915850639283 ], [ 394.020607098593473, 51.41809074020383 ], [ 397.052750268824127, 52.782555169037771 ] ] ] } },
{ "type": "Feature", "properties": { "feature_type": "building", "subtype": "no-damage", "uid": "ed93166a-50fc-4b50-8357-e00b279f01b5" }, "geometry": { "type": "Polygon", "coordinates": [ [ [ 417.056303343432774, 660.565913148553477 ], [ 422.48766278253612, 665.406907433039464 ], [ 427.955965990571997, 671.707343734269898 ], [ 436.760000000903517, 678.810000000850437 ], [ 425.349019751893707, 691.690508139714666 ], [ 410.643125370006828, 703.364259352215299 ], [ 401.546695853064421, 695.935508579312682 ], [ 387.447230102074116, 679.258721132883124 ], [ 408.964647602517175, 658.511748291932918 ], [ 409.820000000614414, 656.570000000521418 ], [ 417.056303343432774, 660.565913148553477 ] ] ] } },
{ "type": "Feature", "properties": { "feature_type": "building", "subtype": "no-damage", "uid": "3e96693a-b629-40ee-bc46-a521a56741d4" }, "geometry": { "type": "Polygon", "coordinates": [ [ [ 464.109056238981623, 643.286544091345149 ], [ 477.175755576139409, 655.284149848921061 ], [ 453.774484945659594, 680.229666763767341 ], [ 449.058253060340803, 677.55797590503289 ], [ 447.122347100075274, 670.964189053033351 ], [ 445.74527201436149, 666.052082270039705 ], [ 442.432290965857874, 665.693922157636621 ], [ 438.895459847703307, 667.081792596083801 ], [ 437.263918153882912, 672.97667648402205 ], [ 433.966099010858272, 675.440409052580662 ], [ 428.304477675327121, 671.346081718660457 ], [ 422.844268708861023, 665.054971388587774 ], [ 417.347115975145073, 660.155335256241415 ], [ 410.019999999587299, 656.110000000996365 ], [ 410.26293166624032, 655.567931813218024 ], [ 411.321871088836474, 653.907009421932003 ], [ 407.452002666306726, 648.876180469168162 ], [ 411.002187322838608, 644.002164178000044 ], [ 411.120975500084398, 642.695494243682901 ], [ 410.051881915931574, 639.607001672797082 ], [ 414.92219712266359, 634.380321937451868 ], [ 417.179172464127873, 634.974262816949249 ], [ 419.79251233384349, 632.479711124599021 ], [ 418.723418747647088, 628.08454862035785 ], [ 428.464049163875984, 618.462706380771351 ], [ 437.254374172837288, 617.749977326913154 ], [ 464.109056238981623, 643.286544091345149 ] ] ] } },
{ "type": "Feature", "properties": { "feature_type": "building", "subtype": "no-damage", "uid": "89c00bab-b6a4-46ed-a797-4192d6635959" }, "geometry": { "type": "Polygon", "coordinates": [ [ [ 429.31810359314602, 694.809195182950361 ], [ 441.196921170948826, 682.336436724084592 ], [ 446.42360090521089, 687.681904635713977 ], [ 434.069630624194986, 699.323145863475702 ], [ 429.31810359314602, 694.809195182950361 ] ] ] } },
{ "type": "Feature", "properties": { "feature_type": "building", "subtype": "no-damage", "uid": "c08c6ac5-6c3c-4d49-bd95-e9c0629b7dd0" }, "geometry": { "type": "Polygon", "coordinates": [ [ [ 504.7199999990886, 625.34000000019148 ], [ 490.267739159095186, 639.940424602392568 ], [ 481.322916801740121, 630.692387926942388 ], [ 474.197380345489591, 638.424353016615783 ], [ 444.179162940841877, 610.983457308959373 ], [ 457.672200057810073, 593.548634069160698 ], [ 465.974934214053178, 590.313361846970906 ], [ 504.7199999990886, 625.34000000019148 ] ] ] } },
{ "type": "Feature", "properties": { "feature_type": "building", "subtype": "no-damage", "uid": "74f29cc2-e82c-4d1d-92ee-e2c1bdb37bad" }, "geometry": { "type": "Polygon", "coordinates": [ [ [ 523.250000001100375, 583.169999999866604 ], [ 522.560063940363989, 583.845775917111951 ], [ 524.682564159321032, 586.271490455124194 ], [ 527.563100175012892, 582.632918649067619 ], [ 528.77595744341761, 587.332740567187443 ], [ 534.53702947131535, 595.21631281284192 ], [ 505.069999998883986, 624.989999999674751 ], [ 464.370000003840403, 585.880000000790005 ], [ 478.354195277735414, 569.858597807682145 ], [ 458.155396169994617, 553.006241775227863 ], [ 474.31000000043332, 537.170000001196058 ], [ 523.250000001100375, 583.169999999866604 ] ] ] } },
{ "type": "Feature", "properties": { "feature_type": "building", "subtype": "no-damage", "uid": "a45cf3b0-1549-465f-9b6b-e0ce01455f78" }, "geometry": { "type": "Polygon", "coordinates": [ [ [ 527.619999999352672, 532.319999999805873 ], [ 527.00447343421456, 533.009270913551177 ], [ 554.804148476089949, 560.963607483814371 ], [ 546.677424785014978, 569.090331176814743 ], [ 539.843280021412625, 567.017381312777957 ], [ 523.609999999516162, 582.820000001273229 ], [ 474.670000002575478, 536.820000000679329 ], [ 474.702705379558608, 536.786843969144684 ], [ 500.800000000538887, 509.629999999774327 ], [ 527.619999999352672, 532.319999999805873 ] ] ] } },
{ "type": "Feature", "properties": { "feature_type": "building", "subtype": "no-damage", "uid": "5709e158-456c-43bc-87ef-d4ad0bba09df" }, "geometry": { "type": "Polygon", "coordinates": [ [ [ 601.290000000244277, 527.360000000369041 ], [ 584.828205533977894, 542.816808578198788 ], [ 579.216896315918461, 535.851045411945734 ], [ 592.099999999469333, 521.290000001409226 ], [ 601.290000000244277, 527.360000000369041 ] ] ] } },
{ "type": "Feature", "properties": { "feature_type": "building", "subtype": "no-damage", "uid": "fd1549b1-8077-4318-b325-81047c6232fb" }, "geometry": { "type": "Polygon", "coordinates": [ [ [ 583.645145831048353, 463.270376483216694 ], [ 584.260000000446666, 462.630000000589177 ], [ 589.04237319675758, 460.815592053171599 ], [ 591.401514667349034, 463.868598658849521 ], [ 588.352071140398948, 468.90018047169491 ], [ 603.250529211349885, 482.569899734207979 ], [ 605.415205100319326, 483.235953851819716 ], [ 614.920852435389293, 474.190257199274583 ], [ 614.680000002290285, 473.939999999783879 ], [ 632.335357489488501, 458.087856827960422 ], [ 649.460718527227414, 482.137526598171689 ], [ 601.659999998602643, 527.009999998890635 ], [ 592.430000000821906, 520.910000000463469 ], [ 592.567942388053098, 520.758558552692307 ], [ 587.950000002840056, 515.849999999917372 ], [ 600.022092651887306, 503.773839753428717 ], [ 584.662807279841104, 483.882306235332521 ], [ 570.27999999998201, 496.210000000541811 ], [ 568.18777130533158, 492.508519046712991 ], [ 555.997685764752077, 491.541051939968384 ], [ 555.22371208041443, 503.731137478987989 ], [ 543.614106804290373, 507.987992746933173 ], [ 542.06615943188865, 516.114716440895222 ], [ 527.95000000106586, 531.939999999821907 ], [ 501.14999999949282, 509.259999999612774 ], [ 556.827805822037931, 451.330617936317481 ], [ 564.020000000310347, 444.1599999996713 ], [ 583.645145831048353, 463.270376483216694 ] ] ] } },
{ "type": "Feature", "properties": { "feature_type": "building", "subtype": "no-damage", "uid": "ba5ae999-4678-4907-9368-769ad4019c39" }, "geometry": { "type": "Polygon", "coordinates": [ [ [ 599.357532488820993, 503.731293134805128 ], [ 587.610000000703394, 515.479999999755819 ], [ 571.47715946520907, 498.313321683333925 ], [ 570.530000000711652, 496.650000001383773 ], [ 584.588663360278133, 484.604397054868116 ], [ 599.357532488820993, 503.731293134805128 ] ] ] } },
{ "type": "Feature", "properties": { "feature_type": "building", "subtype": "no-damage", "uid": "0b6e144d-d35c-427d-8d2e-87f1d1f27562" }, "geometry": { "type": "Polygon", "coordinates": [ [ [ 630.479285904340145, 456.96982103617529 ], [ 613.52502642103002, 474.304469362459713 ], [ 604.159848597441623, 453.471726857179021 ], [ 597.55026668635071, 448.063887111783515 ], [ 583.633175848684573, 462.560856736319181 ], [ 564.38000000197178, 443.81000000011619 ], [ 588.642309731361479, 419.636427218608674 ], [ 630.479285904340145, 456.96982103617529 ] ] ] } },
{ "type": "Feature", "properties": { "feature_type": "building", "subtype": "no-damage", "uid": "7f90f225-6a13-4d83-b928-12312b0a85cd" }, "geometry": { "type": "Polygon", "coordinates": [ [ [ 447.040000001195722, 512.820000000829396 ], [ 445.717876385359773, 512.865409497279416 ], [ 425.250909971007218, 533.938804543134665 ], [ 420.854302370500591, 531.058268529485645 ], [ 414.183587393132484, 537.425769191286804 ], [ 427.221803032300215, 547.735055977838442 ], [ 403.57108629077419, 573.053451464253385 ], [ 399.414943196135994, 577.915568759246867 ], [ 385.870403709528375, 602.876220103063815 ], [ 363.231673418009109, 605.198141157519899 ], [ 325.693949691329578, 568.047404273721554 ], [ 329.483446236127577, 563.029962549228117 ], [ 352.89615021162399, 535.747390149993407 ], [ 382.113656821576114, 507.497350643052528 ], [ 390.546479282194923, 514.705927012336247 ], [ 421.860000002711217, 483.96999999958939 ], [ 447.040000001195722, 512.820000000829396 ] ] ] } },
{ "type": "Feature", "properties": { "feature_type": "building", "subtype": "no-damage", "uid": "1376a79b-9d4f-48c2-adcf-8ca11522cb03" }, "geometry": { "type": "Polygon", "coordinates": [ [ [ 441.911509422944221, 471.679157168940492 ], [ 447.672581448798326, 466.069692299547 ], [ 456.617403807235178, 461.521477541255024 ], [ 464.187904308518227, 469.123700777685315 ], [ 475.400871503487622, 477.079325567235287 ], [ 488.823935367454226, 492.521788417817618 ], [ 481.221492116044772, 498.104832682976905 ], [ 479.202093127749777, 503.569088768005372 ], [ 461.939842352902872, 504.678622931969073 ], [ 453.753055789277482, 512.562195180508752 ], [ 447.69000000047231, 512.790000001362159 ], [ 422.220000001126891, 483.620000000034281 ], [ 423.142018382999197, 482.716816545426184 ], [ 414.568707196984974, 475.479628029093703 ], [ 429.385832359616927, 458.686886176215694 ], [ 441.911509422944221, 471.679157168940492 ] ] ] } },
{ "type": "Feature", "properties": { "feature_type": "building", "subtype": "no-damage", "uid": "b2cae30b-baec-4e40-a1ad-80256d3fd34b" }, "geometry": { "type": "Polygon", "coordinates": [ [ [ 527.829984713760155, 430.920171621679515 ], [ 527.850000002120396, 430.910000001266781 ], [ 531.640000000213718, 437.500000000609703 ], [ 518.348807071487954, 450.656500590806615 ], [ 518.155313649682284, 462.653092709823625 ], [ 504.997761002478683, 476.971605883296718 ], [ 475.973747810966415, 472.714750616313097 ], [ 463.203182008335887, 460.331171653444187 ], [ 461.268247794246122, 463.427066394642281 ], [ 457.591872789795502, 458.976717705732824 ], [ 458.752833318706223, 448.334579534427178 ], [ 485.841912298532918, 415.827684760502677 ], [ 502.869333367064087, 397.058822898120127 ], [ 527.829984713760155, 430.920171621679515 ] ] ] } },
{ "type": "Feature", "properties": { "feature_type": "building", "subtype": "no-damage", "uid": "b5acc54b-c523-4957-b1c2-b0a7ca0ab1d4" }, "geometry": { "type": "Polygon", "coordinates": [ [ [ 571.366004500908389, 408.281441330395126 ], [ 551.049195265888102, 430.920171621679515 ], [ 544.857405784935963, 425.695849247951287 ], [ 544.060000003496498, 426.350000001458795 ], [ 542.30190260793313, 423.333745069092572 ], [ 538.319999999759943, 422.870000001706615 ], [ 538.665616304104105, 422.599954505791516 ], [ 529.377932084238637, 421.052007136154202 ], [ 520.4772347041378, 397.639303162936187 ], [ 528.797451818100285, 390.286553152831175 ], [ 545.244392629749427, 381.192362353086423 ], [ 571.366004500908389, 408.281441330395126 ] ] ] } },
{ "type": "Feature", "properties": { "feature_type": "building", "subtype": "no-damage", "uid": "b92ae0cb-f5c2-4600-8af3-931b4e6c22a6" }, "geometry": { "type": "Polygon", "coordinates": [ [ [ 446.406128280573284, 331.246942583438397 ], [ 457.703504380134177, 333.888387794267089 ], [ 468.164398323626187, 336.768923805992813 ], [ 469.291366286386619, 347.582600916480601 ], [ 472.778330934417625, 346.672957965206876 ], [ 479.752260230239187, 349.401886819989727 ], [ 490.819582807633083, 359.559566447675309 ], [ 494.458154618016408, 368.049567328794524 ], [ 479.600653071854026, 381.542604445766017 ], [ 453.372614632368425, 376.084746735238525 ], [ 454.585471903057226, 368.655995962335908 ], [ 450.037257143083423, 367.594745853157576 ], [ 445.943863862472824, 363.501352571464224 ], [ 447.459935448609826, 351.524387040269517 ], [ 436.999041504997479, 353.192065785874092 ], [ 429.721897889159607, 360.620816556853526 ], [ 419.261003946388826, 354.859744528593808 ], [ 412.135467490498911, 345.611707855066925 ], [ 409.254931478653702, 338.182957084087604 ], [ 411.377431697971417, 337.121706972985976 ], [ 409.810000000791888, 335.830000001879114 ], [ 427.5000000029342, 321.610000000503817 ], [ 430.032555148634515, 324.273013284249203 ], [ 435.490412859521086, 319.876405687708427 ], [ 446.406128280573284, 331.246942583438397 ] ] ] } },
{ "type": "Feature", "properties": { "feature_type": "building", "subtype": "no-damage", "uid": "01164103-8557-4f19-b92b-cdcf3eb5f06c" }, "geometry": { "type": "Polygon", "coordinates": [ [ [ 406.988267040769983, 296.528903260783807 ], [ 407.897909990721189, 300.470689384572779 ], [ 413.204160544064109, 300.167475067802116 ], [ 414.720232128397924, 300.015867908935888 ], [ 424.119875965957704, 312.144440598035089 ], [ 424.629999999082486, 313.730000000025825 ], [ 403.869999999044182, 330.970000000666516 ], [ 403.79707376836808, 330.9058134700511 ], [ 398.020000000626908, 334.820000000580308 ], [ 358.649999999877082, 294.780000000899577 ], [ 381.48286323791541, 294.959063345106188 ], [ 394.730000002550412, 291.749999999888416 ], [ 394.708087191124605, 291.829081343625717 ], [ 407.897909994327392, 291.222652710084276 ], [ 406.988267040769983, 296.528903260783807 ] ] ] } },
{ "type": "Feature", "properties": { "feature_type": "building", "subtype": "no-damage", "uid": "0fbb9b8d-4b42-4fb1-8d43-4aab072bcb54" }, "geometry": { "type": "Polygon", "coordinates": [ [ [ 387.127729262122386, 255.898184754850007 ], [ 392.585586971085718, 255.443363277289791 ], [ 398.801480474379787, 259.839970878639008 ], [ 396.830587415130424, 265.449435747070879 ], [ 399.104694794035481, 266.662293017038621 ], [ 399.711123425412893, 273.181400835782483 ], [ 406.685052721475017, 276.516758325068508 ], [ 399.407909108161391, 289.858188282211984 ], [ 395.314515825627609, 289.85818828125042 ], [ 394.900000004099525, 291.200000000038074 ], [ 393.780000000306586, 291.470000001013716 ], [ 393.851549224940186, 291.320714926626181 ], [ 393.663901288094621, 291.22689095874432 ], [ 387.84854708826191, 288.416136429084872 ], [ 385.601363472854189, 293.301318202370112 ], [ 385.810000004073174, 293.400000001362628 ], [ 381.425186398131814, 294.458587896863321 ], [ 358.160000003168875, 294.27268626840322 ], [ 346.270000004058318, 282.180000001531425 ], [ 374.185623143791588, 252.969535664606497 ], [ 379.698978489702313, 250.137112726590289 ], [ 387.127729262122386, 255.898184754850007 ] ] ] } },
{ "type": "Feature", "properties": { "feature_type": "building", "subtype": "no-damage", "uid": "0a66f785-52ed-4696-a2df-4fba4b4c3887" }, "geometry": { "type": "Polygon", "coordinates": [ [ [ 397.599999999550107, 335.110000001200774 ], [ 395.307072886409401, 336.666885497349085 ], [ 383.330107357020722, 342.124743206914786 ], [ 342.420000002342192, 337.780000000911173 ], [ 336.910000000411799, 333.739999999562883 ], [ 336.615793216308816, 321.587656440245382 ], [ 331.764364145454579, 320.981227805742378 ], [ 332.825614251507091, 317.949084635150484 ], [ 319.939005770844915, 309.459083751146295 ], [ 342.37686524444689, 286.263188485011199 ], [ 345.930000000238579, 282.549999999769625 ], [ 397.599999999550107, 335.110000001200774 ] ] ] } },
{ "type": "Feature", "properties": { "feature_type": "building", "subtype": "no-damage", "uid": "a7935a4d-9310-4bad-a009-ebcba3e15e9a" }, "geometry": { "type": "Polygon", "coordinates": [ [ [ 330.565836258340028, 329.47504312517691 ], [ 332.750000000474074, 331.090000000458986 ], [ 332.64512511125821, 331.239888639631772 ], [ 343.430000004001386, 339.139999999841621 ], [ 353.918318589039586, 349.098672503219007 ], [ 347.702425082740319, 357.285459069490912 ], [ 341.638138742760077, 355.011351689383275 ], [ 337.393138297152689, 359.862780764445915 ], [ 329.140378152066603, 352.044796525880599 ], [ 313.816703471160622, 351.094491119454176 ], [ 313.697915298602879, 349.550244834492219 ], [ 307.877294681718183, 348.599939428065682 ], [ 307.402141978384918, 333.157476575560111 ], [ 315.836102459455617, 332.3259593454178 ], [ 322.844604834733616, 325.911397851077879 ], [ 330.565836258340028, 329.47504312517691 ] ] ] } },
{ "type": "Feature", "properties": { "feature_type": "building", "subtype": "no-damage", "uid": "7aeb5144-48f1-49bc-b6f8-58036a826513" }, "geometry": { "type": "Polygon", "coordinates": [ [ [ 239.99659683286859, 409.088030420732423 ], [ 239.407995354493295, 403.109762715867589 ], [ 254.306988791576799, 390.72618375492209 ], [ 262.820699325902524, 399.626881133702682 ], [ 271.721396707325709, 388.210769277578379 ], [ 306.163225691245088, 419.556703525717523 ], [ 293.570064115696482, 433.083241930114013 ], [ 272.782133354812117, 417.997143603575694 ], [ 260.071798543861973, 429.757173008583322 ], [ 239.99659683286859, 409.088030420732423 ] ] ] } },
{ "type": "Feature", "properties": { "feature_type": "building", "subtype": "no-damage", "uid": "5a2ee140-f046-4f87-b495-bcefb74e775a" }, "geometry": { "type": "Polygon", "coordinates": [ [ [ 349.118765215981625, 382.792953481924428 ], [ 343.894442839008889, 388.404262699504386 ], [ 348.731778372370172, 394.209065337086884 ], [ 347.183831001651413, 399.433387712738522 ], [ 328.801955978436922, 415.493341678736499 ], [ 312.959999999439276, 393.920000001280528 ], [ 315.380000000462985, 384.940000000140174 ], [ 315.46669120562342, 385.028542101534811 ], [ 329.262942640924905, 370.929076350060313 ], [ 333.659550238666725, 375.780505427046307 ], [ 340.936693849575988, 368.95818328864658 ], [ 349.118765215981625, 382.792953481924428 ] ] ] } },
{ "type": "Feature", "properties": { "feature_type": "building", "subtype": "no-damage", "uid": "8dbc9523-1332-463c-88e0-c1cccccc337d" }, "geometry": { "type": "Polygon", "coordinates": [ [ [ 298.941510917823621, 362.742289785711705 ], [ 298.941510917943788, 368.048540337372913 ], [ 312.569999999753179, 382.050000001451281 ], [ 308.66000000403119, 392.489999999746374 ], [ 298.229995419691818, 401.948802188158822 ], [ 291.844712517655182, 396.143999551537775 ], [ 287.007376986938596, 398.272427185029585 ], [ 275.591265129735177, 388.791249541432876 ], [ 280.293830408301972, 384.422113467993427 ], [ 277.261687238552327, 381.693184612248785 ], [ 284.084009372983417, 374.719255315944679 ], [ 284.84204516454929, 360.923003882202579 ], [ 298.941510917823621, 362.742289785711705 ] ] ] } },
{ "type": "Feature", "properties": { "feature_type": "building", "subtype": "no-damage", "uid": "9ef153e4-2d61-425c-9017-b53160884ff0" }, "geometry": { "type": "Polygon", "coordinates": [ [ [ 257.251750863463883, 543.139836284389844 ], [ 257.007615110582208, 545.337058060326058 ], [ 270.433441645198172, 560.254643093876666 ], [ 279.820000001418407, 567.459999999945921 ], [ 278.474384811502318, 574.8441100454761 ], [ 270.910055349105789, 581.778078718289407 ], [ 267.758251407312116, 581.462898323677223 ], [ 251.368870906955493, 600.058541583678448 ], [ 247.486275522043002, 597.299143138526688 ], [ 234.599667042342503, 611.247001730173338 ], [ 244.908953825044989, 620.646645564489631 ], [ 198.36555613355921, 671.283436539242757 ], [ 184.008730202241509, 651.421412549816068 ], [ 167.956844609831109, 633.640862355422883 ], [ 170.099541685909799, 631.206482914418302 ], [ 160.54829069453271, 619.835946018688333 ], [ 158.122576158805089, 609.678266392926162 ], [ 169.189898737401109, 599.975408240877528 ], [ 170.705970322576491, 602.552729939679239 ], [ 173.738113491725102, 598.459336655100742 ], [ 174.799363602465803, 598.307729497196192 ], [ 177.983113934207012, 602.704337095660321 ], [ 178.892756885119894, 602.401122779851335 ], [ 179.044364044106288, 600.278622559571545 ], [ 179.954006995379814, 599.36897960637441 ], [ 177.225078140116807, 594.517550532273503 ], [ 183.137757325317892, 590.575764408484474 ], [ 197.388830235655092, 604.372015840303334 ], [ 221.039546978623491, 576.779512973780697 ], [ 224.829725941982701, 577.082727291513038 ], [ 228.316690590254211, 581.327727733034408 ], [ 232.2584767156049, 576.779512973780697 ], [ 237.564727265461698, 582.692192160906643 ], [ 245.751513831250804, 574.657012753500908 ], [ 242.719370658495905, 575.263441388003912 ], [ 249.086871322819889, 569.04754788506898 ], [ 240.142048965104209, 559.647904050752686 ], [ 243.69373714208669, 556.05189568109904 ], [ 234.294093310176805, 547.410287642075218 ], [ 246.119451680699314, 536.797786538752916 ], [ 247.640000003299804, 535.450000001926469 ], [ 257.251750863463883, 543.139836284389844 ] ] ] } },
{ "type": "Feature", "properties": { "feature_type": "building", "subtype": "no-damage", "uid": "036b7636-9653-4d26-a03a-fe21aabf0b7d" }, "geometry": { "type": "Polygon", "coordinates": [ [ [ 309.940000000655402, 537.910000000557488 ], [ 280.365467180497319, 564.44315703481368 ], [ 279.920000000484094, 566.899999999311603 ], [ 270.774328654041028, 559.885982883521024 ], [ 257.529329893948386, 545.169317594685936 ], [ 257.779098312905887, 542.921401819860193 ], [ 248.020000000158291, 535.110000000270475 ], [ 264.847802705546712, 520.220430493241111 ], [ 267.317323567027074, 522.689951352317962 ], [ 279.69153692400522, 509.353946002178418 ], [ 281.399999999807676, 505.559999998958688 ], [ 309.940000000655402, 537.910000000557488 ] ] ] } },
{ "type": "Feature", "properties": { "feature_type": "building", "subtype": "no-damage", "uid": "8b916a6e-f2aa-423f-b2dd-2e356c1355b9" }, "geometry": { "type": "Polygon", "coordinates": [ [ [ 318.04814805186578, 489.948229701927687 ], [ 319.229999999294023, 488.270000000167613 ], [ 331.290888186154689, 503.723187536449814 ], [ 337.910000003931373, 508.910000000057721 ], [ 337.536076852379324, 509.048391897446777 ], [ 328.15181096500271, 518.551445960749106 ], [ 325.538471098893524, 516.65083514789626 ], [ 324.231801164817114, 518.195081433820064 ], [ 325.30089474788798, 520.570844948924332 ], [ 310.333584597877802, 537.557554088315442 ], [ 310.320000000519087, 537.569999999863285 ], [ 281.619999999507399, 505.050000001283081 ], [ 283.026894412809497, 501.925195229275687 ], [ 304.55511093465708, 479.942157233108389 ], [ 318.04814805186578, 489.948229701927687 ] ] ] } },
{ "type": "Feature", "properties": { "feature_type": "building", "subtype": "no-damage", "uid": "33af02b5-2e6f-4dc1-87e9-6851fbaac8d5" }, "geometry": { "type": "Polygon", "coordinates": [ [ [ 351.435215189267694, 437.84228555654289 ], [ 370.480000003539317, 448.51000000128488 ], [ 384.779823260656485, 464.522294418726119 ], [ 384.476608943044425, 467.554437590279576 ], [ 382.050894410081582, 470.738187918776021 ], [ 379.473572710438987, 469.828544968463973 ], [ 369.922321718220473, 479.076581643914096 ], [ 372.651250572882475, 484.989260828155011 ], [ 353.097327883569619, 502.515042228746097 ], [ 348.820953554772018, 501.445948646035617 ], [ 345.970037334411586, 506.078687502845128 ], [ 340.386993074542772, 507.979298314736184 ], [ 338.460000000536013, 508.699999999940019 ], [ 331.647348157442877, 503.367264876282604 ], [ 319.529999999977292, 487.840000001071417 ], [ 321.98993417469211, 484.338764832534196 ], [ 328.660649153983513, 476.606799742860801 ], [ 330.934756531325775, 479.032514281834722 ], [ 344.913082030864814, 462.474449667769875 ], [ 337.326679388655407, 451.897066672469919 ], [ 333.456810963481075, 440.674448238271623 ], [ 342.16401492117518, 432.547724545271308 ], [ 341.360000002172001, 431.520000001975006 ], [ 351.435215189267694, 437.84228555654289 ] ] ] } },
{ "type": "Feature", "properties": { "feature_type": "building", "subtype": "no-damage", "uid": "af32f6b0-329a-45b6-8b95-eff37bb31ca6" }, "geometry": { "type": "Polygon", "coordinates": [ [ [ 359.209999999309275, 412.020000000113498 ], [ 359.150478099699512, 412.091024442813989 ], [ 360.140000001186991, 412.850000000761781 ], [ 363.633340869603103, 415.974501225702227 ], [ 363.809999999848515, 415.659999999909587 ], [ 368.177334396320475, 419.005212245260282 ], [ 369.531026261242687, 424.033210590177418 ], [ 373.496344313895293, 427.205465033742712 ], [ 378.695969163345978, 429.131252014023914 ], [ 380.59767957567459, 431.413304511944318 ], [ 398.909999999608488, 448.74000000104752 ], [ 398.879289010685113, 448.755149921646989 ], [ 404.185539563547081, 457.851579438230885 ], [ 394.331074253355894, 467.857651907050411 ], [ 388.41839506827489, 462.703008515216993 ], [ 387.053930638719976, 456.33550785149248 ], [ 381.444465770289526, 453.303364680900586 ], [ 384.173394626754714, 449.816400033710181 ], [ 376.593036694987575, 442.539256421597088 ], [ 369.690000003743478, 447.490000000163718 ], [ 351.690305749677975, 437.412074318715497 ], [ 340.440000002160275, 430.360000000454818 ], [ 331.328383328066479, 418.809691634690921 ], [ 342.551001766709874, 408.748033728201392 ], [ 348.927840847593473, 402.816948579938014 ], [ 359.209999999309275, 412.020000000113498 ] ] ] } },
{ "type": "Feature", "properties": { "feature_type": "building", "subtype": "no-damage", "uid": "db093a36-7077-4d98-a36a-a74b39cedafb" }, "geometry": { "type": "Polygon", "coordinates": [ [ [ 404.564627945147492, 405.157832584454411 ], [ 404.929999998853816, 404.910000001349317 ], [ 421.050000000746195, 418.930000001467477 ], [ 420.924454871260195, 419.088551580853391 ], [ 422.59213361421979, 430.762302795277378 ], [ 413.585183396058028, 442.994077895310625 ], [ 399.419999999327615, 448.540000000752173 ], [ 380.962854586661308, 431.070489555631809 ], [ 378.994696577902801, 428.708699944640102 ], [ 373.745676676774224, 426.764618498904611 ], [ 369.97125787919822, 423.745083461997126 ], [ 368.616041844491008, 418.711423901386297 ], [ 364.059999999856927, 415.220000000029415 ], [ 372.72753166465759, 399.914547259704193 ], [ 385.498097470052983, 392.948784094412815 ], [ 404.564627945147492, 405.157832584454411 ] ] ] } },
{ "type": "Feature", "properties": { "feature_type": "building", "subtype": "no-damage", "uid": "0577d0c7-5094-43da-9552-c0d3a3930e73" }, "geometry": { "type": "Polygon", "coordinates": [ [ [ 455.036065557720576, 392.40569166752789 ], [ 444.575171611944597, 404.837478672436077 ], [ 436.539992207545993, 405.443907307900815 ], [ 435.630349256152272, 413.024265238707983 ], [ 432.901420400408426, 415.601586933662986 ], [ 423.653383727965718, 415.601586933662986 ], [ 421.359999999088075, 418.540000001661099 ], [ 405.35999999915191, 404.630000000551206 ], [ 406.306068740797514, 403.996872054822177 ], [ 402.242706889249519, 397.031108890492419 ], [ 408.434496370081376, 380.197181238714109 ], [ 426.382312580103303, 364.358367323445123 ], [ 455.036065557720576, 392.40569166752789 ] ] ] } },
{ "type": "Feature", "properties": { "feature_type": "building", "subtype": "no-damage", "uid": "b0ade958-2088-4ef8-ab1b-a128172734a7" }, "geometry": { "type": "Polygon", "coordinates": [ [ [ 239.445043416521088, 562.484330337636266 ], [ 244.750241128607797, 567.324159825502193 ], [ 244.191799259805805, 570.116369144389068 ], [ 237.025128672949307, 577.189966088710889 ], [ 230.04460537405069, 570.860958296220588 ], [ 239.445043416521088, 562.484330337636266 ] ] ] } },
{ "type": "Feature", "properties": { "feature_type": "building", "subtype": "no-damage", "uid": "16849293-6fb2-4684-a3c0-3ded1e54c6c4" }, "geometry": { "type": "Polygon", "coordinates": [ [ [ 130.01710555666449, 541.153897686470259 ], [ 147.230000003616396, 553.350000000464206 ], [ 154.648410585107314, 562.535633853120316 ], [ 136.460028985381399, 588.076765460791648 ], [ 131.622693455265903, 590.592179937173682 ], [ 129.107278978163293, 587.496285197898942 ], [ 124.463436866727903, 588.076765460791648 ], [ 110.826016798125906, 574.265371029551147 ], [ 108.450253279415904, 573.671430149092203 ], [ 88.968992450564343, 553.715016617984475 ], [ 94.076884010826291, 546.350149718179864 ], [ 98.543502696764648, 547.667280798749516 ], [ 104.007758786720402, 541.84666018390692 ], [ 111.135049334315696, 549.805467962247235 ], [ 114.579906429244701, 546.004246336541541 ], [ 117.193246296075202, 546.004246337503218 ], [ 120.638103392807295, 552.181231476389826 ], [ 123.845384141779704, 548.736374381459996 ], [ 128.478122995823298, 547.548492620541992 ], [ 127.527817591801295, 543.272118293546555 ], [ 123.607807788730597, 542.321812888081809 ], [ 123.845384140337103, 539.352108491556805 ], [ 124.629999999467699, 538.360000000260243 ], [ 130.01710555666449, 541.153897686470259 ] ] ] } },
{ "type": "Feature", "properties": { "feature_type": "building", "subtype": "no-damage", "uid": "5159f4d6-4ceb-46b9-a238-0d2749e4d2d7" }, "geometry": { "type": "Polygon", "coordinates": [ [ [ 158.069999999373891, 507.070000000995606 ], [ 162.410000004049209, 516.459999999663864 ], [ 157.744305325823802, 523.643456176797031 ], [ 166.258015862553691, 531.576686448833129 ], [ 146.660000001116089, 552.330000000304608 ], [ 130.277959082472591, 540.725936318031358 ], [ 124.940000002257307, 537.959999999669662 ], [ 125.152054072970998, 537.689074030310621 ], [ 120.162950690676098, 534.006640579927421 ], [ 122.357758368791394, 529.859255318219311 ], [ 130.392937777277012, 520.004790008266127 ], [ 130.241330619612995, 517.27586115348322 ], [ 147.979368173413292, 499.386216439009274 ], [ 158.069999999373891, 507.070000000995606 ] ] ] } },
{ "type": "Feature", "properties": { "feature_type": "building", "subtype": "no-damage", "uid": "2cf9a116-2a14-4b22-b272-539471a05ade" }, "geometry": { "type": "Polygon", "coordinates": [ [ [ 180.726514435127314, 477.554785598823173 ], [ 192.097051329171592, 485.589965006228908 ], [ 196.796873245727596, 502.266752451696675 ], [ 177.4806342956675, 524.804416704505911 ], [ 173.223779029165797, 524.417429861615688 ], [ 166.064522441469308, 517.064679854395763 ], [ 162.775134281591704, 515.90371932764856 ], [ 162.729999999448694, 515.969999999709785 ], [ 158.510000001778508, 506.829999999487313 ], [ 167.839905953022594, 499.537823597875615 ], [ 164.04972698581679, 494.686394520889507 ], [ 163.140084037067709, 489.228536812285483 ], [ 148.737403966782409, 489.076929653419313 ], [ 157.833833481921687, 476.796749806415619 ], [ 180.726514435127314, 477.554785598823173 ] ] ] } },
{ "type": "Feature", "properties": { "feature_type": "building", "subtype": "no-damage", "uid": "5cfd4664-0624-4352-b864-4a7d408f869a" }, "geometry": { "type": "Polygon", "coordinates": [ [ [ 171.944499924369211, 463.110668673815212 ], [ 185.723928314663709, 449.687604808523076 ], [ 198.553051301176708, 461.328846035323124 ], [ 195.820923256980194, 476.058579834932289 ], [ 185.605140139942307, 474.514333549008711 ], [ 171.944499924369211, 463.110668673815212 ] ] ] } },
{ "type": "Feature", "properties": { "feature_type": "building", "subtype": "no-damage", "uid": "76dd7173-acbf-473d-8a11-d47fb833a104" }, "geometry": { "type": "Polygon", "coordinates": [ [ [ 931.547008095725232, 408.384398163093124 ], [ 929.592461573490596, 408.849766382747191 ], [ 929.592461571687409, 410.059723756156188 ], [ 926.614104968089009, 410.245871042671581 ], [ 926.614104964122021, 409.501281890840175 ], [ 917.213666924416543, 413.224227651920614 ], [ 920.028281550694487, 422.203497373117727 ], [ 906.391594965496665, 427.710645813497877 ], [ 903.181217850404437, 421.536843662439878 ], [ 885.400667653731603, 428.451502072278799 ], [ 887.129332257032388, 436.847872996794479 ], [ 877.251248814115797, 442.033866802490707 ], [ 869.101829977385023, 425.488077039078519 ], [ 878.239057157554043, 421.536843660516524 ], [ 886.141523910108162, 404.497149725865995 ], [ 890.586661461229824, 398.323347575769674 ], [ 889.820000001825292, 397.010000000264711 ], [ 896.429222816593551, 392.950136544675217 ], [ 894.739444644290302, 385.694030277025774 ], [ 886.390736440539968, 388.486189915762111 ], [ 884.544817879646871, 384.464471655940883 ], [ 880.077282966976441, 373.667928950538794 ], [ 913.025352940076573, 359.613808706595421 ], [ 931.547008095725232, 408.384398163093124 ] ] ] } },
{ "type": "Feature", "properties": { "feature_type": "building", "subtype": "no-damage", "uid": "ccfbb942-6e00-4df3-9e37-618154d3f2cb" }, "geometry": { "type": "Polygon", "coordinates": [ [ [ 970.657424732169147, 526.087188983244687 ], [ 959.135280673969532, 530.332189424765943 ], [ 960.80295941933332, 534.425582706459409 ], [ 935.484563932924516, 544.583262333183256 ], [ 935.181349614230498, 539.731833257158883 ], [ 931.087956331335931, 537.002904403337766 ], [ 923.962419879533172, 539.125404623617555 ], [ 912.895097303461625, 524.419510239563351 ], [ 901.676167565518654, 500.920400653772617 ], [ 900.311703139329552, 493.340042723927127 ], [ 909.104918337457889, 490.004685234641215 ], [ 915.01759752289945, 487.427363538724478 ], [ 927.146170209471279, 484.243613206381383 ], [ 939.123135737898338, 482.121112987063327 ], [ 948.825993889343636, 479.543791289223179 ], [ 970.657424732169147, 526.087188983244687 ] ] ] } },
{ "type": "Feature", "properties": { "feature_type": "building", "subtype": "no-damage", "uid": "6cb5d1a1-52c6-433c-a838-af0689b8db6f" }, "geometry": { "type": "Polygon", "coordinates": [ [ [ 724.112982394119967, 305.444268733866295 ], [ 715.855257032440704, 315.668119182394889 ], [ 691.475305967705253, 291.288168116451573 ], [ 700.126256344878698, 281.850767704200621 ], [ 724.112982394119967, 305.444268733866295 ] ] ] } },
{ "type": "Feature", "properties": { "feature_type": "building", "subtype": "no-damage", "uid": "fb78c91b-2861-47d5-95ee-bdd6f6657976" }, "geometry": { "type": "Polygon", "coordinates": [ [ [ 536.748913148483666, 1022.979524259032019 ], [ 544.445520656852409, 1013.187785908409978 ], [ 585.154846608267917, 1022.979460581696003 ], [ 536.748913148483666, 1022.979524259032019 ] ] ] } }
]
}
