{
"type": "FeatureCollection",
"name": "mexico-earthquake_00000036_post_disaster",
"features": [
{ "type": "Feature", "properties": { "feature_type": "building", "subtype": "no-damage", "uid": "a7ea6f50-de2b-4b65-801c-232d9483960d" }, "geometry": { "type": "Polygon", "coordinates": [ [ [ 5.526938213816424, 0.000129236670735 ], [ 7.16098967376673, 5.215861371883796 ], [ 5.712553377930274, 7.147109769217892 ], [ 5.953959425673628, 19.217412252796411 ], [ 0.643026333366765, 19.700224351408671 ], [ 0.00000000216377, 19.700224351408671 ], [ 0.000000002644607, 0.000054554883241 ], [ 5.526938213816424, 0.000129236670735 ] ] ] } },
{ "type": "Feature", "properties": { "feature_type": "building", "subtype": "no-damage", "uid": "2ea531a0-0fd8-47ca-b5d1-2c13e9ed443f" }, "geometry": { "type": "Polygon", "coordinates": [ [ [ 41.168122561084999, 0.000591343814519 ], [ 44.551482338713882, 29.197343787010269 ], [ 6.346823142969079, 31.354058419331089 ], [ 6.038721055488287, 22.727199891009452 ], [ 16.51419212179545, 22.110995709796821 ], [ 15.89798794118402, 14.1003413626878 ], [ 21.1357234768019, 14.1003413626878 ], [ 22.61981104684067, 0.000355065941067 ], [ 41.168122561084999, 0.000591343814519 ] ] ] } },
{ "type": "Feature", "properties": { "feature_type": "building", "subtype": "no-damage", "uid": "16f86617-2a91-443e-8d4d-a61aea45a558" }, "geometry": { "type": "Polygon", "coordinates": [ [ [ 70.740160014278871, 3.316768203968678 ], [ 83.680447804594465, 2.392461931188067 ], [ 83.98854989375819, 11.019320461433059 ], [ 71.972568374059207, 11.943626730366971 ], [ 70.740160014278871, 3.316768203968678 ] ] ] } },
{ "type": "Feature", "properties": { "feature_type": "building", "subtype": "no-damage", "uid": "f7f230b2-4688-481f-a414-4df44f6e2858" }, "geometry": { "type": "Polygon", "coordinates": [ [ [ 88.918183339130465, 11.943626732290319 ], [ 104.015185761886599, 11.019320459509711 ], [ 104.631389945743706, 5.473482836289508 ], [ 122.809413268431499, 6.397789106185092 ], [ 125.582332080882395, 20.57048525868862 ], [ 88.918183342015482, 20.878587348333259 ], [ 88.918183339130465, 11.943626732290319 ] ] ] } },
{ "type": "Feature", "properties": { "feature_type": "building", "subtype": "no-damage", "uid": "9b83ffa8-08e7-4e09-a969-20ec5505805e" }, "geometry": { "type": "Polygon", "coordinates": [ [ [ 150.062573397189311, 0.001794198738176 ], [ 150.846703483065909, 11.327422550116021 ], [ 125.274229989915497, 9.170707917795195 ], [ 123.453237209477095, 0.00152934852719 ], [ 150.062573397189311, 0.001794198738176 ] ] ] } },
{ "type": "Feature", "properties": { "feature_type": "building", "subtype": "no-damage", "uid": "5db95da3-3141-41e0-8b2a-1df77fb6de2d" }, "geometry": { "type": "Polygon", "coordinates": [ [ [ 256.023227288553528, 0.002662306960098 ], [ 258.682435084055498, 8.862605829112233 ], [ 234.650472038406605, 8.246401648861285 ], [ 234.342463690595196, 0.002508948585537 ], [ 256.023227288553528, 0.002662306960098 ] ] ] } },
{ "type": "Feature", "properties": { "feature_type": "building", "subtype": "no-damage", "uid": "b6f622d6-05f3-40b2-9364-234ec9937324" }, "geometry": { "type": "Polygon", "coordinates": [ [ [ 32.955084683195317, 98.104983416876493 ], [ 14.86673389305197, 100.071108502281305 ], [ 14.866733894855111, 93.779508227447295 ], [ 14.370000000631549, 93.769999999569436 ], [ 19.130000001334729, 84.229999999718046 ], [ 30.2025095628359, 83.162432764145805 ], [ 32.955084683195317, 98.104983416876493 ] ] ] } },
{ "type": "Feature", "properties": { "feature_type": "building", "subtype": "no-damage", "uid": "d27156fc-4c50-48f7-9430-02be81c7ad1f" }, "geometry": { "type": "Polygon", "coordinates": [ [ [ 18.012534029626739, 84.342107815196343 ], [ 18.549999999733291, 84.289999999614295 ], [ 13.80999999867498, 93.749999999924569 ], [ -0.000000000721257, 93.386283210751017 ], [ 0.000000000480838, 72.152132282224684 ], [ 16.832858978937121, 72.152132282224684 ], [ 18.012534029626739, 84.342107815196343 ] ] ] } },
{ "type": "Feature", "properties": { "feature_type": "building", "subtype": "no-damage", "uid": "f7bd7f33-ce2e-4e36-83e4-685f7ffed007" }, "geometry": { "type": "Polygon", "coordinates": [ [ [ -0.000000000841466, 106.362708778076893 ], [ 9.754808672755827, 104.789808709368401 ], [ 19.978659117675651, 102.823683623001997 ], [ 52.616335542287203, 98.891433450269062 ], [ 54.582460630336122, 118.159459292428906 ], [ 23.124459255452521, 123.664609533870305 ], [ 22.73123423743402, 130.349434826362312 ], [ 12.11415877221172, 128.776534756692087 ], [ 10.14803368861055, 139.39361022095531 ], [ -0.000000001081885, 139.393610221916987 ], [ -0.000000000841466, 106.362708778076893 ] ] ] } },
{ "type": "Feature", "properties": { "feature_type": "building", "subtype": "no-damage", "uid": "03fffefd-59c2-40e6-a3d4-a32ec5a6af75" }, "geometry": { "type": "Polygon", "coordinates": [ [ [ 27.84315945977373, 142.146185340714311 ], [ 27.84315946289917, 129.169759773388392 ], [ 55.762135682828877, 127.203634687983595 ], [ 55.368910666252887, 139.393610222878607 ], [ 27.84315945977373, 142.146185340714311 ] ] ] } },
{ "type": "Feature", "properties": { "feature_type": "building", "subtype": "no-damage", "uid": "68333b07-9aa5-4a97-82be-95fea387fe98" }, "geometry": { "type": "Polygon", "coordinates": [ [ [ 23.77686407682976, 142.300735080101504 ], [ 50.814341639019787, 140.369486682767388 ], [ 52.021371886391627, 152.198383116558887 ], [ 24.50108222438736, 153.164007314745106 ], [ 24.9838943266058, 149.301510519115311 ], [ 18.2245249311297, 148.818698420503011 ], [ 17.500306783211471, 142.300735080101504 ], [ 23.77686407682976, 142.300735080101504 ] ] ] } },
{ "type": "Feature", "properties": { "feature_type": "building", "subtype": "no-damage", "uid": "6cfa727a-a057-4c24-8b81-0923cf3d7d61" }, "geometry": { "type": "Polygon", "coordinates": [ [ [ -0.000000000240419, 155.847788753663906 ], [ -0.000000001202094, 150.778261710060889 ], [ 12.63443259980496, 151.502479860383488 ], [ 12.63443260184852, 158.744661351107595 ], [ 4.909439009508747, 159.951691598119112 ], [ 4.909439009148119, 164.538406543109886 ], [ -0.000000000601047, 165.262624690547398 ], [ -0.000000000240419, 155.847788753663906 ] ] ] } },
{ "type": "Feature", "properties": { "feature_type": "building", "subtype": "no-damage", "uid": "030fd275-32d2-4512-ab25-d2ce19cf38cf" }, "geometry": { "type": "Polygon", "coordinates": [ [ [ 3.702408760814599, 175.401678777753489 ], [ 11.91021444948254, 174.918866679141189 ], [ 13.117244697575639, 166.228248889695294 ], [ 17.703959642204701, 157.054819002598805 ], [ 54.639085245898599, 157.537631102172696 ], [ 55.363303391773258, 169.125121486177306 ], [ 46.914091653919463, 171.297775933298311 ], [ 46.431279555547732, 178.057145324448499 ], [ 43.775813006328953, 180.712611870181888 ], [ 40.637534360782013, 183.368078416876898 ], [ 30.98129237579678, 184.575108665811712 ], [ 30.257074226556249, 181.919642119116702 ], [ 0.000000000360628, 183.609484466663787 ], [ 3.702408760814599, 175.401678777753489 ] ] ] } },
{ "type": "Feature", "properties": { "feature_type": "building", "subtype": "no-damage", "uid": "f0fda6f7-78e1-47f0-8bf8-6f002d26eca6" }, "geometry": { "type": "Polygon", "coordinates": [ [ [ 32.429728671993857, 212.57821042763689 ], [ 34.602383119835658, 212.57821042763689 ], [ 60.19142438715091, 209.439931782329694 ], [ 60.67423648588327, 221.26882821804449 ], [ 51.500806601193119, 220.786016115585596 ], [ 48.12112190237319, 218.613361670387889 ], [ 45.465655354116087, 222.958670564630012 ], [ 37.257849670016107, 222.958670564630012 ], [ 32.429728671873647, 221.993046365482087 ], [ 32.429728671993857, 212.57821042763689 ] ] ] } },
{ "type": "Feature", "properties": { "feature_type": "building", "subtype": "no-damage", "uid": "bdb7fe6b-08ad-46b4-8e18-31949ec22996" }, "geometry": { "type": "Polygon", "coordinates": [ [ [ 60.191424385948807, 203.40478053861699 ], [ 37.257849666409832, 205.336028937874488 ], [ 37.740661765142193, 196.645411147466888 ], [ 37.77999999893165, 195.359999999720714 ], [ 59.069999999295483, 193.440000000155806 ], [ 60.191424385948807, 203.40478053861699 ] ] ] } },
{ "type": "Feature", "properties": { "feature_type": "building", "subtype": "no-damage", "uid": "2ef996db-bfe7-4362-846e-b5ecb8c03f12" }, "geometry": { "type": "Polygon", "coordinates": [ [ [ 59.010000000360932, 192.940000001340991 ], [ 37.790000000917843, 194.850000001083401 ], [ 37.982067816371618, 188.679011510266889 ], [ 58.260175990538542, 186.26495101335891 ], [ 59.010000000360932, 192.940000001340991 ] ] ] } },
{ "type": "Feature", "properties": { "feature_type": "building", "subtype": "no-damage", "uid": "756e0bdb-ea83-4eda-a839-0485784e8f45" }, "geometry": { "type": "Polygon", "coordinates": [ [ [ -0.000000001202094, 196.340875822410709 ], [ 3.433343282926177, 191.612176907031113 ], [ 6.270562630806873, 227.171992759071088 ], [ 3.622491237079425, 227.171992759071088 ], [ 0.000000001202094, 223.767329540074712 ], [ -0.000000001202094, 196.340875822410709 ] ] ] } },
{ "type": "Feature", "properties": { "feature_type": "building", "subtype": "no-damage", "uid": "6c242ab8-4936-4f06-8166-f952a4ecc247" }, "geometry": { "type": "Polygon", "coordinates": [ [ [ -0.000000001322304, 383.963048265031773 ], [ 9.802729859888467, 382.114435722355722 ], [ 11.651342401602539, 390.741294250677299 ], [ 19.04579256641529, 392.281804700823784 ], [ 18.429588389289929, 409.843623848073378 ], [ -0.000000001081885, 411.076032209537004 ], [ -0.000000001322304, 383.963048265031773 ] ] ] } },
{ "type": "Feature", "properties": { "feature_type": "building", "subtype": "no-damage", "uid": "16b21770-f6fb-4e16-b9ca-0097366bd237" }, "geometry": { "type": "Polygon", "coordinates": [ [ [ 23.359221833219689, 407.995011305397213 ], [ 23.051119740690101, 386.735967076641884 ], [ 49.547899505418798, 387.044069167248324 ], [ 51.396512047613719, 406.146398764644402 ], [ 23.359221833219689, 407.995011305397213 ] ] ] } },
{ "type": "Feature", "properties": { "feature_type": "building", "subtype": "no-damage", "uid": "6ee69e3a-69b7-4638-91d0-cf3b2876b0df" }, "geometry": { "type": "Polygon", "coordinates": [ [ [ 54.54183349018777, 395.481779737569923 ], [ 53.596093704515567, 387.159269644232381 ], [ 62.107751754648973, 385.83523394881081 ], [ 62.296899709283053, 388.294157385500625 ], [ 63.620935406627609, 395.103483824454884 ], [ 54.54183349018777, 395.481779737569923 ] ] ] } },
{ "type": "Feature", "properties": { "feature_type": "building", "subtype": "no-damage", "uid": "cfd5647e-6bf7-4125-91c8-db12450428a2" }, "geometry": { "type": "Polygon", "coordinates": [ [ [ 66.166647942463925, 385.218392006597583 ], [ 66.35579589878094, 375.193550300876893 ], [ 73.921714168050499, 374.626106431685287 ], [ 73.165122339656989, 384.461800178444321 ], [ 66.166647942463925, 385.218392006597583 ] ] ] } },
{ "type": "Feature", "properties": { "feature_type": "building", "subtype": "no-damage", "uid": "7415eeb0-d911-4204-aa6b-a7c09f8e7262" }, "geometry": { "type": "Polygon", "coordinates": [ [ [ 66.177356326443658, 386.638220656026476 ], [ 74.729796041131365, 386.365270451329081 ], [ 74.729796041371785, 392.734108535291284 ], [ 70.089642582553111, 392.916075338102416 ], [ 69.725708973925833, 391.460340917537224 ], [ 65.995389523993268, 391.369357517574088 ], [ 66.177356326443658, 386.638220656026476 ] ] ] } },
{ "type": "Feature", "properties": { "feature_type": "building", "subtype": "no-damage", "uid": "9200bd4a-bfac-485b-8802-748fb922ce41" }, "geometry": { "type": "Polygon", "coordinates": [ [ [ 67.059877056394896, 401.962845225191927 ], [ 73.910982866624934, 402.078965662973417 ], [ 73.678741995630091, 406.839903598548574 ], [ 66.24703399336758, 406.839903599510308 ], [ 67.059877056394896, 401.962845225191927 ] ] ] } },
{ "type": "Feature", "properties": { "feature_type": "building", "subtype": "no-damage", "uid": "ed216cf7-2d69-4f8e-87c1-bdd26bcb20db" }, "geometry": { "type": "Polygon", "coordinates": [ [ [ 35.754972900738437, 428.40725959391898 ], [ 36.660000002471477, 433.460000000222976 ], [ 36.349130782407762, 433.470873363823387 ], [ 36.233010344145519, 435.096559487955119 ], [ 26.595014033773271, 434.864318612392196 ], [ 20.324510408603551, 434.632077738752685 ], [ 20.440630845904121, 424.297358803132113 ], [ 21.601835222035241, 422.323311366617816 ], [ 21.834076098439521, 420.465384366923217 ], [ 34.059999999835739, 419.660000001006608 ], [ 35.754972900738437, 428.40725959391898 ] ] ] } },
{ "type": "Feature", "properties": { "feature_type": "building", "subtype": "no-damage", "uid": "2ec932ac-128f-49b8-92a2-51d7a4d7bb79" }, "geometry": { "type": "Polygon", "coordinates": [ [ [ 50.381229319849588, 426.203569151742386 ], [ 52.203584113330329, 430.567862426019303 ], [ 52.025389844190059, 430.567862426019303 ], [ 51.444787653720297, 433.122512051440822 ], [ 37.160000003209518, 433.450000001362298 ], [ 36.246566036547193, 428.31588863300351 ], [ 34.569999999073907, 419.630000001539315 ], [ 50.489999999829628, 418.579999999989127 ], [ 50.381229319849588, 426.203569151742386 ] ] ] } },
{ "type": "Feature", "properties": { "feature_type": "building", "subtype": "no-damage", "uid": "0cd8cad9-7a72-49c0-bfa1-adee092e82bf" }, "geometry": { "type": "Polygon", "coordinates": [ [ [ 76.759043024191925, 428.593814989505006 ], [ 68.514491962989212, 428.709935426324819 ], [ 68.630612399207891, 430.567862426019303 ], [ 52.745122571836248, 430.56786242698098 ], [ 50.882659861897011, 426.107002452949075 ], [ 50.989999999726209, 418.539999999737688 ], [ 65.843721902912378, 417.562373427195723 ], [ 67.46940802524054, 416.052807742768778 ], [ 77.688006521755, 416.052807742768778 ], [ 76.759043024191925, 428.593814989505006 ] ] ] } },
{ "type": "Feature", "properties": { "feature_type": "building", "subtype": "no-damage", "uid": "7420a856-6f93-444b-a548-cf1ad29eccf1" }, "geometry": { "type": "Polygon", "coordinates": [ [ [ 66.394762749281924, 435.038344348929002 ], [ 76.620726508569874, 433.852725362121589 ], [ 76.917131255992899, 447.042736593960115 ], [ 67.283976989747885, 447.190938966108888 ], [ 66.394762749281924, 435.038344348929002 ] ] ] } },
{ "type": "Feature", "properties": { "feature_type": "building", "subtype": "no-damage", "uid": "56290833-45f5-4f56-91ba-88c7d3c20503" }, "geometry": { "type": "Polygon", "coordinates": [ [ [ 42.385978258143581, 442.596665391028182 ], [ 53.649358636297158, 442.003855897624476 ], [ 53.501156261623969, 450.006784060978475 ], [ 64.171727145652738, 449.413974566613206 ], [ 64.319929519123832, 456.675890863452992 ], [ 41.793168763177313, 457.713307476188277 ], [ 42.385978258143581, 442.596665391028182 ] ] ] } },
{ "type": "Feature", "properties": { "feature_type": "building", "subtype": "no-damage", "uid": "6573aa0d-fac9-4587-bebe-fc7a66e17c2a" }, "geometry": { "type": "Polygon", "coordinates": [ [ [ 46.09103759359872, 460.825557317278879 ], [ 46.832049459872323, 473.126354307569272 ], [ 26.083717185578958, 473.422759054752021 ], [ 25.63911006540609, 477.572425509539585 ], [ 17.487979533631631, 477.127818388284709 ], [ 17.191574784285251, 463.344997664965888 ], [ 46.09103759359872, 460.825557317278879 ] ] ] } },
{ "type": "Feature", "properties": { "feature_type": "building", "subtype": "no-damage", "uid": "33376638-fec5-479a-b889-373bed728d06" }, "geometry": { "type": "Polygon", "coordinates": [ [ [ 2.390921898206296, 497.833646052464928 ], [ 20.979187721100001, 498.075052101290225 ], [ 19.530751422138099, 506.041451741375226 ], [ 12.77138203147039, 507.24848198934842 ], [ 1.425297697856547, 506.041451741375226 ], [ 2.390921898206296, 497.833646052464928 ] ] ] } },
{ "type": "Feature", "properties": { "feature_type": "building", "subtype": "no-damage", "uid": "7f2d0f66-daf1-4c98-bb15-1b20cf0d19aa" }, "geometry": { "type": "Polygon", "coordinates": [ [ [ 25.620901363004549, 498.829916598880175 ], [ 37.47709123239791, 499.126321346062923 ], [ 36.291472245831223, 504.461606786696109 ], [ 26.36191322963878, 505.943630520686213 ], [ 25.620901363004549, 498.829916598880175 ] ] ] } },
{ "type": "Feature", "properties": { "feature_type": "building", "subtype": "no-damage", "uid": "64687975-cb78-42b7-b26f-fb0522175b3c" }, "geometry": { "type": "Polygon", "coordinates": [ [ [ 26.658317975619301, 487.270131476065615 ], [ 27.992139335897502, 486.232714860445412 ], [ 42.071364806515867, 485.343500621782425 ], [ 45.331817022759807, 485.788107742075624 ], [ 55.557780786134863, 483.861476886830587 ], [ 56.446995027201872, 502.090368813081284 ], [ 49.036876357734108, 501.645761692788085 ], [ 47.703054996614441, 499.867333213538814 ], [ 37.47709123239791, 499.126321346062923 ], [ 34.51304376826517, 497.940702359255511 ], [ 33.62382952659712, 494.383845395948299 ], [ 26.213710855566639, 494.235643024761089 ], [ 26.658317975619301, 487.270131476065615 ] ] ] } },
{ "type": "Feature", "properties": { "feature_type": "building", "subtype": "no-damage", "uid": "8e3c343a-e79f-48b0-b94c-0c00029a0401" }, "geometry": { "type": "Polygon", "coordinates": [ [ [ 21.224143992735279, 507.205346378206514 ], [ 52.811852753334037, 504.557274985440074 ], [ 53.757592538284982, 510.042565729934608 ], [ 62.647546503576812, 509.853417771934573 ], [ 60.945214889871721, 517.041040125927225 ], [ 54.135888450438181, 517.041040124965548 ], [ 53.757592537924353, 524.41781043503488 ], [ 30.492393867776119, 525.93099408941805 ], [ 30.303245915065379, 523.093774738651632 ], [ 21.791587860724661, 524.228662478958199 ], [ 21.224143992735279, 507.205346378206514 ] ] ] } },
{ "type": "Feature", "properties": { "feature_type": "building", "subtype": "no-damage", "uid": "4578e243-87fd-4672-9a22-a38613127cba" }, "geometry": { "type": "Polygon", "coordinates": [ [ [ 20.5140151716143, 515.21180692529208 ], [ 19.568275391832358, 524.101760890706259 ], [ 8.219397988889682, 524.669204760859543 ], [ 9.354285730878903, 515.779250796407041 ], [ 20.5140151716143, 515.21180692529208 ] ] ] } },
{ "type": "Feature", "properties": { "feature_type": "building", "subtype": "no-damage", "uid": "f04ceedf-3e54-44bf-9ef8-9cabea0231f0" }, "geometry": { "type": "Polygon", "coordinates": [ [ [ 0.000000001442513, 527.317276153625926 ], [ 21.45975495512274, 526.371536370357717 ], [ 19.75742334310058, 536.58552603023179 ], [ 4.625586812134636, 537.342117856461641 ], [ 3.301551113467771, 540.557633120342985 ], [ -0.000000001202094, 540.179337206266382 ], [ 0.000000001442513, 527.317276153625926 ] ] ] } },
{ "type": "Feature", "properties": { "feature_type": "building", "subtype": "no-damage", "uid": "6041def6-f938-4f46-9b77-151a057944c2" }, "geometry": { "type": "Polygon", "coordinates": [ [ [ 5.949622510921712, 539.422745380036417 ], [ 10.867469382496919, 540.557633120342985 ], [ 10.86746938009273, 539.422745379074854 ], [ 19.75742334310058, 536.58552603023179 ], [ 19.94657130506744, 544.718888165569297 ], [ 10.678321424737391, 543.962296339339332 ], [ 4.814734767489978, 543.584000426224407 ], [ 5.949622510921712, 539.422745380036417 ] ] ] } },
{ "type": "Feature", "properties": { "feature_type": "building", "subtype": "no-damage", "uid": "9466a5d2-d4fa-455e-aaf8-bf334d20130f" }, "geometry": { "type": "Polygon", "coordinates": [ [ [ 1.031775638505036, 547.93440342945064 ], [ 12.191505077557499, 547.177811602258998 ], [ 12.19150507707667, 555.311173740481649 ], [ 1.977515416604046, 555.689469652634898 ], [ 1.031775638505036, 547.93440342945064 ] ] ] } },
{ "type": "Feature", "properties": { "feature_type": "building", "subtype": "no-damage", "uid": "307b77c5-8032-4fbc-85b9-66fecbf5ed78" }, "geometry": { "type": "Polygon", "coordinates": [ [ [ 0.000000000360628, 557.580949220133107 ], [ 4.814734767249559, 557.959245133248032 ], [ 21.459754953439809, 557.770097178133028 ], [ 34.321816010765318, 557.202653307018068 ], [ 36.213295576700297, 561.553056309282624 ], [ 34.700111919672857, 565.903459312508971 ], [ 32.997780311737827, 570.443010272773449 ], [ 20.70316312660902, 570.064714359658524 ], [ 21.081459042007861, 572.145341882271623 ], [ 17.298499908454961, 572.145341882271623 ], [ 16.54190808222522, 570.253862314773528 ], [ 0.275183811554037, 571.199602099003414 ], [ 0.000000000360628, 557.580949220133107 ] ] ] } },
{ "type": "Feature", "properties": { "feature_type": "building", "subtype": "no-damage", "uid": "af116bed-f52b-4f94-81c9-d3d247fc19b0" }, "geometry": { "type": "Polygon", "coordinates": [ [ [ 1.410071548254043, 575.360857146152966 ], [ 17.29849990857517, 575.171709190076399 ], [ 15.785316253350871, 583.683367239490508 ], [ 11.05661733677038, 585.574846806988717 ], [ 0.000000003846702, 581.22444380472416 ], [ 1.410071548254043, 575.360857146152966 ] ] ] } },
{ "type": "Feature", "properties": { "feature_type": "building", "subtype": "no-damage", "uid": "1ee5c618-3df4-4644-825f-9083833184c9" }, "geometry": { "type": "Polygon", "coordinates": [ [ [ 52.480019847611914, 549.825882996948849 ], [ 57.96531059414864, 550.393326866140455 ], [ 56.830422849995649, 556.446061478864863 ], [ 49.642800497327023, 556.44606147982654 ], [ 48.318764802627072, 564.390275660049042 ], [ 40.752846534439392, 565.336015444279042 ], [ 40.941994490996819, 555.878617610634933 ], [ 39.900000001916709, 555.860000000130754 ], [ 40.330000000171282, 543.750000000716568 ], [ 53.236611674923537, 543.394852469186048 ], [ 52.480019847611914, 549.825882996948849 ] ] ] } },
{ "type": "Feature", "properties": { "feature_type": "building", "subtype": "no-damage", "uid": "e968fff8-b328-4127-be1b-64a8dc57b318" }, "geometry": { "type": "Polygon", "coordinates": [ [ [ 39.399999999375517, 555.850000000308341 ], [ 32.052040530272947, 555.689469653596575 ], [ 32.430336441704888, 543.962296340301009 ], [ 39.829999999793863, 543.760000001500657 ], [ 39.399999999375517, 555.850000000308341 ] ] ] } },
{ "type": "Feature", "properties": { "feature_type": "building", "subtype": "no-damage", "uid": "340f6318-76cc-45c5-b548-e1550e587634" }, "geometry": { "type": "Polygon", "coordinates": [ [ [ 33.75320291331316, 575.327762820519752 ], [ 33.869999999483163, 575.319999999817469 ], [ 32.933605220852293, 579.08856084046613 ], [ 33.473809139819103, 586.865788176777073 ], [ 17.864774557920619, 586.865788176777073 ], [ 16.91903477008464, 586.109196350547109 ], [ 16.540738859013331, 579.678165823746099 ], [ 21.64773369015121, 578.921573997516134 ], [ 21.081459042007861, 572.145341882271623 ], [ 23.917509169802109, 572.112247556638408 ], [ 32.997780311737827, 570.443010272773449 ], [ 33.75320291331316, 575.327762820519752 ] ] ] } },
{ "type": "Feature", "properties": { "feature_type": "building", "subtype": "no-damage", "uid": "28764f10-c9da-4926-b579-092008af23f6" }, "geometry": { "type": "Polygon", "coordinates": [ [ [ 43.588896664277193, 586.865788177738636 ], [ 33.972596688353512, 586.865788177738636 ], [ 33.437912865708171, 579.132883069604418 ], [ 34.390000000226678, 575.300000000172645 ], [ 44.345488486540027, 574.949466907404826 ], [ 43.588896664277193, 586.865788177738636 ] ] ] } },
{ "type": "Feature", "properties": { "feature_type": "building", "subtype": "no-damage", "uid": "d38636ba-4096-4efd-8ea8-e31bc6d6c848" }, "geometry": { "type": "Polygon", "coordinates": [ [ [ 25.5589026654206, 609.562015495222909 ], [ 25.749708518375972, 618.720696547675175 ], [ 27.849999999997468, 621.870000000261598 ], [ 26.565580560163699, 628.667486600503025 ], [ 8.029080807317213, 628.100042730349742 ], [ 7.461636937164069, 618.831792853743991 ], [ 0.000000001442513, 619.588384679973842 ], [ 0.000000000360628, 587.622380004930278 ], [ 26.28890266459884, 587.622380004930278 ], [ 25.5589026654206, 609.562015495222909 ] ] ] } },
{ "type": "Feature", "properties": { "feature_type": "building", "subtype": "no-damage", "uid": "fed16fa9-3a07-4903-b344-49d22b46ad7a" }, "geometry": { "type": "Polygon", "coordinates": [ [ [ 36.21212635180548, 588.568119788198487 ], [ 36.490422268258811, 593.48851754786574 ], [ 36.151287321505492, 593.48851754786574 ], [ 36.340000001181707, 611.919999999997344 ], [ 34.131498828712012, 621.858160160586976 ], [ 28.320000000066141, 621.680000001712187 ], [ 26.246564863448281, 618.564593245736091 ], [ 26.059074804971711, 609.565070460976813 ], [ 26.779999999163351, 587.630000001450298 ], [ 36.21212635180548, 588.568119788198487 ] ] ] } },
{ "type": "Feature", "properties": { "feature_type": "building", "subtype": "no-damage", "uid": "aba9df88-f8dd-41e4-8e20-dae2433be1de" }, "geometry": { "type": "Polygon", "coordinates": [ [ [ 53.992034277340338, 609.563542978099804 ], [ 36.840000000717652, 611.59000000201047 ], [ 36.669999999168461, 595.370000000567643 ], [ 54.55947814617118, 594.810002356999576 ], [ 53.992034277340338, 609.563542978099804 ] ] ] } },
{ "type": "Feature", "properties": { "feature_type": "building", "subtype": "no-damage", "uid": "9653024f-bbb9-494a-85e9-4e002d7253ea" }, "geometry": { "type": "Polygon", "coordinates": [ [ [ 41.825181257729547, 543.275913716654259 ], [ 41.370264250942412, 534.814457403730671 ], [ 58.748093884053517, 533.358722985088889 ], [ 57.474326266540118, 525.44316707675182 ], [ 64.207097957925981, 525.352183676788741 ], [ 64.29808135957191, 521.712847625375844 ], [ 86.043114251011659, 521.621864226374441 ], [ 86.134097655181989, 537.089042435503188 ], [ 74.306255494463826, 535.997241619598412 ], [ 74.761172499808453, 534.723474001844352 ], [ 73.305438078882986, 534.359540396222201 ], [ 73.305438079844663, 531.630038359826244 ], [ 65.207915371102629, 532.084955367334715 ], [ 66.20873278355802, 539.090677260654843 ], [ 63.115297142742783, 539.272644062504241 ], [ 62.023496329002093, 543.821814126049162 ], [ 41.825181257729547, 543.275913716654259 ] ] ] } },
{ "type": "Feature", "properties": { "feature_type": "building", "subtype": "no-damage", "uid": "6e8d6887-66a5-469e-9779-d1740ca1f2f2" }, "geometry": { "type": "Polygon", "coordinates": [ [ [ 65.101437680232536, 542.517541073399229 ], [ 73.697175337108447, 540.739112593188224 ], [ 73.845377708415782, 539.553493604457458 ], [ 81.700103497695792, 538.664279365794414 ], [ 81.25549637956648, 544.444171928644209 ], [ 85.256960462564862, 545.333386167307253 ], [ 86.738984192707875, 557.041373665155675 ], [ 76.513020431616795, 557.634183159521058 ], [ 76.809425176154804, 554.373730944358158 ], [ 66.138854293207913, 554.818338064651357 ], [ 65.101437680232536, 542.517541073399229 ] ] ] } },
{ "type": "Feature", "properties": { "feature_type": "building", "subtype": "no-damage", "uid": "fa686474-0d4e-402d-9752-e2bdb0aef18b" }, "geometry": { "type": "Polygon", "coordinates": [ [ [ 69.300986088236584, 595.280603590992996 ], [ 91.05300110364135, 593.578271980533145 ], [ 91.242149058035025, 601.144190246679159 ], [ 70.24672586982166, 601.522486160755761 ], [ 69.300986088236584, 595.280603590992996 ] ] ] } },
{ "type": "Feature", "properties": { "feature_type": "building", "subtype": "no-damage", "uid": "0176b131-17a9-41a5-8e25-bdb8ea312faf" }, "geometry": { "type": "Polygon", "coordinates": [ [ [ 61.85880955525667, 602.434722741903215 ], [ 92.38849847215117, 602.138317994720524 ], [ 92.240296101324674, 606.732591571724583 ], [ 64.378249904505751, 609.400234291560423 ], [ 61.85880955525667, 602.434722741903215 ] ] ] } },
{ "type": "Feature", "properties": { "feature_type": "building", "subtype": "no-damage", "uid": "1d2f41bd-82d9-4f9e-af01-ce8c99698070" }, "geometry": { "type": "Polygon", "coordinates": [ [ [ 65.901280588492682, 616.703683022233463 ], [ 67.617104802683329, 618.991448640353497 ], [ 68.070000002482701, 623.149999999650959 ], [ 67.561875749291019, 622.897813649514546 ], [ 67.413673379907053, 624.379837384466327 ], [ 37.773198702035991, 627.04748010526373 ], [ 37.624996328444688, 617.266123459775258 ], [ 65.042435402325921, 616.821516340443736 ], [ 65.100000000406737, 616.100000000782984 ], [ 65.901280588492682, 616.703683022233463 ] ] ] } },
{ "type": "Feature", "properties": { "feature_type": "building", "subtype": "no-damage", "uid": "9d47e446-f33e-4779-93cc-35427f568eb8" }, "geometry": { "type": "Polygon", "coordinates": [ [ [ 93.793695842736255, 622.15680178396201 ], [ 68.590000002625175, 623.340000001085514 ], [ 68.099456192427724, 618.801250495321483 ], [ 66.258423443913074, 616.34654016621198 ], [ 65.150000001562418, 615.510000000681316 ], [ 65.338840153355235, 613.116457006911105 ], [ 93.941898212601075, 612.375445140396891 ], [ 93.793695842736255, 622.15680178396201 ] ] ] } },
{ "type": "Feature", "properties": { "feature_type": "building", "subtype": "no-damage", "uid": "055dd3b9-a3e4-4726-998a-5a56cd0ed8bd" }, "geometry": { "type": "Polygon", "coordinates": [ [ [ 42.294950469768942, 670.646984952965909 ], [ 45.526675998977403, 693.642860792001215 ], [ 39.78744308667558, 697.789592658751872 ], [ 25.39652698961358, 703.236801658820241 ], [ 23.223872543214291, 700.822741161912177 ], [ 0.000000000961675, 701.064147210737474 ], [ 0.000000003726492, 674.268075696885489 ], [ 5.601230916102373, 675.47510594582036 ], [ 5.600000001053536, 675.209999999382262 ], [ 7.817931038680832, 675.781744840587862 ], [ 18.927735918809919, 675.101552706072994 ], [ 26.9726667323466, 674.081772742051271 ], [ 31.723075304863809, 672.575545633952743 ], [ 33.480000000638498, 669.059999999919683 ], [ 39.94143608741588, 667.847482154242698 ], [ 42.294950469768942, 670.646984952965909 ] ] ] } },
{ "type": "Feature", "properties": { "feature_type": "building", "subtype": "no-damage", "uid": "6f5fef11-b359-489d-8186-d9121a1e5fd4" }, "geometry": { "type": "Polygon", "coordinates": [ [ [ 42.905483555275111, 640.578245449979363 ], [ 42.629078809420292, 646.23250063342914 ], [ 42.622582870666839, 646.23250063342914 ], [ 41.100222800435212, 655.518897063082477 ], [ 42.463039005522191, 655.746033097363807 ], [ 44.569999999529877, 647.330000001112921 ], [ 47.796161880422382, 640.726447824051547 ], [ 62.764601591987542, 654.212863802110974 ], [ 56.984709025412641, 663.994220445676206 ], [ 51.056614091857938, 661.030172977695997 ], [ 45.128519155298022, 667.106470284843454 ], [ 40.682447954290531, 663.401410951310822 ], [ 33.568734036332927, 663.54961332442133 ], [ 32.827722168015761, 669.181303513198941 ], [ 32.859999998665479, 669.17000000085136 ], [ 31.3704147209498, 672.162832816503169 ], [ 26.864786456551581, 673.591446655282311 ], [ 18.880970549134229, 674.603479658552374 ], [ 7.866589818336387, 675.277829498705728 ], [ 5.580000001168266, 674.690000000922623 ], [ 5.35982487040258, 664.853239760963675 ], [ 0.000000000841466, 665.336051858614269 ], [ 0.000000000360628, 653.024343325248765 ], [ 14.05044265948581, 652.300125177811196 ], [ 12.84341240862789, 636.608731947428055 ], [ 12.82040175831307, 632.130710168255405 ], [ 15.932651602528431, 629.611269821530186 ], [ 40.534245582622567, 628.573853207833281 ], [ 42.905483555275111, 640.578245449979363 ] ] ] } },
{ "type": "Feature", "properties": { "feature_type": "building", "subtype": "no-damage", "uid": "7fd93317-f142-4c65-9fbb-0fde86500084" }, "geometry": { "type": "Polygon", "coordinates": [ [ [ 42.403162769642456, 697.846786797594064 ], [ 56.95370210192435, 695.973945103100618 ], [ 58.97060853988215, 710.236354941123636 ], [ 53.640212944775008, 710.668549179571983 ], [ 53.496148201190053, 711.965131891070428 ], [ 43.41161598832084, 712.541390875988782 ], [ 42.403162769642456, 697.846786797594064 ] ] ] } },
{ "type": "Feature", "properties": { "feature_type": "building", "subtype": "no-damage", "uid": "7d395117-2498-45e5-9cfc-ef910de6fbb3" }, "geometry": { "type": "Polygon", "coordinates": [ [ [ 83.461615332672991, 685.025024418501175 ], [ 83.679999999847723, 684.980000000919631 ], [ 83.21568682645119, 690.7275513232496 ], [ 80.176077613833158, 697.964716120820299 ], [ 81.210000000673574, 703.120000000003984 ], [ 80.58032041493361, 703.177182393904559 ], [ 76.978701771095189, 709.516031212620192 ], [ 58.970608539160892, 704.761894598343019 ], [ 69.631399731779354, 676.669269159783767 ], [ 81.732838381885117, 676.669269159783767 ], [ 83.461615332672991, 685.025024418501175 ] ] ] } },
{ "type": "Feature", "properties": { "feature_type": "building", "subtype": "no-damage", "uid": "5d9d6ca2-fa06-417c-a424-76a04a4d8de0" }, "geometry": { "type": "Polygon", "coordinates": [ [ [ 95.995248220145143, 685.745348148927974 ], [ 98.10999999929362, 685.800000000783825 ], [ 98.7599999991712, 701.220000002007282 ], [ 94.122406527815855, 701.88059968048276 ], [ 81.710000003094549, 703.069999999930133 ], [ 80.696433730426861, 698.016986967307957 ], [ 83.707543843222339, 690.847677180385517 ], [ 84.189999998965675, 684.889999998670987 ], [ 95.274924491641926, 682.864053232029278 ], [ 95.995248220145143, 685.745348148927974 ] ] ] } },
{ "type": "Feature", "properties": { "feature_type": "building", "subtype": "no-damage", "uid": "64591893-3193-4437-9acf-134882dde9db" }, "geometry": { "type": "Polygon", "coordinates": [ [ [ 26.867460525522961, 733.133212545762603 ], [ 33.926633073100923, 734.141665766244273 ], [ 33.782568324226737, 730.540047121804037 ], [ 46.604330708004717, 731.548500341324029 ], [ 46.172136470998957, 737.887349159077985 ], [ 47.900913416978462, 737.455154922552993 ], [ 47.670000000259058, 740.94000000063852 ], [ 36.288942870418921, 740.656859318035686 ], [ 35.370000001937711, 752.410000000838863 ], [ 32.485985612007347, 752.293823742609334 ], [ 33.206309341472242, 759.64112578180675 ], [ 15.91853984056557, 758.920802051380065 ], [ 14.349999999784609, 753.939999999635575 ], [ 14.00922778649384, 747.993434102898163 ], [ 15.44714303944839, 741.810398529436952 ], [ 15.83000000319536, 731.610000000904847 ], [ 26.723395778331721, 730.395982375333915 ], [ 26.867460525522961, 733.133212545762603 ] ] ] } },
{ "type": "Feature", "properties": { "feature_type": "building", "subtype": "no-damage", "uid": "d71cd64a-ae3b-44f4-a443-2cf20bfc7602" }, "geometry": { "type": "Polygon", "coordinates": [ [ [ 14.477892383559119, 722.616486100573184 ], [ 15.054151365712571, 731.692565088755714 ], [ 15.330000000894589, 731.660000000017021 ], [ 14.94928918960488, 741.743796065403217 ], [ 13.50590952325733, 747.950328631624757 ], [ 13.84999999940719, 753.879999998777748 ], [ 0.000000000120209, 754.022600693517916 ], [ -0.000000001081885, 723.336809829076628 ], [ 5.689942888919776, 724.05713355854175 ], [ 5.545878141968954, 721.896162371108176 ], [ 14.477892383559119, 722.616486100573184 ] ] ] } },
{ "type": "Feature", "properties": { "feature_type": "building", "subtype": "no-damage", "uid": "e6eef237-14f2-4213-86aa-cba4ea9c558e" }, "geometry": { "type": "Polygon", "coordinates": [ [ [ 48.614848439184151, 751.266748361937175 ], [ 48.798715617149469, 731.960694576280844 ], [ 60.750082247885047, 731.409093037816888 ], [ 60.198480713147617, 727.91561663940513 ], [ 96.788049315652941, 724.606007419199273 ], [ 95.500979062923548, 741.521787879525277 ], [ 93.110705737593847, 741.5217878785636 ], [ 93.29457291940588, 744.463662742357997 ], [ 99.913791360657527, 744.279795562228855 ], [ 99.729924180528428, 751.634482719310427 ], [ 73.253050416002665, 753.473154509061601 ], [ 71.598245803616152, 752.186084257774496 ], [ 48.614848442069167, 752.921552971559322 ], [ 48.614848439184151, 751.266748361937175 ] ] ] } },
{ "type": "Feature", "properties": { "feature_type": "building", "subtype": "no-damage", "uid": "2f413239-c90c-4c82-91c5-862888880063" }, "geometry": { "type": "Polygon", "coordinates": [ [ [ 0.0, 775.410856348067682 ], [ 11.74097382108156, 774.21285530880516 ], [ 31.20849070524616, 772.116353490336223 ], [ 32.406491745229637, 783.796863620981981 ], [ 19.827480833577241, 787.690366998825539 ], [ 22.223482912943169, 795.177873493495099 ], [ 0.000000000721257, 797.873375831114458 ], [ 0.0, 775.410856348067682 ] ] ] } },
{ "type": "Feature", "properties": { "feature_type": "building", "subtype": "no-damage", "uid": "5721f8fb-b346-4d83-b67b-cb6384e8e850" }, "geometry": { "type": "Polygon", "coordinates": [ [ [ 19.829999999482961, 807.979999999789698 ], [ 24.719999998719139, 811.640000001154021 ], [ 22.92608496379906, 818.44648753107947 ], [ 6.929640397511029, 816.240081382993367 ], [ 0.00000000408712, 815.688479847414328 ], [ 0.000000001322304, 806.47000000063781 ], [ 19.829999999482961, 807.979999999789698 ] ] ] } },
{ "type": "Feature", "properties": { "feature_type": "building", "subtype": "no-damage", "uid": "b483e7e2-0761-4ae7-b91e-fb1a389991ca" }, "geometry": { "type": "Polygon", "coordinates": [ [ [ 21.080000003131211, 798.020000000664595 ], [ 19.77000000090904, 807.470000001152471 ], [ 0.000000000120209, 805.96000000007723 ], [ 0.000000000721257, 797.873375831114458 ], [ 21.080000003131211, 798.020000000664595 ] ] ] } },
{ "type": "Feature", "properties": { "feature_type": "building", "subtype": "no-damage", "uid": "02c2dd85-df9c-4ba9-9f01-0cf59d9c327f" }, "geometry": { "type": "Polygon", "coordinates": [ [ [ 23.109952144529199, 798.03723066945679 ], [ 29.54530340384861, 798.588832207920859 ], [ 29.36143622756623, 811.275667552203686 ], [ 25.280000001396971, 811.439999999897054 ], [ 20.25198011952034, 807.670518667606302 ], [ 21.58000000134486, 798.030000001448684 ], [ 23.109952144529199, 798.03723066945679 ] ] ] } },
{ "type": "Feature", "properties": { "feature_type": "building", "subtype": "no-damage", "uid": "0bd6df4a-512e-4b92-adc4-301e4fa752eb" }, "geometry": { "type": "Polygon", "coordinates": [ [ [ 70.140870539201629, 774.215247048394076 ], [ 69.541870017526946, 764.331738475199586 ], [ 75.531875218285862, 761.33673587752412 ], [ 104.882900672156595, 760.438235098317591 ], [ 105.182400936780496, 786.794257958246362 ], [ 91.105888724247166, 787.093758220225709 ], [ 89.009386904816992, 795.779265753196114 ], [ 49.475352612048297, 791.28676185620202 ], [ 50.373853392576862, 779.606251723632909 ], [ 52.769855470740701, 775.712748347712591 ], [ 70.739871061116716, 774.514747308450069 ], [ 70.140870539201629, 774.215247048394076 ] ] ] } },
{ "type": "Feature", "properties": { "feature_type": "building", "subtype": "no-damage", "uid": "d24b1d42-b795-4ace-95c4-4dec8acc7ebe" }, "geometry": { "type": "Polygon", "coordinates": [ [ [ 43.849071224780332, 792.882941502098561 ], [ 77.641017042524993, 795.698936986650892 ], [ 74.590355264468641, 809.544248122158251 ], [ 57.459716065096814, 808.840249249818157 ], [ 57.694382358240922, 814.941572801123925 ], [ 46.195734124606417, 814.002907638644842 ], [ 44.318403802413478, 802.973591988651265 ], [ 43.849071224780332, 792.882941502098561 ] ] ] } },
{ "type": "Feature", "properties": { "feature_type": "building", "subtype": "no-damage", "uid": "5e83001a-8a04-41d8-a1ba-79239d6e68b1" }, "geometry": { "type": "Polygon", "coordinates": [ [ [ 104.940000001826206, 820.390000000608438 ], [ 104.392974146005599, 828.082885063329513 ], [ 73.417023811730672, 827.144219901812107 ], [ 72.947691232534794, 826.909553609749878 ], [ 73.182357523515151, 812.594909896849458 ], [ 84.890000001201031, 811.930000000812811 ], [ 104.940000001826206, 820.390000000608438 ] ] ] } },
{ "type": "Feature", "properties": { "feature_type": "building", "subtype": "no-damage", "uid": "0d3f33a5-3225-4809-b4d4-f6896896e604" }, "geometry": { "type": "Polygon", "coordinates": [ [ [ 107.912968501094099, 796.168269568852111 ], [ 111.902295438624094, 811.656244736293729 ], [ 105.096973015100005, 818.226900865954008 ], [ 104.979999999673396, 819.859999999441357 ], [ 85.559999999761786, 811.669999998698017 ], [ 83.038341718243657, 802.738925698512389 ], [ 93.832991078095645, 801.565594248779348 ], [ 93.128992205154603, 797.341601021470069 ], [ 97.58765172272193, 793.117607793199227 ], [ 107.912968501094099, 796.168269568852111 ] ] ] } },
{ "type": "Feature", "properties": { "feature_type": "building", "subtype": "no-damage", "uid": "ee0ebefe-d83c-4204-9851-084eb8aa04a3" }, "geometry": { "type": "Polygon", "coordinates": [ [ [ 101.258343587683996, 831.288359821621043 ], [ 99.461342027828991, 842.669369693172484 ], [ 85.983830337932005, 841.471368653909963 ], [ 82.389827222188856, 852.552878266366974 ], [ 80.592825660049854, 861.837386321372719 ], [ 71.008817350519934, 859.740884501942105 ], [ 70.709317089141663, 851.654377489083913 ], [ 64.719311893070909, 850.755876708915707 ], [ 64.419811632413882, 855.248380604948125 ], [ 52.439801241113848, 853.151878786479074 ], [ 53.937302543196878, 824.399853848025259 ], [ 61.424809036782698, 824.699354106158012 ], [ 62.922310334658391, 828.59285748400157 ], [ 101.258343587683996, 831.288359821621043 ] ] ] } },
{ "type": "Feature", "properties": { "feature_type": "building", "subtype": "no-damage", "uid": "3d65cec2-3488-4847-b556-a11a1432118d" }, "geometry": { "type": "Polygon", "coordinates": [ [ [ 17.365305491313858, 840.698141384024211 ], [ 22.997296460537271, 832.954153799822507 ], [ 33.557279528928078, 835.066150413957985 ], [ 31.210616627298851, 845.626133482711907 ], [ 28.629287428077749, 853.370121065951935 ], [ 18.30397065547567, 850.788791870576915 ], [ 17.365305491313858, 840.698141384024211 ] ] ] } },
{ "type": "Feature", "properties": { "feature_type": "building", "subtype": "no-damage", "uid": "5b088cea-807c-4727-b2fd-35ab700c3475" }, "geometry": { "type": "Polygon", "coordinates": [ [ [ 17.365305488909669, 826.618163960301104 ], [ 18.773303234310919, 828.730160573474905 ], [ 14.314643715541489, 844.218135738993283 ], [ 19.711968392822879, 854.778118809670559 ], [ 20.181300973942111, 860.410109775890078 ], [ 11.498648230629261, 861.818107520570493 ], [ 8.682652743793684, 855.48211768104909 ], [ 4.92799209832593, 843.748803159677095 ], [ 6.570656134587313, 827.087496540578968 ], [ 17.365305488909669, 826.618163960301104 ] ] ] } },
{ "type": "Feature", "properties": { "feature_type": "building", "subtype": "no-damage", "uid": "1da121ef-9c26-47a6-b728-5b32ada4b0d5" }, "geometry": { "type": "Polygon", "coordinates": [ [ [ 26.018725192801028, 861.960601077940396 ], [ 26.570326729702231, 856.076851354198425 ], [ 50.656927170701437, 858.650991857734539 ], [ 51.024661527233128, 865.637944658404535 ], [ 26.018725192801028, 861.960601077940396 ] ] ] } },
{ "type": "Feature", "properties": { "feature_type": "building", "subtype": "no-damage", "uid": "c608c6c2-2fd0-4f65-9a74-7814d2879736" }, "geometry": { "type": "Polygon", "coordinates": [ [ [ 51.790000001508133, 910.330000000870655 ], [ 56.654867770701799, 915.619425786726879 ], [ 59.213607132049937, 916.756643281835068 ], [ 58.321827908577617, 935.781266727455886 ], [ 61.794543975765663, 936.302174136849089 ], [ 61.940000004108867, 911.06000000137135 ], [ 83.116893802487127, 911.316236612824014 ], [ 83.116893800804192, 919.018788870288404 ], [ 90.203241878376559, 920.559299321396566 ], [ 88.354629337263532, 927.029443216435766 ], [ 99.138202498143841, 929.186157848756579 ], [ 99.138202499345937, 923.948422313257652 ], [ 109.3055714758883, 924.256524403863978 ], [ 107.765061025141094, 928.569953668505605 ], [ 112.694694468469805, 928.87805575911193 ], [ 108.997469384681096, 942.434547731364546 ], [ 99.446304586225693, 943.05075191065373 ], [ 85.069999999687639, 940.470000001322433 ], [ 85.215032722806143, 937.437859640746069 ], [ 83.669459821188269, 934.501271119076364 ], [ 76.062561817695681, 929.820103117591771 ], [ 77.445884458599465, 924.563477064461267 ], [ 80.648704584099704, 924.71599230743368 ], [ 80.443429284718533, 922.868514632116103 ], [ 75.23423347802553, 922.868514631154426 ], [ 75.080581551570617, 928.246332023899868 ], [ 72.714097586712086, 933.275110448158557 ], [ 71.804027397562578, 941.162385428723383 ], [ 75.290000000974871, 943.85999999978776 ], [ 75.106239453216247, 951.677610439937098 ], [ 68.327993467933041, 952.293814620188073 ], [ 67.403687201042914, 955.991039703617048 ], [ 48.679999999153381, 954.600000000449086 ], [ 47.139258660122238, 919.742493884085889 ], [ 48.849999999981321, 909.999999999998749 ], [ 51.790000001508133, 910.330000000870655 ] ] ] } },
{ "type": "Feature", "properties": { "feature_type": "building", "subtype": "no-damage", "uid": "a4226f32-5606-42da-8ee8-6fbae9c1208d" }, "geometry": { "type": "Polygon", "coordinates": [ [ [ 48.350000002729352, 909.949999999924898 ], [ 46.637335580155813, 919.709928168334841 ], [ 48.180000003103508, 954.570000000020173 ], [ 42.447417885258282, 954.142427160940883 ], [ 41.523111613800197, 950.137099987867259 ], [ 36.2853760804663, 949.212793717009959 ], [ 11.94531095070251, 945.51556863358087 ], [ 12.250000000170891, 923.510000000518062 ], [ 28.11695095673538, 925.177920475734027 ], [ 26.958498634718101, 915.331075767194648 ], [ 33.140000000184713, 908.259999999160982 ], [ 48.350000002729352, 909.949999999924898 ] ] ] } },
{ "type": "Feature", "properties": { "feature_type": "building", "subtype": "no-damage", "uid": "9dc40b8e-1e49-422d-bf50-935735b9bce0" }, "geometry": { "type": "Polygon", "coordinates": [ [ [ 32.970000001520539, 907.710000000272316 ], [ 29.97999999871784, 911.120000000305936 ], [ 23.725935451864419, 909.710008772742867 ], [ 23.61580501637507, 910.197729274089511 ], [ 23.80000000099146, 910.240000001507042 ], [ 23.659999999751001, 922.860000000520131 ], [ 12.27999999963817, 921.510000002373772 ], [ 12.5615151269864, 901.148867633394161 ], [ 33.820559356097228, 901.148867634355838 ], [ 32.970000001520539, 907.710000000272316 ] ] ] } },
{ "type": "Feature", "properties": { "feature_type": "building", "subtype": "no-damage", "uid": "6480b85c-8d83-4e53-9e56-06d31bb70be6" }, "geometry": { "type": "Polygon", "coordinates": [ [ [ 65.692522038337358, 957.956111134188404 ], [ 89.833127001641913, 959.163141380238244 ], [ 88.626096758236969, 972.681880163500182 ], [ 74.865951923027509, 971.716255964352285 ], [ 71.969079329190819, 972.440474114674885 ], [ 72.210485377535221, 1011.30684811114395 ], [ 49.759722757089229, 1006.961539217862992 ], [ 53.622219554280889, 995.615454883645725 ], [ 53.38081350016644, 989.580303641856517 ], [ 57.726122395249, 988.856085492495595 ], [ 57.243310298920832, 976.061564858594465 ], [ 66.175334135507001, 974.854534611582949 ], [ 65.209709934556201, 959.645953480773869 ], [ 65.692522038337358, 957.956111134188404 ] ] ] } },
{ "type": "Feature", "properties": { "feature_type": "building", "subtype": "no-damage", "uid": "1cda8893-3330-4318-be15-7e1310bdeb48" }, "geometry": { "type": "Polygon", "coordinates": [ [ [ 74.865951921705204, 979.441249554650426 ], [ 99.489368988790915, 980.889685851448917 ], [ 102.869053683884303, 980.64827980262362 ], [ 98.040932692233199, 998.995139577778332 ], [ 93.937029847538597, 1004.547478720955041 ], [ 72.934703529179941, 996.581079079908591 ], [ 74.865951921705204, 979.441249554650426 ] ] ] } },
{ "type": "Feature", "properties": { "feature_type": "building", "subtype": "no-damage", "uid": "1bb36ddd-4a59-459c-9099-52b3d7b531b6" }, "geometry": { "type": "Polygon", "coordinates": [ [ [ 102.386241585752998, 944.920184451461978 ], [ 103.351865786703797, 944.195966302101056 ], [ 113.490919871623504, 945.161590500287275 ], [ 111.559671473809004, 958.197517182052025 ], [ 115.904980367328903, 960.85298372970874 ], [ 114.939356167940801, 965.198292623950806 ], [ 99.730775039900124, 964.232668425764587 ], [ 99.247962939484836, 959.645953480773869 ], [ 96.592496393752143, 958.68032928258765 ], [ 96.592496392309627, 949.265493345704158 ], [ 100.213587141277102, 948.78268124613021 ], [ 102.386241585752998, 944.920184451461978 ] ] ] } },
{ "type": "Feature", "properties": { "feature_type": "building", "subtype": "no-damage", "uid": "a6f7378e-df64-4a2c-b40e-7a3d76e1f6b0" }, "geometry": { "type": "Polygon", "coordinates": [ [ [ 69.633287298018502, 1022.976935903947037 ], [ 73.561035554139195, 1013.469555562143 ], [ 88.882020047192213, 1016.874218783063043 ], [ 86.776061658681982, 1022.977133135877011 ], [ 69.633287298018502, 1022.976935903947037 ] ] ] } },
{ "type": "Feature", "properties": { "feature_type": "building", "subtype": "no-damage", "uid": "83ac4234-5984-4dff-849e-d0c131ffdbfe" }, "geometry": { "type": "Polygon", "coordinates": [ [ [ 18.59379503421496, 1022.976302481064977 ], [ 14.90785690789251, 1007.657167593553027 ], [ 22.772357250832041, 1007.263942575895953 ], [ 23.165582266085721, 1002.938467387427977 ], [ 17.26720700927175, 1002.938467387427977 ], [ 21.592682196896771, 989.175591785747883 ], [ 48.725208388002052, 992.714616940822793 ], [ 49.759722757089229, 1006.961539217862992 ], [ 47.938758349681081, 1014.735217902741965 ], [ 46.889383862195693, 1022.97666218612801 ], [ 18.59379503421496, 1022.976302481064977 ] ] ] } },
{ "type": "Feature", "properties": { "feature_type": "building", "subtype": "no-damage", "uid": "0ccfee91-d919-41eb-9da9-41bb879667a2" }, "geometry": { "type": "Polygon", "coordinates": [ [ [ 95.410259312880441, 66.171649017664265 ], [ 97.769609417986175, 85.046449842166183 ], [ 83.220283778589391, 86.619349911836352 ], [ 80.860933675887836, 68.137774104030711 ], [ 95.410259312880441, 66.171649017664265 ] ] ] } },
{ "type": "Feature", "properties": { "feature_type": "building", "subtype": "no-damage", "uid": "5144f435-febf-4dca-a202-2a38ff5848a7" }, "geometry": { "type": "Polygon", "coordinates": [ [ [ 80.074483641413579, 94.87707527303678 ], [ 90.298334090059896, 95.270300290694735 ], [ 91.478009141230359, 89.371925032557044 ], [ 105.240884741224306, 90.551600083607582 ], [ 110.746034982904803, 105.494150737299904 ], [ 82.43383374411512, 108.246725858020596 ], [ 80.074483641413579, 94.87707527303678 ] ] ] } },
{ "type": "Feature", "properties": { "feature_type": "building", "subtype": "no-damage", "uid": "8fc6e942-1469-4f71-a809-9785d819563e" }, "geometry": { "type": "Polygon", "coordinates": [ [ [ 94.623809278045542, 122.402826474473699 ], [ 93.837359244412738, 110.212850942463703 ], [ 110.746034982904803, 105.494150737299904 ], [ 109.959584949271999, 123.582501527447604 ], [ 97.376384399486838, 124.762176578498099 ], [ 94.623809278045542, 122.402826474473699 ] ] ] } },
{ "type": "Feature", "properties": { "feature_type": "building", "subtype": "no-damage", "uid": "b6aae6eb-20b4-45a2-aae8-84e8e46a00b8" }, "geometry": { "type": "Polygon", "coordinates": [ [ [ 117.430860274553694, 122.009601458739098 ], [ 115.464735189509994, 109.819625925767497 ], [ 128.834385777616092, 109.819625925767497 ], [ 131.586960894369213, 128.301201733573095 ], [ 110.746034985429205, 131.053776854293801 ], [ 109.959584949271999, 123.582501527447604 ], [ 116.251185227229897, 123.189276509789707 ], [ 117.430860274553694, 122.009601458739098 ] ] ] } },
{ "type": "Feature", "properties": { "feature_type": "building", "subtype": "no-damage", "uid": "9b6f9f5e-454f-4122-864b-dbf6283e74bb" }, "geometry": { "type": "Polygon", "coordinates": [ [ [ 111.532485017258793, 171.162728607322009 ], [ 97.37638439876558, 173.128853692726807 ], [ 95.803484329095795, 150.321802696453688 ], [ 83.613508798531228, 150.321802695492011 ], [ 84.530000000861975, 137.469999999652714 ], [ 91.506118344671691, 137.991369242112199 ], [ 100.5949749413885, 135.2251954966749 ], [ 100.539999999779099, 135.029999999704899 ], [ 107.993459862665603, 134.199576990749108 ], [ 111.532485017258793, 171.162728607322009 ] ] ] } },
{ "type": "Feature", "properties": { "feature_type": "building", "subtype": "no-damage", "uid": "b03d4d6d-01ee-42fa-aa96-49e51ea3012f" }, "geometry": { "type": "Polygon", "coordinates": [ [ [ 96.983159383151275, 129.874101802281587 ], [ 97.376384399006, 135.379252043723 ], [ 98.940000000061985, 135.210000001317013 ], [ 91.449899934903982, 137.485835050497599 ], [ 84.570000002435663, 136.979999999698691 ], [ 85.186408865075578, 128.3012017345348 ], [ 94.623809281050768, 128.301201733573095 ], [ 96.983159383151275, 129.874101802281587 ] ] ] } },
{ "type": "Feature", "properties": { "feature_type": "building", "subtype": "no-damage", "uid": "3db52a84-cd7d-4f2e-a03b-0b482ac788e7" }, "geometry": { "type": "Polygon", "coordinates": [ [ [ 124.5089105856635, 158.972753073388702 ], [ 126.475035669745495, 157.399853005641887 ], [ 126.868260687163001, 149.535352662099399 ], [ 137.878561170283604, 149.535352661137807 ], [ 133.553085982418111, 157.39985300468021 ], [ 139.844686254846408, 156.613402972249304 ], [ 140.631136290643013, 171.555953624979992 ], [ 124.508910587707106, 171.949178642638003 ], [ 124.5089105856635, 158.972753073388702 ] ] ] } },
{ "type": "Feature", "properties": { "feature_type": "building", "subtype": "no-damage", "uid": "5c06c96c-bebb-4932-8cdf-b2a2251d2dbc" }, "geometry": { "type": "Polygon", "coordinates": [ [ [ 141.417586323073692, 133.806351975014508 ], [ 161.078837181925195, 134.199576990749108 ], [ 161.472062200063789, 163.298228263779606 ], [ 144.170161444274612, 165.657578366842301 ], [ 141.417586323073692, 133.806351975014508 ] ] ] } },
{ "type": "Feature", "properties": { "feature_type": "building", "subtype": "no-damage", "uid": "78aec3b7-0336-4679-bb0c-ac9815bdc4d2" }, "geometry": { "type": "Polygon", "coordinates": [ [ [ 135.125986051486905, 92.124500152316074 ], [ 150.461761719828303, 90.551600083607582 ], [ 151.248211752379206, 95.663525307391026 ], [ 160.292387147571105, 96.056750324087304 ], [ 161.078837181804886, 108.639950874716902 ], [ 134.732761031785486, 110.999300978741303 ], [ 135.125986051486905, 92.124500152316074 ] ] ] } },
{ "type": "Feature", "properties": { "feature_type": "building", "subtype": "no-damage", "uid": "a3a12162-e904-4b72-813a-8ffb15f9a34f" }, "geometry": { "type": "Polygon", "coordinates": [ [ [ 155.180461927635605, 112.178976029791897 ], [ 184.6723382133884, 108.639950874716902 ], [ 185.458788247982909, 124.368951562763499 ], [ 160.292387148893397, 128.694426751230992 ], [ 155.180461927635605, 112.178976029791897 ] ] ] } },
{ "type": "Feature", "properties": { "feature_type": "building", "subtype": "no-damage", "uid": "b65885c3-e5f3-412a-8a4b-526c155b1f85" }, "geometry": { "type": "Polygon", "coordinates": [ [ [ 152.700000000366913, 212.790000000834198 ], [ 151.248211755023789, 212.844580429058794 ], [ 150.8549867374862, 215.597155549779501 ], [ 141.024361306257305, 215.990380567437512 ], [ 98.556059449094576, 217.956505653803902 ], [ 97.376384400087886, 206.552980154224798 ], [ 114.285060138339503, 206.159755136566901 ], [ 114.3400000015167, 204.7400000004898 ], [ 148.85000000153579, 204.100000001275987 ], [ 152.700000000366913, 212.790000000834198 ] ] ] } },
{ "type": "Feature", "properties": { "feature_type": "building", "subtype": "no-damage", "uid": "57af1c5c-a087-4a2f-87b6-cfd7f4233e1b" }, "geometry": { "type": "Polygon", "coordinates": [ [ [ 148.629999999792602, 203.60000000053779 ], [ 114.3499999994158, 204.240000000713309 ], [ 114.678285154795304, 195.1494546556074 ], [ 144.895404728662811, 195.149454656569105 ], [ 148.629999999792602, 203.60000000053779 ] ] ] } },
{ "type": "Feature", "properties": { "feature_type": "building", "subtype": "no-damage", "uid": "568b15a9-40de-4700-aa58-f5a31e9c701c" }, "geometry": { "type": "Polygon", "coordinates": [ [ [ 151.198552722369186, 195.397284008444899 ], [ 174.430000001091713, 196.559999999568902 ], [ 174.055262753815896, 197.902029776328106 ], [ 169.729787560300593, 198.295254793986089 ], [ 169.3365625428832, 207.339430188579087 ], [ 170.909462612072105, 212.058130395666211 ], [ 153.240000001356293, 212.760000000405199 ], [ 145.442619059636911, 195.149454657530811 ], [ 146.922736563672288, 195.149454656569105 ], [ 147.009999998747702, 193.8900000017818 ], [ 151.198552722369186, 195.397284008444899 ] ] ] } },
{ "type": "Feature", "properties": { "feature_type": "building", "subtype": "no-damage", "uid": "28a2eb9c-4b17-4dec-a5fa-dfb456e324df" }, "geometry": { "type": "Polygon", "coordinates": [ [ [ 175.234937800538603, 172.342403659334309 ], [ 181.919763093990611, 172.342403659334309 ], [ 181.526538077775314, 190.430754449481896 ], [ 176.021387836575599, 190.823979467139907 ], [ 174.570000000408811, 196.070000000576499 ], [ 151.297870787438001, 194.901625302769901 ], [ 147.050000000321404, 193.370000000437102 ], [ 148.10241161700651, 178.634003933206486 ], [ 147.709186602113505, 175.488203796751208 ], [ 155.966911958503601, 175.094978780054987 ], [ 159.899162130273908, 169.589828538613489 ], [ 176.021387836094789, 168.016928471828408 ], [ 175.234937800538603, 172.342403659334309 ] ] ] } },
{ "type": "Feature", "properties": { "feature_type": "building", "subtype": "no-damage", "uid": "04924336-76e3-43c2-8fe7-5a11b085fae3" }, "geometry": { "type": "Polygon", "coordinates": [ [ [ 167.713667710664197, 225.423438035352007 ], [ 162.378382266786588, 225.719842782534698 ], [ 162.378382268950304, 234.499999999995993 ], [ 162.119040933937896, 234.803109699947612 ], [ 157.610526615216202, 234.66648805365611 ], [ 157.909808767053192, 231.07510224603709 ], [ 149.3907136196392, 231.863907354182686 ], [ 149.225818603262212, 236.645862854482289 ], [ 163.732208080348613, 236.343646407678989 ], [ 170.709999999711812, 235.370000000895686 ], [ 171.122322300018595, 254.174698471682092 ], [ 145.927918826040013, 252.840877110802495 ], [ 144.149490341501888, 241.429294360136794 ], [ 138.221395410591811, 240.9846872408053 ], [ 139.85162151564839, 218.309724113545997 ], [ 167.417262965885811, 214.752867152162111 ], [ 167.713667710664197, 225.423438035352007 ] ] ] } },
{ "type": "Feature", "properties": { "feature_type": "building", "subtype": "no-damage", "uid": "2a856521-4d47-40ea-9591-1bf81b0af121" }, "geometry": { "type": "Polygon", "coordinates": [ [ [ 146.469999998840194, 254.79000000129281 ], [ 145.549314708584404, 259.253157592857974 ], [ 149.07999999961541, 272.000000000542798 ], [ 149.214996502730202, 283.549682900325877 ], [ 137.210604258302993, 284.142492393729583 ], [ 137.655211377994988, 280.437433059235275 ], [ 130.541497455589706, 279.844623567754923 ], [ 130.689699830383091, 274.953945245491525 ], [ 125.9472238814717, 272.138100150621881 ], [ 124.168795400780198, 263.986969614157317 ], [ 124.316997774491796, 257.614267557903815 ], [ 131.57891407193091, 255.835839078654402 ], [ 130.541497457272612, 248.425720409665701 ], [ 130.096890338782714, 247.240101422858288 ], [ 144.324318182992414, 246.499089554420806 ], [ 146.469999998840194, 254.79000000129281 ] ] ] } },
{ "type": "Feature", "properties": { "feature_type": "building", "subtype": "no-damage", "uid": "be2ef91e-db48-429e-83d9-d1dd0ad78e4d" }, "geometry": { "type": "Polygon", "coordinates": [ [ [ 159.144555517840786, 272.138100150621881 ], [ 151.586234479349713, 272.879112017136094 ], [ 152.030841596877906, 269.91506455011762 ], [ 149.179999998921488, 270.479999999645088 ], [ 146.063369117686307, 259.2358297381125 ], [ 146.920000002028786, 255.079999999989894 ], [ 157.5143294096587, 254.650220090885313 ], [ 159.144555517840786, 272.138100150621881 ] ] ] } },
{ "type": "Feature", "properties": { "feature_type": "building", "subtype": "no-damage", "uid": "fdd8e147-43e3-454b-896a-eb7680008d49" }, "geometry": { "type": "Polygon", "coordinates": [ [ [ 104.729627286018797, 257.241560389586823 ], [ 104.845747726444799, 257.938283013390389 ], [ 93.349824414575309, 258.635005639117423 ], [ 93.001463101711934, 251.203297641300793 ], [ 105.542470352291801, 250.390454580677499 ], [ 104.729627286018797, 257.241560389586823 ] ] ] } },
{ "type": "Feature", "properties": { "feature_type": "building", "subtype": "no-damage", "uid": "f0db3fb9-e1c2-42c0-85db-30f771558838" }, "geometry": { "type": "Polygon", "coordinates": [ [ [ 93.698185729001409, 259.912330451828097 ], [ 93.930426604684428, 259.796210013084988 ], [ 109.374444788980597, 259.215607828024474 ], [ 107.5165177880844, 271.52437419919778 ], [ 95.091630979132617, 271.408253762378024 ], [ 93.698185729001409, 259.912330451828097 ] ] ] } },
{ "type": "Feature", "properties": { "feature_type": "building", "subtype": "no-damage", "uid": "b0a3a8c9-5f13-4767-bdd3-406ff7db51a5" }, "geometry": { "type": "Polygon", "coordinates": [ [ [ 115.877189285024897, 263.047582263271693 ], [ 116.690032347571403, 257.822162575609013 ], [ 121.450970283987004, 258.170523889914875 ], [ 121.102608969560904, 262.466980076287882 ], [ 120.870368097123603, 268.273001950934372 ], [ 123.425017719058403, 270.130928949667293 ], [ 126.676389971408099, 274.891866887165975 ], [ 125.515185598522606, 280.117286573866977 ], [ 118.896320657844896, 279.188323073538925 ], [ 119.941404596314797, 275.820830385570673 ], [ 115.993309723888203, 275.124107760805487 ], [ 117.038393661035798, 264.789388826146478 ], [ 115.877189284664297, 264.673268388364988 ], [ 115.877189285024897, 263.047582263271693 ] ] ] } },
{ "type": "Feature", "properties": { "feature_type": "building", "subtype": "no-damage", "uid": "aeeab6c8-7324-4e7d-ac3c-3eb768acd317" }, "geometry": { "type": "Polygon", "coordinates": [ [ [ 145.966910781077104, 299.528751438787083 ], [ 148.9309582468928, 293.304251756605822 ], [ 169.234683400051608, 291.525823275433083 ], [ 172.198730868271497, 294.786275489634193 ], [ 182.721099380151401, 294.489870743413178 ], [ 185.092337356049597, 293.304251755644088 ], [ 200.208979441206111, 291.525823276394817 ], [ 205.840669625654812, 321.610905072642822 ], [ 201.542800797517401, 323.389333552853827 ], [ 200.801788932686293, 326.05697627268961 ], [ 195.762908236231709, 328.576416620376619 ], [ 184.054920743074291, 323.241131178781586 ], [ 185.388742099505691, 321.166297950426213 ], [ 182.721099379069614, 319.387869470215094 ], [ 168.790076284807299, 318.943262352806926 ], [ 168.938278653470007, 316.275619630086112 ], [ 167.6044572939131, 315.831012509793027 ], [ 165.97423118693311, 316.275619630086112 ], [ 156.933886411206601, 310.495727068197994 ], [ 144.040279925592188, 305.308644000675315 ], [ 145.966910781077104, 299.528751438787083 ] ] ] } },
{ "type": "Feature", "properties": { "feature_type": "building", "subtype": "no-damage", "uid": "ab35e35c-0bf7-47f3-b7bc-450658845609" }, "geometry": { "type": "Polygon", "coordinates": [ [ [ 129.33000000135641, 492.810000001292394 ], [ 129.100547873713907, 492.830450039054881 ], [ 129.219999999102413, 494.410000000769514 ], [ 118.682094893657407, 495.306684222285014 ], [ 119.164906993471703, 500.6176173147133 ], [ 109.025852907590306, 500.617617316636711 ], [ 108.720000000097002, 488.580000001394581 ], [ 130.151271296297693, 485.118297460792178 ], [ 129.33000000135641, 492.810000001292394 ] ] ] } },
{ "type": "Feature", "properties": { "feature_type": "building", "subtype": "no-damage", "uid": "09b37b65-df49-4865-bbf5-7d750e710150" }, "geometry": { "type": "Polygon", "coordinates": [ [ [ 191.848399327229089, 450.171246085775692 ], [ 191.482345342050309, 455.845082847754611 ], [ 186.879999998793011, 456.389999999839574 ], [ 186.494852610243498, 453.280383626987373 ], [ 173.463311074620492, 454.03220333238761 ], [ 174.150000000894693, 471.649999999095826 ], [ 171.550019772829387, 471.890297405450497 ], [ 159.238311243914609, 475.26998209958299 ], [ 159.962529387986109, 478.166854696065116 ], [ 154.168784196105491, 478.649666795639007 ], [ 153.430347897398207, 485.704119343872719 ], [ 153.152638226196899, 485.704119343872719 ], [ 140.716766508796013, 483.662409060610116 ], [ 140.90712229959189, 478.142091096996126 ], [ 127.938820274645593, 477.945601671557824 ], [ 127.557491310916504, 481.758891320389807 ], [ 108.609999998924906, 484.150000001201477 ], [ 107.890000000410595, 455.799999999737906 ], [ 144.501699406678796, 451.595927713701315 ], [ 145.965674507933613, 435.492201598812017 ], [ 147.650000000005008, 430.780000000690222 ], [ 147.650820855945909, 430.851268958975481 ], [ 162.376589886937211, 429.402832662176991 ], [ 163.825026183134213, 417.573936227423815 ], [ 195.600000000460909, 432.289999999842109 ], [ 191.848399327229089, 450.171246085775692 ] ] ] } },
{ "type": "Feature", "properties": { "feature_type": "building", "subtype": "no-damage", "uid": "94c83946-5c8d-46a6-b025-52346428a197" }, "geometry": { "type": "Polygon", "coordinates": [ [ [ 215.968732913065708, 441.714541194580875 ], [ 218.060000000724614, 454.740000001250394 ], [ 208.0348839444041, 456.214812338245508 ], [ 205.283995613619112, 459.948160786293101 ], [ 204.430000000175596, 468.800000000658372 ], [ 188.619999999870714, 470.290000000165378 ], [ 186.950000000074311, 456.8900000005778 ], [ 191.954525573947905, 456.292401533944826 ], [ 192.310000001302512, 450.790000001189014 ], [ 210.66130861976211, 448.73001141054192 ], [ 212.060000000523104, 439.90000000222949 ], [ 215.968732913065708, 441.714541194580875 ] ] ] } },
{ "type": "Feature", "properties": { "feature_type": "building", "subtype": "no-damage", "uid": "a8f41d2e-17c3-497d-97dc-8f6dc4a464c9" }, "geometry": { "type": "Polygon", "coordinates": [ [ [ 143.546918014016086, 412.021597084246821 ], [ 144.271136160131192, 416.366905979450621 ], [ 147.168008755049811, 415.88409387891511 ], [ 147.4800000038652, 425.51000000194972 ], [ 142.15623760731981, 440.040583734782274 ], [ 135.97911905556839, 440.955712407531109 ], [ 133.83673607313051, 435.718776218540427 ], [ 124.784332293230094, 432.7828614803081 ], [ 117.501974411395494, 431.083644640271302 ], [ 107.270000003606597, 431.240000001177009 ], [ 106.853198461070804, 414.677063631903479 ], [ 107.577416608628397, 413.71143943179402 ], [ 110.715695257901899, 411.297378935847576 ], [ 119.164906997198202, 412.021597084246821 ], [ 120.371937241083899, 409.607536587338814 ], [ 143.546918014016086, 412.021597084246821 ] ] ] } },
{ "type": "Feature", "properties": { "feature_type": "building", "subtype": "no-damage", "uid": "53931bae-1a58-4aae-9e0a-d8cba4adc42e" }, "geometry": { "type": "Polygon", "coordinates": [ [ [ 154.804377432641104, 480.03697370577072 ], [ 160.49427886782189, 480.036973704808986 ], [ 160.610399305362904, 475.392156204130117 ], [ 170.945118240740612, 474.347072267943872 ], [ 176.518899241265501, 473.41810876761582 ], [ 176.867260553648009, 471.792422644445821 ], [ 192.775760488829292, 471.560181769844576 ], [ 193.240242236348706, 475.856637955255792 ], [ 192.079037862742013, 476.321119704458283 ], [ 191.498435677681613, 484.565670765783182 ], [ 181.628198489823205, 484.797911641345991 ], [ 181.860439364424394, 489.674970014702808 ], [ 176.170537928762712, 489.674970013741074 ], [ 174.777092682478212, 493.855305764255888 ], [ 162.584446746805298, 494.668148825840888 ], [ 161.887724120717905, 485.494634265149614 ], [ 154.804377431919789, 485.030152516908913 ], [ 154.804377432641104, 480.03697370577072 ] ] ] } },
{ "type": "Feature", "properties": { "feature_type": "building", "subtype": "no-damage", "uid": "592569a8-48e0-4807-8a16-bd68ca4d6da8" }, "geometry": { "type": "Polygon", "coordinates": [ [ [ 114.825966528602507, 513.64611194787301 ], [ 115.155190285173902, 513.975335700718006 ], [ 118.509999999834307, 514.810000001074627 ], [ 120.5099999994206, 520.999999999827082 ], [ 120.043940605631803, 521.065182257797005 ], [ 120.740663228353299, 532.561105566423635 ], [ 113.657316542320103, 531.283780755636258 ], [ 114.005677855063198, 521.878025319382004 ], [ 111.567148668625904, 522.11026619494487 ], [ 111.4699999991075, 513.480000000649852 ], [ 114.825966528602507, 513.64611194787301 ] ] ] } },
{ "type": "Feature", "properties": { "feature_type": "building", "subtype": "no-damage", "uid": "8ce56c24-1e2c-4475-87f1-a09c5c3f545b" }, "geometry": { "type": "Polygon", "coordinates": [ [ [ 139.900535410715406, 518.394412193632434 ], [ 121.019999999019404, 520.930000002031647 ], [ 119.080000001132504, 514.959999999372712 ], [ 119.171522348867796, 514.979418717212639 ], [ 120.001629063388407, 512.133338542288129 ], [ 138.630000000178086, 511.290000001071007 ], [ 139.900535410715406, 518.394412193632434 ] ] ] } },
{ "type": "Feature", "properties": { "feature_type": "building", "subtype": "no-damage", "uid": "493c14ad-f153-4f5a-a5c7-2cab1f370d71" }, "geometry": { "type": "Polygon", "coordinates": [ [ [ 148.725688660464499, 508.175813695793181 ], [ 138.507090162507495, 510.614342884395001 ], [ 138.540000000093414, 510.789999999371219 ], [ 119.621770391821002, 511.649996849038189 ], [ 118.826190985455995, 514.377697674159094 ], [ 115.410815052056407, 513.523853689997509 ], [ 115.043316182299904, 513.156354820000615 ], [ 111.459999999765898, 512.98000000087336 ], [ 111.334907794024701, 502.137550948468913 ], [ 119.347217977741295, 502.485912258928181 ], [ 120.043940604429693, 501.905310073867724 ], [ 120.050000000015899, 501.730000000613074 ], [ 129.098908740804887, 501.920628879090884 ], [ 131.636530285774597, 504.941606905113815 ], [ 134.785139588561492, 501.91409796167909 ], [ 135.974138497127313, 501.806007151820381 ], [ 144.367158378152794, 501.106588827840483 ], [ 149.10000000298669, 499.380000000990378 ], [ 148.725688660464499, 508.175813695793181 ] ] ] } },
{ "type": "Feature", "properties": { "feature_type": "building", "subtype": "no-damage", "uid": "8a0a3ab3-73c4-443c-840e-e231eb3e9685" }, "geometry": { "type": "Polygon", "coordinates": [ [ [ 149.13000000041049, 498.840000001924182 ], [ 144.259065693628088, 500.613863444637389 ], [ 135.930742580291707, 501.307890371149711 ], [ 134.5650918617537, 501.432040435892191 ], [ 131.675438416856991, 504.210553363257304 ], [ 129.3360015867882, 501.425509516556986 ], [ 120.060000001641399, 501.230000000836583 ], [ 120.160061041610106, 495.983167762401422 ], [ 149.306290850814008, 494.705842950652425 ], [ 149.13000000041049, 498.840000001924182 ] ] ] } },
{ "type": "Feature", "properties": { "feature_type": "building", "subtype": "no-damage", "uid": "9799be8c-876a-410a-bb57-2bc18904ab80" }, "geometry": { "type": "Polygon", "coordinates": [ [ [ 139.766487172427986, 534.972212242748697 ], [ 142.87873701267651, 527.858498320942658 ], [ 151.770879417336005, 527.413891202572813 ], [ 150.437058056577001, 507.554773169221619 ], [ 163.182462167758587, 507.406570794187701 ], [ 169.110557103236687, 507.8511779144809 ], [ 169.258759475385403, 534.527605124378852 ], [ 140.062891923817887, 536.15783123244114 ], [ 139.766487172427986, 534.972212242748697 ] ] ] } },
{ "type": "Feature", "properties": { "feature_type": "building", "subtype": "no-damage", "uid": "98ea3ac5-5cdc-43db-a94c-35ec2a2457fe" }, "geometry": { "type": "Polygon", "coordinates": [ [ [ 136.621236008009589, 538.325412291797761 ], [ 138.992473978618591, 538.473614663946591 ], [ 140.029890591594011, 562.778803899268155 ], [ 132.175164803155411, 563.075208646450733 ], [ 131.285950563410694, 570.781732061660477 ], [ 120.615379679982993, 572.708362915943781 ], [ 119.577963066166106, 563.816220513926623 ], [ 115.872903733115194, 562.927006273340339 ], [ 116.91032034573, 556.109697097755316 ], [ 114.539082369591299, 541.141257385705671 ], [ 117.651332215008793, 535.361364823817553 ], [ 137.658652617859588, 533.731138716717055 ], [ 136.621236008009589, 538.325412291797761 ] ] ] } },
{ "type": "Feature", "properties": { "feature_type": "building", "subtype": "no-damage", "uid": "05e64639-8073-4d75-a34d-7df6025a70fc" }, "geometry": { "type": "Polygon", "coordinates": [ [ [ 171.893400869848591, 547.513959440997496 ], [ 172.930817482944093, 553.442054376957799 ], [ 173.010000001303609, 553.440000001751059 ], [ 171.042417014804897, 558.154148794433922 ], [ 173.42000000003361, 572.829999999795746 ], [ 173.079019857737507, 572.856565290015965 ], [ 172.486210363372294, 574.0421842758617 ], [ 160.185413375248601, 576.117017503255397 ], [ 159.44440150368581, 570.633529687588293 ], [ 142.25292619522321, 572.263755795650582 ], [ 141.363711951271114, 553.738459122217137 ], [ 144.031354675193398, 551.811828267933834 ], [ 159.740806250387493, 551.66362589674668 ], [ 159.592603880041906, 547.069352321665974 ], [ 171.893400869848591, 547.513959440997496 ] ] ] } },
{ "type": "Feature", "properties": { "feature_type": "building", "subtype": "no-damage", "uid": "4f0aa43f-af30-4516-b59d-26f1048ab99f" }, "geometry": { "type": "Polygon", "coordinates": [ [ [ 198.569828081543307, 570.633529689511647 ], [ 173.919999999689708, 572.780000000683685 ], [ 171.558765737844709, 558.214911854902425 ], [ 173.570000001096389, 553.400000000537943 ], [ 196.494994853308611, 551.811828270818864 ], [ 198.569828081543307, 570.633529689511647 ] ] ] } },
{ "type": "Feature", "properties": { "feature_type": "building", "subtype": "no-damage", "uid": "848f2882-4b8d-47a3-9848-c6637015c3df" }, "geometry": { "type": "Polygon", "coordinates": [ [ [ 174.906360552006589, 551.786101642320205 ], [ 174.165348684891512, 532.816197851478591 ], [ 181.130860234066205, 530.444959875940526 ], [ 200.989978267412795, 528.073721902325701 ], [ 201.582787762258789, 537.558673799669918 ], [ 208.103692188255394, 537.558673798708242 ], [ 208.696501684543989, 548.822054175301787 ], [ 175.499170043366604, 551.637899271133051 ], [ 174.906360552006589, 551.786101642320205 ] ] ] } },
{ "type": "Feature", "properties": { "feature_type": "building", "subtype": "no-damage", "uid": "abcc0354-1b50-4223-acb6-f4e1e764edbf" }, "geometry": { "type": "Polygon", "coordinates": [ [ [ 200.84177589370131, 550.600482655512792 ], [ 215.513810857242305, 548.67385180219128 ], [ 214.921001362877092, 557.714196578280507 ], [ 200.989978266330894, 558.899815566049597 ], [ 200.84177589370131, 550.600482655512792 ] ] ] } },
{ "type": "Feature", "properties": { "feature_type": "building", "subtype": "no-damage", "uid": "6dba1a92-ab3c-42c4-b3bd-e6c1275468ee" }, "geometry": { "type": "Polygon", "coordinates": [ [ [ 185.022801238126505, 573.945542108630434 ], [ 203.103490790541088, 573.500934989298912 ], [ 202.95528841827209, 564.3123878391375 ], [ 209.476192848355794, 564.015983091954809 ], [ 209.9207999658841, 562.682161732036889 ], [ 214.515073543728505, 562.533959358926381 ], [ 214.811478287905913, 571.277899387832917 ], [ 206.80855012587611, 572.018911255308808 ], [ 206.215740630549192, 587.431958085728297 ], [ 183.985384623348011, 584.764315365892458 ], [ 185.022801238126505, 573.945542108630434 ] ] ] } },
{ "type": "Feature", "properties": { "feature_type": "building", "subtype": "no-damage", "uid": "e3170a7e-6b94-4023-b641-d18680652638" }, "geometry": { "type": "Polygon", "coordinates": [ [ [ 119.369149830339694, 579.280827551187031 ], [ 124.111625780212805, 575.72397058980323 ], [ 157.308957419226402, 574.982958723289016 ], [ 165.311885577890394, 578.984422803042662 ], [ 165.460087951361487, 587.431958085728297 ], [ 158.198171655484998, 587.876565206021382 ], [ 153.603898081727692, 594.249267261313207 ], [ 154.344909947159806, 599.584552703869804 ], [ 139.821077357089791, 600.325564571345694 ], [ 139.376470237397797, 594.990279127827421 ], [ 133.448375301198496, 595.138481502861282 ], [ 131.373542074526512, 582.393077391315956 ], [ 128.113089860446308, 582.096672645094941 ], [ 127.223875619860195, 584.467910618709766 ], [ 123.963423403856694, 585.208922485223979 ], [ 121.5921854304829, 591.878029287698496 ], [ 119.813756949070097, 590.544207926818899 ], [ 119.369149830339694, 579.280827551187031 ] ] ] } },
{ "type": "Feature", "properties": { "feature_type": "building", "subtype": "no-damage", "uid": "88bc518e-887c-477e-ab8d-7ca77cea5357" }, "geometry": { "type": "Polygon", "coordinates": [ [ [ 163.088849978829188, 590.099600808449054 ], [ 167.386718804201791, 587.728362833872552 ], [ 174.352230357223192, 587.431958085728297 ], [ 176.575265957486494, 606.698266625675842 ], [ 163.681659470670013, 606.105457132272136 ], [ 163.237052353382211, 595.583088622192804 ], [ 165.015480832991813, 595.43488624812062 ], [ 163.978064218814296, 592.02623166177068 ], [ 163.088849978829188, 590.099600808449054 ] ] ] } },
{ "type": "Feature", "properties": { "feature_type": "building", "subtype": "no-damage", "uid": "ab5c476b-8383-4fe2-9e1b-bde17e002740" }, "geometry": { "type": "Polygon", "coordinates": [ [ [ 118.628137961902397, 601.955790679407983 ], [ 137.894446505692088, 600.770171690677216 ], [ 140.710291595271798, 602.103993051556813 ], [ 140.858493969344011, 602.845004918071027 ], [ 160.569409633066186, 601.066576435936554 ], [ 159.680195392960798, 605.512647636945076 ], [ 147.824005518879289, 605.957254758199952 ], [ 147.675803148774094, 608.032087987517116 ], [ 144.5635533044385, 608.32849273373813 ], [ 144.415350930847211, 613.367373428150358 ], [ 137.449839381792714, 613.663778174371373 ], [ 129.743315966705097, 613.515575802222543 ], [ 129.891518343421808, 610.551528334242448 ], [ 127.075673248673098, 610.403325961131941 ], [ 127.520280365119405, 616.479623269241074 ], [ 123.667018657034703, 617.07243276168299 ], [ 123.222411537943699, 610.255123587059757 ], [ 117.887126096830897, 609.514111719583866 ], [ 118.628137961902397, 601.955790679407983 ] ] ] } },
{ "type": "Feature", "properties": { "feature_type": "building", "subtype": "no-damage", "uid": "325efbd2-9d56-4da3-a72d-7a6f8e4d4a4f" }, "geometry": { "type": "Polygon", "coordinates": [ [ [ 144.118288610227609, 659.162914321418725 ], [ 164.843583556489307, 663.450000001446483 ], [ 164.843583554686091, 674.389751269871681 ], [ 126.701427706625694, 675.355375469019577 ], [ 126.942833754248795, 658.698358041411893 ], [ 126.940000003406297, 658.550000000944237 ], [ 144.118288610227609, 659.162914321418725 ] ] ] } },
{ "type": "Feature", "properties": { "feature_type": "building", "subtype": "no-damage", "uid": "e08bc81e-99c4-40ac-991c-46541748032f" }, "geometry": { "type": "Polygon", "coordinates": [ [ [ 162.912335157352487, 614.762456998454923 ], [ 178.845134434393287, 615.003863049203574 ], [ 178.120916285873989, 617.900735645685586 ], [ 179.539999999666804, 617.700000000260047 ], [ 177.868035895569903, 621.720145374585627 ], [ 179.660000000180588, 653.050000001479475 ], [ 178.84513443763899, 653.146018899196633 ], [ 178.603728386409614, 659.90538828842341 ], [ 164.843583554085086, 661.353824585221901 ], [ 164.843583554085086, 662.940000000885902 ], [ 144.178286847733403, 658.664738339049222 ], [ 126.929999999857401, 658.049999999244392 ], [ 126.790000000420093, 651.060000001234243 ], [ 142.671344690105798, 649.507536003876567 ], [ 140.679149599305902, 632.822902103682736 ], [ 137.088140072909198, 633.375365106153481 ], [ 136.367342786232712, 643.466527112654944 ], [ 126.629999999414594, 642.870000000490904 ], [ 126.218615608253899, 622.487450588753063 ], [ 141.910008835027014, 621.521826389605167 ], [ 142.392820933038109, 615.245269098028871 ], [ 147.462347976639904, 614.7624569994166 ], [ 147.703754025585312, 611.141366254535455 ], [ 161.705304908057286, 609.934336006562262 ], [ 162.912335157352487, 614.762456998454923 ] ] ] } },
{ "type": "Feature", "properties": { "feature_type": "building", "subtype": "no-damage", "uid": "ef55fe56-0488-46a3-9ff4-d4da8ce79841" }, "geometry": { "type": "Polygon", "coordinates": [ [ [ 221.091193128711211, 625.142917136409665 ], [ 203.951363600331604, 628.039789730968323 ], [ 203.468551503282214, 636.730407520414246 ], [ 223.746659678530989, 635.523377271479376 ], [ 227.3677504188434, 649.042116052818074 ], [ 219.401350780923991, 649.042116052818074 ], [ 219.159944730536097, 653.628830999732259 ], [ 187.535752223716997, 656.284297543542152 ], [ 184.880285679667196, 652.421800748874034 ], [ 180.159999999956909, 652.989999999659858 ], [ 178.373796677861208, 621.806319505160218 ], [ 180.120000000667204, 617.62000000071896 ], [ 198.881836558412687, 615.003863048241897 ], [ 198.399024461723911, 611.865584401973024 ], [ 197.674806313445004, 610.899960203786804 ], [ 220.366974979230207, 608.485899709763771 ], [ 221.091193128711211, 625.142917136409665 ] ] ] } },
{ "type": "Feature", "properties": { "feature_type": "building", "subtype": "no-damage", "uid": "fdd66f91-13e8-49db-96d2-dd518286e077" }, "geometry": { "type": "Polygon", "coordinates": [ [ [ 174.518687139723994, 697.633059738910447 ], [ 179.090000003811014, 697.220000000910318 ], [ 178.5813327180106, 706.575766732929878 ], [ 180.133502692373298, 719.924428500551926 ], [ 181.290000003812708, 721.210000000937839 ], [ 180.064524764505592, 726.594656226091843 ], [ 176.367299680115707, 729.059472947095628 ], [ 175.442993412143693, 725.670349954272865 ], [ 161.270297255316109, 726.594656226091843 ], [ 160.962195165911908, 721.356920689631238 ], [ 160.962195166272608, 719.508308149840104 ], [ 132.616802863676497, 721.356920689631238 ], [ 137.546436306644608, 698.557366009767748 ], [ 162.810807707746193, 697.633059738910447 ], [ 161.270297255195914, 691.779120022198867 ], [ 172.978176686212009, 690.238609572052383 ], [ 174.518687139723994, 697.633059738910447 ] ] ] } },
{ "type": "Feature", "properties": { "feature_type": "building", "subtype": "no-damage", "uid": "ffa2cf1b-84a3-48b8-8178-e1d6c2910ea6" }, "geometry": { "type": "Polygon", "coordinates": [ [ [ 195.21711984531089, 704.087651101216011 ], [ 196.520000003357609, 718.210000000355535 ], [ 181.605035216214503, 719.816410238522963 ], [ 181.420000000783006, 720.610000001975322 ], [ 180.611751019172601, 719.70839197745579 ], [ 179.082900089516613, 706.560273981785258 ], [ 179.589999999019398, 697.170000001798257 ], [ 197.0799999995441, 695.580000000220139 ], [ 195.21711984531089, 704.087651101216011 ] ] ] } },
{ "type": "Feature", "properties": { "feature_type": "building", "subtype": "no-damage", "uid": "0a239e0f-bbb4-4ef8-8ccb-a245c1c47b67" }, "geometry": { "type": "Polygon", "coordinates": [ [ [ 210.620829847494008, 700.690998466084693 ], [ 212.309999999930511, 716.500000000908358 ], [ 197.020000003374406, 718.150000000459272 ], [ 195.722138712348396, 704.118756167644847 ], [ 197.600000001008908, 695.530000000146401 ], [ 212.550000002881291, 694.170000001215953 ], [ 210.620829847494008, 700.690998466084693 ] ] ] } },
{ "type": "Feature", "properties": { "feature_type": "building", "subtype": "no-damage", "uid": "05547b44-aef7-44b1-a6ea-2034185c937e" }, "geometry": { "type": "Polygon", "coordinates": [ [ [ 235.831003107495803, 713.962470523734851 ], [ 212.809999999466413, 716.450000001796184 ], [ 211.128637736048489, 700.737162819054106 ], [ 213.089999999062286, 694.120000000180426 ], [ 235.522901012321597, 692.08722211376687 ], [ 235.831003107495803, 713.962470523734851 ] ] ] } },
{ "type": "Feature", "properties": { "feature_type": "building", "subtype": "no-damage", "uid": "955ca1ed-e0b7-421c-9857-95943c4e5147" }, "geometry": { "type": "Polygon", "coordinates": [ [ [ 237.033915718333105, 734.328658123085916 ], [ 237.650119900026397, 761.749744158197359 ], [ 203.142685792037298, 765.75507133030942 ], [ 196.672541892551891, 749.733762637053019 ], [ 191.126704269333089, 750.658068906948643 ], [ 190.160000000773493, 757.96000000133904 ], [ 186.787807894996604, 742.639895397869282 ], [ 182.051705445169404, 741.061194580137908 ], [ 179.700000002836106, 739.810000000508921 ], [ 179.418824838797804, 731.555739310514127 ], [ 184.964662461535795, 723.545084962443411 ], [ 235.801507358793089, 717.383043158010651 ], [ 237.033915718333105, 734.328658123085916 ] ] ] } },
{ "type": "Feature", "properties": { "feature_type": "building", "subtype": "no-damage", "uid": "f1e55210-01f0-4883-b10a-511b81ca8e19" }, "geometry": { "type": "Polygon", "coordinates": [ [ [ 181.85360349433671, 741.522206873799632 ], [ 186.3605637509161, 743.02452696020805 ], [ 189.970000000541205, 759.409999999633101 ], [ 189.963308815718193, 759.469724053507662 ], [ 177.33112311456631, 763.166949137898428 ], [ 156.688283064624386, 764.399357498400263 ], [ 156.576248775841208, 764.399357498400263 ], [ 154.450725611434791, 752.542521638346102 ], [ 152.61856624848221, 751.32108206464693 ], [ 152.323960793070711, 745.134367517350938 ], [ 156.200963756459799, 743.0467505389596 ], [ 159.609999999314994, 740.780000000594669 ], [ 159.769303968883605, 741.291700727930447 ], [ 178.871633565674102, 741.291700727930447 ], [ 179.726926927360495, 740.490699928480467 ], [ 179.720000000076794, 740.390000000788177 ], [ 181.85360349433671, 741.522206873799632 ] ] ] } },
{ "type": "Feature", "properties": { "feature_type": "building", "subtype": "no-damage", "uid": "1ecb7693-9b02-4b8f-bfca-001e2a7c9e70" }, "geometry": { "type": "Polygon", "coordinates": [ [ [ 153.996207078692493, 752.840434496416606 ], [ 156.070000003393886, 764.379999999854022 ], [ 136.969749288785209, 763.783153318149289 ], [ 137.894055562166614, 754.231988519932088 ], [ 139.742668099673296, 752.999580156545221 ], [ 139.742668101716902, 752.87000000228727 ], [ 153.303469777511907, 752.633338828104684 ], [ 153.299999999449312, 752.38000000040995 ], [ 153.996207078692493, 752.840434496416606 ] ] ] } },
{ "type": "Feature", "properties": { "feature_type": "building", "subtype": "no-damage", "uid": "eff576ca-5258-4aea-a059-831506a9896b" }, "geometry": { "type": "Polygon", "coordinates": [ [ [ 159.449999999391395, 740.2799999998565 ], [ 155.943194017456307, 742.617671820079408 ], [ 151.8095426304927, 744.843484104406343 ], [ 152.131141358697789, 751.597057347188752 ], [ 152.9400000005528, 752.139999999863221 ], [ 139.742668100635001, 752.369999999625747 ], [ 139.742668099312709, 750.534763434579759 ], [ 134.504932569585094, 748.994252983471483 ], [ 131.423911663402492, 728.967617116179781 ], [ 154.839670525074098, 725.578494121433664 ], [ 159.449999999391395, 740.2799999998565 ] ] ] } },
{ "type": "Feature", "properties": { "feature_type": "building", "subtype": "no-damage", "uid": "cf5bcca5-2601-4ed3-b0df-2e57348e0179" }, "geometry": { "type": "Polygon", "coordinates": [ [ [ 137.978602328575192, 771.74062592849566 ], [ 149.324686659664593, 772.464844075933229 ], [ 149.566092709691986, 781.396867915166126 ], [ 140.392662820433912, 781.638273963991423 ], [ 137.978602328575192, 771.74062592849566 ] ] ] } },
{ "type": "Feature", "properties": { "feature_type": "building", "subtype": "no-damage", "uid": "4f63112d-ef48-47ed-9a66-8719b1d79686" }, "geometry": { "type": "Polygon", "coordinates": [ [ [ 151.014529006850694, 790.32889175247567 ], [ 159.463740747589611, 788.639049404928528 ], [ 159.705146795092503, 783.328116311538565 ], [ 168.395764584776799, 783.569522361325539 ], [ 167.67154643565641, 792.018734101946166 ], [ 164.05045569077609, 793.467170397782979 ], [ 164.533267789388191, 796.364042993303201 ], [ 166.705922239634191, 797.0882611436258 ], [ 166.223110136213705, 802.157788186267226 ], [ 151.49734110594369, 799.743727689359162 ], [ 151.014529006850694, 790.32889175247567 ] ] ] } },
{ "type": "Feature", "properties": { "feature_type": "building", "subtype": "no-damage", "uid": "35ad63b1-7318-422d-aafb-0f9da2b8ec06" }, "geometry": { "type": "Polygon", "coordinates": [ [ [ 141.691599619525192, 803.345284113401704 ], [ 155.688548409824193, 803.34528411436338 ], [ 157.958323889234691, 803.345284113401704 ], [ 156.634288191529492, 819.233712472885145 ], [ 142.259043484749697, 819.044564515846901 ], [ 141.691599619525192, 803.345284113401704 ] ] ] } },
{ "type": "Feature", "properties": { "feature_type": "building", "subtype": "no-damage", "uid": "cbac5475-eb50-4761-ab96-2bbf710430f2" }, "geometry": { "type": "Polygon", "coordinates": [ [ [ 157.958323889955892, 809.019722812049508 ], [ 162.4978748514215, 804.669319809784952 ], [ 190.113476522991789, 806.182503462244767 ], [ 190.302624479549308, 812.235238075930852 ], [ 188.411144914575914, 818.287972688655259 ], [ 180.2777827765957, 817.720528819463652 ], [ 180.088634818836198, 819.990304300076787 ], [ 167.415721721674402, 819.422860429923503 ], [ 168.361461506024312, 815.639901295888876 ], [ 158.525767758185708, 815.639901295888876 ], [ 157.958323889955892, 809.019722812049508 ] ] ] } },
{ "type": "Feature", "properties": { "feature_type": "building", "subtype": "no-damage", "uid": "0a37d193-3188-4aed-a56d-f05dc974d3af" }, "geometry": { "type": "Polygon", "coordinates": [ [ [ 166.639668886967712, 816.171072741738044 ], [ 165.499062875487994, 821.517663410347723 ], [ 178.330880479450997, 822.01667854008474 ], [ 182.679440889427212, 821.802814911955579 ], [ 186.315122543580799, 818.808724139303536 ], [ 187.313152802814187, 821.375087658582174 ], [ 186.243834667938501, 823.65629967817631 ], [ 183.035880271365386, 828.503875218010648 ], [ 182.394289388901313, 831.426678114298966 ], [ 180.897243999690687, 831.355390239858707 ], [ 181.111107627699596, 829.787056976207509 ], [ 157.300957184791798, 827.006829830723063 ], [ 157.657396562642901, 816.670087872436739 ], [ 166.639668886967712, 816.171072741738044 ] ] ] } },
{ "type": "Feature", "properties": { "feature_type": "building", "subtype": "no-damage", "uid": "d3e70476-a4df-4aa6-84cf-c11db3b429e6" }, "geometry": { "type": "Polygon", "coordinates": [ [ [ 187.857546969856287, 833.125832239636907 ], [ 186.856729553554203, 839.949587333030877 ], [ 181.397725482326393, 850.776612078651624 ], [ 169.023982914016614, 848.502027047840897 ], [ 170.843650938520597, 843.497939980634101 ], [ 169.420000001221609, 842.910000000773721 ], [ 169.727403247249896, 838.342660295316819 ], [ 170.630689997695612, 833.374583191966508 ], [ 171.540000000480092, 830.960000000441823 ], [ 187.857546969856287, 833.125832239636907 ] ] ] } },
{ "type": "Feature", "properties": { "feature_type": "building", "subtype": "no-damage", "uid": "52c25b3f-a79e-4a01-919b-a77e5e8eb713" }, "geometry": { "type": "Polygon", "coordinates": [ [ [ 171.116601146223189, 830.123380000466796 ], [ 171.210000001892297, 830.399999999807392 ], [ 170.146777873224295, 833.241014894852583 ], [ 169.230396592073589, 838.281111925915866 ], [ 168.939999999166702, 842.710000000478431 ], [ 159.652692589323891, 838.857786517126215 ], [ 158.014991368231989, 840.950404745125866 ], [ 156.468273547103195, 841.678271956370168 ], [ 153.829754911151696, 840.495487739540749 ], [ 152.737954097891901, 840.131554134880275 ], [ 155.194505928868494, 831.306164217296214 ], [ 155.7404063345368, 827.302894563146197 ], [ 171.116601146223189, 830.123380000466796 ] ] ] } },
{ "type": "Feature", "properties": { "feature_type": "building", "subtype": "no-damage", "uid": "ff3631b3-e238-478e-b01a-a572b0ffd262" }, "geometry": { "type": "Polygon", "coordinates": [ [ [ 147.278950021855593, 832.943865437787508 ], [ 148.006817232258186, 833.489765845258944 ], [ 146.005182403621006, 838.857786518087892 ], [ 138.180609899936911, 839.039753321860644 ], [ 138.362576700824604, 833.398782445295979 ], [ 139.454377520094909, 822.571757698713554 ], [ 153.374837904484792, 823.390608309920822 ], [ 153.465821306972202, 833.762716049956452 ], [ 147.278950021855593, 832.943865437787508 ] ] ] } },
{ "type": "Feature", "properties": { "feature_type": "building", "subtype": "no-damage", "uid": "b998449b-b3ad-489f-b170-b63705cbb918" }, "geometry": { "type": "Polygon", "coordinates": [ [ [ 153.168101711636012, 844.66457908708594 ], [ 154.623836132922094, 844.755562488010582 ], [ 165.359877480380391, 848.576865338387961 ], [ 170.454947948750998, 849.668666153330946 ], [ 173.184449985026106, 853.944886011216795 ], [ 171.5467487588854, 859.767823689630859 ], [ 159.627923200608393, 858.767006276574193 ], [ 159.809890001255695, 856.674388047612752 ], [ 150.347616273474614, 855.218653628009292 ], [ 153.168101711636012, 844.66457908708594 ] ] ] } },
{ "type": "Feature", "properties": { "feature_type": "building", "subtype": "no-damage", "uid": "c254ab39-d769-4dc5-96cd-5bee7df47616" }, "geometry": { "type": "Polygon", "coordinates": [ [ [ 195.650743863662001, 782.778410393946046 ], [ 207.377917173348493, 781.83267060971616 ], [ 207.56706513014629, 779.373747173026345 ], [ 227.238452623539501, 779.752043086141384 ], [ 225.536121016926813, 791.100920486321911 ], [ 195.650743863181191, 791.668364357436872 ], [ 195.650743863662001, 782.778410393946046 ] ] ] } },
{ "type": "Feature", "properties": { "feature_type": "building", "subtype": "no-damage", "uid": "33921ccb-8f98-4cb5-9277-e3d1aca67fa3" }, "geometry": { "type": "Polygon", "coordinates": [ [ [ 244.07262076989349, 815.501006897142929 ], [ 246.153248289140294, 843.116608567998583 ], [ 237.263294327094087, 844.251496310228504 ], [ 234.615222932164613, 834.794098476584395 ], [ 227.616748538217109, 834.03750665035443 ], [ 224.449999999890906, 822.300000000350906 ], [ 225.35349896156211, 821.903083962912319 ], [ 229.787732321015994, 818.023129777746817 ], [ 231.537732321435413, 815.501006897142929 ], [ 244.07262076989349, 815.501006897142929 ] ] ] } },
{ "type": "Feature", "properties": { "feature_type": "building", "subtype": "no-damage", "uid": "fd4ca7b8-50c9-438d-b12b-b84e93a4b590" }, "geometry": { "type": "Polygon", "coordinates": [ [ [ 229.854300351060289, 804.45755120014951 ], [ 231.75999999942951, 808.270000000410164 ], [ 231.210559715212611, 808.313384544111955 ], [ 231.380000001128593, 814.849999999930674 ], [ 229.412312330854093, 817.687238155297678 ], [ 225.08123364464771, 821.476932005954609 ], [ 223.800000000013398, 822.040000000159353 ], [ 206.621325346277303, 819.851409899407486 ], [ 206.621325347960209, 801.12576219108098 ], [ 211.350024263098192, 797.153655100969672 ], [ 225.320000000429786, 796.220000000892242 ], [ 229.854300351060289, 804.45755120014951 ] ] ] } },
{ "type": "Feature", "properties": { "feature_type": "building", "subtype": "no-damage", "uid": "c3525bed-6eec-45d6-aa15-cfbb6003769d" }, "geometry": { "type": "Polygon", "coordinates": [ [ [ 242.370289156789511, 787.696257266363887 ], [ 244.0726207703743, 810.583160021840058 ], [ 240.4788095896524, 810.583160022801735 ], [ 239.343921848865307, 807.745940672996994 ], [ 232.300000002823197, 808.239999999981251 ], [ 230.2970435979108, 804.22500370592843 ], [ 225.659999999080497, 795.820000001263338 ], [ 227.995044450370301, 788.641997049632209 ], [ 230.832263800414808, 786.561369525095643 ], [ 242.370289156789511, 787.696257266363887 ] ] ] } },
{ "type": "Feature", "properties": { "feature_type": "building", "subtype": "no-damage", "uid": "9c1eff00-197f-48f9-934b-7df75b6ba2c9" }, "geometry": { "type": "Polygon", "coordinates": [ [ [ 194.137560205913303, 836.118134172967643 ], [ 193.191820423005908, 823.634369033442113 ], [ 209.269396742048286, 823.445221076403755 ], [ 210.782580393786503, 821.932037422982262 ], [ 220.050830269909198, 822.877777207212148 ], [ 220.618274138980496, 827.606476122591744 ], [ 225.15782510080669, 827.795624079630102 ], [ 226.860156709222593, 842.549164699768653 ], [ 215.322131353088309, 841.225129002423728 ], [ 200.190294820319195, 837.631317826389136 ], [ 200.001146866526597, 835.361542346737679 ], [ 195.272447950907804, 835.928986216890962 ], [ 194.137560205913303, 836.118134172967643 ] ] ] } },
{ "type": "Feature", "properties": { "feature_type": "building", "subtype": "no-damage", "uid": "b7b94b67-68dc-4b8e-a2bd-6aac08fd19d8" }, "geometry": { "type": "Polygon", "coordinates": [ [ [ 249.37000000395409, 864.910000001517687 ], [ 250.503651293086705, 877.352388725578635 ], [ 224.968677143407803, 875.650057117042138 ], [ 225.889999999083386, 863.810000001817116 ], [ 227.678240540457608, 862.667371665126439 ], [ 249.37000000395409, 864.910000001517687 ] ] ] } },
{ "type": "Feature", "properties": { "feature_type": "building", "subtype": "no-damage", "uid": "59acb191-432e-4caf-9b00-a3e74928d84c" }, "geometry": { "type": "Polygon", "coordinates": [ [ [ 207.713314633007712, 849.604846091241825 ], [ 230.175182106745808, 853.002439490132474 ], [ 234.42816263980859, 855.708881648891861 ], [ 238.159999998778886, 853.259999999705315 ], [ 246.342396248702897, 855.600373708485677 ], [ 248.801319684670887, 858.626741015328776 ], [ 249.330000001058096, 864.400000000957107 ], [ 227.555256535375605, 862.152028633600253 ], [ 225.430000003405098, 863.520000000234973 ], [ 195.650743864142896, 861.842256280171796 ], [ 193.948412250918608, 849.547639095761269 ], [ 196.310000000595409, 847.359999999649972 ], [ 207.713314633007712, 849.604846091241825 ] ] ] } },
{ "type": "Feature", "properties": { "feature_type": "building", "subtype": "no-damage", "uid": "09090df4-1c7b-4251-975a-165fcefa70fb" }, "geometry": { "type": "Polygon", "coordinates": [ [ [ 228.562488320042604, 844.629792223343429 ], [ 230.643115843977597, 842.549164699768653 ], [ 233.480335192579503, 841.981720829615369 ], [ 237.263294327094087, 844.251496310228504 ], [ 237.830738196285608, 847.467011572186493 ], [ 237.07414637125791, 852.952302315719294 ], [ 237.520000003291699, 853.080000000016526 ], [ 234.423987312968393, 855.113569857849598 ], [ 230.354457754979592, 852.523869228191074 ], [ 207.799111540399792, 849.112136188127465 ], [ 196.650000001770394, 846.910000000909008 ], [ 198.866259124537407, 839.33364943588731 ], [ 228.562488320042604, 844.629792223343429 ] ] ] } },
{ "type": "Feature", "properties": { "feature_type": "building", "subtype": "no-damage", "uid": "9031927e-13ba-469f-85f2-ffa0a5610221" }, "geometry": { "type": "Polygon", "coordinates": [ [ [ 249.15907513344581, 880.309409092035708 ], [ 250.344694121334811, 896.611670163041481 ], [ 237.451087637764005, 897.056277284296357 ], [ 238.192099507162993, 889.794360987456457 ], [ 228.707147611263707, 889.646158615307627 ], [ 228.410742863119395, 896.611670163041481 ], [ 224.409278780121014, 899.427515256949505 ], [ 206.328589226864892, 896.759872536151988 ], [ 207.069601093378907, 887.423123013841746 ], [ 209.440839069277104, 880.754016212328906 ], [ 215.517136377144396, 875.122326022589618 ], [ 249.15907513344581, 880.309409092035708 ] ] ] } },
{ "type": "Feature", "properties": { "feature_type": "building", "subtype": "no-damage", "uid": "ce45e32b-c950-4809-b404-d9590100ef08" }, "geometry": { "type": "Polygon", "coordinates": [ [ [ 181.282388125996789, 862.376921912967646 ], [ 180.541376260324313, 875.715135516955002 ], [ 174.168674204913799, 875.715135516955002 ], [ 173.131257590736311, 884.755480292082552 ], [ 169.574400628030986, 883.718063679347324 ], [ 169.870805376415689, 889.053349120942357 ], [ 168.250000001321695, 889.00000000073112 ], [ 166.118444246107288, 876.725816916236909 ], [ 165.821023723883798, 869.587724330940546 ], [ 163.490000004104587, 863.489999999805946 ], [ 165.424734173244389, 862.228719538895461 ], [ 181.282388125996789, 862.376921912967646 ] ] ] } },
{ "type": "Feature", "properties": { "feature_type": "building", "subtype": "no-damage", "uid": "a3d011c8-d9df-407e-bf5a-f935d4d1c38e" }, "geometry": { "type": "Polygon", "coordinates": [ [ [ 160.682258225775598, 864.007148020068257 ], [ 162.460686707789392, 864.155350392217088 ], [ 163.059999999719395, 863.759999999819911 ], [ 165.32484937651941, 869.689952085789514 ], [ 165.620238341689003, 876.779287344105228 ], [ 167.740000000160194, 888.990000000908708 ], [ 160.534055852304505, 888.756944373759666 ], [ 160.682258225535207, 885.200087412375751 ], [ 142.749771048875601, 880.309409092035708 ], [ 139.78572358197809, 879.568397225521494 ], [ 142.156961552106196, 863.117933780443536 ], [ 160.682258225775598, 864.007148020068257 ] ] ] } },
{ "type": "Feature", "properties": { "feature_type": "building", "subtype": "no-damage", "uid": "838e1c7a-2746-4f94-a683-9be7bf0f88a9" }, "geometry": { "type": "Polygon", "coordinates": [ [ [ 182.912614232495912, 863.858945645034396 ], [ 183.653626099370598, 859.709279191208566 ], [ 189.878125781911109, 860.302088684612158 ], [ 190.174530527651086, 864.303552766289272 ], [ 200.696899040853395, 864.896362260654655 ], [ 197.5846492009656, 888.312337253466467 ], [ 187.062280691369608, 887.126718267620731 ], [ 188.24789967433, 873.936707035782206 ], [ 181.726995245328197, 872.454683300830425 ], [ 182.912614232495912, 863.858945645034396 ] ] ] } },
{ "type": "Feature", "properties": { "feature_type": "building", "subtype": "no-damage", "uid": "6167bff4-0308-402d-bb41-780b770690e4" }, "geometry": { "type": "Polygon", "coordinates": [ [ [ 203.809148880981695, 880.457611464184538 ], [ 199.807684799545996, 880.457611464184538 ], [ 200.696899038208812, 871.565469062167494 ], [ 203.364541760327995, 871.417266687133633 ], [ 203.364541759726905, 868.897826341369978 ], [ 208.699827200238701, 868.156814474855764 ], [ 205.735779735024096, 889.349753867163258 ], [ 203.364541761049196, 888.460539626576974 ], [ 203.809148880981695, 880.457611464184538 ] ] ] } },
{ "type": "Feature", "properties": { "feature_type": "building", "subtype": "no-damage", "uid": "2347d78b-e706-4ed3-87a8-9a65c7f335ed" }, "geometry": { "type": "Polygon", "coordinates": [ [ [ 150.901548010793704, 928.177358083739364 ], [ 192.187228106951011, 936.804216611099378 ], [ 186.025186302038804, 959.295669202279896 ], [ 225.462253857684203, 963.30099637535352 ], [ 225.770355948410611, 950.976912764564531 ], [ 252.575237802182897, 954.366035756425617 ], [ 250.4185231693817, 966.690119367214606 ], [ 264.283117230794687, 969.154936091103423 ], [ 262.742606780888991, 989.797776139607777 ], [ 252.883339890745503, 991.646388680360587 ], [ 252.810000002973311, 992.040000001099656 ], [ 248.724320577439101, 991.626469717254281 ], [ 247.866061204732091, 987.764302545481314 ], [ 241.740959498999388, 986.160109241243617 ], [ 235.928785927765091, 979.621413971980701 ], [ 230.270589209058386, 980.997732091499984 ], [ 230.126338888328689, 984.026988784751438 ], [ 225.376621528172791, 985.28426690943877 ], [ 221.694419431405208, 987.266991116019767 ], [ 215.492894301611898, 985.49512679449208 ], [ 214.333371236991496, 990.133219054898063 ], [ 209.886672974463607, 989.416009656370306 ], [ 208.411361122474688, 993.678021677796323 ], [ 215.796167819119603, 993.979442359370637 ], [ 222.928339406298306, 994.870963806355689 ], [ 224.232721626174509, 988.783846769206093 ], [ 230.025735925765105, 988.494196052934285 ], [ 230.169883002827987, 986.331989883887331 ], [ 234.896523336391112, 986.069398753216319 ], [ 235.047906736594314, 987.58323278578132 ], [ 237.43755508170949, 986.786683337449404 ], [ 241.33159785570561, 987.726624695102487 ], [ 240.900060714544793, 991.610458984663978 ], [ 246.448451624393186, 993.110024094186542 ], [ 252.44000000160969, 994.150000001137414 ], [ 251.959033621691589, 996.884124215859515 ], [ 259.04538170058629, 995.03551167318335 ], [ 260.531572626003026, 1022.978691839545036 ], [ 229.455308027242296, 1022.978471934194999 ], [ 229.129999999850895, 1020.489999999825955 ], [ 231.091947798760998, 1017.720756687516996 ], [ 231.358574803363013, 1013.188097574902031 ], [ 232.403199844280806, 1011.018491718588962 ], [ 250.44562042729379, 1014.53896402911198 ], [ 251.532807739905309, 1013.814172482723052 ], [ 246.727829116001601, 1006.421897674644015 ], [ 231.982922776590101, 1005.969599933352015 ], [ 230.243994822868501, 1012.467699135760995 ], [ 230.068846681444796, 1017.28427299119403 ], [ 228.060000002142289, 1020.050000001868966 ], [ 211.917378155776305, 1018.831599775353993 ], [ 204.040744124952113, 1018.831599775353993 ], [ 202.221244796222891, 1015.647475950407056 ], [ 199.19347451665999, 1013.900685405767035 ], [ 196.243337368980093, 1009.534482427844978 ], [ 191.948735767949501, 1009.773071406326949 ], [ 184.005899505078901, 1008.469023660758012 ], [ 181.404323420939704, 1014.263443116073972 ], [ 175.710000002524311, 1017.720000000928962 ], [ 170.536985202791897, 1017.309483434656954 ], [ 169.25890552154101, 1019.86564279812103 ], [ 157.540739852950992, 1019.045371199969964 ], [ 157.613184825920001, 1022.977865387254042 ], [ 150.317843220503988, 1022.977796130277966 ], [ 152.442058461781301, 1016.602657992545005 ], [ 152.750160553228994, 1016.29455590193902 ], [ 153.180000000257905, 1012.239999999186011 ], [ 160.536019877507186, 1010.823711644231025 ], [ 161.814754782341311, 1007.371127402908996 ], [ 160.660000000624507, 1006.600000000284012 ], [ 162.609427442410805, 1004.278574381756016 ], [ 149.052935468598804, 1000.273247208682051 ], [ 149.66913964933039, 975.316977895536297 ], [ 152.442058460819595, 976.857488347606136 ], [ 152.190000001128709, 970.200000000399655 ], [ 160.704890345029412, 970.941526936406376 ], [ 184.607486265550904, 979.943803322855729 ], [ 186.374238683012209, 976.410298488412991 ], [ 179.414215348456111, 973.87938091229762 ], [ 177.16785079354139, 970.229038513926184 ], [ 179.162207457503911, 969.659222324256802 ], [ 180.150458529485206, 963.070881861208818 ], [ 162.42111462567911, 961.804500154721154 ], [ 161.188226130466887, 966.427832003834396 ], [ 156.481562570765703, 966.133665531120073 ], [ 151.170000001209786, 965.000000000416094 ], [ 150.59344591802369, 962.684792194140982 ], [ 146.58811874663391, 948.203993951992743 ], [ 142.582791570916612, 940.501441694528353 ], [ 140.42607694340461, 926.02064345141855 ], [ 150.901548010793704, 928.177358083739364 ] ] ] } },
{ "type": "Feature", "properties": { "feature_type": "building", "subtype": "no-damage", "uid": "9f1f3a6a-dabb-4e7e-a596-b288b48f3d85" }, "geometry": { "type": "Polygon", "coordinates": [ [ [ 313.590000001354895, 960.820000000592131 ], [ 309.389760228203272, 983.054196387067122 ], [ 315.039770767850428, 982.448838113622514 ], [ 320.929999999399115, 962.070000001475819 ], [ 325.878251166108612, 962.91209100929234 ], [ 371.069999998712092, 969.319999999677407 ], [ 372.139891438896427, 981.417116162689467 ], [ 369.537128595875402, 985.321260424877778 ], [ 373.637057870101273, 994.266560662177426 ], [ 374.770000000567279, 997.21000000065419 ], [ 353.222442975141405, 997.043388356319497 ], [ 352.656595434687176, 1006.851412471 ], [ 352.809999999719423, 1015.190000000656028 ], [ 337.464039835454173, 1012.08051896053496 ], [ 336.419842011495973, 1016.04847069167397 ], [ 350.993681242609284, 1019.598508453251952 ], [ 354.724698967808024, 1021.019848539041959 ], [ 355.307087388814011, 1022.979204138450996 ], [ 305.33995915860379, 1022.978963773457053 ], [ 307.133115988210193, 1015.221176211830993 ], [ 317.970003300620704, 1016.506908605318017 ], [ 320.630000001600877, 1007.210000000030959 ], [ 329.597539668344382, 1009.754531164531954 ], [ 330.006108753356216, 1004.443133057814975 ], [ 317.523802419023184, 1002.240373116398018 ], [ 318.25809344156329, 997.834626989811341 ], [ 312.854636724217585, 996.716670428538464 ], [ 312.304967087392072, 993.785099032776202 ], [ 307.312934028216375, 992.441090129024587 ], [ 301.526061321853092, 993.747803321424158 ], [ 295.313734572088322, 996.671251201856876 ], [ 278.529999999441998, 994.810000000957757 ], [ 278.072784646892785, 982.034277616742884 ], [ 280.095323611844094, 973.576387387541558 ], [ 282.117862580642111, 957.028341284588805 ], [ 285.979073339311128, 956.109005389713161 ], [ 313.590000001354895, 960.820000000592131 ] ] ] } },
{ "type": "Feature", "properties": { "feature_type": "building", "subtype": "no-damage", "uid": "cd66a546-1a92-4f7d-837d-f36271857f64" }, "geometry": { "type": "Polygon", "coordinates": [ [ [ 378.519658317907783, 1006.239081479737024 ], [ 380.609999998921808, 1005.589999999947054 ], [ 380.670670482266416, 1006.304745234150005 ], [ 386.002818671509772, 1006.672479592485047 ], [ 385.656745810091081, 1022.979317770976991 ], [ 369.844818604729994, 1022.97926162259796 ], [ 367.917956330356787, 1021.149115006327975 ], [ 354.739340496908994, 1018.769642703528007 ], [ 354.100000001575495, 1017.239999999835959 ], [ 362.6175488241268, 1016.097971109075047 ], [ 365.385732640384902, 1011.668877003254011 ], [ 370.189921828806973, 1010.375441449481968 ], [ 372.035416774695818, 1005.946253585118029 ], [ 377.315924408879027, 1003.831613659996037 ], [ 378.519658317907783, 1006.239081479737024 ] ] ] } },
{ "type": "Feature", "properties": { "feature_type": "building", "subtype": "no-damage", "uid": "05c524bf-f3f0-44ff-aad7-edda24ee4c5e" }, "geometry": { "type": "Polygon", "coordinates": [ [ [ 374.960000001160324, 997.710000000430682 ], [ 377.140000001276803, 1003.370000000900973 ], [ 371.654675014047427, 1005.560033810101004 ], [ 369.822826378991977, 1009.956470534234995 ], [ 365.065922269821783, 1011.237175486885008 ], [ 362.318090716106326, 1015.633705967637979 ], [ 353.890000000375892, 1016.770000001449944 ], [ 353.309999999856416, 1015.380000000168025 ], [ 353.156857499542525, 1006.861281073267037 ], [ 353.694213025557872, 997.547118578573986 ], [ 374.960000001160324, 997.710000000430682 ] ] ] } },
{ "type": "Feature", "properties": { "feature_type": "building", "subtype": "no-damage", "uid": "1a0591a3-3ce7-41f7-afb1-b7e510f5fe90" }, "geometry": { "type": "Polygon", "coordinates": [ [ [ 296.980821156213494, 1001.589553767043981 ], [ 307.930000000645521, 1003.950000000219006 ], [ 299.278012263747314, 1021.253434367646037 ], [ 294.636221095659891, 1019.534252451206044 ], [ 293.906789526817192, 1017.345957747323041 ], [ 289.923797205671576, 1015.259628437853962 ], [ 279.18000000004082, 1013.179999999804977 ], [ 279.17598772033449, 1013.107830854690974 ], [ 278.749999999983118, 1001.060000000568039 ], [ 296.980821156213494, 1001.589553767043981 ] ] ] } },
{ "type": "Feature", "properties": { "feature_type": "building", "subtype": "no-damage", "uid": "543e86c5-3869-4079-b182-28fcd67d78a7" }, "geometry": { "type": "Polygon", "coordinates": [ [ [ 12.9356267678768, 976.266282848935134 ], [ 17.15961999290106, 967.114297523899836 ], [ 23.730276123761879, 961.48230655383361 ], [ 56.34889049225464, 970.634291878868908 ], [ 53.767561300847163, 978.847612044310154 ], [ 49.074235488933617, 979.786277204865883 ], [ 13.87429192723023, 977.439614299629852 ], [ 12.9356267678768, 976.266282848935134 ] ] ] } },
{ "type": "Feature", "properties": { "feature_type": "building", "subtype": "no-damage", "uid": "aa228dbf-d1eb-46dc-914d-c48a3699b164" }, "geometry": { "type": "Polygon", "coordinates": [ [ [ 338.292178113326486, 858.602649870661708 ], [ 340.40417472337441, 864.469307132790277 ], [ 378.654780060970381, 872.682627295346492 ], [ 374.929999999529286, 881.170000000326922 ], [ 365.52741618590602, 879.931141118475921 ], [ 365.370585530882693, 880.872125022650039 ], [ 361.891595356767425, 881.741872566449501 ], [ 361.597579584116488, 888.063211676641572 ], [ 360.408485266052423, 890.177157128841372 ], [ 356.792445606962872, 889.887873957210445 ], [ 355.704303730790627, 892.245514688997901 ], [ 361.471884289979926, 892.689174733094433 ], [ 361.903870155129027, 897.153028704583676 ], [ 363.549999999536681, 897.300000000482896 ], [ 362.369328865071509, 905.843968243688551 ], [ 362.549999999503086, 907.48000000050979 ], [ 360.087347269073973, 908.037418210456167 ], [ 359.323632642598909, 904.437049248761014 ], [ 355.303163443079484, 902.59912047345847 ], [ 353.70160145869778, 900.890787690245929 ], [ 353.482046883117505, 898.695241916410623 ], [ 353.198333671879311, 897.702245691020721 ], [ 350.444115760638113, 897.702245691020721 ], [ 348.974812687533017, 903.579457980076768 ], [ 354.671340309459879, 904.376971846497554 ], [ 354.444916341831288, 911.169690929449189 ], [ 362.999999999566285, 911.62999999990484 ], [ 363.093529191101084, 912.506611236383264 ], [ 364.479999999611209, 921.81000000089341 ], [ 364.391016221505879, 921.800832986022556 ], [ 363.890000000230884, 925.030000000454152 ], [ 330.313524236222975, 916.565223601334878 ], [ 277.982941475868984, 908.351903437816986 ], [ 277.580000001405608, 902.670000001294397 ], [ 281.20456695819729, 902.229587098391676 ], [ 293.16134810844278, 903.510670793430336 ], [ 294.89182380940241, 906.106384351361612 ], [ 301.538273129635115, 906.684336465819683 ], [ 303.567554446310282, 909.003515114410675 ], [ 318.587426382190472, 908.414500527695054 ], [ 319.444991087236474, 902.8403299394854 ], [ 322.27243918745728, 903.286769113906871 ], [ 321.967840567811891, 901.306878053034097 ], [ 323.218048926607821, 901.029053972633733 ], [ 323.260000000097591, 900.370000000783875 ], [ 329.697257933905689, 901.042935905958757 ], [ 331.402172425232493, 896.496497262099183 ], [ 349.577766978179, 895.141794562622863 ], [ 351.107221735879079, 890.906381391964828 ], [ 353.207766473632887, 879.470082268185138 ], [ 345.020931090436079, 880.914817922679049 ], [ 343.783562622001398, 885.526827671221099 ], [ 341.500361507770208, 885.717094428907217 ], [ 341.274604509988592, 882.782253481067755 ], [ 339.455984127442775, 882.9338051791525 ], [ 339.34298993527608, 884.515723862755522 ], [ 334.432020542116788, 884.962175625507825 ], [ 332.513549548723176, 890.040481198859084 ], [ 331.164083965131908, 890.152936662876186 ], [ 330.381344022625001, 892.053876523542385 ], [ 323.859999998699323, 891.880000000559221 ], [ 324.500000002120316, 882.810000001017102 ], [ 330.711787417759808, 883.077756551787388 ], [ 331.016142458011188, 876.229768163678386 ], [ 327.060000000417517, 872.570000000132268 ], [ 324.719999998694504, 861.240000000330951 ], [ 329.064629472036927, 861.146292446140137 ], [ 329.139999998943892, 857.64999999964698 ], [ 338.292178113326486, 858.602649870661708 ] ] ] } },
{ "type": "Feature", "properties": { "feature_type": "building", "subtype": "no-damage", "uid": "e16e5af0-0f84-47b1-8f8d-2ff7ff9f319e" }, "geometry": { "type": "Polygon", "coordinates": [ [ [ 387.200000002470517, 899.360000000446803 ], [ 385.550000002198715, 925.380000000970767 ], [ 365.002659952051488, 921.910679425666217 ], [ 363.589523675355508, 912.442666367100173 ], [ 362.873076541734122, 905.851352742253766 ], [ 364.049999999313115, 897.340000000734221 ], [ 387.200000002470517, 899.360000000446803 ] ] ] } },
{ "type": "Feature", "properties": { "feature_type": "building", "subtype": "no-damage", "uid": "61fa1d35-52c0-4cd5-8df3-bcc0c865f80d" }, "geometry": { "type": "Polygon", "coordinates": [ [ [ 303.999999999989484, 856.960000000359287 ], [ 304.150117106067796, 866.722358556168729 ], [ 322.090715758001124, 872.364966195593297 ], [ 323.330000002581073, 874.610000001412914 ], [ 323.308046701015087, 874.610228147359294 ], [ 323.440000001228782, 882.059999999909792 ], [ 323.326853923373221, 882.029576431478404 ], [ 322.426087322627211, 886.04838127550795 ], [ 321.558779675634185, 889.851191720708584 ], [ 317.933040297819616, 890.82735232394009 ], [ 317.449667988431599, 895.937288144267882 ], [ 313.736831239691583, 896.567769858402585 ], [ 313.92683272342839, 898.56278546510805 ], [ 318.50591207244139, 897.105805672026804 ], [ 318.805911826815475, 899.745803486381874 ], [ 315.138267296232186, 904.105456415322692 ], [ 315.268119033751077, 906.312935937396219 ], [ 304.64786426151278, 907.002562870102793 ], [ 304.390000001478711, 908.470000001202038 ], [ 303.786586476694197, 908.494541302272751 ], [ 301.782054906394421, 906.203648082094901 ], [ 295.17454761053159, 905.629082231524535 ], [ 293.447469414483407, 903.03846493961521 ], [ 281.20137326319508, 901.72638320973374 ], [ 277.53999999947132, 902.169999999594552 ], [ 276.840000002044292, 892.400000000942214 ], [ 305.967405415892074, 891.123210752950058 ], [ 304.626685256614223, 876.822195710390474 ], [ 295.560035503453605, 876.102620333634263 ], [ 295.42408518556249, 873.383613979177539 ], [ 294.456428134705391, 871.609576053928095 ], [ 291.611883464353582, 871.776902210576282 ], [ 291.620000002848315, 872.859999999791057 ], [ 289.046486495198906, 871.278413415397381 ], [ 288.473518901044315, 860.39202913799727 ], [ 287.015843532961696, 858.20551608683445 ], [ 285.479999999002189, 853.000000000475438 ], [ 303.999999999989484, 856.960000000359287 ] ] ] } },
{ "type": "Feature", "properties": { "feature_type": "building", "subtype": "no-damage", "uid": "548b403b-8208-4385-b63f-5749f5b14560" }, "geometry": { "type": "Polygon", "coordinates": [ [ [ 284.920000002214579, 852.879999999721235 ], [ 286.55779872505002, 858.41983669156923 ], [ 287.981418273023792, 860.555266016235237 ], [ 288.560968650749317, 871.566723105148753 ], [ 291.630000003872794, 873.450000000854402 ], [ 291.756002684685711, 889.93592440758016 ], [ 287.09450786876522, 890.347232773132191 ], [ 276.720000003934786, 890.690000000533473 ], [ 274.228280829199207, 855.786654387071167 ], [ 273.993614538819884, 854.378656642390865 ], [ 276.57494373635808, 851.093328578522346 ], [ 284.920000002214579, 852.879999999721235 ] ] ] } },
{ "type": "Feature", "properties": { "feature_type": "building", "subtype": "no-damage", "uid": "fe7dab37-67ca-457c-bae4-06d483d0eebb" }, "geometry": { "type": "Polygon", "coordinates": [ [ [ 317.100000002737318, 859.760000000646301 ], [ 321.666229998503184, 862.920204268818907 ], [ 324.486065084448228, 862.920204268818907 ], [ 324.486065080240792, 862.570000000755726 ], [ 326.627256401175828, 872.930346566163735 ], [ 326.99515929648868, 874.524592426139066 ], [ 323.987018894038727, 874.775270794252151 ], [ 322.432129592217109, 871.948199333596449 ], [ 304.6446712755058, 866.353756798366589 ], [ 304.509999998987212, 857.070000001291078 ], [ 317.100000002737318, 859.760000000646301 ] ] ] } },
{ "type": "Feature", "properties": { "feature_type": "building", "subtype": "no-damage", "uid": "c4052feb-d643-428e-a14d-e6799ae099a6" }, "geometry": { "type": "Polygon", "coordinates": [ [ [ 295.653563351528021, 837.463876068665513 ], [ 296.980212203521489, 836.579443500268894 ], [ 298.218417802930787, 836.756330015294566 ], [ 300.341055963043175, 834.633691850373339 ], [ 316.791501737091494, 836.314113728692064 ], [ 317.499047792505792, 838.171422124921492 ], [ 322.274983658528583, 838.878968178292439 ], [ 322.274983659129589, 855.771630234379245 ], [ 319.621685954301086, 856.390733032160711 ], [ 319.4447994399967, 858.690257711145932 ], [ 302.994353669073803, 856.036960005956075 ], [ 302.463694127242604, 854.533424638816314 ], [ 293.530925189612503, 853.118332529189388 ], [ 295.653563351528021, 837.463876068665513 ] ] ] } },
{ "type": "Feature", "properties": { "feature_type": "building", "subtype": "no-damage", "uid": "4af132d4-c0c5-47c1-b2ca-af39ed73aa1e" }, "geometry": { "type": "Polygon", "coordinates": [ [ [ 328.112238610377574, 839.674957491099576 ], [ 332.357514941541297, 839.232741206420428 ], [ 342.263159704118891, 839.321184463933264 ], [ 342.528489476657398, 854.444981382265155 ], [ 337.929440120611389, 855.064084179084944 ], [ 337.752553609312315, 850.641921338063526 ], [ 328.908227923424874, 850.995694364268161 ], [ 328.112238610377574, 839.674957491099576 ] ] ] } },
{ "type": "Feature", "properties": { "feature_type": "building", "subtype": "no-damage", "uid": "a80c0eba-07c9-4b22-a0fb-40b04f019b54" }, "geometry": { "type": "Polygon", "coordinates": [ [ [ 351.259713650770323, 840.163521680844951 ], [ 377.615804188838808, 843.170592412239444 ], [ 377.173587904520275, 867.669374556729508 ], [ 374.785619969345191, 866.961828501435207 ], [ 374.520290200292777, 866.165839191513101 ], [ 373.812744148124125, 866.165839191513101 ], [ 373.547414373181482, 868.819136895741167 ], [ 355.770319748702377, 867.22715827205036 ], [ 356.035649519197193, 863.866314513489556 ], [ 354.797443925077118, 863.512541485361567 ], [ 354.797443923634603, 865.016076852501328 ], [ 348.517972688428927, 864.839190337475657 ], [ 348.606415944379023, 861.036130293274027 ], [ 350.375281084417395, 859.974811212736768 ], [ 352.40947598869991, 856.171751167573461 ], [ 354.001454616477474, 855.287318599176842 ], [ 348.164199661142391, 841.313284019856724 ], [ 351.259713650770323, 840.163521680844951 ] ] ] } },
{ "type": "Feature", "properties": { "feature_type": "building", "subtype": "no-damage", "uid": "960e88df-eaf1-4d63-b415-b07d5ea930f0" }, "geometry": { "type": "Polygon", "coordinates": [ [ [ 283.646223745370207, 824.711819514712602 ], [ 294.369681061013296, 824.598941015461264 ], [ 294.031045566023977, 836.676940305534913 ], [ 291.66059710506579, 837.805725288432086 ], [ 292.22498959495158, 840.966323230927628 ], [ 277.663663349960473, 840.627687737981773 ], [ 276.760635367369389, 832.161800384524327 ], [ 283.646223743807411, 831.484529396709263 ], [ 284.210616238862201, 825.163333507871585 ], [ 283.646223745370207, 824.711819514712602 ] ] ] } },
{ "type": "Feature", "properties": { "feature_type": "building", "subtype": "no-damage", "uid": "aa680efe-0b17-4401-b5de-d4a0e70f9458" }, "geometry": { "type": "Polygon", "coordinates": [ [ [ 364.308230314232674, 810.303659590250618 ], [ 366.514636461116197, 808.464987802422684 ], [ 380.120807701473495, 807.729519086714618 ], [ 380.304674880400512, 830.896783630079085 ], [ 372.030651826521876, 829.977447736165118 ], [ 370.927448753320505, 836.596666176576946 ], [ 357.872879049744313, 835.493463103495515 ], [ 357.321277513684493, 831.632252345787265 ], [ 352.724598040389424, 824.09369800953823 ], [ 350.334324716862909, 823.725963653126655 ], [ 349.966590357926975, 812.877800095709972 ], [ 358.792214949067386, 812.326198560131047 ], [ 360.447019559530474, 815.268073422001976 ], [ 364.675964673048327, 813.797135990585616 ], [ 364.308230314232674, 810.303659590250618 ] ] ] } },
{ "type": "Feature", "properties": { "feature_type": "building", "subtype": "no-damage", "uid": "f5ca7814-01c6-4a3f-8d5e-2d0b0fa78691" }, "geometry": { "type": "Polygon", "coordinates": [ [ [ 274.729604634414216, 824.633800728037954 ], [ 275.465073349160491, 815.072707422870167 ], [ 296.425931745635978, 814.521105887291128 ], [ 296.058197392109491, 822.795128938286666 ], [ 278.590815393924686, 823.530597653994846 ], [ 276.752143605135473, 824.449933547908813 ], [ 274.729604634414216, 824.633800728037954 ] ] ] } },
{ "type": "Feature", "properties": { "feature_type": "building", "subtype": "no-damage", "uid": "790b85e3-ff2c-4086-9132-3f4618a4ef60" }, "geometry": { "type": "Polygon", "coordinates": [ [ [ 273.352034498284183, 800.060830394220034 ], [ 285.317155289824825, 799.947951895930373 ], [ 286.333061772268309, 806.494904782309277 ], [ 295.927734106096409, 808.188082251846708 ], [ 296.040612603785007, 810.558530710160881 ], [ 273.803548492284392, 811.348680197227281 ], [ 273.352034498284183, 800.060830394220034 ] ] ] } },
{ "type": "Feature", "properties": { "feature_type": "building", "subtype": "no-damage", "uid": "cf61cfba-ac8b-46cd-b14c-72944c31b78e" }, "geometry": { "type": "Polygon", "coordinates": [ [ [ 293.640000000636917, 779.020000000502932 ], [ 292.827235857741016, 780.456474721062364 ], [ 290.975796806960773, 781.999340596973411 ], [ 291.946894826609991, 783.77968696564983 ], [ 295.551108735410821, 788.631513381903687 ], [ 291.573160805833709, 791.472904761324344 ], [ 293.149999998759711, 796.100000001099716 ], [ 275.815069127681681, 796.828698157582153 ], [ 275.51556886978949, 775.564179711874544 ], [ 282.703575102117327, 775.264679451818438 ], [ 285.399077443943384, 774.665678932668015 ], [ 285.349999998906526, 774.310000000473451 ], [ 287.464257475101022, 775.090379226198252 ], [ 294.400000000123896, 773.980000000563336 ], [ 293.640000000636917, 779.020000000502932 ] ] ] } },
{ "type": "Feature", "properties": { "feature_type": "building", "subtype": "no-damage", "uid": "5d5f4666-e9f6-4315-ae81-a0629869994e" }, "geometry": { "type": "Polygon", "coordinates": [ [ [ 317.234845012526819, 779.648949945573577 ], [ 316.379225606459499, 779.648949945573577 ], [ 312.522170133676184, 784.841140009492278 ], [ 311.818993554741382, 789.200834779006072 ], [ 309.49999999885182, 789.729999999773668 ], [ 309.248680554843077, 787.988602690363109 ], [ 306.731209090623395, 785.619217784445595 ], [ 300.912983816605106, 780.67372629985789 ], [ 297.134229815698802, 779.973957041294398 ], [ 296.693842171200401, 776.891243508647904 ], [ 296.620000001693882, 776.900000000642876 ], [ 296.52999999992619, 773.630000000046607 ], [ 308.110592514267296, 771.769640023160719 ], [ 313.728053950744993, 771.769640025084072 ], [ 317.350000004068022, 771.220000001489325 ], [ 317.234845012526819, 779.648949945573577 ] ] ] } },
{ "type": "Feature", "properties": { "feature_type": "building", "subtype": "no-damage", "uid": "2d4e4aaa-1c1f-43be-8820-9793c6e9a6a0" }, "geometry": { "type": "Polygon", "coordinates": [ [ [ 379.741659272861682, 786.346189064275563 ], [ 373.452153820220985, 790.239692442119122 ], [ 360.873142907005899, 793.234695039794588 ], [ 321.979999998785217, 794.880000001606618 ], [ 318.286290628205279, 779.648949945573577 ], [ 317.734803929290024, 779.648949945573577 ], [ 317.850000000358307, 771.140000000024884 ], [ 320.308220963948202, 770.768310260229441 ], [ 322.224050977817512, 771.505167959286496 ], [ 323.690000000155294, 770.750000001180183 ], [ 344.400628620035206, 770.173175036635712 ], [ 377.345657194216983, 767.178172438960246 ], [ 379.741659272861682, 786.346189064275563 ] ] ] } },
{ "type": "Feature", "properties": { "feature_type": "building", "subtype": "no-damage", "uid": "230641db-77a8-4c00-9b45-b903763e81f2" }, "geometry": { "type": "Polygon", "coordinates": [ [ [ 303.119686781111909, 754.192718296667749 ], [ 305.659999999602803, 771.66000000040799 ], [ 287.514457196160322, 774.575879130078988 ], [ 285.280000000269695, 773.749999999839133 ], [ 284.800076920946424, 769.873674775617928 ], [ 279.409072249074711, 771.371176074936557 ], [ 278.211071207648672, 758.79216516508427 ], [ 281.505574063576319, 758.79216516508427 ], [ 282.703575103559785, 751.903659189565133 ], [ 302.379686784635624, 751.903659189565133 ], [ 303.119686781111909, 754.192718296667749 ] ] ] } },
{ "type": "Feature", "properties": { "feature_type": "building", "subtype": "no-damage", "uid": "13361fba-2ed5-432a-acf3-1651963f261a" }, "geometry": { "type": "Polygon", "coordinates": [ [ [ 323.136110176496402, 750.106657630190512 ], [ 322.8399999998623, 770.620000000603568 ], [ 322.193871184961722, 770.957853105225126 ], [ 320.364017809003428, 770.254063344390261 ], [ 313.690228202264279, 771.269640023384227 ], [ 308.070639463248881, 771.269640024345904 ], [ 306.150000000638727, 771.580000000866789 ], [ 303.608412943198687, 754.079002033899656 ], [ 302.780000000496727, 751.520000001255994 ], [ 304.866594326545282, 748.90865659092799 ], [ 323.136110176496402, 750.106657630190512 ] ] ] } },
{ "type": "Feature", "properties": { "feature_type": "building", "subtype": "no-damage", "uid": "e0ba2178-b1b1-452a-bf9c-ee11aab6c6bd" }, "geometry": { "type": "Polygon", "coordinates": [ [ [ 295.797553585465323, 721.465464863081024 ], [ 296.266886167786708, 726.628123251907709 ], [ 295.328221007832212, 733.433445673630331 ], [ 276.320251484344112, 733.433445672668654 ], [ 273.973588579589375, 746.340091645697044 ], [ 265.994934704529385, 746.340091644735367 ], [ 265.056269546858914, 723.812127766393814 ], [ 295.797553585465323, 721.465464863081024 ] ] ] } },
{ "type": "Feature", "properties": { "feature_type": "building", "subtype": "no-damage", "uid": "1057501b-86b5-4378-8ab8-4c74bc1f9790" }, "geometry": { "type": "Polygon", "coordinates": [ [ [ 307.79515145802128, 720.619800315672933 ], [ 318.499999999995509, 719.670000001356925 ], [ 319.950000002496381, 730.50000000138175 ], [ 319.156466125126713, 734.199094902008369 ], [ 312.961682056368602, 736.648195579496928 ], [ 314.54639425852281, 740.682008464308979 ], [ 303.165279336319088, 741.40233219281231 ], [ 301.769999999799211, 731.650000001156172 ], [ 306.714070285271873, 731.437985247819597 ], [ 306.876575339356407, 727.375358912295951 ], [ 299.539999999729105, 726.500000001246576 ], [ 298.669391306871887, 719.984158732229275 ], [ 297.969999999719676, 719.989999999521388 ], [ 297.470000003790005, 716.410000000583182 ], [ 300.692112932927728, 711.904592049885196 ], [ 304.380000000334007, 711.290000000140822 ], [ 307.79515145802128, 720.619800315672933 ] ] ] } },
{ "type": "Feature", "properties": { "feature_type": "building", "subtype": "no-damage", "uid": "1c719cee-5f51-4824-9c3c-5a9ab28e323d" }, "geometry": { "type": "Polygon", "coordinates": [ [ [ 312.943531166165087, 688.438385440366801 ], [ 317.375291379006114, 689.029286803425407 ], [ 330.000000002785782, 688.069999999903757 ], [ 329.777363255534624, 688.409776499543796 ], [ 330.340000000595012, 688.779999999797951 ], [ 330.085800762529288, 693.774549048346557 ], [ 332.599999999531292, 693.85000000016646 ], [ 332.684819403798201, 694.610488040778591 ], [ 351.138839700577876, 691.844059625425984 ], [ 353.732005130185712, 722.097656250457135 ], [ 350.706645463692325, 727.42805184676763 ], [ 320.400000003761704, 730.130000000258519 ], [ 318.811463535570908, 718.259236551340223 ], [ 318.089703073290025, 717.537476085573076 ], [ 317.063358446066218, 710.646305024813728 ], [ 306.169999999081426, 710.050000000041109 ], [ 305.52173246487331, 699.755119738816688 ], [ 301.136036641128783, 700.506953308690981 ], [ 300.119990631126086, 704.571137354472398 ], [ 288.89065262789768, 706.533545937621966 ], [ 287.882823922901025, 701.830345308613005 ], [ 283.727425881222928, 701.830345308613005 ], [ 283.384196732041005, 705.605865972936158 ], [ 281.541775570090408, 706.066471264415668 ], [ 281.811080339021714, 708.894171337653916 ], [ 299.076316276414275, 707.652879867128377 ], [ 299.276520890098425, 710.355642115381215 ], [ 295.850000001062085, 714.750000000248178 ], [ 285.460235783169992, 714.875395302872107 ], [ 284.295142414718782, 713.56466525968267 ], [ 271.298565563109321, 715.317012702278362 ], [ 269.830000001265603, 716.079999999711276 ], [ 265.389431919042011, 715.57134643798031 ], [ 259.321815016855282, 690.749277282108551 ], [ 310.030000001100689, 685.529999999808183 ], [ 312.943531166165087, 688.438385440366801 ] ] ] } },
{ "type": "Feature", "properties": { "feature_type": "building", "subtype": "no-damage", "uid": "b45b0835-da8a-4394-b4fc-344b2cc79714" }, "geometry": { "type": "Polygon", "coordinates": [ [ [ 347.210326537107505, 688.542871136907479 ], [ 334.429999998650317, 690.910000001403773 ], [ 330.849999999352292, 688.520000000568075 ], [ 330.900214254211789, 687.498771366814367 ], [ 317.389519455006507, 688.526759014880781 ], [ 313.177394915711204, 687.965142410025919 ], [ 310.670000000194193, 685.460000000089508 ], [ 314.665835867990893, 685.049394736572481 ], [ 313.011031259931883, 668.685215813748869 ], [ 321.652788667817788, 667.765879917911548 ], [ 321.285054309242526, 662.433731729748615 ], [ 345.003920391666497, 662.249864551542828 ], [ 347.210326537107505, 688.542871136907479 ] ] ] } },
{ "type": "Feature", "properties": { "feature_type": "building", "subtype": "no-damage", "uid": "8c1d4067-e672-4e26-b959-cc78ff25742f" }, "geometry": { "type": "Polygon", "coordinates": [ [ [ 293.956483798143211, 669.735384782626738 ], [ 295.795155586571695, 670.470853498334918 ], [ 295.427421228357105, 680.215813981708493 ], [ 287.888866893311899, 681.135149874660783 ], [ 288.440468431535407, 686.283430884617928 ], [ 262.515196202588527, 688.857571389115606 ], [ 261.779727486880574, 681.87061859133064 ], [ 258.653985446203478, 673.412728361167638 ], [ 261.41199313034889, 669.735384782626738 ], [ 293.772616619817313, 666.977377098961597 ], [ 293.588749439207277, 669.551517604421065 ], [ 293.956483798143211, 669.735384782626738 ] ] ] } },
{ "type": "Feature", "properties": { "feature_type": "building", "subtype": "no-damage", "uid": "3e1a5ff9-d285-4379-bb62-e788738f493f" }, "geometry": { "type": "Polygon", "coordinates": [ [ [ 284.843781149710082, 648.283094797017384 ], [ 286.844381021849415, 650.101821945967572 ], [ 294.330000002088184, 652.260000001082517 ], [ 295.427421228717719, 661.829096089966129 ], [ 276.856836160216574, 663.85163505599985 ], [ 274.650430015376628, 667.7128458137081 ], [ 261.41199313034889, 669.735384782626738 ], [ 259.757188517721886, 657.232416615588022 ], [ 255.528243406608311, 655.393744826798525 ], [ 255.370000001150288, 654.48999999995101 ], [ 268.22632690258871, 652.490612912153551 ], [ 269.146456609891004, 649.362171907974243 ], [ 274.049550910352423, 648.516810821082345 ], [ 274.230159629286277, 651.587159034425554 ], [ 282.05904746159581, 651.978603426431846 ], [ 282.242765178015475, 648.120531296389686 ], [ 284.843781149710082, 648.283094797017384 ] ] ] } },
{ "type": "Feature", "properties": { "feature_type": "building", "subtype": "no-damage", "uid": "7194e4f4-9c7e-442c-9380-aa6afbcfea95" }, "geometry": { "type": "Polygon", "coordinates": [ [ [ 305.107897252394025, 635.564755923800931 ], [ 306.211364683308318, 644.944229051473712 ], [ 306.79000000033318, 649.309999999612387 ], [ 305.35624889113609, 649.142260743759948 ], [ 300.759569419523928, 650.797065353382095 ], [ 294.14035097971481, 650.613198175176308 ], [ 294.2700000001484, 651.720000000093023 ], [ 287.09468098019272, 649.65363697104533 ], [ 285.050202910768974, 647.795020546263117 ], [ 281.767469158602921, 647.589849685670856 ], [ 281.583452521496099, 651.454199069121955 ], [ 274.702966035679026, 651.110174746381745 ], [ 274.515840398201476, 647.9290388757247 ], [ 268.754638320416177, 648.92234957858409 ], [ 267.836096238087976, 652.045392656481567 ], [ 255.2900000005273, 653.99999999999693 ], [ 254.79277468825569, 651.164799711717023 ], [ 253.321837259965207, 651.348666890884488 ], [ 254.229999999034789, 642.500000001291028 ], [ 268.438084567636793, 641.843604313713058 ], [ 268.989608613937207, 637.24757058127966 ], [ 285.542554291440297, 636.52787729061879 ], [ 286.829916138693477, 638.734783319496387 ], [ 298.803799865093595, 638.17350751989818 ], [ 303.121045388020093, 635.921031596732291 ], [ 304.919999998678804, 633.939999998462781 ], [ 305.107897252394025, 635.564755923800931 ] ] ] } },
{ "type": "Feature", "properties": { "feature_type": "building", "subtype": "no-damage", "uid": "1ea42660-982e-4c18-a03e-83093ddd35ca" }, "geometry": { "type": "Polygon", "coordinates": [ [ [ 282.333003829628979, 631.349122653179393 ], [ 292.126863950147708, 632.479183436963694 ], [ 301.962030781253873, 630.623491583407485 ], [ 304.359999999126387, 628.950000000520276 ], [ 304.909999999096783, 633.790000001126373 ], [ 304.619662338739715, 633.529249513306581 ], [ 302.810905742029888, 635.518881767920675 ], [ 298.670261037680575, 637.679218138041961 ], [ 287.10914586034329, 638.221145412486976 ], [ 285.822367203940928, 636.015239146153931 ], [ 268.543751956953372, 636.766483287870983 ], [ 267.992072932817223, 641.363808500347091 ], [ 254.280000000551098, 642.000000000552859 ], [ 254.608907509809598, 638.845698723845771 ], [ 253.670000002848298, 634.829999999969004 ], [ 264.176750164570308, 633.932054834489577 ], [ 264.754788855658376, 632.005259190396373 ], [ 266.472410103726475, 630.631162190979921 ], [ 268.985806609603912, 630.437823996925545 ], [ 269.354512328362318, 627.856883987734477 ], [ 272.715182950972007, 627.483476140804441 ], [ 272.530339926126999, 625.450202849236689 ], [ 281.421306183151216, 624.055541473662174 ], [ 282.333003829628979, 631.349122653179393 ] ] ] } },
{ "type": "Feature", "properties": { "feature_type": "building", "subtype": "no-damage", "uid": "3882eab4-c42d-42cd-b607-03061668d5be" }, "geometry": { "type": "Polygon", "coordinates": [ [ [ 302.156610612436623, 609.38782548048755 ], [ 302.901548653247687, 614.788626248630635 ], [ 304.004448950405219, 625.817629242567818 ], [ 304.299999998869623, 628.379999999101756 ], [ 301.763514202273427, 630.152125405881293 ], [ 292.108760067839285, 631.973777128942515 ], [ 282.780433580311012, 630.897431765602391 ], [ 281.853459437158108, 623.481638630956354 ], [ 271.989973447836121, 625.028852120137799 ], [ 272.172864778200392, 627.04065676352252 ], [ 268.914316963044598, 627.402717631338987 ], [ 268.547553964051474, 629.970058630181711 ], [ 266.280403815302577, 630.144454796385503 ], [ 264.320681491081587, 631.71223265883998 ], [ 263.795517108848173, 633.462780594249352 ], [ 253.550000003175995, 634.340000000014925 ], [ 252.586368542213705, 630.203941315476982 ], [ 250.196095214359588, 630.387808492721092 ], [ 250.020000000706204, 613.990000000745226 ], [ 268.069999999941899, 613.230000000777295 ], [ 269.897984598634423, 617.60940053477168 ], [ 277.6227380916431, 616.450687511691626 ], [ 278.469999999666015, 611.730000000486143 ], [ 302.250000000531827, 609.17999999960648 ], [ 302.156610612436623, 609.38782548048755 ] ] ] } },
{ "type": "Feature", "properties": { "feature_type": "building", "subtype": "no-damage", "uid": "eb660520-f128-4bcd-a23f-80d80df091e9" }, "geometry": { "type": "Polygon", "coordinates": [ [ [ 316.161327457957327, 619.420369247297685 ], [ 318.669999999140487, 620.20000000106586 ], [ 317.053189359067176, 625.585323515463301 ], [ 317.644310698158677, 630.511334710944197 ], [ 324.210987061514686, 628.966234390917862 ], [ 335.230000003918292, 621.729999999862571 ], [ 336.560000000255684, 632.320000001264134 ], [ 332.296940152591617, 634.091373925081484 ], [ 332.522838906734989, 635.898563975540128 ], [ 341.059999999685488, 639.240000000517284 ], [ 341.210348783463076, 643.810112555597129 ], [ 331.465388300212112, 646.751987416506381 ], [ 328.523513435697225, 651.900268427425203 ], [ 307.300000003898901, 649.370000001432004 ], [ 306.70753925149728, 644.882402202998151 ], [ 305.6046005327633, 635.507423082517107 ], [ 304.501642685704724, 625.764628798926424 ], [ 303.819999999819913, 618.920000000714822 ], [ 316.161327457957327, 619.420369247297685 ] ] ] } },
{ "type": "Feature", "properties": { "feature_type": "building", "subtype": "no-damage", "uid": "e1ac36a4-c16a-46cb-af87-a6c23365e50e" }, "geometry": { "type": "Polygon", "coordinates": [ [ [ 333.304060089962888, 614.575231108361436 ], [ 331.83312265602251, 619.355777759021976 ], [ 334.958864696819774, 619.539644937227763 ], [ 335.15999999975179, 621.180000000012342 ], [ 324.010415220422317, 628.499773376241706 ], [ 318.074123415420217, 629.896547919048089 ], [ 317.562041688883482, 625.629200165772659 ], [ 319.139999999449628, 620.350000001287299 ], [ 319.218226174908409, 620.375650097735047 ], [ 325.170000000320385, 614.260000000759192 ], [ 333.304060089962888, 614.575231108361436 ] ] ] } },
{ "type": "Feature", "properties": { "feature_type": "building", "subtype": "no-damage", "uid": "ea6896de-ef50-450a-8d6c-ab52e2366edf" }, "geometry": { "type": "Polygon", "coordinates": [ [ [ 320.433357563029574, 604.646403443897157 ], [ 322.088162173613, 609.059215739107799 ], [ 323.742966782032624, 609.426950095519373 ], [ 323.742966784076089, 614.207496748103154 ], [ 324.499999998994781, 614.240000000152691 ], [ 319.074348445211228, 619.806842848840233 ], [ 316.247497441066287, 618.923451911449661 ], [ 303.770000002390816, 618.42000000093833 ], [ 303.398136839104211, 614.729570322580457 ], [ 302.67213744501322, 609.466074712474438 ], [ 305.362137447853911, 603.72706754998319 ], [ 307.011053501839683, 603.72706754998319 ], [ 320.433357563029574, 604.646403443897157 ] ] ] } },
{ "type": "Feature", "properties": { "feature_type": "building", "subtype": "no-damage", "uid": "9793849f-6319-488c-8a13-91eb495e97f4" }, "geometry": { "type": "Polygon", "coordinates": [ [ [ 365.848550755232793, 641.235972048214308 ], [ 367.871089725713773, 648.590659207219232 ], [ 355.368121558437622, 649.142260743759948 ], [ 356.839058990815317, 659.438822762712562 ], [ 346.174762610525079, 659.438822762712562 ], [ 343.968356468329716, 658.519486868798595 ], [ 345.255426719015475, 654.842143290257809 ], [ 348.197301578361419, 654.658276110128668 ], [ 347.461832865778774, 651.164799711717023 ], [ 347.094098508886475, 641.971440765845841 ], [ 365.848550755232793, 641.235972048214308 ] ] ] } },
{ "type": "Feature", "properties": { "feature_type": "building", "subtype": "no-damage", "uid": "995f4727-1813-48c5-97bd-1df8685cf2e1" }, "geometry": { "type": "Polygon", "coordinates": [ [ [ 327.60417754130259, 603.9109347272273 ], [ 351.323043625169078, 603.175466013442474 ], [ 352.61011387429221, 599.314255254772547 ], [ 363.458277430624378, 599.130388077528437 ], [ 364.561480502142786, 608.139879845193832 ], [ 353.713316946291513, 609.978551634945006 ], [ 352.242379515115886, 609.978551633983329 ], [ 330.178318047963501, 610.530153169562368 ], [ 327.60417754130259, 603.9109347272273 ] ] ] } },
{ "type": "Feature", "properties": { "feature_type": "building", "subtype": "no-damage", "uid": "c9e7dfd2-4f8a-4b18-8cd2-2e80581526f2" }, "geometry": { "type": "Polygon", "coordinates": [ [ [ 362.694817211887823, 616.932490406030297 ], [ 364.279529415243985, 623.991662951325907 ], [ 352.754349746450316, 624.135727697796028 ], [ 352.754349749455514, 627.305152104749595 ], [ 349.873054828350178, 626.728893122716272 ], [ 348.576472115529782, 617.652814134533742 ], [ 353.330608729324979, 617.364684643516966 ], [ 362.694817211887823, 616.932490406030297 ] ] ] } },
{ "type": "Feature", "properties": { "feature_type": "building", "subtype": "no-damage", "uid": "a8b5498e-a0f3-4a2a-96a3-ec78c8975882" }, "geometry": { "type": "Polygon", "coordinates": [ [ [ 362.694817206959215, 628.601734818171394 ], [ 365.143917889375814, 639.55065550180916 ], [ 353.762802966330696, 639.838784994749176 ], [ 353.33060872788252, 630.042382277101524 ], [ 362.694817206959215, 628.601734818171394 ] ] ] } },
{ "type": "Feature", "properties": { "feature_type": "building", "subtype": "no-damage", "uid": "5eb0552c-1657-455b-acb9-1f29eb7d89cb" }, "geometry": { "type": "Polygon", "coordinates": [ [ [ 253.942753582433596, 567.188807731131078 ], [ 261.587686771198889, 565.659821093930645 ], [ 306.692792593004185, 564.895327775330429 ], [ 309.368519213754325, 579.80294749572829 ], [ 253.560506919286894, 585.154400728814949 ], [ 253.942753582433596, 567.188807731131078 ] ] ] } },
{ "type": "Feature", "properties": { "feature_type": "building", "subtype": "no-damage", "uid": "6c79552b-1d3b-4cac-aa58-e3a3757a6963" }, "geometry": { "type": "Polygon", "coordinates": [ [ [ 278.40653978929538, 590.888100622163392 ], [ 282.993499701977612, 595.85730719691162 ], [ 282.611253042437227, 608.471446960547155 ], [ 253.942753579308089, 609.235940278185694 ], [ 250.120286984625011, 595.092813878311404 ], [ 278.40653978929538, 590.888100622163392 ] ] ] } },
{ "type": "Feature", "properties": { "feature_type": "building", "subtype": "no-damage", "uid": "4f487428-d4cf-4c1d-ba1c-f0e3b8489598" }, "geometry": { "type": "Polygon", "coordinates": [ [ [ 355.323627924364928, 708.543068946518247 ], [ 353.301088954124282, 694.936897705436422 ], [ 367.642728911992776, 693.098225917608602 ], [ 369.113666343649186, 703.762522293934353 ], [ 356.978432532664328, 707.80760022984839 ], [ 355.323627924364928, 708.543068946518247 ] ] ] } },
{ "type": "Feature", "properties": { "feature_type": "building", "subtype": "no-damage", "uid": "4e3c00bd-b21c-42d2-9c4c-a15f43f64e6b" }, "geometry": { "type": "Polygon", "coordinates": [ [ [ 265.538511054491323, 553.357227071806278 ], [ 266.946508794723513, 559.927883202428234 ], [ 265.069178470727422, 563.682543849459648 ], [ 252.631865079903207, 564.85587530207772 ], [ 252.631865082067009, 560.397215783667775 ], [ 254.03986282530451, 554.530558523462673 ], [ 265.538511054491323, 553.357227071806278 ] ] ] } },
{ "type": "Feature", "properties": { "feature_type": "building", "subtype": "no-damage", "uid": "95326c23-0061-4b12-923f-684f3e5155df" }, "geometry": { "type": "Polygon", "coordinates": [ [ [ 265.538511052207184, 535.757255291190859 ], [ 282.434483960839088, 533.879924967194256 ], [ 285.954478317730775, 556.173222555396933 ], [ 268.119840246980573, 557.346554008976568 ], [ 265.538511052207184, 535.757255291190859 ] ] ] } },
{ "type": "Feature", "properties": { "feature_type": "building", "subtype": "no-damage", "uid": "91185a79-ef4b-48da-a145-357d507d6680" }, "geometry": { "type": "Polygon", "coordinates": [ [ [ 300.295550402554511, 505.951631474333794 ], [ 310.040510887007486, 508.1580376204966 ], [ 310.775979601633708, 516.983662208032797 ], [ 300.111683226031573, 517.167529388161938 ], [ 300.295550402554511, 505.951631474333794 ] ] ] } },
{ "type": "Feature", "properties": { "feature_type": "building", "subtype": "no-damage", "uid": "495882bd-6991-4237-9d98-cecd11410abf" }, "geometry": { "type": "Polygon", "coordinates": [ [ [ 312.614651390302583, 522.867411933698122 ], [ 314.637190359581382, 524.70608372344941 ], [ 315.556526256380209, 538.128387784402094 ], [ 299.560081689971923, 539.047723678315947 ], [ 297.169808361637024, 528.199560123784408 ], [ 303.053558087661486, 526.544755512238908 ], [ 302.685823732932874, 523.051279112865586 ], [ 312.614651390302583, 522.867411933698122 ] ] ] } },
{ "type": "Feature", "properties": { "feature_type": "building", "subtype": "no-damage", "uid": "7b083989-f09c-4240-be48-49d2186f60d1" }, "geometry": { "type": "Polygon", "coordinates": [ [ [ 319.23386983443919, 529.854364732444765 ], [ 325.485353917476289, 526.912489871535513 ], [ 325.485353915312487, 531.876903701363517 ], [ 327.875627242084704, 531.87690370040184 ], [ 328.42722878151028, 541.070262648196376 ], [ 320.153205727992315, 539.599325216780016 ], [ 319.23386983443919, 529.854364732444765 ] ] ] } },
{ "type": "Feature", "properties": { "feature_type": "building", "subtype": "no-damage", "uid": "f1a80f30-ff43-40d2-92a9-a8d13c2bdc74" }, "geometry": { "type": "Polygon", "coordinates": [ [ [ 328.502309046775622, 550.812508044017704 ], [ 340.939622437359276, 548.231178848642685 ], [ 341.878287600559474, 560.199159658230201 ], [ 333.664967435961728, 562.545822564428022 ], [ 328.502309046775622, 550.812508044017704 ] ] ] } },
{ "type": "Feature", "properties": { "feature_type": "building", "subtype": "no-damage", "uid": "92606612-f7e3-4c67-ba5b-00ada783505b" }, "geometry": { "type": "Polygon", "coordinates": [ [ [ 339.089082116589111, 532.677157493488608 ], [ 345.524433381197696, 533.044891851823536 ], [ 346.259902094261122, 524.587001620698857 ], [ 359.314471796394912, 526.425673409488354 ], [ 360.049940512343312, 550.328406669522792 ], [ 348.83404260044108, 550.328406670484469 ], [ 344.972831840810386, 540.767313367240035 ], [ 338.16974622147319, 539.296375935823676 ], [ 339.089082116589111, 532.677157493488608 ] ] ] } },
{ "type": "Feature", "properties": { "feature_type": "building", "subtype": "no-damage", "uid": "e81eca0d-1dc1-4d31-a78e-cea15ae7ba85" }, "geometry": { "type": "Polygon", "coordinates": [ [ [ 360.60154205056682, 558.602429722441684 ], [ 375.127049185198416, 554.741218963771757 ], [ 378.252791226596685, 576.621413254887329 ], [ 364.095018448616884, 581.218092729265436 ], [ 359.866073334738587, 560.808835866681079 ], [ 360.60154205056682, 558.602429722441684 ] ] ] } },
{ "type": "Feature", "properties": { "feature_type": "building", "subtype": "no-damage", "uid": "97c3dc14-7ea4-4598-9ba5-229d20c6bb07" }, "geometry": { "type": "Polygon", "coordinates": [ [ [ 412.474539480210979, 574.070045170750177 ], [ 440.790085029438728, 575.72484977844897 ], [ 441.157819386691699, 589.882622555109833 ], [ 409.900398971746995, 591.353559986526079 ], [ 409.900398972227777, 578.298990284870001 ], [ 409.250000003523382, 578.270000002249276 ], [ 410.834677913294684, 574.427686669886953 ], [ 412.529999999132883, 573.45000000032644 ], [ 412.474539480210979, 574.070045170750177 ] ] ] } },
{ "type": "Feature", "properties": { "feature_type": "building", "subtype": "no-damage", "uid": "b7336aef-8022-402a-a815-d7523ded1cae" }, "geometry": { "type": "Polygon", "coordinates": [ [ [ 404.752117965036689, 552.189850877711137 ], [ 404.935985143603091, 552.373718057840279 ], [ 406.223055393207119, 556.970397529333354 ], [ 413.761609730175621, 558.99293649729043 ], [ 412.580000001250312, 572.839999999618271 ], [ 410.437057461254483, 574.080138026101622 ], [ 408.720000003798873, 578.249999998757744 ], [ 400.707040024916409, 577.931255926535073 ], [ 401.074774385054297, 569.105631338037142 ], [ 395.742626195570381, 568.921764158869678 ], [ 395.374891835672827, 551.454382161041394 ], [ 404.752117965036689, 552.189850877711137 ] ] ] } },
{ "type": "Feature", "properties": { "feature_type": "building", "subtype": "no-damage", "uid": "831b347d-76f2-4acf-b257-cc3ccd81d1f6" }, "geometry": { "type": "Polygon", "coordinates": [ [ [ 441.265990098552322, 570.378133143826517 ], [ 448.613292136666075, 570.666262635804856 ], [ 448.901421627562513, 571.530651110778308 ], [ 452.64710501991442, 571.962845348264977 ], [ 452.791169765302527, 574.411946025753537 ], [ 458.409694854431507, 575.420399248158674 ], [ 458.265630108682785, 587.809967389764779 ], [ 456.536853156692814, 588.098096882704908 ], [ 456.392788412626999, 590.115003322706684 ], [ 453.511493495368484, 589.970938576236676 ], [ 453.367428753105798, 593.716621970032065 ], [ 444.43541450814979, 592.708168749550282 ], [ 443.859155523592221, 592.708168749550282 ], [ 441.265990098552322, 570.378133143826517 ] ] ] } },
{ "type": "Feature", "properties": { "feature_type": "building", "subtype": "no-damage", "uid": "dec78302-51ee-443b-932a-7a4366449e35" }, "geometry": { "type": "Polygon", "coordinates": [ [ [ 459.562212820902175, 592.852233495058613 ], [ 459.418148075033173, 582.191442302437622 ], [ 463.884155195888411, 578.301694164095579 ], [ 470.223004011116473, 580.606730098960838 ], [ 472.960234184068781, 614.029751131907346 ], [ 459.850342314923978, 614.461945370355693 ], [ 458.985953839109413, 614.173815879339031 ], [ 448.037033152709512, 613.02129791238724 ], [ 446.308256204806582, 595.01320468153051 ], [ 458.69782434412582, 595.01320468153051 ], [ 459.562212820902175, 592.852233495058613 ] ] ] } },
{ "type": "Feature", "properties": { "feature_type": "building", "subtype": "no-damage", "uid": "3ad1a7d9-f531-44d4-9762-fa956ef6a2e8" }, "geometry": { "type": "Polygon", "coordinates": [ [ [ 476.051792838997528, 609.433984700033761 ], [ 472.297132191125627, 586.671354532515011 ], [ 476.755791709894993, 581.03936356052543 ], [ 498.301003291987513, 593.620044615875486 ], [ 499.588073543033886, 609.248754822990918 ], [ 477.156277716464785, 609.800356359531634 ], [ 476.051792838997528, 609.433984700033761 ] ] ] } },
{ "type": "Feature", "properties": { "feature_type": "building", "subtype": "no-damage", "uid": "808a4f08-8cc7-4186-9df6-1ac970f2619f" }, "geometry": { "type": "Polygon", "coordinates": [ [ [ 415.044362423432972, 611.557377797446861 ], [ 438.395494145839223, 610.454174723403753 ], [ 439.866431576173284, 608.98323729102583 ], [ 444.830845408163782, 608.79937011378172 ], [ 445.56631412339101, 621.853939817361152 ], [ 443.359907977950002, 622.221674176657757 ], [ 444.830845407202219, 634.724642340811442 ], [ 418.905573180058525, 635.827845414854437 ], [ 417.250768569955881, 625.531283395901937 ], [ 415.044362423312805, 613.947651122777188 ], [ 415.044362423432972, 611.557377797446861 ] ] ] } },
{ "type": "Feature", "properties": { "feature_type": "building", "subtype": "no-damage", "uid": "4e495a91-c839-486f-aed6-b70c44ed0a45" }, "geometry": { "type": "Polygon", "coordinates": [ [ [ 448.010244387640682, 614.512282480929343 ], [ 460.399812529123778, 615.808865191466111 ], [ 462.848913210818978, 632.376310963392712 ], [ 449.018697611007326, 632.952569947349502 ], [ 447.145855914470701, 614.944476718416126 ], [ 448.010244387640682, 614.512282480929343 ] ] ] } },
{ "type": "Feature", "properties": { "feature_type": "building", "subtype": "no-damage", "uid": "6dc9e88f-6e76-41bd-a37d-be65fdc8d640" }, "geometry": { "type": "Polygon", "coordinates": [ [ [ 444.915387532565319, 650.530852717636094 ], [ 446.644164482151211, 651.97150017560466 ], [ 446.788229229462615, 656.293442549510019 ], [ 440.449380415316512, 656.43750729790338 ], [ 441.745963124049808, 673.581212052824981 ], [ 429.932653965200984, 674.733730018815095 ], [ 429.644524475025889, 670.411787642986383 ], [ 413.653337689464024, 670.843981882396406 ], [ 413.797402433289392, 650.530852718597771 ], [ 444.915387532565319, 650.530852717636094 ] ] ] } },
{ "type": "Feature", "properties": { "feature_type": "building", "subtype": "no-damage", "uid": "df679bba-1baf-4dba-a287-96bad0ee9772" }, "geometry": { "type": "Polygon", "coordinates": [ [ [ 484.627264115751586, 646.696033672548424 ], [ 497.080000001322674, 643.980000000975679 ], [ 505.010779381475174, 645.302498511177191 ], [ 504.643045022779688, 656.518396425967126 ], [ 504.826912202668382, 665.895622551005658 ], [ 495.633553255477182, 667.366559981460341 ], [ 493.243279929546418, 662.95374768913473 ], [ 472.834023071775277, 662.586013329838124 ], [ 472.466288713801077, 640.705819037760762 ], [ 482.059999999731588, 639.850000001225453 ], [ 484.627264115751586, 646.696033672548424 ] ] ] } },
{ "type": "Feature", "properties": { "feature_type": "building", "subtype": "no-damage", "uid": "d668a0cb-f97c-41d0-bc88-6048c34d3b1c" }, "geometry": { "type": "Polygon", "coordinates": [ [ [ 493.320000001013682, 639.260000001123785 ], [ 493.870000000142625, 644.170000001448443 ], [ 484.943515284341515, 646.115369496930498 ], [ 482.580000000715586, 639.800000001151602 ], [ 482.762850731188507, 639.786483142885231 ], [ 489.198201991830217, 637.02847546114333 ], [ 493.320000001013682, 639.260000001123785 ] ] ] } },
{ "type": "Feature", "properties": { "feature_type": "building", "subtype": "no-damage", "uid": "12201188-fdf9-464d-9fda-f72afcae2738" }, "geometry": { "type": "Polygon", "coordinates": [ [ [ 399.925307423196614, 677.605996401137531 ], [ 405.087965812262382, 675.728666077140929 ], [ 435.359917277803675, 676.432664947557782 ], [ 435.82924985748042, 695.675300762992492 ], [ 410.719956782808083, 698.021963666305282 ], [ 412.362620818107928, 707.877947862719111 ], [ 404.383966941244807, 709.7552781867156 ], [ 398.986642260837925, 681.125990758029957 ], [ 399.925307423196614, 677.605996401137531 ] ] ] } },
{ "type": "Feature", "properties": { "feature_type": "building", "subtype": "no-damage", "uid": "a351ea5c-f574-4861-9cd6-623bd1ce447e" }, "geometry": { "type": "Polygon", "coordinates": [ [ [ 480.936895372994115, 696.388722024065146 ], [ 484.870000001523408, 708.370000001022959 ], [ 484.170505678381005, 713.744605122924213 ], [ 456.479883410137518, 716.091268028160357 ], [ 455.229999999172207, 695.54000000093049 ], [ 480.936895372994115, 696.388722024065146 ] ] ] } },
{ "type": "Feature", "properties": { "feature_type": "building", "subtype": "no-damage", "uid": "63be4614-3744-4ea3-aa10-22e96d3ed959" }, "geometry": { "type": "Polygon", "coordinates": [ [ [ 467.274532768306585, 676.901997529759001 ], [ 474.783854061646309, 677.136663820859667 ], [ 474.549187772709502, 678.075328980453719 ], [ 484.170505678861787, 677.371330110036865 ], [ 484.170505681626707, 672.912670593550388 ], [ 498.954481974681073, 673.616669463005564 ], [ 500.597146006735215, 692.155306407061744 ], [ 495.199821327530401, 692.155306408023421 ], [ 496.138486488326407, 698.960628826861011 ], [ 489.333164067446774, 699.664627700162896 ], [ 489.333164067807502, 708.816613024236517 ], [ 485.410000002512788, 708.400000000490195 ], [ 481.302792440517578, 695.900544663437358 ], [ 455.199999999464524, 695.040000000192322 ], [ 453.898554218850222, 673.616669465890595 ], [ 454.602553091310426, 672.912670592588711 ], [ 466.80520019127448, 672.912670594512065 ], [ 467.274532768306585, 676.901997529759001 ] ] ] } },
{ "type": "Feature", "properties": { "feature_type": "building", "subtype": "no-damage", "uid": "4a443bc6-3995-428f-ab2c-24cdfa874006" }, "geometry": { "type": "Polygon", "coordinates": [ [ [ 476.967125029786814, 715.98434958138364 ], [ 493.334507245609927, 715.307078594530367 ], [ 495.140563216321709, 725.8047789104711 ], [ 507.782954991469808, 725.579021913891665 ], [ 507.380864539021388, 731.832586460467041 ], [ 478.145983092033191, 729.626180315265856 ], [ 476.967125029786814, 715.98434958138364 ] ] ] } },
{ "type": "Feature", "properties": { "feature_type": "building", "subtype": "no-damage", "uid": "5f54c4ca-666c-46ff-aa38-2d48a7ff9f1b" }, "geometry": { "type": "Polygon", "coordinates": [ [ [ 496.90043533777839, 734.406726964964719 ], [ 509.219536326007415, 733.119656711754146 ], [ 509.955005040873914, 742.496882838716147 ], [ 502.784185066567716, 743.048484376218539 ], [ 501.680981990240923, 736.797000292218286 ], [ 498.003638412061719, 736.613133112089145 ], [ 496.90043533777839, 734.406726964964719 ] ] ] } },
{ "type": "Feature", "properties": { "feature_type": "building", "subtype": "no-damage", "uid": "d82d443b-5e50-4ed9-b1f7-daf60f15c3a3" }, "geometry": { "type": "Polygon", "coordinates": [ [ [ 498.922974308619985, 754.264382289085006 ], [ 503.703520958678325, 751.690241783625652 ], [ 514.183950155473553, 752.609577677539619 ], [ 513.264614262761938, 766.95121763432951 ], [ 509.403403506978009, 770.444694032741268 ], [ 495.06176354790739, 770.076959676329693 ], [ 494.877896368619815, 765.848014561248192 ], [ 479.433053343921074, 766.583483276956258 ], [ 480.168522059268525, 771.547897108707616 ], [ 462.701140058919918, 774.305904790449517 ], [ 461.597936986079219, 757.39012433108519 ], [ 467.297819531734092, 755.735319720501366 ], [ 466.746217996395728, 740.842078227170646 ], [ 469.32035850353742, 739.555007974921864 ], [ 469.320358501013004, 735.693797218175291 ], [ 484.94906871040871, 734.958328502467111 ], [ 485.132935885969914, 741.945281300252077 ], [ 484.949068707163121, 747.093562310209222 ], [ 485.50067024478551, 753.345046394209476 ], [ 489.361881001531174, 753.896647930750078 ], [ 491.384419970209024, 752.425710498372155 ], [ 497.635904053246009, 752.05797614196058 ], [ 498.922974308619985, 754.264382289085006 ] ] ] } },
{ "type": "Feature", "properties": { "feature_type": "building", "subtype": "no-damage", "uid": "5f9a314d-c77d-4fd1-8c34-1f97f3698533" }, "geometry": { "type": "Polygon", "coordinates": [ [ [ 414.036998192984527, 761.244177311933186 ], [ 414.036998192623912, 762.886841344829122 ], [ 414.506330778070605, 769.926830058613973 ], [ 416.14899480904279, 770.63082892806915 ], [ 423.658316100819775, 763.825506507308205 ], [ 427.412976745686478, 778.60948280240973 ], [ 410.986336419135512, 780.252146835305666 ], [ 410.517003837535412, 779.31348167378826 ], [ 405.119679157609426, 780.721479416545208 ], [ 403.946347709199017, 769.222831187235556 ], [ 414.036998192984527, 761.244177311933186 ] ] ] } },
{ "type": "Feature", "properties": { "feature_type": "building", "subtype": "no-damage", "uid": "423e34dd-ceef-40ee-8ca5-c2f788b3defe" }, "geometry": { "type": "Polygon", "coordinates": [ [ [ 407.935674642521576, 805.830772490261779 ], [ 406.527676899524579, 785.414805224132351 ], [ 418.260991421735184, 783.537474900135862 ], [ 418.730324000209919, 786.118804094549205 ], [ 429.055640780986209, 787.057469257028288 ], [ 429.29030707088458, 792.689460227094514 ], [ 439.380957556593501, 792.220127645854973 ], [ 439.380957558276407, 807.708102812335028 ], [ 423.892982389996973, 806.300105069577967 ], [ 424.127648681578421, 801.137446680751282 ], [ 415.914328515658326, 800.433447809372865 ], [ 414.975663355823997, 797.382786035643335 ], [ 410.517003837655579, 796.209454583025263 ], [ 411.69033528931169, 805.361439909022238 ], [ 407.935674642521576, 805.830772490261779 ] ] ] } },
{ "type": "Feature", "properties": { "feature_type": "building", "subtype": "no-damage", "uid": "96e03cfa-fe39-49a9-a081-7178a19b8f22" }, "geometry": { "type": "Polygon", "coordinates": [ [ [ 455.338265303467779, 807.23877023205705 ], [ 455.10359901501181, 799.729448938956011 ], [ 460.500923692774109, 795.036123130407191 ], [ 519.402162585190922, 791.750795065577108 ], [ 518.228831131611514, 814.044092652817994 ], [ 522.687490651583062, 833.521394757430016 ], [ 521.748825487421186, 836.102723952805036 ], [ 498.986195320749289, 837.276055404461431 ], [ 497.108864996753312, 810.758764587987912 ], [ 477.866229183607118, 812.401428619922058 ], [ 479.743559505439407, 828.828068947919519 ], [ 463.551585468546421, 828.124070077502779 ], [ 462.847586600774378, 809.350766846192528 ], [ 456.042264176048207, 810.054765716609381 ], [ 455.338265303467779, 807.23877023205705 ] ] ] } },
{ "type": "Feature", "properties": { "feature_type": "building", "subtype": "no-damage", "uid": "8b8df1e4-85a2-4ede-8725-1eea45fe0490" }, "geometry": { "type": "Polygon", "coordinates": [ [ [ 459.56513801385131, 849.146450684611523 ], [ 460.034470596533311, 872.613079725432158 ], [ 447.12782462422922, 872.613079724470481 ], [ 446.423825753211474, 877.541071824119854 ], [ 432.109182037910386, 877.306405533019301 ], [ 428.84000000342138, 864.000000000366526 ], [ 430.252057696133477, 861.644889616365504 ], [ 429.548058824755174, 851.554239128851009 ], [ 431.400000001718695, 848.459999999350657 ], [ 459.56513801385131, 849.146450684611523 ] ] ] } },
{ "type": "Feature", "properties": { "feature_type": "building", "subtype": "no-damage", "uid": "aec383c0-6e08-44b6-8da6-05d64f080644" }, "geometry": { "type": "Polygon", "coordinates": [ [ [ 430.701184296235681, 848.442451813232992 ], [ 430.829999998857772, 848.449999999528245 ], [ 429.03831428424661, 851.43198804892063 ], [ 429.742313154543012, 861.522638537396801 ], [ 428.260000000497712, 863.990000000544114 ], [ 411.458548483209825, 865.807757302747859 ], [ 411.223882193431507, 858.767768589924685 ], [ 414.274543969203876, 857.829103429368956 ], [ 414.039877678343714, 845.157123747441119 ], [ 429.997185424616987, 842.810460841243412 ], [ 430.701184296235681, 848.442451813232992 ] ] ] } },
{ "type": "Feature", "properties": { "feature_type": "building", "subtype": "no-damage", "uid": "fa8399a2-d17d-40fe-ba8f-38bd216d5965" }, "geometry": { "type": "Polygon", "coordinates": [ [ [ 418.029204616474772, 878.714403276737926 ], [ 433.751846070565477, 879.887734729355884 ], [ 434.925177522221588, 898.661037959704458 ], [ 415.447875419537581, 900.303701992600395 ], [ 418.029204616474772, 878.714403276737926 ] ] ] } },
{ "type": "Feature", "properties": { "feature_type": "building", "subtype": "no-damage", "uid": "f4d8d9b0-f36a-457d-b05e-901273e264cb" }, "geometry": { "type": "Polygon", "coordinates": [ [ [ 436.802507849343215, 886.693057150116829 ], [ 436.333175263415626, 879.418402147154666 ], [ 451.351817854662897, 879.418402146192989 ], [ 472.471783988439313, 879.183735856054113 ], [ 472.471783985674392, 887.866388601773224 ], [ 466.605126727394122, 888.80505376329063 ], [ 467.778458181093697, 909.925019897913558 ], [ 461.207802048790427, 910.394352480114776 ], [ 459.330471725275117, 906.405025542944486 ], [ 451.821150430252487, 904.997027800187425 ], [ 450.882485268735309, 895.375709893912585 ], [ 436.802507849463382, 895.610376185974928 ], [ 436.802507849343215, 886.693057150116829 ] ] ] } },
{ "type": "Feature", "properties": { "feature_type": "building", "subtype": "no-damage", "uid": "f304a1ba-b624-4026-858f-bf8411f9ab99" }, "geometry": { "type": "Polygon", "coordinates": [ [ [ 485.14376366856078, 879.18373585701579 ], [ 489.367756894907416, 877.775738113297166 ], [ 501.570403996554376, 877.541071823158177 ], [ 521.047706104287158, 875.194408918883823 ], [ 519.405042068266198, 889.039720054391296 ], [ 502.978401738469472, 889.509052633707483 ], [ 500.162406255600899, 894.906377313634721 ], [ 488.663758025091909, 893.733045861978326 ], [ 485.613096251723675, 885.989058277776735 ], [ 485.14376366856078, 879.18373585701579 ] ] ] } },
{ "type": "Feature", "properties": { "feature_type": "building", "subtype": "no-damage", "uid": "b1eaaf14-2486-4989-8b65-cbeecdb42898" }, "geometry": { "type": "Polygon", "coordinates": [ [ [ 491.026345975476488, 896.544349243825081 ], [ 500.412997589205986, 897.71768069740483 ], [ 503.463659364497516, 895.605684082307675 ], [ 520.594298565552322, 899.829677310578631 ], [ 518.951634533498236, 914.144321024440615 ], [ 501.351662750362607, 912.266990703329043 ], [ 501.116996461546023, 918.133647962572581 ], [ 485.159688714671688, 916.256317638576093 ], [ 481.874360648399772, 907.338998602717993 ], [ 489.853014521055627, 906.165667151061598 ], [ 489.149015649917715, 901.003008760311559 ], [ 488.914349361702193, 898.187013276721018 ], [ 491.026345975476488, 896.544349243825081 ] ] ] } },
{ "type": "Feature", "properties": { "feature_type": "building", "subtype": "no-damage", "uid": "a6bdd90b-aeec-4dca-b59a-d685513772b9" }, "geometry": { "type": "Polygon", "coordinates": [ [ [ 480.701029194459693, 921.184309737263789 ], [ 481.874360650082679, 923.296306351399267 ], [ 496.658336943497773, 926.346968125128797 ], [ 494.546340329483087, 948.405599425115838 ], [ 476.65000000071359, 943.340000000366445 ], [ 478.134376125660708, 934.585236293780213 ], [ 478.58000000358652, 920.480000001430199 ], [ 480.701029194459693, 921.184309737263789 ] ] ] } },
{ "type": "Feature", "properties": { "feature_type": "building", "subtype": "no-damage", "uid": "a9cea45c-5d63-44cc-b0fc-4d7747210dc7" }, "geometry": { "type": "Polygon", "coordinates": [ [ [ 461.223727091655576, 916.490983928714968 ], [ 476.477035969435519, 919.776311994506841 ], [ 478.080000001766621, 920.309999999640581 ], [ 477.635691295237507, 934.535340286398082 ], [ 476.159999998716103, 943.209999999789829 ], [ 458.877064188223187, 938.314948936639666 ], [ 457.700000001471778, 937.649999999467241 ], [ 459.127473030699775, 927.064681250187732 ], [ 458.896121115005826, 917.579252666700881 ], [ 461.240000002321494, 916.350000001680087 ], [ 461.223727091655576, 916.490983928714968 ] ] ] } },
{ "type": "Feature", "properties": { "feature_type": "building", "subtype": "no-damage", "uid": "99478553-977c-4a26-b8f9-e47f31872a58" }, "geometry": { "type": "Polygon", "coordinates": [ [ [ 449.255746280748497, 903.34967166650938 ], [ 450.429077733606675, 909.920327797131336 ], [ 461.693059672414222, 913.440322154023761 ], [ 461.340000002949921, 915.740000000010127 ], [ 458.388674681643579, 917.280045511840513 ], [ 458.626655345866709, 927.037252745711726 ], [ 457.230000000922189, 937.390000000237364 ], [ 453.479739509859883, 935.264287160986783 ], [ 452.071741765660818, 928.69363102940315 ], [ 444.562420474605005, 928.224298448163609 ], [ 443.389089022347889, 933.62162312809096 ], [ 441.669999999904519, 933.460000000782429 ], [ 442.465661684571387, 921.193852091154554 ], [ 442.67999999915952, 903.230000000005475 ], [ 449.255746280748497, 903.34967166650938 ] ] ] } },
{ "type": "Feature", "properties": { "feature_type": "building", "subtype": "no-damage", "uid": "516e7cf8-9a30-41ab-96b2-13ce1459bbbb" }, "geometry": { "type": "Polygon", "coordinates": [ [ [ 442.180000000945824, 903.220000000182949 ], [ 441.965853453927195, 921.174767382411346 ], [ 441.180000000912287, 933.409999998785224 ], [ 418.279795950440473, 931.274960225739846 ], [ 417.575797079062227, 915.082986185958021 ], [ 411.47447352787799, 913.205655861961532 ], [ 414.994467882605875, 905.696334569822056 ], [ 418.045129658618691, 905.461668279683181 ], [ 422.973121757185027, 902.880339084308162 ], [ 442.180000000945824, 903.220000000182949 ] ] ] } },
{ "type": "Feature", "properties": { "feature_type": "building", "subtype": "no-damage", "uid": "bff76736-c9b3-4625-a78a-33ddf5a749ce" }, "geometry": { "type": "Polygon", "coordinates": [ [ [ 523.175627758161909, 926.581634416229349 ], [ 519.890299692010217, 948.874932005393703 ], [ 501.116996460464122, 946.528269100157559 ], [ 504.636990816874913, 928.224298448163609 ], [ 510.268981787901396, 929.866962481059545 ], [ 510.50364807671798, 924.469637802093985 ], [ 523.175627758161909, 926.581634416229349 ] ] ] } },
{ "type": "Feature", "properties": { "feature_type": "building", "subtype": "no-damage", "uid": "30fac04c-b9fb-4a04-8cc8-0dd59ae321d1" }, "geometry": { "type": "Polygon", "coordinates": [ [ [ 241.084226740110012, 76.292424210863928 ], [ 241.870676773261891, 53.092148195009457 ], [ 246.982601995721893, 50.339573074288758 ], [ 265.070952784302506, 47.193772937833451 ], [ 262.318377668030223, 73.146624072485267 ], [ 261.925152647126708, 75.899199193205959 ], [ 244.23002687800701, 78.651774312003312 ], [ 241.084226740110012, 76.292424210863928 ] ] ] } },
{ "type": "Feature", "properties": { "feature_type": "building", "subtype": "no-damage", "uid": "3eece8ff-c26f-4d40-a7c0-44bbecbe1517" }, "geometry": { "type": "Polygon", "coordinates": [ [ [ 266.439775794194077, 73.360699843320631 ], [ 265.304888053647517, 55.202496003224049 ], [ 272.114214492960798, 54.445904176994127 ], [ 273.059954276950123, 48.20402160626972 ], [ 288.948382638473277, 47.636577737078113 ], [ 287.813494897325484, 72.982403929244001 ], [ 268.520403316205716, 75.252179409857121 ], [ 266.439775794194077, 73.360699843320631 ] ] ] } },
{ "type": "Feature", "properties": { "feature_type": "building", "subtype": "no-damage", "uid": "c461f5a3-06ec-4af8-8a01-a6b3c8743639" }, "geometry": { "type": "Polygon", "coordinates": [ [ [ 296.514300903295123, 64.281597924714859 ], [ 296.136004989699416, 56.904827613683892 ], [ 316.563984310644628, 57.472271482875492 ], [ 316.942280226163689, 68.821148883056068 ], [ 312.591877222938479, 69.956036622400958 ], [ 312.024433350741788, 64.092449967676529 ], [ 297.649188643120624, 64.849041792944789 ], [ 296.514300903295123, 64.281597924714859 ] ] ] } },
{ "type": "Feature", "properties": { "feature_type": "building", "subtype": "no-damage", "uid": "930cbe8a-b8fd-477f-9130-cbdcbd8b1d75" }, "geometry": { "type": "Polygon", "coordinates": [ [ [ 310.88954560923338, 52.554424610457637 ], [ 311.267841523550373, 54.067608262917489 ], [ 294.6228213386824, 54.256756218032457 ], [ 294.05537746756761, 45.177654300388348 ], [ 306.7282905637677, 45.366802256464993 ], [ 310.88954560923338, 52.554424610457637 ] ] ] } },
{ "type": "Feature", "properties": { "feature_type": "building", "subtype": "no-damage", "uid": "a301b936-b31d-4964-9d20-fb6965ff177e" }, "geometry": { "type": "Polygon", "coordinates": [ [ [ 269.087847187801401, 81.304914023543205 ], [ 270.979326753976807, 79.413434457968393 ], [ 287.435198984811677, 78.845990586853446 ], [ 287.624346943412718, 88.114240463459211 ], [ 284.597979632964098, 89.249128201842424 ], [ 284.787127592406478, 94.356123033221948 ], [ 269.655291057593899, 94.545270989298587 ], [ 269.087847187801401, 81.304914023543205 ] ] ] } },
{ "type": "Feature", "properties": { "feature_type": "building", "subtype": "no-damage", "uid": "a9feabc4-46d6-4046-871d-c556bd82bc47" }, "geometry": { "type": "Polygon", "coordinates": [ [ [ 247.903276040386004, 83.007245632079702 ], [ 249.227311737129497, 96.247602599758437 ], [ 243.742020995160686, 97.760786252218281 ], [ 242.98542916772891, 99.084821948601487 ], [ 211.776016317119598, 100.408857645946398 ], [ 212.343460186551511, 89.249128202804101 ], [ 218.207046844520107, 84.5204292864629 ], [ 246.579240344003097, 82.818097676964726 ], [ 247.903276040386004, 83.007245632079702 ] ] ] } },
{ "type": "Feature", "properties": { "feature_type": "building", "subtype": "no-damage", "uid": "31bd4ce8-97f6-409e-a03f-6525b0a86d97" }, "geometry": { "type": "Polygon", "coordinates": [ [ [ 270.033586973473575, 102.300337213444493 ], [ 288.570086727281819, 100.787153560023 ], [ 288.002642854844623, 109.677107523513797 ], [ 296.51430090365568, 110.244551391743698 ], [ 297.081744774650303, 119.891097182426194 ], [ 289.894122419938128, 119.891097181464502 ], [ 276.27546953986888, 122.728316533192597 ], [ 276.086321586196618, 109.298811608475503 ], [ 270.60103083953959, 109.487959566475496 ], [ 270.033586973473575, 102.300337213444493 ] ] ] } },
{ "type": "Feature", "properties": { "feature_type": "building", "subtype": "no-damage", "uid": "7cf35d78-5b2f-4fa0-871a-1309e69a1663" }, "geometry": { "type": "Polygon", "coordinates": [ [ [ 274.951433842404185, 160.368759908807192 ], [ 269.276995144118416, 162.638535388458706 ], [ 265.872331924762193, 163.773423128765302 ], [ 265.494036014412188, 166.232346565455003 ], [ 256.604082047317206, 167.178086348723298 ], [ 256.414934091480973, 168.691270001183113 ], [ 218.585342757995591, 168.69127000214479 ], [ 219.152786629591304, 166.232346565455003 ], [ 214.424087709644908, 164.908310868110107 ], [ 214.802383623360811, 152.424545727623013 ], [ 232.393143594862693, 151.100510034124795 ], [ 232.430000003279503, 150.920000000275905 ], [ 241.27134802792969, 152.3275381122032 ], [ 242.797954263333111, 147.175242074792806 ], [ 273.472780651674327, 146.471479567838486 ], [ 274.951433842404185, 160.368759908807192 ] ] ] } },
{ "type": "Feature", "properties": { "feature_type": "building", "subtype": "no-damage", "uid": "bef3bc89-6446-4666-8cbf-e77e89a5b597" }, "geometry": { "type": "Polygon", "coordinates": [ [ [ 274.762285886207394, 129.348495015108597 ], [ 273.627398149867986, 136.34696941206289 ], [ 273.829372475390187, 139.71255613057059 ], [ 245.154944589290096, 142.534667689813006 ], [ 242.488160718185412, 144.820482436886891 ], [ 233.230000000854091, 147.240000000228292 ], [ 233.338883376808411, 146.750107028975208 ], [ 223.6923375869697, 146.560959071936907 ], [ 222.368301891909113, 145.993515201783595 ], [ 221.422562106717805, 139.751632632982592 ], [ 218.396194799875389, 138.995040805791007 ], [ 218.017898888563707, 147.884994769281803 ], [ 211.397720403523891, 148.641586596473388 ], [ 212.532608143108888, 128.970199101993586 ], [ 218.01789888639999, 122.160872664000905 ], [ 244.49861282078939, 123.295760401422498 ], [ 245.444352604658491, 124.4306481426907 ], [ 272.49251041052338, 121.215132879771005 ], [ 274.762285886207394, 129.348495015108597 ] ] ] } },
{ "type": "Feature", "properties": { "feature_type": "building", "subtype": "no-damage", "uid": "65357fc3-3407-46bb-95ba-0f442cdad36d" }, "geometry": { "type": "Polygon", "coordinates": [ [ [ 279.30183685043778, 160.368759908807192 ], [ 275.70802567151901, 150.343918205009913 ], [ 275.7080256706775, 137.860153065484411 ], [ 276.086321583311474, 135.779525541909607 ], [ 314.483356790075618, 134.833785757679692 ], [ 315.050800655540513, 150.722214118124811 ], [ 308.430622173265476, 150.911362077086494 ], [ 308.808918086500626, 159.044724212424086 ], [ 279.30183685043778, 160.368759908807192 ] ] ] } },
{ "type": "Feature", "properties": { "feature_type": "building", "subtype": "no-damage", "uid": "854548ab-3952-413b-8215-0a526c84433d" }, "geometry": { "type": "Polygon", "coordinates": [ [ [ 271.735918581288388, 166.988938392646588 ], [ 273.059954281037221, 163.20597925861199 ], [ 283.463091895302398, 161.692795605190497 ], [ 284.787127591204523, 171.339341394911202 ], [ 291.596454033883674, 171.906785265064514 ], [ 290.272418332692382, 181.742479012785196 ], [ 284.030535763892772, 180.985887184631906 ], [ 284.030535763652381, 183.444810621321693 ], [ 273.059954277671295, 183.6339585793217 ], [ 271.735918581288388, 166.988938392646588 ] ] ] } },
{ "type": "Feature", "properties": { "feature_type": "building", "subtype": "no-damage", "uid": "94b968a7-abf3-4bb4-a0b7-fb682d0db85b" }, "geometry": { "type": "Polygon", "coordinates": [ [ [ 244.352899974749107, 205.040053407575613 ], [ 244.056495223239011, 197.037125245183205 ], [ 238.721209786093112, 194.814089644678887 ], [ 238.573007408174192, 185.92194724170011 ], [ 271.325731925331979, 184.884530627041613 ], [ 270.732922432048724, 192.146446920996397 ], [ 277.846636354814677, 191.998244548847595 ], [ 277.84663635553602, 198.370946604139391 ], [ 274.882588889119177, 197.77813711265901 ], [ 275.475398381200478, 203.11342255329231 ], [ 263.767410883955904, 202.965220179220097 ], [ 263.174601389350187, 197.037125245183205 ], [ 259.469542057741819, 196.888922871110992 ], [ 259.765946804563782, 201.631398820263911 ], [ 260.210553923294185, 203.706232046695987 ], [ 244.352899974749107, 205.040053407575613 ] ] ] } },
{ "type": "Feature", "properties": { "feature_type": "building", "subtype": "no-damage", "uid": "de1b37fc-9721-4a79-80c4-14f051619c63" }, "geometry": { "type": "Polygon", "coordinates": [ [ [ 222.715353459268613, 181.179471293508897 ], [ 224.345579565887903, 174.658566863183211 ], [ 239.462221651164612, 173.769352625481787 ], [ 242.278066743148514, 182.216887907205802 ], [ 237.831995542261211, 184.291721133637907 ], [ 239.462221649842292, 198.222744231990589 ], [ 240.499638265101709, 198.222744231990589 ], [ 240.647840640255708, 208.8933151151804 ], [ 222.270746340898796, 209.041517490214289 ], [ 221.381532098749886, 183.847114014306413 ], [ 222.715353459268613, 181.179471293508897 ] ] ] } },
{ "type": "Feature", "properties": { "feature_type": "building", "subtype": "no-damage", "uid": "621f2895-4f83-4f4d-acf0-5a04ebca8ddb" }, "geometry": { "type": "Polygon", "coordinates": [ [ [ 298.891373374607724, 192.739256417285105 ], [ 299.039575748920299, 177.622614330201714 ], [ 322.9001578649046, 177.622614330201714 ], [ 322.603753117361407, 201.779601192412713 ], [ 324.233979224581788, 201.927803565523192 ], [ 324.678586346437612, 208.152303248666186 ], [ 318.898693781665827, 207.707696129334693 ], [ 313.859813087375016, 208.004100875555707 ], [ 307.190706284060582, 193.183863536616599 ], [ 299.187778124074327, 193.035661162544386 ], [ 298.891373374607724, 192.739256417285105 ] ] ] } },
{ "type": "Feature", "properties": { "feature_type": "building", "subtype": "no-damage", "uid": "42a01c67-2096-4230-997d-dce3ff508023" }, "geometry": { "type": "Polygon", "coordinates": [ [ [ 276.766770529632993, 223.115087470837295 ], [ 277.008176579780582, 243.8760077429001 ], [ 248.763668768175194, 241.94475934652769 ], [ 243.719999998619386, 233.300000001109396 ], [ 247.735495429246214, 223.115087470837295 ], [ 276.766770529632993, 223.115087470837295 ] ] ] } },
{ "type": "Feature", "properties": { "feature_type": "building", "subtype": "no-damage", "uid": "4a65ef57-f2c9-402f-b87e-9783f8a4749b" }, "geometry": { "type": "Polygon", "coordinates": [ [ [ 245.866796172775793, 223.115087470837295 ], [ 247.200291228179196, 223.115087470837295 ], [ 243.200000000280113, 233.269999999718806 ], [ 227.761342445488992, 233.736953657617306 ], [ 228.72696664559831, 217.32134227979671 ], [ 243.211329625961213, 216.83853018118441 ], [ 245.866796172775793, 223.115087470837295 ] ] ] } },
{ "type": "Feature", "properties": { "feature_type": "building", "subtype": "no-damage", "uid": "af3b4f35-b4c3-4545-abd1-3311de03c7f2" }, "geometry": { "type": "Polygon", "coordinates": [ [ [ 316.812021887721585, 293.538832531684022 ], [ 325.502639677285686, 293.780238581470996 ], [ 327.916700174073014, 304.402104766327682 ], [ 316.812021889524772, 304.643510817076276 ], [ 317.294833990901793, 310.920068108652515 ], [ 330.330760671821906, 308.506007610782774 ], [ 330.089354622756275, 316.472407250867775 ], [ 339.262784508648508, 316.95521935044178 ], [ 339.987002657768812, 330.956770232316103 ], [ 307.397185950599976, 333.370830726339079 ], [ 274.565963195086795, 333.612236778049407 ], [ 259.598788115871287, 333.612236777087674 ], [ 259.939999998976475, 322.880000001032386 ], [ 282.149229825507177, 318.34785112356758 ], [ 279.809969655688519, 312.369741797022982 ], [ 275.545497635676611, 312.118890502364479 ], [ 270.78886374118332, 311.86854135131972 ], [ 269.313100372019903, 315.066028652116017 ], [ 264.104382473398402, 316.960107886886021 ], [ 259.800000002424213, 318.350000001653427 ], [ 256.460509469242481, 317.679437499802702 ], [ 256.460509468881924, 309.23022576014381 ], [ 252.356606626831905, 309.713037860679378 ], [ 252.839418727728003, 300.056795872085502 ], [ 252.320000000374705, 300.040000000779287 ], [ 256.055080238273376, 296.669837083569178 ], [ 264.855220105431101, 296.561193382486522 ], [ 265.173840902769314, 294.968089401445013 ], [ 268.164972036220718, 295.167498145438174 ], [ 271.510000000523803, 295.64000000005359 ], [ 270.565894432156824, 296.344350169528923 ], [ 272.63881262714051, 296.689836537944075 ], [ 277.578293837918693, 295.70194029545172 ], [ 280.040000003762486, 293.520000001155211 ], [ 316.570615839016625, 291.366178084562875 ], [ 316.812021887721585, 293.538832531684022 ] ] ] } },
{ "type": "Feature", "properties": { "feature_type": "building", "subtype": "no-damage", "uid": "5f439e1d-4e77-446e-908d-17a2ed9e2de4" }, "geometry": { "type": "Polygon", "coordinates": [ [ [ 280.73000000353079, 288.780000000696703 ], [ 271.96999999944768, 295.300000000320892 ], [ 271.982213032404218, 295.207742014066923 ], [ 268.21703094495922, 294.669858859679209 ], [ 264.769551450675522, 294.440026893457627 ], [ 264.444311185095899, 296.066228230371507 ], [ 255.860202338928787, 296.17220488151122 ], [ 251.6099999996392, 300.010000000350374 ], [ 240.769116244032205, 299.57398377251161 ], [ 239.079273893960988, 308.264601560995914 ], [ 227.491783512243188, 307.540383413558288 ], [ 227.250377459451101, 301.50523217080729 ], [ 230.871468206014413, 301.988044270381295 ], [ 231.595686354052788, 299.573983773473287 ], [ 224.353504862008094, 300.056795873047179 ], [ 221.698038315193486, 281.70993609693079 ], [ 221.698038320001899, 279.295875600984402 ], [ 227.733189557822811, 273.502130409943788 ], [ 231.112874253276914, 270.363851762713182 ], [ 239.803492045485598, 270.363851762713182 ], [ 279.152678140196713, 268.432603365379123 ], [ 280.73000000353079, 288.780000000696703 ] ] ] } },
{ "type": "Feature", "properties": { "feature_type": "building", "subtype": "no-damage", "uid": "89765c59-7c15-4966-b5f6-380e5385f9e6" }, "geometry": { "type": "Polygon", "coordinates": [ [ [ 305.224531503359174, 288.469305488080977 ], [ 290.25735642522568, 289.917741785841088 ], [ 289.050326176651822, 286.779463141495512 ], [ 283.497987032995184, 285.089620792025016 ], [ 282.290956786104175, 258.534955326998272 ], [ 287.601889881055683, 254.913864583078691 ], [ 317.536240042011002, 253.224022235531606 ], [ 320.191706584738483, 278.57165745162348 ], [ 317.053427941475491, 278.813063500448777 ], [ 317.294833988978382, 284.365402644587391 ], [ 311.259682746950205, 285.33102684181199 ], [ 310.294058548764212, 281.227123997356784 ], [ 304.741719404386515, 281.227123996395221 ], [ 305.224531503359174, 288.469305488080977 ] ] ] } },
{ "type": "Feature", "properties": { "feature_type": "building", "subtype": "no-damage", "uid": "3fd809d6-09e2-4101-a06c-2614e3c5ecfd" }, "geometry": { "type": "Polygon", "coordinates": [ [ [ 343.580412151488474, 352.649924075127217 ], [ 348.097204705646391, 371.218960132209816 ], [ 346.089741347107577, 378.245081882108821 ], [ 320.996449378654916, 414.881288155827576 ], [ 297.408754929857821, 401.330910492629073 ], [ 281.850913908965083, 357.668582468049578 ], [ 281.850913912451176, 352.1480582366043 ], [ 312.290000000157193, 348.110000000197772 ], [ 309.222485503998598, 359.072160244926522 ], [ 306.634863681030993, 363.212355158790615 ], [ 309.933104244516699, 367.060302478931419 ], [ 315.66623189184071, 361.84836824987201 ], [ 325.550000000063903, 347.240000000259784 ], [ 343.580412151488474, 352.649924075127217 ] ] ] } },
{ "type": "Feature", "properties": { "feature_type": "building", "subtype": "no-damage", "uid": "e5c126ea-fd6d-4ee3-aec6-51b2180d1609" }, "geometry": { "type": "Polygon", "coordinates": [ [ [ 403.790000002868908, 108.300000000248303 ], [ 398.830522983306878, 108.0384925421465 ], [ 388.999897553039716, 108.0384925421465 ], [ 382.708297277005215, 101.353667249654606 ], [ 375.630246966496316, 99.387542163288131 ], [ 349.284170816596998, 97.028192060225393 ], [ 349.069999999896822, 90.129999999773318 ], [ 402.829999998759092, 89.420000000840801 ], [ 403.790000002868908, 108.300000000248303 ] ] ] } },
{ "type": "Feature", "properties": { "feature_type": "building", "subtype": "no-damage", "uid": "f6644186-7732-40b9-a8c6-a85501b17dcd" }, "geometry": { "type": "Polygon", "coordinates": [ [ [ 387.033772467515178, 53.380215153083867 ], [ 372.877671851065486, 56.919240308158813 ], [ 372.877671847579393, 70.68211590983897 ], [ 401.839999999990482, 69.940000000547514 ], [ 402.799999998811018, 88.920000000102632 ], [ 349.049999998809426, 89.629999999996826 ], [ 348.069999999502613, 58.32999999994815 ], [ 353.920000001285814, 57.330000001356836 ], [ 354.271765385860817, 59.231666973245851 ], [ 359.822403908165825, 58.438718611697119 ], [ 358.989999999609608, 52.020000000441598 ], [ 360.604088486821809, 50.744188108919033 ], [ 369.732938854417284, 50.004011052616349 ], [ 367.985095136864004, 39.766640728083949 ], [ 365.965188194873292, 37.49424541771274 ], [ 363.905424055656624, 36.721833863011973 ], [ 360.542638364102118, 37.497861330645371 ], [ 359.289797711032918, 42.759792076590358 ], [ 359.786349080469392, 47.477030083172806 ], [ 360.129226833343409, 47.819907836888333 ], [ 357.640000000862528, 49.71000000107032 ], [ 347.830000003884493, 50.800000000948501 ], [ 347.318045730110782, 34.505414327620272 ], [ 348.497720784887576, 31.359614189241611 ], [ 385.067647381149186, 27.427364017470381 ], [ 387.033772467515178, 53.380215153083867 ] ] ] } },
{ "type": "Feature", "properties": { "feature_type": "building", "subtype": "no-damage", "uid": "b5da5a7b-559b-4097-947f-e0085beb46a6" }, "geometry": { "type": "Polygon", "coordinates": [ [ [ 355.440171199034978, 139.748332490011194 ], [ 364.321846190804592, 139.748332490972899 ], [ 364.470461247795811, 141.828943241005504 ], [ 388.87050473254692, 141.230169166597705 ], [ 405.779999999026472, 140.20000000022111 ], [ 405.779999998665801, 140.219999999865991 ], [ 405.520330244535273, 140.241524371367888 ], [ 407.730000001303779, 175.120000001382692 ], [ 398.889828208796075, 176.068704082687304 ], [ 398.889828208675908, 179.662515260645307 ], [ 378.272700933457315, 182.499734608526694 ], [ 379.02929275980722, 187.606729439906189 ], [ 362.384272572294719, 187.795877395021193 ], [ 362.005976659540408, 180.797402999028492 ], [ 355.953242044773788, 181.932290739335087 ], [ 352.889999999621125, 158.539999999600695 ], [ 372.796594445232074, 158.270421714440801 ], [ 372.9679232627891, 154.501187651973112 ], [ 363.205230761836674, 154.938323137255594 ], [ 364.066368327170778, 153.339067660134305 ], [ 363.763838466511118, 146.380880822644997 ], [ 362.273416720775685, 144.22804941247179 ], [ 359.337241874715176, 145.46433355656211 ], [ 357.323919762500111, 145.128779873577002 ], [ 357.773773901890877, 154.125862641681096 ], [ 352.650000003281775, 155.410000000365187 ], [ 351.981134955024174, 139.941444360494103 ], [ 353.679999999897689, 138.60999999960481 ], [ 355.440171199034978, 139.748332490011194 ] ] ] } },
{ "type": "Feature", "properties": { "feature_type": "building", "subtype": "no-damage", "uid": "34268416-9cdf-455d-84cb-7e98c0d52719" }, "geometry": { "type": "Polygon", "coordinates": [ [ [ 383.947139631983418, 112.136694728753397 ], [ 392.269649724357294, 111.947546772676802 ], [ 391.891353813045612, 114.784766123443205 ], [ 391.979999999212225, 114.769999998837093 ], [ 389.844306393287013, 118.7958593309815 ], [ 390.208149411010481, 122.980054029033795 ], [ 387.170820925179612, 123.359720090123304 ], [ 387.84999999958319, 128.460000000968506 ], [ 383.972145330788521, 129.037803514460109 ], [ 384.720000001430321, 140.830000000574188 ], [ 364.935195484150711, 141.317388191142896 ], [ 364.787405793478285, 139.248332489272997 ], [ 355.588391232833317, 139.248332489272997 ], [ 354.100000000733985, 138.280000000656202 ], [ 354.629206348871776, 137.860816836919298 ], [ 354.250910436838808, 125.566199653470505 ], [ 351.791986998586879, 124.998755783317193 ], [ 351.7219870015129, 118.407190721708105 ], [ 355.806520451255778, 118.407190721708105 ], [ 359.967883848928182, 118.545902835845396 ], [ 359.552836360351989, 121.312886077312896 ], [ 361.419834788590379, 124.891299733070198 ], [ 366.01367458171319, 126.116323677710895 ], [ 375.401419287141493, 125.371264575311201 ], [ 381.580526122718084, 124.467005037676103 ], [ 382.455525349981087, 123.417005963181097 ], [ 381.843794345951324, 119.593687188264099 ], [ 381.244998319379476, 116.7494060675768 ], [ 380.679999999361712, 115.379999999545305 ], [ 381.167469610778426, 115.091442656262203 ], [ 383.930000000071914, 111.870000001287394 ], [ 383.947139631983418, 112.136694728753397 ] ] ] } },
{ "type": "Feature", "properties": { "feature_type": "building", "subtype": "no-damage", "uid": "2406687a-0a34-488e-91c6-e7115522073f" }, "geometry": { "type": "Polygon", "coordinates": [ [ [ 405.510006695398715, 137.671668879880997 ], [ 405.730000000515417, 139.700000001406295 ], [ 389.230000003808073, 140.709999999820013 ], [ 389.404718522400685, 136.427335125214995 ], [ 387.732578921200115, 123.793391450431798 ], [ 390.747985049053682, 123.416465685291499 ], [ 390.35523624247088, 118.899854378814496 ], [ 392.580000000819211, 114.700000001041701 ], [ 406.644894434262483, 113.082434512983397 ], [ 405.510006695398715, 137.671668879880997 ] ] ] } },
{ "type": "Feature", "properties": { "feature_type": "building", "subtype": "no-damage", "uid": "64c724f5-645c-43db-893b-c8ee3b6566d8" }, "geometry": { "type": "Polygon", "coordinates": [ [ [ 364.630000002477175, 112.980000000810506 ], [ 363.683225780212695, 113.9325615938711 ], [ 357.442720219018327, 115.674098030783696 ], [ 354.973782746974621, 114.947939952319203 ], [ 351.670000001330379, 114.500000000746496 ], [ 351.602839045756014, 108.1645876405655 ], [ 363.510000001208709, 107.880000001936295 ], [ 364.630000002477175, 112.980000000810506 ] ] ] } },
{ "type": "Feature", "properties": { "feature_type": "building", "subtype": "no-damage", "uid": "2c1696f9-7cf7-4c6e-a40c-04cfe28e41a0" }, "geometry": { "type": "Polygon", "coordinates": [ [ [ 381.787531034838423, 109.682228818099503 ], [ 378.737665425674322, 110.749681780670102 ], [ 379.55020380000559, 112.537266198213203 ], [ 378.751343649465014, 114.800703281134304 ], [ 365.643273629509792, 115.232837458146193 ], [ 364.020000000446828, 107.870000001152206 ], [ 381.730000002594579, 107.449999999955097 ], [ 381.787531034838423, 109.682228818099503 ] ] ] } },
{ "type": "Feature", "properties": { "feature_type": "building", "subtype": "no-damage", "uid": "cebfafec-dce3-48ed-8cb3-f014996588c6" }, "geometry": { "type": "Polygon", "coordinates": [ [ [ 459.925914330616422, 110.963309513672698 ], [ 422.749382679419625, 112.170339763569203 ], [ 422.266570580086182, 101.789879626576194 ], [ 416.231419338178227, 100.824255428389904 ], [ 415.990013288992316, 96.478946533186132 ], [ 404.885335003963291, 96.237540484360835 ], [ 403.499999999243187, 68.959999999677706 ], [ 411.516993716416323, 70.005866586725588 ], [ 428.808024252803023, 69.625843936401111 ], [ 432.390000000607472, 67.719999999578079 ], [ 456.470000001194876, 66.620000000839141 ], [ 459.925914330616422, 110.963309513672698 ] ] ] } },
{ "type": "Feature", "properties": { "feature_type": "building", "subtype": "no-damage", "uid": "1ea0905a-403a-4012-8915-39ae08552355" }, "geometry": { "type": "Polygon", "coordinates": [ [ [ 433.159999999796696, 62.899999999578583 ], [ 433.092722264012707, 62.900279908664501 ], [ 431.690000003300725, 67.520000001206171 ], [ 428.677887883650726, 69.128583334369068 ], [ 411.543990307110221, 69.505152511236176 ], [ 403.480000001281326, 68.450000001040465 ], [ 402.954086606028625, 58.095384635329523 ], [ 408.265019701581082, 56.646948338531047 ], [ 408.490000003555622, 51.849999999613622 ], [ 427.200000000447687, 51.129999999897009 ], [ 433.159999999796696, 62.899999999578583 ] ] ] } },
{ "type": "Feature", "properties": { "feature_type": "building", "subtype": "no-damage", "uid": "24390d17-c10f-47d2-b3d0-ea8bc5d97c9a" }, "geometry": { "type": "Polygon", "coordinates": [ [ [ 466.685283720082111, 56.888354387356337 ], [ 455.822011487003692, 58.336790686078167 ], [ 456.115914328190115, 62.128739239504178 ], [ 452.021110729342013, 62.128739239504178 ], [ 450.887412406709473, 56.838147060646712 ], [ 443.685894133868487, 56.63810488415384 ], [ 442.167001698245315, 62.144089956001942 ], [ 433.690000000603106, 62.850000001428107 ], [ 427.750000002702109, 51.110000001213827 ], [ 428.468764196889708, 51.07953524518706 ], [ 427.83999999918052, 47.330000000057012 ], [ 427.920000000885409, 47.019999999791693 ], [ 457.52999999956188, 45.339999999811809 ], [ 457.511853834309989, 45.542270052177066 ], [ 465.236847422803123, 44.576645853029177 ], [ 466.685283720082111, 56.888354387356337 ] ] ] } },
{ "type": "Feature", "properties": { "feature_type": "building", "subtype": "no-damage", "uid": "96879b2e-8e5e-401d-8054-2500b6bf4212" }, "geometry": { "type": "Polygon", "coordinates": [ [ [ 429.02593997111461, 21.88447718363231 ], [ 456.063417535227927, 21.401665084058369 ], [ 456.304823586938085, 26.712598178410062 ], [ 464.271223222453273, 26.22978607787444 ], [ 466.926689772393388, 39.024306711775537 ], [ 457.994665931479574, 39.265712760600842 ], [ 457.570000001616393, 44.840000000035317 ], [ 428.050000000620514, 46.510000001154452 ], [ 429.08130537997971, 42.384730908673497 ], [ 426.980755666156824, 42.804840851486261 ], [ 424.152891501526028, 37.755083412222987 ], [ 423.006388718096218, 40.965291195392908 ], [ 423.120000002815914, 44.760000000494223 ], [ 419.494282313906695, 44.907361425980859 ], [ 418.740217780220576, 40.571490385173178 ], [ 411.346007555220922, 40.371646866774142 ], [ 410.766747750960405, 42.30251289139445 ], [ 407.886116094366912, 42.878639225694478 ], [ 407.519999999743618, 49.95999999951605 ], [ 395.711905116868877, 50.611797095780119 ], [ 395.470499064797991, 28.88525262553113 ], [ 404.402522907875493, 22.367289284167931 ], [ 415.02438908984459, 22.850101384703549 ], [ 415.024389093691411, 14.642295693869871 ], [ 430.957188370852407, 13.918077544508961 ], [ 429.02593997111461, 21.88447718363231 ] ] ] } },
{ "type": "Feature", "properties": { "feature_type": "building", "subtype": "no-damage", "uid": "fa1a6f9c-d6ed-414a-8ba7-cf4b20392613" }, "geometry": { "type": "Polygon", "coordinates": [ [ [ 408.289268963473319, 169.866169847310914 ], [ 406.659042858416683, 144.67176637140301 ], [ 412.587137789326789, 144.227159252071488 ], [ 411.253316433977204, 124.960850712123801 ], [ 434.521089051268689, 124.516243592792307 ], [ 435.854910410705486, 135.186814475982203 ], [ 434.965696172763899, 136.076028715606896 ], [ 436.151315158248678, 139.929290423211711 ], [ 460.308302020333826, 138.299064316111213 ], [ 461.493921006419612, 151.19267080172861 ], [ 457.937064045397221, 151.93368266728109 ], [ 456.306837940100195, 146.894801972868891 ], [ 451.267957244967874, 147.784016212493611 ], [ 452.008969111962813, 152.52649216068491 ], [ 448.7485168970411, 153.415706400309489 ], [ 449.637731136064588, 165.568301019412786 ], [ 437.188731772546419, 166.605717632147986 ], [ 437.188731775311226, 164.234479658533303 ], [ 422.51669680936601, 163.493467792019089 ], [ 422.516696805879917, 159.936610830635203 ], [ 420.293661207179298, 159.936610831596909 ], [ 419.552649339102516, 166.605717631186394 ], [ 409.919495068650178, 169.1251579807967 ], [ 408.289268963473319, 169.866169847310914 ] ] ] } },
{ "type": "Feature", "properties": { "feature_type": "building", "subtype": "no-damage", "uid": "7fbc1288-4d8c-484b-b972-b4067a5c57ca" }, "geometry": { "type": "Polygon", "coordinates": [ [ [ 467.494930852692676, 203.70355086300961 ], [ 467.939537969379614, 208.297824436166991 ], [ 464.67908575397712, 216.89356209292481 ], [ 458.009978954509393, 213.781312251834095 ], [ 455.194133859039425, 215.115133610790394 ], [ 450.89626503102221, 221.487835668005488 ], [ 447.043003321615117, 221.636038041115995 ], [ 445.709181963861283, 215.263335986785904 ], [ 441.263110759968811, 215.115133612713691 ], [ 441.41131313812798, 220.154014307125891 ], [ 433.852992095189222, 219.561204813722213 ], [ 433.408384974174908, 206.815800703138592 ], [ 440.96670601747428, 206.964003075287508 ], [ 440.240000001135627, 196.970000000943486 ], [ 443.594296298461813, 194.593615089668702 ], [ 451.060000002537379, 192.500000001460705 ], [ 450.748062656829802, 193.032979978858094 ], [ 464.382681009318787, 190.365337258060606 ], [ 467.494930852692676, 203.70355086300961 ] ] ] } },
{ "type": "Feature", "properties": { "feature_type": "building", "subtype": "no-damage", "uid": "eba042d0-4bfe-4ee3-a713-cbaa376af140" }, "geometry": { "type": "Polygon", "coordinates": [ [ [ 454.897729113058915, 185.919266056090407 ], [ 451.420000004078588, 191.880000000930096 ], [ 443.376016496699208, 194.135503234950704 ], [ 439.600000003724972, 196.810000000899691 ], [ 418.291742889258785, 199.257479660077706 ], [ 416.957921530423107, 191.550956245829695 ], [ 414.070000003040889, 192.62999999915229 ], [ 416.958204629987279, 187.933416190171101 ], [ 449.435141604075284, 184.506950361978795 ], [ 447.675604984716301, 177.948677514756412 ], [ 440.948377661256927, 178.42919375281619 ], [ 441.705795751649589, 181.458866132178713 ], [ 435.31299921306902, 183.635137293307992 ], [ 435.452789495506124, 181.53828302753999 ], [ 426.744308905797027, 180.904938986618987 ], [ 427.054338735189276, 183.075147803785597 ], [ 424.819999999915808, 183.760000000867109 ], [ 424.960849692332772, 176.582516533780108 ], [ 438.150860920561797, 176.137909412525289 ], [ 438.891872785633325, 173.173861946468492 ], [ 453.860312498039889, 170.950826345964202 ], [ 454.897729113058915, 185.919266056090407 ] ] ] } },
{ "type": "Feature", "properties": { "feature_type": "building", "subtype": "no-damage", "uid": "552117e8-10da-45cc-b0ae-3aff38b697bd" }, "geometry": { "type": "Polygon", "coordinates": [ [ [ 419.180957129243893, 185.030051815504009 ], [ 419.269999999537106, 185.020000000611589 ], [ 419.249999999772115, 185.460000000491789 ], [ 414.937391632785022, 186.781508094671892 ], [ 414.206538003047285, 182.1040448706961 ], [ 409.865405463797572, 182.271011505961212 ], [ 411.010000001120602, 193.770000000066005 ], [ 409.399600485079986, 194.366801337814309 ], [ 408.065779124321011, 194.070396592554999 ], [ 407.472969632239824, 177.916337894659705 ], [ 409.844207605373072, 178.064540268731889 ], [ 410.437017098175716, 175.396897546011104 ], [ 416.513314407365215, 174.952290425717905 ], [ 419.180957129243893, 185.030051815504009 ] ] ] } },
{ "type": "Feature", "properties": { "feature_type": "building", "subtype": "no-damage", "uid": "528929fe-dd20-4a22-ba31-844b02638740" }, "geometry": { "type": "Polygon", "coordinates": [ [ [ 374.992553151540619, 220.623557633757287 ], [ 389.473351398253328, 218.77494509396621 ], [ 390.089555577782789, 217.542536731540906 ], [ 405.494660090063292, 217.234434640934609 ], [ 406.727068453329707, 230.482824524504196 ], [ 397.484005741273222, 230.790926613187196 ], [ 396.867801561503313, 237.261070510149693 ], [ 378.381676146526274, 240.958295593578697 ], [ 374.992553151540619, 220.623557633757287 ] ] ] } },
{ "type": "Feature", "properties": { "feature_type": "building", "subtype": "no-damage", "uid": "95f4204e-628c-438e-bc75-aa7a91141782" }, "geometry": { "type": "Polygon", "coordinates": [ [ [ 395.323319950125722, 241.95278592497769 ], [ 398.880176912710795, 237.95132184330069 ], [ 412.959402382968619, 238.099524217372903 ], [ 413.107604756079013, 242.990202537712889 ], [ 410.588164409955425, 248.029083233086908 ], [ 410.884569155094425, 251.289535448249694 ], [ 404.660069472794419, 251.437737821360201 ], [ 402.733438621276377, 248.473690353380107 ], [ 396.212534190591725, 247.436273740644793 ], [ 395.323319950125722, 241.95278592497769 ] ] ] } },
{ "type": "Feature", "properties": { "feature_type": "building", "subtype": "no-damage", "uid": "109e5c17-cce7-4220-948f-bfe918bc5664" }, "geometry": { "type": "Polygon", "coordinates": [ [ [ 399.559689251032978, 295.902828101965895 ], [ 399.675809687612286, 282.084496042518992 ], [ 413.029659999776925, 281.852255168879481 ], [ 413.726382622618701, 295.438346353725194 ], [ 399.559689251032978, 295.902828101965895 ] ] ] } },
{ "type": "Feature", "properties": { "feature_type": "building", "subtype": "no-damage", "uid": "286da310-b385-447a-83ca-599a7821eacb" }, "geometry": { "type": "Polygon", "coordinates": [ [ [ 399.095207501590323, 279.762087292660397 ], [ 398.05012356396179, 264.201948673223683 ], [ 412.565178248410916, 264.085828234480573 ], [ 413.378021314323178, 278.020280732670585 ], [ 399.095207501590323, 279.762087292660397 ] ] ] } },
{ "type": "Feature", "properties": { "feature_type": "building", "subtype": "no-damage", "uid": "d8d3c897-6742-47f7-861c-08de3c91d640" }, "geometry": { "type": "Polygon", "coordinates": [ [ [ 362.473854103179804, 298.310314592634597 ], [ 383.658425249994195, 297.175426854251384 ], [ 385.73905277537159, 316.657666389769474 ], [ 366.256813236251901, 318.738293915267604 ], [ 363.797889798961592, 300.201794161094426 ], [ 362.473854103179804, 298.310314592634597 ] ] ] } },
{ "type": "Feature", "properties": { "feature_type": "building", "subtype": "no-damage", "uid": "96bff558-5e4e-4a81-bf7a-f91ff1e1ecb6" }, "geometry": { "type": "Polygon", "coordinates": [ [ [ 381.442511420863411, 280.884793505217601 ], [ 389.903967736189088, 280.70282670432988 ], [ 389.903967738713504, 285.433963568762522 ], [ 380.805627615472474, 285.615930371573597 ], [ 381.442511420863411, 280.884793505217601 ] ] ] } },
{ "type": "Feature", "properties": { "feature_type": "building", "subtype": "no-damage", "uid": "5e97caf9-1640-4f04-a666-ef76e71f3dd1" }, "geometry": { "type": "Polygon", "coordinates": [ [ [ 361.805924665423674, 263.973500689639025 ], [ 366.102380852035992, 263.857380250895915 ], [ 366.450742165019619, 268.153836438230485 ], [ 361.68980422812308, 268.153836437268808 ], [ 361.805924665423674, 263.973500689639025 ] ] ] } },
{ "type": "Feature", "properties": { "feature_type": "building", "subtype": "no-damage", "uid": "b9235be5-c1ee-4c56-913a-c6ab9ece25ec" }, "geometry": { "type": "Polygon", "coordinates": [ [ [ 378.295026792036481, 271.056847375072891 ], [ 378.759508537752708, 263.973500690600702 ], [ 386.655698285370818, 263.973500689639025 ], [ 387.468541349840621, 266.412029876317376 ], [ 387.352420913742094, 276.630628374156572 ], [ 382.359242100561573, 275.933905748429709 ], [ 381.662519475315719, 275.121062686844709 ], [ 379.920712914004014, 275.121062685882976 ], [ 378.178906354375272, 271.985810875401114 ], [ 378.295026792036481, 271.056847375072891 ] ] ] } },
{ "type": "Feature", "properties": { "feature_type": "building", "subtype": "no-damage", "uid": "e337e841-7775-4870-a238-37b182465f72" }, "geometry": { "type": "Polygon", "coordinates": [ [ [ 464.692783580078128, 231.498267835469989 ], [ 464.84098595535238, 235.203327169964297 ], [ 464.099974085352301, 235.94433903647851 ], [ 455.800641176500392, 234.610517674637293 ], [ 456.393450671106109, 249.282552640465809 ], [ 447.649510639797427, 250.616374001345406 ], [ 448.686927255417402, 262.917170990674208 ], [ 437.423546881591392, 264.102789978443184 ], [ 439.053772983522492, 275.069765607854094 ], [ 446.908498774605675, 275.662575101257801 ], [ 447.353105894297812, 289.000788706206777 ], [ 451.799177099151905, 289.000788706206777 ], [ 453.429403204088317, 298.485740604512614 ], [ 446.019284537745989, 298.930347723844079 ], [ 446.908498777610873, 301.746192817752103 ], [ 465.43379544635178, 299.523157216286108 ], [ 474.918747344054282, 304.265633166400676 ], [ 475.363354462784628, 314.936204048628895 ], [ 462.321545604781022, 315.677215914181375 ], [ 462.321545606103314, 317.159239648171479 ], [ 421.565892929199606, 323.235536958204023 ], [ 418.898250205758188, 299.226752470065094 ], [ 423.937130898726707, 298.930347723844079 ], [ 423.788928526698101, 297.448323988892412 ], [ 416.527012232264212, 298.041133482296118 ], [ 415.489595618687815, 281.887074784400681 ], [ 423.196119035698814, 281.146062918848315 ], [ 422.899714285871482, 278.774824942348516 ], [ 414.74858374988969, 279.071229690492828 ], [ 414.452179004870914, 263.95458760629441 ], [ 420.232071566998115, 263.509980484077914 ], [ 420.08386919088241, 259.804921150545226 ], [ 411.636333911204019, 259.656718777434719 ], [ 412.37734577627549, 245.873898053154193 ], [ 414.748583749529075, 245.132886184716597 ], [ 414.748583753015225, 239.64939837097279 ], [ 436.830737387827185, 236.833553276103203 ], [ 437.423546877023398, 235.203327169002591 ], [ 439.053772984484226, 235.055124794930407 ], [ 443.055237066881489, 234.165910555305686 ], [ 446.908498775928024, 231.350065461397804 ], [ 464.692783580078128, 231.498267835469989 ] ] ] } },
{ "type": "Feature", "properties": { "feature_type": "building", "subtype": "no-damage", "uid": "a9adad57-2627-4670-89c5-753ba1935ef8" }, "geometry": { "type": "Polygon", "coordinates": [ [ [ 529.969999999936249, 292.620000000788082 ], [ 530.739999999606312, 292.960000000520722 ], [ 530.830628146822733, 295.474951499442682 ], [ 530.979999999551865, 295.470000000187326 ], [ 531.520000001983703, 307.780000000858422 ], [ 499.967578401482911, 306.575940365282179 ], [ 500.432060153570205, 298.795871055083012 ], [ 513.321428711363637, 298.563630179520089 ], [ 514.018151337691393, 296.125100994765091 ], [ 515.876078335101511, 291.596403930905979 ], [ 529.969999999936249, 292.620000000788082 ] ] ] } },
{ "type": "Feature", "properties": { "feature_type": "building", "subtype": "no-damage", "uid": "88dfcf31-804c-4946-ac4d-95ca9c42dbb0" }, "geometry": { "type": "Polygon", "coordinates": [ [ [ 535.616552707452456, 292.409246992490978 ], [ 545.951271647037629, 292.177006117889789 ], [ 548.041439518327593, 299.724834555411121 ], [ 547.344716893802911, 307.040422115446177 ], [ 535.269999998743856, 307.750000000429509 ], [ 535.169460390273116, 299.693346217101976 ], [ 534.109682818408146, 295.336482874782575 ], [ 533.790000002305192, 294.770000000115488 ], [ 533.312298777444084, 290.60000000011388 ], [ 535.268191394949781, 290.55131999471979 ], [ 535.616552707452456, 292.409246992490978 ] ] ] } },
{ "type": "Feature", "properties": { "feature_type": "building", "subtype": "no-damage", "uid": "e321083e-8bdd-4b3b-b443-1e961cdc6f72" }, "geometry": { "type": "Polygon", "coordinates": [ [ [ 547.70032947520383, 296.279641807881319 ], [ 546.153611653954727, 291.184571340711614 ], [ 547.154429067011165, 289.546870118297022 ], [ 545.425744444032944, 289.455886717372323 ], [ 544.879844036080726, 280.448529995053775 ], [ 547.06344566548546, 279.35672918011079 ], [ 558.436370820017487, 277.991978162393707 ], [ 560.61997245014345, 295.551774598560428 ], [ 556.707686195716974, 297.280459221899719 ], [ 548.792130289184911, 298.099309833106986 ], [ 547.70032947520383, 296.279641807881319 ] ] ] } },
{ "type": "Feature", "properties": { "feature_type": "building", "subtype": "no-damage", "uid": "8b2a5c66-2f2b-45af-b856-be55c2fb771e" }, "geometry": { "type": "Polygon", "coordinates": [ [ [ 565.442092713215629, 297.09849242005032 ], [ 564.53225870372853, 289.182936513636491 ], [ 561.80275666396733, 289.000969708902119 ], [ 561.438823058946355, 275.808376533469186 ], [ 584.18467336584672, 274.989525921300299 ], [ 585.91335798834416, 297.280459222861282 ], [ 565.442092713215629, 297.09849242005032 ] ] ] } },
{ "type": "Feature", "properties": { "feature_type": "building", "subtype": "no-damage", "uid": "f09ab644-1417-43bc-8f82-15ee42556333" }, "geometry": { "type": "Polygon", "coordinates": [ [ [ 514.302863467483917, 272.49151295245872 ], [ 517.41511330604942, 270.713084470324191 ], [ 526.900065204112479, 270.56488209913698 ], [ 527.937481817208095, 269.082858364185313 ], [ 532.383553016652854, 268.045441751450085 ], [ 532.531755390845206, 270.268477351954402 ], [ 542.757719155422365, 269.082858364185313 ], [ 544.091540515700558, 287.756357408805911 ], [ 536.829624218141248, 289.831190637161285 ], [ 530.901529283745049, 289.090178771608805 ], [ 528.382088935097045, 284.199500451268818 ], [ 515.488482453569759, 284.792309942749114 ], [ 514.302863467483917, 272.49151295245872 ] ] ] } },
{ "type": "Feature", "properties": { "feature_type": "building", "subtype": "no-damage", "uid": "9b706074-e816-48f0-80d3-74017c5b9182" }, "geometry": { "type": "Polygon", "coordinates": [ [ [ 520.736335390822546, 263.330951760185314 ], [ 520.504094515860857, 267.395167071957019 ], [ 500.415258834372992, 267.16292619639421 ], [ 500.183017961334485, 261.240783885889527 ], [ 493.680273459399928, 261.589145197310472 ], [ 492.983550838241115, 252.996232825526306 ], [ 498.789572707356626, 251.138305825831793 ], [ 498.673452270416703, 247.422451825481005 ], [ 509.588773392898418, 245.564524826748112 ], [ 509.356532518657787, 234.997565015564589 ], [ 515.04643395564176, 234.18472195397959 ], [ 515.859277016264969, 231.513951891738287 ], [ 528.168043390440516, 231.6300723285581 ], [ 528.168043388877777, 241.732550390539188 ], [ 532.348379138790506, 241.500309514014702 ], [ 532.348379142757494, 244.983922639764302 ], [ 535.251390078757709, 245.100043076584001 ], [ 535.13526963773063, 236.971612452078887 ], [ 541.986375451687195, 236.855492015259102 ], [ 543.61206157497702, 256.131484636969901 ], [ 539.315605388004087, 257.292689010937579 ], [ 538.851123636998636, 263.447072197966691 ], [ 522.245901078013958, 264.143794821770314 ], [ 520.736335390822546, 263.330951760185314 ] ] ] } },
{ "type": "Feature", "properties": { "feature_type": "building", "subtype": "no-damage", "uid": "11916301-9fe4-4b50-9a2a-d094af058b9f" }, "geometry": { "type": "Polygon", "coordinates": [ [ [ 513.767734825853495, 229.810743271789192 ], [ 513.221834420545861, 224.442722597998596 ], [ 512.493967208340109, 220.166502742997807 ], [ 526.869344599757483, 219.529618934601586 ], [ 526.232460796169789, 216.254216489772489 ], [ 523.775908958701848, 216.254216489772489 ], [ 523.048041748058836, 214.434548464546793 ], [ 514.313635235849233, 215.071432273904691 ], [ 514.586585435858524, 217.527984106564901 ], [ 504.032510894456777, 217.709950908414299 ], [ 504.032510893975996, 212.705863841207588 ], [ 503.304643687420082, 210.704229014132494 ], [ 498.027606412511886, 210.704229015094199 ], [ 497.663672809414322, 201.423922090001696 ], [ 502.212842867909274, 200.878021683491795 ], [ 501.575959063119626, 198.330486448945294 ], [ 530.278039643429679, 197.339175853950309 ], [ 529.685230149785752, 188.150628703788897 ], [ 494.672969622834216, 190.376203776455611 ], [ 492.258909126407502, 165.994192760473311 ], [ 522.676071385133469, 165.028568561325386 ], [ 522.511075296793138, 175.832224556484192 ], [ 530.142865211374556, 175.739020880769402 ], [ 528.95262867779013, 163.580132262603513 ], [ 528.71122263160953, 161.648883866231103 ], [ 535.95340411956704, 160.200447566547609 ], [ 536.919028315949845, 163.338726214739893 ], [ 546.816676352525178, 163.58013226356519 ], [ 550.60887858774413, 202.434938116737499 ], [ 545.964061089831148, 203.944503804049504 ], [ 541.899845773853031, 206.383032990727799 ], [ 541.319243589033135, 211.724573113286993 ], [ 544.802856711896879, 212.537416178718701 ], [ 545.151218022476314, 219.156281112065187 ], [ 540.622520962945714, 219.040160676207108 ], [ 531.100645087469843, 221.594810301628598 ], [ 531.797367717403972, 228.329795673718195 ], [ 513.767734825853495, 229.810743271789192 ] ] ] } },
{ "type": "Feature", "properties": { "feature_type": "building", "subtype": "no-damage", "uid": "4f2c7819-4570-46f4-8277-6c372ae0cbaf" }, "geometry": { "type": "Polygon", "coordinates": [ [ [ 540.872863733755139, 221.436573811337809 ], [ 551.972838684190947, 220.526739797282488 ], [ 552.245788886003197, 228.624262507469012 ], [ 549.607270250292231, 231.444747944789611 ], [ 545.785967401238054, 229.625079921487298 ], [ 542.055647950704497, 227.987378700034412 ], [ 541.509747545757477, 222.983291632827701 ], [ 540.872863733755139, 221.436573811337809 ] ] ] } },
{ "type": "Feature", "properties": { "feature_type": "building", "subtype": "no-damage", "uid": "88ebff43-1565-4bf1-a2d7-4ee79f972023" }, "geometry": { "type": "Polygon", "coordinates": [ [ [ 553.978260449751701, 228.484709911158689 ], [ 556.603488495351144, 228.205430331207793 ], [ 556.100785251415573, 221.782000006762104 ], [ 568.556654490223877, 221.893711837973086 ], [ 568.947645902106956, 220.2180343630761 ], [ 575.230684282484162, 219.786618996105091 ], [ 575.587123662859653, 227.98472468752459 ], [ 573.591063146316401, 228.911467069673307 ], [ 574.018790399930026, 238.17889089404531 ], [ 558.549321402008445, 238.32146664484921 ], [ 558.121594145750123, 233.402603231536204 ], [ 553.487882233084292, 233.331315353249209 ], [ 553.978260449751701, 228.484709911158689 ] ] ] } },
{ "type": "Feature", "properties": { "feature_type": "building", "subtype": "no-damage", "uid": "bc668c1c-70f8-4398-9d69-473fbb024b18" }, "geometry": { "type": "Polygon", "coordinates": [ [ [ 579.665432916507939, 228.293701475752613 ], [ 579.237705664096325, 222.162944177721414 ], [ 580.449599545688784, 219.596580656519507 ], [ 582.730811568047102, 217.529232265054503 ], [ 595.990356422738842, 216.673777757346102 ], [ 597.273538183700111, 227.652110597134993 ], [ 601.550810714908494, 227.509534845369387 ], [ 602.83399247839418, 238.559155558636888 ], [ 595.705204918726963, 238.559155559598594 ], [ 595.562629166720967, 237.418549549320687 ], [ 583.871417574357906, 237.561125302047913 ], [ 582.944675193651847, 229.363019610628498 ], [ 580.378311669926234, 228.935292355331796 ], [ 579.665432916507939, 228.293701475752613 ] ] ] } },
{ "type": "Feature", "properties": { "feature_type": "building", "subtype": "no-damage", "uid": "8aaefc27-8fe3-4406-9730-f4c4f67215f3" }, "geometry": { "type": "Polygon", "coordinates": [ [ [ 558.334608369883085, 240.82166208886801 ], [ 562.632477197659796, 242.303685821896408 ], [ 602.054308518733137, 241.85907870160321 ], [ 601.757903770588769, 249.120994998443109 ], [ 604.277344117433699, 249.565602117774603 ], [ 603.98093937253509, 261.718196735916194 ], [ 568.729828021163598, 263.591996320646103 ], [ 567.522797774512924, 258.03965717939252 ], [ 560.522022333938139, 257.798251128643813 ], [ 559.073586036178312, 244.520918396130412 ], [ 558.334608369883085, 240.82166208886801 ] ] ] } },
{ "type": "Feature", "properties": { "feature_type": "building", "subtype": "no-damage", "uid": "57fdef82-6c2f-4598-841b-212ce40d75a5" }, "geometry": { "type": "Polygon", "coordinates": [ [ [ 510.081783964785075, 29.370217825907449 ], [ 511.622294418657816, 30.602626188332689 ], [ 502.071129620683223, 32.75934082065352 ], [ 502.379231706120379, 33.991749180193743 ], [ 485.433616740327921, 34.607953361406373 ], [ 484.509310471273977, 20.743359299509152 ], [ 508.541273515119826, 18.58664466718832 ], [ 510.081783964785075, 29.370217825907449 ] ] ] } },
{ "type": "Feature", "properties": { "feature_type": "building", "subtype": "no-damage", "uid": "a3c79464-8ed8-4cf1-8c5a-586c01bfcbe5" }, "geometry": { "type": "Polygon", "coordinates": [ [ [ 523.02207175606236, 31.526932458228281 ], [ 523.946378027520495, 31.5269324572666 ], [ 523.02207175690387, 25.364890652833768 ], [ 531.032726104972653, 25.05678856222746 ], [ 530.108419833754965, 20.743359299509152 ], [ 523.638275936673836, 20.743359298547471 ], [ 523.330173846788853, 17.662338396331059 ], [ 527.64360310890504, 11.80839868058119 ], [ 537.194767907119967, 11.80839868058119 ], [ 536.578563726508605, 14.889419583759279 ], [ 536.57856372963397, 38.305178444835413 ], [ 517.168132038991644, 37.997076354229087 ], [ 516.860029953554317, 31.835034549796259 ], [ 523.02207175606236, 31.526932458228281 ] ] ] } },
{ "type": "Feature", "properties": { "feature_type": "building", "subtype": "no-damage", "uid": "5c648263-56bb-4f2b-b300-8bd39e30a0cb" }, "geometry": { "type": "Polygon", "coordinates": [ [ [ 550.751259881773535, 27.213503194548291 ], [ 562.767241401472461, 28.13780946636723 ], [ 562.459139310625801, 38.305178443873729 ], [ 549.210749432348621, 37.997076354229087 ], [ 550.751259881773535, 27.213503194548291 ] ] ] } },
{ "type": "Feature", "properties": { "feature_type": "building", "subtype": "no-damage", "uid": "bb2c580b-e6d2-42ec-bdf7-435c6f7a77b0" }, "geometry": { "type": "Polygon", "coordinates": [ [ [ 482.352595838112279, 42.002403528264438 ], [ 514.087111139540752, 40.153790985588238 ], [ 515.011417409315868, 57.099405952586899 ], [ 513.162804867481555, 62.645243576768777 ], [ 484.201208382471009, 64.493856118483308 ], [ 483.276902108488514, 50.013057874411793 ], [ 482.352595838112279, 42.002403528264438 ] ] ] } },
{ "type": "Feature", "properties": { "feature_type": "building", "subtype": "no-damage", "uid": "12cddec3-1565-4319-a8a3-54b8801c1a6d" }, "geometry": { "type": "Polygon", "coordinates": [ [ [ 536.585065246224872, 77.872701301111533 ], [ 535.860847097825854, 60.974277824678623 ], [ 554.44911292023869, 61.215683874465583 ], [ 554.93192501945191, 77.148483151750611 ], [ 536.585065246224872, 77.872701301111533 ] ] ] } },
{ "type": "Feature", "properties": { "feature_type": "building", "subtype": "no-damage", "uid": "a1b6ff69-c757-452d-b097-f26a01dd618f" }, "geometry": { "type": "Polygon", "coordinates": [ [ [ 545.999901182625308, 46.972726942804329 ], [ 563.86394886012522, 46.972726942804329 ], [ 563.139730709201785, 57.594593129584368 ], [ 546.724119331745669, 57.11178103001042 ], [ 545.999901182625308, 46.972726942804329 ] ] ] } },
{ "type": "Feature", "properties": { "feature_type": "building", "subtype": "no-damage", "uid": "e61edb28-8ce2-48ef-b135-65501ae85c25" }, "geometry": { "type": "Polygon", "coordinates": [ [ [ 561.44988836297739, 60.491465725104668 ], [ 567.243633553896302, 58.077405229158309 ], [ 586.073305428981143, 57.11178103001042 ], [ 584.624869134346795, 53.973502382779799 ], [ 592.591268772987405, 54.456314483315417 ], [ 591.6256445714356, 75.2172347553782 ], [ 582.452214686264597, 76.424265004313057 ], [ 581.245184435166266, 71.11333190996136 ], [ 561.932700460748038, 71.354737960710011 ], [ 561.44988836297739, 60.491465725104668 ] ] ] } },
{ "type": "Feature", "properties": { "feature_type": "building", "subtype": "no-damage", "uid": "7ebd4225-f322-4c95-8e6f-b923c345577a" }, "geometry": { "type": "Polygon", "coordinates": [ [ [ 493.418265019027785, 123.670217920888206 ], [ 492.935452922939987, 109.910073087839194 ], [ 505.971379602537922, 108.220230739330404 ], [ 505.729973552390277, 123.670217918964795 ], [ 493.418265019027785, 123.670217920888206 ] ] ] } },
{ "type": "Feature", "properties": { "feature_type": "building", "subtype": "no-damage", "uid": "8db8f507-cf39-47ff-8210-d4eab0fc08a0" }, "geometry": { "type": "Polygon", "coordinates": [ [ [ 508.626846149472726, 122.221781622166404 ], [ 506.695597751177388, 105.081952094023094 ], [ 532.526045066596566, 101.943673448715799 ], [ 533.008857166290682, 108.703042837942704 ], [ 535.181511616536682, 108.461636789117406 ], [ 536.629947913575165, 127.291308664807701 ], [ 521.904178884026464, 128.498338912780895 ], [ 521.662772833037479, 120.773345322482896 ], [ 509.592470346696985, 122.221781622166404 ], [ 508.626846149472726, 122.221781622166404 ] ] ] } },
{ "type": "Feature", "properties": { "feature_type": "building", "subtype": "no-damage", "uid": "0ac7a8c5-27bf-44a4-82fd-a978bcc22fe1" }, "geometry": { "type": "Polygon", "coordinates": [ [ [ 558.597898431802719, 94.701491957991735 ], [ 555.218213735747668, 99.046800853195549 ], [ 548.217438296134446, 96.874146405112796 ], [ 546.044783846729956, 97.356958505648421 ], [ 545.803377797063263, 98.563988753621601 ], [ 543.630723350183075, 99.046800852233872 ], [ 545.079159651909777, 102.185079499464507 ], [ 545.210000002308789, 103.029999999584405 ], [ 544.45999999867729, 109.669999999962897 ], [ 535.181511616536682, 108.461636789117406 ], [ 530.111984569088122, 101.219455300316596 ], [ 527.9393301219676, 86.010874170469137 ], [ 558.356492382376473, 84.321031821960347 ], [ 558.597898431802719, 94.701491957991735 ] ] ] } },
{ "type": "Feature", "properties": { "feature_type": "building", "subtype": "no-damage", "uid": "88b49dfe-33fc-4df9-854d-dc7bc7e9fee5" }, "geometry": { "type": "Polygon", "coordinates": [ [ [ 597.009999998590501, 116.200000000371205 ], [ 591.189999999039401, 116.669999999718698 ], [ 583.621540588138942, 113.721018625979298 ], [ 579.598219406815929, 117.034341950983602 ], [ 558.329035677010097, 115.143747839369695 ], [ 557.818962875939519, 121.519657850468306 ], [ 585.359999998824492, 122.7799999998917 ], [ 591.301980017474989, 135.722616560977599 ], [ 594.449999999572015, 133.789999999605186 ], [ 598.188490581590031, 134.533490154570188 ], [ 602.292393423639965, 149.983477334204593 ], [ 598.188490576901813, 152.880349930686606 ], [ 568.012734371569081, 155.777222526206913 ], [ 566.322892020656468, 143.465513991879703 ], [ 557.63227423277533, 144.672544242738013 ], [ 556.666650034589338, 139.361611148386288 ], [ 561.977583126415311, 138.637392999025309 ], [ 553.528371390364669, 126.325684465659805 ], [ 548.217438295653665, 123.670217918964795 ], [ 545.4900000023855, 105.000000001146503 ], [ 545.810000001150911, 102.140000000963198 ], [ 568.978358567951886, 100.736643200742705 ], [ 593.843181684704291, 95.184304056604006 ], [ 597.009999998590501, 116.200000000371205 ] ] ] } },
{ "type": "Feature", "properties": { "feature_type": "building", "subtype": "no-damage", "uid": "7b3610be-5cbe-408b-9ddb-f037a9803631" }, "geometry": { "type": "Polygon", "coordinates": [ [ [ 601.062290447402688, 160.649148862102095 ], [ 602.000955609400648, 165.577140962713202 ], [ 602.939620767912629, 181.299782420293809 ], [ 581.115655762397296, 183.41177903346761 ], [ 579.942324312424148, 162.761145477199193 ], [ 601.062290447402688, 160.649148862102095 ] ] ] } },
{ "type": "Feature", "properties": { "feature_type": "building", "subtype": "no-damage", "uid": "1aee9269-2493-4ded-9e66-9d1cba640f9c" }, "geometry": { "type": "Polygon", "coordinates": [ [ [ 675.916653662667045, 156.162190805720201 ], [ 680.440000001314843, 161.330000000065297 ], [ 677.180000001383405, 162.639999999883599 ], [ 653.554002411972874, 165.393818650550287 ], [ 654.390000001690396, 154.130000000014206 ], [ 673.695150399216914, 152.79600748880361 ], [ 674.500000004135131, 152.540000000359498 ], [ 675.916653662667045, 156.162190805720201 ] ] ] } },
{ "type": "Feature", "properties": { "feature_type": "building", "subtype": "no-damage", "uid": "ebc866a5-fe05-4636-9b28-b650cf7de81d" }, "geometry": { "type": "Polygon", "coordinates": [ [ [ 733.221071511371292, 145.626801505122899 ], [ 729.529999998717358, 145.790000000010991 ], [ 729.509882445435437, 145.396161570973391 ], [ 723.712490016570655, 145.751103966564614 ], [ 724.618304020491905, 152.884389220248295 ], [ 694.666671668384311, 157.338163548844307 ], [ 693.083595873390436, 154.511242485564708 ], [ 687.179507261127014, 155.5739784351521 ], [ 684.258347588835704, 158.845677269946293 ], [ 683.930000001970598, 160.219999999580608 ], [ 683.829399088496871, 159.97490140287249 ], [ 680.930000000667746, 161.130000000731712 ], [ 676.350607125522629, 155.898841494017887 ], [ 674.980000000059249, 152.390000000138087 ], [ 681.238574476684221, 150.404190097466 ], [ 709.968265280734045, 147.253191750665508 ], [ 708.435380823033711, 135.948168856295098 ], [ 707.399999998964859, 135.879999999998091 ], [ 710.53999999886355, 128.029999999949013 ], [ 718.680000003017199, 127.950000000407897 ], [ 718.804339089024552, 129.22499120680709 ], [ 732.089999999418751, 127.279999999803394 ], [ 733.221071511371292, 145.626801505122899 ] ] ] } },
{ "type": "Feature", "properties": { "feature_type": "building", "subtype": "no-damage", "uid": "f032982e-3941-4d53-901c-0b30bf4e0547" }, "geometry": { "type": "Polygon", "coordinates": [ [ [ 712.210000001785374, 101.440000000891402 ], [ 711.668448751313804, 105.806937466087405 ], [ 704.489313756646197, 106.727339389673801 ], [ 704.263571168488511, 109.436250443238606 ], [ 715.043542729291516, 108.301516595998095 ], [ 716.73000000098034, 108.140000001166101 ], [ 718.630000003063628, 127.450000001593096 ], [ 707.369859566400919, 127.562277851858894 ], [ 702.669999998931075, 135.58000000147851 ], [ 702.61711066425903, 135.572796587351007 ], [ 699.336005147176252, 132.656258350370706 ], [ 697.15966022278019, 131.86486019416509 ], [ 695.600437780181551, 132.755844448315202 ], [ 696.540158341852816, 135.950894357830208 ], [ 693.242332777361071, 140.347995108242998 ], [ 693.773577808567438, 143.712546961131011 ], [ 680.750000000017394, 146.530000000334212 ], [ 679.980000000106998, 142.47000000030269 ], [ 681.5599574232034, 142.332541197311713 ], [ 680.457935513736288, 130.761311149706813 ], [ 693.945549782965372, 130.207025630042693 ], [ 691.758625254344338, 123.447440727437396 ], [ 681.758408039787014, 124.601311944765499 ], [ 681.943985692309752, 127.570554443792005 ], [ 676.657581581410795, 128.846583021936993 ], [ 676.293155972080399, 130.850923881428798 ], [ 652.750000000640057, 134.080000001187386 ], [ 652.35600136994583, 132.149289815102492 ], [ 649.360998771309369, 127.656785918108397 ], [ 637.680488641387569, 127.956286178164504 ], [ 637.380988382894316, 117.4737770848579 ], [ 625.101477730336228, 116.874776566669098 ], [ 621.57999999961271, 93.369999999940575 ], [ 644.830000003398595, 90.420000001355461 ], [ 648.820000002267875, 91.900000000078393 ], [ 651.055808875474327, 111.343616042879106 ], [ 656.183803177534287, 111.343616042879106 ], [ 656.803803179507327, 112.055083446903495 ], [ 675.006819389079737, 110.873069408006003 ], [ 687.677294862835765, 108.960544809372706 ], [ 687.199845371173751, 98.456655981504611 ], [ 688.341133899185252, 95.032790397589366 ], [ 693.529999998590483, 89.509999999242652 ], [ 705.109896892370443, 87.770270491727047 ], [ 709.320000003097221, 86.970000001070503 ], [ 712.210000001785374, 101.440000000891402 ] ] ] } },
{ "type": "Feature", "properties": { "feature_type": "building", "subtype": "no-damage", "uid": "aa99dd7e-591b-4485-b980-63814bb58338" }, "geometry": { "type": "Polygon", "coordinates": [ [ [ 730.939999999284055, 108.589999999907107 ], [ 732.059999999711067, 126.780000000026902 ], [ 719.250580205557753, 128.654362035995888 ], [ 717.229999998592916, 108.090000000130601 ], [ 726.210213040882422, 107.203155580627595 ], [ 730.939999999284055, 108.589999999907107 ] ] ] } },
{ "type": "Feature", "properties": { "feature_type": "building", "subtype": "no-damage", "uid": "f7740aef-904c-47a2-adf0-d4d5e6d860b5" }, "geometry": { "type": "Polygon", "coordinates": [ [ [ 739.211076709726058, 82.132746429979363 ], [ 739.510576965815062, 101.899763575406794 ], [ 732.93000000097129, 105.530000000390203 ], [ 726.652389254831974, 104.883655859397294 ], [ 726.292287736793014, 99.842234584972587 ], [ 724.795021095526295, 98.532126273578371 ], [ 723.839999998660915, 95.680000000273537 ], [ 725.609983980338598, 94.046012635506784 ], [ 725.414958652309906, 91.900734030555668 ], [ 725.395925862257172, 91.900734031517331 ], [ 725.06000000055792, 83.63999999961635 ], [ 733.470000001239441, 80.910000000971365 ], [ 739.211076709726058, 82.132746429979363 ] ] ] } },
{ "type": "Feature", "properties": { "feature_type": "building", "subtype": "no-damage", "uid": "07d65de4-bbea-4c30-b602-bcddbca09c27" }, "geometry": { "type": "Polygon", "coordinates": [ [ [ 724.906044836695514, 92.052659670346017 ], [ 720.844981962610063, 92.23725343662322 ], [ 721.120000000560253, 94.920000000305535 ], [ 720.777623743852018, 94.980018867311273 ], [ 721.34997750072489, 97.269433906824418 ], [ 717.629495263253489, 99.50172324897126 ], [ 719.790715484703128, 103.644062011358898 ], [ 716.644045127346089, 104.273396080354104 ], [ 715.559353226056032, 101.561666327368798 ], [ 712.709999998917169, 101.380000000033505 ], [ 709.810000000767218, 86.879999999783621 ], [ 722.501163858121799, 84.471926758262086 ], [ 724.570000000603955, 83.79999999966023 ], [ 724.906044836695514, 92.052659670346017 ] ] ] } },
{ "type": "Feature", "properties": { "feature_type": "building", "subtype": "no-damage", "uid": "fb193ca4-a67c-4c1d-bf66-d475d08966b7" }, "geometry": { "type": "Polygon", "coordinates": [ [ [ 715.371024375190359, 78.22648357382505 ], [ 716.809999999800084, 77.960000000462898 ], [ 710.6626608395419, 83.085229725353017 ], [ 704.758733536424529, 83.380426089901889 ], [ 694.084236232751323, 83.685411726191532 ], [ 692.770000002469374, 89.579999998961327 ], [ 687.901519887076915, 94.770493611713675 ], [ 686.696145509612506, 98.38661674350665 ], [ 687.157361176702807, 108.533361468060207 ], [ 674.953209869171133, 110.375497516458296 ], [ 657.017617356725168, 111.540146379911803 ], [ 656.847617356498176, 111.343616042879106 ], [ 656.959643532106952, 111.343616043840797 ], [ 654.459999999485717, 91.539999999739251 ], [ 668.520372876742613, 89.978187160659587 ], [ 673.103187110315616, 85.636573674322918 ], [ 673.322378557148227, 84.102233549860316 ], [ 680.642925318254697, 83.393793539394622 ], [ 680.374971277105033, 79.374482932966842 ], [ 670.673396125768932, 80.32097807090247 ], [ 664.830000002026509, 67.760000000791138 ], [ 711.769569399607917, 65.321269909545222 ], [ 715.371024375190359, 78.22648357382505 ] ] ] } },
{ "type": "Feature", "properties": { "feature_type": "building", "subtype": "no-damage", "uid": "b8d8d0fe-f103-4349-8d10-ca8bfea59607" }, "geometry": { "type": "Polygon", "coordinates": [ [ [ 648.269886468704044, 68.616064778085786 ], [ 660.610000000509672, 67.97000000090884 ], [ 669.940000001082581, 87.940000000194516 ], [ 668.298344123032393, 89.499780070028422 ], [ 649.432860833275186, 91.595944879935161 ], [ 645.900000000265777, 90.280000000956434 ], [ 646.665308102547897, 90.185672607547573 ], [ 643.258807334170569, 77.289633984281352 ], [ 620.200000000316436, 76.890000000229563 ], [ 618.030000000022369, 50.220000000669238 ], [ 643.4768112768229, 49.443764025462642 ], [ 648.269886468704044, 68.616064778085786 ] ] ] } },
{ "type": "Feature", "properties": { "feature_type": "building", "subtype": "no-damage", "uid": "6c1a3ae8-68e1-458e-9d00-88e2a39c4e88" }, "geometry": { "type": "Polygon", "coordinates": [ [ [ 675.790000000942428, 147.739999999043192 ], [ 672.833474433063429, 149.54604103685989 ], [ 654.629999999953043, 150.959999999565611 ], [ 655.051503709367694, 145.327301245066792 ], [ 654.929999999915026, 144.719999999777713 ], [ 675.180000001195936, 142.900000002283804 ], [ 675.790000000942428, 147.739999999043192 ] ] ] } },
{ "type": "Feature", "properties": { "feature_type": "building", "subtype": "no-damage", "uid": "37a9d8b4-3cba-43a0-9985-dacc40aa28c9" }, "geometry": { "type": "Polygon", "coordinates": [ [ [ 669.659999999683578, 27.02999999989947 ], [ 668.803766627950949, 27.099340108543451 ], [ 670.13980899593605, 31.775488401060571 ], [ 689.186002077071407, 30.15149922047312 ], [ 692.91811956727463, 49.166119098455887 ], [ 724.249999999073793, 44.519999999947572 ], [ 725.134564496832013, 56.375724090162713 ], [ 728.489999999514339, 75.330000001003853 ], [ 715.730087994004521, 77.653002013219393 ], [ 712.143536733292308, 64.801193336720885 ], [ 692.220000001657581, 65.83000000140386 ], [ 690.315091070803305, 48.926154208677751 ], [ 668.161933042660053, 52.519658024602442 ], [ 665.465853414910498, 33.343559386982527 ], [ 654.185536297556609, 34.28358581251733 ], [ 654.783009622212376, 42.648212397849854 ], [ 647.426143359545677, 42.648212397849854 ], [ 644.726529176361169, 36.649069778379904 ], [ 638.837313783399736, 36.976248412143697 ], [ 638.828923246516524, 45.337084077894318 ], [ 618.019000521950716, 43.998001038978821 ], [ 614.618968638113984, 8.455682523508592 ], [ 617.616031974882389, 6.163781648316245 ], [ 639.670000001023027, 5.160000000693794 ], [ 640.124261018853645, 12.627710644978761 ], [ 639.22978438378334, 16.503776068746401 ], [ 638.305659333681547, 27.9013183760175 ], [ 648.108022940819751, 26.952702542855139 ], [ 648.650000000718705, 4.750000000280834 ], [ 666.74000000044623, 3.920000000594162 ], [ 669.659999999683578, 27.02999999989947 ] ] ] } },
{ "type": "Feature", "properties": { "feature_type": "building", "subtype": "no-damage", "uid": "63b3ba7b-2b85-47de-896c-77b31cd25197" }, "geometry": { "type": "Polygon", "coordinates": [ [ [ 697.964566582654356, 11.700685122514811 ], [ 700.369105968118788, 11.70068512059146 ], [ 698.82910596697559, 17.403672910194249 ], [ 698.59000000081835, 24.709999998782411 ], [ 670.160000000421633, 26.989999999648081 ], [ 667.239999998780036, 3.89999999998763 ], [ 696.580000000928862, 2.559999999740365 ], [ 697.964566582654356, 11.700685122514811 ] ] ] } },
{ "type": "Feature", "properties": { "feature_type": "building", "subtype": "no-damage", "uid": "fcd265e3-d21a-404a-af47-a61203c1883f" }, "geometry": { "type": "Polygon", "coordinates": [ [ [ 722.420323958702284, 19.953820067603829 ], [ 722.62999999899057, 22.79000000017923 ], [ 699.089999998551207, 24.670000000454369 ], [ 699.326977823830134, 17.47770772479906 ], [ 700.886977824377823, 11.700685122514811 ], [ 703.81308479700931, 11.700685121553139 ], [ 704.100000001306285, 2.210000000185325 ], [ 722.236456779775267, 1.38323499669404 ], [ 722.420323958702284, 19.953820067603829 ] ] ] } },
{ "type": "Feature", "properties": { "feature_type": "building", "subtype": "no-damage", "uid": "a71d2ad7-c1ec-4016-a056-ea28598a17b9" }, "geometry": { "type": "Polygon", "coordinates": [ [ [ 724.070000003832888, 42.079999999999693 ], [ 702.003842225935387, 43.530985872322262 ], [ 701.705551758088859, 39.653209802097741 ], [ 696.843686223823624, 39.653209802097741 ], [ 694.350902572882092, 34.113690585261487 ], [ 711.031158358823973, 31.730796902035781 ], [ 710.860000001716003, 30.0100000008369 ], [ 723.130000000690302, 29.479999999669779 ], [ 724.070000003832888, 42.079999999999693 ] ] ] } },
{ "type": "Feature", "properties": { "feature_type": "building", "subtype": "no-damage", "uid": "5331e7b4-88e4-402f-9848-30bd4a8b3114" }, "geometry": { "type": "Polygon", "coordinates": [ [ [ 688.713918777966001, 163.079099494621403 ], [ 688.425789286588838, 171.002660515852114 ], [ 696.660000000590117, 170.260000000170209 ], [ 697.107348780127495, 174.182345269313288 ], [ 696.709999998860781, 186.760000001449413 ], [ 685.688559112554572, 185.409135100345196 ], [ 684.968235384652417, 176.044926619222593 ], [ 682.086940470158652, 176.188991366654307 ], [ 681.798810974694334, 186.273523574356886 ], [ 674.59557368353137, 187.426041541308706 ], [ 675.027767921619102, 201.976580872271711 ], [ 673.875249955629215, 205.722264262220392 ], [ 661.62974656217898, 206.874782229172212 ], [ 658.892516390548963, 200.391868665909897 ], [ 653.562120790152562, 200.247803921363186 ], [ 653.706185538305476, 177.4855740791144 ], [ 654.426509267169308, 175.756797129167609 ], [ 658.316257407313628, 172.299243228312292 ], [ 677.188739111576524, 172.731437464837313 ], [ 677.90906284068069, 164.375682208043202 ], [ 682.519134705842134, 162.935034749112987 ], [ 688.713918777966001, 163.079099494621403 ] ] ] } },
{ "type": "Feature", "properties": { "feature_type": "building", "subtype": "no-damage", "uid": "4aef51a6-017b-4704-8088-208207f418d1" }, "geometry": { "type": "Polygon", "coordinates": [ [ [ 700.815357425908019, 171.002660514890493 ], [ 720.552227607548389, 170.138272039917013 ], [ 721.128486588379474, 177.77370357013109 ], [ 733.806184223283253, 178.494027299596212 ], [ 733.806184224124763, 189.01075374478549 ], [ 720.840357099646894, 191.74798391713739 ], [ 706.577947258862423, 193.476760867084295 ], [ 705.713558785812552, 188.434494761790489 ], [ 698.654386237753783, 186.993847303822008 ], [ 697.200000003863465, 186.820000001345591 ], [ 697.608258271422073, 174.161824577259893 ], [ 697.15999999916437, 170.22000000088039 ], [ 699.662839459677798, 169.994207295370387 ], [ 700.815357425908019, 171.002660514890493 ] ] ] } },
{ "type": "Feature", "properties": { "feature_type": "building", "subtype": "no-damage", "uid": "892a1ee8-db56-4b5c-b29e-029bec2b74c4" }, "geometry": { "type": "Polygon", "coordinates": [ [ [ 633.070607319582905, 199.650212625943595 ], [ 644.470372413297014, 199.282478268570401 ], [ 645.757442664584005, 211.049977717977612 ], [ 635.277013469231292, 210.498376181436896 ], [ 633.070607319582905, 199.650212625943595 ] ] ] } },
{ "type": "Feature", "properties": { "feature_type": "building", "subtype": "no-damage", "uid": "9c7349c2-ad45-4f9f-94e7-fe21d013effc" }, "geometry": { "type": "Polygon", "coordinates": [ [ [ 740.640000000499299, 232.850000001406698 ], [ 741.475882488972275, 258.142804735400603 ], [ 741.589999998535632, 259.180000000272798 ], [ 735.690310485118744, 258.991306527177414 ], [ 734.477387930975851, 253.654447289380414 ], [ 716.15597439620376, 255.387553975052214 ], [ 716.42388097025821, 260.477778942674774 ], [ 729.71104192849316, 259.028270474944918 ], [ 729.949355989586365, 261.649725152861322 ], [ 741.88999999897851, 262.069999998961578 ], [ 743.835232593597198, 280.556630715939093 ], [ 741.082657471915468, 297.072081436416624 ], [ 725.340000000875079, 298.630000000813425 ], [ 719.721366882902771, 283.340874554498612 ], [ 717.641550352086142, 283.637991201122816 ], [ 715.710000002023094, 299.580000000292614 ], [ 673.447954518187657, 303.756906727946898 ], [ 671.875054447195566, 293.139831265607086 ], [ 666.369904204793784, 291.960156214556491 ], [ 667.36999999923637, 281.630000000719406 ], [ 673.857416245323293, 278.990412498633418 ], [ 675.484076189723623, 276.434232584166125 ], [ 681.624819051746272, 278.55987434695021 ], [ 687.285672015492196, 278.045251348716022 ], [ 684.747008508579938, 268.652196354481873 ], [ 680.094789423851239, 268.378536410265895 ], [ 681.305885964750019, 272.011826034405487 ], [ 672.360504664828568, 271.782457283177791 ], [ 669.91470606880921, 268.847498968627008 ], [ 666.070142465800132, 269.94594571351189 ], [ 668.775081416893158, 274.618112990149314 ], [ 666.749999999186684, 276.140000000115378 ], [ 661.500000000092314, 268.390000001175679 ], [ 662.209999999265051, 266.720000000056473 ], [ 676.401633939468752, 263.340912507303301 ], [ 684.815449904043248, 261.417754571553814 ], [ 706.568239916215134, 262.6129628121991 ], [ 707.307264120386776, 265.322718237913818 ], [ 711.252580610671885, 264.477293277504202 ], [ 707.178886716470402, 257.348328966947292 ], [ 703.691053977767979, 255.853543506249395 ], [ 692.946025958905693, 254.388312413297911 ], [ 689.053948951706502, 256.820860543549315 ], [ 679.233844632600153, 258.018434241195109 ], [ 672.030000002316342, 257.59000000061809 ], [ 668.956350325982839, 254.137531431535592 ], [ 659.017973105402689, 255.793927635086192 ], [ 659.190638309636711, 254.585271193065608 ], [ 667.631389498955969, 251.208970717337195 ], [ 668.863561679554778, 245.048109811817113 ], [ 670.039999999066367, 240.540000000450192 ], [ 685.581822081633049, 238.935365466079787 ], [ 684.469999999714332, 233.919999999716708 ], [ 695.740490530639477, 233.166702885877214 ], [ 696.809999999849879, 232.449999999854498 ], [ 740.640000000499299, 232.850000001406698 ] ] ] } },
{ "type": "Feature", "properties": { "feature_type": "building", "subtype": "no-damage", "uid": "b19edcdd-bad5-462f-87ad-d1257d01725c" }, "geometry": { "type": "Polygon", "coordinates": [ [ [ 669.283871875159434, 237.017364390556992 ], [ 668.549608438398195, 240.688681577369607 ], [ 669.510000002226889, 240.589999998600689 ], [ 668.376105362939825, 244.935881638816994 ], [ 667.194217047472648, 250.845323217837205 ], [ 658.736544759641674, 254.228392132297188 ], [ 658.4263978655041, 256.399420385370775 ], [ 668.766128817407889, 254.676131893827204 ], [ 672.244218319770425, 258.588982585113001 ], [ 662.303440587679233, 260.482464058808603 ], [ 662.810162612487147, 264.029518232104124 ], [ 660.909999998788635, 268.510000000006528 ], [ 647.787858619498479, 271.851036670044095 ], [ 652.650000002776324, 288.520000000505206 ], [ 643.956078225222313, 288.027906040861978 ], [ 630.560000003996493, 239.860000000984996 ], [ 665.503467589756383, 237.499800782789407 ], [ 665.459999999494471, 236.800000001468192 ], [ 669.283871875159434, 237.017364390556992 ] ] ] } },
{ "type": "Feature", "properties": { "feature_type": "building", "subtype": "no-damage", "uid": "a9e70e8e-bebc-487b-a40c-aa6b40e617ed" }, "geometry": { "type": "Polygon", "coordinates": [ [ [ 693.379042004752591, 199.466345445814511 ], [ 693.562909184881619, 200.385681341651804 ], [ 699.630526090915055, 200.569548520819211 ], [ 700.917596341961485, 209.211305930149706 ], [ 738.794235197556873, 208.659704391685608 ], [ 738.058766485935962, 216.9337274446045 ], [ 710.84642400642349, 219.875602306475514 ], [ 695.585448151155333, 219.507867949102291 ], [ 694.849979436168496, 218.220797696853396 ], [ 693.562909188247545, 218.588532055188296 ], [ 693.195174826546804, 220.059469485642893 ], [ 687.311425099560665, 220.794938201351101 ], [ 688.230760994436082, 224.47228177893021 ], [ 695.47000000080493, 224.090000002129898 ], [ 696.140000000327404, 232.300000000594792 ], [ 695.574131639841426, 232.67668359856151 ], [ 681.228847116403017, 233.633035899635502 ], [ 678.728394006369854, 232.269152382361398 ], [ 677.001519354808238, 226.348439299397398 ], [ 673.454183458948364, 227.167055275272787 ], [ 672.975040679551057, 233.395911390249609 ], [ 665.27346759155671, 233.395911390249609 ], [ 665.237387191950006, 232.710353625397403 ], [ 660.899999999447118, 231.930000001394887 ], [ 656.53927877488718, 226.410000001323596 ], [ 656.539278775247908, 217.640627964714412 ], [ 656.97334058201568, 217.485328981145187 ], [ 664.51189491453647, 218.22079769589169 ], [ 664.14416056101004, 215.095055653891592 ], [ 683.266347165210277, 214.911188477609187 ], [ 681.795409734515601, 198.730876731068008 ], [ 693.379042004752591, 199.466345445814511 ] ] ] } },
{ "type": "Feature", "properties": { "feature_type": "building", "subtype": "no-damage", "uid": "93edb68b-87d8-4c86-ae88-8710afee8d8d" }, "geometry": { "type": "Polygon", "coordinates": [ [ [ 740.619999999411903, 232.34999999970691 ], [ 710.89000000046201, 232.079999999693001 ], [ 711.269999998883236, 223.250000000697412 ], [ 740.265172630655798, 221.714274096226688 ], [ 740.619999999411903, 232.34999999970691 ] ] ] } },
{ "type": "Feature", "properties": { "feature_type": "building", "subtype": "no-damage", "uid": "c428962b-5df8-4dfc-954a-7fcb580d0d54" }, "geometry": { "type": "Polygon", "coordinates": [ [ [ 765.089758026529807, 0.00267503569557 ], [ 766.409264991906525, 5.544070618738728 ], [ 764.328637473020422, 6.300662445930326 ], [ 764.139489512255636, 9.89447362292665 ], [ 757.141015117947518, 10.46191749307993 ], [ 756.951867158865753, 8.19214201246681 ], [ 747.683617282622777, 8.002994055428491 ], [ 746.974580314682839, 0.002792694756276 ], [ 765.089758026529807, 0.00267503569557 ] ] ] } },
{ "type": "Feature", "properties": { "feature_type": "building", "subtype": "no-damage", "uid": "fdbeb7ce-b832-4ef5-b2c7-7face028741c" }, "geometry": { "type": "Polygon", "coordinates": [ [ [ 783.622101894006278, 0.002545649965149 ], [ 784.378320875681766, 5.165774705623766 ], [ 781.730249483276566, 16.325504148766029 ], [ 781.541101527801061, 24.08057037195028 ], [ 752.601464158044678, 24.269718329950269 ], [ 750.709984588022621, 12.16424910353977 ], [ 767.922448647010583, 11.785953188501461 ], [ 768.111596601284077, 8.002994055428491 ], [ 769.435632300672182, 8.002994056390166 ], [ 768.868376281545238, 0.002649395506302 ], [ 783.622101894006278, 0.002545649965149 ] ] ] } },
{ "type": "Feature", "properties": { "feature_type": "building", "subtype": "no-damage", "uid": "153bb63a-6683-4199-826a-412cff84d4b2" }, "geometry": { "type": "Polygon", "coordinates": [ [ [ 755.249535552493398, 26.728641766640031 ], [ 765.274377252201248, 25.972049940410109 ], [ 767.355004776376632, 35.996891642284133 ], [ 766.030969079032047, 37.888371209782292 ], [ 766.598412948103373, 44.508549690736643 ], [ 761.869714032003685, 44.508549690736643 ], [ 760.167382422385685, 39.96899873239542 ], [ 757.330163073783751, 40.158146689433742 ], [ 755.24953555020943, 28.430973376138201 ], [ 755.249535552493398, 26.728641766640031 ] ] ] } },
{ "type": "Feature", "properties": { "feature_type": "building", "subtype": "no-damage", "uid": "08b0a18c-5658-4a9b-b630-11726897068c" }, "geometry": { "type": "Polygon", "coordinates": [ [ [ 793.268274839170431, 12.353397059616411 ], [ 796.105494189455271, 10.27276953507994 ], [ 795.727198275979845, 8.192142013428485 ], [ 801.737852914527593, 0.002410354739452 ], [ 803.560259143697522, 0.002396263309952 ], [ 846.418850662343061, 0.05877987520592 ], [ 858.126423240292524, 0.001933433947949 ], [ 858.52477506449884, 0.001929762271307 ], [ 861.36153924131952, 31.646488640019559 ], [ 849.823513882180009, 43.562809909391753 ], [ 819.370692859964151, 46.778325172311433 ], [ 816.344325553362296, 42.995366038276792 ], [ 811.993922547612669, 42.806218082200147 ], [ 811.804774594661581, 45.07599356185159 ], [ 808.589259328376784, 47.156621084464717 ], [ 804.995448152823769, 45.07599356185159 ], [ 796.672938061772243, 44.697697648736629 ], [ 796.483790101969134, 38.455815079935583 ], [ 786.648096357015561, 38.83411099208886 ], [ 782.297693351626549, 45.454289474966551 ], [ 770.759667995372183, 45.265141518889912 ], [ 773.029443474902791, 30.511600899712999 ], [ 795.348902363465982, 31.268192725942921 ], [ 793.646570752886305, 13.86658071207626 ], [ 793.268274839170431, 12.353397059616411 ] ] ] } },
{ "type": "Feature", "properties": { "feature_type": "building", "subtype": "no-damage", "uid": "13e2ef45-4f65-40db-905f-7434434f1d27" }, "geometry": { "type": "Polygon", "coordinates": [ [ [ 784.343257816362893, 45.645467544141518 ], [ 785.852823504636149, 41.813493108894328 ], [ 793.749013256221133, 41.116770482205737 ], [ 794.677976751380015, 47.155033231453459 ], [ 817.902064251282809, 45.529347106360092 ], [ 818.36654599784049, 52.380452918154504 ], [ 812.096042374353715, 52.961055105138307 ], [ 812.444403684812869, 56.444668228964552 ], [ 808.147947500724968, 55.747945605160979 ], [ 808.380188376167553, 59.347679166768657 ], [ 794.097374566199505, 60.160522228353663 ], [ 794.329615439718737, 53.425536856264053 ], [ 791.77496581441801, 53.19329598070118 ], [ 791.542724942581685, 50.870887230842563 ], [ 783.64653519328067, 51.45148941782638 ], [ 784.343257816362893, 45.645467544141518 ] ] ] } },
{ "type": "Feature", "properties": { "feature_type": "building", "subtype": "no-damage", "uid": "36d8c5a0-353b-43af-bea4-66ca1bf10868" }, "geometry": { "type": "Polygon", "coordinates": [ [ [ 756.590473258492239, 51.799850730209002 ], [ 771.918371010536589, 53.07717554291974 ], [ 771.337768818984955, 52.032091604810198 ], [ 779.350079004504664, 51.219248542263507 ], [ 778.653356379979982, 55.515704728636443 ], [ 772.963454944678915, 56.444668228002882 ], [ 773.660177570766336, 59.696040478189602 ], [ 781.9047286288436, 59.463799603588413 ], [ 781.788608191663229, 63.063533165196077 ], [ 798.509951190112361, 62.831292290594902 ], [ 798.858312504177775, 70.030759413810244 ], [ 801.993564313937782, 70.030759413810244 ], [ 801.645203004800806, 76.997985664347752 ], [ 795.72306068948933, 77.230226537025601 ], [ 794.561856317685738, 73.630492975417923 ], [ 764.02218125859099, 73.166011226215545 ], [ 763.906060822252016, 70.611361601755732 ], [ 758.332279823169756, 70.495241163974299 ], [ 755.66150975996743, 53.657777729903557 ], [ 756.590473258492239, 51.799850730209002 ] ] ] } },
{ "type": "Feature", "properties": { "feature_type": "building", "subtype": "no-damage", "uid": "8557e528-eeb0-434d-9a9e-ffe2bebaf606" }, "geometry": { "type": "Polygon", "coordinates": [ [ [ 812.298001404669321, 58.663256168299121 ], [ 822.227560422184069, 58.515053795188607 ], [ 821.93115567283769, 64.887755851442108 ], [ 812.890810896029279, 65.480565345807477 ], [ 812.298001404669321, 58.663256168299121 ] ] ] } },
{ "type": "Feature", "properties": { "feature_type": "building", "subtype": "no-damage", "uid": "d456e10e-391e-47ef-86bf-222d352e818c" }, "geometry": { "type": "Polygon", "coordinates": [ [ [ 841.98134965745362, 70.454524966554089 ], [ 844.419551302421951, 73.502277027904128 ], [ 845.290000000743362, 74.369999999778912 ], [ 844.013309305005009, 76.151136228035654 ], [ 833.490940796971813, 75.410124359598115 ], [ 829.637679088766845, 73.928100627531379 ], [ 829.489476713732984, 72.742481639762318 ], [ 817.040477349613752, 73.038886387906686 ], [ 815.706655994384391, 67.11079145290806 ], [ 834.528357412952346, 67.258993825056891 ], [ 839.270833361863765, 65.184160598624786 ], [ 842.210000001101548, 64.690000000490187 ], [ 841.98134965745362, 70.454524966554089 ] ] ] } },
{ "type": "Feature", "properties": { "feature_type": "building", "subtype": "no-damage", "uid": "ffbb9a72-cab2-4898-b4ff-666162ce56ff" }, "geometry": { "type": "Polygon", "coordinates": [ [ [ 865.354451076789132, 70.519446038296365 ], [ 863.576022595977406, 71.705065027027103 ], [ 845.680000000309292, 74.05000000065283 ], [ 844.792686297761179, 73.168305240351245 ], [ 842.488411996823288, 70.287962365740981 ], [ 842.720000000940786, 64.610000000949086 ], [ 842.827690317837323, 64.591351105221094 ], [ 848.162975759551159, 63.257529744341532 ], [ 863.872427338712214, 62.071910758495811 ], [ 865.354451076789132, 70.519446038296365 ] ] ] } },
{ "type": "Feature", "properties": { "feature_type": "building", "subtype": "no-damage", "uid": "013da4ad-29e9-4e1c-a648-8a812915406f" }, "geometry": { "type": "Polygon", "coordinates": [ [ [ 844.013309306567749, 56.143815821573838 ], [ 846.088142534562053, 53.772577847959063 ], [ 862.983213101011074, 52.29055411396898 ], [ 863.872427338712214, 62.071910758495811 ], [ 844.606118798889383, 62.368315502793472 ], [ 844.013309306567749, 56.143815821573838 ] ] ] } },
{ "type": "Feature", "properties": { "feature_type": "building", "subtype": "no-damage", "uid": "ce66fcbf-8ed4-4cd7-bf8b-20825ab09529" }, "geometry": { "type": "Polygon", "coordinates": [ [ [ 834.474371988318239, 77.299500357384886 ], [ 842.329097775795049, 77.299500357384886 ], [ 842.625502523218074, 83.968607159859388 ], [ 824.693015345837239, 86.636249879695171 ], [ 824.248408223380466, 82.782988173052004 ], [ 818.764920410118862, 82.48658342683099 ], [ 820.54334889056986, 89.155690227382138 ], [ 817.431099047316252, 89.303892601454322 ], [ 813.726039713423802, 92.267940069434474 ], [ 810.317385125632086, 93.898166175573365 ], [ 812.392218352784994, 98.640642123764607 ], [ 811.503004117367823, 102.938510952624299 ], [ 808.687159018411762, 103.234915698845299 ], [ 809.724575633070003, 110.645034366872395 ], [ 805.278504430379598, 110.941439114055001 ], [ 805.130302058952111, 112.719867595227797 ], [ 802.166254591573647, 112.127058100862399 ], [ 801.573445097929721, 111.386046235309905 ], [ 798.75760000330115, 111.386046233386594 ], [ 798.905802379416855, 113.460879461741996 ], [ 796.830969151061936, 113.757284208924702 ], [ 797.868385762955427, 115.980319809429005 ], [ 794.311528800009683, 118.351557784005394 ], [ 795.941754908552412, 121.463807625096095 ], [ 792.829505068544336, 122.501224237831295 ], [ 791.495683706583236, 117.165938796236304 ], [ 786.605005385042205, 118.055153037784393 ], [ 785.122981655139597, 116.869534050015304 ], [ 782.010731809602021, 116.869534050015304 ], [ 783.492755543711951, 124.279652717080694 ], [ 778.157470101998001, 124.131450345893498 ], [ 776.823648741840088, 118.796164903336901 ], [ 757.853744948719054, 119.981783889182694 ], [ 756.964530709935957, 114.646498448549394 ], [ 756.824530708455086, 105.506829238696 ], [ 764.124175623597807, 105.506829238696 ], [ 768.844250588208979, 104.374011249824093 ], [ 777.009354982022842, 104.943669693955698 ], [ 784.109999999246952, 101.260000002164404 ], [ 784.207220646922565, 101.594156049607193 ], [ 789.339900159120134, 100.660941593040505 ], [ 793.648844757682582, 99.026514331023094 ], [ 798.557787899230902, 97.645874072052848 ], [ 798.857706048836576, 86.848820790105506 ], [ 800.139999999612087, 84.389999999761926 ], [ 802.462659338636058, 84.265011905118726 ], [ 801.645203004800806, 76.997985664347752 ], [ 830.621110279752656, 75.965678995543641 ], [ 834.474371988318239, 77.299500357384886 ] ] ] } },
{ "type": "Feature", "properties": { "feature_type": "building", "subtype": "no-damage", "uid": "e116f409-dc2d-41e8-9220-a3d18dc2b2ac" }, "geometry": { "type": "Polygon", "coordinates": [ [ [ 796.97917152429261, 79.818940704110176 ], [ 798.089999999110432, 81.730000001797279 ], [ 796.474138714885271, 89.813289893120626 ], [ 785.596737081515357, 90.828514044996538 ], [ 782.537335555675099, 89.808713537665099 ], [ 777.342595524831609, 87.932835193487236 ], [ 777.031594895311741, 86.066831398577065 ], [ 769.556493746199521, 86.845487768414188 ], [ 768.306027099785638, 89.033804398496898 ], [ 767.359279876677988, 90.76950764522897 ], [ 768.954203876119209, 94.756817643292138 ], [ 770.985625366275372, 94.572142960685881 ], [ 771.133969809494374, 91.753598611287615 ], [ 779.369617801221011, 90.901635025637944 ], [ 782.227346537622566, 95.045341688564775 ], [ 783.959999998664898, 100.780000001071102 ], [ 776.903958354335941, 104.435101044315005 ], [ 768.802338476757313, 103.869871750063396 ], [ 764.065015604000223, 105.006829239881199 ], [ 756.816328335382991, 105.006829239881199 ], [ 753.852280870649224, 86.488047507546355 ], [ 756.223518842219846, 85.15422614570511 ], [ 757.853744951604085, 81.745571558393436 ], [ 789.124445732127583, 78.781524090413285 ], [ 796.97917152429261, 79.818940704110176 ] ] ] } },
{ "type": "Feature", "properties": { "feature_type": "building", "subtype": "no-damage", "uid": "afb426e4-3043-4d49-b0d1-e113c9968f81" }, "geometry": { "type": "Polygon", "coordinates": [ [ [ 757.375310015181185, 127.163567526246297 ], [ 759.15373849467062, 124.495924804487103 ], [ 775.455999565311913, 125.681543791294501 ], [ 784.05173722314953, 125.977948539438898 ], [ 784.940951462172961, 120.642663096882302 ], [ 790.869046400536035, 120.642663096882302 ], [ 791.043538087792626, 126.547303488433997 ], [ 790.43076211658456, 138.747867622344387 ], [ 787.312189438071073, 148.652911665736497 ], [ 785.681963329167843, 149.393923534174093 ], [ 786.719379941662396, 158.4342683093017 ], [ 783.458927727461969, 159.175280175815914 ], [ 783.310725355313139, 157.693256442787487 ], [ 778.271844659700037, 158.4342683093017 ], [ 777.08622567241207, 156.507637455018397 ], [ 762.265988336000987, 157.100446947460398 ], [ 762.26598833491903, 163.4731490037139 ], [ 759.598345617488121, 164.21416087118979 ], [ 756.041488651296731, 136.50031704855661 ], [ 756.78250052285955, 129.386603125788895 ], [ 757.375310015181185, 127.163567526246297 ] ] ] } },
{ "type": "Feature", "properties": { "feature_type": "building", "subtype": "no-damage", "uid": "c7c30463-af08-492e-8b04-52b3cb867478" }, "geometry": { "type": "Polygon", "coordinates": [ [ [ 788.338143889787489, 154.124062430548406 ], [ 789.066011097064575, 144.934738907342194 ], [ 791.158629326506343, 142.478187072758686 ], [ 793.979114764547603, 142.75113727745611 ], [ 793.70616455672473, 140.8404858513058 ], [ 800.711886451966507, 139.930651839173805 ], [ 801.348770261564709, 142.02327006813519 ], [ 808.172525353394349, 142.023270069096895 ], [ 807.717608346967836, 155.033896441718696 ], [ 802.895488083655209, 154.578979436133608 ], [ 802.349587674140253, 152.850294812794289 ], [ 797.436484007859463, 152.759311412831295 ], [ 797.254517204807939, 154.669962837058307 ], [ 788.793060894891596, 154.215045831473105 ], [ 788.338143889787489, 154.124062430548406 ] ] ] } },
{ "type": "Feature", "properties": { "feature_type": "building", "subtype": "no-damage", "uid": "39ce3b1f-7894-4b36-9085-d31def24a899" }, "geometry": { "type": "Polygon", "coordinates": [ [ [ 810.26514358103293, 145.116705710153298 ], [ 807.990558552506741, 123.917573224496905 ], [ 813.340430306685562, 122.418751878568202 ], [ 816.706816149793895, 117.596631614172594 ], [ 853.737060448028501, 116.2318805945321 ], [ 856.921479489768444, 111.864677336683201 ], [ 870.387022871939052, 111.773693934796896 ], [ 871.114890079937481, 133.700693630735799 ], [ 863.472284376900689, 140.6154321231312 ], [ 861.197699347653156, 140.6154321231312 ], [ 860.469832138572883, 138.795764099828887 ], [ 842.091185089039527, 140.160515117546112 ], [ 840.453483867827345, 143.890834566998706 ], [ 841.0903676771851, 147.62115401837471 ], [ 836.632181019855125, 147.894104220186989 ], [ 836.996114621630568, 150.714589658469407 ], [ 838.906766045977292, 150.987539864128507 ], [ 839.270699652200392, 157.174411148164609 ], [ 831.355143746028943, 156.901460944428891 ], [ 830.445309732093961, 151.078523264091501 ], [ 828.352691505056441, 151.442456868752004 ], [ 828.443674908625781, 156.71949413969449 ], [ 815.97894893854982, 157.265394548127688 ], [ 815.978948941555132, 146.984270209978405 ], [ 815.251081729108932, 145.255585586639199 ], [ 810.26514358103293, 145.116705710153298 ] ] ] } },
{ "type": "Feature", "properties": { "feature_type": "building", "subtype": "no-damage", "uid": "93f218e3-53d0-4841-9b73-db93ea6195c0" }, "geometry": { "type": "Polygon", "coordinates": [ [ [ 762.546945675875122, 170.721349975566909 ], [ 768.817449298039605, 170.95359085112969 ], [ 769.165810611624238, 163.405762414570091 ], [ 788.674044105888015, 161.8961967272582 ], [ 789.835248482259544, 161.1994741024929 ], [ 800.982810482467698, 160.154390165345006 ], [ 802.144014852708665, 166.308773352374203 ], [ 794.131704667910185, 167.70221860190469 ], [ 796.454113420052181, 196.03560534556371 ], [ 789.486887170598266, 197.545171034799012 ], [ 788.441803231046492, 193.713196596666791 ], [ 782.171299606357593, 192.203630909354814 ], [ 777.062000358641285, 193.597076158885301 ], [ 773.810628109657387, 193.829317034448195 ], [ 772.184941986728177, 185.468645535341892 ], [ 771.836580676148856, 181.172189348968914 ], [ 763.243668302683773, 183.378477661046105 ], [ 762.546945675875122, 170.721349975566909 ] ] ] } },
{ "type": "Feature", "properties": { "feature_type": "building", "subtype": "no-damage", "uid": "6aa33fff-a261-417b-b945-618265d49d79" }, "geometry": { "type": "Polygon", "coordinates": [ [ [ 767.904226443648213, 194.783752973235693 ], [ 779.459118398947794, 195.147686579819492 ], [ 780.00501880641923, 208.6132299589882 ], [ 768.81406045590029, 207.703395946856205 ], [ 767.904226443648213, 194.783752973235693 ] ] ] } },
{ "type": "Feature", "properties": { "feature_type": "building", "subtype": "no-damage", "uid": "16676586-ff36-4cd0-b80a-ff16097b970e" }, "geometry": { "type": "Polygon", "coordinates": [ [ [ 798.896174721913667, 212.031185837020388 ], [ 801.26174315761557, 210.757418220228004 ], [ 804.537145598476968, 208.664799992228296 ], [ 804.355178795545726, 205.298414145512794 ], [ 809.541232665081452, 205.844314552984287 ], [ 809.632216065525313, 203.205795918474706 ], [ 819.09448979607123, 203.205795917513086 ], [ 819.458423399289131, 211.576268830473595 ], [ 816.910888163781465, 211.849219034209398 ], [ 816.72892136193218, 217.399206508887602 ], [ 810.724016883353102, 217.308223107001311 ], [ 811.360900688864149, 214.123804064058504 ], [ 802.717477572049688, 214.942654676227392 ], [ 802.353543966908433, 217.035272904227213 ], [ 798.532241116772525, 216.853306101416109 ], [ 798.896174721913667, 212.031185837020388 ] ] ] } },
{ "type": "Feature", "properties": { "feature_type": "building", "subtype": "no-damage", "uid": "031424e1-ebe7-4837-83f2-7824b1cb26f5" }, "geometry": { "type": "Polygon", "coordinates": [ [ [ 874.862516686956951, 195.21830012074409 ], [ 875.791480186202989, 216.932821928171592 ], [ 877.068804999754889, 235.628212361936903 ], [ 869.172615253098456, 235.744332798756687 ], [ 869.056494811710763, 237.718380236232605 ], [ 864.527797751699495, 237.950621111795499 ], [ 863.947195563994455, 235.395971487335686 ], [ 860.780000003845544, 235.080000000275191 ], [ 860.146633160879901, 228.512674465037605 ], [ 856.886868634500502, 226.786916776722393 ], [ 852.351915312049869, 226.491158950498402 ], [ 853.994903583780683, 241.916993299759611 ], [ 848.626913447512607, 242.553873485524605 ], [ 849.132923249635951, 247.31036562846549 ], [ 854.823719498523815, 247.035004518950188 ], [ 856.455283985132951, 251.657770563462293 ], [ 859.390000001000431, 251.799999999571213 ], [ 859.766859814442341, 254.323602793778804 ], [ 854.193078815840863, 255.020325420467401 ], [ 848.810655503936459, 259.513978168541882 ], [ 828.885290637962271, 260.241845378824507 ], [ 828.612340436630802, 247.049252199544895 ], [ 818.695149698215801, 246.776301995809092 ], [ 819.150066707647625, 230.763223383055589 ], [ 825.24595459099794, 230.581256578321188 ], [ 825.265954588599243, 230.194372769332404 ], [ 827.58359707831778, 230.194372769332404 ], [ 826.337295191494377, 226.040033152997808 ], [ 821.232943257942338, 226.4403744819964 ], [ 821.51999999994041, 228.619999999585588 ], [ 818.33121609355544, 228.5796217522078 ], [ 817.876299089292729, 222.847667473756786 ], [ 826.295092842322561, 222.847667473756786 ], [ 828.995092846668626, 224.740169171407501 ], [ 844.201755957499813, 223.8241051298983 ], [ 848.994617440706634, 222.902400998780308 ], [ 850.663671139777421, 221.859242435778896 ], [ 848.984140455660395, 217.413425911417391 ], [ 839.957663306173686, 217.318410362332401 ], [ 839.047126147890026, 222.508472141482287 ], [ 828.837612374481182, 222.595732942168212 ], [ 828.290127158542532, 217.303375853358204 ], [ 825.591420272453206, 217.50328006693789 ], [ 825.599999999375427, 217.680000000552411 ], [ 820.969734730107916, 217.752597004663698 ], [ 820.878751331587523, 215.932928982323091 ], [ 829.158240841096926, 213.11244354307911 ], [ 829.343305195292714, 209.036632179229287 ], [ 829.459425633194428, 205.785259931927612 ], [ 827.253137320757105, 205.669139492222797 ], [ 826.788655570472997, 199.398635868373901 ], [ 840.026385445697656, 197.656829306460793 ], [ 841.303710256124077, 201.953285493795391 ], [ 852.91575400397187, 202.301646805216308 ], [ 852.335151815545714, 195.102179682001008 ], [ 874.862516686956951, 195.21830012074409 ] ] ] } },
{ "type": "Feature", "properties": { "feature_type": "building", "subtype": "no-damage", "uid": "a522a711-6148-4686-b528-527989aa1e41" }, "geometry": { "type": "Polygon", "coordinates": [ [ [ 875.286825265096923, 237.950912078225087 ], [ 877.197476686558616, 255.419725113467109 ], [ 868.099136565481444, 255.510708513430188 ], [ 867.644219560136776, 256.602509329334907 ], [ 863.367999699607367, 256.147592322788114 ], [ 863.458983101253352, 251.68940566209119 ], [ 861.821281881002847, 251.416455458355387 ], [ 861.639315077710989, 245.229584175280905 ], [ 864.368817115068055, 244.956633972506808 ], [ 863.913900111766907, 239.679596700602701 ], [ 872.284373020157545, 239.770580102488992 ], [ 875.286825265096923, 237.950912078225087 ] ] ] } },
{ "type": "Feature", "properties": { "feature_type": "building", "subtype": "no-damage", "uid": "58103d23-656f-436f-bd48-01c02494492f" }, "geometry": { "type": "Polygon", "coordinates": [ [ [ 877.288460089286446, 258.149227148901389 ], [ 879.10812811330959, 263.699214625502975 ], [ 866.916352348772534, 264.609048636673322 ], [ 866.097501738647225, 258.968077760108713 ], [ 877.288460089286446, 258.149227148901389 ] ] ] } },
{ "type": "Feature", "properties": { "feature_type": "building", "subtype": "no-damage", "uid": "4ef8e98d-4ed7-416c-89f2-a0d770f6ec00" }, "geometry": { "type": "Polygon", "coordinates": [ [ [ 787.449073287201372, 247.62174479529719 ], [ 787.609999998763328, 247.610000001848192 ], [ 786.930000001462076, 256.939999999658482 ], [ 786.287868911551072, 256.911379792808418 ], [ 786.63623022477509, 260.85947466776031 ], [ 773.979102541703128, 260.859474666798576 ], [ 773.746861663856293, 256.098536730261628 ], [ 770.263248541112716, 255.053452794075497 ], [ 770.727730290074646, 247.62174479529719 ], [ 773.05013904161558, 246.692781294007489 ], [ 787.565193723900961, 245.996058670203894 ], [ 787.449073287201372, 247.62174479529719 ] ] ] } },
{ "type": "Feature", "properties": { "feature_type": "building", "subtype": "no-damage", "uid": "f1df721b-2428-48f8-b1de-dc7f63253e8b" }, "geometry": { "type": "Polygon", "coordinates": [ [ [ 798.132153536043575, 253.892248417222788 ], [ 792.90673384862248, 253.892248418184494 ], [ 794.996901725081557, 258.653186354721527 ], [ 791.513288597649876, 259.117668104885524 ], [ 789.190879849594921, 257.027500231551414 ], [ 788.549999999261331, 256.999999999554689 ], [ 789.199999999499596, 247.460000000664991 ], [ 798.712755722546376, 246.57666085814941 ], [ 798.132153536043575, 253.892248417222788 ] ] ] } },
{ "type": "Feature", "properties": { "feature_type": "building", "subtype": "no-damage", "uid": "ea1111c1-b732-4966-b962-7c2d3cb1ce76" }, "geometry": { "type": "Polygon", "coordinates": [ [ [ 786.510657140707735, 290.810951392427398 ], [ 774.43413164305673, 290.810951393389075 ], [ 775.130854267701579, 286.050013456852128 ], [ 768.628109769373282, 286.398374768273072 ], [ 767.11854408662964, 273.973487958356714 ], [ 770.718277644990735, 273.044524458028491 ], [ 769.324832398105286, 266.425659524681976 ], [ 787.323500204215975, 265.96117777163289 ], [ 787.904102391560286, 290.578710518787886 ], [ 786.510657140707735, 290.810951392427398 ] ] ] } },
{ "type": "Feature", "properties": { "feature_type": "building", "subtype": "no-damage", "uid": "7409a1db-77fe-4541-afc9-c4246e3f3bec" }, "geometry": { "type": "Polygon", "coordinates": [ [ [ 824.71428107462259, 276.528137583778175 ], [ 826.572208071551927, 276.528137583778175 ], [ 826.223846758087461, 286.166133893671883 ], [ 817.514813949004861, 285.817772582250882 ], [ 817.514813948283518, 288.953024393694477 ], [ 808.921901575419497, 288.256301768929291 ], [ 807.296215452490401, 277.921582833308719 ], [ 813.682839511594807, 277.224860207581685 ], [ 813.640000000185523, 277.010000001015214 ], [ 822.416206811892607, 276.428708911133526 ], [ 824.690000000268014, 276.140000000115378 ], [ 824.71428107462259, 276.528137583778175 ] ] ] } },
{ "type": "Feature", "properties": { "feature_type": "building", "subtype": "no-damage", "uid": "05b95ef3-f3b9-4720-abca-a2aa3de03381" }, "geometry": { "type": "Polygon", "coordinates": [ [ [ 824.659999999598654, 275.640000000338887 ], [ 822.36753783535255, 275.930843630695904 ], [ 813.549999999379565, 276.520000001061078 ], [ 811.476551203364806, 265.728936897993378 ], [ 811.128189890140789, 263.987130337042004 ], [ 823.901438007988986, 263.987130336080327 ], [ 824.659999999598654, 275.640000000338887 ] ] ] } },
{ "type": "Feature", "properties": { "feature_type": "building", "subtype": "no-damage", "uid": "099fc256-8ad5-42c6-ac66-bf4c2284b1aa" }, "geometry": { "type": "Polygon", "coordinates": [ [ [ 879.803973528917481, 270.43095123693729 ], [ 880.849057467627745, 280.068947548754522 ], [ 876.784842158862261, 282.623597172252573 ], [ 870.398218093506898, 285.062126359892602 ], [ 870.630458968829316, 287.500655546571011 ], [ 854.838079472992149, 287.500655546571011 ], [ 829.988305852804729, 288.081257734516498 ], [ 829.407703665219969, 277.862659235715626 ], [ 827.665897102105191, 277.282057048731815 ], [ 827.549776664684373, 275.075768735692918 ], [ 827.433656230990096, 273.45008261252292 ], [ 827.898137977547776, 270.547071674718779 ], [ 834.780000001169469, 270.360000000814409 ], [ 837.484065001862518, 277.544707543624611 ], [ 839.567908621585275, 277.395861571182081 ], [ 838.430000000426503, 270.259999999704974 ], [ 875.275276469146547, 269.269746862969725 ], [ 878.526648718731394, 266.482856364870372 ], [ 879.803973528917481, 270.43095123693729 ] ] ] } },
{ "type": "Feature", "properties": { "feature_type": "building", "subtype": "no-damage", "uid": "3c41ec00-7565-4a7e-8383-cabe8a32e638" }, "geometry": { "type": "Polygon", "coordinates": [ [ [ 902.349999999668398, 19.96000000042493 ], [ 903.221039275469366, 23.784052374026881 ], [ 892.628753705848681, 23.97320033010352 ], [ 892.799999998915041, 17.960000000357301 ], [ 902.349999999668398, 19.96000000042493 ] ] ] } },
{ "type": "Feature", "properties": { "feature_type": "building", "subtype": "no-damage", "uid": "53a7f4fb-8177-424f-8bf7-f01fdb5f48af" }, "geometry": { "type": "Polygon", "coordinates": [ [ [ 901.897003580288469, 9.597955624041575 ], [ 903.788483148026671, 16.218134106919269 ], [ 902.349999999307784, 19.450000001787689 ], [ 892.810000003545838, 17.450000000758379 ], [ 893.000000000051728, 10.779999999951009 ], [ 900.060772878619559, 10.032636729085169 ], [ 901.83000000217055, 9.410000002159816 ], [ 901.897003580288469, 9.597955624041575 ] ] ] } },
{ "type": "Feature", "properties": { "feature_type": "building", "subtype": "no-damage", "uid": "c60d2827-4bdd-4dbf-b2a3-1629bc0833e0" }, "geometry": { "type": "Polygon", "coordinates": [ [ [ 901.659999999058641, 8.939999999927259 ], [ 899.950275149726963, 9.541570431151264 ], [ 892.990000002393003, 10.2800000011362 ], [ 890.926422093465931, 0.518853704474119 ], [ 898.359563382621104, 0.001541523337637 ], [ 898.382278333380441, 0.001541289650517 ], [ 901.659999999058641, 8.939999999927259 ] ] ] } },
{ "type": "Feature", "properties": { "feature_type": "building", "subtype": "no-damage", "uid": "3cb03d5b-a8d7-4381-934b-d68c1b5a89c0" }, "geometry": { "type": "Polygon", "coordinates": [ [ [ 923.547702995482155, 13.1759768364204 ], [ 926.095238228345124, 13.1759768364204 ], [ 926.368188432681904, 10.901391804647931 ], [ 941.562416437229786, 10.62844160091217 ], [ 942.108316844460774, 14.085810848552381 ], [ 949.296005541431668, 14.176794247553721 ], [ 949.130000002628776, 22.92000000075582 ], [ 947.969450176306964, 27.22998375942074 ], [ 947.980000003335476, 27.299999998951741 ], [ 940.278054037969696, 25.76417014217968 ], [ 940.350590647784657, 21.629583359527711 ], [ 936.881979054680073, 21.95992731995155 ], [ 936.808770695972271, 22.472385843648571 ], [ 928.050833221622383, 23.91997881459994 ], [ 928.160000000910031, 24.180000000500311 ], [ 927.334435939450032, 24.138728986581949 ], [ 926.750150921592081, 28.155688484206081 ], [ 924.879778118178137, 29.09087488501175 ], [ 921.369207007232376, 30.510041930622101 ], [ 921.827278734001084, 36.617665006777223 ], [ 923.65771558967333, 36.688066424229113 ], [ 923.58620333893407, 39.763093197964999 ], [ 926.266948715511035, 39.763093199888353 ], [ 930.78694871386449, 42.810393701750293 ], [ 937.870000000144614, 46.599999999556303 ], [ 937.708673477568595, 47.538381097550101 ], [ 938.813886237882912, 47.612061949255519 ], [ 938.74210942074717, 50.41135784832678 ], [ 945.430000002937277, 50.350000001245832 ], [ 945.929619697842327, 64.490615127203526 ], [ 939.196848004533194, 65.218482335562769 ], [ 936.103412362996664, 67.402083965448867 ], [ 934.010794136560207, 66.492249952355209 ], [ 931.281292098001131, 71.314370218674227 ], [ 920.636234155434408, 70.768469810241029 ], [ 920.545250753788423, 69.494702193448589 ], [ 918.749999998872681, 68.290000000996599 ], [ 918.419479090657887, 62.686263087568911 ], [ 910.899999998945759, 62.130000000749817 ], [ 909.991176213348467, 60.214395268356043 ], [ 909.659999998966555, 59.769999999381369 ], [ 909.409999999919933, 56.070000001612357 ], [ 911.798000988359036, 52.899544267042799 ], [ 912.465886403380637, 51.363407801229258 ], [ 915.952624172472611, 50.927565580858989 ], [ 916.051001095122388, 49.255157927308261 ], [ 910.910526698282069, 49.021499999976932 ], [ 910.149557257274523, 51.076117497970458 ], [ 908.379999998976473, 53.160000000393602 ], [ 906.825162785581256, 52.732044788600582 ], [ 906.169190346369078, 50.909899126940132 ], [ 901.89352615077587, 50.834887474208692 ], [ 900.746740481033385, 51.18774460077119 ], [ 900.819999999790184, 53.770000001101828 ], [ 894.433014601856257, 53.299656775960642 ], [ 892.795313381485698, 27.096437223097549 ], [ 895.280000003320993, 27.130000001008781 ], [ 895.548645204901618, 34.705853630850783 ], [ 896.214791703094761, 41.589367434977163 ], [ 905.323286959424877, 40.806606124884397 ], [ 905.466520488382457, 45.246845461862783 ], [ 908.055811026836523, 44.829217956168392 ], [ 909.671035246915153, 42.700058754088339 ], [ 910.596592836928153, 41.851630963232807 ], [ 910.371870456413717, 37.432090825455589 ], [ 909.094638314350277, 36.154858681708852 ], [ 908.141454693058222, 35.14210108007385 ], [ 909.806296415358815, 33.797421224057139 ], [ 911.444555127247895, 31.749597838643041 ], [ 913.744475314350325, 32.087821396011897 ], [ 915.302789145964766, 32.087821396011897 ], [ 915.218178419487572, 28.957224398310551 ], [ 907.864670243499404, 28.740944743480441 ], [ 907.18000000069128, 27.270000001407801 ], [ 907.625607779570032, 27.278404025908621 ], [ 906.988723971775016, 24.73086879232374 ], [ 902.349999999307784, 19.450000001787689 ], [ 903.24732594705165, 18.102432521151851 ], [ 905.703877780071934, 18.102432521151851 ], [ 905.521910977982202, 11.82457783426765 ], [ 907.614529205620784, 9.549992804418537 ], [ 911.617798860491121, 9.004092396947012 ], [ 923.729669798052782, 8.626806773837142 ], [ 923.547702995482155, 13.1759768364204 ] ] ] } },
{ "type": "Feature", "properties": { "feature_type": "building", "subtype": "no-damage", "uid": "79ae13e0-06e0-4066-b873-cc1df924175d" }, "geometry": { "type": "Polygon", "coordinates": [ [ [ 943.994555052921442, 27.713130594156311 ], [ 944.139896916331281, 30.18394223702283 ], [ 948.179999999303163, 29.479999999669779 ], [ 948.260649234675725, 30.360373635323128 ], [ 949.639999998741473, 35.659999999561407 ], [ 949.129584961681758, 35.780893846817648 ], [ 949.369356871337914, 37.619145135349207 ], [ 949.232583803005355, 39.465581520093863 ], [ 948.227850656080705, 41.341083397206518 ], [ 945.230108488281189, 42.724656706494642 ], [ 945.719999998989692, 43.329999999921753 ], [ 945.630000003352734, 46.110000000563907 ], [ 938.004369212619849, 45.764206690367537 ], [ 937.950000000767545, 46.080000001096629 ], [ 931.045374010993896, 42.381596695097393 ], [ 926.880000003324199, 39.570000000333138 ], [ 926.387412804099654, 32.923119858779863 ], [ 930.94824779779799, 31.569121969274011 ], [ 930.69000000070173, 27.580000000711451 ], [ 943.994555052921442, 27.713130594156311 ] ] ] } },
{ "type": "Feature", "properties": { "feature_type": "building", "subtype": "no-damage", "uid": "f7326ea6-75ba-429a-a2f6-c49cb3021044" }, "geometry": { "type": "Polygon", "coordinates": [ [ [ 976.203294507922578, 30.31143673950519 ], [ 984.130000000077416, 30.110000000984531 ], [ 985.507399230622809, 41.835748222905337 ], [ 978.956594344091627, 41.107881012622762 ], [ 978.501677335861928, 42.290665228490496 ], [ 972.769723057652755, 43.018532436849739 ], [ 969.4943206127042, 43.018532436849739 ], [ 968.530000000010432, 44.649999998600798 ], [ 965.890000003013597, 45.050000000153013 ], [ 963.034499126376318, 44.474266856453241 ], [ 952.350000000746149, 44.640000000701733 ], [ 950.821577675627054, 35.382777915453907 ], [ 950.130000003503824, 35.55000000055302 ], [ 948.754730440376079, 30.273540864813551 ], [ 948.475626491923094, 27.273173441723099 ], [ 949.430000001148187, 23.720000000975212 ], [ 975.299999999280885, 22.65000000074189 ], [ 976.203294507922578, 30.31143673950519 ] ] ] } },
{ "type": "Feature", "properties": { "feature_type": "building", "subtype": "no-damage", "uid": "0b306b60-10c3-4f41-8541-65099eb31937" }, "geometry": { "type": "Polygon", "coordinates": [ [ [ 904.589999998599183, 27.240000000978839 ], [ 904.913506979763042, 28.555247592211948 ], [ 906.591487440385322, 29.953564645034859 ], [ 906.394792911344211, 33.625195860214568 ], [ 901.427759897764759, 34.577777534019013 ], [ 896.739222700014921, 33.762379760601647 ], [ 896.020000000999403, 27.140000000831211 ], [ 904.589999998599183, 27.240000000978839 ] ] ] } },
{ "type": "Feature", "properties": { "feature_type": "building", "subtype": "no-damage", "uid": "8ea74ab7-d6df-4c85-b873-0ecef9fd1a87" }, "geometry": { "type": "Polygon", "coordinates": [ [ [ 968.530312579733732, 3.874931688301016 ], [ 978.176858364884311, 4.631523516454291 ], [ 978.17685836560554, 12.57573769475351 ], [ 966.260537095154291, 13.332329521945111 ], [ 967.206276879023335, 5.766411253875824 ], [ 968.530312579733732, 3.874931688301016 ] ] ] } },
{ "type": "Feature", "properties": { "feature_type": "building", "subtype": "no-damage", "uid": "0a42bfc7-f959-45a0-aa23-d7e7acc416bc" }, "geometry": { "type": "Polygon", "coordinates": [ [ [ 999.467239626505489, 82.121976020461304 ], [ 987.002513661598641, 84.578527854083163 ], [ 981.725476390777658, 67.746598626275656 ], [ 980.569999999823267, 64.120000001956697 ], [ 983.73999999882858, 61.100000000767878 ], [ 992.359999999507522, 60.460000000592373 ], [ 999.467239626505489, 82.121976020461304 ] ] ] } },
{ "type": "Feature", "properties": { "feature_type": "building", "subtype": "no-damage", "uid": "9837fdd8-e80a-4fd4-be09-03f971cdd962" }, "geometry": { "type": "Polygon", "coordinates": [ [ [ 998.739372415622029, 43.817964105185027 ], [ 998.284455414003901, 56.37367347414505 ], [ 994.827086165402875, 56.646623677880811 ], [ 994.679999999782581, 56.820000000796263 ], [ 983.943237841277323, 56.479837819317368 ], [ 983.770000001541462, 60.380000000089588 ], [ 980.270000003106929, 63.710000000582063 ], [ 970.625501441303527, 62.196611152559072 ], [ 970.625501441063079, 65.108079992727752 ], [ 965.803381172701734, 65.926930602973371 ], [ 964.711580359201434, 63.743328971163919 ], [ 960.344377102555768, 64.380212780521816 ], [ 960.162410300225588, 65.653980398275934 ], [ 946.787850318017831, 66.472831010444892 ], [ 946.423916712876689, 58.830225306805232 ], [ 946.440000001470935, 58.050000001073457 ], [ 958.219999998688195, 57.409999999936268 ], [ 958.754359063193419, 58.163669756257917 ], [ 960.735836147129021, 58.26795802468763 ], [ 961.932037649152562, 56.703694523206188 ], [ 963.679185456319829, 56.544862903946559 ], [ 966.140697909004643, 60.100380893910263 ], [ 969.127195625269906, 59.673738365178899 ], [ 968.112415348374725, 56.223485433687749 ], [ 968.20149730608432, 56.290296900557543 ], [ 976.459894608029913, 55.531872659571093 ], [ 977.218638118634431, 55.531872659571093 ], [ 978.179660049862946, 46.690470883274898 ], [ 977.350000003508967, 46.599999999556303 ], [ 977.358273129924555, 46.456482740656277 ], [ 976.559999998664466, 46.510000000192768 ], [ 976.294080194637786, 46.480962010779258 ], [ 976.289999998530334, 46.529999999837621 ], [ 971.899269057614902, 46.820416346278407 ], [ 972.769723057652755, 43.018532436849739 ], [ 978.995974351497352, 43.363047097676528 ], [ 985.728746040599162, 43.454030500524567 ], [ 989.550048896144631, 36.448308606242811 ], [ 999.558223027309964, 36.448308606242811 ], [ 998.739372415622029, 43.817964105185027 ] ] ] } },
{ "type": "Feature", "properties": { "feature_type": "building", "subtype": "no-damage", "uid": "0948a116-faf5-4c17-993f-b9adf93c188e" }, "geometry": { "type": "Polygon", "coordinates": [ [ [ 968.720000000363029, 47.2900000007673 ], [ 966.184395623018645, 50.003386287696969 ], [ 966.35850467021578, 52.963240072016433 ], [ 961.011563785755811, 53.472472536367469 ], [ 960.367796672633517, 52.552805226033669 ], [ 957.837277903904237, 52.974558353774647 ], [ 957.539959705505112, 56.443270663624531 ], [ 957.879999999316283, 56.930000000766313 ], [ 946.45000000033167, 57.550000000335302 ], [ 946.696866915770897, 45.728615530373688 ], [ 946.969817119146001, 45.273698523826859 ], [ 968.530000000010432, 44.649999998600798 ], [ 968.720000000363029, 47.2900000007673 ] ] ] } },
{ "type": "Feature", "properties": { "feature_type": "building", "subtype": "no-damage", "uid": "1aa92bda-98bb-4b70-aaab-99730ab47ea6" }, "geometry": { "type": "Polygon", "coordinates": [ [ [ 962.527978728474409, 70.021183657086439 ], [ 964.711580359802497, 67.200698218804135 ], [ 977.358273128842711, 66.472831010444892 ], [ 974.446804289756642, 70.658067466444336 ], [ 977.449256529887634, 70.931017670180097 ], [ 978.450073947391729, 68.474465837519915 ], [ 981.725476390777658, 67.746598626275656 ], [ 987.912347669523115, 90.219498729686123 ], [ 979.268924555593685, 90.492448933421883 ], [ 979.177941154188147, 88.126880502648078 ], [ 967.259115592304852, 88.308847304497462 ], [ 966.804198585758172, 94.222768383836183 ], [ 955.613240234758337, 95.314569198779225 ], [ 955.249306630578872, 89.218681314706089 ], [ 961.163227711118225, 86.944096285818659 ], [ 961.163227711599006, 82.849843229782223 ], [ 957.068974658929505, 80.302307995235665 ], [ 956.523074249053934, 77.299855755103962 ], [ 961.709128121715025, 77.117888952292901 ], [ 962.527978728474409, 70.021183657086439 ] ] ] } },
{ "type": "Feature", "properties": { "feature_type": "building", "subtype": "no-damage", "uid": "8f71e8de-0c0c-4211-abd8-e25c7c910fab" }, "geometry": { "type": "Polygon", "coordinates": [ [ [ 1006.254321140517959, 12.582833585878941 ], [ 1006.254321139677018, 14.064857320830701 ], [ 1006.69892826285502, 22.364190228482421 ], [ 1008.032749620488971, 23.105202097881651 ], [ 1009.218368608257038, 35.109594340027733 ], [ 997.658583488210297, 34.516784845662357 ], [ 995.880155004874155, 16.287892920373299 ], [ 1001.363642818256039, 15.25047630667641 ], [ 1001.363642817414984, 13.62025019957583 ], [ 1006.254321140517959, 12.582833585878941 ] ] ] } },
{ "type": "Feature", "properties": { "feature_type": "building", "subtype": "no-damage", "uid": "27c21520-1163-46af-928d-4c45e68fb6a2" }, "geometry": { "type": "Polygon", "coordinates": [ [ [ 907.367768095150609, 83.14623033983824 ], [ 911.462021149623297, 81.144595512763217 ], [ 912.462838565444486, 73.138056205424775 ], [ 924.836581129426804, 72.774122598840961 ], [ 925.200514735048841, 80.23476149966956 ], [ 932.297220032297105, 79.961811296895476 ], [ 931.751319622301367, 99.614225961061948 ], [ 907.549734895557435, 99.341275758287864 ], [ 907.731701699089626, 90.242935634083025 ], [ 906.730884286273636, 90.151952233158326 ], [ 907.367768095150609, 83.14623033983824 ] ] ] } },
{ "type": "Feature", "properties": { "feature_type": "building", "subtype": "no-damage", "uid": "ee81b57c-8273-421e-96fe-495c3c5a425a" }, "geometry": { "type": "Polygon", "coordinates": [ [ [ 1004.230113641236017, 129.11445798475981 ], [ 1002.02382532807701, 129.462819297142403 ], [ 1002.256066204962963, 130.856264547634595 ], [ 995.288839954186301, 130.624023671109995 ], [ 994.824358205945714, 122.843954361872505 ], [ 991.108504204874635, 122.843954361872505 ], [ 991.921347268863656, 124.005158737763495 ], [ 989.629999999060033, 123.929999999666094 ], [ 988.332560360619482, 118.721712751424505 ], [ 987.177450339499387, 113.639228672535197 ], [ 987.060982096786802, 109.096967129205893 ], [ 985.667678668531721, 105.033165466716696 ], [ 985.580000001015719, 101.050000001084996 ], [ 987.160409332087283, 100.897191677920503 ], [ 986.579807144863253, 98.11030117885953 ], [ 1002.836668391345029, 97.645819428695475 ], [ 1004.230113641236017, 129.11445798475981 ] ] ] } },
{ "type": "Feature", "properties": { "feature_type": "building", "subtype": "no-damage", "uid": "3a44f111-2a4c-48c8-80c8-1e8e10bd0d4a" }, "geometry": { "type": "Polygon", "coordinates": [ [ [ 956.852975148435235, 103.800202616686306 ], [ 982.46000000016079, 101.349999999604606 ], [ 982.961991664532093, 108.681099789519294 ], [ 982.73343421956838, 114.737872055995595 ], [ 979.506209616806245, 118.656644785689593 ], [ 978.783662675955156, 120.824285602593307 ], [ 978.667884772642992, 123.540676986637806 ], [ 978.567496956819127, 123.5406769856761 ], [ 970.090705024140789, 123.308436111074897 ], [ 967.419934960457681, 118.083016424373895 ], [ 953.717723338074165, 117.154052925969097 ], [ 953.48548246503583, 119.5925821116858 ], [ 941.757318276882188, 119.360341236122906 ], [ 941.873438715745465, 116.921812050406302 ], [ 939.667150402707193, 116.805691612624798 ], [ 940.015511714128024, 115.296125924351202 ], [ 940.247752591373796, 102.755118678576693 ], [ 946.982737963221325, 103.916323052544399 ], [ 946.982737965866022, 101.593914303647495 ], [ 955.227289025265577, 101.013312114740302 ], [ 956.852975148435235, 103.800202616686306 ] ] ] } },
{ "type": "Feature", "properties": { "feature_type": "building", "subtype": "no-damage", "uid": "c7619fcf-153f-4885-b373-46987b1328c5" }, "geometry": { "type": "Polygon", "coordinates": [ [ [ 964.330000001384064, 264.610000000980506 ], [ 963.843439246900061, 264.662943803864778 ], [ 963.700000001632134, 272.880000001264989 ], [ 905.100535980524114, 274.752235452707112 ], [ 903.549999998915268, 261.149999999911472 ], [ 908.818998674310819, 260.454916195991473 ], [ 909.384221109172131, 262.527398463641305 ], [ 932.529654101353572, 260.405733772906217 ], [ 932.316653036546199, 256.145712485894592 ], [ 928.776432372907038, 256.145712485894592 ], [ 929.050000001334297, 254.370000001057406 ], [ 934.192596151364341, 252.030749876298103 ], [ 963.92181677600081, 249.243635442467308 ], [ 964.330000001384064, 264.610000000980506 ] ] ] } },
{ "type": "Feature", "properties": { "feature_type": "building", "subtype": "no-damage", "uid": "d438c8d5-50c7-45f3-972c-61f1babfb90b" }, "geometry": { "type": "Polygon", "coordinates": [ [ [ 984.166896114508404, 235.071589253663404 ], [ 984.969999998985259, 235.009999999594896 ], [ 990.150000001005651, 255.98000000035691 ], [ 987.476763559221467, 256.20833934154939 ], [ 987.960292433810878, 261.768921419944093 ], [ 964.820000001097583, 264.550000000122623 ], [ 964.407575864896444, 248.6959030674183 ], [ 934.062226147263118, 251.540779603653789 ], [ 929.139999999615839, 253.779999999032299 ], [ 929.159871363516913, 253.653359045006511 ], [ 909.403292999623886, 255.783970436550391 ], [ 908.089874507771697, 258.598438628637496 ], [ 903.230000000390419, 258.410000002405695 ], [ 901.469999999547554, 242.989999999258913 ], [ 904.39297491804507, 242.831692498857308 ], [ 914.979818736393668, 230.732442423352012 ], [ 920.172120665998932, 230.732442424313689 ], [ 947.237485496424028, 228.650491282466305 ], [ 952.61000000105787, 227.900000001792307 ], [ 952.611885399079597, 227.917992029953012 ], [ 961.990000003988598, 227.18000000015229 ], [ 962.116358064489077, 227.660467931333898 ], [ 983.129644023756782, 226.03267817498201 ], [ 984.166896114508404, 235.071589253663404 ] ] ] } },
{ "type": "Feature", "properties": { "feature_type": "building", "subtype": "no-damage", "uid": "3cf7cdb9-c673-418d-812b-b63e017c30d9" }, "geometry": { "type": "Polygon", "coordinates": [ [ [ 1015.379999998601988, 251.290000001895692 ], [ 1010.122621947533958, 254.260308512322695 ], [ 990.649999998738394, 255.940000000105499 ], [ 985.479999999545726, 234.980000000127603 ], [ 986.676001377521516, 234.8923674493943 ], [ 988.160000000520427, 226.280000000747009 ], [ 1014.520000001973017, 223.350000000845114 ], [ 1015.379999998601988, 251.290000001895692 ] ] ] } },
{ "type": "Feature", "properties": { "feature_type": "building", "subtype": "no-damage", "uid": "9d57837d-c70d-4eb9-ac8b-2e94c92d9014" }, "geometry": { "type": "Polygon", "coordinates": [ [ [ 968.080396016550822, 203.610523447007211 ], [ 968.840000001838462, 204.470000000475892 ], [ 968.564419517938404, 204.493060281054511 ], [ 968.738445777626453, 207.799559148774108 ], [ 969.73000000033926, 207.740000001072104 ], [ 968.630000000278301, 212.999999999990195 ], [ 964.581263887241676, 216.304388031579094 ], [ 964.287660834534222, 222.029647537556912 ], [ 960.969352853631221, 223.236304985333106 ], [ 961.860000003051368, 226.690000001160001 ], [ 954.259999999526485, 227.29000000108411 ], [ 954.051798734490035, 225.044480181832114 ], [ 950.937908533032783, 226.017570870065697 ], [ 949.443366152379213, 222.841668308982293 ], [ 914.297306652199381, 225.86498525553489 ], [ 913.601859961753803, 223.257060175198887 ], [ 913.215533333421945, 213.792057667408812 ], [ 910.336829270521775, 213.600144064657911 ], [ 907.694645191027575, 202.842680308169889 ], [ 907.24999999920783, 202.749999999282892 ], [ 912.98141301717601, 200.695972250646207 ], [ 919.65957601249022, 200.465690767535108 ], [ 924.368797268823755, 203.997606711318696 ], [ 946.179541431057601, 200.20443381433239 ], [ 948.799129833506186, 195.679690208583111 ], [ 960.960000003886648, 184.900000000819091 ], [ 964.89000000057581, 184.670000000094888 ], [ 968.080396016550822, 203.610523447007211 ] ] ] } },
{ "type": "Feature", "properties": { "feature_type": "building", "subtype": "no-damage", "uid": "894d27bf-4685-40b1-b49d-aca3806ef33f" }, "geometry": { "type": "Polygon", "coordinates": [ [ [ 956.758744806465302, 158.468262062039287 ], [ 957.890000003826799, 158.429999999630695 ], [ 956.089538175075745, 171.621254193064999 ], [ 958.169999999816469, 176.200000000476791 ], [ 959.575188254440036, 184.975252468608488 ], [ 960.150000003364198, 184.940000002032093 ], [ 948.4068914689542, 195.359261091625797 ], [ 945.863821482697517, 199.751836521734504 ], [ 924.495968210091291, 203.467984914964205 ], [ 919.818537853176167, 199.959912147848087 ], [ 912.886056003245244, 200.198963246938206 ], [ 906.310000002075753, 202.56000000073351 ], [ 898.465059228041014, 200.959091337259906 ], [ 898.273763809104253, 194.837638035142191 ], [ 895.989999999488532, 195.060000001201104 ], [ 895.400000003233686, 189.889999999723187 ], [ 899.470000000802656, 188.630000000940413 ], [ 900.700307348086653, 191.771826927435086 ], [ 918.017601294931183, 191.382674254045412 ], [ 916.383504908031, 184.437764610890099 ], [ 903.186132167682672, 185.776628511872588 ], [ 901.120000001435074, 184.739999999813506 ], [ 899.822182444039981, 171.477280950008407 ], [ 893.300535978493031, 171.477280949046701 ], [ 892.51733542977729, 164.649230639265909 ], [ 892.124110415124619, 160.716980466532988 ], [ 910.605686220641815, 140.269279574284212 ], [ 931.060000002425909, 140.129999998579109 ], [ 917.139477703691455, 159.303672740785203 ], [ 917.38725217359422, 166.241357897581793 ], [ 923.998629797941817, 165.224222877470993 ], [ 923.515515309518719, 159.909963457573809 ], [ 926.055212076774069, 155.754096018890806 ], [ 935.130000001557619, 140.100000001035113 ], [ 959.559999999896831, 139.94000000099129 ], [ 956.758744806465302, 158.468262062039287 ] ] ] } },
{ "type": "Feature", "properties": { "feature_type": "building", "subtype": "no-damage", "uid": "595fbe71-6736-4917-9175-aa730364796f" }, "geometry": { "type": "Polygon", "coordinates": [ [ [ 990.013445596379825, 176.673161777902209 ], [ 966.940619136349028, 177.637345103620504 ], [ 966.230000002505676, 175.030000001057488 ], [ 966.540000001448675, 158.120000000326996 ], [ 990.210000000180571, 157.260000001173012 ], [ 990.013445596379825, 176.673161777902209 ] ] ] } },
{ "type": "Feature", "properties": { "feature_type": "building", "subtype": "no-damage", "uid": "500af270-1702-418c-bc88-adca515d19f2" }, "geometry": { "type": "Polygon", "coordinates": [ [ [ 1013.670000003963992, 195.260000000534689 ], [ 1013.429999999090001, 195.290000001925307 ], [ 1013.420823855155049, 195.133769217411498 ], [ 995.671728580254126, 196.186681648074114 ], [ 995.983381132766908, 199.147380901815097 ], [ 993.270000003062592, 201.980000000454197 ], [ 988.220000000056075, 202.730000000599802 ], [ 988.218419576588303, 202.69269386468639 ], [ 969.460000003330606, 204.410000000579714 ], [ 968.549562072997787, 203.385735599959588 ], [ 965.389999999510678, 184.640000000627595 ], [ 1013.260000000905961, 181.900000001198492 ], [ 1013.670000003963992, 195.260000000534689 ] ] ] } },
{ "type": "Feature", "properties": { "feature_type": "building", "subtype": "no-damage", "uid": "a954a9c3-aa08-4ae9-a8ab-2f7c02610ab5" }, "geometry": { "type": "Polygon", "coordinates": [ [ [ 987.920000000454706, 224.190000000354189 ], [ 984.525029167890466, 224.329443577295507 ], [ 975.737989689002575, 224.761593059371194 ], [ 975.441955001482484, 214.992448520024396 ], [ 970.157413567701838, 214.992448520024396 ], [ 969.109999999808679, 213.160000000995808 ], [ 970.240000000899727, 207.719999999503898 ], [ 987.370000000965206, 206.760000001164002 ], [ 987.920000000454706, 224.190000000354189 ] ] ] } },
{ "type": "Feature", "properties": { "feature_type": "building", "subtype": "no-damage", "uid": "b138283c-71bf-45a5-8aeb-5eaf0a3cecbe" }, "geometry": { "type": "Polygon", "coordinates": [ [ [ 1014.420000000622963, 219.800000000412496 ], [ 997.666243523964908, 220.209914250154213 ], [ 997.907337302846486, 215.146944892197496 ], [ 992.145638150438572, 215.146944892197496 ], [ 994.120000003355585, 203.110000000583796 ], [ 998.921953470076687, 203.340646667422703 ], [ 1013.860000003595019, 201.390000000352501 ], [ 1014.420000000622963, 219.800000000412496 ] ] ] } },
{ "type": "Feature", "properties": { "feature_type": "building", "subtype": "no-damage", "uid": "0670a9f9-198c-4062-9221-80566e3a6087" }, "geometry": { "type": "Polygon", "coordinates": [ [ [ 479.60954385544602, 418.135439670973824 ], [ 483.509999998986927, 418.63999999988539 ], [ 483.400000002022125, 421.099999999478086 ], [ 469.584212399825788, 420.327603526732503 ], [ 469.368585359793997, 424.424517300079572 ], [ 483.230000000352675, 424.979999999820905 ], [ 482.843996795836404, 433.766305780252026 ], [ 482.99213849756768, 444.876933447368913 ], [ 482.000000000917282, 457.240000002056092 ], [ 469.931763897382723, 454.925426272603204 ], [ 444.020000000969219, 442.190000000994303 ], [ 446.506022192658577, 432.354270046195097 ], [ 469.637711830501587, 443.920114863556591 ], [ 471.061521794650616, 437.117467258267709 ], [ 469.274100170720089, 434.793819146364228 ], [ 467.1210675412716, 438.792308308300221 ], [ 462.14718525665802, 436.858020754193888 ], [ 462.020000000972516, 431.320000000717982 ], [ 463.159999999241279, 430.800000001296723 ], [ 463.163488959963104, 430.85548163187849 ], [ 467.586102995515716, 431.066082301176891 ], [ 468.204437604831128, 425.088847753034713 ], [ 465.510577726436281, 424.896429190884589 ], [ 464.470000000982623, 413.660000000803677 ], [ 479.020560717318915, 413.423574562109479 ], [ 479.60954385544602, 418.135439670973824 ] ] ] } },
{ "type": "Feature", "properties": { "feature_type": "building", "subtype": "no-damage", "uid": "9001b22a-0137-4d4e-aa45-453a98498821" }, "geometry": { "type": "Polygon", "coordinates": [ [ [ 488.320000000364985, 383.420000000204197 ], [ 481.800409145897902, 384.50439289113109 ], [ 482.24798407915091, 399.871132260704485 ], [ 481.21000000015988, 400.800000000282182 ], [ 476.627639649242326, 400.465908891893491 ], [ 475.863101584607591, 403.524061149471493 ], [ 469.597586848271817, 404.093653397639287 ], [ 469.352585482234872, 406.053664325934676 ], [ 479.159999998696605, 407.319999999906486 ], [ 479.00392669093219, 410.115314085869102 ], [ 470.314472784757186, 410.535771534892717 ], [ 470.462517813588988, 407.278781004933421 ], [ 466.360134498715922, 407.42529469432958 ], [ 467.245466232640979, 403.146191288366595 ], [ 460.765603545850013, 402.984194721347023 ], [ 460.610004641571493, 413.720519015946593 ], [ 461.360000000070386, 413.710000000877528 ], [ 463.099999999946078, 430.270000002052882 ], [ 462.01000000102988, 430.77000000086781 ], [ 461.99899477935179, 430.48583026789629 ], [ 454.011834214451824, 427.353610438164708 ], [ 453.556320233240683, 429.479342359940006 ], [ 448.963693626680879, 428.644319341199207 ], [ 445.091090395882418, 425.665393778823727 ], [ 442.92639985650959, 425.665393779785404 ], [ 443.84611536372978, 430.570543143293094 ], [ 442.470000000965172, 431.890000000213206 ], [ 433.038021507837811, 427.50391769463522 ], [ 430.277299348727411, 421.982473379298085 ], [ 428.952973796409594, 414.625109182389508 ], [ 428.813711920820822, 410.865038586210403 ], [ 432.609589788172684, 410.302686310260128 ], [ 439.629025140707483, 408.318932839818387 ], [ 439.490000001350779, 402.700000001163914 ], [ 442.850000000588523, 398.300000000438104 ], [ 442.887667620183606, 398.480662771419418 ], [ 455.009527729944182, 396.792808831032175 ], [ 455.514522477682078, 393.089514011241818 ], [ 448.594252892930115, 392.353315118489604 ], [ 450.169999998627191, 387.210000001183516 ], [ 473.539258610343609, 389.754386810514973 ], [ 475.692204417934818, 389.754386810514973 ], [ 479.432204420281778, 369.467684687443978 ], [ 487.312999475068409, 369.467684688405711 ], [ 488.320000000364985, 383.420000000204197 ] ] ] } },
{ "type": "Feature", "properties": { "feature_type": "building", "subtype": "no-damage", "uid": "78943407-060c-4c9b-942f-598b527c2c39" }, "geometry": { "type": "Polygon", "coordinates": [ [ [ 440.946581526065074, 376.905458843227791 ], [ 446.039875431742416, 378.118147868085998 ], [ 446.729999999247411, 386.459999999114473 ], [ 444.400670227153228, 391.578847898975425 ], [ 441.282594389575308, 391.578847898975425 ], [ 442.699999998924625, 397.670000001046674 ], [ 439.470000000263383, 401.900000000944488 ], [ 439.471055509207076, 401.842177917884101 ], [ 435.003479528790194, 401.097581922770587 ], [ 434.701079604179711, 398.82958248157928 ], [ 431.306134972822008, 398.999329712762517 ], [ 429.813212635820776, 407.95686371986551 ], [ 424.777299388692711, 410.17859015223172 ], [ 423.907415013150796, 414.817973465696298 ], [ 415.151831242926107, 413.669700183897874 ], [ 409.255098911147513, 410.217954427349184 ], [ 409.855937443447601, 403.00789202916792 ], [ 407.143208192980126, 402.827043412494106 ], [ 404.690000002153681, 422.869999998821527 ], [ 399.682603442568677, 420.404361169414813 ], [ 369.024035134296184, 413.886397828051486 ], [ 370.360000002424385, 393.499999999121826 ], [ 386.190000000330485, 392.300000001196906 ], [ 393.551391517787181, 395.497684105976873 ], [ 403.580766404664587, 393.551685991180477 ], [ 410.032832887509016, 390.940135274411887 ], [ 408.880318767138874, 386.659368538344722 ], [ 408.320000002246786, 386.740000000874318 ], [ 408.433653398852016, 381.499045970567977 ], [ 414.787338175913703, 381.163887523666688 ], [ 413.248185985751377, 373.775957004346481 ], [ 441.100000002092372, 372.93000000087369 ], [ 440.946581526065074, 376.905458843227791 ] ] ] } },
{ "type": "Feature", "properties": { "feature_type": "building", "subtype": "no-damage", "uid": "c16cbceb-42b0-4f0d-9365-4d7814bfdf60" }, "geometry": { "type": "Polygon", "coordinates": [ [ [ 439.997413736788076, 367.777842339896893 ], [ 441.299999999502575, 367.839999998936889 ], [ 441.269999998592823, 368.580000002145027 ], [ 406.487318371781612, 369.906990077844625 ], [ 408.310000000621187, 380.860000000463913 ], [ 407.943125110816595, 381.210896598835916 ], [ 407.820000000066216, 386.809999999631316 ], [ 406.572951032229412, 386.988992499135179 ], [ 402.37000000272019, 388.060000001476681 ], [ 402.359379369816679, 388.010926922806618 ], [ 370.60000000273061, 389.850000001426622 ], [ 373.1279379786302, 351.362230962076183 ], [ 439.031789538361693, 346.534109969221788 ], [ 439.997413736788076, 367.777842339896893 ] ] ] } },
{ "type": "Feature", "properties": { "feature_type": "building", "subtype": "no-damage", "uid": "d7d6c58d-44c0-4589-9af0-9fab8f490dff" }, "geometry": { "type": "Polygon", "coordinates": [ [ [ 609.132454294397348, 480.376976574181015 ], [ 622.612166234718757, 478.496086534676692 ], [ 625.180000001320309, 479.010000000152615 ], [ 622.74127436239155, 494.397623364470121 ], [ 628.819999999312358, 494.880000001078713 ], [ 628.704972383840413, 511.192997852775818 ], [ 596.360671793285405, 508.923222373124418 ], [ 592.766860615688984, 491.143314445180977 ], [ 588.41645761342545, 488.873538964567899 ], [ 588.416457612343493, 483.430000002446491 ], [ 592.588864518515607, 480.590650904203017 ], [ 597.485870114289696, 475.387582458661711 ], [ 608.825450919968603, 472.701892266232221 ], [ 609.132454294397348, 480.376976574181015 ] ] ] } },
{ "type": "Feature", "properties": { "feature_type": "building", "subtype": "no-damage", "uid": "5640f984-7e6e-48f1-a2fe-e4f8da4fa592" }, "geometry": { "type": "Polygon", "coordinates": [ [ [ 643.080217091702025, 464.09515664255531 ], [ 646.106584396621088, 463.906008684555275 ], [ 648.376359878435665, 478.470401348617315 ], [ 639.486405913143926, 479.226993175808786 ], [ 640.242997738411987, 484.333988006226718 ], [ 631.349999999344504, 483.589999999605425 ], [ 628.276570015830657, 478.209832868443584 ], [ 625.273625932711298, 478.424328875076299 ], [ 625.260000000741229, 478.520000000198479 ], [ 622.627062848818355, 477.989163904983172 ], [ 609.609995027416289, 479.805498950831179 ], [ 609.300794221113392, 472.075478742889686 ], [ 597.22461616920782, 474.935626175603716 ], [ 592.262354876521385, 480.208028801060323 ], [ 588.416457615589138, 482.820000000776588 ], [ 588.416457613906232, 482.631656396728488 ], [ 579.820000001273456, 480.950000001285616 ], [ 582.045412504037131, 470.556716511502373 ], [ 582.390000003239834, 460.170000000996424 ], [ 587.346600681279597, 459.80143051028881 ], [ 594.545896155413288, 456.391237918409672 ], [ 606.220370090528377, 454.319960284783008 ], [ 617.987925048437319, 454.130161011929488 ], [ 620.871418018571944, 452.592298095485717 ], [ 639.070000000137384, 444.319999999715208 ], [ 643.080217091702025, 464.09515664255531 ] ] ] } },
{ "type": "Feature", "properties": { "feature_type": "building", "subtype": "no-damage", "uid": "faad079d-8066-4606-b64b-d144d52f1b15" }, "geometry": { "type": "Polygon", "coordinates": [ [ [ 582.219999999166248, 377.990000000458224 ], [ 581.372561272817848, 389.540981522646973 ], [ 574.762567525442932, 390.485266343941191 ], [ 574.389302314687825, 393.471388027097987 ], [ 570.346282190167813, 393.278863259441209 ], [ 570.798021750540443, 396.441040199840927 ], [ 583.170533487827697, 396.441040198879307 ], [ 583.358928631425897, 392.107951914874377 ], [ 601.72498444655605, 393.393575821760692 ], [ 600.454675409837819, 398.837757409036783 ], [ 602.735175674121024, 409.100008595488589 ], [ 603.399999999560009, 413.260000000213211 ], [ 598.048089542958905, 414.662161859136802 ], [ 588.677373870641645, 413.350261664718687 ], [ 585.319348613396983, 411.783183210504092 ], [ 587.111324271575882, 416.561784961160981 ], [ 568.532933341027501, 416.749445475638993 ], [ 568.263002690070721, 418.369029386669581 ], [ 589.941952480849864, 418.193882837660112 ], [ 602.311265534203471, 417.426465522915805 ], [ 608.230000000222276, 413.779999999634526 ], [ 615.260176234633377, 438.566411279282079 ], [ 615.599999999176248, 438.679999999851418 ], [ 615.022659685892791, 440.999560633600993 ], [ 615.384882696267255, 444.984013780657506 ], [ 610.726557694905409, 446.019197114827989 ], [ 607.697390022863601, 434.659818336704973 ], [ 602.313742822872427, 436.109261811526892 ], [ 604.388028000476311, 447.046401845648575 ], [ 590.942833405713941, 448.750722288328973 ], [ 591.201698623775314, 449.786183158170502 ], [ 591.72690388190108, 451.536867347595887 ], [ 587.175722408162301, 455.906001564040196 ], [ 576.322726561495529, 456.457848808643178 ], [ 574.703688142438637, 448.722443033871912 ], [ 575.660573136307562, 448.244000535314512 ], [ 586.694039767965478, 443.404760786226916 ], [ 584.589654561266912, 439.827305937182587 ], [ 577.51999474388515, 439.630926498558779 ], [ 575.860000002592642, 441.640000001144017 ], [ 572.129371612277055, 429.944065891645778 ], [ 565.200000001234571, 431.479999999800327 ], [ 558.50467920483527, 422.350562861274625 ], [ 562.971939923055402, 419.186253187395607 ], [ 560.25454802311458, 406.763890204144673 ], [ 556.072599018015922, 405.813447250248828 ], [ 553.984704231920091, 399.929380128429216 ], [ 549.574931121371151, 399.509401737039923 ], [ 549.95455719082895, 419.249957367600189 ], [ 539.216666651345463, 421.28645384791281 ], [ 528.656233043323255, 421.10118308331738 ], [ 528.084353367053836, 418.623037839517281 ], [ 525.193065834798404, 418.845444572527413 ], [ 524.787198586173304, 425.948121440118086 ], [ 532.817115977151616, 425.948121440118086 ], [ 548.864871365612998, 424.641908792065976 ], [ 549.627739487543181, 429.219117533505596 ], [ 558.448853224982599, 427.109720771283719 ], [ 563.190000003268324, 432.119999999975789 ], [ 559.808683175661713, 445.848108345513026 ], [ 557.326807484592678, 450.620946214896378 ], [ 558.062730542035865, 455.9563883797681 ], [ 548.725594018710808, 458.010558414049115 ], [ 546.479248744185611, 461.754467203242314 ], [ 538.266798872736217, 461.18150558493852 ], [ 537.62896963020421, 465.646310262948873 ], [ 542.456503399781582, 466.048604745049374 ], [ 565.413670869585644, 463.582132207511222 ], [ 570.230000000629275, 461.090000000046587 ], [ 579.734407561215789, 460.372344994801608 ], [ 581.880000000756013, 460.210000001247806 ], [ 581.547145759465593, 470.495657828172114 ], [ 579.330000000598261, 480.850000000176294 ], [ 570.069105816054503, 479.037845219732219 ], [ 566.853590553616414, 495.682865406407302 ], [ 550.776014238180323, 490.008426705836087 ], [ 551.532606064410061, 480.361880915153677 ], [ 532.617810400492317, 477.902957478463975 ], [ 532.428662440689209, 472.228518778854493 ], [ 514.081310644520386, 470.904483084394712 ], [ 511.420000002126301, 439.100000000086823 ], [ 515.813665896154703, 438.202985848901619 ], [ 516.800000000835553, 432.110000001114997 ], [ 526.063596508373735, 431.273688914355773 ], [ 524.353504020517562, 439.634141088964213 ], [ 533.763551306210502, 437.793044881894218 ], [ 528.02944843192688, 427.708932933069093 ], [ 510.560000001049218, 428.769999999838376 ], [ 509.88999999876188, 420.800000000958619 ], [ 521.151209461918029, 420.261415185125486 ], [ 520.941783612782274, 415.444620694430625 ], [ 509.350000000417083, 414.359999999913725 ], [ 507.08283624816869, 387.301086236942695 ], [ 511.622387207350414, 380.680907753103327 ], [ 522.841155335142844, 380.680907753103327 ], [ 525.221155337718301, 391.486337762395522 ], [ 530.842283862925001, 392.610563465345479 ], [ 530.651583382785816, 395.852471599704472 ], [ 537.937739588982481, 396.459651283454207 ], [ 538.706185868025273, 391.272638903881102 ], [ 545.529720200176712, 388.998127459509476 ], [ 546.100000000328805, 379.840000001265992 ], [ 563.448927334260247, 378.978576144566773 ], [ 565.718702812468678, 377.465392488260306 ], [ 582.219999999166248, 377.990000000458224 ] ] ] } },
{ "type": "Feature", "properties": { "feature_type": "building", "subtype": "no-damage", "uid": "eeef7be2-6610-499e-9311-a144879a8c23" }, "geometry": { "type": "Polygon", "coordinates": [ [ [ 637.499999999406668, 436.139999999755901 ], [ 617.192207210582751, 438.6833753285282 ], [ 615.669054600942104, 438.175657793343476 ], [ 608.689999999867496, 413.58000000126259 ], [ 616.440170244079582, 412.89524287541019 ], [ 634.849999999822558, 410.120000001155177 ], [ 637.499999999406668, 436.139999999755901 ] ] ] } },
{ "type": "Feature", "properties": { "feature_type": "building", "subtype": "no-damage", "uid": "03c4709c-3ad2-4396-85a5-9e52233049a4" }, "geometry": { "type": "Polygon", "coordinates": [ [ [ 645.147347785823285, 402.053247333733282 ], [ 644.531143602326779, 376.480773838412972 ], [ 690.438355052168276, 377.096978020587301 ], [ 692.90317177569591, 400.204634791057117 ], [ 647.304062413695874, 402.053247333733282 ], [ 645.147347785823285, 402.053247333733282 ] ] ] } },
{ "type": "Feature", "properties": { "feature_type": "building", "subtype": "no-damage", "uid": "fb3dc9ea-bf39-4413-8996-eef962b5d968" }, "geometry": { "type": "Polygon", "coordinates": [ [ [ 709.848786739685238, 422.696087381276016 ], [ 716.070000004045141, 422.15999999988901 ], [ 723.109999999843353, 433.970000000783614 ], [ 722.480972441918993, 434.712068902420299 ], [ 724.945789167971043, 441.182212797459385 ], [ 683.968211158212625, 439.025498168023717 ], [ 680.88719025840112, 431.322945908635916 ], [ 670.411719185722859, 427.625720826168617 ], [ 671.952229635508388, 413.453024672703407 ], [ 708.308276289539094, 412.528718401846106 ], [ 709.848786739685238, 422.696087381276016 ] ] ] } },
{ "type": "Feature", "properties": { "feature_type": "building", "subtype": "no-damage", "uid": "770b14a5-eb26-415c-876d-e01e04e3f99c" }, "geometry": { "type": "Polygon", "coordinates": [ [ [ 740.042791590847401, 425.160904104203098 ], [ 734.496953963902001, 430.706741729346618 ], [ 728.026810070908027, 428.241925007381212 ], [ 726.310000001080766, 430.240000000662292 ], [ 720.180000000663313, 419.349999999779584 ], [ 732.648341420504948, 408.831493320340428 ], [ 740.042791590847401, 425.160904104203098 ] ] ] } },
{ "type": "Feature", "properties": { "feature_type": "building", "subtype": "no-damage", "uid": "d259e622-79ed-4eff-b913-f0fa17fee742" }, "geometry": { "type": "Polygon", "coordinates": [ [ [ 706.664655487119603, 449.088610216178097 ], [ 709.320122034294855, 444.984707372684625 ], [ 758.808362221138168, 441.122210577054716 ], [ 762.429452963494214, 467.435469991332809 ], [ 746.979465783142132, 469.849530488240873 ], [ 741.668532693600127, 469.849530490164227 ], [ 713.424024879229933, 471.539372836749692 ], [ 712.941212780497494, 465.26281554517351 ], [ 705.216219188999162, 462.848755047303712 ], [ 706.664655487119603, 449.088610216178097 ] ] ] } },
{ "type": "Feature", "properties": { "feature_type": "building", "subtype": "no-damage", "uid": "3c14ae5d-561e-4c00-9ba0-3f40694be2f4" }, "geometry": { "type": "Polygon", "coordinates": [ [ [ 648.324864759468142, 328.27425220790542 ], [ 657.403966680355779, 328.085104251828682 ], [ 658.34970646434499, 337.731650042511092 ], [ 678.588537828131734, 337.731650041549528 ], [ 675.940466433322399, 325.815328770253927 ], [ 691.072302965730955, 326.004476729215583 ], [ 691.828894792561641, 342.83864487196729 ], [ 681.993201047367734, 342.649496914928989 ], [ 683.506384700428271, 363.644920102907008 ], [ 649.838048417697678, 366.292991498558422 ], [ 647.946568846834111, 360.807700755025621 ], [ 657.025670766279177, 358.727073231450674 ], [ 656.458226897568579, 347.378195831270205 ], [ 650.546959845526885, 347.411488904432986 ], [ 648.324864759468142, 328.27425220790542 ] ] ] } },
{ "type": "Feature", "properties": { "feature_type": "building", "subtype": "no-damage", "uid": "7e9b1374-c332-4f87-a4cf-3f40005f41b1" }, "geometry": { "type": "Polygon", "coordinates": [ [ [ 704.719119894190044, 340.970418090342378 ], [ 717.449999999975489, 340.090000000282487 ], [ 720.700000001286639, 347.920000000686684 ], [ 719.283512557406993, 350.427815923024923 ], [ 717.58118094670715, 352.508443445638022 ], [ 717.202885038280442, 361.209249453052223 ], [ 698.666385282428678, 360.2635096697839 ], [ 697.153201628887359, 351.184407749254774 ], [ 695.072574105313038, 350.806111835178115 ], [ 694.126834320602484, 340.592122177227509 ], [ 703.58423215556661, 339.268086479882584 ], [ 704.719119894190044, 340.970418090342378 ] ] ] } },
{ "type": "Feature", "properties": { "feature_type": "building", "subtype": "no-damage", "uid": "b3d8ffd4-f7a8-4597-9938-ef8b0fdaf8a0" }, "geometry": { "type": "Polygon", "coordinates": [ [ [ 738.198308223728986, 346.455708832913615 ], [ 734.037053178022916, 347.401448617143501 ], [ 731.010685870819884, 349.103780226641618 ], [ 727.227726737146781, 351.373555706293075 ], [ 723.255619647036497, 348.158040442411675 ], [ 721.029999999393681, 347.419999999948516 ], [ 717.980000001503072, 340.050000001954402 ], [ 718.337772776903762, 340.024678306112492 ], [ 718.716068687013376, 334.539387562579691 ], [ 737.441716397980031, 332.647907997004893 ], [ 738.198308223728986, 346.455708832913615 ] ] ] } },
{ "type": "Feature", "properties": { "feature_type": "building", "subtype": "no-damage", "uid": "96f7c25c-e0d1-49e6-8fa2-2c870a8a8baa" }, "geometry": { "type": "Polygon", "coordinates": [ [ [ 735.143940874661439, 350.437061202885673 ], [ 749.223166349126473, 349.992454083554208 ], [ 749.07496397445334, 363.478870061613577 ], [ 747.444737865309548, 367.48033414329069 ], [ 738.552595460770249, 366.739322274853123 ], [ 740.479226317938014, 357.995382245946473 ], [ 734.402929007786838, 357.550775125653274 ], [ 735.143940874661439, 350.437061202885673 ] ] ] } },
{ "type": "Feature", "properties": { "feature_type": "building", "subtype": "no-damage", "uid": "99dc99c1-7207-45d2-afd7-0da69b275336" }, "geometry": { "type": "Polygon", "coordinates": [ [ [ 645.834359699672973, 500.016419617330598 ], [ 652.304503596513769, 499.092113346473411 ], [ 653.228809867010114, 486.459927646039716 ], [ 718.238350916647391, 481.83839629079182 ], [ 737.340680511875121, 480.914090020896083 ], [ 738.264986782251412, 482.762702561649007 ], [ 761.064541464393415, 483.07080465321701 ], [ 765.994174907361526, 506.794665604899421 ], [ 764.145562367811181, 512.64860531968759 ], [ 709.303390298683212, 518.194442945792844 ], [ 708.070981936017915, 522.81597430007912 ], [ 646.450563879923834, 524.664586839870253 ], [ 645.834359699672973, 500.016419617330598 ] ] ] } },
{ "type": "Feature", "properties": { "feature_type": "building", "subtype": "no-damage", "uid": "d4bdca96-4f32-4101-99ee-7e558983577c" }, "geometry": { "type": "Polygon", "coordinates": [ [ [ 917.57999999897288, 600.560000000728678 ], [ 895.3468694471959, 603.629513275957493 ], [ 892.129587289065853, 600.979986792352634 ], [ 886.831692738843003, 601.795047491813762 ], [ 888.726466023156718, 609.563617955121686 ], [ 874.234058836353029, 612.575027240804388 ], [ 874.002497919505913, 615.122197292584815 ], [ 885.452077634735133, 614.73407594488765 ], [ 891.892180925725825, 614.165831537672148 ], [ 902.473515643068481, 613.032117103851192 ], [ 908.051581445997272, 613.032117104812869 ], [ 905.619999998580965, 641.580000001279132 ], [ 848.149999998641988, 614.10000000071534 ], [ 848.745160458160626, 605.168078581834834 ], [ 859.720000001030712, 600.499999999870738 ], [ 916.980000001813778, 592.81999999968798 ], [ 917.57999999897288, 600.560000000728678 ] ] ] } },
{ "type": "Feature", "properties": { "feature_type": "building", "subtype": "no-damage", "uid": "c000366f-2d70-40a7-b29a-07f9ad23c066" }, "geometry": { "type": "Polygon", "coordinates": [ [ [ 845.101276025228003, 549.161329695917061 ], [ 847.228327649693711, 548.948624533698876 ], [ 847.910000000138893, 550.230000000089376 ], [ 847.535809854200352, 557.508137084428427 ], [ 858.0431884667031, 558.0539749349158 ], [ 861.309999999002116, 558.460000000122477 ], [ 862.54000000324595, 567.199999998792805 ], [ 861.982420334132257, 568.986263226293659 ], [ 862.400000000562954, 583.509999999599131 ], [ 859.209345914308642, 583.090777692788834 ], [ 859.360686993221407, 588.690397625784954 ], [ 852.847041705993433, 591.207033305857067 ], [ 852.699999998987096, 601.140000000046257 ], [ 845.408786770336746, 604.870471043199132 ], [ 842.06772395847679, 593.579982924147771 ], [ 833.931185922740042, 594.442949079294976 ], [ 835.509566223199158, 603.548989271997812 ], [ 845.822435261998862, 607.95223672550037 ], [ 845.979999999550046, 613.060000000910918 ], [ 826.519999998665753, 603.759999999682918 ], [ 827.279986056624466, 593.542972709215633 ], [ 822.219568220263341, 586.83497696853567 ], [ 819.674724044728123, 584.290132796005082 ], [ 811.907971093455672, 571.227866464802105 ], [ 810.255410182512151, 572.054146921416077 ], [ 802.889999999463953, 562.830000000419318 ], [ 820.809943840006781, 562.418492058373317 ], [ 835.373576999528041, 550.216529139718546 ], [ 844.790000000966984, 548.710000001115077 ], [ 845.101276025228003, 549.161329695917061 ] ] ] } },
{ "type": "Feature", "properties": { "feature_type": "building", "subtype": "no-damage", "uid": "8bcb0f99-2023-44d1-abf5-f0b2f98e04d0" }, "geometry": { "type": "Polygon", "coordinates": [ [ [ 902.804985443603869, 562.309711703217545 ], [ 914.540000002467423, 561.150000000439377 ], [ 915.340000000162263, 571.570000000051323 ], [ 907.364169591187078, 569.788309705403208 ], [ 903.706078508862788, 569.788309704441531 ], [ 903.258866943694443, 573.515072736932893 ], [ 897.907962822569061, 574.063883414555676 ], [ 896.732655813419115, 567.599694842471649 ], [ 892.084376893921899, 566.769645037616556 ], [ 893.155829732509346, 576.871914693962026 ], [ 893.447094007615988, 588.668117806333157 ], [ 883.652860897209962, 591.223135138918792 ], [ 882.622851729697004, 587.397386794988051 ], [ 872.247798471945771, 588.791050666993556 ], [ 872.39475085481547, 591.730098342658607 ], [ 867.882535254755908, 591.866832149150923 ], [ 865.969289112760293, 589.512067667286033 ], [ 863.41072129699171, 589.22778235439614 ], [ 863.114530095599662, 583.600149543332691 ], [ 862.900000002743468, 583.570000001418748 ], [ 862.484606029856877, 569.055023371589755 ], [ 862.789999999527822, 568.080000000476616 ], [ 890.868281489091032, 563.876675644011698 ], [ 889.009999999379147, 549.140000001172893 ], [ 901.990000002575016, 548.920000001232779 ], [ 902.804985443603869, 562.309711703217545 ] ] ] } },
{ "type": "Feature", "properties": { "feature_type": "building", "subtype": "no-damage", "uid": "a915402a-c723-4c7e-a98e-f8f768ed58eb" }, "geometry": { "type": "Polygon", "coordinates": [ [ [ 845.709999999295746, 533.62999999962426 ], [ 879.267265376569412, 532.085181883241262 ], [ 879.169999999568063, 530.839999999159659 ], [ 880.73077823388212, 531.257567243388962 ], [ 881.699728425715421, 537.071268387418286 ], [ 884.841782412424209, 537.554661309116227 ], [ 886.649999999934607, 547.199999999078159 ], [ 886.056218368472742, 556.611956734657269 ], [ 866.199999999921147, 557.800000002225488 ], [ 865.426323997753002, 554.805383666279113 ], [ 854.14057554238866, 555.396262614607735 ], [ 853.605734730803761, 550.15482267953837 ], [ 848.380238928338258, 550.045958181632614 ], [ 847.511875104998921, 548.417776006905797 ], [ 845.346519638618133, 548.634311552978943 ], [ 845.341407013415846, 548.621676338515499 ], [ 845.709999999295746, 533.62999999962426 ] ] ] } },
{ "type": "Feature", "properties": { "feature_type": "building", "subtype": "no-damage", "uid": "0a31d651-e272-498b-aeca-def8879ba511" }, "geometry": { "type": "Polygon", "coordinates": [ [ [ 910.819999998923777, 512.920000000977097 ], [ 910.579999999338838, 512.989999999734096 ], [ 910.569633561283013, 512.955181872886328 ], [ 899.589950833618445, 516.371083165104892 ], [ 896.226814808286917, 525.259371226009762 ], [ 878.96196680329399, 524.639182587081109 ], [ 878.025339422192815, 515.69175930518179 ], [ 872.158999801447294, 514.958466854151084 ], [ 870.210000000478999, 511.220000000390712 ], [ 870.743622298059677, 511.026872374779828 ], [ 868.070000002537199, 505.349999999802719 ], [ 887.684840289707267, 503.545893887492412 ], [ 887.540000003724685, 500.470000000868595 ], [ 909.680000003780492, 498.160000002459014 ], [ 910.819999998923777, 512.920000000977097 ] ] ] } },
{ "type": "Feature", "properties": { "feature_type": "building", "subtype": "no-damage", "uid": "eadc2c7a-2846-4495-b979-4204da728c31" }, "geometry": { "type": "Polygon", "coordinates": [ [ [ 836.309999998883882, 530.600000000536284 ], [ 827.792072544536154, 529.279464715063 ], [ 820.840044862872787, 530.506293130096651 ], [ 821.624689806072297, 539.137387502889851 ], [ 792.170000003498899, 541.839999999050747 ], [ 790.699999999549959, 520.189999999785186 ], [ 807.646444356032248, 514.161083451498826 ], [ 834.057153319322197, 514.161083451498826 ], [ 836.309999998883882, 530.600000000536284 ] ] ] } },
{ "type": "Feature", "properties": { "feature_type": "building", "subtype": "no-damage", "uid": "26bfbef6-fa70-4c42-83be-aa820d62d0ea" }, "geometry": { "type": "Polygon", "coordinates": [ [ [ 864.389999999004544, 510.470000000245079 ], [ 862.157218095498365, 517.361778541732065 ], [ 850.523999033061045, 517.846496002025901 ], [ 849.556529779737048, 528.97239236338487 ], [ 843.214256579087646, 529.878431391894651 ], [ 839.084256582223475, 514.161083452460502 ], [ 841.342167387052996, 514.161083452460502 ], [ 840.774127145205966, 499.202690339176115 ], [ 858.519919442596915, 498.093578320896881 ], [ 864.389999999004544, 510.470000000245079 ] ] ] } },
{ "type": "Feature", "properties": { "feature_type": "building", "subtype": "no-damage", "uid": "20b18ef5-d408-47f6-b8b2-155909532b17" }, "geometry": { "type": "Polygon", "coordinates": [ [ [ 868.630508196925462, 489.667429902634126 ], [ 868.43679510622178, 494.316544073752993 ], [ 884.349760964548068, 493.369343725789918 ], [ 884.660000001252683, 499.48000000113808 ], [ 866.57000000080393, 502.160000000670891 ], [ 866.073754263587148, 501.103402801117682 ], [ 855.630354871773079, 488.422132107817617 ], [ 859.649999999508964, 485.500000002232923 ], [ 868.630508196925462, 489.667429902634126 ] ] ] } },
{ "type": "Feature", "properties": { "feature_type": "building", "subtype": "no-damage", "uid": "3607f027-b5ce-4301-be50-5b1dae51cae2" }, "geometry": { "type": "Polygon", "coordinates": [ [ [ 844.066922943048098, 447.112101610958291 ], [ 852.12133903864742, 445.961470739625781 ], [ 851.759235161341735, 452.117236630263506 ], [ 828.709603797840259, 453.289251785843817 ], [ 825.691026883654899, 455.445378152673015 ], [ 830.119999998930894, 461.460000000208197 ], [ 831.563668914636651, 479.866875120713416 ], [ 830.440741984715146, 498.95663293479322 ], [ 821.732512674534746, 500.994729154424988 ], [ 789.900000002336014, 508.420000001065318 ], [ 787.990000001632325, 480.219999999823187 ], [ 824.772682662672423, 475.267440841589405 ], [ 825.196621148813506, 472.72380991680842 ], [ 820.386436547473181, 464.835107173334677 ], [ 814.570673923140362, 461.458212744766286 ], [ 813.27613144493148, 453.321088604540876 ], [ 816.226366348838155, 445.945501344652314 ], [ 835.574079435906469, 442.151832112571697 ], [ 835.650000000987006, 441.059999999903027 ], [ 844.066922943048098, 447.112101610958291 ] ] ] } },
{ "type": "Feature", "properties": { "feature_type": "building", "subtype": "no-damage", "uid": "e54eca4e-a9d4-4e30-afde-bf3601fa2781" }, "geometry": { "type": "Polygon", "coordinates": [ [ [ 894.36000000138597, 467.650000000883892 ], [ 893.363011809759314, 467.717015181375075 ], [ 894.974371859922371, 475.572395427304116 ], [ 907.949999999880447, 475.730000000695611 ], [ 908.65999999953408, 484.95000000142079 ], [ 870.234571444904191, 485.663227442588493 ], [ 867.78086637191052, 470.374757372282488 ], [ 864.623968544121112, 469.923771967848779 ], [ 866.691205987937224, 485.522018148849213 ], [ 861.670000000182654, 483.459999999990487 ], [ 856.970212415678475, 465.409940144631719 ], [ 842.563687282404885, 466.736856932011392 ], [ 838.78905378370564, 458.055199887681681 ], [ 829.841106596442387, 457.856356616511619 ], [ 830.050000001616468, 460.520000000551477 ], [ 826.394569952272718, 455.557299193480276 ], [ 828.88114327928713, 453.781175387576582 ], [ 852.232063947723873, 452.59384043720911 ], [ 852.23000000120237, 452.550000000709872 ], [ 853.662169552154637, 452.975747030780894 ], [ 855.80974842609794, 453.244194389527991 ], [ 893.2799999985657, 452.150000001081025 ], [ 894.36000000138597, 467.650000000883892 ] ] ] } },
{ "type": "Feature", "properties": { "feature_type": "building", "subtype": "no-damage", "uid": "fc29d7ef-fc6a-49be-8124-12db232fcce3" }, "geometry": { "type": "Polygon", "coordinates": [ [ [ 891.70767090514687, 428.769217115289678 ], [ 891.790000000982332, 428.760000000977698 ], [ 891.663875047110423, 429.068672915168975 ], [ 893.240000000478062, 451.650000001304477 ], [ 855.833573020912922, 452.743281353978716 ], [ 853.7648869341715, 452.484695593616777 ], [ 852.259999999587762, 452.040000002072588 ], [ 852.656410105854093, 445.379955745747907 ], [ 844.195375473046056, 446.588674977478092 ], [ 835.690000001238445, 440.480000000585392 ], [ 835.95769222337799, 436.589446710101015 ], [ 839.014630859594718, 434.296742732096391 ], [ 838.870000003552263, 433.439999999616475 ], [ 884.680935445510045, 430.188965621576472 ], [ 891.65999999956432, 427.960000000758328 ], [ 891.70767090514687, 428.769217115289678 ] ] ] } },
{ "type": "Feature", "properties": { "feature_type": "building", "subtype": "no-damage", "uid": "4e1a854e-9d61-434c-81ac-694ad8c5550a" }, "geometry": { "type": "Polygon", "coordinates": [ [ [ 891.630000000818313, 427.440000002298575 ], [ 884.585716514461524, 429.694459487704023 ], [ 838.780000003707869, 432.940000000801717 ], [ 835.869999999123934, 415.860000000204877 ], [ 871.504700792695871, 414.057632492178413 ], [ 872.295663665408597, 393.492597831694582 ], [ 875.939999998743247, 390.450000000389025 ], [ 875.98139628278193, 390.990014093769787 ], [ 889.34000000241474, 389.960000001396679 ], [ 891.630000000818313, 427.440000002298575 ] ] ] } },
{ "type": "Feature", "properties": { "feature_type": "building", "subtype": "no-damage", "uid": "1ae95bc5-e10c-4b38-a64d-da5fa3e9ca8f" }, "geometry": { "type": "Polygon", "coordinates": [ [ [ 814.712785420340992, 358.233828314658012 ], [ 832.295395918129771, 360.243269512867073 ], [ 835.31513255249115, 370.309058297920785 ], [ 876.89999999972747, 368.520000001287087 ], [ 879.535934937147204, 380.815532715094719 ], [ 875.577763635626184, 385.339157059553827 ], [ 875.900000002218349, 389.839999999680799 ], [ 871.804587197396927, 393.250974080717697 ], [ 871.022650001762145, 413.581341207616276 ], [ 835.780000003967757, 415.360000000428386 ], [ 833.498845857638571, 401.962830655809682 ], [ 829.539913032903655, 392.536800124010085 ], [ 830.507922925707248, 382.275895250408325 ], [ 817.021687704037276, 383.448611355794128 ], [ 812.788988124565549, 391.529219643178919 ], [ 811.130910034302474, 396.134992111311306 ], [ 800.66000000107681, 397.799999998738315 ], [ 799.462997031209397, 394.617454804336319 ], [ 799.839669181873091, 387.460683987404082 ], [ 799.053594702314967, 380.779050916747906 ], [ 793.653780619855752, 380.986736072840927 ], [ 794.032737881103685, 389.702753061471924 ], [ 781.950000000338036, 390.930000000520693 ], [ 779.939999999606925, 361.240000000733176 ], [ 808.318515670312877, 358.39920977421599 ], [ 814.57999999900062, 357.569999999546383 ], [ 814.712785420340992, 358.233828314658012 ] ] ] } },
{ "type": "Feature", "properties": { "feature_type": "building", "subtype": "no-damage", "uid": "0619328d-8012-43bf-887d-3e781432eeb5" }, "geometry": { "type": "Polygon", "coordinates": [ [ [ 802.264607073964612, 427.988195779868192 ], [ 809.383923937179588, 428.92494799881689 ], [ 810.291727027323873, 438.366100151994317 ], [ 803.10774313190359, 440.823778853758824 ], [ 803.319076798840001, 443.571116528740106 ], [ 807.682704866620838, 447.745021633812826 ], [ 809.17603179632647, 454.838324561877187 ], [ 809.919325690774372, 468.217614610732824 ], [ 801.683317664009792, 469.715070616102082 ], [ 799.599906410176686, 474.450096190963791 ], [ 795.695972231748556, 475.337353960668281 ], [ 794.384567828477429, 474.025949557036313 ], [ 792.243548832079114, 474.263840555367324 ], [ 792.819954978215492, 475.800923617501383 ], [ 787.760000003432538, 476.780000001284009 ], [ 784.279999998992935, 425.320000000515222 ], [ 800.013291104662358, 423.673173505711816 ], [ 802.264607073964612, 427.988195779868192 ] ] ] } },
{ "type": "Feature", "properties": { "feature_type": "building", "subtype": "no-damage", "uid": "8f17d260-b47d-48af-92a7-4cc3a942ed74" }, "geometry": { "type": "Polygon", "coordinates": [ [ [ 796.446931917217626, 403.428765654756887 ], [ 796.430000003343821, 403.04999999975729 ], [ 800.282385420070341, 404.114561321752319 ], [ 800.098246875701761, 419.766337463135983 ], [ 783.970000001732956, 420.720000001417475 ], [ 782.759999999538195, 402.879999998929293 ], [ 796.446931917217626, 403.428765654756887 ] ] ] } },
{ "type": "Feature", "properties": { "feature_type": "building", "subtype": "no-damage", "uid": "3a0e7511-1ec2-49b6-b8ee-70796fc7f0d4" }, "geometry": { "type": "Polygon", "coordinates": [ [ [ 826.645531729128606, 328.170954834411475 ], [ 827.71999999971581, 348.389999999072472 ], [ 824.519999998598678, 348.550000000078114 ], [ 823.600862233857242, 346.699959263662379 ], [ 812.6152611552086, 347.74620698574779 ], [ 814.479999998973199, 357.080000000554094 ], [ 808.260890722052523, 357.90247848985922 ], [ 782.380000000155292, 360.490000000587713 ], [ 782.604662241217284, 360.421203220267614 ], [ 783.223807143431259, 355.468044002555189 ], [ 775.042054596820208, 354.66982424139411 ], [ 773.429999999085453, 357.889999999634199 ], [ 771.259869462296137, 357.504267926751993 ], [ 768.248674425629815, 316.351269098633679 ], [ 770.720000000206142, 315.010000001338483 ], [ 778.123906377437606, 330.645327841097412 ], [ 797.602060977466977, 331.670493872981922 ], [ 797.960000000337004, 312.10999999994209 ], [ 805.709999999395109, 311.720000001097389 ], [ 808.719688811139235, 321.125466316377128 ], [ 821.702380498434763, 320.60615865014978 ], [ 821.470000000708069, 310.910000000093873 ], [ 824.870000000076971, 310.740000001189287 ], [ 826.645531729128606, 328.170954834411475 ] ] ] } },
{ "type": "Feature", "properties": { "feature_type": "building", "subtype": "no-damage", "uid": "58351a91-8bcd-496c-8b5a-77744eb9091f" }, "geometry": { "type": "Polygon", "coordinates": [ [ [ 886.629999999207939, 349.279999999617075 ], [ 828.559999998623653, 354.640000000606221 ], [ 827.144177510121494, 328.132239325707587 ], [ 825.369999999252286, 310.710000000760317 ], [ 830.360000000198738, 310.459999999429613 ], [ 834.812539738702412, 326.661275106823325 ], [ 870.416159206966199, 322.592290024556519 ], [ 868.140000003938781, 308.530000001003884 ], [ 882.17221996035164, 307.819549829319328 ], [ 886.629999999207939, 349.279999999617075 ] ] ] } },
{ "type": "Feature", "properties": { "feature_type": "building", "subtype": "no-damage", "uid": "833e7f34-da16-46f3-a1a2-476346452a19" }, "geometry": { "type": "Polygon", "coordinates": [ [ [ 856.781773926365304, 472.298532986365387 ], [ 858.484105537545929, 483.836558342622709 ], [ 842.028233309716256, 486.862925650427428 ], [ 839.947605783256904, 472.865976856518728 ], [ 856.781773926365304, 472.298532986365387 ] ] ] } },
{ "type": "Feature", "properties": { "feature_type": "building", "subtype": "no-damage", "uid": "f1fe9504-a875-48c0-a5aa-157f6fe73bbe" }, "geometry": { "type": "Polygon", "coordinates": [ [ [ 972.009496788928914, 404.056341331073781 ], [ 942.431696120421861, 405.59685178122038 ], [ 942.123594031498556, 403.132035059254918 ], [ 929.491408329024352, 402.823932969610325 ], [ 927.070000000671484, 391.030000000668281 ], [ 929.399400738278928, 387.045071379180115 ], [ 947.831260808356319, 384.369478787008404 ], [ 967.829496787663402, 384.369478787008404 ], [ 972.009496788928914, 404.056341331073781 ] ] ] } },
{ "type": "Feature", "properties": { "feature_type": "building", "subtype": "no-damage", "uid": "701fa662-69c6-443d-8521-e5ba0e7776cf" }, "geometry": { "type": "Polygon", "coordinates": [ [ [ 929.456801085208212, 342.163304523471481 ], [ 970.539114916184076, 340.978237775872287 ], [ 971.80000000096652, 340.179999999645986 ], [ 992.650000002291677, 338.570000000346511 ], [ 994.536018148529138, 346.960394901844211 ], [ 998.189689709507775, 347.873812788693215 ], [ 999.759999999130855, 366.219999999814888 ], [ 983.175193111476801, 368.033419136247176 ], [ 984.1099999991103, 382.640000000591385 ], [ 967.696067523687248, 383.721603372214076 ], [ 967.729496787034918, 383.869478787231913 ], [ 947.79515967130169, 383.869478787231913 ], [ 929.088987531462408, 386.584890873184122 ], [ 926.630000000190307, 390.800000000905811 ], [ 915.934916360621742, 390.499849357859603 ], [ 913.161997545405939, 356.608619427709016 ], [ 911.621487095139628, 356.30051733710269 ], [ 911.420000000410482, 341.629999998901724 ], [ 925.380000001951544, 337.459999999861679 ], [ 929.456801085208212, 342.163304523471481 ] ] ] } },
{ "type": "Feature", "properties": { "feature_type": "building", "subtype": "no-damage", "uid": "b5686984-668b-40b5-9379-021d77c53276" }, "geometry": { "type": "Polygon", "coordinates": [ [ [ 1022.779999998826952, 363.720000000932487 ], [ 1002.780000002964016, 365.900000000688919 ], [ 1001.422630074311996, 345.531795565129926 ], [ 999.32036049889814, 343.42952598695058 ], [ 998.650000001050557, 338.100000000998875 ], [ 1020.740000000672012, 336.390000000590078 ], [ 1022.779999998826952, 363.720000000932487 ] ] ] } },
{ "type": "Feature", "properties": { "feature_type": "building", "subtype": "no-damage", "uid": "6e8383e2-5659-4898-b2df-8321b2739525" }, "geometry": { "type": "Polygon", "coordinates": [ [ [ 1019.010000003142977, 313.280000000323128 ], [ 970.062168237341552, 317.851735498987523 ], [ 970.600345370005812, 323.233506842220606 ], [ 1019.32999999866297, 317.560000000294679 ], [ 1020.13000000345005, 328.230000001237386 ], [ 972.215654803659959, 335.397617323137922 ], [ 971.410000001280423, 339.839999999913402 ], [ 970.387860767918255, 340.482392895611611 ], [ 929.679371027995444, 341.656676253960086 ], [ 925.910000000834543, 337.299999999817885 ], [ 926.740667792119666, 337.052395184720581 ], [ 925.03451311170727, 332.616393019325812 ], [ 911.320000000022446, 334.040000000005818 ], [ 911.313385002610062, 333.809064746883791 ], [ 911.005282913085694, 303.306957809556025 ], [ 912.853895454919893, 300.534038996984179 ], [ 1017.300504061405036, 290.366670018516004 ], [ 1019.010000003142977, 313.280000000323128 ] ] ] } },
{ "type": "Feature", "properties": { "feature_type": "building", "subtype": "no-damage", "uid": "b16be28e-e374-40a7-8421-a211f46adf4f" }, "geometry": { "type": "Polygon", "coordinates": [ [ [ 1022.975492793897047, 650.851015542830964 ], [ 1004.490624834527011, 652.602550558209828 ], [ 996.171868398015476, 675.710207329641321 ], [ 984.772091057485454, 669.240063432678767 ], [ 952.421371580975233, 654.451163099924315 ], [ 930.546123168728514, 645.824304571602738 ], [ 931.162327348859094, 627.030077066736226 ], [ 932.394735712125566, 621.484239439669295 ], [ 956.426698753086271, 619.327524809271836 ], [ 955.810494570310993, 623.024749892700925 ], [ 1022.975491421226025, 618.472655341595782 ], [ 1022.975492793897047, 650.851015542830964 ] ] ] } },
{ "type": "Feature", "properties": { "feature_type": "building", "subtype": "no-damage", "uid": "33bcbc10-6d26-491b-b4b1-30ede2c1431a" }, "geometry": { "type": "Polygon", "coordinates": [ [ [ 982.912374354765348, 483.102540488304726 ], [ 979.774095708617438, 476.825983196728373 ], [ 995.706894986259272, 473.929110601208208 ], [ 997.638143384915224, 493.241594574549083 ], [ 1001.742046228647951, 493.483000624336114 ], [ 1001.017828080610002, 500.242370015486188 ], [ 994.499864741411784, 502.173618411858627 ], [ 991.602992142766766, 503.380648661755174 ], [ 992.327210291165784, 509.657205953331413 ], [ 981.946750156218741, 511.105642251091581 ], [ 982.670968304497706, 520.279072137226422 ], [ 974.463162616430736, 520.520478187013396 ], [ 969.876447673244229, 499.759557914950619 ], [ 974.704568665857096, 499.759557914950619 ], [ 973.980350515173996, 495.655655069533793 ], [ 969.635041623697703, 495.655655070495527 ], [ 969.393635574271457, 492.517376426149781 ], [ 963.841296431215937, 492.275970375401187 ], [ 963.117078281374461, 484.309570737239483 ], [ 970.359259774140355, 481.412698139795907 ], [ 980.981125958032862, 482.37832233894369 ], [ 982.912374354765348, 483.102540488304726 ] ] ] } },
{ "type": "Feature", "properties": { "feature_type": "building", "subtype": "no-damage", "uid": "ce29f31b-efcf-41fe-b7ef-ac38d9c6d340" }, "geometry": { "type": "Polygon", "coordinates": [ [ [ 1022.975489676867028, 547.091791921560571 ], [ 1002.595463764468946, 548.011197042639196 ], [ 1000.66421537026099, 531.836991714605574 ], [ 999.939997219457496, 529.42293121769751 ], [ 999.457185119643214, 525.077622324417121 ], [ 1022.975489485973981, 523.45832075166436 ], [ 1022.975489676867028, 547.091791921560571 ] ] ] } },
{ "type": "Feature", "properties": { "feature_type": "building", "subtype": "no-damage", "uid": "eb66c864-c54f-41c1-b0a7-a4c5ffb28f8a" }, "geometry": { "type": "Polygon", "coordinates": [ [ [ 945.764868798620228, 498.645354264001526 ], [ 945.040650651543501, 497.921136115602224 ], [ 924.521136431316108, 496.231293768055082 ], [ 923.072700130911699, 482.712554987678118 ], [ 918.003173088271524, 480.298494490770111 ], [ 916.796142839697609, 465.331319410709625 ], [ 947.696117200161211, 465.331319410709625 ], [ 948.661741397145079, 473.78053114844522 ], [ 960.007825729436604, 473.539125099619923 ], [ 960.732043880840934, 504.439099458888791 ], [ 946.247680898795124, 505.404723656113276 ], [ 945.764868798620228, 498.645354264001526 ] ] ] } },
{ "type": "Feature", "properties": { "feature_type": "building", "subtype": "no-damage", "uid": "2773e74f-1e52-4c07-afe0-0ae5901ddc09" }, "geometry": { "type": "Polygon", "coordinates": [ [ [ 809.790083125329602, 742.185174104766247 ], [ 835.132688976265399, 740.851352743886764 ], [ 837.800331695499494, 765.304744353280398 ], [ 830.481889860427259, 767.026647291771383 ], [ 823.030825603064727, 767.956807114362164 ], [ 813.198737713602213, 757.153613816815891 ], [ 809.049071260618803, 745.149221572746455 ], [ 808.752666512835049, 743.518995464684167 ], [ 809.790083125329602, 742.185174104766247 ] ] ] } },
{ "type": "Feature", "properties": { "feature_type": "building", "subtype": "no-damage", "uid": "d66e7b25-72af-4b17-90a5-95a067d20461" }, "geometry": { "type": "Polygon", "coordinates": [ [ [ 698.304278892265188, 893.54277991979302 ], [ 722.164861004402837, 893.098172800461498 ], [ 724.432833557029539, 911.894508597827212 ], [ 725.128908476709853, 927.036516305275995 ], [ 703.639564333979024, 928.222135291121731 ], [ 700.082707371033393, 928.222135292083408 ], [ 698.304278892265188, 893.54277991979302 ] ] ] } },
{ "type": "Feature", "properties": { "feature_type": "building", "subtype": "no-damage", "uid": "c14a5b9d-caf4-476a-9cfc-062d804ef9c5" }, "geometry": { "type": "Polygon", "coordinates": [ [ [ 951.150000002340789, 421.999999999845102 ], [ 946.120048252364086, 434.938600419857721 ], [ 958.895497343576267, 435.762822940180911 ], [ 959.860000003825689, 424.219999999852917 ], [ 995.940000002411693, 421.330000001164024 ], [ 995.081595773622553, 430.553609181170884 ], [ 992.918351771226071, 436.802980743223486 ], [ 994.839801904312594, 438.175445124600913 ], [ 1001.140200203495965, 434.782922963168517 ], [ 1002.735154318042987, 432.048715910689907 ], [ 1006.487625172387993, 432.51777476641621 ], [ 1008.141216145623048, 429.761789804412274 ], [ 1000.046987438352971, 427.143068751303019 ], [ 1000.400000000268051, 420.979999999685617 ], [ 1020.403065028822994, 419.375318773089987 ], [ 1022.975490383337956, 438.217285409960311 ], [ 1022.975490199297042, 445.955172011043715 ], [ 1018.830164956389012, 446.90106997548861 ], [ 1022.975489908990994, 460.373376797485207 ], [ 1022.975489876414031, 462.361492518858313 ], [ 1014.504689766839988, 464.202970735128702 ], [ 997.660000000598984, 465.240000000403427 ], [ 993.049078724950164, 451.742371734523772 ], [ 989.070948972729184, 452.184386152959974 ], [ 990.090000003633804, 465.709999999750892 ], [ 988.945063651054511, 465.775870802875488 ], [ 986.192488529973843, 470.887796024735621 ], [ 977.934763168534914, 469.708120973685084 ], [ 964.958337602895085, 470.101345991343123 ], [ 960.632862411784004, 461.45039561344629 ], [ 939.005486468850563, 456.338470389662916 ], [ 937.825811416117403, 448.473970046120428 ], [ 918.951010590898704, 439.823019668223708 ], [ 919.737460627416567, 424.880469013569723 ], [ 926.02906090032559, 422.91434392720322 ], [ 924.456160833540821, 416.229518635673003 ], [ 949.622561931548489, 411.904043447205481 ], [ 951.150000002340789, 421.999999999845102 ] ] ] } },
{ "type": "Feature", "properties": { "feature_type": "building", "subtype": "no-damage", "uid": "723933ef-452b-4e4e-9658-b17f92516b0c" }, "geometry": { "type": "Polygon", "coordinates": [ [ [ 951.4508307842965, 523.964875578987971 ], [ 963.466812300389165, 524.581079758277156 ], [ 964.699220661491836, 536.905163369066145 ], [ 958.537178860546533, 539.369980092955075 ], [ 958.260000001343769, 550.050000000400701 ], [ 957.489999999750353, 551.160000000885361 ], [ 929.575582370727489, 554.158880426671203 ], [ 927.329999999420465, 529.289999999756333 ], [ 938.96621792154599, 528.66393416341964 ], [ 944.121677828316365, 529.126603642079886 ], [ 948.440880565379757, 528.303898357020671 ], [ 949.696687037254605, 525.164382174928505 ], [ 949.600000004019762, 521.329999999737197 ], [ 951.142728690805143, 521.191956766416183 ], [ 951.4508307842965, 523.964875578987971 ] ] ] } },
{ "type": "Feature", "properties": { "feature_type": "building", "subtype": "no-damage", "uid": "d73dc4b5-4b4d-4157-9432-554063aac7ce" }, "geometry": { "type": "Polygon", "coordinates": [ [ [ 944.364482706724061, 521.808160947628721 ], [ 949.100000001238072, 521.379999999811048 ], [ 949.194180120552232, 525.074358266391414 ], [ 948.078337553191545, 527.86396468485384 ], [ 944.096768647100134, 528.622358761929945 ], [ 938.975082706604553, 528.162720280226154 ], [ 927.2900000027754, 528.80000000076393 ], [ 925.570255196813378, 509.792179426484381 ], [ 927.110765649003042, 507.635464796086922 ], [ 942.51587016272606, 507.327362704518919 ], [ 944.364482706724061, 521.808160947628721 ] ] ] } },
{ "type": "Feature", "properties": { "feature_type": "building", "subtype": "no-damage", "uid": "08f7449a-c792-4c58-b9e5-a509f16fc708" }, "geometry": { "type": "Polygon", "coordinates": [ [ [ 985.479017531170371, 550.804573844105676 ], [ 991.039999998905387, 553.820000000773348 ], [ 993.682565752456298, 564.371434969704524 ], [ 994.632093182364201, 571.018126965237684 ], [ 991.465797421487991, 575.402228787860963 ], [ 995.63000000046361, 584.060000001372828 ], [ 970.270436400485096, 585.808451045906281 ], [ 966.166533559637173, 571.324088065419801 ], [ 958.200133915947731, 570.841275965845853 ], [ 958.22907676705529, 551.077859524454766 ], [ 960.372788365111887, 549.597543595170805 ], [ 980.932788365576243, 547.433483098631768 ], [ 986.439017529750458, 547.433483098631768 ], [ 985.479017531170371, 550.804573844105676 ] ] ] } },
{ "type": "Feature", "properties": { "feature_type": "building", "subtype": "no-damage", "uid": "7f48ad5b-5058-4f52-a5f6-a32273e15956" }, "geometry": { "type": "Polygon", "coordinates": [ [ [ 985.237611481503677, 526.18115677641299 ], [ 985.479017531290538, 533.90615036574934 ], [ 988.134484077263664, 536.320210862657405 ], [ 989.100108276170886, 543.562392353381483 ], [ 986.927453827006843, 545.735046799540896 ], [ 986.589017532977095, 546.933483096932036 ], [ 982.656363085975386, 546.933483097893713 ], [ 972.801082066008576, 546.630024846390029 ], [ 971.236060600353994, 539.941301608500339 ], [ 972.356060598497038, 536.570210862064869 ], [ 983.162040800669729, 536.570210862064869 ], [ 982.041325530609811, 532.927886220695086 ], [ 972.610000000407126, 533.129999999847769 ], [ 971.236060602637963, 525.456938626090391 ], [ 985.237611481503677, 526.18115677641299 ] ] ] } },
{ "type": "Feature", "properties": { "feature_type": "building", "subtype": "no-damage", "uid": "45318f76-86df-4903-b912-e1b69cf5bfd6" }, "geometry": { "type": "Polygon", "coordinates": [ [ [ 1012.033682994266997, 565.530342873417453 ], [ 1021.689924983219043, 565.771748924166104 ], [ 1022.655549181405036, 582.187360301025137 ], [ 996.159999999947672, 584.020000002083066 ], [ 992.045352221477742, 575.453753034773968 ], [ 995.155613754340038, 571.147237068913 ], [ 994.173892784389977, 564.275190281184109 ], [ 991.59000000067897, 553.940000000565874 ], [ 1012.033682993545995, 553.460040389838923 ], [ 1012.033682994266997, 565.530342873417453 ] ] ] } },
{ "type": "Feature", "properties": { "feature_type": "building", "subtype": "no-damage", "uid": "d5d74474-0c77-441d-9adb-d1e4e9534161" }, "geometry": { "type": "Polygon", "coordinates": [ [ [ 586.142787652090988, 726.498680975935713 ], [ 586.75000000287173, 726.420000000743812 ], [ 589.256286452746167, 738.339908761694119 ], [ 591.185035780184535, 747.019280720082406 ], [ 593.010000001100821, 762.740000000125519 ], [ 535.642192143968941, 765.967491039383049 ], [ 537.147789665066966, 719.795833819303994 ], [ 585.069999999766765, 717.099999999870874 ], [ 586.142787652090988, 726.498680975935713 ] ] ] } },
{ "type": "Feature", "properties": { "feature_type": "building", "subtype": "no-damage", "uid": "cd25d19b-03c9-4d5c-a007-b7473cc48f6d" }, "geometry": { "type": "Polygon", "coordinates": [ [ [ 640.779612043262887, 736.474037637597462 ], [ 643.480000002127099, 738.630000000305586 ], [ 618.050637719916836, 743.134064781870279 ], [ 615.333007751102286, 749.557553794479986 ], [ 613.196766823856706, 759.526678132207053 ], [ 593.190000000549162, 759.980000000089944 ], [ 591.678733385592409, 746.93603384188475 ], [ 589.744985918844236, 738.234170227151253 ], [ 587.24000000318631, 726.350000001025137 ], [ 595.615509208843832, 725.218583470355156 ], [ 593.120000001191102, 716.650000001129797 ], [ 641.599999999207739, 713.920000002484812 ], [ 640.779612043262887, 736.474037637597462 ] ] ] } },
{ "type": "Feature", "properties": { "feature_type": "building", "subtype": "no-damage", "uid": "8a2f6be7-6e7c-4ea0-aa67-ef87b6539879" }, "geometry": { "type": "Polygon", "coordinates": [ [ [ 667.499999999692704, 676.250000000148361 ], [ 664.82992752776488, 690.905154081604564 ], [ 686.913320711547385, 693.472990498103172 ], [ 689.499999999229317, 677.070000000012556 ], [ 704.770980006714126, 677.639103316063256 ], [ 717.358964260949506, 683.216339810045952 ], [ 716.831134142421547, 754.791837473097871 ], [ 668.249999998996714, 758.840000001099611 ], [ 665.680000000997211, 748.050000000364435 ], [ 684.034032167588634, 738.468719961271177 ], [ 683.250000000942805, 737.039999999689257 ], [ 685.99124594123748, 736.013352859800193 ], [ 683.893157653368235, 726.571955569795591 ], [ 676.882813078647132, 726.571955569795591 ], [ 677.870000000911205, 733.970000001311632 ], [ 663.979999999689994, 740.920000000032019 ], [ 663.315588727895829, 738.123306447460209 ], [ 651.814648509380845, 737.6232655697479 ], [ 650.929999999900929, 713.390000000356054 ], [ 653.078798553038382, 713.271577907927963 ], [ 653.059999998621265, 712.910000001186063 ], [ 670.496371419312027, 710.974438929210123 ], [ 668.313877214055424, 705.518203421777343 ], [ 652.540000002325542, 703.090000000536634 ], [ 651.071335194499511, 675.631639956201639 ], [ 667.499999999692704, 676.250000000148361 ] ] ] } },
{ "type": "Feature", "properties": { "feature_type": "building", "subtype": "no-damage", "uid": "67ae0bf1-80d7-48b5-a463-69a1d405d057" }, "geometry": { "type": "Polygon", "coordinates": [ [ [ 762.372317309662094, 718.407974673810941 ], [ 776.921642947977034, 721.553774811227868 ], [ 780.460668103171315, 735.709875431527621 ], [ 752.148466860655162, 737.282775499274521 ], [ 751.755241845401542, 750.652426084258309 ], [ 784.392918270614132, 750.652426084258309 ], [ 784.786143287430491, 761.662726566179458 ], [ 717.544665349196862, 760.876276530863606 ], [ 716.831134142421547, 754.791837473097871 ], [ 718.28000000194595, 731.260000001349795 ], [ 727.398007616669929, 733.61457822977161 ], [ 732.169999999320567, 731.459999999721731 ], [ 744.121425724527967, 730.435868944049616 ], [ 745.759999999618117, 711.810000001485491 ], [ 762.372317309662094, 718.407974673810941 ] ] ] } },
{ "type": "Feature", "properties": { "feature_type": "building", "subtype": "no-damage", "uid": "bbcf5220-835a-47d1-8959-4b80adf5a7d3" }, "geometry": { "type": "Polygon", "coordinates": [ [ [ 735.633016139941219, 707.790899209547774 ], [ 735.890000000339796, 707.890000000891291 ], [ 731.774848866184584, 716.127891816916872 ], [ 734.591149786653887, 718.139535328704824 ], [ 734.212896056228033, 727.217624798344218 ], [ 728.546641735062508, 727.595375086654485 ], [ 727.736862201147801, 727.595375086654485 ], [ 729.987937586675002, 731.647310784595334 ], [ 730.669999999510537, 731.590000000298346 ], [ 727.352573942979348, 733.086472425234888 ], [ 718.31000000405777, 730.750000000789214 ], [ 720.297240470878592, 698.35349879922012 ], [ 735.633016139941219, 707.790899209547774 ] ] ] } },
{ "type": "Feature", "properties": { "feature_type": "building", "subtype": "no-damage", "uid": "af249389-a5e0-4b20-b4d9-0ed0e98f1fb6" }, "geometry": { "type": "Polygon", "coordinates": [ [ [ 620.256939466598737, 839.409118483553129 ], [ 547.852948252869965, 846.495466559804868 ], [ 547.544846163465877, 833.555178767803227 ], [ 544.239999998737289, 827.84000000102867 ], [ 572.669999999374454, 824.350000000492287 ], [ 590.968604839390309, 824.878713467513307 ], [ 589.967991428217488, 817.874419580406084 ], [ 588.180000001159897, 818.080000000275504 ], [ 587.360000003339337, 810.670000000106711 ], [ 591.91000000404506, 807.30000000032453 ], [ 619.024531108621545, 806.134092734615137 ], [ 620.256939466598737, 839.409118483553129 ] ] ] } },
{ "type": "Feature", "properties": { "feature_type": "building", "subtype": "no-damage", "uid": "0b858ca2-a4d2-4d29-b9a9-7d0e4839d1aa" }, "geometry": { "type": "Polygon", "coordinates": [ [ [ 598.289643307408141, 784.81346442271979 ], [ 606.780000002289285, 791.610000001010462 ], [ 606.700447495791877, 791.653294490543544 ], [ 606.392345403502759, 799.972050928258909 ], [ 591.295342984953891, 801.204459288760859 ], [ 590.371036712173577, 807.366501094155296 ], [ 591.01999999905297, 807.340000000575856 ], [ 587.299999999235752, 810.100000000611544 ], [ 587.222384817144189, 809.423609335257538 ], [ 583.433785500098907, 804.687860189100093 ], [ 582.569633253713278, 804.39980944102615 ], [ 581.962527891603827, 801.971387991625875 ], [ 578.559789616885951, 799.806009091018382 ], [ 577.603999034855633, 797.257234204001065 ], [ 576.752771975591713, 797.257234204962742 ], [ 570.699270728350143, 800.443287494060883 ], [ 572.080000000715472, 819.180000000937753 ], [ 541.330000002087104, 822.810000000911486 ], [ 540.766600176980546, 821.847299337265099 ], [ 538.190000001827798, 791.26000000145541 ], [ 555.881768824575602, 791.768022640659524 ], [ 583.01467433182961, 790.629579053665225 ], [ 591.340000000583132, 784.540000000574196 ], [ 598.289643307408141, 784.81346442271979 ] ] ] } },
{ "type": "Feature", "properties": { "feature_type": "building", "subtype": "no-damage", "uid": "81d5fe08-6deb-4dab-8760-fd456b8b078d" }, "geometry": { "type": "Polygon", "coordinates": [ [ [ 615.635408115679411, 775.940087886931792 ], [ 608.857162130275924, 776.248189976576441 ], [ 609.8100000016168, 784.460000001033109 ], [ 602.480378332384021, 779.087657032000152 ], [ 596.518674117541877, 778.460109219265973 ], [ 590.861941693027461, 779.717160870360544 ], [ 590.112271172487681, 780.466831390900438 ], [ 590.448352954705115, 784.49981280924635 ], [ 590.539999999522479, 784.500000000322871 ], [ 582.84190306886444, 790.13638827150362 ], [ 555.878492971120409, 791.267720162237424 ], [ 538.149999999412671, 790.759999999755564 ], [ 537.993681362726534, 788.880375677971756 ], [ 537.993681366332794, 774.707679524506602 ], [ 536.761273005711018, 769.469943989969352 ], [ 551.242071245451484, 766.388923088714591 ], [ 616.251612292564346, 763.616004276142803 ], [ 615.635408115679411, 775.940087886931792 ] ] ] } },
{ "type": "Feature", "properties": { "feature_type": "building", "subtype": "no-damage", "uid": "00b7e343-c6b0-43b0-a59f-b59a452397c2" }, "geometry": { "type": "Polygon", "coordinates": [ [ [ 550.834992700195926, 850.652031774764509 ], [ 568.236604715500903, 849.706291989572946 ], [ 569.371492453042379, 855.380730689182315 ], [ 587.340548338260078, 854.434990907837459 ], [ 586.962252427429235, 847.247368551921454 ], [ 596.608798214262606, 847.05822059680645 ], [ 597.365390042535978, 858.028802083872165 ], [ 593.582430906939521, 858.785393910102016 ], [ 593.393282953146809, 868.242791743746125 ], [ 585.638216726839005, 868.053643787669444 ], [ 585.638216726718838, 870.70171518043594 ], [ 566.345125146200076, 873.160638616163965 ], [ 566.155977194691445, 869.945123354205975 ], [ 554.239655923038072, 870.512567222435905 ], [ 553.483064095125428, 873.728082486317248 ], [ 549.700104961091711, 873.91723044527896 ], [ 550.834992700195926, 850.652031774764509 ] ] ] } },
{ "type": "Feature", "properties": { "feature_type": "building", "subtype": "no-damage", "uid": "16e918bd-6ae4-4734-b083-535ef53a7c63" }, "geometry": { "type": "Polygon", "coordinates": [ [ [ 562.751313974253435, 873.728082487278925 ], [ 593.014987039671382, 872.782342703049039 ], [ 593.204134993584148, 871.080011094512543 ], [ 603.039828740340909, 870.323419266359224 ], [ 603.607272611335475, 874.106378400393851 ], [ 622.522068280662666, 875.241266139738741 ], [ 622.143772362739469, 888.292475150379232 ], [ 606.066196049106566, 886.779291495995949 ], [ 606.44449195921618, 896.804133199793341 ], [ 592.258395212119353, 896.047541372601813 ], [ 591.123507469649212, 886.4009955838427 ], [ 563.129609884122601, 887.157587411996019 ], [ 562.751313974253435, 873.728082487278925 ] ] ] } },
{ "type": "Feature", "properties": { "feature_type": "building", "subtype": "no-damage", "uid": "8fbc1d87-295e-47e0-b1e6-b86fee7e3f06" }, "geometry": { "type": "Polygon", "coordinates": [ [ [ 551.127793222408172, 891.183276888224555 ], [ 587.140969950280237, 891.479681635407246 ], [ 590.105017420663899, 891.331479262296739 ], [ 591.735243525720534, 898.593395556251608 ], [ 591.438838782624998, 916.970489856574545 ], [ 578.100625175154846, 914.302847136738706 ], [ 575.136577705612694, 916.229477990060332 ], [ 561.501959355287454, 917.26689460279556 ], [ 561.353756982778009, 922.898584792534848 ], [ 548.311948128741278, 922.157572925058957 ], [ 551.127793222408172, 891.183276888224555 ] ] ] } },
{ "type": "Feature", "properties": { "feature_type": "building", "subtype": "no-damage", "uid": "28034f34-fcdf-4a01-9d14-e43858d52e9e" }, "geometry": { "type": "Polygon", "coordinates": [ [ [ 608.96033313661826, 930.841093712644351 ], [ 608.960333139383124, 913.423028090628122 ], [ 625.797796573930668, 913.771389403010744 ], [ 625.217194383460878, 934.208586399650812 ], [ 608.96033313661826, 930.841093712644351 ] ] ] } },
{ "type": "Feature", "properties": { "feature_type": "building", "subtype": "no-damage", "uid": "062b2c77-fd12-47c9-8386-5f6fcc6c5ede" }, "geometry": { "type": "Polygon", "coordinates": [ [ [ 658.207354265924778, 895.515781610292265 ], [ 662.290000001090107, 894.270000001395033 ], [ 662.293031890120687, 894.29451002012695 ], [ 668.962138694276518, 895.183724259751557 ], [ 676.372257361820971, 902.001033434374904 ], [ 688.228447232897224, 902.445640556591457 ], [ 689.48000000054617, 916.719999999918286 ], [ 686.932612287365828, 917.00379337545553 ], [ 687.163224289413165, 922.999705388778239 ], [ 681.209453421837566, 922.662699491325611 ], [ 679.227830320716976, 923.795055549040399 ], [ 684.292700329346758, 928.612858728550918 ], [ 690.580000001809253, 929.340000000854729 ], [ 690.59968520723271, 929.56667488389769 ], [ 702.307672703635831, 930.011282005152452 ], [ 707.319011446528179, 928.889826889003302 ], [ 704.678910680495733, 941.571067127967126 ], [ 706.160934411960966, 945.424328835571941 ], [ 708.976779505868308, 954.909280732916045 ], [ 702.307672702674154, 958.021530574006761 ], [ 703.345089316851613, 959.651756680145581 ], [ 698.009803876460069, 959.948161427328273 ], [ 691.637101819486816, 957.576923453713562 ], [ 677.854281094728776, 953.575459372998125 ], [ 676.816864482234223, 941.126460008635604 ], [ 656.185664529704354, 939.189626332381522 ], [ 655.366813918737648, 929.545385803590193 ], [ 653.001245489046369, 929.545385802628516 ], [ 653.001245487243182, 910.984771953405129 ], [ 661.499999999371084, 911.870000000451455 ], [ 664.969259856894837, 914.258820035199506 ], [ 663.606943357454156, 919.253980550620213 ], [ 671.872557522317265, 920.36665937964824 ], [ 672.02466892593759, 914.434314722240515 ], [ 674.053098793733966, 913.014413813484452 ], [ 665.78938174695088, 913.014413814446129 ], [ 662.620000002442794, 910.480000001092094 ], [ 662.554502617752178, 905.980684885236769 ], [ 656.640581536972377, 904.524950466594873 ], [ 656.731564937055509, 903.615116454462964 ], [ 647.451258015811959, 902.614299040444621 ], [ 646.814374205853142, 885.375189485821807 ], [ 657.700000000253226, 886.200000000444106 ], [ 658.207354265924778, 895.515781610292265 ] ] ] } },
{ "type": "Feature", "properties": { "feature_type": "building", "subtype": "no-damage", "uid": "360b5b37-66ca-4696-bfea-cc61b0a43315" }, "geometry": { "type": "Polygon", "coordinates": [ [ [ 720.526929432002476, 832.399076944406261 ], [ 726.455024367480519, 828.101208115546569 ], [ 742.460880692261526, 829.435029477387843 ], [ 743.498297309804798, 837.586160011928996 ], [ 769.87831976926816, 835.066719665203777 ], [ 769.285510275383785, 838.178969506294379 ], [ 773.879783852987771, 838.919981371846916 ], [ 773.286974357540657, 848.256730896080512 ], [ 757.725725153413464, 850.035159376291631 ], [ 755.650891927222233, 857.741682791501376 ], [ 746.462344774418398, 856.259659058472948 ], [ 736.977392876956287, 860.112920765116087 ], [ 735.791773889427986, 852.109992602723764 ], [ 726.158619621980847, 852.702802096127471 ], [ 725.7140125010867, 848.997742762594726 ], [ 718.600298579522814, 848.849540388522541 ], [ 720.526929432002476, 832.399076944406261 ] ] ] } },
{ "type": "Feature", "properties": { "feature_type": "building", "subtype": "no-damage", "uid": "c65027e8-9476-440c-ba90-bf3ddb6410dc" }, "geometry": { "type": "Polygon", "coordinates": [ [ [ 745.597545352831162, 881.112941790454443 ], [ 749.730000000645759, 897.310000000305308 ], [ 748.87779861659385, 897.353560696973432 ], [ 749.549999999514625, 901.289999998872418 ], [ 746.639874619626994, 901.366994081951248 ], [ 752.692609234874453, 920.849233620354426 ], [ 726.211895298321224, 923.119009100005769 ], [ 720.159160690166118, 876.777759716015225 ], [ 742.550000000361479, 874.580000000984001 ], [ 745.597545352831162, 881.112941790454443 ] ] ] } },
{ "type": "Feature", "properties": { "feature_type": "building", "subtype": "no-damage", "uid": "70137e34-c1f1-41e6-a0b0-41e3dd776175" }, "geometry": { "type": "Polygon", "coordinates": [ [ [ 797.331527006591273, 868.644397579716042 ], [ 791.089644439114068, 868.833545537716077 ], [ 791.449999998613407, 870.799999999827151 ], [ 790.725900739378062, 870.96447629973386 ], [ 787.7534331066189, 873.936943932012923 ], [ 787.976881655036209, 876.171429407050823 ], [ 799.743634096634878, 876.171429407050823 ], [ 801.303634097182453, 899.853810428529755 ], [ 760.909999999742126, 900.970000000707955 ], [ 760.51352058456871, 896.732988859251918 ], [ 750.240000000004216, 897.280000000838072 ], [ 746.070427150607543, 880.943906684706462 ], [ 743.069999998821004, 874.520000000126061 ], [ 743.2352114017134, 874.507984236363768 ], [ 743.991803225298554, 866.942065970217868 ], [ 747.585614403375871, 862.4025150089916 ], [ 775.012068118028196, 860.511035444378535 ], [ 775.768659949787548, 864.104846620413127 ], [ 788.063277132271764, 865.050586402719773 ], [ 787.495833257670824, 859.565295661110326 ], [ 795.440047438011675, 859.565295660148649 ], [ 797.331527006591273, 868.644397579716042 ] ] ] } },
{ "type": "Feature", "properties": { "feature_type": "building", "subtype": "no-damage", "uid": "90a3c0d9-272e-460e-b72b-8abd0c1fa36c" }, "geometry": { "type": "Polygon", "coordinates": [ [ [ 795.617238580065873, 925.924989614334891 ], [ 795.91364332881119, 938.966798472101118 ], [ 767.310585266319663, 935.558143883827825 ], [ 768.109999999911793, 926.200000000835075 ], [ 770.715835478750705, 926.027526628602573 ], [ 785.360126807368601, 927.372410525210398 ], [ 787.439999998776898, 924.560000000144896 ], [ 795.617238580065873, 925.924989614334891 ] ] ] } },
{ "type": "Feature", "properties": { "feature_type": "building", "subtype": "no-damage", "uid": "a581b0dc-ea93-4c4a-93d9-ea081f2a235e" }, "geometry": { "type": "Polygon", "coordinates": [ [ [ 783.020036846442395, 906.065871580983526 ], [ 782.999999998882686, 905.890000001816816 ], [ 790.409999999650722, 910.280000000796804 ], [ 790.43015551218366, 910.363740409843217 ], [ 787.169703299065191, 913.327787876861748 ], [ 786.725096179373168, 924.442965880344786 ], [ 786.890000003013824, 924.470000000781397 ], [ 785.126018084600332, 926.848806676112417 ], [ 770.722644226346574, 925.526047851922726 ], [ 768.15000000076418, 925.690000000274495 ], [ 768.348001878453601, 923.405549266647881 ], [ 762.864514064711102, 922.812739773244175 ], [ 761.975299823283535, 913.179585502789564 ], [ 760.580000002476709, 912.530000000271798 ], [ 766.140000000273631, 905.089999999673978 ], [ 783.020036846442395, 906.065871580983526 ] ] ] } },
{ "type": "Feature", "properties": { "feature_type": "building", "subtype": "no-damage", "uid": "a80698bd-0b42-4806-8f3e-11e2fd3c23ed" }, "geometry": { "type": "Polygon", "coordinates": [ [ [ 762.419906944538297, 902.360812246489218 ], [ 764.939347294989489, 902.360812245527541 ], [ 765.087549665335132, 905.028454967286621 ], [ 765.540000001311228, 905.05000000038433 ], [ 760.11000000120589, 912.320000000154096 ], [ 749.822705209111746, 907.547895314011953 ], [ 749.549999999514625, 901.289999998872418 ], [ 762.419906944538297, 902.360812246489218 ] ] ] } },
{ "type": "Feature", "properties": { "feature_type": "building", "subtype": "no-damage", "uid": "90d6b2a2-c6d7-4714-b1e7-446fb649b9de" }, "geometry": { "type": "Polygon", "coordinates": [ [ [ 799.470500289833581, 906.955085822531601 ], [ 789.985548393813929, 907.992502433343475 ], [ 790.290000002983788, 909.620000000014784 ], [ 782.940000000669329, 905.270000000324444 ], [ 782.575429723865341, 901.47159800590282 ], [ 797.395667061718996, 900.730586139388606 ], [ 799.470500289833581, 906.955085822531601 ] ] ] } },
{ "type": "Feature", "properties": { "feature_type": "building", "subtype": "no-damage", "uid": "84f606f8-8691-4014-82fc-bd4a65a8ba5a" }, "geometry": { "type": "Polygon", "coordinates": [ [ [ 724.472920144489535, 929.114009462368244 ], [ 732.179443561019639, 927.928390475560946 ], [ 731.586634072063816, 924.81614063447023 ], [ 741.367990714184202, 923.630521646701141 ], [ 742.257204952606571, 926.001759622239319 ], [ 750.111930740323828, 926.890973860902363 ], [ 754.409799567980485, 948.083913254171534 ], [ 727.288765239478721, 951.640770215555335 ], [ 725.362134390004258, 940.970199331403819 ], [ 724.472920145451212, 930.447830822286164 ], [ 724.472920144489535, 929.114009462368244 ] ] ] } },
{ "type": "Feature", "properties": { "feature_type": "building", "subtype": "no-damage", "uid": "841b4abd-b911-4334-8b6c-d8d390615780" }, "geometry": { "type": "Polygon", "coordinates": [ [ [ 748.778109382690218, 950.603353601858544 ], [ 759.893287382924996, 947.194699013585137 ], [ 771.008465386525586, 943.786044428196874 ], [ 803.464785157101801, 948.973127495719609 ], [ 803.761189904164212, 975.797757075843037 ], [ 789.385559686243027, 975.056745210290501 ], [ 774.713524725587035, 975.056745210290501 ], [ 774.565322347547976, 971.796292994166038 ], [ 769.081834532363018, 970.610674008320302 ], [ 766.562394187802056, 979.354614038188629 ], [ 752.779573461721725, 976.686971317391112 ], [ 753.372382956808224, 956.827853284039861 ], [ 748.778109382089156, 951.937174962738027 ], [ 748.778109382690218, 950.603353601858544 ] ] ] } },
{ "type": "Feature", "properties": { "feature_type": "building", "subtype": "no-damage", "uid": "4d439a80-d8bf-43f2-b633-6c94cf97a31a" }, "geometry": { "type": "Polygon", "coordinates": [ [ [ 648.465548739708311, 869.915468514461509 ], [ 649.600436478211464, 866.510805294503598 ], [ 667.947788278587609, 867.078249165618445 ], [ 667.947788274620734, 863.862733901737101 ], [ 666.245456669570672, 862.727846162392211 ], [ 665.299716883898441, 854.405336068092993 ], [ 661.516757751908358, 854.027040156901421 ], [ 661.516757748662599, 847.028565758985451 ], [ 678.540073850973045, 847.028565758985451 ], [ 679.864109544711255, 844.758790278372317 ], [ 683.079624808231301, 844.569642322295635 ], [ 682.701328897520511, 854.405336068092993 ], [ 680.431553418470685, 855.161927896246311 ], [ 680.620701372503731, 860.26892272570251 ], [ 682.512180937356902, 861.592958423047321 ], [ 684.592808463215079, 876.724794955339235 ], [ 686.484288028428864, 876.724794955339235 ], [ 687.808323724571324, 889.586856008941368 ], [ 684.403660508460803, 891.667483532516144 ], [ 681.755589111728113, 894.88299879543581 ], [ 679.107517719563475, 898.0985140573938 ], [ 673.811374931868158, 897.152774276048945 ], [ 668.704380101331253, 889.39770805190301 ], [ 662.840793444564724, 884.290713221485134 ], [ 646.814374205853142, 885.375189485821807 ], [ 648.465548739708311, 869.915468514461509 ] ] ] } },
{ "type": "Feature", "properties": { "feature_type": "building", "subtype": "no-damage", "uid": "53c50e6a-ad8d-4b4f-9be2-aeb5f87415f3" }, "geometry": { "type": "Polygon", "coordinates": [ [ [ 617.7860804187859, 872.047047050444121 ], [ 608.706978495734461, 870.533863396060951 ], [ 609.085274408007876, 859.563281910918704 ], [ 612.300789674533121, 859.184985996842101 ], [ 612.489937632292595, 848.2144045097765 ], [ 631.593881253729592, 847.646960641546571 ], [ 630.837289429543375, 856.347766647037361 ], [ 648.428049395154972, 856.915210518152321 ], [ 646.914865741613539, 862.400501259761768 ], [ 646.347421874465681, 865.994312436758037 ], [ 645.02338617700093, 872.614490920597405 ], [ 642.753610695546854, 884.909108104046254 ], [ 644.455942305645635, 887.368031539774393 ], [ 644.645090261842483, 895.12309776295865 ], [ 638.024911779086551, 895.690541633111934 ], [ 637.835763824332275, 900.040944636338168 ], [ 632.161325122199742, 901.93242420479794 ], [ 631.593881251205175, 896.257985503265218 ], [ 629.134957818963699, 893.799062066575402 ], [ 628.378365989007534, 891.340138629885701 ], [ 624.217110943421631, 889.070363149272566 ], [ 624.595406855214151, 874.127674574019011 ], [ 620.245003853671847, 872.992786833712444 ], [ 617.7860804187859, 872.047047050444121 ] ] ] } },
{ "type": "Feature", "properties": { "feature_type": "building", "subtype": "no-damage", "uid": "1be13fd1-870a-472e-9759-9dd3dcf74b00" }, "geometry": { "type": "Polygon", "coordinates": [ [ [ 600.208521643897939, 959.678002585466743 ], [ 595.858118638268593, 971.026879986608947 ], [ 593.640000000852751, 972.069999999890683 ], [ 588.888270709514359, 967.48497061605417 ], [ 588.094094263969055, 965.102441286630437 ], [ 580.38262565256673, 965.102441284707083 ], [ 579.04071135499089, 967.786269887072081 ], [ 587.996484367119706, 970.122558500730179 ], [ 592.480000001977373, 973.260000000878108 ], [ 590.94027176945815, 979.916833949138095 ], [ 593.21004724598356, 980.673425775368059 ], [ 591.696863595687887, 984.456384909402686 ], [ 582.239465760603593, 982.564905341904478 ], [ 579.213098453400562, 987.482752214322431 ], [ 574.295251580142462, 988.617639956552239 ], [ 567.864221053463211, 998.831629615464635 ], [ 565.216149659855887, 996.372706179736497 ], [ 558.028527305985222, 973.10750750922216 ], [ 553.867272258836579, 971.972619769877269 ], [ 554.623864090115148, 963.460961718539693 ], [ 561.054894615953003, 963.082665806386444 ], [ 563.892113965636781, 956.651635279585321 ], [ 563.135522136401846, 953.057824102589052 ], [ 570.133996533474715, 948.329125185286102 ], [ 600.208521643897939, 959.678002585466743 ] ] ] } },
{ "type": "Feature", "properties": { "feature_type": "building", "subtype": "no-damage", "uid": "e0e22ac7-ea36-479a-b2e8-370ae851d59d" }, "geometry": { "type": "Polygon", "coordinates": [ [ [ 594.534082941765405, 976.890466643256786 ], [ 599.073633903351265, 973.674951378413766 ], [ 604.937220561079471, 961.002038280888314 ], [ 625.743495791413125, 966.865624938497717 ], [ 626.878383532320413, 964.406701501807902 ], [ 649.386990379244139, 970.837732028609025 ], [ 651.656765854928153, 965.163293328999544 ], [ 666.221158517904769, 968.946252462072493 ], [ 659.979275947782867, 988.050196085437392 ], [ 652.980801552392904, 987.29360425824575 ], [ 653.737393381507673, 992.778895001778551 ], [ 654.683133161169394, 995.805262307659973 ], [ 655.061429076207673, 998.642481659387954 ], [ 639.929592541515262, 1001.290553052153996 ], [ 637.092373192191985, 993.346338872893512 ], [ 639.740444585438581, 992.968042959778586 ], [ 642.766811893002227, 990.698267478203775 ], [ 644.847439416336101, 986.915308346092502 ], [ 643.90169963511164, 985.212976735632651 ], [ 641.253628238980014, 987.671900171360676 ], [ 638.605556847175876, 988.617639956552239 ], [ 628.959011057096859, 991.076563392280377 ], [ 628.959011056615964, 993.346338870970158 ], [ 630.283046755523287, 993.535486828008516 ], [ 629.33730697177441, 1000.344813268886014 ], [ 625.743495791533292, 998.642481659387954 ], [ 621.203944836078222, 1005.640956055381025 ], [ 604.55892464556041, 1000.912257137115944 ], [ 589.237940156113723, 994.859522525353327 ], [ 593.02089929098895, 988.995935868705601 ], [ 597.182154335613063, 988.995935868705601 ], [ 599.262781858225708, 983.699793083172722 ], [ 593.21004724598356, 980.673425775368059 ], [ 594.534082941765405, 976.890466643256786 ] ] ] } },
{ "type": "Feature", "properties": { "feature_type": "building", "subtype": "no-damage", "uid": "58985f73-4f13-4133-87de-9e555d118e0d" }, "geometry": { "type": "Polygon", "coordinates": [ [ [ 595.030256939801234, 1007.205561997928953 ], [ 610.540000002117381, 1013.279999999951997 ], [ 610.232332814420829, 1013.651817150196962 ], [ 621.233921106085063, 1020.134895966796989 ], [ 624.983921106811977, 1016.800685497560949 ], [ 629.715602881283075, 1016.800685497560949 ], [ 637.470669107590879, 1022.096828285978972 ], [ 636.944427656853577, 1022.979318986534963 ], [ 588.146763146458397, 1022.979449941719054 ], [ 590.191529158323419, 1020.092715628210954 ], [ 579.471320996300165, 1015.725223415757 ], [ 577.545381753594143, 1019.577101905256995 ], [ 583.145155458243494, 1021.894249644483011 ], [ 583.28880656047977, 1022.979459516158954 ], [ 562.697155397921506, 1022.979493149794962 ], [ 564.45955783206341, 1009.04561927533905 ], [ 566.109999999380193, 1008.540000000455962 ], [ 576.83999999973571, 1011.770000000799996 ], [ 579.786958845350227, 1014.298235470982945 ], [ 585.058563853149394, 1009.417119723759015 ], [ 588.747999333816551, 1005.912156020483962 ], [ 595.030256939801234, 1007.205561997928953 ] ] ] } },
{ "type": "Feature", "properties": { "feature_type": "building", "subtype": "no-damage", "uid": "6ffa21ce-26e6-4865-9a6b-dfc22765b3ff" }, "geometry": { "type": "Polygon", "coordinates": [ [ [ 584.320093282615176, 992.589747044740193 ], [ 585.45498102244062, 994.481226612238402 ], [ 600.019373686138465, 1000.912257139038957 ], [ 628.769863098135261, 1008.478175404223975 ], [ 628.58071514205858, 1010.747950885797991 ], [ 614.205470434557583, 1007.910731535994046 ], [ 614.160000000945502, 1009.200000001237981 ], [ 614.012729998812802, 1009.075546870265953 ], [ 610.880000002330803, 1012.870000002424035 ], [ 595.172796685478488, 1006.724421505599025 ], [ 588.592993243273554, 1005.369756091238969 ], [ 584.716510453589308, 1009.052414740995005 ], [ 579.77412580356031, 1013.628696826453961 ], [ 578.019999999698371, 1012.130000001139024 ], [ 578.378469177862939, 1012.234433753745975 ], [ 577.728989611583074, 1007.471583577624983 ], [ 569.868517799461756, 1007.471583577624983 ], [ 567.980000000914401, 1005.329999998794051 ], [ 568.620812881496022, 1003.560328530844004 ], [ 579.213098453761177, 993.157190915855153 ], [ 581.672021889608914, 992.211451131625267 ], [ 584.320093282615176, 992.589747044740193 ] ] ] } },
{ "type": "Feature", "properties": { "feature_type": "building", "subtype": "no-damage", "uid": "f67eb63e-f210-47c4-bae0-ff1351aa5d62" }, "geometry": { "type": "Polygon", "coordinates": [ [ [ 695.796096811541815, 1016.254785627666024 ], [ 695.949999999974807, 1015.900000001512012 ], [ 698.500000001094236, 1022.030000001329995 ], [ 698.084196063223771, 1022.979065668734961 ], [ 670.546398140257793, 1022.97919205115295 ], [ 669.800000000563386, 1020.580000001113035 ], [ 672.966710025352882, 1016.116427125416976 ], [ 678.452000769725828, 1017.818758732992023 ], [ 683.500000001672447, 1011.029999999516008 ], [ 695.796096811541815, 1016.254785627666024 ] ] ] } },
{ "type": "Feature", "properties": { "feature_type": "building", "subtype": "no-damage", "uid": "9562c603-1f63-4ba0-94be-0d3e06c10a7c" }, "geometry": { "type": "Polygon", "coordinates": [ [ [ 702.289999999428005, 1000.110000000127002 ], [ 703.004827000922774, 1003.587250670913022 ], [ 712.006587607680103, 1010.290689421394973 ], [ 719.192360236637228, 1012.427000200414 ], [ 719.299999999099896, 1012.320000000651021 ], [ 722.189999999110455, 1016.240000000282976 ], [ 721.863703389852958, 1016.258484501449971 ], [ 722.243845298023416, 1019.299619779316004 ], [ 717.211791712476611, 1019.83876837927005 ], [ 706.362103538218662, 1020.029113785654999 ], [ 703.540447341049799, 1022.098328328410048 ], [ 698.839999999504471, 1021.530000000592054 ], [ 696.219999999147262, 1015.260000000375044 ], [ 697.105847341824301, 1013.198701055844026 ], [ 690.560000000241075, 1008.199999998799967 ], [ 697.934240305359481, 998.147371241396854 ], [ 702.289999999428005, 1000.110000000127002 ] ] ] } },
{ "type": "Feature", "properties": { "feature_type": "building", "subtype": "no-damage", "uid": "41f6e3da-e654-410b-8443-5369c803c6fc" }, "geometry": { "type": "Polygon", "coordinates": [ [ [ 719.686255320403689, 992.662080498825731 ], [ 780.069999999582478, 1013.480000000247969 ], [ 771.036383382813824, 1020.979932833486032 ], [ 763.405446025441961, 1021.538294103672001 ], [ 751.397294157114857, 1018.107393570001022 ], [ 746.826315158834973, 1022.297457650887054 ], [ 742.995953820458681, 1022.297457650887054 ], [ 729.892408023656458, 1017.479977578920966 ], [ 729.690265093117546, 1018.692835175858022 ], [ 726.349663368784945, 1018.525805090212998 ], [ 726.158734742579213, 1016.04373293439096 ], [ 722.790000003602358, 1016.210000000815967 ], [ 719.650000000097407, 1011.960000001272988 ], [ 726.953013462542685, 1004.467355863536 ], [ 723.540585049790593, 1003.329879726793024 ], [ 722.532718827913527, 1005.14403892533096 ], [ 717.953138538823623, 1007.342237465344965 ], [ 713.707006040561396, 1006.419165183652012 ], [ 709.064922833896503, 1004.562331901226003 ], [ 704.910000001828735, 998.810000000131367 ], [ 710.039709530805453, 989.635713191982745 ], [ 719.686255320403689, 992.662080498825731 ] ] ] } },
{ "type": "Feature", "properties": { "feature_type": "building", "subtype": "no-damage", "uid": "69955fd4-dd89-4855-b957-9f2bd876f6c1" }, "geometry": { "type": "Polygon", "coordinates": [ [ [ 786.077188114257069, 1015.548983256225029 ], [ 790.805887031318321, 1017.25131486476198 ], [ 793.695195879312678, 1022.978470546497988 ], [ 776.310207057361481, 1022.978596813514969 ], [ 784.840000001189992, 1015.120000000938035 ], [ 786.077188114257069, 1015.548983256225029 ] ] ] } },
{ "type": "Feature", "properties": { "feature_type": "building", "subtype": "no-damage", "uid": "027a89bd-5dc5-4afa-a4f8-850c7edb4ac3" }, "geometry": { "type": "Polygon", "coordinates": [ [ [ 659.772331774839813, 755.495297823567739 ], [ 658.539923413857423, 757.960114545533202 ], [ 655.458902511040606, 768.435585614607703 ], [ 653.302187880884162, 780.451567135752043 ], [ 640.670002179972698, 781.375873405647667 ], [ 640.670002176967387, 792.775650745579355 ], [ 636.048470826408675, 797.705284191433634 ], [ 614.173222415243913, 794.316161196687631 ], [ 614.173222412358882, 784.764996398470316 ], [ 616.021834953471966, 781.375873406609344 ], [ 618.794753770851457, 767.203177253144077 ], [ 619.719060038222437, 759.808727086286012 ], [ 659.772331774839813, 755.495297823567739 ] ] ] } },
{ "type": "Feature", "properties": { "feature_type": "building", "subtype": "no-damage", "uid": "40552cd1-6f9f-46b5-a502-b8e31b9f754e" }, "geometry": { "type": "Polygon", "coordinates": [ [ [ 792.096593351893489, 777.32564097811337 ], [ 788.475502604608891, 779.015483324698835 ], [ 791.372375201210389, 817.640451274265729 ], [ 787.060000000956734, 817.579999999537335 ], [ 786.044489274863508, 807.724360376224467 ], [ 769.152342068410235, 808.448309543055188 ], [ 768.428902220133182, 799.043591497780312 ], [ 757.333964545108415, 799.043591497780312 ], [ 756.880000001823532, 794.159999999004981 ], [ 778.619291230417844, 791.056511792949323 ], [ 778.069489498341454, 787.207899656994186 ], [ 756.289999999197562, 787.879999999927463 ], [ 754.920061704543286, 773.221738132696487 ], [ 755.644279848735096, 770.083459487389291 ], [ 791.372375201450836, 768.152211090055175 ], [ 792.096593351893489, 777.32564097811337 ] ] ] } },
{ "type": "Feature", "properties": { "feature_type": "building", "subtype": "no-damage", "uid": "2620a190-70d6-4cc7-884a-41185cffedad" }, "geometry": { "type": "Polygon", "coordinates": [ [ [ 845.700331415051664, 784.028287771600731 ], [ 845.890000002109787, 784.840000001017074 ], [ 840.025776550826436, 786.04738262224032 ], [ 839.826506939864998, 796.409402225865506 ], [ 848.140000002546003, 794.329999998871358 ], [ 851.719999999800393, 809.460000000436025 ], [ 838.758705018713613, 811.408634172301049 ], [ 839.893592759260287, 818.785404482370268 ], [ 817.574133867571732, 818.407108567331989 ], [ 816.060950217396226, 798.735721075737274 ], [ 824.194312356217893, 797.033389464315746 ], [ 821.735388916643728, 771.120119401034913 ], [ 820.170239720662607, 769.108941346867823 ], [ 829.249341641790579, 768.730645432791221 ], [ 843.139999999132442, 765.61999999995362 ], [ 845.700331415051664, 784.028287771600731 ] ] ] } },
{ "type": "Feature", "properties": { "feature_type": "building", "subtype": "no-damage", "uid": "cf2845bb-3bf4-44aa-9349-b9b7d4996cce" }, "geometry": { "type": "Polygon", "coordinates": [ [ [ 870.483596192708887, 756.436028249342371 ], [ 881.454177682416457, 758.138359858840545 ], [ 888.074356166735129, 764.001946516449948 ], [ 885.804580682876804, 767.028313823293047 ], [ 888.513060165375919, 781.413995048062361 ], [ 910.595213801510226, 781.265792674951854 ], [ 910.63492854888591, 801.194644510503622 ], [ 921.416362081555235, 798.924869030852165 ], [ 922.362101861938299, 809.895450518879557 ], [ 916.876811117805687, 808.949710735611234 ], [ 918.38999477254913, 816.893924913910496 ], [ 914.607035639717537, 818.217960612217098 ], [ 911.391520376678386, 811.03033825726277 ], [ 889.639505358148199, 811.408634172301049 ], [ 889.261209443710982, 806.679935254036423 ], [ 883.208474831348667, 806.490787297959855 ], [ 883.019326876113496, 809.138858690726238 ], [ 878.66892387481164, 810.652042345109408 ], [ 879.425515699719085, 815.191593305373999 ], [ 870.157265821913484, 817.083072871910531 ], [ 868.265786253934948, 806.301639340921497 ], [ 867.769999998968956, 806.349999999883607 ], [ 867.955674929044562, 805.747956612855774 ], [ 860.558605629284216, 767.624599441456212 ], [ 859.288605626471963, 765.515130168909877 ], [ 859.702162665088281, 765.515130169871554 ], [ 859.513014707328807, 758.327507815878903 ], [ 862.161086103700882, 756.24688029326569 ], [ 870.483596192708887, 756.436028249342371 ] ] ] } },
{ "type": "Feature", "properties": { "feature_type": "building", "subtype": "no-damage", "uid": "56ab36ac-ca43-4c23-9628-fe58abe35cf1" }, "geometry": { "type": "Polygon", "coordinates": [ [ [ 860.084538523072865, 767.806312919735888 ], [ 867.441009843086931, 805.720434328680653 ], [ 867.230000000383711, 806.40999999977987 ], [ 852.188209938498858, 808.003970952343025 ], [ 852.566505851854117, 809.328006648726273 ], [ 852.220000003904374, 809.379999999933261 ], [ 846.192323323866162, 783.936073139596601 ], [ 843.632323321842364, 765.515130168909877 ], [ 858.714538524560794, 765.515130169871554 ], [ 860.084538523072865, 767.806312919735888 ] ] ] } },
{ "type": "Feature", "properties": { "feature_type": "building", "subtype": "no-damage", "uid": "bd8e8b5e-3bc5-4fa4-8368-68151448ee9a" }, "geometry": { "type": "Polygon", "coordinates": [ [ [ 872.57954528668381, 821.955617233303883 ], [ 880.304538876138508, 821.231399085866315 ], [ 886.822502216298062, 819.78296278522123 ], [ 924.723252015052481, 819.300150686608958 ], [ 926.171688315937786, 832.818889466985866 ], [ 919.170912872718304, 833.301701567521491 ], [ 919.170912873679981, 835.474356014642581 ], [ 893.823277657353742, 836.681386264539128 ], [ 893.581871606605205, 838.854040709736864 ], [ 881.994381222242737, 839.336852810272489 ], [ 881.994381223324581, 836.922792312402748 ], [ 874.510793683777024, 837.164198362189723 ], [ 872.57954528668381, 821.955617233303883 ] ] ] } },
{ "type": "Feature", "properties": { "feature_type": "building", "subtype": "no-damage", "uid": "1d5b3952-ca06-4674-9cba-feffe85a51e1" }, "geometry": { "type": "Polygon", "coordinates": [ [ [ 868.717048490934644, 845.130598001313047 ], [ 872.820951334547317, 842.716537505366659 ], [ 899.617022851277966, 842.957943555153633 ], [ 901.065459149879302, 846.820440349821865 ], [ 902.99670754889587, 846.579034300996568 ], [ 904.203737793262462, 853.338403690223345 ], [ 893.581871607927496, 853.82121579075897 ], [ 894.54749580659427, 863.477457778391113 ], [ 875.717823935596584, 866.132924323162797 ], [ 873.786575534296048, 859.132148884149046 ], [ 869.682672689240803, 856.235276286705357 ], [ 868.717048490934644, 845.130598001313047 ] ] ] } },
{ "type": "Feature", "properties": { "feature_type": "building", "subtype": "no-damage", "uid": "8eb55d54-ad34-4ee1-a6d6-53832cfe6558" }, "geometry": { "type": "Polygon", "coordinates": [ [ [ 859.695889883469931, 877.749561663057762 ], [ 858.658473273499794, 869.153824006299942 ], [ 870.366460765815759, 868.412812140747519 ], [ 870.366460765334978, 885.159680333008168 ], [ 861.918925487700221, 885.159680333008168 ], [ 862.215330231156258, 881.010013876297194 ], [ 860.288699380359503, 881.010013876297194 ], [ 859.695889883469931, 877.749561663057762 ] ] ] } },
{ "type": "Feature", "properties": { "feature_type": "building", "subtype": "no-damage", "uid": "64b516b3-7c8d-4764-851f-a7a16c4f5368" }, "geometry": { "type": "Polygon", "coordinates": [ [ [ 854.657009187976996, 888.27193017409877 ], [ 870.514663141210235, 887.382715932550695 ], [ 871.848484499565075, 900.276322416244852 ], [ 869.773651272893062, 900.572727163427544 ], [ 870.218258394267991, 903.388572256373891 ], [ 863.40094921892512, 904.129584124811345 ], [ 864.438365833463195, 906.056214978132971 ], [ 873.923317731646534, 904.870595992287235 ], [ 875.405341460827913, 914.948357381111805 ], [ 867.847020421735692, 915.24476212733282 ], [ 863.252746846175228, 913.318131273049516 ], [ 858.213866150682293, 912.577119406535303 ], [ 857.472854281884338, 910.650488554175354 ], [ 855.546223432289707, 909.020262445151502 ], [ 851.84116409370904, 909.168464819223686 ], [ 851.692961720238031, 911.391500420689567 ], [ 838.9475576102584, 913.31813127497287 ], [ 838.058343373278603, 913.021726526828502 ], [ 827.83237960677809, 914.503750261780283 ], [ 824.868332139039012, 899.683512922841146 ], [ 838.947557608815941, 898.497893935072057 ], [ 841.170593213767461, 897.01587020300542 ], [ 855.398021053769753, 895.533846469015316 ], [ 854.657009187976996, 888.27193017409877 ] ] ] } },
{ "type": "Feature", "properties": { "feature_type": "building", "subtype": "no-damage", "uid": "43ec003c-8d36-4694-9bd0-b5d97c40d0b7" }, "geometry": { "type": "Polygon", "coordinates": [ [ [ 826.202153500278882, 916.57858348917398 ], [ 839.984974226239046, 915.837571620736412 ], [ 844.282843051852069, 915.98577399673195 ], [ 851.248354602829977, 914.503750261780283 ], [ 852.878580706924936, 917.467797728798701 ], [ 866.068591937918768, 916.726785862284487 ], [ 867.254210927009808, 920.728249942999923 ], [ 865.179377702140982, 920.431845195817232 ], [ 865.623984818947974, 924.729714024676923 ], [ 840.874188466584769, 928.731178105392246 ], [ 841.318795587238583, 931.991630319593469 ], [ 828.425189098739111, 932.436237439886668 ], [ 826.202153500278882, 916.57858348917398 ] ] ] } },
{ "type": "Feature", "properties": { "feature_type": "building", "subtype": "no-damage", "uid": "66bc0397-1565-4f0b-acfc-c73eb9672928" }, "geometry": { "type": "Polygon", "coordinates": [ [ [ 837.465533876388918, 933.029046935213614 ], [ 845.023854919207565, 932.584439814920529 ], [ 846.505878651153807, 930.213201840344027 ], [ 866.364996686183304, 927.693761492657018 ], [ 867.995222791600554, 923.840499784090525 ], [ 880.296019786455986, 924.285106903422047 ], [ 881.481638772782276, 934.511070667280364 ], [ 879.555007916455907, 934.807475413501379 ], [ 880.147817412263635, 946.663665285421985 ], [ 873.626912981218197, 949.7759151265127 ], [ 828.276986729475311, 952.591760219458934 ], [ 827.260258252587391, 933.654957447511265 ], [ 837.465533876388918, 933.029046935213614 ] ] ] } },
{ "type": "Feature", "properties": { "feature_type": "building", "subtype": "no-damage", "uid": "1078997b-3585-4238-b9d7-14e1310ed0b4" }, "geometry": { "type": "Polygon", "coordinates": [ [ [ 883.408269623338583, 932.436237441810022 ], [ 883.260067250708858, 923.692297410018341 ], [ 906.527839871125934, 921.617464183586208 ], [ 910.232899207302353, 943.996022564624582 ], [ 897.191090348577404, 943.255010696187014 ], [ 894.375245254790343, 934.21466592105935 ], [ 884.149281492016371, 933.621856427655644 ], [ 883.408269623338583, 932.436237441810022 ] ] ] } },
{ "type": "Feature", "properties": { "feature_type": "building", "subtype": "no-damage", "uid": "56181739-844f-4361-b22d-ac6f80721c3f" }, "geometry": { "type": "Polygon", "coordinates": [ [ [ 833.669760414287566, 965.828272293524492 ], [ 836.399262455250778, 960.460251622618898 ], [ 847.408254001876799, 959.550417609525311 ], [ 846.407436586536392, 952.362728913394108 ], [ 875.977041984425, 950.179127283508024 ], [ 876.068025387513444, 958.27664999080946 ], [ 879.980311642060201, 958.731566999279721 ], [ 879.43441123134312, 970.19547555329666 ], [ 856.233643920059876, 972.743010787843218 ], [ 856.324627323508935, 973.470877996202489 ], [ 833.305826808545248, 975.654479625126896 ], [ 833.669760414287566, 965.828272293524492 ] ] ] } },
{ "type": "Feature", "properties": { "feature_type": "building", "subtype": "no-damage", "uid": "99fd0b80-5071-4b01-ab08-5f7a61b8097e" }, "geometry": { "type": "Polygon", "coordinates": [ [ [ 877.523759807837905, 958.003699788997096 ], [ 876.704909196630751, 951.179944697526366 ], [ 881.405556180184021, 947.953034317869765 ], [ 883.04325739947285, 946.133366293605832 ], [ 902.058788256681055, 947.407133910398329 ], [ 902.604688662469471, 963.420212526998512 ], [ 898.601419010003269, 966.968565173640059 ], [ 898.965352613581786, 968.970200001676744 ], [ 905.152223897135627, 967.605448982997927 ], [ 904.06042308664064, 972.609536050204724 ], [ 897.782568398315334, 972.700519452091044 ], [ 897.509618196503084, 975.430021488487 ], [ 885.044892227629248, 974.5201874753933 ], [ 884.135058214295327, 967.969382586696725 ], [ 881.041622575523661, 967.787415784847326 ], [ 879.980311642060201, 958.731566999279721 ], [ 877.523759807837905, 958.003699788997096 ] ] ] } },
{ "type": "Feature", "properties": { "feature_type": "building", "subtype": "no-damage", "uid": "45e4f383-7377-420b-80f8-3b6608123f49" }, "geometry": { "type": "Polygon", "coordinates": [ [ [ 911.069466340975623, 936.952992592806822 ], [ 908.703897909721491, 929.674320495750976 ], [ 908.248980902934363, 920.394013570658444 ], [ 910.796516137239905, 920.212046767847369 ], [ 910.88749953876561, 919.029262552941304 ], [ 920.804690272853009, 919.393196157601778 ], [ 920.804690271891332, 933.404639946165275 ], [ 917.438304429383948, 933.404639946165275 ], [ 918.075188237299244, 936.862009192843743 ], [ 911.069466340975623, 936.952992592806822 ] ] ] } },
{ "type": "Feature", "properties": { "feature_type": "building", "subtype": "no-damage", "uid": "225fa21e-1da2-45d9-a891-03b61756f537" }, "geometry": { "type": "Polygon", "coordinates": [ [ [ 885.139196992215147, 917.75549493518713 ], [ 885.230180393740852, 911.47764025118795 ], [ 900.333424997003362, 910.294856034358531 ], [ 901.152275610975266, 915.11697629971593 ], [ 896.876055751527701, 917.846478336111886 ], [ 885.139196992215147, 917.75549493518713 ] ] ] } },
{ "type": "Feature", "properties": { "feature_type": "building", "subtype": "no-damage", "uid": "4826e72b-1c95-404a-ac70-9fc2eb7cdfbf" }, "geometry": { "type": "Polygon", "coordinates": [ [ [ 905.33751206625243, 915.298943101565328 ], [ 904.882595057421781, 908.2932212082452 ], [ 913.980935181864879, 907.383387195151613 ], [ 913.980935181864879, 908.930105017603069 ], [ 919.803872860517913, 909.294038621301866 ], [ 920.440756668072481, 915.753860108112121 ], [ 906.520296279595527, 916.663694121205822 ], [ 905.33751206625243, 915.298943101565328 ] ] ] } },
{ "type": "Feature", "properties": { "feature_type": "building", "subtype": "no-damage", "uid": "b8f565d6-2637-471d-8e9a-98110f795b48" }, "geometry": { "type": "Polygon", "coordinates": [ [ [ 833.14877194647795, 1022.978154220687998 ], [ 831.716992926973262, 1015.605621252419041 ], [ 834.236433274659589, 1011.604157172665055 ], [ 860.912860483829945, 1008.936514450905975 ], [ 861.061062857421234, 1011.604157171703037 ], [ 866.24814592422149, 1011.752359544813999 ], [ 866.248145924942833, 1019.458882960023971 ], [ 863.580503205107675, 1020.199894826537957 ], [ 864.122203378947233, 1022.977876924474003 ], [ 833.14877194647795, 1022.978154220687998 ] ] ] } },
{ "type": "Feature", "properties": { "feature_type": "building", "subtype": "no-damage", "uid": "57990665-34a9-4c5e-8680-709c666572ef" }, "geometry": { "type": "Polygon", "coordinates": [ [ [ 933.683542375076399, 1002.122251270566949 ], [ 938.412241291416422, 994.934628915612507 ], [ 960.353404266383905, 999.474179877800452 ], [ 961.299144046887136, 996.069516657842428 ], [ 970.310000001099183, 999.470000000913387 ], [ 960.622928750974665, 1012.502434553716967 ], [ 959.414933083087476, 1013.883001032951029 ], [ 956.613879830188353, 1012.949316614275972 ], [ 953.25451198057533, 1015.375526726696989 ], [ 949.463817159750874, 1012.532505613301964 ], [ 946.248279168114891, 1015.104936007958031 ], [ 948.685004620922882, 1017.354221045055056 ], [ 944.754992698497176, 1019.917272299443994 ], [ 939.087833705850812, 1015.383545106864972 ], [ 936.449176103838454, 1016.922762041102033 ], [ 940.159892089193022, 1022.97708814677901 ], [ 905.296174943401866, 1022.977468864448952 ], [ 898.312874476957745, 1020.091307153625053 ], [ 903.987313181494528, 1011.390501146211022 ], [ 905.50049683407417, 1010.066465450788996 ], [ 911.174935530436642, 1014.03857253897695 ], [ 917.795114013432908, 1007.985837927215016 ], [ 913.633858967005608, 1003.44628696694997 ], [ 925.928476152495023, 992.475705479884482 ], [ 933.683542375076399, 1002.122251270566949 ] ] ] } },
{ "type": "Feature", "properties": { "feature_type": "building", "subtype": "no-damage", "uid": "0c076ff3-b198-40cb-abfc-bddea0d3510d" }, "geometry": { "type": "Polygon", "coordinates": [ [ [ 1018.980000001992948, 1007.230000000637006 ], [ 1011.672221377161009, 1018.963486535924972 ], [ 1009.431422285484018, 1022.976235915817028 ], [ 986.897964190592688, 1022.976527122665971 ], [ 994.349999998670341, 1012.550000001374997 ], [ 1001.939999999007, 1004.85000000154696 ], [ 1018.980000001992948, 1007.230000000637006 ] ] ] } },
{ "type": "Feature", "properties": { "feature_type": "building", "subtype": "no-damage", "uid": "b071c491-ad7b-4b9d-a39f-6f13437a25dd" }, "geometry": { "type": "Polygon", "coordinates": [ [ [ 989.929999998781568, 1003.159999999822048 ], [ 985.320000002867801, 1013.030000001507005 ], [ 977.506654516625076, 1018.950868878769029 ], [ 975.795565456101599, 1017.299375923372963 ], [ 967.981794050079202, 1010.559376664298043 ], [ 976.379999998735343, 1001.270000000685968 ], [ 989.929999998781568, 1003.159999999822048 ] ] ] } },
{ "type": "Feature", "properties": { "feature_type": "building", "subtype": "no-damage", "uid": "8325f3b9-6380-425e-b780-6751fe778884" }, "geometry": { "type": "Polygon", "coordinates": [ [ [ 1010.007186305334017, 1022.976228297424996 ], [ 1012.102943323161981, 1019.21769906783004 ], [ 1019.529999999679035, 1007.310000001139997 ], [ 1022.975531739225971, 1007.78856926582398 ], [ 1022.975534368206013, 1022.976054392855985 ], [ 1010.007186305334017, 1022.976228297424996 ] ] ] } },
{ "type": "Feature", "properties": { "feature_type": "building", "subtype": "no-damage", "uid": "9695e107-17e3-4281-b26e-87efb9078b7a" }, "geometry": { "type": "Polygon", "coordinates": [ [ [ 1022.975528966115007, 991.217215963481067 ], [ 1015.786014957561974, 990.460636321678294 ], [ 1014.92162648439205, 992.621607508150191 ], [ 1003.828641054768013, 991.180960051143416 ], [ 1004.404900040167036, 969.571248175846335 ], [ 1010.023425128934946, 969.427183428414651 ], [ 1011.175943092521038, 965.969629529482631 ], [ 1020.972345808963951, 965.537435291995962 ], [ 1021.404540046209945, 968.562794953441198 ], [ 1022.975525237098054, 968.039596195676609 ], [ 1022.975528966115007, 991.217215963481067 ] ] ] } },
{ "type": "Feature", "properties": { "feature_type": "building", "subtype": "no-damage", "uid": "2f8c5e38-24bf-4edd-ad53-e0395d97aa75" }, "geometry": { "type": "Polygon", "coordinates": [ [ [ 1022.975523905177965, 959.456496353752414 ], [ 1002.067128961340018, 958.561675600453555 ], [ 1003.944459286178017, 944.481698175768884 ], [ 1022.975522240998998, 948.489921532372591 ], [ 1022.975523905177965, 959.456496353752414 ] ] ] } },
{ "type": "Feature", "properties": { "feature_type": "building", "subtype": "no-damage", "uid": "aacf9b33-44c6-4a0f-9122-44ce3c6a303c" }, "geometry": { "type": "Polygon", "coordinates": [ [ [ 990.716932343396479, 949.386714401088739 ], [ 991.084666703895095, 961.338081029663385 ], [ 973.263447188832743, 961.561526809657721 ], [ 971.778612915358394, 946.996441074796735 ], [ 953.024160663482462, 946.628706717423483 ], [ 949.898418623045814, 929.896793434341589 ], [ 946.037207866179983, 928.058121647475446 ], [ 943.279200181193119, 905.074724280393298 ], [ 949.714551447124109, 904.706989922058369 ], [ 950.266152980058337, 905.074724280393298 ], [ 971.594745738595179, 905.626325818857367 ], [ 969.572206766791851, 915.922887837809867 ], [ 983.178378006788535, 916.65835655255637 ], [ 984.465448259878599, 907.648864786814329 ], [ 988.326659017465659, 907.09726324931205 ], [ 987.958924659491458, 902.868318134230549 ], [ 998.623221038940187, 902.50058377589562 ], [ 999.174822573797883, 895.881365335483792 ], [ 1004.506970764364041, 896.984568409526901 ], [ 1004.874705120054045, 905.258591459560762 ], [ 1012.045525097125051, 906.177927354436406 ], [ 1012.045525097125051, 915.003551941010983 ], [ 1014.251931244608954, 917.39382526826455 ], [ 1014.251931244008006, 918.864762700642586 ], [ 1004.690837940165011, 919.416364236221625 ], [ 1006.34564255146995, 925.300113961886836 ], [ 1011.861657920602056, 926.403317035929945 ], [ 1017.009938931278953, 928.793590361260271 ], [ 1016.826071750788969, 936.883746235011699 ], [ 1008.735915877400998, 937.251480591423274 ], [ 1009.103650233691951, 941.664292886633802 ], [ 1003.403767690802056, 941.112691349131524 ], [ 994.578143103748403, 943.135230317088485 ], [ 991.636268236829324, 944.606167749466522 ], [ 990.716932343396479, 949.386714401088739 ] ] ] } },
{ "type": "Feature", "properties": { "feature_type": "building", "subtype": "no-damage", "uid": "774d582b-2f74-424e-8298-361890e5eddd" }, "geometry": { "type": "Polygon", "coordinates": [ [ [ 1022.975520434731948, 936.288561912119121 ], [ 1018.11625584676699, 935.91566562648984 ], [ 1018.229134347580953, 929.142955744493179 ], [ 1013.036723434067994, 925.98235780103596 ], [ 1012.923844940467006, 920.564189891784281 ], [ 1018.906405333231987, 921.128582383232924 ], [ 1019.470797823357998, 909.276340090700387 ], [ 1022.975516633349002, 909.363686073707299 ], [ 1022.975520434731948, 936.288561912119121 ] ] ] } },
{ "type": "Feature", "properties": { "feature_type": "building", "subtype": "no-damage", "uid": "c83ac473-a999-4779-b53a-241ff3f67bb2" }, "geometry": { "type": "Polygon", "coordinates": [ [ [ 1019.862720643341049, 907.128337742156759 ], [ 1008.462955550828951, 904.186462880285831 ], [ 1006.992018119653949, 895.728572649161151 ], [ 998.901862250712611, 893.70603368120419 ], [ 997.798659175948615, 886.351346525084182 ], [ 1022.975513942340967, 889.178192901767943 ], [ 1022.975515857517962, 903.666969489536996 ], [ 1021.517525253443978, 903.450994163615974 ], [ 1019.862720643341049, 907.128337742156759 ] ] ] } },
{ "type": "Feature", "properties": { "feature_type": "building", "subtype": "no-damage", "uid": "426d1625-e9d8-4eb6-986d-89fb8411828e" }, "geometry": { "type": "Polygon", "coordinates": [ [ [ 957.347879815134888, 861.345410191968426 ], [ 989.892370480044178, 860.242207116963641 ], [ 991.363307911339916, 863.735683515375399 ], [ 1003.498541722565051, 863.000214800628896 ], [ 1002.946940182417961, 865.574355307049927 ], [ 1007.727486836683966, 865.574355307049927 ], [ 1009.198424267378982, 863.184081980758037 ], [ 1022.975511066571016, 866.306888324947863 ], [ 1022.975511088087956, 866.467401850033639 ], [ 1021.88525961189896, 879.732128082749114 ], [ 1002.579205826006955, 879.548260903581649 ], [ 1002.579205825285953, 881.93853422987354 ], [ 992.834245343477164, 884.32880755712722 ], [ 990.995573555048622, 889.477088566122688 ], [ 991.547175093753026, 898.854314691161221 ], [ 989.156901767581871, 899.773650586036865 ], [ 984.008620758707821, 902.531658268740443 ], [ 984.465448259878599, 907.648864786814329 ], [ 976.470066421739375, 906.760603383821945 ], [ 974.631394629704573, 895.176971112620436 ], [ 959.370418780807427, 893.154432143701797 ], [ 960.105887494712306, 879.915995261916578 ], [ 956.428543920139305, 879.180526547170075 ], [ 957.347879815134888, 861.345410191968426 ] ] ] } },
{ "type": "Feature", "properties": { "feature_type": "building", "subtype": "no-damage", "uid": "c8689a1a-c729-48f5-b76b-d7fdc0a4b483" }, "geometry": { "type": "Polygon", "coordinates": [ [ [ 999.940000000141822, 812.660000000351829 ], [ 998.151035181361749, 814.946168251605968 ], [ 991.283695202640843, 811.661788262153209 ], [ 991.945250494105267, 816.292675312983647 ], [ 993.81345750620801, 817.154924702611879 ], [ 993.951623444380289, 818.398418160708161 ], [ 994.645936450207842, 819.092731161607276 ], [ 1002.442256373665032, 820.442094226755557 ], [ 1004.000000002455977, 814.419999999872857 ], [ 1022.975506081005051, 822.666816668404067 ], [ 1022.975506145317013, 823.281408757577196 ], [ 1005.795984688556018, 826.121099485233344 ], [ 1004.387986945318971, 827.294430936889626 ], [ 1005.326652108519056, 840.201076909918015 ], [ 992.480000000862674, 840.520000000899699 ], [ 991.017186796415899, 829.194442574043592 ], [ 995.479999202893055, 829.194442574043592 ], [ 995.134854614993628, 826.260713580684865 ], [ 991.081449702810005, 825.971184658677885 ], [ 990.38110632187454, 822.749605111134542 ], [ 981.567518322702426, 816.139414108989058 ], [ 978.6960662028348, 816.857277138084669 ], [ 973.879479996485315, 812.728774674639681 ], [ 975.088525838421901, 809.101637139933587 ], [ 971.359651693559499, 809.101637139933587 ], [ 970.36264931072958, 815.226080345656555 ], [ 966.39319074328489, 814.049944474497579 ], [ 966.727595520013438, 817.895599369190336 ], [ 977.21679690490862, 821.200416245494694 ], [ 976.934890149081639, 825.569970971813746 ], [ 981.803081653548247, 831.440437197439564 ], [ 979.76381848482697, 836.742521442415068 ], [ 968.870000003229052, 835.540000000856253 ], [ 968.65154074129839, 833.096786479886191 ], [ 968.052619476101086, 828.00595570581288 ], [ 964.296210105797854, 827.428046573436404 ], [ 963.287539708840541, 821.664215723512712 ], [ 957.869578513518604, 820.867456724189765 ], [ 958.736799207144941, 825.926244106883701 ], [ 949.739999999730571, 825.039999998818303 ], [ 949.910000001520189, 816.500000000443265 ], [ 962.493428674291636, 817.254641798054649 ], [ 962.004122330436417, 813.340191022208387 ], [ 954.257932569095487, 810.855564118009966 ], [ 951.793763496077531, 808.971199531855405 ], [ 949.360000002150855, 808.569999999891365 ], [ 948.772076120736642, 802.185137865096522 ], [ 964.729383868211926, 803.827801897992344 ], [ 966.137381613733396, 797.961144637787243 ], [ 999.940000000141822, 812.660000000351829 ] ] ] } },
{ "type": "Feature", "properties": { "feature_type": "building", "subtype": "no-damage", "uid": "820b70f9-5ddc-4aeb-a248-165c8721091e" }, "geometry": { "type": "Polygon", "coordinates": [ [ [ 979.932488846573165, 838.760429450987886 ], [ 983.678172238083675, 838.904494197457893 ], [ 985.695078678205277, 846.828055216765279 ], [ 981.805330545513925, 846.97211996515864 ], [ 981.661265794956876, 855.616004713931147 ], [ 967.254791211428937, 855.760069461362832 ], [ 967.11072646507921, 858.353234886283076 ], [ 946.941662050520222, 859.793882343289852 ], [ 946.941662050880836, 838.328235213501216 ], [ 979.932488846573165, 838.760429450987886 ] ] ] } },
{ "type": "Feature", "properties": { "feature_type": "building", "subtype": "no-damage", "uid": "835ff21d-89f5-400b-9129-01a0fd1503f9" }, "geometry": { "type": "Polygon", "coordinates": [ [ [ 1015.37241632215796, 861.954853531685103 ], [ 1015.948675305994016, 851.294062340025789 ], [ 1014.36396310155601, 850.285609118582329 ], [ 1014.508027847424955, 843.946760302751727 ], [ 1022.975508502503999, 844.589337866090204 ], [ 1022.975510618549947, 862.589641942687422 ], [ 1015.37241632215796, 861.954853531685103 ] ] ] } },
{ "type": "Feature", "properties": { "feature_type": "building", "subtype": "no-damage", "uid": "6dc97979-56cf-44eb-99f7-a0c0821b95e9" }, "geometry": { "type": "Polygon", "coordinates": [ [ [ 1022.97550769842303, 837.463846777956519 ], [ 1019.982488188761977, 837.463846739489441 ], [ 1019.55029395307804, 839.336688434944676 ], [ 1016.957128524672044, 838.760429451949562 ], [ 1016.813063779885056, 832.565645380665615 ], [ 1018.829970222771976, 832.277515889648953 ], [ 1019.118099713547963, 830.260609446762146 ], [ 1022.975506914416997, 830.37444148178372 ], [ 1022.97550769842303, 837.463846777956519 ] ] ] } },
{ "type": "Feature", "properties": { "feature_type": "building", "subtype": "no-damage", "uid": "1150d96d-da7e-4576-8466-b83c2a5632ab" }, "geometry": { "type": "Polygon", "coordinates": [ [ [ 899.024528326038876, 1009.554083738991039 ], [ 898.47292679274392, 1012.128224244450053 ], [ 888.176364769586485, 1013.047560139326038 ], [ 882.108747864514839, 995.58017814053585 ], [ 886.52156016020524, 991.351233026416025 ], [ 890.382770917311518, 987.490022269669453 ], [ 903.80507497790029, 990.064162772243776 ], [ 900.127731399600862, 997.418849931248815 ], [ 899.024528326038876, 1009.554083738991039 ] ] ] } },
{ "type": "Feature", "properties": { "feature_type": "building", "subtype": "no-damage", "uid": "96192c2f-411d-44e2-bbcd-526f85911982" }, "geometry": { "type": "Polygon", "coordinates": [ [ [ 922.646157913097909, 947.121293805935352 ], [ 931.001913171693218, 947.553488043422021 ], [ 932.298495884393446, 956.485502287057898 ], [ 935.035726056263911, 956.773631778074559 ], [ 936.044179277105968, 967.002228732247204 ], [ 925.095258592990035, 965.993775511765421 ], [ 922.790222659327469, 949.71445923277895 ], [ 922.646157913097909, 947.121293805935352 ] ] ] } },
{ "type": "Feature", "properties": { "feature_type": "building", "subtype": "no-damage", "uid": "236c9a29-efce-4b74-b311-d782f2946f62" }, "geometry": { "type": "Polygon", "coordinates": [ [ [ 436.346469255093211, 991.139679519523611 ], [ 441.310883082876387, 991.323546700614429 ], [ 447.378499987827922, 991.323546699652752 ], [ 492.599999999253725, 997.16000000154213 ], [ 492.727817490994425, 1003.842079248227947 ], [ 493.067029547645404, 1007.064593787555054 ], [ 483.596669661176009, 1006.882471483756035 ], [ 483.23367558656571, 1008.152950744832992 ], [ 477.903163595798787, 1007.601518467968958 ], [ 476.971626664867472, 1010.768744034915017 ], [ 467.735099383966485, 1011.877127308085051 ], [ 467.521644043539197, 1015.292412779926963 ], [ 476.401599663210504, 1015.292412779926963 ], [ 477.681128941248403, 1022.979512804516048 ], [ 454.998406142298279, 1022.979485615068029 ], [ 454.597790485537416, 1016.97556030114697 ], [ 450.24902237014561, 1017.389728693157963 ], [ 450.375147126753689, 1022.97947839673202 ], [ 431.815774437311575, 1022.979443708139002 ], [ 432.387978434519425, 1017.621410569896966 ], [ 427.645965327231522, 1016.178189187745033 ], [ 427.49711012498932, 1022.979434325073044 ], [ 410.788238814113924, 1022.979393355778029 ], [ 412.443735994583676, 1013.755342528270944 ], [ 407.847056524534196, 1012.468272274099036 ], [ 409.317993953065127, 1003.45878050931799 ], [ 413.546939065741412, 1002.539444614443028 ], [ 416.488813930015908, 999.229835393275152 ], [ 417.224282646204699, 990.220343625609758 ], [ 436.346469255093211, 991.139679519523611 ] ] ] } },
{ "type": "Feature", "properties": { "feature_type": "building", "subtype": "no-damage", "uid": "f3055bdc-c69c-4eb4-bdf6-2489e68a7aff" }, "geometry": { "type": "Polygon", "coordinates": [ [ [ 517.064160797913701, 998.67823385577276 ], [ 517.769989947927115, 1022.979527449870943 ], [ 497.063897389303918, 1022.979525213974966 ], [ 497.103482293071522, 1022.338223771762046 ], [ 490.505466815298121, 1022.154945564917057 ], [ 492.09421318128409, 1010.680666259249961 ], [ 494.687130509820577, 1010.495457878536968 ], [ 495.340000000725695, 997.350000000091541 ], [ 517.064160797913701, 998.67823385577276 ] ] ] } },
{ "type": "Feature", "properties": { "feature_type": "building", "subtype": "no-damage", "uid": "4d64f496-f155-45e6-8a9f-84174e4e51d2" }, "geometry": { "type": "Polygon", "coordinates": [ [ [ 6.289675371185654, 236.994452279152597 ], [ 6.270562630806873, 227.171992759071088 ], [ 9.316042677066298, 224.888983053703811 ], [ 25.96106286121298, 223.564947356358914 ], [ 31.257205647706201, 223.75409531243551 ], [ 55.657292058641573, 223.375799399320613 ], [ 57.170475712904199, 234.346380886386214 ], [ 60.196843021189032, 234.346380888309511 ], [ 61.520878716490031, 243.236334850838688 ], [ 52.441776798727894, 243.803778720030294 ], [ 54.522404322181977, 254.206916335980907 ], [ 49.037113575284629, 256.665839772670722 ], [ 45.254154443174237, 252.882880641521098 ], [ 37.499088217587648, 249.856513333716407 ], [ 36.364200482690791, 253.450324510712704 ], [ 7.235415153371784, 238.696783890574096 ], [ 6.289675371185654, 236.994452279152597 ] ] ] } },
{ "type": "Feature", "properties": { "feature_type": "building", "subtype": "no-damage", "uid": "532ac1b0-8e52-4dd4-8a31-cdb37cc61df8" }, "geometry": { "type": "Polygon", "coordinates": [ [ [ 130.181586986868894, 217.701360700672808 ], [ 129.992439028147686, 236.237860453884394 ], [ 120.535041193423993, 236.994452279152597 ], [ 119.778449367314394, 242.290595065647096 ], [ 104.079168963670895, 241.534003240378809 ], [ 101.809393485702998, 224.699835097627101 ], [ 95.945806827734302, 225.645574880895396 ], [ 96.513250699209749, 219.592840265285901 ], [ 130.181586986868894, 217.701360700672808 ] ] ] } },
{ "type": "Feature", "properties": { "feature_type": "building", "subtype": "no-damage", "uid": "adca338d-e4fc-4a82-a604-252888a96bd1" }, "geometry": { "type": "Polygon", "coordinates": [ [ [ 446.647662233667916, 366.80397396112329 ], [ 446.458514278072073, 354.8876526917511 ], [ 459.242452934811126, 354.613736691845475 ], [ 458.857511373164584, 345.632694106678912 ], [ 477.406977350466377, 345.202208237440004 ], [ 477.289631213883581, 368.884601482774713 ], [ 447.404254061340112, 367.560565787353198 ], [ 446.647662233667916, 366.80397396112329 ] ] ] } },
{ "type": "Feature", "properties": { "feature_type": "building", "subtype": "no-damage", "uid": "c914af0c-f751-4dcd-a58f-e51b5bcf2012" }, "geometry": { "type": "Polygon", "coordinates": [ [ [ 561.813090484879012, 370.352842994752677 ], [ 547.328727505117172, 371.801279293474522 ], [ 546.845915409390045, 343.315365431113719 ], [ 565.434181233966683, 343.073959380365011 ], [ 566.88261752848075, 353.213013467571102 ], [ 593.920095091872895, 354.902855816079921 ], [ 593.678689041965754, 375.905182138891291 ], [ 563.502932833267096, 374.215339790382473 ], [ 562.537308635201384, 371.801279295397876 ], [ 561.813090484879012, 370.352842994752677 ] ] ] } },
{ "type": "Feature", "properties": { "feature_type": "building", "subtype": "no-damage", "uid": "610e025a-c532-4b5b-972f-b062feb1a4c9" }, "geometry": { "type": "Polygon", "coordinates": [ [ [ 1022.975489479121961, 501.57661847852529 ], [ 1002.86644062160201, 500.242370015486188 ], [ 1004.24342579763902, 485.315184344746115 ], [ 1022.421449124895048, 485.315184343784381 ], [ 1022.975489531894027, 491.046489122063178 ], [ 1022.975489479121961, 501.57661847852529 ] ] ] } },
{ "type": "Feature", "properties": { "feature_type": "building", "subtype": "no-damage", "uid": "2c4eb018-f3b2-46b1-a810-a38eb09f05d4" }, "geometry": { "type": "Polygon", "coordinates": [ [ [ 936.050765738484188, 588.323408597613138 ], [ 1022.975490353284954, 583.624653516973126 ], [ 1022.975491005420963, 606.353824267451614 ], [ 990.939433901687039, 607.051825556011636 ], [ 979.414254236138959, 606.187437081038183 ], [ 979.270189493275325, 605.323048606064731 ], [ 961.550225751876724, 605.467113352534852 ], [ 960.829902021931048, 604.314595386544738 ], [ 946.999686421037381, 604.890854367616384 ], [ 946.135297946304604, 601.289235723176034 ], [ 937.491413196812914, 602.297688943657818 ], [ 936.050765738484188, 588.323408597613138 ] ] ] } },
{ "type": "Feature", "properties": { "feature_type": "building", "subtype": "no-damage", "uid": "84509d9b-6154-47d5-a2ed-015b1f44e461" }, "geometry": { "type": "Polygon", "coordinates": [ [ [ 426.155178872475176, 808.951917736395899 ], [ 453.434062484331889, 812.090196381703208 ], [ 455.848122982201119, 824.643310964855687 ], [ 427.603615169513773, 824.64331096677904 ], [ 426.155178872475176, 808.951917736395899 ] ] ] } },
{ "type": "Feature", "properties": { "feature_type": "building", "subtype": "no-damage", "uid": "bc16e176-1f0f-44f2-a8a9-84ea41f02d41" }, "geometry": { "type": "Polygon", "coordinates": [ [ [ 508.71604786149328, 848.301103833400475 ], [ 519.820726146882976, 848.059697783613501 ], [ 521.027756393773984, 856.991721620923045 ], [ 531.649622580551409, 857.71593976932229 ], [ 533.339464926775804, 867.613587806741407 ], [ 524.648847140457406, 871.234678551622665 ], [ 503.887926867678289, 868.8206180547146 ], [ 503.163708717596421, 863.751091012073175 ], [ 508.95745391031852, 863.268278913460904 ], [ 508.71604786149328, 848.301103833400475 ] ] ] } },
{ "type": "Feature", "properties": { "feature_type": "building", "subtype": "no-damage", "uid": "ad8346f7-8bb3-4d1a-a73f-f45652490618" }, "geometry": { "type": "Polygon", "coordinates": [ [ [ 549.216158626220476, 636.171084419045542 ], [ 531.127807835836734, 631.452384213881714 ], [ 527.982007696737583, 607.072433148900018 ], [ 532.307482887007154, 605.892758097849537 ], [ 557.867109004595932, 618.08273362985949 ], [ 549.216158626220476, 636.171084419045542 ] ] ] } },
{ "type": "Feature", "properties": { "feature_type": "building", "subtype": "no-damage", "uid": "4080bd5a-5628-4a3c-b499-5966519bfa9c" }, "geometry": { "type": "Polygon", "coordinates": [ [ [ 62.711047792753128, 501.17973470241111 ], [ 62.402945705753183, 475.299159121292917 ], [ 82.429581575444288, 473.142444487048579 ], [ 84.894398295485814, 500.871632610843108 ], [ 65.792068695930482, 501.179734701449377 ], [ 62.711047792753128, 501.17973470241111 ] ] ] } },
{ "type": "Feature", "properties": { "feature_type": "building", "subtype": "no-damage", "uid": "25b01f58-ba88-4b01-b48f-d2ef98ec8d21" }, "geometry": { "type": "Polygon", "coordinates": [ [ [ 183.516463293573707, 504.105258419760276 ], [ 185.673177926374791, 490.548766446546097 ], [ 203.851201251106204, 490.856868538113986 ], [ 206.624120064879406, 497.018910342546917 ], [ 214.326672322822787, 497.327012433153186 ], [ 214.634774410904612, 505.337666779300491 ], [ 210.013243057220507, 505.029564689655899 ], [ 212.786161869070412, 512.424014856513963 ], [ 204.775507523285512, 513.348321127371264 ], [ 199.229669899826206, 503.797156327230709 ], [ 186.28938210734691, 504.721462600011307 ], [ 183.516463293573707, 504.105258419760276 ] ] ] } },
{ "type": "Feature", "properties": { "feature_type": "building", "subtype": "no-damage", "uid": "4a02a854-82de-48c7-955f-2b2ec1a6bf12" }, "geometry": { "type": "Polygon", "coordinates": [ [ [ 309.958741701544625, 572.604951334842099 ], [ 335.614109104726197, 571.935680880422638 ], [ 336.506469709777207, 584.874909659135483 ], [ 344.091534856377621, 584.874909659135483 ], [ 344.537715160285472, 598.483408890344549 ], [ 337.291520138476699, 599.285398912376877 ], [ 337.506140492742588, 602.719324582554691 ], [ 305.956948394626011, 602.075463520117523 ], [ 304.669226269030901, 581.14997896350485 ], [ 309.927424948964983, 581.257289139135196 ], [ 309.958741701544625, 572.604951334842099 ] ] ] } },
{ "type": "Feature", "properties": { "feature_type": "building", "subtype": "no-damage", "uid": "0aad589b-2f49-4485-94b5-1b054c208b19" }, "geometry": { "type": "Polygon", "coordinates": [ [ [ 85.032015295280587, 581.920161865299519 ], [ 88.853117566015499, 581.282913119364366 ], [ 90.730388550552846, 593.109423923090731 ], [ 68.463721885238201, 594.809423921753819 ], [ 68.597055218127238, 593.013759917251491 ], [ 65.857895204887683, 593.150717918165924 ], [ 65.994853206042521, 591.233305908248667 ], [ 66.816601211769438, 585.61802788229636 ], [ 79.279779269016203, 585.344111880467381 ], [ 85.032015295280587, 581.920161865299519 ] ] ] } },
{ "type": "Feature", "properties": { "feature_type": "building", "subtype": "no-damage", "uid": "2b2dfc86-0898-409d-806b-772f9895ce3d" }, "geometry": { "type": "Polygon", "coordinates": [ [ [ 151.5511490981024, 783.097593371932021 ], [ 153.631062678073988, 782.776798935650618 ], [ 153.359580239697806, 789.292377442254292 ], [ 140.025969433395801, 789.580506935194308 ], [ 140.458163666795286, 783.241658116478675 ], [ 151.5511490981024, 783.097593371932021 ] ] ] } },
{ "type": "Feature", "properties": { "feature_type": "building", "subtype": "no-damage", "uid": "63945888-36e3-4da9-9437-b7af56d65266" }, "geometry": { "type": "Polygon", "coordinates": [ [ [ 298.701400875166087, 671.187954123682516 ], [ 312.658735950744301, 670.515311467954575 ], [ 313.919940924463788, 683.547762893352683 ], [ 301.728292815843588, 684.724887538953226 ], [ 300.383007508955927, 679.51190696956337 ], [ 299.037722200145026, 678.082541328545631 ], [ 298.701400875166087, 671.187954123682516 ] ] ] } },
{ "type": "Feature", "properties": { "feature_type": "building", "subtype": "no-damage", "uid": "ad632039-1282-4cc3-8969-070ca317a46e" }, "geometry": { "type": "Polygon", "coordinates": [ [ [ 139.882824770096306, 46.979816343582549 ], [ 167.151152253907213, 44.357861777181277 ], [ 170.8218886454016, 49.776567879410337 ], [ 170.472294708351797, 57.29283763495274 ], [ 167.151152253786989, 64.459513448757093 ], [ 166.277167398360206, 69.179031668471723 ], [ 157.012927933408491, 70.577407435423936 ], [ 156.66333399467581, 68.130249841334205 ], [ 146.175515729794398, 67.081468014196687 ], [ 144.077952074317807, 60.613980084830118 ], [ 139.533230828358313, 60.089589171742197 ], [ 139.882824770096306, 46.979816343582549 ] ] ] } },
{ "type": "Feature", "properties": { "feature_type": "building", "subtype": "no-damage", "uid": "dfd7f83d-392f-44f7-8783-1ff6dc3f1466" }, "geometry": { "type": "Polygon", "coordinates": [ [ [ 49.431960407159551, 57.797013350446917 ], [ 51.429965342989043, 80.524319491200231 ], [ 14.71662465504104, 83.771077511307851 ], [ 13.21812095313887, 75.029805919080303 ], [ 12.96837033491301, 61.043771371516208 ], [ 49.431960407159551, 57.797013350446917 ] ] ] } }
]
}
