{
"type": "FeatureCollection",
"name": "palu-tsunami_00000059_post_disaster",
"features": [
{ "type": "Feature", "properties": { "feature_type": "building", "subtype": "no-damage", "uid": "ce5fe6c4-49f3-4e94-a3fe-b80088f2dd2b" }, "geometry": { "type": "Polygon", "coordinates": [ [ [ 219.609981374142592, 395.349999897904183 ], [ 209.822654082272493, 427.419803899108103 ], [ 192.839981379271194, 422.649999900354317 ], [ 191.784489713172405, 420.721104145058973 ], [ 189.189981382184186, 419.919999900109303 ], [ 198.929981377447291, 388.249999899348211 ], [ 219.609981374142592, 395.349999897904183 ] ] ] } },
{ "type": "Feature", "properties": { "feature_type": "building", "subtype": "no-damage", "uid": "c1be85bb-8c89-4101-a2ec-79df06d41a38" }, "geometry": { "type": "Polygon", "coordinates": [ [ [ 198.459981378451488, 388.089999897622306 ], [ 188.609981383170009, 420.089999898905887 ], [ 183.8881073420456, 419.209870170222473 ], [ 140.429981386765803, 405.699999897641874 ], [ 149.599981384524312, 372.349999899317822 ], [ 198.459981378451488, 388.089999897622306 ] ] ] } },
{ "type": "Feature", "properties": { "feature_type": "building", "subtype": "no-damage", "uid": "67491d9e-5351-4aca-872c-d18aaae487cc" }, "geometry": { "type": "Polygon", "coordinates": [ [ [ 224.622383441636714, 383.915626651633318 ], [ 221.762369804727513, 395.342620326802773 ], [ 197.292509175050697, 387.157696585814222 ], [ 195.685403513749492, 385.639874576075385 ], [ 195.649981378277289, 385.629999900523273 ], [ 198.648571792125409, 376.885757508652773 ], [ 224.622383441636714, 383.915626651633318 ] ] ] } },
{ "type": "Feature", "properties": { "feature_type": "building", "subtype": "no-damage", "uid": "4e4a39a5-94b4-4d59-868f-0cfec32d51b1" }, "geometry": { "type": "Polygon", "coordinates": [ [ [ 209.199981378427395, 360.119999900794312 ], [ 207.759981375276112, 365.109999900653293 ], [ 206.365914316852411, 368.651280528274583 ], [ 202.814860913572289, 368.719570016875593 ], [ 199.637949592650102, 372.546304110008293 ], [ 199.499981378923394, 376.609999899946615 ], [ 198.325081573445487, 376.287267261658883 ], [ 195.149981381294197, 385.549999897791395 ], [ 188.135549582730903, 384.30754741010179 ], [ 181.61998138416331, 380.66999989935249 ], [ 183.249497478114307, 375.082025064204686 ], [ 185.855352386629392, 375.661103932348226 ], [ 190.89209668264121, 354.218963927823779 ], [ 209.199981378427395, 360.119999900794312 ] ] ] } },
{ "type": "Feature", "properties": { "feature_type": "building", "subtype": "no-damage", "uid": "6b8e739c-5d21-4f92-b9fd-f27a98bda81a" }, "geometry": { "type": "Polygon", "coordinates": [ [ [ 215.629981377000291, 368.369999898905803 ], [ 213.524895941116, 380.402713493774115 ], [ 199.999981380578902, 376.739999899246186 ], [ 200.132067960082594, 372.733888350973473 ], [ 203.053345961897406, 369.215076211633686 ], [ 206.709243581961601, 369.144770488301276 ], [ 207.68998137685719, 366.649999898107922 ], [ 215.629981377000291, 368.369999898905803 ] ] ] } },
{ "type": "Feature", "properties": { "feature_type": "building", "subtype": "no-damage", "uid": "8350a393-6194-4967-9735-a14cf17f27be" }, "geometry": { "type": "Polygon", "coordinates": [ [ [ 138.549981389381202, 458.95999989883461 ], [ 138.534587555147198, 459.014897384994924 ], [ 137.583799815313199, 463.293442200580273 ], [ 141.3620860814232, 464.896351525851117 ], [ 142.149981385695213, 473.889999898914823 ], [ 129.199981389213889, 469.369999899686718 ], [ 130.539981387314896, 455.519999897238677 ], [ 138.549981389381202, 458.95999989883461 ] ] ] } },
{ "type": "Feature", "properties": { "feature_type": "building", "subtype": "no-damage", "uid": "d41a9f66-4576-479e-9182-6eec46c65c0f" }, "geometry": { "type": "Polygon", "coordinates": [ [ [ 144.459981388886291, 440.849999899495799 ], [ 138.709981390172601, 458.489999898203621 ], [ 130.669981390118892, 455.029999898728306 ], [ 136.929981389661492, 438.13999990086819 ], [ 144.459981388886291, 440.849999899495799 ] ] ] } },
{ "type": "Feature", "properties": { "feature_type": "building", "subtype": "no-damage", "uid": "d0e1d119-d370-4a4a-bf9f-3de0a7fe46d4" }, "geometry": { "type": "Polygon", "coordinates": [ [ [ 130.049981389271608, 455.33999989763339 ], [ 128.7099813881334, 469.199999897152111 ], [ 119.759981389711001, 466.069999898199285 ], [ 121.5414355431122, 453.693733733924205 ], [ 121.739981393781207, 453.099999899636828 ], [ 130.049981389271608, 455.33999989763339 ] ] ] } },
{ "type": "Feature", "properties": { "feature_type": "building", "subtype": "no-damage", "uid": "4e4365c9-a279-42c9-a825-72f6b7e83c6a" }, "geometry": { "type": "Polygon", "coordinates": [ [ [ 126.849981389095603, 435.859999899636705 ], [ 121.224564035109594, 453.589876516613288 ], [ 119.279981388738506, 465.899999899402587 ], [ 107.179981392782096, 461.679999898270808 ], [ 108.985457289176097, 449.774199592617776 ], [ 115.309981394741101, 432.519999898652316 ], [ 126.849981389095603, 435.859999899636705 ] ] ] } },
{ "type": "Feature", "properties": { "feature_type": "building", "subtype": "destroyed", "uid": "795c554b-1f87-4383-b59c-a240f0590149" }, "geometry": { "type": "Polygon", "coordinates": [ [ [ 116.069981391725307, 416.119999899302684 ], [ 113.050340066858396, 431.869668960943102 ], [ 108.498677046697196, 449.649411420244519 ], [ 106.699981395781094, 461.519999900282926 ], [ 87.829981395014343, 454.929999898116876 ], [ 98.109981395635074, 411.689999899877307 ], [ 116.069981391725307, 416.119999899302684 ] ] ] } },
{ "type": "Feature", "properties": { "feature_type": "building", "subtype": "destroyed", "uid": "c76842e0-3112-492f-9c62-f5476ecc362e" }, "geometry": { "type": "Polygon", "coordinates": [ [ [ 93.049981393150603, 430.819999899471895 ], [ 87.34998139450903, 454.76999990012888 ], [ 83.431995932688906, 453.396059766310373 ], [ 88.48998139325613, 429.629999900419421 ], [ 93.049981393150603, 430.819999899471895 ] ] ] } },
{ "type": "Feature", "properties": { "feature_type": "building", "subtype": "destroyed", "uid": "0c355045-b222-4102-be30-ae9a5c3c8a27" }, "geometry": { "type": "Polygon", "coordinates": [ [ [ 122.609981388447807, 388.459999897641808 ], [ 117.889832315213894, 413.789612446556191 ], [ 100.379981396525693, 409.509999899257195 ], [ 105.219981395001795, 384.399999898235876 ], [ 122.609981388447807, 388.459999897641808 ] ] ] } },
{ "type": "Feature", "properties": { "feature_type": "building", "subtype": "no-damage", "uid": "8ad491f6-a746-4ab1-a749-df7afbbf7a53" }, "geometry": { "type": "Polygon", "coordinates": [ [ [ 187.554256007549498, 353.786478002590798 ], [ 187.124242694952301, 357.08324675578632 ], [ 189.465361315064399, 358.019694203924303 ], [ 189.509981383299788, 357.899999900677187 ], [ 185.481569307978191, 375.065844111301885 ], [ 182.901093363158395, 374.492405014270275 ], [ 181.175415573948612, 380.388470791206828 ], [ 158.509981387888388, 374.24999989972099 ], [ 159.215452809097002, 361.379849547346225 ], [ 168.579981382272393, 347.939999898838607 ], [ 187.554256007549498, 353.786478002590798 ] ] ] } },
{ "type": "Feature", "properties": { "feature_type": "building", "subtype": "no-damage", "uid": "2ac7503d-8b24-420b-89d1-d5d210f0f8da" }, "geometry": { "type": "Polygon", "coordinates": [ [ [ 163.169981382086604, 354.829999899100926 ], [ 158.723934877894692, 361.210718680400021 ], [ 158.019981384238207, 374.109999899612717 ], [ 130.1066396624866, 364.901695949899818 ], [ 128.465127149621793, 354.570833701454774 ], [ 132.809981388205614, 345.38999989819888 ], [ 163.169981382086604, 354.829999899100926 ] ] ] } },
{ "type": "Feature", "properties": { "feature_type": "building", "subtype": "no-damage", "uid": "bc392208-2412-4d1d-99bb-c38477b4c849" }, "geometry": { "type": "Polygon", "coordinates": [ [ [ 169.219981384036288, 344.829999897765276 ], [ 168.599981385291613, 347.029999900002792 ], [ 163.469981382986504, 354.399999897966893 ], [ 140.109981388453605, 347.12999990061428 ], [ 144.25998138579439, 337.679999898903475 ], [ 169.219981384036288, 344.829999897765276 ] ] ] } },
{ "type": "Feature", "properties": { "feature_type": "building", "subtype": "no-damage", "uid": "d799c19c-7da1-42d2-808b-65ce8c8e4543" }, "geometry": { "type": "Polygon", "coordinates": [ [ [ 241.044516625899206, 342.724895089835002 ], [ 235.446434666058707, 368.263075251744226 ], [ 220.838641805290393, 365.341224400986619 ], [ 221.576067603982096, 361.334089684580192 ], [ 220.006648040805089, 361.019999898821311 ], [ 224.446653279279587, 344.532106480124924 ], [ 222.722946777382901, 343.980636850484586 ], [ 224.258929435340093, 338.729059207099681 ], [ 241.044516625899206, 342.724895089835002 ] ] ] } },
{ "type": "Feature", "properties": { "feature_type": "building", "subtype": "no-damage", "uid": "5f9f785a-028f-440c-b643-1deeee635c3b" }, "geometry": { "type": "Polygon", "coordinates": [ [ [ 223.619981372776692, 345.649999900536216 ], [ 219.458574351171194, 361.017185848171323 ], [ 210.439981376384196, 358.629999899907489 ], [ 210.465160991929991, 358.547899241335813 ], [ 190.0199813822598, 352.439999900187217 ], [ 189.476039431649696, 346.111269622235909 ], [ 196.362640390828687, 338.112217736188427 ], [ 223.619981372776692, 345.649999900536216 ] ] ] } },
{ "type": "Feature", "properties": { "feature_type": "building", "subtype": "no-damage", "uid": "1d86d9ae-5bc5-4b9f-98e3-ba9cd002eb81" }, "geometry": { "type": "Polygon", "coordinates": [ [ [ 193.349981380801012, 340.849999897353314 ], [ 188.960021248211802, 345.944294209157022 ], [ 188.922025295230497, 352.117932717780491 ], [ 188.629981379180606, 353.459999900442995 ], [ 168.975801465668894, 347.536066646495897 ], [ 172.589981383242588, 334.749999897435714 ], [ 193.349981380801012, 340.849999897353314 ] ] ] } },
{ "type": "Feature", "properties": { "feature_type": "building", "subtype": "no-damage", "uid": "949a3f0e-9c71-477f-b9ef-1bdc5696a107" }, "geometry": { "type": "Polygon", "coordinates": [ [ [ 248.679981369293898, 297.519999899311017 ], [ 248.530337379872009, 298.24824465343238 ], [ 224.6918533530106, 291.604732706688822 ], [ 216.299981376518105, 332.189999899725308 ], [ 211.672513824558109, 332.269412804764897 ], [ 199.199981380827012, 326.719999898426522 ], [ 199.294246071218112, 326.391518061179113 ], [ 177.389981383856991, 320.279999897177618 ], [ 177.693592029256507, 312.458557478563989 ], [ 184.14998138295249, 292.549999897331475 ], [ 184.207784921155991, 292.567740198002184 ], [ 188.439981380635402, 280.559999899527782 ], [ 248.679981369293898, 297.519999899311017 ] ] ] } },
{ "type": "Feature", "properties": { "feature_type": "building", "subtype": "no-damage", "uid": "33ca8fff-451a-4523-ab11-e15f28fa400c" }, "geometry": { "type": "Polygon", "coordinates": [ [ [ 198.671504554217393, 326.736834715894986 ], [ 195.129981382246598, 338.779999898153278 ], [ 193.699981377567809, 340.439999897836799 ], [ 178.951507472247698, 335.988826677008717 ], [ 182.650766744267287, 322.611556315947212 ], [ 198.671504554217393, 326.736834715894986 ] ] ] } },
{ "type": "Feature", "properties": { "feature_type": "building", "subtype": "no-damage", "uid": "5def1007-be69-4b4e-a8c1-8b14718b8615" }, "geometry": { "type": "Polygon", "coordinates": [ [ [ 254.129981368042195, 271.159999898122805 ], [ 248.779981372241593, 297.02999990080059 ], [ 191.639981382913987, 280.949999897426778 ], [ 192.148571347283109, 267.635167485270415 ], [ 197.38998138186119, 258.69999989968818 ], [ 254.129981368042195, 271.159999898122805 ] ] ] } },
{ "type": "Feature", "properties": { "feature_type": "building", "subtype": "no-damage", "uid": "9556039b-b6a7-40ca-9c69-7069b1e054f9" }, "geometry": { "type": "Polygon", "coordinates": [ [ [ 282.769981365330011, 137.0099999002407 ], [ 281.811495270327896, 142.330212330819592 ], [ 284.984052036896173, 143.45088844813921 ], [ 283.115678966559528, 150.918597429405594 ], [ 295.034920979522894, 154.631148222514497 ], [ 291.517767600019511, 167.331979880789305 ], [ 251.852093351375686, 154.82654563051409 ], [ 258.98998137093912, 129.549999898735905 ], [ 282.769981365330011, 137.0099999002407 ] ] ] } },
{ "type": "Feature", "properties": { "feature_type": "building", "subtype": "no-damage", "uid": "6de814dc-b136-4017-9417-bef23097e2a9" }, "geometry": { "type": "Polygon", "coordinates": [ [ [ 307.519981359671419, 116.119999900351203 ], [ 314.492039846266891, 118.837025985424404 ], [ 310.00293501785319, 130.774648383982395 ], [ 298.622061471171321, 127.169015367723105 ], [ 298.619981362255487, 127.169999900630899 ], [ 297.829981365181311, 126.819999898490906 ], [ 302.169981363870704, 114.349999899247607 ], [ 307.519981359671419, 116.119999900351203 ] ] ] } },
{ "type": "Feature", "properties": { "feature_type": "building", "subtype": "no-damage", "uid": "76703625-8ce1-4ff2-87bd-b6e64a29efc1" }, "geometry": { "type": "Polygon", "coordinates": [ [ [ 320.996186814807174, 100.621513890775802 ], [ 316.556407052133125, 112.937509061618002 ], [ 309.40998136253711, 110.719999897237699 ], [ 304.219981363322688, 108.459999897623604 ], [ 308.27998135992641, 96.769999897916264 ], [ 320.996186814807174, 100.621513890775802 ] ] ] } },
{ "type": "Feature", "properties": { "feature_type": "building", "subtype": "no-damage", "uid": "8440846e-f0db-4897-9dfb-c6fbc16aca44" }, "geometry": { "type": "Polygon", "coordinates": [ [ [ 306.179981362972114, 96.139999899297393 ], [ 307.799981362224514, 96.629999897807863 ], [ 293.809981363402301, 136.869999900132314 ], [ 284.78998136375759, 135.19999989964009 ], [ 297.889981363492325, 94.899999899939175 ], [ 306.179981362972114, 96.139999899297393 ] ] ] } },
{ "type": "Feature", "properties": { "feature_type": "building", "subtype": "no-damage", "uid": "28dc2d08-f39f-4621-9bad-9575543ddc92" }, "geometry": { "type": "Polygon", "coordinates": [ [ [ 291.729981365262006, 95.839999897463116 ], [ 279.949981368552187, 135.639999897844802 ], [ 244.179981369579394, 124.8499998999024 ], [ 241.398701432560813, 118.515586161934607 ], [ 246.231541198758492, 112.7852190077773 ], [ 244.917607675178289, 107.529484911588995 ], [ 249.498061679374899, 102.810229274683294 ], [ 248.044649908553112, 98.173153622661459 ], [ 253.113203764196811, 93.312896501235173 ], [ 251.17924064869419, 88.477988715517242 ], [ 256.16199550830288, 84.505251733867581 ], [ 255.93998136934411, 84.229999900487684 ], [ 291.729981365262006, 95.839999897463116 ] ] ] } },
{ "type": "Feature", "properties": { "feature_type": "building", "subtype": "no-damage", "uid": "0f5c6649-4e12-4b7b-b026-5f7b15708e86" }, "geometry": { "type": "Polygon", "coordinates": [ [ [ 299.609981363823408, 87.989999898059338 ], [ 297.549981364029918, 94.349999900314259 ], [ 293.251234127734676, 93.703523211389495 ], [ 292.251236277937608, 95.481297168660646 ], [ 255.126648037906108, 83.346666565491361 ], [ 253.167001793678793, 77.85533042518945 ], [ 258.439289179200728, 74.801848444191137 ], [ 299.609981363823408, 87.989999898059338 ] ] ] } },
{ "type": "Feature", "properties": { "feature_type": "building", "subtype": "no-damage", "uid": "0288700b-4e73-497f-96f2-c3d4f38b62d7" }, "geometry": { "type": "Polygon", "coordinates": [ [ [ 306.01998136031159, 90.039999899379765 ], [ 304.659981363163013, 95.409999900067092 ], [ 298.049981362414826, 94.419999898499498 ], [ 300.089981363861511, 88.139999898976484 ], [ 306.01998136031159, 90.039999899379765 ] ] ] } },
{ "type": "Feature", "properties": { "feature_type": "building", "subtype": "no-damage", "uid": "b6f35099-9fbf-47d6-8158-0167b5bef569" }, "geometry": { "type": "Polygon", "coordinates": [ [ [ 307.799112486655588, 79.162809474246629 ], [ 305.239112483104009, 89.282809474073218 ], [ 257.526838825222285, 74.191404687830044 ], [ 255.985567600906506, 68.996595438426525 ], [ 260.72911249241281, 65.062809474008091 ], [ 307.799112486655588, 79.162809474246629 ] ] ] } },
{ "type": "Feature", "properties": { "feature_type": "building", "subtype": "no-damage", "uid": "f3b92ea6-cde3-4fd6-b6f3-85884641058d" }, "geometry": { "type": "Polygon", "coordinates": [ [ [ 300.294287235960496, 66.711692094006906 ], [ 303.185072588794583, 67.01598528953383 ], [ 304.341336888767387, 65.715187947859548 ], [ 306.889981361519574, 65.889999897499891 ], [ 302.513969326219524, 77.189107648371717 ], [ 274.749981368061924, 68.839999900585198 ], [ 273.792347485411995, 62.614111061695283 ], [ 278.239981366226402, 59.49999990029464 ], [ 300.294287235960496, 66.711692094006906 ] ] ] } },
{ "type": "Feature", "properties": { "feature_type": "building", "subtype": "no-damage", "uid": "561f3e0c-01f9-4974-949f-6d9e2697fec9" }, "geometry": { "type": "Polygon", "coordinates": [ [ [ 277.649981365702615, 59.309999899880523 ], [ 273.251011130073891, 62.382718724648029 ], [ 274.219981364914588, 68.679999898859336 ], [ 260.476949689184607, 64.549631442472005 ], [ 264.026505818367809, 54.713408645470743 ], [ 277.649981365702615, 59.309999899880523 ] ] ] } },
{ "type": "Feature", "properties": { "feature_type": "building", "subtype": "no-damage", "uid": "7e68121d-8af9-4ec1-adcf-765091de5a13" }, "geometry": { "type": "Polygon", "coordinates": [ [ [ 301.237827181380226, 57.227484449877927 ], [ 302.838343005396894, 56.354475814561091 ], [ 309.759981364209978, 57.569999897465173 ], [ 307.059981359849019, 65.399999898989421 ], [ 304.130767980839323, 65.199478303528039 ], [ 302.981996351162081, 66.491846389104651 ], [ 300.398321361236299, 66.219880602044014 ], [ 261.469981371057884, 53.659999898976373 ], [ 260.542145240884281, 48.733348381165669 ], [ 263.699981368246426, 45.659999898655457 ], [ 301.237827181380226, 57.227484449877927 ] ] ] } },
{ "type": "Feature", "properties": { "feature_type": "building", "subtype": "no-damage", "uid": "9b383e46-05a4-4f4f-b97c-44c563d56d1b" }, "geometry": { "type": "Polygon", "coordinates": [ [ [ 314.99998135835682, 42.349999900097281 ], [ 314.965456807143823, 42.473034819677437 ], [ 309.919981359394512, 57.089999899763427 ], [ 302.75246694893508, 55.831773478434478 ], [ 301.183558368485819, 56.68754179835615 ], [ 264.09998136601979, 45.259999899947687 ], [ 265.156709213566387, 44.23133475042151 ], [ 264.592195894016584, 35.537829668931529 ], [ 271.291169526066483, 28.83885604062138 ], [ 314.99998135835682, 42.349999900097281 ] ] ] } },
{ "type": "Feature", "properties": { "feature_type": "building", "subtype": "no-damage", "uid": "2741f267-a63c-4559-b56a-a9c697ff1a1a" }, "geometry": { "type": "Polygon", "coordinates": [ [ [ 316.394719142673011, 18.718250989833422 ], [ 321.304390863733488, 20.456289454620581 ], [ 318.126208334640125, 31.441556642357991 ], [ 314.648002736957494, 35.265145452071451 ], [ 277.740456688865208, 22.749815679818472 ], [ 275.906208340850185, 15.054248247415231 ], [ 280.799981367909083, 9.019999899652701 ], [ 316.394719142673011, 18.718250989833422 ] ] ] } },
{ "type": "Feature", "properties": { "feature_type": "building", "subtype": "no-damage", "uid": "2f83da18-91d2-4878-acf9-59847e58a9bc" }, "geometry": { "type": "Polygon", "coordinates": [ [ [ 329.336648217440711, 21.263698791997701 ], [ 325.683515021422693, 33.176225170503358 ], [ 318.701937995523622, 30.644670129806499 ], [ 321.98692601480451, 18.917286306547211 ], [ 329.336648217440711, 21.263698791997701 ] ] ] } },
{ "type": "Feature", "properties": { "feature_type": "building", "subtype": "no-damage", "uid": "898206d2-34d7-4005-bf97-4b10d175f4d6" }, "geometry": { "type": "Polygon", "coordinates": [ [ [ 339.412755189618792, 23.02995951551231 ], [ 334.489981360671777, 21.32999990090811 ], [ 338.051991434450827, 10.13448436692765 ], [ 327.929981356958592, 7.01999989863799 ], [ 330.094101399241879, -0.000000100924061 ], [ 347.214251920582797, -0.000000100924061 ], [ 339.412755189618792, 23.02995951551231 ] ] ] } },
{ "type": "Feature", "properties": { "feature_type": "building", "subtype": "no-damage", "uid": "144bf5d7-9d70-4c42-af0c-66e7bb34e4e1" }, "geometry": { "type": "Polygon", "coordinates": [ [ [ 325.859074729581721, 6.382817691526495 ], [ 322.159981358262826, 18.679999899657069 ], [ 321.213970581096419, 18.37592007254749 ], [ 320.728816130862526, 19.913737033962711 ], [ 316.214244275034105, 18.37500671726842 ], [ 280.64998136442199, 8.68999989913017 ], [ 279.93153810983398, 3.329340356772937 ], [ 281.126269496164127, -0.000000100924061 ], [ 326.573130374148718, -0.000000100924061 ], [ 325.859074729581721, 6.382817691526495 ] ] ] } },
{ "type": "Feature", "properties": { "feature_type": "building", "subtype": "no-damage", "uid": "1797f262-672f-4c3e-b606-7322c5217db5" }, "geometry": { "type": "Polygon", "coordinates": [ [ [ 337.422471367122625, 10.46391936838944 ], [ 333.649981360021116, 22.31999989873777 ], [ 322.629981356557721, 18.829999900574201 ], [ 326.192797248925785, 7.008635023251582 ], [ 337.422471367122625, 10.46391936838944 ] ] ] } },
{ "type": "Feature", "properties": { "feature_type": "building", "subtype": "no-damage", "uid": "86372da7-0b9e-41e1-ab32-975dc20d664e" }, "geometry": { "type": "Polygon", "coordinates": [ [ [ 242.039716422469809, 258.735435780456783 ], [ 245.7945836147872, 258.735435780456783 ], [ 242.89998136955569, 266.149999900384216 ], [ 239.149981374660797, 267.129999897405128 ], [ 203.0918303256596, 259.083007486136808 ], [ 201.701527746170399, 251.714403824891889 ], [ 204.819981380708214, 247.389999900809102 ], [ 242.039716422469809, 258.735435780456783 ] ] ] } },
{ "type": "Feature", "properties": { "feature_type": "building", "subtype": "no-damage", "uid": "f3ac66d2-0d21-4ff9-b388-89e08ea6de97" }, "geometry": { "type": "Polygon", "coordinates": [ [ [ 245.197238962887212, 248.913899340720491 ], [ 249.579981371993512, 249.049999900492509 ], [ 245.994583617411791, 258.235435777399687 ], [ 242.114208853630004, 258.235435777399687 ], [ 205.089894561594292, 246.847699356704794 ], [ 203.603161506680607, 242.058352347959101 ], [ 207.809981375581799, 237.719999899995997 ], [ 245.197238962887212, 248.913899340720491 ] ] ] } },
{ "type": "Feature", "properties": { "feature_type": "building", "subtype": "no-damage", "uid": "772c5238-374f-42fd-95f1-17bc706ed052" }, "geometry": { "type": "Polygon", "coordinates": [ [ [ 249.365153449754501, 240.898106619933088 ], [ 252.679981368988194, 241.099999900477286 ], [ 249.769981372874895, 248.549999897435413 ], [ 245.277882204656692, 248.416113559237687 ], [ 208.199981379321514, 237.319999897550304 ], [ 208.206901651561196, 237.310745318120496 ], [ 206.896567015528291, 233.670926877688203 ], [ 210.340692707246603, 227.643706918935095 ], [ 249.365153449754501, 240.898106619933088 ] ] ] } },
{ "type": "Feature", "properties": { "feature_type": "building", "subtype": "no-damage", "uid": "6b950921-b9ad-41ac-b857-2b2766884f8d" }, "geometry": { "type": "Polygon", "coordinates": [ [ [ 259.009358543541509, 230.031443378049886 ], [ 267.549981370761486, 232.939999898430614 ], [ 266.0515499527869, 238.475236854123409 ], [ 259.689981371247711, 239.299999900685492 ], [ 253.929323333996393, 237.912269256425304 ], [ 253.210323122032889, 240.014401835798111 ], [ 249.71823288049481, 239.76501877931841 ], [ 253.439981369476811, 229.789999897860298 ], [ 259.009358543541509, 230.031443378049886 ] ] ] } },
{ "type": "Feature", "properties": { "feature_type": "building", "subtype": "no-damage", "uid": "9ada4907-5c14-4659-b553-552c4b215666" }, "geometry": { "type": "Polygon", "coordinates": [ [ [ 251.337570641054299, 229.692982143453889 ], [ 252.909981369833787, 229.759999899172101 ], [ 248.849981368557792, 240.189999897903704 ], [ 210.239981378899188, 227.009999897309598 ], [ 209.625859685518805, 223.211742193428705 ], [ 213.98128130035991, 218.565959134858304 ], [ 213.799981377585198, 218.179999900884894 ], [ 251.337570641054299, 229.692982143453889 ] ] ] } },
{ "type": "Feature", "properties": { "feature_type": "building", "subtype": "no-damage", "uid": "bfef6c94-08f4-482b-ba04-81670f96769e" }, "geometry": { "type": "Polygon", "coordinates": [ [ [ 273.385760291200313, 212.772889360313997 ], [ 267.679981368425786, 232.459999900728803 ], [ 259.102925851472321, 229.535084991731793 ], [ 251.423238026739995, 229.19627523271069 ], [ 251.079981369951497, 229.089999897318307 ], [ 253.276188015657198, 220.570942691262189 ], [ 253.229981368146014, 220.559999898989901 ], [ 256.119110230065189, 212.633365157347811 ], [ 258.6814260523131, 212.98924235258491 ], [ 259.094194629181516, 211.309578918076795 ], [ 265.372821505455477, 210.554776367274798 ], [ 273.385760291200313, 212.772889360313997 ] ] ] } },
{ "type": "Feature", "properties": { "feature_type": "building", "subtype": "no-damage", "uid": "e14eca99-cf11-4a58-82d8-38f2eb9882b6" }, "geometry": { "type": "Polygon", "coordinates": [ [ [ 256.113695549980775, 211.159526260965208 ], [ 252.749981371378595, 220.419999898881514 ], [ 216.799981376304601, 209.90999989741789 ], [ 215.401426868498703, 204.062935443559013 ], [ 220.126819939605213, 199.628381443976906 ], [ 256.113695549980775, 211.159526260965208 ] ] ] } },
{ "type": "Feature", "properties": { "feature_type": "building", "subtype": "no-damage", "uid": "c3ca83d4-303f-4992-ab8b-eea0b5330d2f" }, "geometry": { "type": "Polygon", "coordinates": [ [ [ 269.835475647053784, 195.190870784308089 ], [ 265.273668988016198, 210.14329450350391 ], [ 258.397674801455878, 210.83531839698361 ], [ 220.319981372690194, 199.333333232618003 ], [ 219.564744721334705, 193.826811187113094 ], [ 224.432369762274305, 189.718385161682505 ], [ 229.107171800979813, 182.577356807251505 ], [ 269.835475647053784, 195.190870784308089 ] ] ] } },
{ "type": "Feature", "properties": { "feature_type": "building", "subtype": "no-damage", "uid": "98fbf9fe-f302-4fd4-a27c-9cff14dd59f3" }, "geometry": { "type": "Polygon", "coordinates": [ [ [ 252.671244726701389, 220.915009659395793 ], [ 250.599981373417705, 228.9399999001391 ], [ 213.4999813748164, 217.56999990014549 ], [ 211.840384638946205, 214.141439371769195 ], [ 216.990474995601886, 210.70804579942029 ], [ 216.929981378641401, 210.469999897851608 ], [ 252.671244726701389, 220.915009659395793 ] ] ] } },
{ "type": "Feature", "properties": { "feature_type": "building", "subtype": "major-damage", "uid": "360ff8fe-5dc7-40ce-ac7d-4ab5cd6e9cdb" }, "geometry": { "type": "Polygon", "coordinates": [ [ [ 185.92888249448319, 285.457591137536895 ], [ 177.196623515403104, 312.370127012383591 ], [ 176.341080422242101, 334.614247361206424 ], [ 169.909981385638787, 333.999999900325918 ], [ 134.042700614810997, 323.909128210594076 ], [ 131.496446281047099, 298.681106543221404 ], [ 141.629981386627406, 273.349999899551619 ], [ 185.92888249448319, 285.457591137536895 ] ] ] } },
{ "type": "Feature", "properties": { "feature_type": "building", "subtype": "no-damage", "uid": "ebe11a57-353b-4f51-b0f5-89ac3e01602b" }, "geometry": { "type": "Polygon", "coordinates": [ [ [ 166.415328339229006, 251.844794041467793 ], [ 192.279981377435689, 257.769999899235017 ], [ 186.850067603795509, 269.422039843855373 ], [ 186.418940739259909, 278.475703954711321 ], [ 182.670301966285905, 283.890404410816984 ], [ 141.809981389970687, 272.889999899729389 ], [ 142.954590774223902, 270.035745316361215 ], [ 143.591154356555194, 258.895882617857183 ], [ 150.049981385406795, 245.979999898916304 ], [ 166.415328339229006, 251.844794041467793 ] ] ] } },
{ "type": "Feature", "properties": { "feature_type": "building", "subtype": "major-damage", "uid": "e6c78471-dafa-4c33-9396-581a4d5a7d66" }, "geometry": { "type": "Polygon", "coordinates": [ [ [ 176.969363713091099, 216.331370273857402 ], [ 206.689981380087488, 221.819999899965609 ], [ 198.396168528210012, 253.602583569330392 ], [ 192.231860046291814, 257.245129493733486 ], [ 166.555925759318399, 251.364049571820914 ], [ 149.781312997687792, 245.367110434825491 ], [ 156.979981387737894, 207.629999899924286 ], [ 176.969363713091099, 216.331370273857402 ] ] ] } },
{ "type": "Feature", "properties": { "feature_type": "building", "subtype": "major-damage", "uid": "e0d5fe5d-0469-47fd-b616-b022cdbfd070" }, "geometry": { "type": "Polygon", "coordinates": [ [ [ 229.361058747651697, 18.893369957944142 ], [ 258.023664908825992, 25.010808686223559 ], [ 206.809981377643993, 221.339999898525889 ], [ 177.116499600585087, 215.850096820087913 ], [ 159.625853122734696, 207.675969748282597 ], [ 210.499981377031389, 11.27999989926677 ], [ 229.361058747651697, 18.893369957944142 ] ] ] } },
{ "type": "Feature", "properties": { "feature_type": "building", "subtype": "no-damage", "uid": "f6a85f89-a7c4-48fc-9538-e56e2ae892bf" }, "geometry": { "type": "Polygon", "coordinates": [ [ [ 248.973313180561007, 21.896531732755669 ], [ 209.550410781376797, 10.143504993169509 ], [ 213.067879761633691, -0.000000100924061 ], [ 255.712220888604406, -0.000000100924061 ], [ 248.973313180561007, 21.896531732755669 ] ] ] } },
{ "type": "Feature", "properties": { "feature_type": "building", "subtype": "no-damage", "uid": "6a5bf365-1985-4612-8aec-5593a41c6ac0" }, "geometry": { "type": "Polygon", "coordinates": [ [ [ 530.459981329248876, 89.239999898226301 ], [ 528.96998132999704, 115.639999898911498 ], [ 519.434041010294891, 116.524621152019805 ], [ 518.067830552912483, 111.970586307318101 ], [ 509.009981332657787, 110.889999899772306 ], [ 506.958265326998173, 101.344654761861307 ], [ 511.539981331680679, 87.979999897250607 ], [ 530.459981329248876, 89.239999898226301 ] ] ] } },
{ "type": "Feature", "properties": { "feature_type": "building", "subtype": "no-damage", "uid": "bef04bc9-f485-48b4-acd4-9e0ad16df9cf" }, "geometry": { "type": "Polygon", "coordinates": [ [ [ 510.86998133076122, 87.8299999000714 ], [ 506.44021292121738, 101.314075765571204 ], [ 508.583682654189886, 111.265899524196001 ], [ 506.209981328620017, 118.2499999006656 ], [ 479.225856993090019, 115.219485051308197 ], [ 479.513986481113193, 108.592506742206496 ], [ 475.91236783480042, 98.796104023266352 ], [ 479.97998133420009, 89.89999989927135 ], [ 497.804658498577112, 91.622302493741984 ], [ 500.901603304398918, 87.021127358177466 ], [ 510.86998133076122, 87.8299999000714 ] ] ] } },
{ "type": "Feature", "properties": { "feature_type": "building", "subtype": "no-damage", "uid": "a5f523cc-df81-4d29-a50c-bdd8caa73f51" }, "geometry": { "type": "Polygon", "coordinates": [ [ [ 489.297379591875028, 59.410493157496809 ], [ 494.862247619052312, 60.651140614611798 ], [ 505.877834965806016, 60.33081688415065 ], [ 503.189981332955483, 83.95999989734166 ], [ 490.165800362807602, 84.491174748608984 ], [ 486.809981331481026, 83.079999897194227 ], [ 489.297379591875028, 59.410493157496809 ] ] ] } },
{ "type": "Feature", "properties": { "feature_type": "building", "subtype": "no-damage", "uid": "c91534c4-e09f-48f1-afa6-8475b40935e8" }, "geometry": { "type": "Polygon", "coordinates": [ [ [ 481.082225764025793, 41.733198899734553 ], [ 480.994415105212795, 43.40160147044628 ], [ 485.389981334853189, 44.039999898468992 ], [ 489.629981333631974, 51.459999900476738 ], [ 486.007468396192678, 85.915666507486918 ], [ 477.0478414122922, 85.215695647833101 ], [ 472.65998133887598, 84.229999900487684 ], [ 478.728299353718285, 41.512518298666073 ], [ 481.082225764025793, 41.733198899734553 ] ] ] } },
{ "type": "Feature", "properties": { "feature_type": "building", "subtype": "no-damage", "uid": "2a5f8691-179f-42cb-b8aa-dffece380375" }, "geometry": { "type": "Polygon", "coordinates": [ [ [ 492.550169499494814, 12.85100056869134 ], [ 490.546285721464017, 22.521917954270091 ], [ 491.15009849482891, 23.815802476198979 ], [ 487.319981333010787, 31.689999897716589 ], [ 487.412487175397416, 31.26847128660695 ], [ 481.665752699207417, 30.00080926919944 ], [ 482.282566911744823, 28.062250326591428 ], [ 476.796336554512777, 26.690692736991789 ], [ 476.471230456339811, 29.399910211565111 ], [ 478.475554834012826, 29.922777442656201 ], [ 465.578434559213179, 84.234064643222709 ], [ 454.754046595586374, 86.24358989078587 ], [ 449.363041922050627, 79.954084433306278 ], [ 459.139981338348719, 42.349999900097281 ], [ 460.250075827158184, 41.569359776619613 ], [ 467.849981334883125, 10.51999989761029 ], [ 479.033655645460726, 13.056480563285209 ], [ 480.267833634756187, 9.353946606613661 ], [ 492.550169499494814, 12.85100056869134 ] ] ] } },
{ "type": "Feature", "properties": { "feature_type": "building", "subtype": "no-damage", "uid": "9928d450-4805-475d-add3-7667d294198d" }, "geometry": { "type": "Polygon", "coordinates": [ [ [ 532.673877687673212, 22.009594491616319 ], [ 532.241683452134225, 25.17901890145475 ], [ 543.910927860982724, 27.051860595798789 ], [ 544.487186846373902, 23.738371443116911 ], [ 556.156431254988775, 25.17901890145475 ], [ 555.724237017113524, 29.356896529886932 ], [ 565.664704481703211, 30.653479241643399 ], [ 565.376574985736966, 33.966968398063209 ], [ 558.749596678268745, 49.670025693198163 ], [ 560.910567869981264, 63.356176547407721 ], [ 491.279981332974387, 53.329999898453842 ], [ 483.749756345982519, 40.170563597738912 ], [ 491.703950651633988, 23.8202752922932 ], [ 492.654270039577909, 20.29989091680903 ], [ 520.140244801672452, 24.17056567912309 ], [ 521.004633277656581, 20.13675279727229 ], [ 532.673877687673212, 22.009594491616319 ] ] ] } },
{ "type": "Feature", "properties": { "feature_type": "building", "subtype": "no-damage", "uid": "62d618ae-7aee-4bfe-ac09-0d5d89dd8836" }, "geometry": { "type": "Polygon", "coordinates": [ [ [ 498.569981332647387, 19.989999900938461 ], [ 491.769981331251415, 19.069999897556109 ], [ 493.13406386530869, 12.49737647321974 ], [ 479.944741767084224, 8.742083375757707 ], [ 478.702508564484674, 12.46878299336721 ], [ 467.969981337579213, 10.039999899908549 ], [ 468.739981334204174, 6.879999898529581 ], [ 470.457817809780181, 7.112256100686563 ], [ 472.937817810599881, -0.000000100924061 ], [ 502.132151572444513, -0.000000100924061 ], [ 498.569981332647387, 19.989999900938461 ] ] ] } },
{ "type": "Feature", "properties": { "feature_type": "building", "subtype": "no-damage", "uid": "f69dfe0f-6d36-44bc-962b-fcf0d73600af" }, "geometry": { "type": "Polygon", "coordinates": [ [ [ 450.260669021348974, 2.405687735928905 ], [ 458.739232437783528, 1.434185679436263 ], [ 468.2399813383891, 6.799999899535613 ], [ 459.809260972053778, 41.267134212336899 ], [ 458.929981336784294, 41.879999899466341 ], [ 447.566040363037189, 40.420050142498631 ], [ 437.083531275723317, 35.927546245900899 ], [ 442.774036206213395, 16.16052909862811 ], [ 430.794025818709315, 12.866026243864249 ], [ 434.088528674408508, -0.000000100924061 ], [ 444.950669019905718, -0.000000100924061 ], [ 450.260669021348974, 2.405687735928905 ] ] ] } },
{ "type": "Feature", "properties": { "feature_type": "building", "subtype": "no-damage", "uid": "31e35338-a182-4e18-ba07-896dd6f952c1" }, "geometry": { "type": "Polygon", "coordinates": [ [ [ 399.854997902776972, 21.017121656174201 ], [ 418.977184504759009, 26.165402666815801 ], [ 401.693669687686679, 86.289970174873886 ], [ 383.213268763051076, 81.15222356915946 ], [ 399.854997902776972, 21.017121656174201 ] ] ] } },
{ "type": "Feature", "properties": { "feature_type": "building", "subtype": "no-damage", "uid": "67b77723-be9a-444d-a388-3afa4f23f4ee" }, "geometry": { "type": "Polygon", "coordinates": [ [ [ 422.895379922735287, 110.470493866658302 ], [ 422.446762698770215, 112.623856546175304 ], [ 427.182284124598425, 112.919826635289496 ], [ 427.611131616171974, 111.3759756634756 ], [ 442.329981338309892, 115.629999898102795 ], [ 437.287034275655117, 134.532703204837588 ], [ 409.829981347977707, 130.419999898074593 ], [ 414.949981347838616, 109.0499999004834 ], [ 422.895379922735287, 110.470493866658302 ] ] ] } },
{ "type": "Feature", "properties": { "feature_type": "building", "subtype": "no-damage", "uid": "70344168-2a3c-4865-a972-0eabd9d58344" }, "geometry": { "type": "Polygon", "coordinates": [ [ [ 414.459981344188407, 108.929999898254493 ], [ 409.339981343626505, 130.349999899889411 ], [ 367.5124026276373, 123.878060318914294 ], [ 367.247072857394187, 122.204732807265401 ], [ 359.751940300516083, 120.538499659058502 ], [ 365.622144743469903, 95.113191404872126 ], [ 414.459981344188407, 108.929999898254493 ] ] ] } },
{ "type": "Feature", "properties": { "feature_type": "building", "subtype": "no-damage", "uid": "4946fd4b-003e-42a9-8d18-e847765d6a7f" }, "geometry": { "type": "Polygon", "coordinates": [ [ [ 408.286557376755525, 89.654539768530938 ], [ 411.333671965277915, 87.627439227399321 ], [ 419.281662358144104, 89.739435840442653 ], [ 420.832335954664586, 93.371442567894718 ], [ 433.099857192795923, 96.425651523596329 ], [ 435.646975724812478, 85.518989796077037 ], [ 452.304735160946109, 89.97055494615249 ], [ 447.499396978816776, 114.664748031348196 ], [ 442.867398131343293, 113.552743541128606 ], [ 442.459981340179525, 115.139999899592297 ], [ 427.264578128440576, 110.755414056905593 ], [ 426.808993049344281, 112.395520331745999 ], [ 423.053961820384188, 112.160830880374107 ], [ 423.489777165920884, 110.068917232264596 ], [ 414.848228750440398, 108.522534883144701 ], [ 380.469981351567128, 98.319999899917491 ], [ 383.7071385926007, 82.84415295523894 ], [ 408.286557376755525, 89.654539768530938 ] ] ] } },
{ "type": "Feature", "properties": { "feature_type": "building", "subtype": "no-damage", "uid": "0792d03c-c59c-4dea-9aaf-2b9b25d1ac22" }, "geometry": { "type": "Polygon", "coordinates": [ [ [ 420.055945613515689, 132.850265285649414 ], [ 419.967502355911392, 135.768892760191903 ], [ 432.349558312816328, 137.714644411132809 ], [ 428.281168497360113, 156.55305811894749 ], [ 412.71515529426722, 153.811317155408403 ], [ 412.80359855163789, 151.688678989726213 ], [ 394.142071361830176, 146.028310555382603 ], [ 393.346082048297376, 138.156860694248195 ], [ 397.149142092108775, 129.489421524253686 ], [ 420.055945613515689, 132.850265285649414 ] ] ] } },
{ "type": "Feature", "properties": { "feature_type": "building", "subtype": "no-damage", "uid": "d222ea92-4053-4c51-a4a4-bf1cd0102b51" }, "geometry": { "type": "Polygon", "coordinates": [ [ [ 457.329958428452926, 257.595989428682799 ], [ 455.486212548991716, 265.585554916469675 ], [ 457.069797769961724, 265.743913440669189 ], [ 453.754675620410808, 282.425154495941797 ], [ 413.794428072128596, 273.854912975623904 ], [ 418.729981342356382, 249.459999900008995 ], [ 457.329958428452926, 257.595989428682799 ] ] ] } },
{ "type": "Feature", "properties": { "feature_type": "building", "subtype": "no-damage", "uid": "3792c3bf-b89e-4325-be98-9efe4b2bba91" }, "geometry": { "type": "Polygon", "coordinates": [ [ [ 472.339042349171507, 253.559152701224008 ], [ 472.488040883431722, 254.900139488072199 ], [ 476.449981333501626, 254.959999899996006 ], [ 475.454139285173824, 268.380452631697324 ], [ 470.700002671115726, 271.828341396187284 ], [ 456.80719228075219, 269.629924380375712 ], [ 457.579517776372995, 265.292391660066073 ], [ 456.101123328359279, 265.144552215288172 ], [ 457.931753055836907, 257.211823402217078 ], [ 455.379981337972595, 256.669999899985214 ], [ 456.060414249256723, 254.303366755539912 ], [ 459.293100796872011, 252.40592029835679 ], [ 472.339042349171507, 253.559152701224008 ] ] ] } },
{ "type": "Feature", "properties": { "feature_type": "building", "subtype": "no-damage", "uid": "f4bef4d6-020a-40b2-96c2-40bfb43e5e81" }, "geometry": { "type": "Polygon", "coordinates": [ [ [ 457.249981338052692, 231.199999899753095 ], [ 466.09190774363401, 234.206261059963595 ], [ 477.879981338180414, 235.909999899395388 ], [ 476.489981336970118, 254.459999900676792 ], [ 472.936358486286224, 254.407305384927014 ], [ 472.790784103111207, 253.097135932146614 ], [ 459.177876818389791, 251.893785014222289 ], [ 455.635386314054983, 253.973072916481811 ], [ 454.889981340396389, 256.569999899373784 ], [ 449.989981337535312, 255.53999989830919 ], [ 451.080036201053076, 250.910544151220193 ], [ 451.174235058819193, 240.737067462954712 ], [ 451.729981341352925, 230.169999898688587 ], [ 457.249981338052692, 231.199999899753095 ] ] ] } },
{ "type": "Feature", "properties": { "feature_type": "building", "subtype": "no-damage", "uid": "b44e6af9-e2e5-4187-aad4-a13136e6f61e" }, "geometry": { "type": "Polygon", "coordinates": [ [ [ 441.760693961163611, 242.725003252120814 ], [ 441.94801435813082, 245.160168368307097 ], [ 450.609981341887021, 247.209999897465792 ], [ 450.580575599257088, 250.849974205765989 ], [ 449.499981339024714, 255.429999900626996 ], [ 421.191805363845504, 249.539563159472493 ], [ 423.996034114087024, 238.621841586459396 ], [ 441.760693961163611, 242.725003252120814 ] ] ] } },
{ "type": "Feature", "properties": { "feature_type": "building", "subtype": "no-damage", "uid": "8c995104-a02f-4f30-bb7d-89fabfb86909" }, "geometry": { "type": "Polygon", "coordinates": [ [ [ 442.175182999849994, 210.322360058439301 ], [ 441.454859270447173, 213.491784468277814 ], [ 443.327700964791802, 213.923978704283911 ], [ 442.031118251866928, 217.813726843291306 ], [ 455.549981336769292, 221.969999900882698 ], [ 451.489981340165684, 229.919999900897892 ], [ 451.238571938092321, 229.907575991956804 ], [ 450.67435573033498, 240.72171993347439 ], [ 450.619981341294022, 246.69999989733779 ], [ 442.418530326250391, 244.757673594086299 ], [ 442.229892742726122, 242.30538496154719 ], [ 424.487718548263786, 238.357894358111594 ], [ 424.907324808315593, 236.143681896883805 ], [ 407.490321171196285, 231.844240941299205 ], [ 406.609825466401674, 221.381627563904487 ], [ 417.109981345206506, 212.039999897732287 ], [ 424.02302502544228, 214.212108197446696 ], [ 425.319607739769026, 209.89016582243309 ], [ 435.116010453338504, 212.627395992527511 ], [ 436.412593169300521, 208.737647857258111 ], [ 442.175182999849994, 210.322360058439301 ] ] ] } },
{ "type": "Feature", "properties": { "feature_type": "building", "subtype": "no-damage", "uid": "888800d1-c317-461b-9765-1c66d0d3ad89" }, "geometry": { "type": "Polygon", "coordinates": [ [ [ 470.07370833793442, 205.89815642315159 ], [ 492.959981333574888, 206.713333231390891 ], [ 493.007165371046824, 209.933888869434895 ], [ 497.32102031111549, 210.161886711652102 ], [ 497.928239629456527, 235.965884819095805 ], [ 478.899981336567521, 235.559999897255409 ], [ 466.209279481458111, 233.718039029427501 ], [ 457.575814869759824, 230.778987246086302 ], [ 458.029981337355423, 222.739999899610012 ], [ 458.886693515919376, 223.000057694055187 ], [ 460.389981338516009, 203.796666565580608 ], [ 470.07370833793442, 205.89815642315159 ] ] ] } },
{ "type": "Feature", "properties": { "feature_type": "building", "subtype": "no-damage", "uid": "f405f61f-b21c-4cbf-8b54-3e7e9aa32ec5" }, "geometry": { "type": "Polygon", "coordinates": [ [ [ 472.080225673276288, 172.566338817742007 ], [ 480.629981336772914, 172.459999900190894 ], [ 479.72825298989909, 194.268142687672594 ], [ 493.269981333414592, 195.459999898777312 ], [ 492.979981332856198, 206.379999899757394 ], [ 470.036662052803024, 205.566744472583707 ], [ 455.079981337773575, 202.289999897925298 ], [ 458.027774570378028, 170.15564364106271 ], [ 472.080225673276288, 172.566338817742007 ] ] ] } },
{ "type": "Feature", "properties": { "feature_type": "building", "subtype": "no-damage", "uid": "78b14676-1a6b-476f-8505-92fd4eaf0749" }, "geometry": { "type": "Polygon", "coordinates": [ [ [ 489.284354880361491, 148.662648839336697 ], [ 488.275901662468414, 158.459051558276798 ], [ 482.945506066056225, 158.314986811695405 ], [ 482.155884731854826, 171.920900992511406 ], [ 472.119160610641416, 172.065787145076087 ], [ 455.88998133833428, 169.309999899620692 ], [ 458.310434528659187, 156.154015624188702 ], [ 465.369607075871613, 156.442145117351401 ], [ 465.801801313746921, 146.789807144992693 ], [ 489.284354880361491, 148.662648839336697 ] ] ] } },
{ "type": "Feature", "properties": { "feature_type": "building", "subtype": "no-damage", "uid": "c961049c-e1dd-47fa-964c-7c7a25c4559e" }, "geometry": { "type": "Polygon", "coordinates": [ [ [ 419.979981342757299, 198.0699999005314 ], [ 416.719981346139321, 211.729999898827288 ], [ 406.086005799291172, 221.178267568928902 ], [ 407.157845962046679, 231.21906246635811 ], [ 394.325787625068017, 228.191089942698312 ], [ 389.155441664928617, 225.262006032673014 ], [ 373.562864240123702, 222.152571901597696 ], [ 377.955501955575983, 203.861185819071295 ], [ 377.899981351178326, 203.849999900735213 ], [ 380.559981349500902, 193.679999900603008 ], [ 392.356717150633585, 196.368921920238307 ], [ 394.219981346398811, 190.779999897823302 ], [ 419.979981342757299, 198.0699999005314 ] ] ] } },
{ "type": "Feature", "properties": { "feature_type": "building", "subtype": "no-damage", "uid": "da6567bf-c7d7-4571-b717-961431e15539" }, "geometry": { "type": "Polygon", "coordinates": [ [ [ 376.409981348889403, 208.439999898148614 ], [ 372.909981354588581, 223.939999899471189 ], [ 356.633015953820177, 219.365465351958989 ], [ 357.552351847676675, 215.504254597715686 ], [ 360.126492354633626, 203.920622323772108 ], [ 376.409981348889403, 208.439999898148614 ] ] ] } },
{ "type": "Feature", "properties": { "feature_type": "building", "subtype": "no-damage", "uid": "f547df2c-2548-4ea7-9ca8-0765be365db5" }, "geometry": { "type": "Polygon", "coordinates": [ [ [ 420.09998134498619, 197.589999899091708 ], [ 394.37998134719021, 190.309999897192398 ], [ 398.629981349347588, 177.559999897732212 ], [ 399.454833106991714, 177.891553422330588 ], [ 400.389981349175684, 175.12999989932149 ], [ 413.14727501093688, 178.23209559145721 ], [ 423.456847299680987, 181.689410450212307 ], [ 420.09998134498619, 197.589999899091708 ] ] ] } },
{ "type": "Feature", "properties": { "feature_type": "building", "subtype": "no-damage", "uid": "93b848b4-9b34-4e94-8f05-d1d27ee2cbe9" }, "geometry": { "type": "Polygon", "coordinates": [ [ [ 417.756167387552978, 166.406784833778289 ], [ 424.579981345886722, 167.199999897185791 ], [ 420.401004825435791, 180.322267144489189 ], [ 413.291766315166115, 177.7526628617386 ], [ 400.549981346696427, 174.649999897881798 ], [ 404.959981346374491, 161.689999900127987 ], [ 417.756167387552978, 166.406784833778289 ] ] ] } },
{ "type": "Feature", "properties": { "feature_type": "building", "subtype": "no-damage", "uid": "8be779e6-8914-46c8-a356-f36c6615a3d9" }, "geometry": { "type": "Polygon", "coordinates": [ [ [ 398.159981348950112, 177.379999898126812 ], [ 392.025814332985988, 195.780491540711012 ], [ 380.68998134833339, 193.189999898354614 ], [ 380.719616385524489, 193.072458768838402 ], [ 343.54527943885779, 182.401780369060504 ], [ 347.302411393977479, 171.438485908187801 ], [ 360.453532510822072, 175.027885236853308 ], [ 367.879981353829521, 165.419999899011401 ], [ 398.159981348950112, 177.379999898126812 ] ] ] } },
{ "type": "Feature", "properties": { "feature_type": "building", "subtype": "no-damage", "uid": "5ee3d054-83c8-49fd-95ee-2d3879fbcd34" }, "geometry": { "type": "Polygon", "coordinates": [ [ [ 363.299981353485578, 162.009999899841802 ], [ 363.009719711737091, 163.496304868995708 ], [ 367.389981354384418, 165.229999898597299 ], [ 360.265526090958303, 174.453455970118114 ], [ 345.787896142417821, 170.285653407568702 ], [ 350.649981355567888, 157.209999900396809 ], [ 363.299981353485578, 162.009999899841802 ] ] ] } },
{ "type": "Feature", "properties": { "feature_type": "building", "subtype": "no-damage", "uid": "c3d0b716-3719-40b7-9021-86be0a8bc45d" }, "geometry": { "type": "Polygon", "coordinates": [ [ [ 385.446601120657306, 148.562535086094414 ], [ 406.659006113080181, 155.149545059688791 ], [ 399.150389123908383, 177.23371268410159 ], [ 363.579020786054116, 163.183579737276489 ], [ 363.769981355985578, 162.189999899447201 ], [ 363.843856889755614, 162.21994245739279 ], [ 363.969981354872289, 161.149999897573906 ], [ 364.104264353132805, 160.452313203606792 ], [ 364.049981351997417, 160.439999899961094 ], [ 365.440555487764925, 148.64800437303299 ], [ 368.192156717610828, 148.074754119871812 ], [ 367.851459163743527, 144.440646874883299 ], [ 370.310402309303981, 143.658255872196804 ], [ 370.359981352079274, 142.349999898501807 ], [ 385.446601120657306, 148.562535086094414 ] ] ] } },
{ "type": "Feature", "properties": { "feature_type": "building", "subtype": "no-damage", "uid": "0b9f01d8-6d57-4b8c-9a37-c68636ff1014" }, "geometry": { "type": "Polygon", "coordinates": [ [ [ 369.923386623749821, 140.59842332687461 ], [ 369.823757954532311, 143.288397423780197 ], [ 367.316047186304615, 144.086305396232092 ], [ 367.652620624185374, 147.676422025842697 ], [ 364.986053949015115, 148.231956749583304 ], [ 363.422154601185525, 161.525101201458796 ], [ 346.149981353750889, 154.969999898662309 ], [ 352.879981356027088, 134.409999899295286 ], [ 369.923386623749821, 140.59842332687461 ] ] ] } },
{ "type": "Feature", "properties": { "feature_type": "building", "subtype": "no-damage", "uid": "73c3cca1-cb2a-45d7-bd63-84d1f34b05b1" }, "geometry": { "type": "Polygon", "coordinates": [ [ [ 541.339981325127951, 145.049999900058594 ], [ 540.115198596862342, 176.748536885625498 ], [ 517.641098253514201, 174.731630444700102 ], [ 516.056386045791101, 171.9944002708678 ], [ 510.870055197361978, 171.41814128828031 ], [ 508.276889776651785, 158.740443656402391 ], [ 514.359981329626635, 144.239999898096414 ], [ 541.339981325127951, 145.049999900058594 ] ] ] } },
{ "type": "Feature", "properties": { "feature_type": "building", "subtype": "no-damage", "uid": "a5df38cd-eb9e-4d2e-b36b-ec8dd8427468" }, "geometry": { "type": "Polygon", "coordinates": [ [ [ 527.281664346177422, 132.414983218180396 ], [ 529.859981330252594, 141.819999900494395 ], [ 505.419981330611222, 141.349999899863406 ], [ 502.058424965443407, 133.226434111923993 ], [ 505.129981333790681, 122.599999897359098 ], [ 530.018894513936289, 122.186386263234098 ], [ 527.281664346177422, 132.414983218180396 ] ] ] } },
{ "type": "Feature", "properties": { "feature_type": "building", "subtype": "no-damage", "uid": "059d1a35-1123-412b-bcaf-78c116e262f3" }, "geometry": { "type": "Polygon", "coordinates": [ [ [ 504.231305016036288, 122.618580499240295 ], [ 504.60998132958332, 122.609999898167899 ], [ 501.529527457910092, 133.255533168992713 ], [ 505.069981329872917, 141.829999897565187 ], [ 476.349981338263376, 139.589999899568511 ], [ 476.113177423612115, 128.236720575668102 ], [ 477.329981333882927, 124.589999897565093 ], [ 481.036880938379284, 118.728832363970895 ], [ 504.231305016036288, 122.618580499240295 ] ] ] } },
{ "type": "Feature", "properties": { "feature_type": "building", "subtype": "no-damage", "uid": "d41adb94-e0b0-4890-bac8-70c46e73644e" }, "geometry": { "type": "Polygon", "coordinates": [ [ [ 469.655766017787585, 112.966242530619496 ], [ 468.935442289085699, 117.144120159051695 ], [ 477.147132798436417, 117.864443888220606 ], [ 476.619981334167278, 125.139999897189995 ], [ 475.611466504003715, 128.160714500621594 ], [ 475.849981334037977, 139.549999900071612 ], [ 452.656126012760524, 137.745378811787702 ], [ 455.825550420030027, 111.381530325700297 ], [ 469.655766017787585, 112.966242530619496 ] ] ] } },
{ "type": "Feature", "properties": { "feature_type": "building", "subtype": "no-damage", "uid": "1652686c-fc9f-494b-827e-0950944f1090" }, "geometry": { "type": "Polygon", "coordinates": [ [ [ 424.402152561589901, 289.102116048217113 ], [ 452.782907487442287, 295.585029610737422 ], [ 447.452511893366307, 320.364165895643623 ], [ 421.953051886059427, 315.754094031205227 ], [ 422.24118137782051, 311.432151656191593 ], [ 418.927692225371288, 311.144022163028922 ], [ 417.054850529858697, 301.203554701245423 ], [ 424.402152561589901, 289.102116048217113 ] ] ] } },
{ "type": "Feature", "properties": { "feature_type": "building", "subtype": "no-damage", "uid": "cb5e5721-5796-4e9c-bd59-76c87a346835" }, "geometry": { "type": "Polygon", "coordinates": [ [ [ 567.749981320554866, 311.423333233175583 ], [ 566.671092363907292, 334.721064714877002 ], [ 558.001566311635088, 334.070850258486189 ], [ 556.009981322407612, 331.729999899903078 ], [ 557.287610523483636, 310.751183731974322 ], [ 567.749981320554866, 311.423333233175583 ] ] ] } },
{ "type": "Feature", "properties": { "feature_type": "building", "subtype": "no-damage", "uid": "22ea8eae-fff7-4888-a907-c4eba21eb767" }, "geometry": { "type": "Polygon", "coordinates": [ [ [ 573.56998132119179, 286.46666656418239 ], [ 572.17998132021512, 303.219999900520918 ], [ 559.75862342190419, 302.348469645709372 ], [ 559.283979072121156, 310.260898510852712 ], [ 556.99715807451787, 310.053005694821479 ], [ 556.209981325032231, 323.099999897225416 ], [ 545.568075644601663, 322.174360111517387 ], [ 545.791745259627874, 319.113077949047295 ], [ 537.509981325632111, 318.169999898480683 ], [ 538.714683393163, 284.928446003708075 ], [ 573.56998132119179, 286.46666656418239 ] ] ] } },
{ "type": "Feature", "properties": { "feature_type": "building", "subtype": "no-damage", "uid": "e683f221-60f8-4fc2-93b1-016572d14d5f" }, "geometry": { "type": "Polygon", "coordinates": [ [ [ 525.75022275864967, 274.512958335518306 ], [ 525.382488400546322, 282.419247029364328 ], [ 529.427566336412156, 282.419247029364328 ], [ 530.003825319934322, 278.529676169077504 ], [ 538.412249389154795, 278.63834266461339 ], [ 537.009981325845501, 318.109999897366322 ], [ 502.747703427757415, 314.249999899183081 ], [ 503.199217418985484, 309.889999897943028 ], [ 504.098190667242989, 299.70576723531849 ], [ 505.22728415007731, 296.770124180837911 ], [ 507.149981331283811, 273.189999897825828 ], [ 525.75022275864967, 274.512958335518306 ] ] ] } },
{ "type": "Feature", "properties": { "feature_type": "building", "subtype": "no-damage", "uid": "b250bdea-7d5a-46ed-a4c6-a18f29bc6177" }, "geometry": { "type": "Polygon", "coordinates": [ [ [ 500.32160465454308, 265.975463241679677 ], [ 499.824950535727794, 272.674286545469499 ], [ 506.649981331030006, 273.159999899137517 ], [ 504.734776621074616, 296.657804922061075 ], [ 503.606300145198588, 299.591843762421604 ], [ 502.608391093832097, 310.901479675880523 ], [ 474.909981335812972, 309.609999897726084 ], [ 477.417812156014975, 278.125842035376877 ], [ 484.012373150835117, 279.109637808771481 ], [ 485.060628805170097, 264.40026349585662 ], [ 500.32160465454308, 265.975463241679677 ] ] ] } },
{ "type": "Feature", "properties": { "feature_type": "building", "subtype": "no-damage", "uid": "6900d2a3-a915-45bc-9403-9394dc62c330" }, "geometry": { "type": "Polygon", "coordinates": [ [ [ 542.864947358320592, 268.539532295694301 ], [ 574.9799813214496, 270.779999897294488 ], [ 573.699981320024222, 285.609999900501407 ], [ 540.54581643757831, 284.065665124902921 ], [ 542.029981325795916, 267.769999900570724 ], [ 542.864947358320592, 268.539532295694301 ] ] ] } },
{ "type": "Feature", "properties": { "feature_type": "building", "subtype": "no-damage", "uid": "24311685-8836-40ca-a1a8-f17fc42865c8" }, "geometry": { "type": "Polygon", "coordinates": [ [ [ 576.313696954869556, 255.390771727233698 ], [ 575.029981318251089, 270.279999897975415 ], [ 543.074998563193617, 268.052971635938377 ], [ 542.169981324502714, 267.219999897207799 ], [ 543.459981324166961, 253.469999899109297 ], [ 576.313696954869556, 255.390771727233698 ] ] ] } },
{ "type": "Feature", "properties": { "feature_type": "building", "subtype": "no-damage", "uid": "7704283c-910c-4d93-a480-3036bd0899d2" }, "geometry": { "type": "Polygon", "coordinates": [ [ [ 518.782560853803602, 216.37136440480711 ], [ 518.257075197702648, 232.984557807957202 ], [ 538.099981323819634, 233.709999900895809 ], [ 536.754201392578693, 254.706428502447608 ], [ 504.745738327964375, 252.830149386906101 ], [ 506.07128901839468, 215.839165084607089 ], [ 518.782560853803602, 216.37136440480711 ] ] ] } },
{ "type": "Feature", "properties": { "feature_type": "building", "subtype": "no-damage", "uid": "61ec858f-d562-4f97-b8a9-50a2a9784cd7" }, "geometry": { "type": "Polygon", "coordinates": [ [ [ 522.808347896626515, 183.866439130591402 ], [ 523.911550970002054, 187.176048351184193 ], [ 530.53076941048846, 187.543782706951191 ], [ 530.530769408385822, 189.01472013749509 ], [ 535.495183241612494, 189.198587319116513 ], [ 534.208112985447428, 206.665969315235799 ], [ 527.221160190128444, 206.482102137352314 ], [ 526.969981330617088, 208.95999989908529 ], [ 506.834248862049321, 207.6056920332461 ], [ 506.392326451344275, 213.527452362249591 ], [ 499.719981334539511, 212.969999898185506 ], [ 498.556347297954289, 206.969964687595706 ], [ 496.331474133979896, 205.930500599963807 ], [ 497.802411565925922, 190.11792321227199 ], [ 503.870028471360001, 183.314837593203009 ], [ 522.808347896626515, 183.866439130591402 ] ] ] } },
{ "type": "Feature", "properties": { "feature_type": "building", "subtype": "no-damage", "uid": "673677eb-76c3-4fec-b98b-4dd8458e6d83" }, "geometry": { "type": "Polygon", "coordinates": [ [ [ 576.643676299367371, 81.570014046486136 ], [ 577.219935285693055, 130.263898140548207 ], [ 561.660942738303333, 129.255444921954393 ], [ 561.949072225158375, 81.425949303642696 ], [ 576.643676299367371, 81.570014046486136 ] ] ] } },
{ "type": "Feature", "properties": { "feature_type": "building", "subtype": "no-damage", "uid": "8db04146-c26f-49b7-81e3-2a9e35ec32d9" }, "geometry": { "type": "Polygon", "coordinates": [ [ [ 572.79111915354008, 166.884705137941495 ], [ 587.499056841882293, 167.174470150372997 ], [ 588.686010015011902, 168.641890624083288 ], [ 597.496372682538436, 168.818777138824686 ], [ 597.530493505500203, 179.178000091381591 ], [ 603.004247532618706, 179.375964024425997 ], [ 602.594500509541149, 191.589958674175392 ], [ 579.082039974729696, 191.471240351456402 ], [ 578.929588699840565, 189.439427385557309 ], [ 572.574659863001557, 189.35098412818661 ], [ 572.79111915354008, 166.884705137941495 ] ] ] } },
{ "type": "Feature", "properties": { "feature_type": "building", "subtype": "no-damage", "uid": "fdf9f486-5c47-4d56-9a79-1ea623903a55" }, "geometry": { "type": "Polygon", "coordinates": [ [ [ 602.631037728801289, 152.931719046086897 ], [ 613.779463914276334, 153.29945340559189 ], [ 613.128027287126997, 178.754753461190006 ], [ 602.05449985939083, 178.448380344110888 ], [ 602.631037728801289, 152.931719046086897 ] ] ] } },
{ "type": "Feature", "properties": { "feature_type": "building", "subtype": "no-damage", "uid": "cefb795e-fd60-4e98-8758-ba6f800550ea" }, "geometry": { "type": "Polygon", "coordinates": [ [ [ 652.28948559802518, 27.628488702533708 ], [ 652.433550347643632, 30.36571887636596 ], [ 666.69596018444463, 31.086042605534889 ], [ 666.263765947270258, 28.060682942277818 ], [ 674.763585948615628, 28.492877178284012 ], [ 674.619521202968713, 30.2216541297846 ], [ 677.06862187803199, 30.077589383203229 ], [ 673.467003235457128, 95.915178230738036 ], [ 666.263765942597843, 101.965897557252205 ], [ 659.924917128759716, 97.355825689075886 ], [ 660.789305603108573, 72.432624661326287 ], [ 631.15998131186916, 70.769999899676748 ], [ 632.120421188765704, 29.789459890040479 ], [ 636.874557799085892, 29.933524636621851 ], [ 637.018622543331048, 27.196294466527529 ], [ 652.28948559802518, 27.628488702533708 ] ] ] } },
{ "type": "Feature", "properties": { "feature_type": "building", "subtype": "no-damage", "uid": "6bda76e9-5f65-4768-9e9e-898ba3aca717" }, "geometry": { "type": "Polygon", "coordinates": [ [ [ 627.366284573305961, 70.559782963244331 ], [ 627.366284571670576, 82.51715686969122 ], [ 613.392004230602311, 81.652768393940931 ], [ 613.536068976249226, 69.263200251487859 ], [ 627.366284573305961, 70.559782963244331 ] ] ] } },
{ "type": "Feature", "properties": { "feature_type": "building", "subtype": "no-damage", "uid": "df290757-4c1d-4a37-af0d-24096a3a32b0" }, "geometry": { "type": "Polygon", "coordinates": [ [ [ 631.289981310935332, 46.62999989860559 ], [ 630.628755158004424, 70.454916658575328 ], [ 612.109981315234904, 68.39999989864252 ], [ 612.919981316963799, 45.709999898961172 ], [ 631.289981310935332, 46.62999989860559 ] ] ] } },
{ "type": "Feature", "properties": { "feature_type": "building", "subtype": "no-damage", "uid": "3ddf1e5c-eff6-452a-a5b1-eac57b89a1e6" }, "geometry": { "type": "Polygon", "coordinates": [ [ [ 717.093754513173735, 82.647434914779836 ], [ 716.661560276933756, 103.969017300422706 ], [ 704.704186373520656, 103.392758314097307 ], [ 701.822891455208946, 103.392758314097307 ], [ 701.246632469116889, 110.019736623198895 ], [ 703.98386264271619, 109.875671876617602 ], [ 702.831344676606363, 126.587182394084195 ], [ 690.585841283768445, 126.010923411496606 ], [ 690.00958229557375, 131.053189515679094 ], [ 679.780985345764407, 130.765060026254304 ], [ 679.204726363176633, 150.501930203240107 ], [ 712.771812136290009, 151.510383425571689 ], [ 713.492135867328102, 160.298332922180208 ], [ 718.822531461871336, 160.442397668761487 ], [ 717.38188400353306, 174.416678012395892 ], [ 678.484402634942057, 169.086282418788613 ], [ 660.18817991605556, 165.340599026362611 ], [ 660.908503643355743, 162.171174616524212 ], [ 659.755985677012177, 155.976390547166602 ], [ 659.611920932299768, 151.222253932408989 ], [ 657.883143981265903, 149.3494122380649 ], [ 660.7644388993441, 123.273693241402299 ], [ 667.823611444220319, 123.129628494820906 ], [ 669.552388393385172, 99.935204414834004 ], [ 678.628467380822599, 99.935204414834004 ], [ 680.069114836590984, 79.333945762097954 ], [ 705.712639593282802, 82.215240678773654 ], [ 717.093754513173735, 82.647434914779836 ] ] ] } },
{ "type": "Feature", "properties": { "feature_type": "building", "subtype": "no-damage", "uid": "4365b48a-28f9-4f35-b948-a94c3363e005" }, "geometry": { "type": "Polygon", "coordinates": [ [ [ 764.399981288056779, 51.059999898031037 ], [ 763.925709981638875, 57.59911407071553 ], [ 769.938676070765837, 57.837168311602099 ], [ 768.391717103468636, 88.140840188973073 ], [ 761.620674048951855, 87.420516459804148 ], [ 761.332544561395935, 89.437422900729558 ], [ 750.383623877044101, 88.428969682135815 ], [ 749.951429640336983, 93.903430022324471 ], [ 741.163480146763163, 92.606847310567986 ], [ 741.16348014699679, 96.20846595641261 ], [ 732.087401160026616, 95.200012734080943 ], [ 733.750668725245532, 73.426895709361958 ], [ 744.91297488263308, 74.296927140938877 ], [ 745.962390635690781, 72.722803514740207 ], [ 746.192669764455559, 70.99571004012715 ], [ 742.138868575795527, 70.71288670050879 ], [ 742.501734413483405, 61.187658471657578 ], [ 744.843323600208123, 57.815770040756448 ], [ 745.301648590017521, 49.565920142889581 ], [ 764.399981288056779, 51.059999898031037 ] ] ] } },
{ "type": "Feature", "properties": { "feature_type": "building", "subtype": "no-damage", "uid": "0d04b208-c4a6-4566-8968-30bb932c3fd8" }, "geometry": { "type": "Polygon", "coordinates": [ [ [ 749.807364896091713, 34.260625247885159 ], [ 748.849981295769112, 47.519999899561761 ], [ 747.109981291016993, 49.209999897933457 ], [ 744.830789778189228, 49.027500603659838 ], [ 744.351941113768589, 57.646776535195727 ], [ 742.007662016026302, 61.022538439046052 ], [ 741.620788928227626, 71.177957005557857 ], [ 745.626681189074816, 71.457437863617045 ], [ 745.482090853811314, 72.541865362440092 ], [ 744.657159294904545, 73.779262705939573 ], [ 730.57998129540033, 72.869999897564952 ], [ 733.095854379087882, 36.99785541797948 ], [ 737.417796754569736, 33.252172025553492 ], [ 749.807364896091713, 34.260625247885159 ] ] ] } },
{ "type": "Feature", "properties": { "feature_type": "building", "subtype": "no-damage", "uid": "4786d7f5-cb7f-4174-80f1-41bc6ce25fd0" }, "geometry": { "type": "Polygon", "coordinates": [ [ [ 852.248527119347273, 51.769366645752193 ], [ 845.912537275076033, 80.398654074897266 ], [ 840.045880016179467, 79.929321492559666 ], [ 838.403215984071608, 94.478631500169968 ], [ 842.861875502496332, 95.41729666110723 ], [ 838.872548564306726, 123.811917799083503 ], [ 810.243261143097016, 120.526589733934102 ], [ 814.701920655213939, 96.355961822044492 ], [ 809.773928560525633, 94.947964078769644 ], [ 813.059256624507839, 72.654666492492453 ], [ 817.987248723167681, 73.123999071092115 ], [ 821.741909371823795, 48.014705998265207 ], [ 852.248527119347273, 51.769366645752193 ] ] ] } },
{ "type": "Feature", "properties": { "feature_type": "building", "subtype": "no-damage", "uid": "6a967add-2732-4024-996f-a831e3bf3af0" }, "geometry": { "type": "Polygon", "coordinates": [ [ [ 915.685561176865235, 7.569250436183559 ], [ 952.422071364490193, 12.035257554040539 ], [ 950.981423904049393, 16.7893941687982 ], [ 951.413618143092776, 34.653422651439932 ], [ 913.812719480418082, 29.467091800676091 ], [ 914.388978464641127, 19.094430102886339 ], [ 906.897611686328446, 17.653782644548489 ], [ 908.482323890080011, 6.560797213851894 ], [ 915.685561176865235, 7.569250436183559 ] ] ] } },
{ "type": "Feature", "properties": { "feature_type": "building", "subtype": "no-damage", "uid": "d7fe5a62-72fc-4375-bbdf-11dbc9143e5c" }, "geometry": { "type": "Polygon", "coordinates": [ [ [ 897.039981270621297, 183.679999899267301 ], [ 895.416753875245604, 199.700440401412891 ], [ 888.63819403028333, 200.731069492055099 ], [ 887.197546574514945, 204.188623395056311 ], [ 858.38459741148813, 203.180170172724587 ], [ 857.952403170342222, 196.120997627616703 ], [ 855.071108257870833, 195.54473864129119 ], [ 855.647367239524101, 189.205889825352301 ], [ 858.528662158536804, 189.205889825352301 ], [ 860.659981272777941, 183.189999900756789 ], [ 875.210425851401624, 184.255163631513909 ], [ 876.534817554675442, 181.606380221228989 ], [ 897.039981270621297, 183.679999899267301 ] ] ] } },
{ "type": "Feature", "properties": { "feature_type": "building", "subtype": "no-damage", "uid": "88e1ab78-f5dd-496f-ba5e-7a3fdff80a4d" }, "geometry": { "type": "Polygon", "coordinates": [ [ [ 808.422169252210892, 150.764265521073497 ], [ 807.973559553629798, 154.016685838238487 ], [ 809.44098093238631, 164.41092057370679 ], [ 839.883547012501367, 167.757676382762611 ], [ 834.299981279525696, 202.289999897925298 ], [ 805.080641460682841, 198.85822779771101 ], [ 806.377224167767281, 186.036465419251812 ], [ 801.046828575560312, 185.028012196920088 ], [ 801.334958065218757, 181.282328804494114 ], [ 801.199981284122941, 181.249999900856608 ], [ 801.302944918860476, 174.483665049820104 ], [ 797.803273028682952, 174.121630025312811 ], [ 796.042974116081723, 160.508651732107694 ], [ 798.292974112084266, 154.999367316547989 ], [ 798.339835029726373, 154.999367316547989 ], [ 800.489981286042621, 149.769999900509589 ], [ 808.422169252210892, 150.764265521073497 ] ] ] } },
{ "type": "Feature", "properties": { "feature_type": "building", "subtype": "no-damage", "uid": "00bce18d-3bad-4f88-962a-ae4108a78e42" }, "geometry": { "type": "Polygon", "coordinates": [ [ [ 875.374153612057171, 128.596508301674504 ], [ 874.889981275590685, 145.369999899772409 ], [ 863.906705092500943, 144.531962558128612 ], [ 863.809981273816334, 147.87999990091501 ], [ 857.76368550591144, 147.467897197174011 ], [ 853.207115502988131, 158.979231932938603 ], [ 855.909981275506425, 168.88999989929539 ], [ 809.881616752411105, 163.955304345053293 ], [ 808.478404226550765, 154.015882265910591 ], [ 808.986672492437378, 150.330937317266091 ], [ 807.757105292707251, 150.224811812987411 ], [ 809.139662663733816, 144.75460162424821 ], [ 813.488660754331249, 144.567709232675014 ], [ 813.479981282955464, 144.489999899624905 ], [ 824.816217991887811, 146.152127606534606 ], [ 833.569569994186736, 146.89393710023441 ], [ 835.769981278795399, 124.3499999005832 ], [ 875.374153612057171, 128.596508301674504 ] ] ] } },
{ "type": "Feature", "properties": { "feature_type": "building", "subtype": "no-damage", "uid": "83c8cc32-efc5-4d90-b99b-b63c6d110153" }, "geometry": { "type": "Polygon", "coordinates": [ [ [ 770.987430821917656, 151.155878360230986 ], [ 774.721581811791452, 152.32280054385069 ], [ 777.737363524881403, 155.338582255771797 ], [ 789.735828690463904, 155.828315526939889 ], [ 790.330521077656613, 154.282115319585188 ], [ 797.77998128367642, 154.949999900782814 ], [ 795.530162516683731, 160.441768934287097 ], [ 797.35815597521696, 174.578251700582314 ], [ 800.795849350617232, 174.933875154039612 ], [ 800.739981285702356, 178.709999897287787 ], [ 768.949981292048506, 174.689999897378812 ], [ 769.056129024384518, 163.5176906252577 ], [ 760.153631782320417, 163.5176906252577 ], [ 760.269981293735214, 152.689999897430795 ], [ 762.966214874738057, 152.788825003665096 ], [ 763.229981292023126, 151.03999989855609 ], [ 770.987430821917656, 151.155878360230986 ] ] ] } },
{ "type": "Feature", "properties": { "feature_type": "building", "subtype": "no-damage", "uid": "1f36135a-2080-402f-bb5b-b88a1dc5a97d" }, "geometry": { "type": "Polygon", "coordinates": [ [ [ 801.149981287555079, 137.969999899382088 ], [ 800.669584903126633, 147.992462561569113 ], [ 800.687691434321096, 147.992462561569113 ], [ 798.017691437993221, 154.468517739792389 ], [ 789.999299431788018, 153.75045278456389 ], [ 789.397894359366205, 155.314105969262698 ], [ 777.952849326454611, 154.846961274795291 ], [ 774.988143740303485, 151.882255690280289 ], [ 771.067270993176066, 150.656982956073193 ], [ 763.309981288447261, 150.53999989923679 ], [ 763.329652708888375, 150.42647907596529 ], [ 761.127935025617035, 150.279697894728798 ], [ 761.009981290970927, 137.609999900171289 ], [ 764.318377562275032, 134.296390849704608 ], [ 801.149981287555079, 137.969999899382088 ] ] ] } },
{ "type": "Feature", "properties": { "feature_type": "building", "subtype": "no-damage", "uid": "bc91b42e-b1ba-43d4-8735-a0ccffc27c66" }, "geometry": { "type": "Polygon", "coordinates": [ [ [ 761.79036493183321, 175.144623601434006 ], [ 760.982546556711213, 200.600260975148501 ], [ 737.942356276349642, 199.093517433261809 ], [ 734.528327030277524, 190.18487813715501 ], [ 735.357513115177767, 185.299911460072707 ], [ 733.816263929453044, 185.14654360827771 ], [ 733.893411305882296, 173.704009956394714 ], [ 761.79036493183321, 175.144623601434006 ] ] ] } },
{ "type": "Feature", "properties": { "feature_type": "building", "subtype": "no-damage", "uid": "00152dc7-e1b2-45db-9995-fb24841b39c8" }, "geometry": { "type": "Polygon", "coordinates": [ [ [ 768.439981290051492, 175.319999899735592 ], [ 761.117359922594915, 174.911598223364393 ], [ 760.973062548855637, 172.314245550257709 ], [ 757.100387142473892, 172.170813130299791 ], [ 757.240387141180577, 164.017690624576886 ], [ 768.551298218709917, 164.017690624576886 ], [ 768.439981290051492, 175.319999899735592 ] ] ] } },
{ "type": "Feature", "properties": { "feature_type": "building", "subtype": "no-damage", "uid": "442440cc-c96a-4e07-9f52-de9af4650462" }, "geometry": { "type": "Polygon", "coordinates": [ [ [ 760.632370176691211, 150.747770118699094 ], [ 762.752594866799313, 150.889118430625302 ], [ 762.539773716726472, 152.272455895351499 ], [ 734.969981297899835, 151.239999899778894 ], [ 734.689981297682948, 138.229999897981486 ], [ 759.537830914407778, 139.076937500841211 ], [ 760.509981289315419, 138.099999898681801 ], [ 760.632370176691211, 150.747770118699094 ] ] ] } },
{ "type": "Feature", "properties": { "feature_type": "building", "subtype": "no-damage", "uid": "cf463f10-a132-4120-8f63-ffe315882b2d" }, "geometry": { "type": "Polygon", "coordinates": [ [ [ 835.269981276906265, 124.299999900277498 ], [ 833.119869499706965, 146.354034638916602 ], [ 824.873581491138225, 145.655196674278699 ], [ 813.300600087550947, 143.961589638741714 ], [ 817.088257907582147, 122.345024219993903 ], [ 835.269981276906265, 124.299999900277498 ] ] ] } },
{ "type": "Feature", "properties": { "feature_type": "building", "subtype": "no-damage", "uid": "44dadd3d-c50e-4ac9-916b-0eb9833a2560" }, "geometry": { "type": "Polygon", "coordinates": [ [ [ 958.509662756443845, 107.216291791259593 ], [ 955.661777390828547, 132.696287411448594 ], [ 959.89072250457798, 133.247888948836987 ], [ 956.581113287254993, 158.069958105151699 ], [ 932.145631880712699, 154.835473582302086 ], [ 932.109981265313991, 155.589999900210387 ], [ 907.068767035043834, 155.728561597879605 ], [ 907.216810496643689, 172.753559425576412 ], [ 908.089981266698942, 172.909999899204394 ], [ 907.849981270417743, 182.719999900125913 ], [ 881.942584022916208, 180.099608614977399 ], [ 882.805169227955503, 166.873302064666888 ], [ 878.337644340706333, 165.864506122912587 ], [ 878.886382056931097, 156.398780608684405 ], [ 882.838948726209082, 156.837954681750603 ], [ 881.659981271523407, 149.239999898764211 ], [ 886.566903641966746, 151.011790599225691 ], [ 892.652244360537566, 151.171931147051708 ], [ 895.451454403445837, 128.311715769150993 ], [ 894.149981272154037, 127.139999898204707 ], [ 911.66668781981889, 133.028245125698703 ], [ 937.212807459904411, 134.514609053194107 ], [ 938.984025515607073, 122.116082655569002 ], [ 941.731111598957341, 120.938760049320294 ], [ 942.70998126284519, 106.379999897614894 ], [ 951.142045459923338, 106.0806928142202 ], [ 958.509662756443845, 107.216291791259593 ] ] ] } },
{ "type": "Feature", "properties": { "feature_type": "building", "subtype": "no-damage", "uid": "7e5607d8-1485-4967-aa04-1d9e0c41a10d" }, "geometry": { "type": "Polygon", "coordinates": [ [ [ 931.468360894104194, 167.703622360099899 ], [ 925.711557496017235, 168.155136350860687 ], [ 925.260043502686585, 173.121790264180305 ], [ 912.599981267689373, 173.219999898109506 ], [ 907.713195089109263, 172.33561390272601 ], [ 907.57310905684551, 156.225720188652389 ], [ 932.079981264289586, 156.089999899529602 ], [ 931.468360894104194, 167.703622360099899 ] ] ] } },
{ "type": "Feature", "properties": { "feature_type": "building", "subtype": "no-damage", "uid": "3c6c3b52-a3f7-482b-9e76-9acd0763e74d" }, "geometry": { "type": "Polygon", "coordinates": [ [ [ 920.671053959076517, 79.134544483524039 ], [ 935.844481766893182, 79.134544483524039 ], [ 945.214481765407299, 83.170327320817336 ], [ 945.040886544802788, 84.21189864304263 ], [ 945.08998126001643, 84.209999898870223 ], [ 942.181482608136662, 106.107655353765907 ], [ 941.252831031872574, 120.599753641634805 ], [ 938.528789630725896, 121.767199957546396 ], [ 936.782854306224408, 133.988747236996886 ], [ 911.762535172837829, 132.532976252001788 ], [ 893.979981271488327, 126.559999899891594 ], [ 898.529981271975771, 94.089999897976966 ], [ 899.17085942451024, 94.164022475067185 ], [ 901.178138353143822, 76.87054248603765 ], [ 902.099981270302351, 76.119999898746613 ], [ 920.671053959076517, 79.134544483524039 ] ] ] } },
{ "type": "Feature", "properties": { "feature_type": "building", "subtype": "no-damage", "uid": "04824167-608e-4020-9cfc-168e33a4df3a" }, "geometry": { "type": "Polygon", "coordinates": [ [ [ 898.029981268217625, 94.039999897671265 ], [ 893.390462029272044, 127.129503836945005 ], [ 894.923530190739143, 128.509265177172097 ], [ 892.211176822421521, 150.660151003475193 ], [ 886.6609947836223, 150.51409358232371 ], [ 879.129981270398048, 147.7899998973744 ], [ 885.259981273210769, 92.629999899516363 ], [ 898.029981268217625, 94.039999897671265 ] ] ] } },
{ "type": "Feature", "properties": { "feature_type": "building", "subtype": "no-damage", "uid": "d09bbacc-6563-48e8-a284-83f0677947dd" }, "geometry": { "type": "Polygon", "coordinates": [ [ [ 971.059981257705658, 86.119999900082234 ], [ 968.909981258109497, 108.479999899241093 ], [ 951.173843166117535, 105.5792384057292 ], [ 942.869116869610025, 105.875835775263695 ], [ 945.599981263415089, 84.169999899373238 ], [ 951.000079837098383, 83.728720808304999 ], [ 971.059981257705658, 86.119999900082234 ] ] ] } },
{ "type": "Feature", "properties": { "feature_type": "building", "subtype": "no-damage", "uid": "3b9ddad0-e585-40fa-82e9-ebd4c1f28073" }, "geometry": { "type": "Polygon", "coordinates": [ [ [ 972.709981257515324, 68.909999898770437 ], [ 971.349981256395154, 83.099999898811689 ], [ 951.541845937836115, 79.973260128308112 ], [ 951.386207814700697, 81.996555746355725 ], [ 945.862479538564571, 81.85119447695169 ], [ 938.789981263546565, 78.25999989986974 ], [ 940.559981262314523, 65.699999900823684 ], [ 972.709981257515324, 68.909999898770437 ] ] ] } },
{ "type": "Feature", "properties": { "feature_type": "building", "subtype": "no-damage", "uid": "fc17c092-237a-469a-9f3e-316bbecfcf25" }, "geometry": { "type": "Polygon", "coordinates": [ [ [ 905.500725478487198, 66.790485071130959 ], [ 905.989981266707559, 72.289999899251782 ], [ 900.704816995153919, 76.61177493843374 ], [ 898.731522347637451, 93.612467295464228 ], [ 871.004780793942132, 90.185582431705498 ], [ 874.290108856756206, 63.03582442364398 ], [ 905.500725478487198, 66.790485071130959 ] ] ] } },
{ "type": "Feature", "properties": { "feature_type": "building", "subtype": "no-damage", "uid": "c5192970-4f5a-4f22-b879-f2c2cfe25d9d" }, "geometry": { "type": "Polygon", "coordinates": [ [ [ 1023.999981252656994, 148.529999897413404 ], [ 1023.999981249854045, 162.109028883893814 ], [ 999.313505511765584, 160.764725123108491 ], [ 999.779869653001583, 143.208225797812986 ], [ 1013.229685050516991, 143.201100723552912 ], [ 1023.999981252656994, 148.529999897413404 ] ] ] } },
{ "type": "Feature", "properties": { "feature_type": "building", "subtype": "no-damage", "uid": "aac5f3cc-0099-4637-a20f-c87f7577505d" }, "geometry": { "type": "Polygon", "coordinates": [ [ [ 1007.33998125143296, 127.029999900522498 ], [ 1007.107350146058025, 127.999957721690905 ], [ 1017.96271368894304, 130.826875311080414 ], [ 1016.809981251960949, 138.559999898504003 ], [ 1016.348011384069991, 139.061176223826692 ], [ 1003.517895641133009, 136.563277582063193 ], [ 1002.846939288713997, 138.464320576571197 ], [ 998.165982381644994, 136.870667318425603 ], [ 1000.469981254889035, 126.549999899082806 ], [ 1007.33998125143296, 127.029999900522498 ] ] ] } },
{ "type": "Feature", "properties": { "feature_type": "building", "subtype": "no-damage", "uid": "66455772-d05f-4c31-9ebd-233fc7120438" }, "geometry": { "type": "Polygon", "coordinates": [ [ [ 1011.469981252996945, 109.499999899496899 ], [ 1007.449981250049973, 126.529999897465402 ], [ 1000.579981251402955, 126.049999899763606 ], [ 1004.609981255626053, 108.049999898107103 ], [ 1011.469981252996945, 109.499999899496899 ] ] ] } },
{ "type": "Feature", "properties": { "feature_type": "building", "subtype": "no-damage", "uid": "bb816a00-bbce-475d-a2aa-004fda1190a3" }, "geometry": { "type": "Polygon", "coordinates": [ [ [ 1023.999981251256031, 110.904730674838007 ], [ 1023.999981252189968, 137.301677509606492 ], [ 1017.688047966442014, 137.609469929235701 ], [ 1017.409981253759952, 137.909999898267614 ], [ 1018.523642017862016, 130.456274278372291 ], [ 1007.706333936710053, 127.639266964563106 ], [ 1011.889981250518986, 109.9099998990134 ], [ 1023.999981251256031, 110.904730674838007 ] ] ] } },
{ "type": "Feature", "properties": { "feature_type": "building", "subtype": "no-damage", "uid": "470b9ec6-cf19-4a41-a303-daed12e381e0" }, "geometry": { "type": "Polygon", "coordinates": [ [ [ 1023.999981249387019, 74.160974591909664 ], [ 1023.999981249854045, 109.4313122916395 ], [ 1007.98550805197101, 106.728151483047796 ], [ 1008.118352582155012, 105.0776273556192 ], [ 1002.418470039497038, 104.158291462463694 ], [ 1004.99261054435101, 89.448917145810853 ], [ 1011.979563341772973, 90.368253042704239 ], [ 1012.163430520590964, 87.610245359499928 ], [ 1006.463547973493974, 86.874776640490055 ], [ 1008.486086942127031, 71.429933612303159 ], [ 1023.999981249387019, 74.160974591909664 ] ] ] } },
{ "type": "Feature", "properties": { "feature_type": "building", "subtype": "no-damage", "uid": "a41b929e-059a-4f83-856a-c4df2b4febc9" }, "geometry": { "type": "Polygon", "coordinates": [ [ [ 1023.999981251723057, 52.751346357946133 ], [ 1023.999981249854045, 73.879006105256138 ], [ 1009.622896306808002, 71.197796182814642 ], [ 1009.528693905251998, 70.349974563674195 ], [ 1001.019981251009995, 68.679999898859336 ], [ 999.292727997721158, 62.236574665796837 ], [ 1004.624876187648965, 55.433489046727821 ], [ 1010.140891550321953, 55.985090584116271 ], [ 1011.427961803683047, 54.146418794067422 ], [ 1017.495578709117012, 54.881887509339371 ], [ 1017.863313067221043, 52.307747004018573 ], [ 1023.999981251723057, 52.751346357946133 ] ] ] } },
{ "type": "Feature", "properties": { "feature_type": "building", "subtype": "no-damage", "uid": "8b60129b-470f-4e30-8d04-1a59c237b4e7" }, "geometry": { "type": "Polygon", "coordinates": [ [ [ 1001.789981254176041, 193.779999897476387 ], [ 1001.782095459431048, 193.848292253068308 ], [ 1004.649981254189015, 194.219999899419093 ], [ 1001.263582958843017, 200.620645744142792 ], [ 1001.679981255792995, 202.7499998977475 ], [ 991.529981257275494, 201.68999989799471 ], [ 989.420327247753221, 197.261737653912093 ], [ 991.409981254112154, 192.429999900436002 ], [ 1001.789981254176041, 193.779999897476387 ] ] ] } },
{ "type": "Feature", "properties": { "feature_type": "building", "subtype": "no-damage", "uid": "03e89ec3-f183-4074-86f6-bbc35b137e8b" }, "geometry": { "type": "Polygon", "coordinates": [ [ [ 1023.99998125242405, 209.539549865795209 ], [ 1023.999981252189968, 227.671829064731611 ], [ 997.965195904676875, 226.014579365332708 ], [ 997.83204700527881, 224.017345887211007 ], [ 995.556374956733634, 219.608231288717093 ], [ 997.231421305837671, 215.560202609906099 ], [ 1002.80397074625705, 207.195957878920893 ], [ 1023.99998125242405, 209.539549865795209 ] ] ] } },
{ "type": "Feature", "properties": { "feature_type": "building", "subtype": "no-damage", "uid": "cec11984-785c-4828-87cc-62115eb43b39" }, "geometry": { "type": "Polygon", "coordinates": [ [ [ 1016.302982156372991, 195.717317276020111 ], [ 1023.999981247050982, 198.462118283263692 ], [ 1023.999981248919994, 208.840350125776695 ], [ 1002.889316170169991, 206.34170364419461 ], [ 1001.788178845057018, 200.698374847095209 ], [ 1005.179981250561013, 194.289999897604389 ], [ 1016.302982156372991, 195.717317276020111 ] ] ] } },
{ "type": "Feature", "properties": { "feature_type": "building", "subtype": "no-damage", "uid": "6420eba1-71fd-413d-b3c7-ccdfd2113b3f" }, "geometry": { "type": "Polygon", "coordinates": [ [ [ 1016.919981252913999, 182.789999898311208 ], [ 1020.461212951056041, 184.192992608061303 ], [ 1023.999981248686026, 184.704937325140492 ], [ 1023.999981250555038, 197.813526020427702 ], [ 1016.426117287005013, 195.229041613690214 ], [ 1004.759981254440959, 193.729999900908609 ], [ 1002.51561099741798, 187.417011967365596 ], [ 1004.979981252609036, 181.989999900895612 ], [ 1016.919981252913999, 182.789999898311208 ] ] ] } },
{ "type": "Feature", "properties": { "feature_type": "building", "subtype": "no-damage", "uid": "293d0676-3e7e-4d46-8158-0a7d5949db01" }, "geometry": { "type": "Polygon", "coordinates": [ [ [ 1001.179981251568051, 179.149999899230409 ], [ 1003.034535308124987, 180.774095453894091 ], [ 1003.350679217890956, 181.880599141696393 ], [ 1004.449981252265047, 181.949999897660689 ], [ 1001.976798266455944, 187.394095387465711 ], [ 1004.179068797483978, 193.587981262580911 ], [ 991.549981257958507, 191.94999989899631 ], [ 990.774869223540122, 185.973887851252698 ], [ 992.5809251928913, 178.862542474343712 ], [ 1001.179981251568051, 179.149999899230409 ] ] ] } },
{ "type": "Feature", "properties": { "feature_type": "building", "subtype": "no-damage", "uid": "bf21b95a-706d-4c2c-9ae3-9f026f0776f4" }, "geometry": { "type": "Polygon", "coordinates": [ [ [ 1023.999981249854045, 166.8550973750107 ], [ 1023.999981249854045, 181.858797776411905 ], [ 1019.579541582103957, 181.365890196812103 ], [ 1018.41193346670002, 182.393206103776407 ], [ 1003.734895467860952, 181.405328546432003 ], [ 1003.474780395040057, 180.494925793308994 ], [ 1001.969981251211948, 179.179999897918691 ], [ 1002.627111514887019, 179.20117796741431 ], [ 1004.997559975259037, 170.509533619104786 ], [ 1007.255129933736043, 170.509533619104786 ], [ 1008.722550408847951, 164.865608719644086 ], [ 1023.999981249854045, 166.8550973750107 ] ] ] } },
{ "type": "Feature", "properties": { "feature_type": "building", "subtype": "no-damage", "uid": "d1bf9fcd-651f-446f-bb06-378fa4e35158" }, "geometry": { "type": "Polygon", "coordinates": [ [ [ 956.791843595885666, 179.150739216572589 ], [ 955.783390376590773, 196.150379227201995 ], [ 935.902455455588097, 194.555644975173493 ], [ 932.44490155725839, 185.921782272255712 ], [ 936.766843929703327, 177.277897522228614 ], [ 956.791843595885666, 179.150739216572589 ] ] ] } },
{ "type": "Feature", "properties": { "feature_type": "building", "subtype": "no-damage", "uid": "1e753fbc-5ff1-4046-8de8-52a7997a2bc6" }, "geometry": { "type": "Polygon", "coordinates": [ [ [ 806.518255426988503, 330.323168790184013 ], [ 811.999981282176122, 330.629999900653218 ], [ 810.559343740094164, 345.750476999088903 ], [ 812.908052023197342, 345.934197291345981 ], [ 811.628110775929031, 359.899999897953876 ], [ 800.609981286869811, 358.299999899384886 ], [ 803.609981286523748, 328.289999898307315 ], [ 806.518255426988503, 330.323168790184013 ] ] ] } },
{ "type": "Feature", "properties": { "feature_type": "building", "subtype": "no-damage", "uid": "b48ea102-aa84-41e2-a4c1-c7d0a7e6203f" }, "geometry": { "type": "Polygon", "coordinates": [ [ [ 837.777418546768331, 301.335873980329211 ], [ 838.015517654474252, 307.843290948027573 ], [ 833.288089066300017, 312.909668247796276 ], [ 831.016953297795794, 340.962280453621474 ], [ 828.603337640669793, 343.749373812111628 ], [ 814.280745604453045, 342.525144221526489 ], [ 811.892940070994314, 339.757548154428605 ], [ 815.612998577691997, 299.283630048381212 ], [ 837.777418546768331, 301.335873980329211 ] ] ] } },
{ "type": "Feature", "properties": { "feature_type": "building", "subtype": "no-damage", "uid": "78ff3e46-5a83-481f-ad8a-c690d9ebe827" }, "geometry": { "type": "Polygon", "coordinates": [ [ [ 814.262859781565112, 303.411065431008922 ], [ 812.718072419956457, 319.855776258527726 ], [ 804.469981282484127, 319.659999899367392 ], [ 806.155738282399739, 302.659551442151781 ], [ 814.262859781565112, 303.411065431008922 ] ] ] } },
{ "type": "Feature", "properties": { "feature_type": "building", "subtype": "no-damage", "uid": "be5a2418-144f-4d32-b3ea-6874e48ef6c0" }, "geometry": { "type": "Polygon", "coordinates": [ [ [ 803.189981286432044, 287.359999899987486 ], [ 803.866715402356704, 308.02244293881472 ], [ 797.091253079202488, 307.859215389345877 ], [ 775.235814486452, 305.848055568209816 ], [ 776.897256288911194, 294.417335952379119 ], [ 794.035127165104427, 296.221322362882688 ], [ 794.589981288280796, 286.819999897433377 ], [ 803.189981286432044, 287.359999899987486 ] ] ] } },
{ "type": "Feature", "properties": { "feature_type": "building", "subtype": "no-damage", "uid": "b29d0430-ad0b-4661-8c4a-544cc066ae4e" }, "geometry": { "type": "Polygon", "coordinates": [ [ [ 797.193476670738846, 308.507889972574617 ], [ 794.608465433859237, 327.636973133141112 ], [ 784.082752755920865, 326.310202629183721 ], [ 783.375686118252588, 331.701585747155775 ], [ 770.14998128957393, 329.839999900308499 ], [ 771.839981289581374, 316.099999899280817 ], [ 777.537504863133904, 316.693371726436112 ], [ 778.422324643683169, 306.871872135195986 ], [ 797.193476670738846, 308.507889972574617 ] ] ] } },
{ "type": "Feature", "properties": { "feature_type": "building", "subtype": "no-damage", "uid": "6c4fca76-9a12-4a2a-ab60-f1bd701eded2" }, "geometry": { "type": "Polygon", "coordinates": [ [ [ 759.566322701120271, 312.148286973271126 ], [ 771.87276463814726, 311.704811587732308 ], [ 768.552808206201576, 338.707123893158325 ], [ 751.91998129314095, 336.589999900462374 ], [ 754.979557004716753, 309.588231699078619 ], [ 759.566322701120271, 312.148286973271126 ] ] ] } },
{ "type": "Feature", "properties": { "feature_type": "building", "subtype": "no-damage", "uid": "241f28ec-fdf5-41fb-b7d3-21a0ec419f2d" }, "geometry": { "type": "Polygon", "coordinates": [ [ [ 751.332847245334733, 313.016108523008427 ], [ 747.439981294343056, 343.329999899807717 ], [ 729.619981296492256, 341.119999900499408 ], [ 733.65445660813873, 310.820035150796912 ], [ 751.332847245334733, 313.016108523008427 ] ] ] } },
{ "type": "Feature", "properties": { "feature_type": "building", "subtype": "no-damage", "uid": "df65647f-02dd-401c-b3bd-d656a32d1059" }, "geometry": { "type": "Polygon", "coordinates": [ [ [ 819.027068028452618, 268.956990164694218 ], [ 820.381654408723875, 273.359395896018896 ], [ 843.472058859594085, 275.849537551808908 ], [ 844.605421733928665, 277.20957300764502 ], [ 846.310197979730447, 277.309853962153511 ], [ 844.243504235490718, 283.727481898716576 ], [ 845.789981278013329, 290.559999900863374 ], [ 842.366732484608065, 293.178446547557087 ], [ 840.789981276409662, 298.079999899744678 ], [ 808.853828350296681, 295.02515448700899 ], [ 808.749981284497949, 287.699999897580824 ], [ 809.610237419885379, 287.751680279769516 ], [ 809.189981282001895, 267.889999899061593 ], [ 819.027068028452618, 268.956990164694218 ] ] ] } },
{ "type": "Feature", "properties": { "feature_type": "building", "subtype": "no-damage", "uid": "1a920aa9-79d5-4492-a75f-f01c58215275" }, "geometry": { "type": "Polygon", "coordinates": [ [ [ 829.869981281967966, 233.529999897552386 ], [ 833.126157045598575, 238.897986388458008 ], [ 855.759981276224494, 240.679999900152097 ], [ 853.239085429318038, 252.665869431229311 ], [ 854.56267649897643, 264.026692802547586 ], [ 819.442633524812436, 260.788162824672611 ], [ 819.419981282550566, 260.999999898799217 ], [ 818.402018604080581, 249.914673490453993 ], [ 820.569981280704724, 239.419999899176389 ], [ 820.695272888227805, 239.451813148143401 ], [ 822.469981281108517, 233.189999899959105 ], [ 829.869981281967966, 233.529999897552386 ] ] ] } },
{ "type": "Feature", "properties": { "feature_type": "building", "subtype": "no-damage", "uid": "bfa2138f-9b8e-4a91-a356-2e07e5510c27" }, "geometry": { "type": "Polygon", "coordinates": [ [ [ 784.509921735510034, 235.171149065573701 ], [ 785.479981287898795, 234.939999899445297 ], [ 820.583373224740171, 236.8801808075944 ], [ 817.897300603939357, 249.886427193110308 ], [ 818.883109029728871, 260.589490072042224 ], [ 809.019981283906077, 260.239999900880719 ], [ 809.023126506583935, 260.157467433105694 ], [ 781.457788664630925, 259.435861729130693 ], [ 778.609981289252119, 248.16999990034509 ], [ 779.980778063750336, 248.226689786620597 ], [ 782.450675869972542, 234.373403102405604 ], [ 784.509921735510034, 235.171149065573701 ] ] ] } },
{ "type": "Feature", "properties": { "feature_type": "building", "subtype": "no-damage", "uid": "fd2b78a6-79d6-47a6-bf5c-cbacc633ba77" }, "geometry": { "type": "Polygon", "coordinates": [ [ [ 887.869527966133774, 277.364285455757226 ], [ 888.983920269649616, 279.115473361348393 ], [ 888.616273582082385, 281.32135349095671 ], [ 890.133187151918037, 282.124425377571413 ], [ 889.95058122436501, 284.315696539980024 ], [ 896.349981269486079, 285.279999899978804 ], [ 893.515311041099153, 309.804010586695711 ], [ 875.971717410977817, 308.500689238909786 ], [ 876.415465424646072, 306.459448358374573 ], [ 868.077680966624484, 305.661149847184618 ], [ 868.608041064719941, 301.418269094194727 ], [ 856.109981274159509, 300.099999898638885 ], [ 858.040445321851848, 279.982574171246711 ], [ 870.20844764942035, 280.51211075586798 ], [ 870.149981275389905, 279.099999897329326 ], [ 880.714084926823602, 279.763234533229195 ], [ 882.221768775620149, 277.279990543623626 ], [ 887.869527966133774, 277.364285455757226 ] ] ] } },
{ "type": "Feature", "properties": { "feature_type": "building", "subtype": "no-damage", "uid": "8774477f-97c6-44b1-beeb-9bf4dcf74bda" }, "geometry": { "type": "Polygon", "coordinates": [ [ [ 906.192037337762713, 265.20089713938421 ], [ 906.530641978908534, 266.329579282143413 ], [ 925.183470410098039, 267.228510770967716 ], [ 923.269981267143748, 287.409999900293201 ], [ 905.829981266850609, 286.239999899120221 ], [ 905.618756340609139, 271.959321958715122 ], [ 901.781256411994605, 271.555374595693479 ], [ 901.427448611602927, 276.243327969630627 ], [ 898.429981271130714, 275.929999898879487 ], [ 898.694661685216715, 267.955777286852424 ], [ 903.906253014595791, 267.847202467743386 ], [ 904.009981271514903, 265.099999897702219 ], [ 906.192037337762713, 265.20089713938421 ] ] ] } },
{ "type": "Feature", "properties": { "feature_type": "building", "subtype": "no-damage", "uid": "10979d72-afd6-4493-89a5-a24075d5d0f5" }, "geometry": { "type": "Polygon", "coordinates": [ [ [ 898.129981267894664, 269.889999900076305 ], [ 897.939981267714074, 275.879999898573772 ], [ 893.74280011647943, 275.448364333315908 ], [ 893.30998126916711, 279.169999899252389 ], [ 889.32998127062308, 278.729999897309824 ], [ 888.14659706619625, 276.868365128458322 ], [ 881.942959844730126, 276.775773529588378 ], [ 880.443572964649775, 279.245351922836903 ], [ 870.129981274940633, 278.599999898010083 ], [ 869.939981271956526, 273.629999899768393 ], [ 870.739981275680066, 271.709999897747707 ], [ 891.347166072725599, 273.781383846172901 ], [ 891.599981271513684, 269.189999899534314 ], [ 898.129981267894664, 269.889999900076305 ] ] ] } },
{ "type": "Feature", "properties": { "feature_type": "building", "subtype": "no-damage", "uid": "c0edb69f-7e0a-4b8f-91b3-4a5b795e76da" }, "geometry": { "type": "Polygon", "coordinates": [ [ [ 905.125268612592777, 272.410138332460519 ], [ 905.329981270801909, 286.209999900432024 ], [ 904.349981269575551, 286.13999989850879 ], [ 904.289260046429263, 283.706439089890807 ], [ 896.979981268338747, 283.439999900689884 ], [ 893.439583971087359, 282.438321710594494 ], [ 894.182864575489702, 275.996556506396018 ], [ 901.887342768951271, 276.793571491539581 ], [ 902.241081022385401, 272.106539640254709 ], [ 905.125268612592777, 272.410138332460519 ] ] ] } },
{ "type": "Feature", "properties": { "feature_type": "building", "subtype": "no-damage", "uid": "c2284df3-e97c-4092-9dfe-b4611f5f922a" }, "geometry": { "type": "Polygon", "coordinates": [ [ [ 908.267164468977967, 254.082655806232395 ], [ 910.069704954939994, 255.393594337739302 ], [ 910.548441072211745, 253.957385990597089 ], [ 941.509981263217242, 256.209999900162984 ], [ 941.355848742282888, 257.346702459385426 ], [ 944.659705382960738, 258.064932163799085 ], [ 942.923798607694494, 267.757078331345326 ], [ 956.149981258771618, 268.539999899297925 ], [ 952.364308092884698, 289.359800295636489 ], [ 923.769981262725082, 287.439999898981512 ], [ 925.730771005769725, 266.754306404769693 ], [ 906.907938099848025, 265.847181926813221 ], [ 906.569271752516329, 264.71829410829298 ], [ 904.282118714517765, 264.609382060777875 ], [ 905.229981265985316, 253.879999898625812 ], [ 908.267164468977967, 254.082655806232395 ] ] ] } },
{ "type": "Feature", "properties": { "feature_type": "building", "subtype": "no-damage", "uid": "3a360305-dbad-4b5a-b3c7-d3653f9c114e" }, "geometry": { "type": "Polygon", "coordinates": [ [ [ 899.719981271262213, 243.419999897467903 ], [ 897.82886864509976, 259.177957893381517 ], [ 894.862293546075534, 259.177957893381517 ], [ 894.448107672989977, 261.801135082580572 ], [ 892.019981270670883, 261.689999898532619 ], [ 892.278439487662354, 257.01846234274069 ], [ 870.864093840660303, 255.636891658369791 ], [ 867.859981272414529, 262.189999897851692 ], [ 861.198171546649064, 261.757084181896687 ], [ 859.423771456450822, 246.231083428642989 ], [ 861.799981276197514, 241.07999989885991 ], [ 899.719981271262213, 243.419999897467903 ] ] ] } },
{ "type": "Feature", "properties": { "feature_type": "building", "subtype": "no-damage", "uid": "4d5d954a-858a-4ff3-915d-47ba16c0069a" }, "geometry": { "type": "Polygon", "coordinates": [ [ [ 891.751720827819781, 257.485519995812126 ], [ 890.876938279479532, 273.231605928076021 ], [ 872.049981276494577, 271.339999897728205 ], [ 867.05998127499879, 265.129999900128325 ], [ 871.175265217253013, 256.158006731880675 ], [ 891.751720827819781, 257.485519995812126 ] ] ] } },
{ "type": "Feature", "properties": { "feature_type": "building", "subtype": "no-damage", "uid": "d4a5b0e9-c7b3-4931-b473-1b0f6c22513b" }, "geometry": { "type": "Polygon", "coordinates": [ [ [ 922.149963996580595, 244.806427541075806 ], [ 922.159981267084845, 244.659999900564088 ], [ 934.249110192733497, 245.494469116875194 ], [ 933.897753731260195, 247.3390905373316 ], [ 942.579981264947264, 248.34999989995049 ], [ 941.579981261168882, 255.709999900843798 ], [ 910.197020925085894, 253.430507592495786 ], [ 909.811368566840656, 254.587464668866602 ], [ 908.444484642029011, 253.593367270023293 ], [ 901.976552669320995, 253.162171804693401 ], [ 900.420882348923897, 251.747926058368392 ], [ 899.404099133980935, 251.366632353115392 ], [ 900.219981269647064, 243.449999899894095 ], [ 922.149963996580595, 244.806427541075806 ] ] ] } },
{ "type": "Feature", "properties": { "feature_type": "building", "subtype": "no-damage", "uid": "23d1ca07-be3c-4c49-8fc9-db22258492bd" }, "geometry": { "type": "Polygon", "coordinates": [ [ [ 956.771394056071472, 248.019484622288104 ], [ 954.479981258979819, 267.949999900176124 ], [ 943.515187481696671, 267.291246453329506 ], [ 945.236834607797277, 257.678716679896127 ], [ 941.91371293703537, 256.956298922234112 ], [ 943.079981260528598, 248.399999900256205 ], [ 944.302564288136409, 248.546791760753592 ], [ 944.549981264704343, 247.209999897465792 ], [ 956.771394056071472, 248.019484622288104 ] ] ] } },
{ "type": "Feature", "properties": { "feature_type": "building", "subtype": "no-damage", "uid": "7f7a5a62-569a-4641-a8e2-1e09ecc112a8" }, "geometry": { "type": "Polygon", "coordinates": [ [ [ 897.959981268630713, 213.589999899733613 ], [ 897.239417481536066, 229.787513984974993 ], [ 897.719981271648749, 239.529999900596607 ], [ 887.15496973235679, 238.487131659328213 ], [ 886.442043864906282, 236.170122588011992 ], [ 883.081363157077249, 236.170122588011992 ], [ 880.258071447748193, 238.199363507946288 ], [ 873.469981276626754, 237.789999898181208 ], [ 873.797866582352071, 231.10883376353911 ], [ 872.195874244925221, 230.040838873634812 ], [ 872.109028236979952, 226.566998469852308 ], [ 870.795741908567038, 224.378187925768799 ], [ 872.549981272309651, 213.789999897218507 ], [ 877.556233398963627, 213.726278220418891 ], [ 878.564686620361158, 211.853436522337006 ], [ 897.959981268630713, 213.589999899733613 ] ] ] } },
{ "type": "Feature", "properties": { "feature_type": "building", "subtype": "no-damage", "uid": "f8be60cf-ca43-46ca-b930-00188f641229" }, "geometry": { "type": "Polygon", "coordinates": [ [ [ 918.133357616124613, 227.502158197988507 ], [ 917.989119819587472, 230.819627642393698 ], [ 921.679981268915753, 230.949999898224604 ], [ 920.177651146976586, 242.8786379770373 ], [ 902.407611097998142, 241.843490015287614 ], [ 901.633966108116965, 232.903592350703008 ], [ 903.239981271385659, 226.709999899213187 ], [ 918.133357616124613, 227.502158197988507 ] ] ] } },
{ "type": "Feature", "properties": { "feature_type": "building", "subtype": "no-damage", "uid": "ed2b29af-a93d-4c2d-b576-9f81c8feb56a" }, "geometry": { "type": "Polygon", "coordinates": [ [ [ 940.259975221857189, 196.173178948252712 ], [ 939.493605570949626, 231.257771755510703 ], [ 918.510506629731822, 230.338595449461707 ], [ 918.654398315844674, 227.029086584765196 ], [ 899.65004683750567, 226.021280065128792 ], [ 901.326916459675658, 197.302897192377088 ], [ 907.089506292094029, 192.836890070782204 ], [ 940.259975221857189, 196.173178948252712 ] ] ] } },
{ "type": "Feature", "properties": { "feature_type": "building", "subtype": "no-damage", "uid": "b972ec0c-5277-44ec-b7d2-84293902677b" }, "geometry": { "type": "Polygon", "coordinates": [ [ [ 866.607312719517836, 213.870342963262402 ], [ 872.03998127077989, 213.79999989802721 ], [ 870.272466675604505, 224.477887852980388 ], [ 871.612478051024482, 226.711240147526894 ], [ 871.702518556185282, 230.312860292280703 ], [ 873.284483471020621, 231.367503568058595 ], [ 872.945407474325748, 238.233792510472398 ], [ 869.436925474751774, 239.737427654815292 ], [ 861.780390561831382, 238.758103419143509 ], [ 859.91610226181524, 240.533616086848411 ], [ 854.710767422218737, 240.203118635365598 ], [ 855.067298291854513, 236.459544454897099 ], [ 848.379981276047943, 236.749999900045907 ], [ 847.774113619643003, 228.283110449684386 ], [ 844.609981276498502, 227.739999900277809 ], [ 844.860080928856632, 221.92515874237111 ], [ 848.601625856792452, 221.746989935099805 ], [ 848.321353034541289, 217.636321866695312 ], [ 849.658424531770606, 210.740237558472387 ], [ 866.689981274979232, 210.191794305017396 ], [ 866.607312719517836, 213.870342963262402 ] ] ] } },
{ "type": "Feature", "properties": { "feature_type": "building", "subtype": "no-damage", "uid": "07304eb6-e16a-4621-b094-6b224650a1e0" }, "geometry": { "type": "Polygon", "coordinates": [ [ [ 818.692459490466376, 204.866493507542486 ], [ 843.869981279262674, 207.089999897370205 ], [ 843.744559188842913, 212.043572418868592 ], [ 848.905673833483206, 212.046377539608102 ], [ 847.817681086597418, 217.59949235546739 ], [ 848.068067803430722, 221.271830890826607 ], [ 844.380379157083553, 221.447435109299988 ], [ 844.111077721788206, 227.64136815706911 ], [ 841.366021082306816, 229.235272013396894 ], [ 841.279893785440095, 233.541636696001405 ], [ 813.559981281715864, 232.279999897385494 ], [ 813.47063167114004, 223.130097621903786 ], [ 802.132108431113238, 222.50017966707091 ], [ 796.619981288451527, 220.379999899384501 ], [ 797.375855585034969, 206.044980175652398 ], [ 797.049981286314846, 206.029999897617387 ], [ 797.079981283134202, 204.367003204636404 ], [ 818.692459490466376, 204.866493507542486 ] ] ] } },
{ "type": "Feature", "properties": { "feature_type": "building", "subtype": "no-damage", "uid": "b6df130b-6913-4b11-9a4f-ed76c416b843" }, "geometry": { "type": "Polygon", "coordinates": [ [ [ 784.769981289351335, 212.129999897534987 ], [ 784.728668237445959, 216.968214747942511 ], [ 792.529981288954446, 217.539999897719412 ], [ 792.399242190046834, 223.710194185853993 ], [ 795.860425209688856, 222.928636729941701 ], [ 794.683835323338826, 231.806542230937993 ], [ 792.911545562037645, 232.640560940928992 ], [ 784.5479187267008, 234.647831384231409 ], [ 780.628256622094, 233.079966541267709 ], [ 778.349981286447473, 233.039999899041987 ], [ 778.449981287058904, 212.049999898541103 ], [ 784.769981289351335, 212.129999897534987 ] ] ] } },
{ "type": "Feature", "properties": { "feature_type": "building", "subtype": "no-damage", "uid": "b597725f-fef7-4347-824c-630136a75e70" }, "geometry": { "type": "Polygon", "coordinates": [ [ [ 780.399981287768469, 205.929999900743894 ], [ 780.186870566472408, 208.93224247789459 ], [ 778.531659456484135, 210.070200113791799 ], [ 776.352136118803287, 210.312369376285602 ], [ 776.016677417550454, 216.238806369297492 ], [ 773.334931464056467, 215.903588123826012 ], [ 772.991656255463113, 217.963239399681896 ], [ 769.74138622915109, 217.963239399681896 ], [ 769.238066601031164, 219.724858091092813 ], [ 769.579981290200294, 219.819999898950897 ], [ 763.629981288394788, 220.21999989765871 ], [ 764.65442081148592, 209.950515521682092 ], [ 768.376875995275441, 209.950515521682092 ], [ 768.759981289765392, 205.289999897578411 ], [ 780.399981287768469, 205.929999900743894 ] ] ] } },
{ "type": "Feature", "properties": { "feature_type": "building", "subtype": "no-damage", "uid": "0f4a914f-465d-4c7e-b905-513445b7379c" }, "geometry": { "type": "Polygon", "coordinates": [ [ [ 808.533382512467824, 260.644818201172086 ], [ 809.098789565509946, 287.218949788759005 ], [ 786.438367903315225, 285.81147018213909 ], [ 787.015629653592669, 280.760429855941481 ], [ 774.559981291121062, 280.399999897801877 ], [ 773.939574799226193, 278.955357633365622 ], [ 774.768434512532849, 259.743740917287084 ], [ 808.533382512467824, 260.644818201172086 ] ] ] } },
{ "type": "Feature", "properties": { "feature_type": "building", "subtype": "no-damage", "uid": "cc3d1f89-c0d8-4526-8e58-e5b35d0bcb3c" }, "geometry": { "type": "Polygon", "coordinates": [ [ [ 779.573574793324383, 247.710226583440488 ], [ 767.489981287747014, 247.229999899083197 ], [ 765.863380255647826, 236.142227603587799 ], [ 772.879981291688637, 235.899999898586714 ], [ 772.883318540849132, 235.924800996104295 ], [ 781.947906391526203, 235.75377103735849 ], [ 779.573574793324383, 247.710226583440488 ] ] ] } },
{ "type": "Feature", "properties": { "feature_type": "building", "subtype": "no-damage", "uid": "25317ad4-f090-43d5-8b26-e0786c40ac5a" }, "geometry": { "type": "Polygon", "coordinates": [ [ [ 773.538492390895158, 235.36727101488529 ], [ 731.179981295097491, 236.419999899523305 ], [ 729.259850326818764, 225.082274206988103 ], [ 734.179981292882417, 220.66999990041009 ], [ 754.450705722038947, 220.827559640567699 ], [ 763.084039056530742, 220.66089297288201 ], [ 773.770657073618281, 220.044402257938913 ], [ 773.538492390895158, 235.36727101488529 ] ] ] } },
{ "type": "Feature", "properties": { "feature_type": "building", "subtype": "no-damage", "uid": "e66d15ae-a198-43c4-9542-04c47d6f91ab" }, "geometry": { "type": "Polygon", "coordinates": [ [ [ 767.504223536623272, 205.224618887169498 ], [ 768.269981287516885, 205.269999899698888 ], [ 767.916809554246584, 209.450515522362906 ], [ 764.201927027042984, 209.450515522362906 ], [ 763.121878043394076, 220.251005372866388 ], [ 754.959981289722123, 220.409999898072812 ], [ 754.639981292578, 204.959999900793804 ], [ 767.504223536623272, 205.224618887169498 ] ] ] } },
{ "type": "Feature", "properties": { "feature_type": "building", "subtype": "no-damage", "uid": "3dd84cd9-b1ae-41c6-bd02-8f853c8af97c" }, "geometry": { "type": "Polygon", "coordinates": [ [ [ 754.139981292090624, 204.949999899984988 ], [ 754.456447179048496, 220.364118459192298 ], [ 734.46998129671158, 220.169999897352909 ], [ 729.627584682819474, 214.969579367326304 ], [ 732.569459545543509, 210.372899894073214 ], [ 729.995319044427106, 207.98262657037381 ], [ 731.46625647590588, 204.489150168159597 ], [ 754.139981292090624, 204.949999899984988 ] ] ] } },
{ "type": "Feature", "properties": { "feature_type": "building", "subtype": "no-damage", "uid": "c74198b8-beff-436e-86fa-1bc3b70e7062" }, "geometry": { "type": "Polygon", "coordinates": [ [ [ 714.884092585173562, 234.645014623583506 ], [ 713.026231770203253, 252.772207160119194 ], [ 700.770138873507562, 251.568083937636288 ], [ 702.538012817447111, 233.364959923887113 ], [ 714.884092585173562, 234.645014623583506 ] ] ] } },
{ "type": "Feature", "properties": { "feature_type": "building", "subtype": "no-damage", "uid": "1c6a4f38-8a6b-4fa3-b0a2-c4909a0e85d5" }, "geometry": { "type": "Polygon", "coordinates": [ [ [ 681.979981304044031, 218.099999898152987 ], [ 681.784779854360295, 220.216760586655596 ], [ 685.69472645304154, 220.598218794390704 ], [ 685.787283309737859, 221.153559934567909 ], [ 687.792249360490132, 221.439983654101411 ], [ 688.352302179718322, 223.026799976181906 ], [ 700.619981299993583, 225.659999900269099 ], [ 699.048275435838377, 250.860157469718303 ], [ 672.921949788535585, 248.266430598176413 ], [ 674.598430223228547, 225.461732350269102 ], [ 674.479981304442049, 225.449999898237593 ], [ 674.809981304964595, 221.259999899531891 ], [ 675.874703343903775, 217.599450191637288 ], [ 681.979981304044031, 218.099999898152987 ] ] ] } },
{ "type": "Feature", "properties": { "feature_type": "building", "subtype": "no-damage", "uid": "19ae9cf6-1965-4400-963a-8464a29269da" }, "geometry": { "type": "Polygon", "coordinates": [ [ [ 673.86998130580514, 228.589999897999093 ], [ 672.14998130570757, 252.059999897216386 ], [ 665.059981305622159, 251.199999898686514 ], [ 666.019635092480939, 243.758855348923191 ], [ 656.349981308620613, 242.42999989963829 ], [ 656.749981305459528, 234.189999898597506 ], [ 661.193901499943081, 234.115200243614396 ], [ 661.783901500466868, 231.515660998388313 ], [ 662.717154400927598, 231.515660998388313 ], [ 666.717154401790026, 231.839845276043008 ], [ 667.328480049886934, 227.86622856925419 ], [ 673.86998130580514, 228.589999897999093 ] ] ] } },
{ "type": "Feature", "properties": { "feature_type": "building", "subtype": "no-damage", "uid": "c16374ad-d07d-4164-990e-8808635fa3d4" }, "geometry": { "type": "Polygon", "coordinates": [ [ [ 685.199981304202083, 204.409999897430907 ], [ 682.984428684044474, 217.678172727504489 ], [ 675.508058272744279, 217.067856778384311 ], [ 674.619981303615987, 220.12999989785601 ], [ 649.949981311072065, 217.989999900470792 ], [ 647.170564249767722, 210.874743775992613 ], [ 650.847907827530207, 202.049119188991313 ], [ 685.199981304202083, 204.409999897430907 ] ] ] } },
{ "type": "Feature", "properties": { "feature_type": "building", "subtype": "no-damage", "uid": "24aea45e-16b6-4807-a314-91daf9e91921" }, "geometry": { "type": "Polygon", "coordinates": [ [ [ 910.139981268720703, 360.839999899215911 ], [ 907.965479333886606, 373.04456914247902 ], [ 868.629981274179158, 368.269999898294373 ], [ 869.279981271845827, 356.149999897453085 ], [ 910.139981268720703, 360.839999899215911 ] ] ] } },
{ "type": "Feature", "properties": { "feature_type": "building", "subtype": "no-damage", "uid": "c67d0212-a7c3-4e63-b300-cf385b00877c" }, "geometry": { "type": "Polygon", "coordinates": [ [ [ 859.919981277878378, 347.594214264961408 ], [ 863.544898034188577, 358.908428628365414 ], [ 862.305600426347723, 366.639999897299219 ], [ 853.409981277040742, 367.809999898472199 ], [ 845.609981277473366, 364.339999898188125 ], [ 847.933433132942469, 345.972897478643517 ], [ 859.919981277878378, 347.594214264961408 ] ] ] } },
{ "type": "Feature", "properties": { "feature_type": "building", "subtype": "no-damage", "uid": "54a9bd54-7dfb-4650-9b2c-41ef8aff84dc" }, "geometry": { "type": "Polygon", "coordinates": [ [ [ 922.045456754023462, 322.825982996825189 ], [ 917.679981266418054, 358.18999989796481 ], [ 868.867550522853776, 354.539708414434585 ], [ 868.719981274916336, 357.209999897205876 ], [ 863.559981276960116, 356.879999900421296 ], [ 860.469981274466363, 348.069999898138178 ], [ 858.216225772893154, 334.793963809054617 ], [ 865.725547068803621, 317.897990897232091 ], [ 922.045456754023462, 322.825982996825189 ] ] ] } },
{ "type": "Feature", "properties": { "feature_type": "building", "subtype": "no-damage", "uid": "ad34ca85-59d0-42d6-abac-ca378ef061fb" }, "geometry": { "type": "Polygon", "coordinates": [ [ [ 712.92277347930758, 289.123323852931378 ], [ 707.327153249125104, 338.484965195666973 ], [ 692.250044575299398, 336.462426227734682 ], [ 690.947824214639468, 349.744859635148089 ], [ 672.686413338754051, 347.852371741566287 ], [ 675.294320045584072, 328.056781680522022 ], [ 677.31202419566398, 328.403466626282011 ], [ 680.483588778486364, 308.720041354131581 ], [ 678.337742201401738, 308.373706820450423 ], [ 678.709981303580207, 305.679999897619894 ], [ 679.594129476085868, 305.76799744443241 ], [ 680.939981305908418, 292.789999898051292 ], [ 682.68895127255621, 292.885904822640384 ], [ 682.87281845230882, 285.347350484561503 ], [ 712.92277347930758, 289.123323852931378 ] ] ] } },
{ "type": "Feature", "properties": { "feature_type": "building", "subtype": "no-damage", "uid": "fa20beeb-f895-4111-a91c-5c670c6c154b" }, "geometry": { "type": "Polygon", "coordinates": [ [ [ 678.209981303092832, 305.619999900243386 ], [ 677.769317804644174, 308.838073781978323 ], [ 679.802957363123596, 309.127892717761881 ], [ 676.767874124687637, 327.867190321632108 ], [ 674.853145848957638, 327.545872634946193 ], [ 674.025431376342794, 334.305540797595313 ], [ 663.282379279263978, 332.756795319055527 ], [ 664.115150606872021, 325.541818959201805 ], [ 653.04359427744987, 324.214641548118891 ], [ 653.476533516420773, 320.606814562380293 ], [ 643.149981308274391, 319.789999898667077 ], [ 643.7017843260669, 313.685845965309795 ], [ 652.49205791527811, 314.850741537709382 ], [ 653.788482250783659, 307.360289816369686 ], [ 663.732926454896756, 308.801513610904522 ], [ 664.454730894468526, 304.181965212598016 ], [ 678.209981303092832, 305.619999900243386 ] ] ] } },
{ "type": "Feature", "properties": { "feature_type": "building", "subtype": "no-damage", "uid": "c8fac76c-efb6-4c13-98f6-7da1d8eb4688" }, "geometry": { "type": "Polygon", "coordinates": [ [ [ 652.918050584749949, 321.064279555368273 ], [ 652.486601346568591, 324.659689857580986 ], [ 660.838132332232476, 325.662236551555111 ], [ 660.642995168138782, 328.109837758590515 ], [ 663.345601798972666, 328.525623394390777 ], [ 662.167542500341597, 337.534312173802505 ], [ 661.256048813483517, 339.360924495433608 ], [ 660.81436215344263, 343.692809475368392 ], [ 641.173918331511118, 341.557671322692386 ], [ 643.099981310772137, 320.289999897986377 ], [ 652.918050584749949, 321.064279555368273 ] ] ] } },
{ "type": "Feature", "properties": { "feature_type": "building", "subtype": "no-damage", "uid": "2d241b44-8f26-4fa9-9266-1af45646b7fb" }, "geometry": { "type": "Polygon", "coordinates": [ [ [ 679.304860131155579, 286.408669569271581 ], [ 679.107031619511758, 292.436707872644888 ], [ 680.43998130098214, 292.769999900171797 ], [ 679.148300056207063, 305.218555229666777 ], [ 664.034102017160194, 303.635163051662687 ], [ 663.315258999561934, 308.235758385970826 ], [ 653.378768280569716, 306.795687267567928 ], [ 652.082027190225404, 314.287969112194219 ], [ 645.628800498744795, 313.554196777137918 ], [ 647.592268260354672, 300.576155938072475 ], [ 642.816582368992385, 299.78707162921188 ], [ 644.928578981101737, 282.656432429958727 ], [ 679.304860131155579, 286.408669569271581 ] ] ] } },
{ "type": "Feature", "properties": { "feature_type": "building", "subtype": "no-damage", "uid": "d51ac24d-7090-4d4a-97d9-9cae6a895d35" }, "geometry": { "type": "Polygon", "coordinates": [ [ [ 325.134061066525419, 460.683193585483878 ], [ 337.196384448649496, 462.368371118219898 ], [ 355.269981352138075, 463.229999900271991 ], [ 353.956586747392691, 469.696374894823123 ], [ 350.931227084835712, 469.696374894823123 ], [ 349.778709114987919, 480.213101342932077 ], [ 347.185543694744922, 480.213101342932077 ], [ 345.312701994326289, 492.026410502797717 ], [ 315.126246988668072, 491.131283712781681 ], [ 313.83998135869308, 490.999999899615204 ], [ 320.009981360068309, 458.979999900452015 ], [ 325.134061066525419, 460.683193585483878 ] ] ] } },
{ "type": "Feature", "properties": { "feature_type": "building", "subtype": "no-damage", "uid": "13773b11-3637-4fd5-a5d7-068d95fca958" }, "geometry": { "type": "Polygon", "coordinates": [ [ [ 300.673959757366788, 462.327063326046812 ], [ 302.088736252583999, 458.436427959878415 ], [ 311.624023051609811, 460.820249660627098 ], [ 311.982226624723182, 462.521716635893881 ], [ 312.299981363574318, 462.559999898418312 ], [ 303.659981361487212, 488.139999900070507 ], [ 260.763467731598325, 476.074892656910322 ], [ 256.070141926443512, 478.65622185229131 ], [ 247.152822889827604, 476.544225239248021 ], [ 243.163495953740608, 472.789564591760893 ], [ 246.909981370525998, 459.179999897936909 ], [ 267.347732093673585, 464.904260021268215 ], [ 270.091562069173278, 454.814046550788476 ], [ 300.673959757366788, 462.327063326046812 ] ] ] } },
{ "type": "Feature", "properties": { "feature_type": "building", "subtype": "no-damage", "uid": "2003a614-e990-45a3-ab99-4c3ad63bb927" }, "geometry": { "type": "Polygon", "coordinates": [ [ [ 271.589981365747576, 447.229999899630172 ], [ 266.997440785444383, 464.286948255444884 ], [ 251.507726212889793, 459.928320002832322 ], [ 256.745066805222677, 443.149829022957192 ], [ 271.589981365747576, 447.229999899630172 ] ] ] } },
{ "type": "Feature", "properties": { "feature_type": "building", "subtype": "no-damage", "uid": "11da463d-7e1b-42c4-a884-9c9ab295f283" }, "geometry": { "type": "Polygon", "coordinates": [ [ [ 309.599981360147922, 436.769999898472406 ], [ 310.319337409792922, 439.393034440855672 ], [ 318.117176621469582, 438.447841806928807 ], [ 318.675818072601089, 437.330558902329926 ], [ 323.828672425777484, 437.111288505694404 ], [ 323.84998136224192, 437.111288505694404 ], [ 319.719981357641018, 457.759999898973319 ], [ 316.943626551259399, 458.027101224774981 ], [ 300.337861477442516, 454.324464419009075 ], [ 297.826403636643818, 452.155478100469622 ], [ 284.041446797567914, 452.83342679915819 ], [ 274.429321827971989, 446.144670128485188 ], [ 278.699321824971776, 429.899999899827492 ], [ 309.599981360147922, 436.769999898472406 ] ] ] } },
{ "type": "Feature", "properties": { "feature_type": "building", "subtype": "no-damage", "uid": "7963eb58-83ac-4295-b5e1-55003c6b6e25" }, "geometry": { "type": "Polygon", "coordinates": [ [ [ 272.58388911239382, 399.796351426847821 ], [ 278.314386656234717, 400.108924017455081 ], [ 277.384846442442722, 403.729238535410616 ], [ 275.861015347744512, 404.599999162020197 ], [ 274.564915145047223, 410.291569608098087 ], [ 275.108163220308086, 411.160766521039591 ], [ 273.689981370177691, 417.499999898769374 ], [ 272.5829229088842, 417.260830540453526 ], [ 270.729981366516483, 425.509999899899015 ], [ 263.459981367993805, 423.506886414020187 ], [ 270.319981366298975, 398.429999900289204 ], [ 272.58388911239382, 399.796351426847821 ] ] ] } },
{ "type": "Feature", "properties": { "feature_type": "building", "subtype": "no-damage", "uid": "f759c14c-c8a0-46c0-9a39-3691235d6e96" }, "geometry": { "type": "Polygon", "coordinates": [ [ [ 369.549981350817689, 400.669999898285823 ], [ 367.85866293914728, 407.124761953583572 ], [ 370.769981353932224, 407.349999900254488 ], [ 369.139981354805514, 414.739999899836107 ], [ 364.004776391680878, 414.151435620245024 ], [ 363.44706402760022, 415.218603299163476 ], [ 357.539981357233899, 414.409999899313618 ], [ 358.622337563979613, 407.938177962152622 ], [ 361.119981351696822, 399.779999897329674 ], [ 369.549981350817689, 400.669999898285823 ] ] ] } },
{ "type": "Feature", "properties": { "feature_type": "building", "subtype": "no-damage", "uid": "a4871122-7ff3-4c45-abbf-491670df181b" }, "geometry": { "type": "Polygon", "coordinates": [ [ [ 348.449981356834087, 396.51999989907722 ], [ 348.035532549235199, 398.399844022519289 ], [ 360.609981352503326, 399.729999900761925 ], [ 358.134548773338679, 407.82352943584749 ], [ 357.049981352181874, 414.339999897390385 ], [ 324.479981361328214, 409.859999897659179 ], [ 323.807838661053324, 407.934981342027527 ], [ 320.989981360593788, 408.07999989948479 ], [ 320.071027153126806, 401.994516349306025 ], [ 323.039981359812202, 397.739999900555915 ], [ 339.40893851962818, 397.527877454301006 ], [ 341.463654228318489, 393.646747777840801 ], [ 343.726356834823775, 393.646747777840801 ], [ 348.449981356834087, 396.51999989907722 ] ] ] } },
{ "type": "Feature", "properties": { "feature_type": "building", "subtype": "no-damage", "uid": "7bd028e3-47cd-4df4-8c9a-a1d70942ffc6" }, "geometry": { "type": "Polygon", "coordinates": [ [ [ 369.307350410504625, 384.595066970569007 ], [ 368.584871429316422, 392.203772924676628 ], [ 356.934826327728501, 390.932961979369907 ], [ 357.116631677267776, 383.209279637799114 ], [ 369.307350410504625, 384.595066970569007 ] ] ] } },
{ "type": "Feature", "properties": { "feature_type": "building", "subtype": "no-damage", "uid": "8784c43a-0858-45fd-8820-85bd6728fcd2" }, "geometry": { "type": "Polygon", "coordinates": [ [ [ 340.065851927399422, 372.777345403266793 ], [ 348.041258333812777, 374.121515021023015 ], [ 352.659981355756599, 371.109999899959575 ], [ 360.839981355918724, 372.869999900254413 ], [ 356.625734296579822, 383.138956305086879 ], [ 356.177005295478921, 394.149999898042893 ], [ 351.870076910172713, 393.86908145148891 ], [ 352.518152039520373, 387.207823260768578 ], [ 341.106571658469591, 385.587517311159218 ], [ 339.861148791562186, 387.317271293545673 ], [ 332.999981361186315, 386.639999899970519 ], [ 334.289388031097474, 381.043305655786583 ], [ 331.267025732328875, 376.293879181922421 ], [ 332.689981356206999, 371.049999898845101 ], [ 340.065851927399422, 372.777345403266793 ] ] ] } },
{ "type": "Feature", "properties": { "feature_type": "building", "subtype": "no-damage", "uid": "e8346b81-591e-469e-b31a-9b3aab7538da" }, "geometry": { "type": "Polygon", "coordinates": [ [ [ 332.199981356761896, 370.939999897425025 ], [ 330.726729142693785, 376.376156315560081 ], [ 333.755086166469425, 381.135003067473178 ], [ 332.539516888742412, 386.402469925940977 ], [ 325.039981361294679, 384.499999898847307 ], [ 322.060299357220288, 382.897712254580426 ], [ 318.349981361552523, 381.319999899588822 ], [ 321.369981357684196, 368.409999898402816 ], [ 332.199981356761896, 370.939999897425025 ] ] ] } },
{ "type": "Feature", "properties": { "feature_type": "building", "subtype": "no-damage", "uid": "4328662d-c7d5-47f1-a93f-4c4ad79a21d6" }, "geometry": { "type": "Polygon", "coordinates": [ [ [ 301.799981362683013, 358.839999898201086 ], [ 302.020057687943108, 363.888141139620188 ], [ 320.889981361617686, 368.299999900720593 ], [ 317.87998135788439, 381.119999898366018 ], [ 312.158890703300699, 378.686768345153212 ], [ 306.938580210654379, 379.708133440524477 ], [ 297.509853252884511, 377.912185448346293 ], [ 292.919981366650973, 376.819999898240212 ], [ 294.531703305730673, 371.401764475962807 ], [ 293.609981363581085, 369.889999898480824 ], [ 294.638689100257977, 368.998383572517184 ], [ 297.408894749596413, 369.552424702384712 ], [ 299.999981362189828, 358.389999899187615 ], [ 301.799981362683013, 358.839999898201086 ] ] ] } },
{ "type": "Feature", "properties": { "feature_type": "building", "subtype": "no-damage", "uid": "d60fb86f-4a1a-43c5-8b34-1ac0b09d05cb" }, "geometry": { "type": "Polygon", "coordinates": [ [ [ 293.218097571587009, 370.241401160191572 ], [ 293.229981363687273, 370.229999899812128 ], [ 293.989031201284206, 371.471868306317504 ], [ 292.429981363935326, 376.699999899749173 ], [ 287.497543572055406, 375.522884273798581 ], [ 282.564905713175676, 377.81713444223999 ], [ 282.569981363639897, 377.839999898495989 ], [ 273.249981366366001, 375.509999900696812 ], [ 275.249981368315673, 365.769999897960474 ], [ 293.218097571587009, 370.241401160191572 ] ] ] } },
{ "type": "Feature", "properties": { "feature_type": "building", "subtype": "no-damage", "uid": "ee55b1b1-b15e-4045-87d7-4cc6e7128341" }, "geometry": { "type": "Polygon", "coordinates": [ [ [ 298.979321821323992, 359.508205496410199 ], [ 297.031374520003624, 368.967018702989208 ], [ 294.494984764713308, 368.459740751884624 ], [ 293.085392074576419, 369.693134355637085 ], [ 275.349981367525515, 365.27999989944999 ], [ 278.150335714307289, 354.615593530124727 ], [ 298.979321821323992, 359.508205496410199 ] ] ] } },
{ "type": "Feature", "properties": { "feature_type": "building", "subtype": "no-damage", "uid": "adb96258-6e1f-4ee5-b4c5-a2717d722867" }, "geometry": { "type": "Polygon", "coordinates": [ [ [ 357.463965975447024, 350.703144654143216 ], [ 357.559981353244495, 350.989999898797407 ], [ 357.558205392537502, 350.987024324794106 ], [ 352.749981357661909, 370.449999898914484 ], [ 347.93186977053881, 373.596027094831584 ], [ 340.164376463556721, 372.286899010157299 ], [ 302.502742863277206, 363.48745190433209 ], [ 302.279981364590128, 358.449999900302089 ], [ 306.038030358249785, 345.148164896196192 ], [ 306.01998136031159, 345.139999900408327 ], [ 308.350939950965824, 342.477573971734898 ], [ 315.665151724527902, 340.815253111123582 ], [ 357.463965975447024, 350.703144654143216 ] ] ] } },
{ "type": "Feature", "properties": { "feature_type": "building", "subtype": "no-damage", "uid": "8cbfd1eb-0195-43c4-a6cd-6de4f489a56b" }, "geometry": { "type": "Polygon", "coordinates": [ [ [ 353.416611668642872, 310.324479951800072 ], [ 356.257921166078518, 310.679643640089182 ], [ 372.561283596403882, 314.690096429383573 ], [ 372.297332239981586, 316.449772145717816 ], [ 375.019132735652704, 317.239972289689888 ], [ 373.333276369223825, 324.151983390387784 ], [ 369.102081435507273, 326.443880648905122 ], [ 368.622949328663879, 327.761493931510472 ], [ 377.039981352180916, 330.039999897793393 ], [ 376.081229270413473, 332.719876568529799 ], [ 375.523227626200594, 338.394176829428318 ], [ 345.98998135879998, 331.709999898285616 ], [ 346.867651732344598, 328.688495436984681 ], [ 342.682056438372626, 328.40311393780479 ], [ 341.369981355454911, 328.149999898198928 ], [ 340.288121844140676, 317.225753752828382 ], [ 345.989981356230089, 309.449999899738202 ], [ 350.388287775993774, 309.778763449682117 ], [ 350.499981353716294, 309.32999989750931 ], [ 353.416611668642872, 310.324479951800072 ] ] ] } },
{ "type": "Feature", "properties": { "feature_type": "building", "subtype": "no-damage", "uid": "59c66501-1af4-488d-a7b9-ae90ec1a5e0e" }, "geometry": { "type": "Polygon", "coordinates": [ [ [ 385.409981351589124, 286.469999899031279 ], [ 379.809981350521923, 307.429999900843882 ], [ 367.469201088668115, 304.25801480086659 ], [ 366.937677560421378, 307.128241854192481 ], [ 370.366614028824472, 308.183299228869885 ], [ 368.929981351605818, 313.279999899233019 ], [ 356.348957316540293, 310.187132049126717 ], [ 353.529898377528411, 309.834749682188317 ], [ 350.62998135488499, 308.839999898998826 ], [ 352.241958232582192, 302.452351638008281 ], [ 354.719004296863375, 302.806215360842884 ], [ 357.39998135572381, 292.069999899629693 ], [ 367.347992637381481, 294.797977628389219 ], [ 366.883185932196909, 289.034374480082874 ], [ 370.319981352582317, 282.839999900759324 ], [ 385.409981351589124, 286.469999899031279 ] ] ] } },
{ "type": "Feature", "properties": { "feature_type": "building", "subtype": "no-damage", "uid": "f2d4cba0-76f0-4bcd-bd3a-5f45bdba63d9" }, "geometry": { "type": "Polygon", "coordinates": [ [ [ 369.81998135092681, 282.719999898530375 ], [ 366.372644269594673, 288.923786461440216 ], [ 366.7922701306411, 294.127147159814115 ], [ 350.636022483467116, 289.541502495411692 ], [ 350.550083994726776, 286.321226065652297 ], [ 348.5799813544985, 285.879999899909421 ], [ 350.589981355387977, 278.08999989788208 ], [ 369.81998135092681, 282.719999898530375 ] ] ] } },
{ "type": "Feature", "properties": { "feature_type": "building", "subtype": "no-damage", "uid": "5c691e61-9dbd-4974-be18-d933bbb31294" }, "geometry": { "type": "Polygon", "coordinates": [ [ [ 367.366423458610882, 244.31801340345811 ], [ 391.879981347089199, 249.139999900295209 ], [ 389.117451219083591, 264.4319871616363 ], [ 389.791178876373408, 265.667154539407875 ], [ 385.039981350167693, 285.869999899100719 ], [ 360.599981352395389, 279.989999898285419 ], [ 362.045960429848321, 271.645757452791827 ], [ 365.228241598844875, 271.759410352018222 ], [ 367.366423458610882, 244.31801340345811 ] ] ] } },
{ "type": "Feature", "properties": { "feature_type": "building", "subtype": "no-damage", "uid": "c7c1b7cb-7e3a-4acd-87ed-e029b41d8f95" }, "geometry": { "type": "Polygon", "coordinates": [ [ [ 341.795408909289279, 309.138868216906019 ], [ 345.40998135417891, 309.409999900241189 ], [ 339.771638127677704, 317.084396970756814 ], [ 340.859981359532014, 328.049999897587384 ], [ 325.059981361043185, 324.989999900557791 ], [ 327.610289895416486, 311.160056293850118 ], [ 331.639669735767313, 305.082292821341809 ], [ 335.069981357583288, 304.329999900579423 ], [ 341.795408909289279, 309.138868216906019 ] ] ] } },
{ "type": "Feature", "properties": { "feature_type": "building", "subtype": "no-damage", "uid": "f70e4237-044b-42aa-93b6-245392c293a9" }, "geometry": { "type": "Polygon", "coordinates": [ [ [ 346.600377838078998, 290.035902689547413 ], [ 356.872660738289028, 292.130036779143779 ], [ 354.343303062511382, 302.247467484120818 ], [ 351.867526747675015, 301.893785151727911 ], [ 350.006580416187376, 309.248953977612814 ], [ 341.972126994855103, 308.650643614675403 ], [ 335.439981359939225, 303.979999898439473 ], [ 339.399981356632225, 288.349999897817213 ], [ 346.600377838078998, 290.035902689547413 ] ] ] } },
{ "type": "Feature", "properties": { "feature_type": "building", "subtype": "no-damage", "uid": "f0cb94c4-9ca0-44c3-8b42-d5e074d95eda" }, "geometry": { "type": "Polygon", "coordinates": [ [ [ 331.539981360856302, 281.31999989744628 ], [ 335.091946625646017, 283.18733473392939 ], [ 339.999981353993121, 283.979999899506083 ], [ 336.459711449072586, 297.304224428160296 ], [ 336.599981356098624, 297.339999899705617 ], [ 334.978507314206524, 303.760273280191598 ], [ 331.587956193716593, 304.571731500274382 ], [ 327.179981361016587, 303.629999900037376 ], [ 322.893206989548105, 299.789202480035726 ], [ 327.426527810786013, 279.886818375040889 ], [ 331.539981360856302, 281.31999989744628 ] ] ] } },
{ "type": "Feature", "properties": { "feature_type": "building", "subtype": "no-damage", "uid": "817e8f29-3c0e-4eb6-8c70-d512073dd733" }, "geometry": { "type": "Polygon", "coordinates": [ [ [ 326.339981358497027, 303.979999898439473 ], [ 331.124416469340019, 304.934455787527497 ], [ 327.140130158862689, 310.952596498110779 ], [ 324.569981362065278, 324.89999990075512 ], [ 323.516466711654516, 324.69364495809441 ], [ 316.969981363253623, 322.779999897511516 ], [ 319.041766391608519, 316.560866384500287 ], [ 315.77257173688588, 315.235517201574396 ], [ 320.019981358073608, 303.079999900412474 ], [ 326.339981358497027, 303.979999898439473 ] ] ] } },
{ "type": "Feature", "properties": { "feature_type": "building", "subtype": "no-damage", "uid": "e39af444-6f2b-41f9-bd17-a8db6e8e4d90" }, "geometry": { "type": "Polygon", "coordinates": [ [ [ 322.326772541242804, 272.689939650579902 ], [ 333.714530447785592, 274.79059402139211 ], [ 332.256903507148991, 281.037566633062909 ], [ 327.063096303312818, 279.23102499727139 ], [ 322.340380285451602, 299.964900184093324 ], [ 326.239215647032381, 303.463854998534885 ], [ 320.189981360841784, 302.599999898972783 ], [ 320.204089045003911, 302.561377703547123 ], [ 308.479831872990303, 299.387121401018078 ], [ 316.629981359586111, 270.699999898300575 ], [ 322.326772541242804, 272.689939650579902 ] ] ] } },
{ "type": "Feature", "properties": { "feature_type": "building", "subtype": "no-damage", "uid": "c6303209-bc60-42f2-a534-59ce5d344783" }, "geometry": { "type": "Polygon", "coordinates": [ [ [ 371.535890743461493, 338.212932095995427 ], [ 368.02998135498018, 353.259999899220077 ], [ 358.129981353085327, 351.109999897288276 ], [ 357.850201561460722, 350.280712585788308 ], [ 342.509981357939921, 346.649999899174588 ], [ 345.014822653256203, 335.080755766846494 ], [ 345.849981355654393, 332.189999899725308 ], [ 371.535890743461493, 338.212932095995427 ] ] ] } },
{ "type": "Feature", "properties": { "feature_type": "building", "subtype": "no-damage", "uid": "6b160e18-62a5-4843-a3aa-2368b3cafa8f" }, "geometry": { "type": "Polygon", "coordinates": [ [ [ 323.39851620938191, 325.180094971437711 ], [ 342.617299943251624, 328.899859566008274 ], [ 346.214711250709172, 329.145137611052519 ], [ 344.529810053659503, 334.958046723584516 ], [ 342.019981355691414, 346.539999897754512 ], [ 315.667413285327484, 340.301988475529186 ], [ 308.741535118846684, 337.82373205210979 ], [ 307.002032877171985, 337.01196433904812 ], [ 305.574257499758801, 331.191033957805416 ], [ 306.011031044031881, 327.806038978826223 ], [ 310.840912987180218, 321.628283007728328 ], [ 310.889981362381889, 321.519999900273774 ], [ 323.39851620938191, 325.180094971437711 ] ] ] } },
{ "type": "Feature", "properties": { "feature_type": "building", "subtype": "no-damage", "uid": "d2157d0d-2a60-4392-9751-f1a47e578eef" }, "geometry": { "type": "Polygon", "coordinates": [ [ [ 311.401508389581011, 319.186668526300025 ], [ 310.410355451627993, 321.367204983161116 ], [ 305.532686569355178, 327.606083795362395 ], [ 305.066432126967015, 331.219555691864116 ], [ 306.573497698143228, 337.363746103159713 ], [ 307.695766997555324, 338.036487927676887 ], [ 306.183659816058878, 342.492809475507215 ], [ 287.307159745754973, 338.011261244606487 ], [ 293.429981362106673, 317.029999899733923 ], [ 295.169981366625109, 315.279999900247674 ], [ 311.401508389581011, 319.186668526300025 ] ] ] } },
{ "type": "Feature", "properties": { "feature_type": "building", "subtype": "no-damage", "uid": "ad2d09bc-4ee7-4565-8b73-f3e787673b68" }, "geometry": { "type": "Polygon", "coordinates": [ [ [ 307.219981364378384, 407.439999900057217 ], [ 304.0899813612196, 423.989999900323994 ], [ 274.179981365417689, 417.599999899380805 ], [ 275.640913321891901, 411.069768576642673 ], [ 275.098231639471578, 410.201477887013425 ], [ 276.299769871544811, 404.925157846535228 ], [ 277.81654207106709, 404.058430870573886 ], [ 278.449981369192528, 401.569999900050675 ], [ 307.219981364378384, 407.439999900057217 ] ] ] } },
{ "type": "Feature", "properties": { "feature_type": "building", "subtype": "no-damage", "uid": "764c1ea4-eb03-42f5-8278-f6894da6e514" }, "geometry": { "type": "Polygon", "coordinates": [ [ [ 317.092500504110717, 387.206398231712512 ], [ 314.069981362809415, 408.209999898784474 ], [ 304.829981363828722, 406.529999897483606 ], [ 309.739981359321803, 386.299999898639214 ], [ 317.092500504110717, 387.206398231712512 ] ] ] } },
{ "type": "Feature", "properties": { "feature_type": "building", "subtype": "no-damage", "uid": "59da7214-daab-4d24-b52f-05e7adc02aba" }, "geometry": { "type": "Polygon", "coordinates": [ [ [ 285.823667387447472, 382.279673947653521 ], [ 309.374014093690789, 385.694036482821673 ], [ 304.365878627100074, 406.331008493950321 ], [ 278.579981364520677, 401.089999898610984 ], [ 278.950268385562083, 399.642865228508072 ], [ 277.86608637587392, 399.563738345996228 ], [ 282.569981366443415, 380.929999897951916 ], [ 285.823667387447472, 382.279673947653521 ] ] ] } },
{ "type": "Feature", "properties": { "feature_type": "building", "subtype": "no-damage", "uid": "2908b18d-5ebe-4d4f-97d8-079de3331123" }, "geometry": { "type": "Polygon", "coordinates": [ [ [ 282.707676433169581, 378.386191723039417 ], [ 277.866432956810002, 398.356321066813905 ], [ 271.652780840760215, 397.516638348984714 ], [ 269.379981370176608, 394.309999899768798 ], [ 273.149981367623525, 375.999999899207182 ], [ 282.707676433169581, 378.386191723039417 ] ] ] } },
{ "type": "Feature", "properties": { "feature_type": "building", "subtype": "no-damage", "uid": "b7f5c226-5cc3-4d81-98aa-adb7efba2560" }, "geometry": { "type": "Polygon", "coordinates": [ [ [ 303.989981363878826, 424.479999898834421 ], [ 303.604860493467186, 426.541931938862376 ], [ 311.692006810391092, 428.18931359753168 ], [ 312.319981362621888, 427.979999897806692 ], [ 310.336559146283321, 436.420275404068093 ], [ 274.381512627382392, 428.287586305261186 ], [ 274.176061260879692, 427.220500367356522 ], [ 271.065543394150495, 425.763904537484223 ], [ 272.907197764949387, 417.855632685833427 ], [ 303.989981363878826, 424.479999898834421 ] ] ] } },
{ "type": "Feature", "properties": { "feature_type": "building", "subtype": "no-damage", "uid": "619f5b6a-24b8-400a-ae33-7b7ecfdfc989" }, "geometry": { "type": "Polygon", "coordinates": [ [ [ 314.974102561239079, 408.87729275847272 ], [ 323.458659226199018, 408.453064925867182 ], [ 324.04998136066132, 410.149999898684825 ], [ 322.379981362504907, 424.049999897700502 ], [ 311.659743268866919, 427.672473031810512 ], [ 304.187897040270173, 426.150430280641274 ], [ 307.69783850409658, 407.617939363006087 ], [ 314.974102561239079, 408.87729275847272 ] ] ] } },
{ "type": "Feature", "properties": { "feature_type": "building", "subtype": "no-damage", "uid": "52407975-c134-4a56-a9ff-757cdde0d5c4" }, "geometry": { "type": "Polygon", "coordinates": [ [ [ 358.285201916700601, 414.769762087794618 ], [ 356.27039956326621, 422.828971502464526 ], [ 366.969981351956392, 424.559999897828391 ], [ 364.969981352109301, 433.619999897902176 ], [ 355.646948926477023, 432.283429772252873 ], [ 354.709981354040508, 438.749999897869714 ], [ 344.126929014087011, 438.641505518975521 ], [ 335.133057461242799, 437.742118361752318 ], [ 324.929981359407179, 434.559999899163984 ], [ 321.977931111115481, 431.610955381546489 ], [ 324.526530846941228, 410.372624256057009 ], [ 358.285201916700601, 414.769762087794618 ] ] ] } },
{ "type": "Feature", "properties": { "feature_type": "building", "subtype": "no-damage", "uid": "b5da4fc8-fc96-4d5e-bef9-d67bcdad6a3c" }, "geometry": { "type": "Polygon", "coordinates": [ [ [ 335.032732901232123, 438.234579688794327 ], [ 344.099421026713912, 439.141248498351899 ], [ 354.889981352244206, 439.249999897188786 ], [ 349.844236689561399, 462.416878619865486 ], [ 337.242907241250123, 461.87001477190131 ], [ 325.248664767829212, 460.194348543241517 ], [ 320.089981357660577, 458.469999900324126 ], [ 324.775879171293013, 435.036205940863113 ], [ 335.032732901232123, 438.234579688794327 ] ] ] } },
{ "type": "Feature", "properties": { "feature_type": "building", "subtype": "no-damage", "uid": "e5f9acdc-c2f0-493d-bbef-c010f9b639e0" }, "geometry": { "type": "Polygon", "coordinates": [ [ [ 441.786865633599291, 362.799113843544092 ], [ 439.814576733368483, 375.068368266930577 ], [ 443.637043326627179, 375.861335221616173 ], [ 440.462153166324981, 393.710011330422617 ], [ 397.359879050747281, 385.428738180327173 ], [ 401.772691344015584, 356.009989554497281 ], [ 441.786865633599291, 362.799113843544092 ] ] ] } },
{ "type": "Feature", "properties": { "feature_type": "building", "subtype": "no-damage", "uid": "c3414b4d-cc11-45b2-a3ff-ffa5a404f26c" }, "geometry": { "type": "Polygon", "coordinates": [ [ [ 495.965946476038482, 344.763463467585211 ], [ 490.447803767083826, 386.576409667415874 ], [ 456.780335616854472, 383.516880096125817 ], [ 458.653177313768822, 357.729290592625887 ], [ 470.610551215079283, 358.449614321794797 ], [ 471.042745450151074, 355.424254658537677 ], [ 480.695083420176275, 354.992060422531608 ], [ 480.983212910301972, 344.187204484997721 ], [ 495.965946476038482, 344.763463467585211 ] ] ] } },
{ "type": "Feature", "properties": { "feature_type": "building", "subtype": "no-damage", "uid": "da4562e9-75fe-45a0-b913-8d2a84a86968" }, "geometry": { "type": "Polygon", "coordinates": [ [ [ 1.363704887667236, 706.425315647558932 ], [ 60.144494400488647, 724.042681997627938 ], [ 51.758487127273384, 749.20070382007043 ], [ 1.363682872204638, 733.108991033643406 ], [ 1.363704887667236, 706.425315647558932 ] ] ] } },
{ "type": "Feature", "properties": { "feature_type": "building", "subtype": "no-damage", "uid": "874456b0-2f6a-4e84-9827-7cf9554d5061" }, "geometry": { "type": "Polygon", "coordinates": [ [ [ 67.468208506398511, 746.35101479453283 ], [ 85.959981399372936, 750.149999899240925 ], [ 67.332500635607659, 800.714748503051283 ], [ 52.057987385862972, 799.217247201693453 ], [ 42.47397907805572, 793.526742266999804 ], [ 60.639981400518408, 742.529999899748191 ], [ 67.468208506398511, 746.35101479453283 ] ] ] } },
{ "type": "Feature", "properties": { "feature_type": "building", "subtype": "no-damage", "uid": "01339d42-4d15-4bfb-b7b2-168e663b3b74" }, "geometry": { "type": "Polygon", "coordinates": [ [ [ 9.676433372163858, 857.153676753516038 ], [ 8.411859469133283, 859.147920315204146 ], [ 48.31998140312335, 871.699999898580018 ], [ 42.466559612981143, 890.793608688931158 ], [ 40.103860062555171, 890.321068777304276 ], [ 37.929981402951398, 894.559999900795901 ], [ 2.341174599558381, 882.597084657838423 ], [ 1.386329223491633, 885.143338989031804 ], [ 10.29821938150285, 888.644438693955522 ], [ 5.033688110316303, 902.982296895698369 ], [ 1.363478635312266, 901.84305901565574 ], [ 1.363544303935691, 856.682765191811654 ], [ 3.951858914534315, 857.441550097673257 ], [ 5.159552991037858, 855.532593726013829 ], [ 9.676433372163858, 857.153676753516038 ] ] ] } },
{ "type": "Feature", "properties": { "feature_type": "building", "subtype": "no-damage", "uid": "87bf6277-e755-47f1-9b47-087abe6977dc" }, "geometry": { "type": "Polygon", "coordinates": [ [ [ 68.543787199858187, 807.800863675761434 ], [ 55.459981401645528, 848.519999900388143 ], [ 4.279981409792543, 832.289999899835266 ], [ 3.093480897431431, 820.633145978414063 ], [ 10.359981407627121, 808.739999897885923 ], [ 35.760762691808409, 816.712753833069428 ], [ 40.534989565600767, 800.48038247217869 ], [ 68.543787199858187, 807.800863675761434 ] ] ] } },
{ "type": "Feature", "properties": { "feature_type": "building", "subtype": "no-damage", "uid": "428a6124-a3cf-4712-852b-f22c59a11d7a" }, "geometry": { "type": "Polygon", "coordinates": [ [ [ 64.029981400874917, 877.884666947548681 ], [ 61.288191877442699, 888.606129602347323 ], [ 63.499981397260427, 889.339999897287839 ], [ 61.009981402874217, 898.099999899265185 ], [ 58.419960323158101, 897.504063382387812 ], [ 57.009981398974759, 902.30999989958832 ], [ 46.869981400331433, 899.779999900566168 ], [ 42.00998140491037, 895.839999899651161 ], [ 49.569981400019962, 872.719999898835795 ], [ 64.029981400874917, 877.884666947548681 ] ] ] } },
{ "type": "Feature", "properties": { "feature_type": "building", "subtype": "no-damage", "uid": "bede3012-96b0-48a5-a356-faec2a30848b" }, "geometry": { "type": "Polygon", "coordinates": [ [ [ 80.956777068634551, 870.502376581866315 ], [ 77.789981397449708, 881.439999897578332 ], [ 53.369395055860593, 872.808292386872722 ], [ 54.299981402215437, 868.759999900041294 ], [ 54.314013858002681, 868.762153234503216 ], [ 56.929938463334047, 862.670128721151855 ], [ 80.956777068634551, 870.502376581866315 ] ] ] } },
{ "type": "Feature", "properties": { "feature_type": "building", "subtype": "no-damage", "uid": "1b9ba46b-cc76-4984-bee5-7b9b3f4db7d6" }, "geometry": { "type": "Polygon", "coordinates": [ [ [ 55.269981404034802, 849.089999897892653 ], [ 54.221106590395728, 852.360314473515018 ], [ 60.009981400497637, 854.469999899388654 ], [ 54.0170568131023, 868.192859877372712 ], [ 50.291647497701078, 867.447778014432856 ], [ 48.306803374644389, 871.169360748492181 ], [ 9.144122487656208, 858.854052294866619 ], [ 11.87644817402785, 853.886187412424874 ], [ 8.087804173830637, 852.370729810477428 ], [ 11.45094003933905, 841.560650241640019 ], [ 14.455395772521699, 841.811021554003901 ], [ 15.68981894163878, 836.873328865388658 ], [ 55.269981404034802, 849.089999897892653 ] ] ] } },
{ "type": "Feature", "properties": { "feature_type": "building", "subtype": "no-damage", "uid": "8d28b198-97a4-4a8f-b205-91b997bf73e1" }, "geometry": { "type": "Polygon", "coordinates": [ [ [ 54.555616743775609, 947.653451513564846 ], [ 66.169981401297747, 950.609999899610102 ], [ 51.599981401592437, 998.079999899790209 ], [ 30.729981405183729, 991.099999899725162 ], [ 46.27998140401283, 942.829999898391634 ], [ 54.555616743775609, 947.653451513564846 ] ] ] } },
{ "type": "Feature", "properties": { "feature_type": "building", "subtype": "no-damage", "uid": "e7ef5ba1-eaef-48ea-92d3-c5d13f29b5e8" }, "geometry": { "type": "Polygon", "coordinates": [ [ [ 33.537262211644581, 938.993864762588601 ], [ 46.174444867792239, 941.521301294191176 ], [ 29.659981406257231, 992.799999898905639 ], [ 9.429981407173715, 986.179999898051278 ], [ 25.66998140503545, 934.369999898248466 ], [ 33.537262211644581, 938.993864762588601 ] ] ] } },
{ "type": "Feature", "properties": { "feature_type": "building", "subtype": "no-damage", "uid": "4b6546a0-c0dd-4d93-8fef-5ca2975e2e50" }, "geometry": { "type": "Polygon", "coordinates": [ [ [ 8.959981409346094, 986.029999897134189 ], [ 1.363339383936941, 983.54239230248254 ], [ 1.363385416055445, 958.186291672986385 ], [ 15.926776761979291, 963.44176461508323 ], [ 8.959981409346094, 986.029999897134189 ] ] ] } },
{ "type": "Feature", "properties": { "feature_type": "building", "subtype": "no-damage", "uid": "8b469485-3875-4837-a88a-173d9f69307c" }, "geometry": { "type": "Polygon", "coordinates": [ [ [ 39.659981406427448, 1021.899999897409998 ], [ 39.366370392482693, 1022.957839826954 ], [ 3.846201057312721, 1022.957866586781961 ], [ 3.27148962372264, 1020.812300575084009 ], [ 8.045516192689476, 1011.846445795142017 ], [ 39.659981406427448, 1021.899999897409998 ] ] ] } },
{ "type": "Feature", "properties": { "feature_type": "building", "subtype": "no-damage", "uid": "f395f4f4-3f45-4255-86d3-b966773ceeef" }, "geometry": { "type": "Polygon", "coordinates": [ [ [ 34.239981404498472, 1000.819999897105959 ], [ 31.725067220876159, 1009.114308174684993 ], [ 33.449981406956958, 1012.139999900531961 ], [ 31.51286925982771, 1018.187182156421045 ], [ 11.64212874156981, 1011.720373109909019 ], [ 11.296469569279321, 1005.152848903675022 ], [ 19.039981406407719, 995.94999989947587 ], [ 34.239981404498472, 1000.819999897105959 ] ] ] } },
{ "type": "Feature", "properties": { "feature_type": "building", "subtype": "no-damage", "uid": "83ba451c-29b3-4c09-a4d9-6a3af1968dd9" }, "geometry": { "type": "Polygon", "coordinates": [ [ [ 40.809981401778117, 1002.929999899541031 ], [ 37.519981402500314, 1013.049999899366981 ], [ 33.919981403850088, 1011.949999900117973 ], [ 32.266105677587781, 1009.053343253572052 ], [ 34.719981402200332, 1000.979999898832034 ], [ 40.809981401778117, 1002.929999899541031 ] ] ] } },
{ "type": "Feature", "properties": { "feature_type": "building", "subtype": "no-damage", "uid": "356fb58d-8b94-40e4-ae44-642a9d43ca17" }, "geometry": { "type": "Polygon", "coordinates": [ [ [ 46.559981400491793, 1004.769999898829951 ], [ 44.099433371488338, 1013.390356872841039 ], [ 38.559981403205789, 1011.689999897780012 ], [ 41.289981406021361, 1003.079999900458006 ], [ 46.559981400491793, 1004.769999898829951 ] ] ] } },
{ "type": "Feature", "properties": { "feature_type": "building", "subtype": "no-damage", "uid": "614c8577-cc49-4e1f-b7f9-3d8db835d089" }, "geometry": { "type": "Polygon", "coordinates": [ [ [ 135.029981388556905, 977.739999899525628 ], [ 127.029981392906194, 1003.379999898554047 ], [ 124.3782990305385, 1003.545880730380986 ], [ 93.239981395667357, 995.329999897927792 ], [ 99.879981394402961, 970.359999900752769 ], [ 135.029981388556905, 977.739999899525628 ] ] ] } },
{ "type": "Feature", "properties": { "feature_type": "building", "subtype": "no-damage", "uid": "98fa8ca9-8a85-4168-9002-e1d51ba02dad" }, "geometry": { "type": "Polygon", "coordinates": [ [ [ 132.790117824004312, 1003.572748935833033 ], [ 157.319981385798513, 1010.849999897130033 ], [ 157.953369692976509, 1013.615389483902959 ], [ 156.204553479463613, 1022.957762455577949 ], [ 124.488190158959398, 1022.957781840474013 ], [ 129.325116409551498, 1006.076943713948026 ], [ 132.799981388798614, 1003.539999900280009 ], [ 132.790117824004312, 1003.572748935833033 ] ] ] } },
{ "type": "Feature", "properties": { "feature_type": "building", "subtype": "no-damage", "uid": "a4127a15-4ad3-4a27-9266-23dc372e2246" }, "geometry": { "type": "Polygon", "coordinates": [ [ [ 172.499981383907198, 1016.949999900784974 ], [ 170.873336729251491, 1022.957753895723044 ], [ 156.727151570146191, 1022.95776214532998 ], [ 158.639981382749397, 1013.339999900392968 ], [ 165.306232953537688, 1010.628288782898949 ], [ 172.499981383907198, 1016.949999900784974 ] ] ] } },
{ "type": "Feature", "properties": { "feature_type": "building", "subtype": "no-damage", "uid": "ed01e5a6-b5ba-49e6-83aa-510df0f9e330" }, "geometry": { "type": "Polygon", "coordinates": [ [ [ 201.344314871910996, 1005.917721440515038 ], [ 213.463349463555687, 1006.666650547361996 ], [ 211.921451511332009, 1022.957731314897956 ], [ 193.815688537936609, 1022.957741026036047 ], [ 197.229981380836193, 1004.209999898395949 ], [ 201.344314871910996, 1005.917721440515038 ] ] ] } },
{ "type": "Feature", "properties": { "feature_type": "building", "subtype": "no-damage", "uid": "e79c6e26-1cc6-40ad-a048-2ded3da9c960" }, "geometry": { "type": "Polygon", "coordinates": [ [ [ 297.098168494137326, 1015.009436965160944 ], [ 297.099981363147322, 1014.949999899771001 ], [ 302.422231746756609, 1015.736022852913948 ], [ 302.254794946248524, 1018.143724188335 ], [ 300.104591963133998, 1018.459387245644962 ], [ 299.817305658964699, 1020.647599302569006 ], [ 303.414173062359282, 1020.95741134723005 ], [ 303.377832578670507, 1022.957688250227989 ], [ 281.787132839009075, 1022.957697512813979 ], [ 281.879981363672812, 1021.549999899007958 ], [ 290.417148505944624, 1021.990958444043031 ], [ 290.979981362311491, 1014.379999898528013 ], [ 297.098168494137326, 1015.009436965160944 ] ] ] } },
{ "type": "Feature", "properties": { "feature_type": "building", "subtype": "no-damage", "uid": "8f757e06-1a0d-4da3-8ef3-4675ace5f4a8" }, "geometry": { "type": "Polygon", "coordinates": [ [ [ 290.919981366570312, 1008.309999897299008 ], [ 289.954315004695616, 1021.466240949709004 ], [ 278.119981365399212, 1020.849999898465967 ], [ 279.343850320905915, 1016.33782257182304 ], [ 277.472180588533774, 1015.921895963798988 ], [ 279.345115968675316, 1007.156365510158025 ], [ 290.919981366570312, 1008.309999897299008 ] ] ] } },
{ "type": "Feature", "properties": { "feature_type": "building", "subtype": "no-damage", "uid": "eac19b2d-966e-4580-90eb-c8edca3fe12e" }, "geometry": { "type": "Polygon", "coordinates": [ [ [ 310.453693006328422, 1016.387344293002002 ], [ 310.503557383619011, 1020.21643310521597 ], [ 312.028098994221807, 1020.718844557890975 ], [ 311.889014487253689, 1022.95768475152704 ], [ 304.112650310385106, 1022.957687947455042 ], [ 303.819981365082128, 1015.759999897995044 ], [ 310.453693006328422, 1016.387344293002002 ] ] ] } },
{ "type": "Feature", "properties": { "feature_type": "building", "subtype": "no-damage", "uid": "fad72ee9-5869-4239-b656-b90327b8ec94" }, "geometry": { "type": "Polygon", "coordinates": [ [ [ 270.019916207236577, 1016.826316349739045 ], [ 269.439461398846106, 1022.957703063637041 ], [ 253.521787827167486, 1022.957710483424989 ], [ 255.244050616441314, 1016.930100640071032 ], [ 270.019916207236577, 1016.826316349739045 ] ] ] } },
{ "type": "Feature", "properties": { "feature_type": "building", "subtype": "no-damage", "uid": "981d9d2d-3148-4beb-8576-a9831f4c3609" }, "geometry": { "type": "Polygon", "coordinates": [ [ [ 232.660874360412691, 989.520191292173195 ], [ 229.793920117635196, 999.003193787134251 ], [ 229.903416529248886, 1007.653410116548002 ], [ 217.278029612695889, 1005.258940183482991 ], [ 216.022859872337591, 1000.170149384093975 ], [ 215.759981376767314, 994.839999899417307 ], [ 219.023698846471007, 986.683658787075728 ], [ 232.660874360412691, 989.520191292173195 ] ] ] } },
{ "type": "Feature", "properties": { "feature_type": "building", "subtype": "no-damage", "uid": "1e7b87ee-b7d7-4238-9f6d-e79800044a76" }, "geometry": { "type": "Polygon", "coordinates": [ [ [ 210.729981379512395, 1001.209999898743035 ], [ 210.269981375952199, 1005.969999898690958 ], [ 201.458836530129702, 1005.423844791816009 ], [ 197.269981381267712, 1003.679999900389021 ], [ 197.739236805525195, 999.902296996379846 ], [ 210.729981379512395, 1001.209999898743035 ] ] ] } },
{ "type": "Feature", "properties": { "feature_type": "building", "subtype": "no-damage", "uid": "04df7c7f-9030-4b82-a263-ff7a4cb482b1" }, "geometry": { "type": "Polygon", "coordinates": [ [ [ 216.087193034241096, 984.393695405517974 ], [ 214.884351507153809, 994.007041602276445 ], [ 215.055724810957997, 999.405300680283972 ], [ 202.725262655779204, 998.88793863246201 ], [ 193.059981380476188, 994.549999898391775 ], [ 194.749981377446687, 983.279999899009681 ], [ 203.66919269932859, 985.049798818265913 ], [ 208.743326866626603, 983.107892717950563 ], [ 216.087193034241096, 984.393695405517974 ] ] ] } },
{ "type": "Feature", "properties": { "feature_type": "building", "subtype": "no-damage", "uid": "3151cd42-e533-4a05-aab8-f4302dfafc70" }, "geometry": { "type": "Polygon", "coordinates": [ [ [ 192.153314714386596, 1004.663333232258992 ], [ 188.159447079793892, 1009.307334592401958 ], [ 185.272240291625195, 1019.190465525021978 ], [ 178.079981380553392, 1017.709999898704041 ], [ 178.252195437857296, 1010.078037179589046 ], [ 183.669981382680788, 1002.189999899502027 ], [ 192.153314714386596, 1004.663333232258992 ] ] ] } },
{ "type": "Feature", "properties": { "feature_type": "building", "subtype": "no-damage", "uid": "716e9c22-183d-4185-8a54-089221b0884b" }, "geometry": { "type": "Polygon", "coordinates": [ [ [ 183.16998138149259, 1002.039999898585052 ], [ 177.755631550058894, 1009.917857237737962 ], [ 177.579981384037609, 1017.609999898092951 ], [ 172.920449308363487, 1016.653937017603994 ], [ 165.404244017740893, 1010.048786912111041 ], [ 158.308659530735412, 1012.931368109685991 ], [ 157.819981384416991, 1010.789999899752956 ], [ 158.172895728624013, 1008.528531380288996 ], [ 157.340082101919705, 1003.532429193958023 ], [ 163.963314716345991, 996.443333232835244 ], [ 183.16998138149259, 1002.039999898585052 ] ] ] } },
{ "type": "Feature", "properties": { "feature_type": "building", "subtype": "no-damage", "uid": "fab41e3c-7f28-404f-8d95-b1c7af58b551" }, "geometry": { "type": "Polygon", "coordinates": [ [ [ 190.970057335760913, 980.053160474728884 ], [ 191.779981378349987, 982.359999899365221 ], [ 189.529981379076787, 994.439999900709495 ], [ 189.310165022984904, 994.428501532693417 ], [ 179.619981382914489, 993.60999989712991 ], [ 181.722110835744502, 984.363960904393707 ], [ 181.045364886940803, 980.574183583992294 ], [ 182.217353385082191, 980.574183583992294 ], [ 183.229981378869098, 977.849999897207908 ], [ 190.970057335760913, 980.053160474728884 ] ] ] } },
{ "type": "Feature", "properties": { "feature_type": "building", "subtype": "no-damage", "uid": "4a1d6fc6-d133-4c8c-9f40-6cc335ecd53c" }, "geometry": { "type": "Polygon", "coordinates": [ [ [ 182.899981384186987, 977.299999897583007 ], [ 181.869346716322013, 980.074183580935255 ], [ 180.44816979118329, 980.074183580935255 ], [ 181.212071302586907, 984.352032027973337 ], [ 179.116315436214308, 993.573357828049325 ], [ 176.232760537078406, 992.996646847708348 ], [ 175.515879954678212, 996.29429753889633 ], [ 161.929981386933207, 992.659999898797196 ], [ 165.821361315225289, 981.912231510768038 ], [ 165.869981384578608, 980.719999897561252 ], [ 171.097761541039688, 981.735462015606799 ], [ 172.389611756055501, 978.782661511861193 ], [ 175.098708498819491, 979.143874412702985 ], [ 177.661667690932489, 976.031709672748889 ], [ 182.899981384186987, 977.299999897583007 ] ] ] } },
{ "type": "Feature", "properties": { "feature_type": "building", "subtype": "no-damage", "uid": "fbc217a6-014e-4bf0-ac2f-5e21b70b065e" }, "geometry": { "type": "Polygon", "coordinates": [ [ [ 152.745934744212093, 979.070149210228351 ], [ 156.830005147662092, 980.998738010598117 ], [ 165.144913901664012, 982.311618343472333 ], [ 159.971485667893688, 996.594778907385944 ], [ 162.556064632534202, 997.563996016964893 ], [ 156.979265733583702, 1003.359492914260045 ], [ 157.667660754790802, 1008.522455549948972 ], [ 157.379208092037089, 1010.349322413277037 ], [ 133.109981390039906, 1003.139999897834969 ], [ 133.246375178597987, 998.496881238220794 ], [ 136.109981389927412, 992.509999897880107 ], [ 137.352295315188911, 992.891206460813009 ], [ 138.704202460666494, 989.025627997278548 ], [ 140.79499038263981, 989.233190088898709 ], [ 144.619981386874286, 976.239999897830103 ], [ 152.745934744212093, 979.070149210228351 ] ] ] } },
{ "type": "Feature", "properties": { "feature_type": "building", "subtype": "no-damage", "uid": "8c5b7b11-4ca8-4b79-bebb-4da40e5f701d" }, "geometry": { "type": "Polygon", "coordinates": [ [ [ 233.179351228498888, 925.184064036065706 ], [ 247.979981369686101, 927.649999900520697 ], [ 241.718096784074987, 961.502889933418373 ], [ 246.249981373218702, 962.399999899928844 ], [ 244.559981372977603, 972.539999897634971 ], [ 230.326145144268395, 972.984710642277491 ], [ 208.637032625494101, 966.341198699271786 ], [ 210.469981375072507, 956.249999899705585 ], [ 218.707395546073286, 957.880022100256269 ], [ 221.527116150473489, 939.608232566067386 ], [ 226.802700756150188, 940.955190334369036 ], [ 227.490146454565007, 938.480385816618877 ], [ 224.215740492721693, 937.012548661100823 ], [ 228.159981375025296, 922.539999898432711 ], [ 230.55998137241221, 922.289999900642101 ], [ 233.179351228498888, 925.184064036065706 ] ] ] } },
{ "type": "Feature", "properties": { "feature_type": "building", "subtype": "no-damage", "uid": "e9bab740-66db-4c7d-afb8-b6bad967a159" }, "geometry": { "type": "Polygon", "coordinates": [ [ [ 266.889249953419778, 926.128213343212224 ], [ 266.474666007801886, 934.29602343971635 ], [ 292.657918960094776, 940.353343154985509 ], [ 286.059981365542285, 969.779999898701703 ], [ 242.299510967247613, 961.108343388791354 ], [ 248.536648039709803, 927.396666564143288 ], [ 248.903314703946108, 923.119999900483776 ], [ 266.889249953419778, 926.128213343212224 ] ] ] } },
{ "type": "Feature", "properties": { "feature_type": "building", "subtype": "no-damage", "uid": "d18108cf-056e-47f2-893a-c500061746ce" }, "geometry": { "type": "Polygon", "coordinates": [ [ [ 249.47117693382441, 915.910575130277834 ], [ 248.50998137423511, 921.679999899902782 ], [ 248.045043795540295, 927.154782587805357 ], [ 233.433300476855408, 924.719492034224572 ], [ 231.179981372792298, 922.229999899527684 ], [ 232.913570670189387, 922.053504970144218 ], [ 235.27422437798819, 912.634392388654987 ], [ 249.47117693382441, 915.910575130277834 ] ] ] } },
{ "type": "Feature", "properties": { "feature_type": "building", "subtype": "no-damage", "uid": "6fe06f64-2ee3-4614-b6c3-93012e96ba29" }, "geometry": { "type": "Polygon", "coordinates": [ [ [ 236.161853373709988, 906.99544587502885 ], [ 232.516735508937586, 921.591402011918376 ], [ 227.227453099279103, 922.131124708793322 ], [ 221.649981375589391, 919.519999897162165 ], [ 223.079981378165598, 911.459999899464719 ], [ 225.019981373627587, 906.489999897485177 ], [ 225.050749232010503, 906.506109074690698 ], [ 234.199981376166306, 906.369999898994251 ], [ 236.161853373709988, 906.99544587502885 ] ] ] } },
{ "type": "Feature", "properties": { "feature_type": "building", "subtype": "no-damage", "uid": "4c8cc99d-0725-4f5d-a7f5-1ef0954d05d8" }, "geometry": { "type": "Polygon", "coordinates": [ [ [ 275.609981367059277, 877.119999899573031 ], [ 271.959981369271475, 901.119999900535731 ], [ 260.584023396045211, 902.539166270490796 ], [ 255.61998136799491, 899.559999897725788 ], [ 259.249981368603983, 874.029999900117218 ], [ 275.609981367059277, 877.119999899573031 ] ] ] } },
{ "type": "Feature", "properties": { "feature_type": "building", "subtype": "no-damage", "uid": "6e4baabb-724f-4721-8d6a-5528053d13ee" }, "geometry": { "type": "Polygon", "coordinates": [ [ [ 228.641690185291992, 873.343795216992476 ], [ 237.199981373951204, 874.259999900028333 ], [ 232.881053861134887, 895.844233974271447 ], [ 236.219981373659408, 898.349999900793819 ], [ 234.400474174161587, 905.864389187217057 ], [ 225.128195609988694, 906.004878254112782 ], [ 219.753477621093595, 904.213305592861389 ], [ 224.759647545566907, 874.891453186440572 ], [ 224.589981375764211, 874.859999899959007 ], [ 225.097296218818514, 874.480335688434479 ], [ 225.499981373665605, 872.029999899102563 ], [ 228.641690185291992, 873.343795216992476 ] ] ] } },
{ "type": "Feature", "properties": { "feature_type": "building", "subtype": "no-damage", "uid": "3955e9fb-061d-411c-85db-fe16cae45f36" }, "geometry": { "type": "Polygon", "coordinates": [ [ [ 244.279787683133605, 873.693314244959652 ], [ 257.721235602459103, 873.783525303139982 ], [ 257.72998136762692, 873.739999899091686 ], [ 258.759981369626189, 873.929999899505788 ], [ 254.839783335358987, 901.526657979182346 ], [ 240.161883303929898, 900.679856055640244 ], [ 233.43314251668221, 895.63330046205192 ], [ 237.724185733446404, 874.178084377302298 ], [ 237.399981374239701, 874.109999899111244 ], [ 238.25998137557329, 871.3199998977517 ], [ 244.279787683133605, 873.693314244959652 ] ] ] } },
{ "type": "Feature", "properties": { "feature_type": "building", "subtype": "no-damage", "uid": "963b669b-d4e9-42f0-87ed-125ccaa3a9cb" }, "geometry": { "type": "Polygon", "coordinates": [ [ [ 311.959112485506012, 836.970702291138764 ], [ 311.512579457180323, 856.289782947707522 ], [ 304.988878284020416, 860.8720101215456 ], [ 294.029981362972023, 859.969999899375694 ], [ 294.985239634792492, 835.892288217943928 ], [ 311.959112485506012, 836.970702291138764 ] ] ] } },
{ "type": "Feature", "properties": { "feature_type": "building", "subtype": "no-damage", "uid": "f58c3f70-7bd8-422b-8af6-e4f23d18fec6" }, "geometry": { "type": "Polygon", "coordinates": [ [ [ 290.447839513458177, 846.412364197344687 ], [ 289.882464287706682, 850.369990776203053 ], [ 293.889981361461821, 851.019999900722041 ], [ 293.639981363437528, 857.379999899239124 ], [ 288.608953883078073, 858.042278089023625 ], [ 281.249981364119208, 856.099999900383864 ], [ 282.530381519168373, 845.289205011703302 ], [ 283.081930822281208, 845.178895150987273 ], [ 283.089981367847372, 844.999999899798468 ], [ 290.447839513458177, 846.412364197344687 ] ] ] } },
{ "type": "Feature", "properties": { "feature_type": "building", "subtype": "no-damage", "uid": "a39781de-da70-4bf8-a39c-745acdd9667e" }, "geometry": { "type": "Polygon", "coordinates": [ [ [ 290.238265375455114, 821.38300863656616 ], [ 292.820803308415577, 822.674277603046107 ], [ 297.019981366022307, 822.779999900748066 ], [ 297.049981363542486, 822.829999897315815 ], [ 296.099981361238008, 835.459999898284991 ], [ 294.505842029917915, 835.360496309489804 ], [ 294.219981363853378, 842.649999900381658 ], [ 281.009981365268288, 841.999999900145326 ], [ 279.52613178811481, 841.630007125541056 ], [ 269.966727208675024, 840.394803164666087 ], [ 268.619981368753486, 838.579999900166968 ], [ 271.369981367112416, 825.119999899356003 ], [ 272.663115276147721, 819.745571646154417 ], [ 290.238265375455114, 821.38300863656616 ] ] ] } },
{ "type": "Feature", "properties": { "feature_type": "building", "subtype": "no-damage", "uid": "dd926011-b7a6-44af-bcc5-c5813d7d6dfa" }, "geometry": { "type": "Polygon", "coordinates": [ [ [ 270.339981367449298, 816.909999900741468 ], [ 269.759981367267017, 824.619999900036873 ], [ 257.089981368899885, 823.579999898163578 ], [ 257.869981369837888, 815.639999898957058 ], [ 270.339981367449298, 816.909999900741468 ] ] ] } },
{ "type": "Feature", "properties": { "feature_type": "building", "subtype": "no-damage", "uid": "a98adf09-99db-4271-bf5d-3f16b08ab6a3" }, "geometry": { "type": "Polygon", "coordinates": [ [ [ 277.844215781822982, 779.340499639857967 ], [ 278.686271171068597, 783.706811244996516 ], [ 277.404386254637018, 794.328143396896508 ], [ 275.373492801785915, 807.436637507648584 ], [ 276.660256112603804, 811.480750770218037 ], [ 275.755715007001527, 817.019999898423748 ], [ 253.625715008214996, 814.779999900427129 ], [ 256.414215785447823, 801.770499640939875 ], [ 257.808662767126975, 802.060844058407497 ], [ 260.406028622038207, 783.137178528840877 ], [ 266.704215786409975, 777.920499640894377 ], [ 277.844215781822982, 779.340499639857967 ] ] ] } },
{ "type": "Feature", "properties": { "feature_type": "building", "subtype": "no-damage", "uid": "e892e141-46a9-40d3-b10d-001a0462b1c0" }, "geometry": { "type": "Polygon", "coordinates": [ [ [ 270.717502232489778, 825.430852220648603 ], [ 268.099981368751173, 838.559999898549563 ], [ 262.989981371801491, 838.329999898638448 ], [ 263.123788229497507, 837.515586842578045 ], [ 257.449981370213379, 837.359999898688329 ], [ 259.989981369811403, 824.819999897521825 ], [ 270.717502232489778, 825.430852220648603 ] ] ] } },
{ "type": "Feature", "properties": { "feature_type": "building", "subtype": "no-damage", "uid": "291fc6f1-8960-49c9-ae85-ac1b0c4239c5" }, "geometry": { "type": "Polygon", "coordinates": [ [ [ 287.469981363230374, 779.449999898967803 ], [ 295.456000666624277, 781.130356692990972 ], [ 302.629981362291289, 781.199999898453939 ], [ 302.997722227193208, 792.58375114942919 ], [ 304.735644579549103, 796.494076441119319 ], [ 303.440368123946428, 806.42452925689156 ], [ 298.925209242147218, 815.239839457157359 ], [ 291.004560753729322, 817.440019590154634 ], [ 290.839981367576286, 819.259999900158277 ], [ 288.398334643479473, 819.081521981176707 ], [ 288.30998136364741, 820.689999899930626 ], [ 284.620736028367276, 820.337040908974814 ], [ 275.705501453017291, 819.441021206409005 ], [ 276.95873580746121, 811.742581613524067 ], [ 275.671358612490394, 807.696539004364126 ], [ 277.685543095972321, 794.695893706141078 ], [ 278.977798685796699, 783.988633103940629 ], [ 278.149981364554719, 779.679999898878918 ], [ 280.414295778080373, 777.837897722413459 ], [ 287.469981363230374, 779.449999898967803 ] ] ] } },
{ "type": "Feature", "properties": { "feature_type": "building", "subtype": "no-damage", "uid": "205a7901-7648-4738-9421-25aa8e556f10" }, "geometry": { "type": "Polygon", "coordinates": [ [ [ 313.259981363650525, 824.990535810559891 ], [ 312.87998135955138, 836.539999899655299 ], [ 296.599981365229723, 835.489999900711155 ], [ 297.529685808167926, 823.151802804460999 ], [ 313.259981363650525, 824.990535810559891 ] ] ] } },
{ "type": "Feature", "properties": { "feature_type": "building", "subtype": "no-damage", "uid": "a1253686-b003-4608-981e-49cf5cfdc044" }, "geometry": { "type": "Polygon", "coordinates": [ [ [ 268.584775852761709, 839.079272491183247 ], [ 269.66390211692061, 840.85983083116821 ], [ 279.434047107910089, 842.12226529618556 ], [ 282.744622338575596, 842.937176124668099 ], [ 282.611012533006715, 844.76317685770141 ], [ 282.076632084979622, 844.870052945437806 ], [ 280.279981368140398, 860.019999899681352 ], [ 260.119981371680922, 856.219999898874789 ], [ 262.909981369303182, 838.819999897148932 ], [ 268.584775852761709, 839.079272491183247 ] ] ] } },
{ "type": "Feature", "properties": { "feature_type": "building", "subtype": "no-damage", "uid": "56f9c7c8-402c-4e47-8295-8e824c0dbc9c" }, "geometry": { "type": "Polygon", "coordinates": [ [ [ 262.539834708867318, 837.999221941809878 ], [ 259.616883064186879, 856.224685156380133 ], [ 253.1828856782424, 855.293448690396644 ], [ 247.784819203992413, 852.373183222077046 ], [ 243.480310685884604, 851.866770455570759 ], [ 244.439981371215907, 844.989999898989709 ], [ 249.322887685456806, 845.889318304499625 ], [ 250.5099813710452, 837.659999900522621 ], [ 262.539834708867318, 837.999221941809878 ] ] ] } },
{ "type": "Feature", "properties": { "feature_type": "building", "subtype": "no-damage", "uid": "457c16cf-7ab7-4647-a09b-a2ab352ee90a" }, "geometry": { "type": "Polygon", "coordinates": [ [ [ 283.213451364981779, 861.083436950576811 ], [ 280.549217746197201, 874.318662025620483 ], [ 278.900246721859901, 874.926177664714714 ], [ 277.964614623560408, 877.052614245748032 ], [ 257.79998137282081, 873.249999900581201 ], [ 260.293906844315813, 856.75899458564038 ], [ 283.213451364981779, 861.083436950576811 ] ] ] } },
{ "type": "Feature", "properties": { "feature_type": "building", "subtype": "no-damage", "uid": "95c3856d-81cc-4fbc-9bfd-29edbefbd89c" }, "geometry": { "type": "Polygon", "coordinates": [ [ [ 245.614944860243696, 855.947882994852989 ], [ 259.609227013254781, 857.826291181964507 ], [ 257.291076626537972, 873.280627071289928 ], [ 244.376434016902891, 873.19395161846694 ], [ 238.35998137478299, 870.81999989843257 ], [ 240.749981375099196, 854.429999899891641 ], [ 245.614944860243696, 855.947882994852989 ] ] ] } },
{ "type": "Feature", "properties": { "feature_type": "building", "subtype": "no-damage", "uid": "85498453-5fed-4765-8559-e627d6b1337a" }, "geometry": { "type": "Polygon", "coordinates": [ [ [ 241.689981375426811, 844.47999989886182 ], [ 240.274725059187602, 855.139999897504481 ], [ 228.109981374719609, 853.909999898954993 ], [ 229.399981372514901, 842.219999899247682 ], [ 241.689981375426811, 844.47999989886182 ] ] ] } },
{ "type": "Feature", "properties": { "feature_type": "building", "subtype": "no-damage", "uid": "a44720ce-d856-4749-96e6-da3fff9928f0" }, "geometry": { "type": "Polygon", "coordinates": [ [ [ 259.001303430694179, 824.827470019933799 ], [ 256.166211955320989, 837.106238285449763 ], [ 250.137925939678212, 836.767602792379193 ], [ 248.902478862784903, 845.303418977078536 ], [ 231.349981371822707, 842.069999898330593 ], [ 232.498894575062991, 834.712145535504987 ], [ 237.971341583490101, 827.529558835573766 ], [ 239.149981372791814, 820.879999900344728 ], [ 259.001303430694179, 824.827470019933799 ] ] ] } },
{ "type": "Feature", "properties": { "feature_type": "building", "subtype": "no-damage", "uid": "75bc2961-6f28-4a4c-afab-f37a324c0469" }, "geometry": { "type": "Polygon", "coordinates": [ [ [ 240.157897111419686, 855.597180052888007 ], [ 237.829109698694907, 871.011534830467667 ], [ 236.99214384281251, 873.731673873357067 ], [ 228.767530069553203, 872.854381736795403 ], [ 225.579981376163886, 871.519999898974561 ], [ 228.379981373193203, 854.299999900591956 ], [ 240.157897111419686, 855.597180052888007 ] ] ] } },
{ "type": "Feature", "properties": { "feature_type": "building", "subtype": "no-damage", "uid": "9f12770a-3ccd-4b92-a11a-35eb38feece0" }, "geometry": { "type": "Polygon", "coordinates": [ [ [ 200.481899296155888, 852.983089800776952 ], [ 213.3199813784816, 853.669999898235233 ], [ 219.314986342989101, 855.064612374815965 ], [ 227.843003503341407, 854.517944611089092 ], [ 224.636186177439811, 874.201168222013166 ], [ 221.709981374834911, 876.399999897413522 ], [ 211.507680093183609, 876.019920032011441 ], [ 209.859981377136393, 876.149999899622912 ], [ 212.639563389941401, 860.580723772337933 ], [ 200.476611111299604, 858.598613032170533 ], [ 192.809981380349313, 855.519999898332799 ], [ 192.982080064163199, 855.26702140721693 ], [ 193.852882503705104, 850.913009211845065 ], [ 196.689981381786311, 849.449999897103453 ], [ 200.481899296155888, 852.983089800776952 ] ] ] } },
{ "type": "Feature", "properties": { "feature_type": "building", "subtype": "no-damage", "uid": "e910d758-1414-44a2-aab6-05d292c53b1b" }, "geometry": { "type": "Polygon", "coordinates": [ [ [ 236.729981373320186, 815.599999899460045 ], [ 235.93700681101609, 817.462844344110522 ], [ 236.896153943901709, 826.917294667063629 ], [ 232.864272610747292, 828.899066848122402 ], [ 231.719122284505687, 832.873412088330497 ], [ 226.499981377210304, 831.839999897083771 ], [ 227.383918767010414, 816.84939055004827 ], [ 224.37241750338049, 816.799780053074414 ], [ 224.557231308776494, 814.280948284512078 ], [ 225.046648044709201, 812.306666563932595 ], [ 236.729981373320186, 815.599999899460045 ] ] ] } },
{ "type": "Feature", "properties": { "feature_type": "building", "subtype": "no-damage", "uid": "fea0fbdb-34d9-4144-a909-fcb6e6fe75af" }, "geometry": { "type": "Polygon", "coordinates": [ [ [ 214.521085320068096, 817.16827347365836 ], [ 226.853897200222605, 817.341975049300231 ], [ 225.993583397947901, 831.881278279237904 ], [ 223.433262631797504, 833.117295202116338 ], [ 222.908829886291301, 838.973460883162829 ], [ 218.729981376798406, 839.289999897779808 ], [ 215.192431747955112, 838.233107996536546 ], [ 216.166616888139714, 831.590936568030429 ], [ 202.609981381399194, 828.119999899009144 ], [ 204.239981378890491, 814.039999900388011 ], [ 214.521085320068096, 817.16827347365836 ] ] ] } },
{ "type": "Feature", "properties": { "feature_type": "building", "subtype": "no-damage", "uid": "05643913-29be-453c-8170-a1ee0cb10623" }, "geometry": { "type": "Polygon", "coordinates": [ [ [ 215.606611845707988, 831.963590306435435 ], [ 214.635045336119191, 838.587907401295183 ], [ 219.063680541567209, 839.916497962298536 ], [ 217.877282335833598, 850.255110902045885 ], [ 214.179817941708308, 849.902971433157632 ], [ 213.558989110884909, 853.18449525926394 ], [ 200.689962577832688, 852.493540813206891 ], [ 197.169981381123392, 849.209999900121488 ], [ 197.213429557706291, 849.187322887777555 ], [ 194.109981380355094, 840.549999898755573 ], [ 194.241538810800108, 840.568151180893665 ], [ 197.269981378931504, 830.119999900023913 ], [ 201.750622502968497, 828.412993034824581 ], [ 215.606611845707988, 831.963590306435435 ] ] ] } },
{ "type": "Feature", "properties": { "feature_type": "building", "subtype": "no-damage", "uid": "9b845739-fa15-4129-8497-0559b42ae5b8" }, "geometry": { "type": "Polygon", "coordinates": [ [ [ 200.341477735776095, 859.08318702420695 ], [ 212.058204796769786, 860.992579582183566 ], [ 209.34998138027899, 876.189999899119925 ], [ 200.319981378423904, 876.879999898853157 ], [ 189.114581032094208, 872.210640037601252 ], [ 189.649981382473811, 860.129999897363632 ], [ 192.519981378155592, 855.939999898658016 ], [ 200.341477735776095, 859.08318702420695 ] ] ] } },
{ "type": "Feature", "properties": { "feature_type": "building", "subtype": "no-damage", "uid": "b580275d-b611-48cc-82f1-d9a65b4437fe" }, "geometry": { "type": "Polygon", "coordinates": [ [ [ 172.761994896026408, 858.650571157376021 ], [ 172.769981385184309, 858.639999900214775 ], [ 178.015994860327311, 860.336264098079369 ], [ 179.349061278229811, 857.670131254799344 ], [ 188.589981382954306, 859.979999900184453 ], [ 184.738234915022787, 877.387701899222179 ], [ 184.759981382056708, 877.399999899789805 ], [ 180.087980251212088, 877.346023192434018 ], [ 177.464438197233989, 876.034252164510804 ], [ 173.030572144645589, 874.807863681164577 ], [ 172.139486555892603, 878.817748817469237 ], [ 166.637768633540986, 878.008672651936763 ], [ 167.51525549583701, 874.937468633784874 ], [ 158.149981387743111, 872.659999897721377 ], [ 162.049981382620814, 856.149999900689522 ], [ 172.761994896026408, 858.650571157376021 ] ] ] } },
{ "type": "Feature", "properties": { "feature_type": "building", "subtype": "no-damage", "uid": "b4fc2c9f-47c9-404b-8d4a-a740b672d253" }, "geometry": { "type": "Polygon", "coordinates": [ [ [ 166.891535826338298, 875.300460010959227 ], [ 166.000157549163504, 878.420283971374829 ], [ 172.526722555168391, 879.380072942042034 ], [ 173.404502105185287, 875.430064963579525 ], [ 177.284302192176597, 876.503201156918976 ], [ 179.96735554726601, 877.844727835164122 ], [ 185.8699813802466, 877.909999899917807 ], [ 192.358733905270611, 880.904855284331461 ], [ 191.149981383001602, 889.169999898491142 ], [ 186.2735245596906, 891.300085003954678 ], [ 185.233913616335514, 895.198626032190646 ], [ 182.416169167666112, 895.02251700277634 ], [ 179.930996205962998, 900.434883563798621 ], [ 176.48661623583871, 898.315265117051581 ], [ 168.277411767397297, 897.267281569638726 ], [ 167.569283721889093, 895.054381423980317 ], [ 161.919943958249405, 894.395291784133747 ], [ 160.868587876568114, 896.760842970310705 ], [ 150.99998138420699, 894.369999900381799 ], [ 155.469981388737494, 876.039999898202723 ], [ 157.125752623995396, 876.592841384870553 ], [ 157.926695790405489, 873.122087668744939 ], [ 166.891535826338298, 875.300460010959227 ] ] ] } },
{ "type": "Feature", "properties": { "feature_type": "building", "subtype": "no-damage", "uid": "1e57fe92-0332-48ad-888e-6e9a43ae658d" }, "geometry": { "type": "Polygon", "coordinates": [ [ [ 209.162911171723607, 918.030363204206424 ], [ 203.887181100132295, 946.362987670652956 ], [ 197.439066568862302, 945.4903192727744 ], [ 194.417026659625691, 952.533185879874395 ], [ 166.957070598993397, 947.730769541601603 ], [ 167.543262825328412, 938.937886084435263 ], [ 166.175480954613107, 934.052950832115243 ], [ 175.068675801202602, 911.840369435612502 ], [ 209.162911171723607, 918.030363204206424 ] ] ] } },
{ "type": "Feature", "properties": { "feature_type": "building", "subtype": "no-damage", "uid": "45bfa18d-cca9-4012-857d-d5c8a24f88f0" }, "geometry": { "type": "Polygon", "coordinates": [ [ [ 139.505314315337301, 898.217048429651868 ], [ 139.509981387121087, 898.169999897450452 ], [ 149.001988125454602, 899.88484872294498 ], [ 149.551499478342009, 897.869973760022276 ], [ 167.824672355983097, 901.81124634232981 ], [ 162.578110875101686, 925.45219413689324 ], [ 158.251023518997897, 924.578101446330379 ], [ 154.432583160571596, 944.949300512842001 ], [ 115.004836222818597, 937.591515058722734 ], [ 122.3550714201223, 899.194438351026633 ], [ 125.599434289170304, 899.929907066298597 ], [ 126.139981390080806, 896.079999900370922 ], [ 139.505314315337301, 898.217048429651868 ] ] ] } },
{ "type": "Feature", "properties": { "feature_type": "building", "subtype": "no-damage", "uid": "77127887-d3ca-4bb5-b0fd-5a8f4026200f" }, "geometry": { "type": "Polygon", "coordinates": [ [ [ 139.461467278220198, 882.245521091547403 ], [ 137.331770215726095, 888.999031451091696 ], [ 137.290948546021013, 895.615785722920236 ], [ 123.625307566455405, 892.997846836392796 ], [ 123.210535386249404, 886.429109937850967 ], [ 126.179981389110594, 879.759999900015373 ], [ 139.461467278220198, 882.245521091547403 ] ] ] } },
{ "type": "Feature", "properties": { "feature_type": "building", "subtype": "no-damage", "uid": "c8fca414-b9b9-4a6f-bc40-fbe7ba843bf2" }, "geometry": { "type": "Polygon", "coordinates": [ [ [ 140.389447627008508, 867.214079203743381 ], [ 139.832806639588597, 869.64938351663784 ], [ 146.759981388932488, 871.339999899369218 ], [ 143.545392644682892, 876.264479908911085 ], [ 144.208942464323911, 881.971008403565065 ], [ 128.796013113885607, 878.821409796676335 ], [ 128.39814129618631, 872.588084626245291 ], [ 131.999981387878506, 867.629999898365327 ], [ 134.82744976215659, 868.382627419770188 ], [ 135.588062005614091, 865.824204420324691 ], [ 140.389447627008508, 867.214079203743381 ] ] ] } },
{ "type": "Feature", "properties": { "feature_type": "building", "subtype": "no-damage", "uid": "ac5882e9-eaad-4e04-b676-6fb30d90f2bd" }, "geometry": { "type": "Polygon", "coordinates": [ [ [ 140.479661719919392, 851.886284601281204 ], [ 155.529981387048508, 854.629999897376592 ], [ 152.740382868612897, 866.131833675650114 ], [ 150.098686477674789, 865.515437848014358 ], [ 148.952716375186611, 869.394105878219079 ], [ 143.67672059857631, 867.8518917264729 ], [ 144.119003621698909, 866.171216232953839 ], [ 131.299981390606888, 862.439999897283428 ], [ 134.999981389167687, 850.029999899154518 ], [ 140.479661719919392, 851.886284601281204 ] ] ] } },
{ "type": "Feature", "properties": { "feature_type": "building", "subtype": "no-damage", "uid": "71990201-46c4-46eb-be83-4708f1110190" }, "geometry": { "type": "Polygon", "coordinates": [ [ [ 182.26609612996819, 842.005865834602673 ], [ 193.996477225907114, 843.692586589684424 ], [ 196.594153160651814, 848.943258488212109 ], [ 193.40989920987181, 850.578415921802502 ], [ 192.511836512279103, 855.068729411166487 ], [ 189.36656891429999, 859.659119958531733 ], [ 179.081218710520091, 857.087782409690021 ], [ 177.760987424122391, 859.728244975008693 ], [ 172.889981381339112, 858.149999897966381 ], [ 177.780291056725389, 839.609570428233496 ], [ 182.26609612996819, 842.005865834602673 ] ] ] } },
{ "type": "Feature", "properties": { "feature_type": "building", "subtype": "no-damage", "uid": "479d599f-dade-4228-b310-6bcac42836a3" }, "geometry": { "type": "Polygon", "coordinates": [ [ [ 176.522711989425289, 842.342104104610257 ], [ 172.401796567017811, 858.053094154316341 ], [ 154.299981387797914, 853.829999899961081 ], [ 157.869981385189988, 837.199999900700391 ], [ 176.522711989425289, 842.342104104610257 ] ] ] } },
{ "type": "Feature", "properties": { "feature_type": "building", "subtype": "no-damage", "uid": "504f6e42-aea1-4798-bcec-77eeabc5f298" }, "geometry": { "type": "Polygon", "coordinates": [ [ [ 142.699321848915787, 832.12131898225789 ], [ 157.537242713311002, 836.35839599243991 ], [ 153.772646387983599, 853.926512185551132 ], [ 140.607399767572389, 851.401670366709823 ], [ 128.129981390988206, 847.179999900418579 ], [ 133.301684732327402, 829.615863367320685 ], [ 142.699321848915787, 832.12131898225789 ] ] ] } },
{ "type": "Feature", "properties": { "feature_type": "building", "subtype": "no-damage", "uid": "44bb81ca-4a37-4f0c-92db-a96d0d4a80de" }, "geometry": { "type": "Polygon", "coordinates": [ [ [ 255.709981368732088, 801.969999899852496 ], [ 253.227483114490809, 810.581639031020131 ], [ 252.6236082193291, 819.035887544591446 ], [ 238.599981373633995, 815.209999897823081 ], [ 238.765171307371787, 807.100306170704698 ], [ 242.529981373741293, 799.209999897181319 ], [ 255.709981368732088, 801.969999899852496 ] ] ] } },
{ "type": "Feature", "properties": { "feature_type": "building", "subtype": "no-damage", "uid": "044aacab-952e-4b9e-bbcf-6c01a8a58788" }, "geometry": { "type": "Polygon", "coordinates": [ [ [ 242.029981374889189, 799.099999899499039 ], [ 238.267454938280991, 806.982216309591308 ], [ 238.095968411697214, 815.470799562615412 ], [ 225.433314711030107, 811.979999898258939 ], [ 225.895544600887291, 804.768435896794131 ], [ 230.503456885254195, 796.771571169720801 ], [ 242.029981374889189, 799.099999899499039 ] ] ] } },
{ "type": "Feature", "properties": { "feature_type": "building", "subtype": "no-damage", "uid": "10ec613f-bd8b-471c-a1a3-ed3ce3d80e21" }, "geometry": { "type": "Polygon", "coordinates": [ [ [ 185.672624960990987, 825.798810766135034 ], [ 198.007827147172407, 825.798810766135034 ], [ 193.877827147010294, 840.027103291286721 ], [ 191.729737547381092, 839.8009885986055 ], [ 191.054391219533898, 842.277258477657028 ], [ 182.407875573131008, 841.073313259052725 ], [ 178.699981381868099, 838.739999898154906 ], [ 181.766218687035092, 823.056014873286472 ], [ 185.672624960990987, 825.798810766135034 ] ] ] } },
{ "type": "Feature", "properties": { "feature_type": "building", "subtype": "no-damage", "uid": "53ba65f3-a229-44de-927f-9c4b305b83f4" }, "geometry": { "type": "Polygon", "coordinates": [ [ [ 179.137439741219595, 806.864779729926795 ], [ 186.249981381074889, 807.839999899858981 ], [ 183.379981380019899, 823.579999898163578 ], [ 181.423368366403793, 822.204351710579544 ], [ 178.239981383213802, 838.459999897938133 ], [ 170.762167906886702, 837.119685059752328 ], [ 166.979981382768386, 835.449999897476232 ], [ 173.380085901199607, 805.288191997915987 ], [ 172.369981382037594, 804.439999897760231 ], [ 172.519981381319411, 803.909999899752734 ], [ 179.137439741219595, 806.864779729926795 ] ] ] } },
{ "type": "Feature", "properties": { "feature_type": "building", "subtype": "no-damage", "uid": "e48045b1-b800-49e6-a27b-b51c88a80f0b" }, "geometry": { "type": "Polygon", "coordinates": [ [ [ 204.892594495344213, 801.049746423821148 ], [ 202.46998137848729, 810.399999897569387 ], [ 198.147827145645493, 825.298810766815905 ], [ 185.830628235765488, 825.298810766815905 ], [ 183.779981379662189, 823.859999898380352 ], [ 183.830068605223289, 823.86892942757413 ], [ 186.749981383431304, 807.909999898044248 ], [ 190.369045788915287, 808.404596688513493 ], [ 192.347005319658592, 797.679999900535449 ], [ 204.892594495344213, 801.049746423821148 ] ] ] } },
{ "type": "Feature", "properties": { "feature_type": "building", "subtype": "no-damage", "uid": "33484c81-9912-46fa-8709-4401fdf9c918" }, "geometry": { "type": "Polygon", "coordinates": [ [ [ 184.61472506900401, 793.611025150480373 ], [ 183.938832912060889, 796.243156034579215 ], [ 186.309326145336797, 796.965060141100139 ], [ 185.690978803560711, 799.077060727561047 ], [ 191.327267788076512, 800.554914461599424 ], [ 189.808362213460811, 807.633668057594605 ], [ 179.276211447142401, 806.379127876391408 ], [ 172.649981384357091, 803.41999989750434 ], [ 176.089810506099013, 791.215939711468536 ], [ 184.61472506900401, 793.611025150480373 ] ] ] } },
{ "type": "Feature", "properties": { "feature_type": "building", "subtype": "no-damage", "uid": "99cdaad0-1df4-433f-ba58-670c1cf9d28d" }, "geometry": { "type": "Polygon", "coordinates": [ [ [ 157.643319546260187, 804.097448767910464 ], [ 172.179981384660493, 804.939999900817384 ], [ 172.828395839625614, 805.47930442071322 ], [ 166.47998138461719, 835.379999899291079 ], [ 156.650145448855397, 834.296585240706008 ], [ 148.43998138462689, 830.639999897222538 ], [ 155.7399813858095, 803.359999900127832 ], [ 157.643319546260187, 804.097448767910464 ] ] ] } },
{ "type": "Feature", "properties": { "feature_type": "building", "subtype": "no-damage", "uid": "8e1ade91-75b3-43a8-8989-f2ceea19c8ff" }, "geometry": { "type": "Polygon", "coordinates": [ [ [ 163.048518130018493, 787.842456728991692 ], [ 175.55998138140481, 790.939999897452253 ], [ 171.854133883147711, 804.420424636923826 ], [ 157.750506236906602, 803.602823034663174 ], [ 145.849981388227491, 798.999999898887609 ], [ 148.979981387881992, 783.319999897959633 ], [ 163.048518130018493, 787.842456728991692 ] ] ] } },
{ "type": "Feature", "properties": { "feature_type": "building", "subtype": "no-damage", "uid": "f4c7f1a0-a03c-46ba-b2aa-03f970c47f9c" }, "geometry": { "type": "Polygon", "coordinates": [ [ [ 261.842572743065489, 753.422192787520203 ], [ 262.229981366874085, 753.959999897118223 ], [ 262.095589200318102, 761.571453897539868 ], [ 252.769693172424411, 766.752507245978904 ], [ 260.374121880011216, 771.374807050996765 ], [ 260.749981367029307, 776.689999900034536 ], [ 251.978668738423409, 776.617072920912619 ], [ 251.350929990122296, 756.847071049188344 ], [ 250.968424628201888, 752.904409071494229 ], [ 261.842572743065489, 753.422192787520203 ] ] ] } },
{ "type": "Feature", "properties": { "feature_type": "building", "subtype": "no-damage", "uid": "dc07c820-bb5b-4655-964a-9b70601cff30" }, "geometry": { "type": "Polygon", "coordinates": [ [ [ 254.557774821568501, 778.675123971017797 ], [ 253.052801161582693, 789.729516937769631 ], [ 253.847104519047093, 791.138862652710827 ], [ 252.949981370031708, 800.879999897673429 ], [ 227.009981375469408, 795.449999899609679 ], [ 231.146791052855207, 778.353859258250282 ], [ 248.6888250001968, 781.087051710830451 ], [ 249.252953671048999, 777.947864934727477 ], [ 254.557774821568501, 778.675123971017797 ] ] ] } },
{ "type": "Feature", "properties": { "feature_type": "building", "subtype": "no-damage", "uid": "fba827b5-f491-4058-9bf4-9c60c1591c1a" }, "geometry": { "type": "Polygon", "coordinates": [ [ [ 240.306885119674092, 755.714325240217477 ], [ 246.529981369697708, 756.099999898241435 ], [ 251.029611850913398, 758.628762306616863 ], [ 251.58444624693999, 772.72155603358101 ], [ 247.563903810337507, 777.611404945771028 ], [ 234.479981376383193, 774.949999897619136 ], [ 232.969981375747494, 773.529999898655547 ], [ 234.702496018087004, 768.898831257184042 ], [ 234.990816062418986, 758.66346978479362 ], [ 236.59998137215149, 753.559999898410524 ], [ 240.306885119674092, 755.714325240217477 ] ] ] } },
{ "type": "Feature", "properties": { "feature_type": "building", "subtype": "no-damage", "uid": "88587d4c-5f2d-4f95-b341-c2f2a5dbc1e1" }, "geometry": { "type": "Polygon", "coordinates": [ [ [ 220.641535555757002, 775.055329320378064 ], [ 226.2216636628836, 774.372048328813094 ], [ 226.219981376526192, 774.329999899809081 ], [ 232.459981373750509, 773.739999900687167 ], [ 234.045392462843012, 775.226049659055434 ], [ 233.4078324796819, 778.379811790907638 ], [ 230.625135850822403, 777.921196061772548 ], [ 225.557598409810595, 799.45823018034298 ], [ 224.014763166250987, 816.2902227731621 ], [ 202.34640768888849, 812.863084918947152 ], [ 205.499160977049712, 800.702465106569093 ], [ 192.295804970619287, 796.946337965188491 ], [ 191.399981383128505, 794.349999900359762 ], [ 192.692613566415304, 794.692776692672851 ], [ 196.074684841687287, 782.913838806770286 ], [ 191.903399297967894, 778.742553265154584 ], [ 197.002571229940912, 777.786458530041614 ], [ 198.789981377572389, 772.179999897877224 ], [ 204.34704431888261, 773.753735183239655 ], [ 205.250581166530111, 770.81724043060558 ], [ 220.641535555757002, 775.055329320378064 ] ] ] } },
{ "type": "Feature", "properties": { "feature_type": "building", "subtype": "no-damage", "uid": "ef3687bc-7ec7-4c42-ac00-8a7d96f963bf" }, "geometry": { "type": "Polygon", "coordinates": [ [ [ 198.863841686527195, 770.287694751604931 ], [ 196.616714820298, 777.350093461422375 ], [ 190.879550942472008, 778.425811688470617 ], [ 195.512788247324295, 783.059048992854514 ], [ 192.347906636706313, 794.081567711389198 ], [ 165.097030128939707, 786.71042898350322 ], [ 164.489981386046111, 786.199999899121735 ], [ 171.239981381762988, 762.359999899884883 ], [ 198.863841686527195, 770.287694751604931 ] ] ] } },
{ "type": "Feature", "properties": { "feature_type": "building", "subtype": "no-damage", "uid": "3eba57eb-05d2-470c-a29a-fe5f7934777d" }, "geometry": { "type": "Polygon", "coordinates": [ [ [ 235.54268077611809, 752.948013039317402 ], [ 236.159981376049188, 753.309999900619914 ], [ 234.492981960504608, 758.579539533721118 ], [ 234.205043017342803, 768.801371971223261 ], [ 232.545820061443209, 773.225966515303867 ], [ 225.235155033432591, 773.915651897358771 ], [ 221.517840588417414, 766.62399663912106 ], [ 218.469981373993789, 765.719999898748824 ], [ 220.119981376840514, 756.099999898241435 ], [ 226.57034004292251, 756.190832181398491 ], [ 227.759981377485502, 751.179999900305461 ], [ 235.54268077611809, 752.948013039317402 ] ] ] } },
{ "type": "Feature", "properties": { "feature_type": "building", "subtype": "no-damage", "uid": "4b38d125-22a3-4e41-9457-15913e64e204" }, "geometry": { "type": "Polygon", "coordinates": [ [ [ 214.263734429729197, 747.608285457525312 ], [ 215.5699813777548, 748.549999900671878 ], [ 214.876566554936005, 752.833628003308718 ], [ 219.629373369499291, 756.002165877502989 ], [ 217.972594340673709, 765.666710226333407 ], [ 207.264266919512096, 763.239489343895798 ], [ 206.115419823634511, 764.81915410101908 ], [ 200.689331761098714, 763.391236190797144 ], [ 197.812868992226413, 765.548583270020572 ], [ 190.339981382674608, 763.269999898720584 ], [ 191.388006579018111, 757.519085562588771 ], [ 194.276771023542295, 756.710231519701438 ], [ 192.673635489135904, 747.434947350545372 ], [ 195.749981382626686, 742.199999899225645 ], [ 214.263734429729197, 747.608285457525312 ] ] ] } },
{ "type": "Feature", "properties": { "feature_type": "building", "subtype": "no-damage", "uid": "bfe352ca-b6fb-4681-ac0b-70810d9f4780" }, "geometry": { "type": "Polygon", "coordinates": [ [ [ 183.292006137658603, 739.480356942952881 ], [ 185.212916210254491, 739.120186303581931 ], [ 195.259981378509195, 742.059999899117315 ], [ 192.149717121797806, 747.339454424140172 ], [ 193.707179531127593, 756.350486936862353 ], [ 190.952019074320589, 757.121931865375473 ], [ 189.844736880970203, 763.211983930086262 ], [ 171.484754621006005, 757.918001315416177 ], [ 170.810414322190809, 759.828632163032012 ], [ 156.839981388330301, 755.239999899711393 ], [ 163.049981382193891, 733.28999990006912 ], [ 183.292006137658603, 739.480356942952881 ] ] ] } },
{ "type": "Feature", "properties": { "feature_type": "building", "subtype": "no-damage", "uid": "35496aeb-a237-457b-8383-8f8801682c49" }, "geometry": { "type": "Polygon", "coordinates": [ [ [ 263.400158361050217, 755.618699665954296 ], [ 275.08998136845878, 756.179999897235348 ], [ 274.877434400091715, 758.117829207473164 ], [ 289.499981366204622, 758.56999989988708 ], [ 289.896001407967276, 763.296341377758495 ], [ 287.539981365153608, 778.94999989964856 ], [ 280.288022604863727, 777.296259423309948 ], [ 277.971512324788023, 779.178424026411221 ], [ 261.281251026172981, 777.056780643035836 ], [ 260.854456152688613, 771.081652459110842 ], [ 253.764280787701892, 766.771938020938819 ], [ 262.590542732814015, 761.868459164750902 ], [ 262.709981370416472, 754.649999900589478 ], [ 263.400158361050217, 755.618699665954296 ] ] ] } },
{ "type": "Feature", "properties": { "feature_type": "building", "subtype": "no-damage", "uid": "25b7060b-5929-4ec8-9029-4477e3b47927" }, "geometry": { "type": "Polygon", "coordinates": [ [ [ 297.204746623674112, 748.481998710996891 ], [ 300.986431497269677, 747.609302203898324 ], [ 321.889981362592607, 748.549999900671878 ], [ 320.939981357718182, 780.449999897606176 ], [ 313.614624108801422, 780.053120369950307 ], [ 309.575422368239515, 780.774406395092115 ], [ 295.499914342123589, 780.630778761834108 ], [ 287.982287347331976, 779.37784092952495 ], [ 290.399122406788081, 763.312996090632737 ], [ 289.989981363780714, 758.359999897855459 ], [ 290.770159159506875, 756.884677219661171 ], [ 294.019651595829885, 756.884677219661171 ], [ 294.439981363890297, 747.539999897486837 ], [ 297.204746623674112, 748.481998710996891 ] ] ] } },
{ "type": "Feature", "properties": { "feature_type": "building", "subtype": "no-damage", "uid": "c05adff9-6684-465b-a729-348d59d030b3" }, "geometry": { "type": "Polygon", "coordinates": [ [ [ 288.654813895219775, 745.449021583674153 ], [ 293.949981366781401, 747.379999899498898 ], [ 293.541862608588417, 756.384677220342041 ], [ 290.470159161176923, 756.384677220342041 ], [ 289.569634478579019, 758.073160991685427 ], [ 275.434175464464886, 757.634852185452019 ], [ 275.609981369395484, 756.089999897432676 ], [ 278.443405879478121, 752.389542860756933 ], [ 287.818703459299172, 752.210965763326499 ], [ 288.470278213408278, 747.663249594683293 ], [ 288.654813895219775, 745.449021583674153 ] ] ] } },
{ "type": "Feature", "properties": { "feature_type": "building", "subtype": "no-damage", "uid": "cfa84e0f-f914-44e6-bafc-f3946138267e" }, "geometry": { "type": "Polygon", "coordinates": [ [ [ 265.551730664540685, 735.779841747852288 ], [ 265.11928489587018, 746.15854016230071 ], [ 269.797157428359412, 746.319846110166282 ], [ 270.297068863544325, 735.975228626108105 ], [ 282.271909055764581, 736.806671428854543 ], [ 285.266090009766117, 735.666031066938672 ], [ 288.489981365355391, 736.739999898735732 ], [ 288.063212418141006, 747.518037524683223 ], [ 287.391055106071178, 751.71902075256844 ], [ 278.193268749016511, 751.894216680882778 ], [ 275.282434218848778, 755.687122284605948 ], [ 264.203406722731017, 754.994683066186326 ], [ 261.809474813266092, 752.068766284032563 ], [ 256.395326741880126, 752.068766284032563 ], [ 257.439981369871873, 735.299999898154624 ], [ 265.551730664540685, 735.779841747852288 ] ] ] } },
{ "type": "Feature", "properties": { "feature_type": "building", "subtype": "no-damage", "uid": "a5b3ff2e-ba5f-4427-a23d-89fbde32facd" }, "geometry": { "type": "Polygon", "coordinates": [ [ [ 292.899981362230221, 719.859999897946409 ], [ 292.790757210326092, 726.562606493429712 ], [ 290.487519286982774, 732.320701314869211 ], [ 290.249981364716291, 736.79999989985015 ], [ 285.254881292637776, 735.135248552352891 ], [ 282.198342916152001, 736.299644124525116 ], [ 271.113936637610379, 735.457790481543952 ], [ 271.809981366719001, 718.99999989941648 ], [ 292.899981362230221, 719.859999897946409 ] ] ] } },
{ "type": "Feature", "properties": { "feature_type": "building", "subtype": "no-damage", "uid": "5960a871-e8c4-4821-a1a3-d7f11c178ea5" }, "geometry": { "type": "Polygon", "coordinates": [ [ [ 324.509915082811517, 716.390332681671794 ], [ 321.96974875358552, 745.895341607329442 ], [ 321.909981361873804, 748.049999897614725 ], [ 300.940654393310012, 747.106725224549109 ], [ 297.230972478313618, 747.962805665213182 ], [ 290.274430628340724, 745.597581435615552 ], [ 290.982372700240091, 732.429858981646134 ], [ 293.289206634794994, 726.662774132644927 ], [ 293.399981364119299, 719.879999899563813 ], [ 298.362633752415888, 720.083700188046691 ], [ 300.297352766943675, 717.302541601699659 ], [ 302.205776005614382, 717.048085171154071 ], [ 302.375989594534417, 715.362281075679903 ], [ 324.509915082811517, 716.390332681671794 ] ] ] } },
{ "type": "Feature", "properties": { "feature_type": "building", "subtype": "no-damage", "uid": "ec96db08-15c1-42ce-b51a-0e974158fca7" }, "geometry": { "type": "Polygon", "coordinates": [ [ [ 242.97206386566009, 722.342568589706048 ], [ 242.969981373347906, 722.339999900400812 ], [ 250.1917136155663, 725.020329596820829 ], [ 258.38998137030751, 724.249999897874886 ], [ 255.246186125658113, 729.441039285960869 ], [ 257.120525958729104, 732.564939008523879 ], [ 255.917329755988703, 750.312082973592396 ], [ 250.880619217673711, 750.159455381097473 ], [ 250.116083139693188, 755.817022346657382 ], [ 240.455659738485309, 755.222534751673152 ], [ 235.727727100972999, 752.477283540881558 ], [ 221.459981374708008, 749.239999900405223 ], [ 228.87933362016031, 723.088423912224243 ], [ 239.188258571228488, 725.293000663649536 ], [ 239.961704207820503, 722.199218127561721 ], [ 242.97206386566009, 722.342568589706048 ] ] ] } },
{ "type": "Feature", "properties": { "feature_type": "building", "subtype": "no-damage", "uid": "b8a19924-2e3f-4c76-babf-e284fb77090a" }, "geometry": { "type": "Polygon", "coordinates": [ [ [ 210.351227251645213, 725.021881625725428 ], [ 211.1499813796041, 722.039999898566521 ], [ 227.497304042959911, 726.570358952772153 ], [ 221.033014680812613, 748.901540396470068 ], [ 216.618735443697602, 748.692352762111454 ], [ 214.486646468101213, 747.1525107257645 ], [ 185.2383336477439, 738.606707391253622 ], [ 183.32061780299901, 738.966279109865354 ], [ 163.179981385698795, 732.809999898629371 ], [ 166.559981384312096, 720.869999897393541 ], [ 177.866952493719396, 724.638387510542771 ], [ 179.558193332633209, 722.705540843639824 ], [ 183.937870660475795, 723.678802470024266 ], [ 186.330935323174089, 717.815794044172321 ], [ 210.351227251645213, 725.021881625725428 ] ] ] } },
{ "type": "Feature", "properties": { "feature_type": "building", "subtype": "no-damage", "uid": "a19467a0-aaca-4c9e-943d-4acc7350b869" }, "geometry": { "type": "Polygon", "coordinates": [ [ [ 301.599981365431574, 699.889999897701387 ], [ 301.703066499422675, 716.610688239980163 ], [ 300.012777950048019, 716.836060045597719 ], [ 298.108871052141126, 719.572926208768422 ], [ 263.579981370456323, 718.159999898765932 ], [ 264.284554283903788, 702.843794163299435 ], [ 289.274622113484327, 704.067253621062264 ], [ 295.907771089305072, 701.041606720450886 ], [ 295.959981362764893, 699.769924486509012 ], [ 301.599981365431574, 699.889999897701387 ] ] ] } },
{ "type": "Feature", "properties": { "feature_type": "building", "subtype": "no-damage", "uid": "e68aad94-b640-428a-8be8-173811bde695" }, "geometry": { "type": "Polygon", "coordinates": [ [ [ 251.036815007456511, 705.466520737778637 ], [ 263.381191419993286, 705.370443266686038 ], [ 262.951191422597105, 723.31613615429967 ], [ 250.258722516599789, 724.511803517849899 ], [ 243.156489108747593, 721.871229554795036 ], [ 244.817780328535804, 704.219704454408657 ], [ 251.036815007456511, 705.466520737778637 ] ] ] } },
{ "type": "Feature", "properties": { "feature_type": "building", "subtype": "no-damage", "uid": "789386eb-cc37-4a68-beef-16a0bdad51c0" }, "geometry": { "type": "Polygon", "coordinates": [ [ [ 252.064801877204701, 685.386484059561894 ], [ 256.592054903247117, 685.667768793175924 ], [ 255.201651759939409, 698.165590061161424 ], [ 250.010906355465892, 701.069779870277671 ], [ 246.560451714227213, 700.444822445196337 ], [ 245.525286215986995, 703.764148574605883 ], [ 238.623871399980288, 702.275901901270799 ], [ 238.449077687691613, 703.846763340345888 ], [ 229.966979608324891, 702.241841424823633 ], [ 234.329981372662587, 683.199999897326165 ], [ 242.807209747391511, 683.123625722324618 ], [ 252.064801877204701, 685.386484059561894 ] ] ] } },
{ "type": "Feature", "properties": { "feature_type": "building", "subtype": "no-damage", "uid": "79d8e4e8-1e81-41f1-9d25-b74f8342d6ea" }, "geometry": { "type": "Polygon", "coordinates": [ [ [ 294.293759857035809, 685.246026301552774 ], [ 293.831147169689928, 701.33594031843495 ], [ 289.189992313588505, 703.556296860833072 ], [ 279.101272611026388, 702.547424889619379 ], [ 258.679437075722092, 699.980746107585901 ], [ 259.669981371265578, 682.61999989901301 ], [ 278.028965193929992, 685.526915999701032 ], [ 294.293759857035809, 685.246026301552774 ] ] ] } },
{ "type": "Feature", "properties": { "feature_type": "building", "subtype": "no-damage", "uid": "3bdd69f3-dd31-44e0-befe-665ccb1ae97d" }, "geometry": { "type": "Polygon", "coordinates": [ [ [ 196.537779421801787, 671.635797931101479 ], [ 195.916781118220086, 673.676220937995481 ], [ 233.525279595164307, 683.212025055301069 ], [ 233.819981372067303, 683.209999898134924 ], [ 229.36756796880519, 702.619079074286788 ], [ 233.833202446994591, 703.627448148378903 ], [ 231.782731757811888, 712.512821114120129 ], [ 226.46004338153179, 711.505826012722991 ], [ 222.864940171612602, 725.02341409031385 ], [ 184.320724777871987, 713.502818345882929 ], [ 186.461683609909187, 707.347561693498392 ], [ 188.922185771730312, 708.071238800287119 ], [ 190.49908687318549, 702.709775065105987 ], [ 182.013763689512814, 699.545756248915723 ], [ 183.489981381206491, 695.509999898581555 ], [ 184.624018330850987, 695.917336358864873 ], [ 190.389981379943208, 669.909999899049808 ], [ 196.537779421801787, 671.635797931101479 ] ] ] } },
{ "type": "Feature", "properties": { "feature_type": "building", "subtype": "no-damage", "uid": "3bbc817a-a8c9-4d11-be87-a2a989f1edcc" }, "geometry": { "type": "Polygon", "coordinates": [ [ [ 243.989981371267788, 650.999999898557576 ], [ 243.971686501290407, 651.086828434491963 ], [ 258.021447491323215, 654.097491502298794 ], [ 258.339981368833605, 656.559999899659033 ], [ 255.399981371228591, 669.809999898438377 ], [ 252.692416513674203, 671.84057482140156 ], [ 249.3058059923153, 671.256676455537331 ], [ 246.489981369967097, 680.809999898412457 ], [ 236.418074791807186, 680.249519783529536 ], [ 230.839981374030799, 677.039999900032058 ], [ 233.499981374456013, 663.449999899921409 ], [ 233.633046650092496, 663.48397494975768 ], [ 234.553042628894588, 657.228002289139681 ], [ 237.779981372264587, 649.499999900600073 ], [ 243.989981371267788, 650.999999898557576 ] ] ] } },
{ "type": "Feature", "properties": { "feature_type": "building", "subtype": "no-damage", "uid": "4232c3d0-4722-40eb-8968-7374ce777e04" }, "geometry": { "type": "Polygon", "coordinates": [ [ [ 211.235743814262491, 659.579735210758145 ], [ 211.609981376623011, 657.999999900240141 ], [ 233.009981371272886, 663.329999897692574 ], [ 230.194131701067789, 677.752678366163309 ], [ 224.996085758144091, 675.803411133946383 ], [ 221.032239498983813, 676.256422135046478 ], [ 194.85998137746509, 669.349999898616261 ], [ 193.436349441594388, 662.35944611246623 ], [ 197.989406956844505, 656.659611888371956 ], [ 211.235743814262491, 659.579735210758145 ] ] ] } },
{ "type": "Feature", "properties": { "feature_type": "building", "subtype": "no-damage", "uid": "8797ea8e-5c0b-4b68-9102-965a8bdd34fb" }, "geometry": { "type": "Polygon", "coordinates": [ [ [ 197.649981376489109, 656.749999900073135 ], [ 193.032515358822991, 662.263898616047186 ], [ 194.741987073916192, 670.248779971445174 ], [ 184.156648045408105, 667.16333323203628 ], [ 188.079981383059902, 654.593333232181521 ], [ 197.649981376489109, 656.749999900073135 ] ] ] } },
{ "type": "Feature", "properties": { "feature_type": "building", "subtype": "no-damage", "uid": "93193afc-a78a-475d-8cba-47d5fd97f6ae" }, "geometry": { "type": "Polygon", "coordinates": [ [ [ 281.499981364012513, 662.22999989844277 ], [ 279.129981365781077, 679.92999989826501 ], [ 276.510301109800821, 684.770102282798234 ], [ 258.213305753446491, 681.886939377623321 ], [ 257.662976997195983, 680.125887359864919 ], [ 254.018444965060695, 678.358841525649837 ], [ 258.60998136824179, 657.629999900220582 ], [ 281.499981364012513, 662.22999989844277 ] ] ] } },
{ "type": "Feature", "properties": { "feature_type": "building", "subtype": "no-damage", "uid": "35b65606-8006-47f7-8e4a-fa0aaa39f551" }, "geometry": { "type": "Polygon", "coordinates": [ [ [ 237.059981372441086, 649.929999897996026 ], [ 234.067487798191394, 657.093207088652548 ], [ 233.218618637989891, 662.865517359424871 ], [ 221.629981375373688, 659.979999899637392 ], [ 224.373869872110788, 654.419965917030709 ], [ 226.329981372339489, 647.389999898165115 ], [ 237.059981372441086, 649.929999897996026 ] ] ] } },
{ "type": "Feature", "properties": { "feature_type": "building", "subtype": "no-damage", "uid": "a4d7b08a-0055-4c73-9418-cd69a8b0693b" }, "geometry": { "type": "Polygon", "coordinates": [ [ [ 225.839981376398697, 647.26999989967419 ], [ 223.904711482833903, 654.240875026417939 ], [ 221.139981373125096, 659.859999897408557 ], [ 211.729981375113994, 657.519999898800506 ], [ 214.809981378200689, 644.659999897920102 ], [ 225.839981376398697, 647.26999989967419 ] ] ] } },
{ "type": "Feature", "properties": { "feature_type": "building", "subtype": "no-damage", "uid": "5535c555-2b5e-440e-84a4-f7b28214b273" }, "geometry": { "type": "Polygon", "coordinates": [ [ [ 214.284630246631309, 644.704089164699099 ], [ 210.863633518987086, 658.986750498398578 ], [ 189.036023949077304, 654.222788092713699 ], [ 189.388206874184391, 651.141187498261047 ], [ 187.329981380343014, 650.549999899544105 ], [ 189.809981379293703, 640.659999899628701 ], [ 193.261169542917912, 641.702165029127286 ], [ 194.420476419256886, 640.453680702775273 ], [ 214.284630246631309, 644.704089164699099 ] ] ] } },
{ "type": "Feature", "properties": { "feature_type": "building", "subtype": "major-damage", "uid": "1d1c3643-06de-4710-a22f-ad909f4c3b03" }, "geometry": { "type": "Polygon", "coordinates": [ [ [ 275.214223814061882, 629.457444613337088 ], [ 270.249981368113822, 656.319999898939272 ], [ 261.238649043410817, 654.070387399936294 ], [ 260.519611060383681, 650.187582301823795 ], [ 258.649981369607815, 649.639999900708403 ], [ 262.695954670104186, 630.787865159323587 ], [ 265.862257815049077, 630.787865159323587 ], [ 266.559981369193622, 627.769999900060043 ], [ 275.214223814061882, 629.457444613337088 ] ] ] } },
{ "type": "Feature", "properties": { "feature_type": "building", "subtype": "major-damage", "uid": "65e9d8e6-91ec-49f8-a1cc-08f1494b6d6e" }, "geometry": { "type": "Polygon", "coordinates": [ [ [ 218.389981373130894, 610.509999898442629 ], [ 218.383491477066087, 610.530427358314796 ], [ 218.959981377644112, 610.669999900168477 ], [ 221.098305544541688, 611.252550443883365 ], [ 221.109981374904095, 611.189999897367215 ], [ 234.2399813714581, 614.35999989955485 ], [ 232.827989344226296, 620.54181478969565 ], [ 236.8790371960024, 624.142746217441186 ], [ 245.654452795602197, 625.897829335772144 ], [ 248.677595850618587, 624.890114985969149 ], [ 256.426698539657991, 626.580828300654616 ], [ 257.427293649639807, 628.296134203746874 ], [ 259.238649757274288, 628.807705131744342 ], [ 262.356648036698175, 630.783333231632923 ], [ 258.169981367934326, 649.499999900600073 ], [ 246.937421789707287, 646.201505017018349 ], [ 244.195139185186491, 650.531424923244913 ], [ 212.876209374089314, 642.986410013615227 ], [ 213.305458100482497, 634.258352499472153 ], [ 211.799981375168187, 633.319999900352855 ], [ 211.871167406289288, 632.948794179262336 ], [ 209.626728399889487, 631.701883621605361 ], [ 208.149981375745114, 631.049999899929958 ], [ 207.850121487812999, 630.86719731016251 ], [ 207.819981379427588, 630.909999899821628 ], [ 199.40206181569809, 627.213005605068929 ], [ 199.402061811960209, 623.971038149927381 ], [ 197.407004920082187, 623.721656039143568 ], [ 201.895882932181109, 606.01552609499538 ], [ 218.389981373130894, 610.509999898442629 ] ] ] } },
{ "type": "Feature", "properties": { "feature_type": "building", "subtype": "major-damage", "uid": "77be4e63-fbba-4839-ae04-f9fcb1c48131" }, "geometry": { "type": "Polygon", "coordinates": [ [ [ 246.349981374531012, 617.279999900213966 ], [ 246.325745252244786, 617.361752464222377 ], [ 258.075684880623385, 621.062964775455839 ], [ 260.669981371305994, 621.669999900142443 ], [ 259.142442091105522, 628.340804075436836 ], [ 257.764214136398493, 627.881394757979933 ], [ 256.747902807556784, 626.139146758071206 ], [ 248.649883453240307, 624.372306173493257 ], [ 245.622307184544411, 625.381498264615743 ], [ 237.109953282449993, 623.679027483683399 ], [ 233.381504865554092, 620.364851109164533 ], [ 234.729981371604111, 614.479999898045776 ], [ 246.349981374531012, 617.279999900213966 ] ] ] } },
{ "type": "Feature", "properties": { "feature_type": "building", "subtype": "major-damage", "uid": "6e0b4c9b-7089-4daf-9d0b-4b131e5f1dc5" }, "geometry": { "type": "Polygon", "coordinates": [ [ [ 260.211243934294089, 604.801505459143186 ], [ 256.847468408814393, 612.305312394234193 ], [ 257.614111097154421, 620.397651918761198 ], [ 247.3599813739784, 617.159999897985131 ], [ 245.357911889341892, 607.733169679692537 ], [ 249.039981369205606, 601.019999897234925 ], [ 260.211243934294089, 604.801505459143186 ] ] ] } },
{ "type": "Feature", "properties": { "feature_type": "building", "subtype": "major-damage", "uid": "18c56f1d-6b2e-45ca-ac7c-ad2a452b6c09" }, "geometry": { "type": "Polygon", "coordinates": [ [ [ 224.208479462069988, 565.956810160322334 ], [ 223.057662870047807, 572.861709725536116 ], [ 227.39998137757371, 574.179999898344931 ], [ 227.265939736402487, 585.261399026264598 ], [ 231.917403773006413, 586.656838235376426 ], [ 233.989981370864001, 584.429999897471134 ], [ 238.305671263856112, 585.566192921011407 ], [ 237.308142811842998, 589.057542486936654 ], [ 239.801963933231889, 590.05507093380993 ], [ 240.550110268854297, 588.309396150847306 ], [ 254.016744307487102, 591.800745720510463 ], [ 251.849981371949696, 600.699999897521025 ], [ 248.999029112175492, 600.062192716290951 ], [ 244.830267690209809, 607.65529387801007 ], [ 246.784159985972309, 616.866500396250672 ], [ 221.17998137635999, 610.689999898047972 ], [ 222.843980325635812, 599.53159118845042 ], [ 210.327624501901511, 595.654355894909713 ], [ 210.473371875692607, 594.055280562590497 ], [ 205.071280399192091, 592.288585170357578 ], [ 212.209981377254707, 562.889999897345319 ], [ 224.208479462069988, 565.956810160322334 ] ] ] } },
{ "type": "Feature", "properties": { "feature_type": "building", "subtype": "no-damage", "uid": "470b5522-0c23-4f3b-b504-6896b9e4c51d" }, "geometry": { "type": "Polygon", "coordinates": [ [ [ 325.180766668344916, 678.604009593370506 ], [ 323.422189977658775, 694.040404989804756 ], [ 304.66403861228639, 692.477225710856601 ], [ 305.836423067993621, 677.040830310684441 ], [ 325.180766668344916, 678.604009593370506 ] ] ] } },
{ "type": "Feature", "properties": { "feature_type": "building", "subtype": "no-damage", "uid": "a2626846-ad28-4593-a041-8bc232c5aacf" }, "geometry": { "type": "Polygon", "coordinates": [ [ [ 313.786678566149817, 643.475960044067278 ], [ 313.616266509596016, 644.850025035901353 ], [ 320.692838243730421, 644.639999900040607 ], [ 320.692838241627783, 650.66831902274555 ], [ 322.849981357528975, 650.549999899544105 ], [ 322.647531851308827, 658.299181916295424 ], [ 277.669981369656284, 656.559999899659033 ], [ 275.999846581341785, 651.350276884914933 ], [ 278.739981367414714, 642.389999897497319 ], [ 313.786678566149817, 643.475960044067278 ] ] ] } },
{ "type": "Feature", "properties": { "feature_type": "building", "subtype": "no-damage", "uid": "e45eef84-57b3-4ea0-8491-4a7299707345" }, "geometry": { "type": "Polygon", "coordinates": [ [ [ 287.844816169188277, 621.996784168513045 ], [ 289.528904987818578, 623.221576036947226 ], [ 294.398364552987914, 623.221576036947226 ], [ 294.696340154586608, 622.029673641766408 ], [ 307.759455290918197, 624.107896507358646 ], [ 308.221045893195082, 627.492894222501263 ], [ 314.584486125702313, 627.958511801355598 ], [ 315.808944875115515, 629.642142579403753 ], [ 323.099981361861126, 630.199999898470878 ], [ 323.089981361052423, 644.069999898798301 ], [ 314.146198200002914, 644.330239928456763 ], [ 314.306848746780588, 642.937519568701646 ], [ 279.829981367725111, 641.919999900604353 ], [ 281.735635154602392, 641.12561029792289 ], [ 283.481309934294927, 622.920716128469167 ], [ 283.321309937475007, 621.996784168513045 ], [ 287.844816169188277, 621.996784168513045 ] ] ] } },
{ "type": "Feature", "properties": { "feature_type": "building", "subtype": "no-damage", "uid": "58174d58-e805-4b1e-9929-8caffd43392f" }, "geometry": { "type": "Polygon", "coordinates": [ [ [ 312.969693652422507, 609.502207325016343 ], [ 334.112224745668016, 610.718370619807501 ], [ 333.325939339736806, 629.949999900680154 ], [ 323.481530486756583, 629.002988473127061 ], [ 323.47593934001651, 629.699999899151635 ], [ 316.453465368846082, 629.161324124944031 ], [ 315.228340379755025, 627.476777262929204 ], [ 309.899981361281277, 627.089999897397547 ], [ 312.769981359532892, 609.089999899478926 ], [ 312.969693652422507, 609.502207325016343 ] ] ] } },
{ "type": "Feature", "properties": { "feature_type": "building", "subtype": "no-damage", "uid": "5b857955-5105-442e-8b13-915ca37c88db" }, "geometry": { "type": "Polygon", "coordinates": [ [ [ 317.601407284527227, 570.125151560172981 ], [ 317.025142276632891, 575.83017514998312 ], [ 326.109981358585912, 576.809999897978514 ], [ 326.257945253010689, 586.58615898835501 ], [ 321.931548516520593, 593.45196250472361 ], [ 322.297876259536508, 600.137443849455394 ], [ 319.455616636354875, 600.229129643661167 ], [ 318.505939343408897, 603.679999899294671 ], [ 314.462979275841406, 603.461175205741483 ], [ 311.509981363696625, 605.679999900309326 ], [ 307.507115265505604, 605.214204609134754 ], [ 307.949027350417623, 600.795083745064517 ], [ 304.048645460994521, 600.353531078769493 ], [ 304.270877096678589, 598.353446353874233 ], [ 296.53217325449782, 597.837532764442358 ], [ 296.827832502409308, 594.437451417550164 ], [ 285.645191917977115, 593.461420476040303 ], [ 286.435167823636789, 583.69754851259836 ], [ 289.755939343532816, 574.019999900356993 ], [ 290.802077558029396, 573.932490691435873 ], [ 291.149981366481427, 572.579999899775885 ], [ 306.107298631292281, 574.205386852562583 ], [ 307.667159037436193, 569.352487809150603 ], [ 317.601407284527227, 570.125151560172981 ] ] ] } },
{ "type": "Feature", "properties": { "feature_type": "building", "subtype": "no-damage", "uid": "b1905316-9636-4602-a513-e454d105958d" }, "geometry": { "type": "Polygon", "coordinates": [ [ [ 333.309981356820686, 552.050854068021181 ], [ 332.780458255607186, 556.584447854267864 ], [ 335.624578564077183, 557.034597105016246 ], [ 334.669981357707286, 567.549999900419834 ], [ 330.235632795358583, 567.008891691865642 ], [ 329.999981361065124, 569.839999898722112 ], [ 307.24809937252212, 567.404831104414484 ], [ 306.609981364807027, 567.979999897815787 ], [ 302.363209582051525, 557.401382707324274 ], [ 306.740996931630491, 549.010623629335669 ], [ 333.309981356820686, 552.050854068021181 ] ] ] } },
{ "type": "Feature", "properties": { "feature_type": "building", "subtype": "no-damage", "uid": "9f552b5b-8759-4d27-9137-54eb5ba1d471" }, "geometry": { "type": "Polygon", "coordinates": [ [ [ 308.951994604066726, 546.505646835524658 ], [ 308.239981363232801, 548.69999989730411 ], [ 306.458648642269623, 548.470864360571227 ], [ 301.813444450939528, 557.374172395469941 ], [ 306.179981360168597, 568.23999990015318 ], [ 293.919981365289686, 566.859999900686489 ], [ 291.330230883073284, 557.490727433362281 ], [ 294.859981366551779, 548.299999898596297 ], [ 295.600359946762296, 548.261679899713613 ], [ 296.219981365803108, 545.329999897631524 ], [ 308.951994604066726, 546.505646835524658 ] ] ] } },
{ "type": "Feature", "properties": { "feature_type": "building", "subtype": "no-damage", "uid": "f6b5d7a8-7e6f-416a-9cdf-dc7f359d0f3d" }, "geometry": { "type": "Polygon", "coordinates": [ [ [ 334.655129951989181, 532.651348365167337 ], [ 335.331516224726215, 531.862231050400851 ], [ 337.577454704293018, 532.46957878923638 ], [ 336.767875817087599, 545.674789343740713 ], [ 332.006430203311595, 545.277394916475714 ], [ 331.678479872821015, 547.466454354246139 ], [ 306.685191914117013, 544.630842115856922 ], [ 304.901300394406576, 537.480254937068594 ], [ 307.907895584058224, 529.94991371312733 ], [ 334.655129951989181, 532.651348365167337 ] ] ] } },
{ "type": "Feature", "properties": { "feature_type": "building", "subtype": "no-damage", "uid": "541c0c3e-ae4f-40c5-8330-cbad5a749f08" }, "geometry": { "type": "Polygon", "coordinates": [ [ [ 340.154602024754411, 523.218320007786815 ], [ 339.20998135832059, 532.349999898260194 ], [ 335.152993515085484, 531.30221216969187 ], [ 334.444546263358518, 532.128733967539574 ], [ 305.949981360724678, 529.379999897295306 ], [ 304.649578923220872, 524.04533164991085 ], [ 308.646799957393796, 519.143407962487231 ], [ 340.154602024754411, 523.218320007786815 ] ] ] } },
{ "type": "Feature", "properties": { "feature_type": "building", "subtype": "no-damage", "uid": "16f98df0-11c5-4940-a7c4-a97dc8311813" }, "geometry": { "type": "Polygon", "coordinates": [ [ [ 312.434332722233705, 493.943467174183809 ], [ 307.737360531911577, 518.882152879737191 ], [ 308.149981360626612, 518.959999899372406 ], [ 304.101003993068389, 523.926882521566768 ], [ 305.490331634677773, 529.175453614737535 ], [ 303.979981364471826, 532.939999897382108 ], [ 298.200569749207716, 536.037826135407158 ], [ 247.914636538216996, 521.08014650415987 ], [ 249.034112464263501, 501.244287533326087 ], [ 258.299981370738408, 480.799999900794717 ], [ 312.434332722233705, 493.943467174183809 ] ] ] } },
{ "type": "Feature", "properties": { "feature_type": "building", "subtype": "no-damage", "uid": "cb880fbb-3a40-4eab-beb7-bd88c71b3ade" }, "geometry": { "type": "Polygon", "coordinates": [ [ [ 353.369981352902414, 494.829999899110021 ], [ 351.719981353326375, 524.169999898333913 ], [ 340.619981358344774, 523.559999897594594 ], [ 340.702314522358222, 522.784991568489886 ], [ 337.839981355457212, 522.419999898847777 ], [ 339.579981355069492, 494.439999897473115 ], [ 353.369981352902414, 494.829999899110021 ] ] ] } },
{ "type": "Feature", "properties": { "feature_type": "building", "subtype": "no-damage", "uid": "00e60d73-a2ad-44b8-9402-0aa28781d8da" }, "geometry": { "type": "Polygon", "coordinates": [ [ [ 339.209981359955918, 494.429999900402322 ], [ 337.462701198274374, 516.273730380868415 ], [ 309.539981362070478, 512.049999897492626 ], [ 313.299981361512096, 493.699999897433997 ], [ 339.209981359955918, 494.429999900402322 ] ] ] } },
{ "type": "Feature", "properties": { "feature_type": "building", "subtype": "no-damage", "uid": "7fca742f-4b73-4fd1-939d-4b50f25338f4" }, "geometry": { "type": "Polygon", "coordinates": [ [ [ 416.718744607272924, 439.916638626918427 ], [ 414.865438408283012, 452.963241165467821 ], [ 415.222451933692014, 465.763124882025409 ], [ 376.817606711307008, 462.022393205316291 ], [ 374.573167703038223, 449.054523384750496 ], [ 379.311427829892523, 436.08665356792261 ], [ 416.718744607272924, 439.916638626918427 ] ] ] } },
{ "type": "Feature", "properties": { "feature_type": "building", "subtype": "no-damage", "uid": "4cbc2839-a15b-4291-9d66-6ec861b25089" }, "geometry": { "type": "Polygon", "coordinates": [ [ [ 504.8287167263681, 541.916193349379114 ], [ 506.8584043287226, 540.67582870391152 ], [ 513.979007731666684, 541.114019683172273 ], [ 514.657693255901336, 542.35827647627832 ], [ 525.444088218108391, 542.909302742779346 ], [ 524.204880376846745, 553.705358535766095 ], [ 525.284873557432888, 563.402424874653093 ], [ 470.939831848049721, 561.64409341822261 ], [ 465.66968236448588, 551.897420372621013 ], [ 471.029981334142519, 540.449999899192562 ], [ 504.8287167263681, 541.916193349379114 ] ] ] } },
{ "type": "Feature", "properties": { "feature_type": "building", "subtype": "major-damage", "uid": "fe566d36-f801-43f2-b5a8-0efb655c976a" }, "geometry": { "type": "Polygon", "coordinates": [ [ [ 508.985253118432297, 493.950352366901882 ], [ 510.04732541506479, 495.45495478240008 ], [ 530.019981325437129, 496.219999899385414 ], [ 528.589981329402235, 542.459999897278067 ], [ 514.961456009046515, 541.871011187153954 ], [ 514.28559955609262, 540.631941019862325 ], [ 506.731998221696415, 540.167104017601673 ], [ 504.698059891784283, 541.410066328793846 ], [ 448.11998134189389, 538.959999898305796 ], [ 447.063267698007223, 528.139046352454102 ], [ 447.511527628601186, 520.742757434460373 ], [ 448.925996996247306, 516.617221775342273 ], [ 447.546631240260126, 515.927538897699264 ], [ 448.036222433478372, 513.47958292763667 ], [ 449.624687892567806, 513.366121107561753 ], [ 449.889981337391077, 511.699999899090528 ], [ 500.232354176626586, 513.381751325337746 ], [ 500.657609488598723, 493.559999897325611 ], [ 508.985253118432297, 493.950352366901882 ] ] ] } },
{ "type": "Feature", "properties": { "feature_type": "building", "subtype": "no-damage", "uid": "0d70669a-393a-41c5-87ac-ccd691c8e823" }, "geometry": { "type": "Polygon", "coordinates": [ [ [ 422.317411974794879, 497.755631567052603 ], [ 422.109902543574321, 501.83665038899909 ], [ 441.526129356827028, 502.974597749331679 ], [ 441.733891981052693, 499.234870435239486 ], [ 448.55998134243498, 499.699999900478076 ], [ 448.0761354266225, 511.641827554230076 ], [ 446.981444561680917, 516.203962549141352 ], [ 448.311162757500881, 516.868821647518416 ], [ 447.016548172872376, 520.644780849140602 ], [ 446.669981338634727, 526.379999897642278 ], [ 443.241733704283718, 525.603831715583624 ], [ 444.16104497080039, 528.369002547584614 ], [ 418.619484186206705, 526.271304235052639 ], [ 414.341963602895191, 509.302367252646775 ], [ 418.789981343003603, 497.659999899966522 ], [ 422.317411974794879, 497.755631567052603 ] ] ] } },
{ "type": "Feature", "properties": { "feature_type": "building", "subtype": "no-damage", "uid": "4d07bded-d4cc-4c88-ae27-8539f06157b6" }, "geometry": { "type": "Polygon", "coordinates": [ [ [ 443.229981343579425, 470.066321446207326 ], [ 442.623271730529211, 484.873679360533288 ], [ 443.729460155627123, 484.873679360533288 ], [ 442.98998134332669, 498.819999900330686 ], [ 441.262741707310397, 498.701697164206507 ], [ 441.054718702043488, 502.446111294520222 ], [ 422.634452651148422, 501.366535263917683 ], [ 424.449112467280088, 469.134916657579197 ], [ 443.229981343579425, 470.066321446207326 ] ] ] } },
{ "type": "Feature", "properties": { "feature_type": "building", "subtype": "no-damage", "uid": "16736ebd-4774-49ee-8e08-6b1cd8247898" }, "geometry": { "type": "Polygon", "coordinates": [ [ [ 463.719981336122714, 484.729999897162884 ], [ 462.488576550565995, 511.739999898587484 ], [ 448.595779791959387, 511.163220192698702 ], [ 449.679981340031873, 484.129999897232324 ], [ 463.719981336122714, 484.729999897162884 ] ] ] } },
{ "type": "Feature", "properties": { "feature_type": "building", "subtype": "no-damage", "uid": "fd910fdb-8342-4c0a-acf6-487697cf765f" }, "geometry": { "type": "Polygon", "coordinates": [ [ [ 497.485105675857426, 441.323754977938222 ], [ 497.052532115832207, 445.072725807192683 ], [ 508.954968293119691, 445.667847616454083 ], [ 510.269349402763623, 444.353466509146813 ], [ 511.175157835165976, 444.24024045141698 ], [ 512.889038062540976, 447.096707492057476 ], [ 534.029981329678094, 448.089999898160215 ], [ 533.794242955847153, 455.945479079804613 ], [ 543.769527425750312, 456.194861190588426 ], [ 543.270763204416085, 471.656552126468284 ], [ 530.801657611955989, 471.157787904900715 ], [ 530.039981326120028, 495.719999900066227 ], [ 510.31333595104212, 494.964775871694485 ], [ 509.252770078721085, 493.462307559017518 ], [ 500.549981333914218, 493.059999898006424 ], [ 500.885439335240108, 487.290627317335009 ], [ 481.14525574188491, 485.993826934805782 ], [ 481.719866151424128, 472.921440137650677 ], [ 479.275793631307579, 472.346364250454712 ], [ 481.261250214833922, 443.27360712489741 ], [ 490.080471872410328, 443.851916738631701 ], [ 489.929981336167316, 440.849999899495799 ], [ 497.485105675857426, 441.323754977938222 ] ] ] } },
{ "type": "Feature", "properties": { "feature_type": "building", "subtype": "no-damage", "uid": "fd07581d-c9f7-42c3-a687-652ff4d27b33" }, "geometry": { "type": "Polygon", "coordinates": [ [ [ 566.399043888501637, 420.147734255767887 ], [ 565.070554728378738, 446.967723050469601 ], [ 541.275706307632049, 450.209690505611093 ], [ 534.499981325403041, 447.869999899057802 ], [ 513.180004093496223, 446.609825564849018 ], [ 511.436330418102784, 443.703702772138115 ], [ 510.037102920621578, 443.878606207571011 ], [ 508.758318604882788, 445.157390523776712 ], [ 497.610395448758709, 444.599994364124996 ], [ 498.042210367053713, 440.857598412265475 ], [ 488.711036517943228, 440.274400044476806 ], [ 485.645537524148381, 433.307356873513811 ], [ 488.95998133247889, 425.149999900688215 ], [ 500.242677433465815, 425.870127560571518 ], [ 501.413419498891301, 424.699385498416973 ], [ 508.405050368585819, 425.251356354325083 ], [ 507.820524055314593, 427.004935285494412 ], [ 520.353906888403458, 428.19859079142708 ], [ 521.731338811118235, 429.576022714608712 ], [ 527.148295820836552, 429.576022714608712 ], [ 527.929329128804739, 418.446298092243183 ], [ 566.399043888501637, 420.147734255767887 ] ] ] } },
{ "type": "Feature", "properties": { "feature_type": "building", "subtype": "no-damage", "uid": "9055539f-7d34-41c0-90f1-14ce3eab52a8" }, "geometry": { "type": "Polygon", "coordinates": [ [ [ 523.489981327654391, 405.02999989952599 ], [ 524.153859227355838, 407.031649795881378 ], [ 530.025324905688421, 407.736225678411813 ], [ 527.251081730871874, 418.082251303566522 ], [ 526.682153906674102, 429.076022715289525 ], [ 521.938445594115137, 429.076022715289525 ], [ 520.580313773530179, 427.71789089657392 ], [ 508.493622930704873, 426.566777484084298 ], [ 509.081481086690815, 424.803203030144175 ], [ 501.222908786749315, 424.182789426841225 ], [ 500.048881929079414, 425.356816286846879 ], [ 487.991069420064605, 424.591240888677987 ], [ 483.041614589520123, 415.263422172147216 ], [ 490.789981333295827, 402.029999899872905 ], [ 523.489981327654391, 405.02999989952599 ] ] ] } },
{ "type": "Feature", "properties": { "feature_type": "building", "subtype": "no-damage", "uid": "117b7fab-cee4-4ba3-99cf-5fde5eb3c8dc" }, "geometry": { "type": "Polygon", "coordinates": [ [ [ 648.629981307579897, 448.239999899077418 ], [ 672.869981305998294, 449.069999898919093 ], [ 672.889384902482334, 459.894935078410185 ], [ 678.049699181469919, 460.129377673266106 ], [ 677.819398136764789, 471.887299383081086 ], [ 651.625574041317464, 471.051953813242221 ], [ 651.625574043186361, 473.83431618441341 ], [ 642.674224311365379, 473.678635392360377 ], [ 642.443495674774567, 468.301252845180784 ], [ 638.269981311703077, 466.549999899638976 ], [ 635.42416820185008, 460.746631583436681 ], [ 640.245707545990854, 448.061534625506908 ], [ 640.4399813096461, 444.739999900104976 ], [ 648.629981307579897, 448.239999899077418 ] ] ] } },
{ "type": "Feature", "properties": { "feature_type": "building", "subtype": "no-damage", "uid": "f54b7acc-76a8-4731-aec3-60b9a9c94d25" }, "geometry": { "type": "Polygon", "coordinates": [ [ [ 647.463264756968329, 383.478814440829296 ], [ 648.841155612928674, 387.153190049869693 ], [ 656.279981306930949, 386.889999897761072 ], [ 656.920823661093436, 407.860294041690224 ], [ 659.569981305975148, 408.069999898676087 ], [ 658.879537199721881, 418.721929340286806 ], [ 655.48879084957855, 418.269829829239484 ], [ 655.139981310753683, 425.409999899287584 ], [ 651.742230432899191, 430.800501311018593 ], [ 654.311225735425751, 435.676608425447228 ], [ 654.394748473828258, 437.58190580647738 ], [ 655.604286370088175, 437.628916428611092 ], [ 655.561295548410726, 440.736702439861574 ], [ 654.612388789646957, 440.736702439861574 ], [ 654.529981308612491, 445.959999897845819 ], [ 648.891028535123155, 445.77060676128832 ], [ 648.639024292940121, 447.702639292478182 ], [ 640.469981309736113, 444.209999898359683 ], [ 641.277933159732584, 430.508503667716525 ], [ 639.909981312806622, 430.389999898337919 ], [ 640.339539228939202, 424.880813341738474 ], [ 634.128795973985575, 424.480120230218972 ], [ 633.959981312870013, 429.849999899521777 ], [ 627.787674003360166, 429.303596257801189 ], [ 625.821489306913577, 448.826276331122472 ], [ 610.885439338747801, 447.238336421467181 ], [ 612.519981315452469, 433.529999898099391 ], [ 612.60132227562849, 433.538058975954016 ], [ 615.177171735088791, 408.131071720797593 ], [ 622.405600462589291, 408.921368228558606 ], [ 623.426724322821542, 400.166603662261991 ], [ 626.641802979798285, 382.866418506612206 ], [ 633.684356227501894, 385.009804278241006 ], [ 633.990554194143215, 382.713319523992425 ], [ 647.463264756968329, 383.478814440829296 ] ] ] } },
{ "type": "Feature", "properties": { "feature_type": "building", "subtype": "no-damage", "uid": "6a86ac9a-d4c6-4238-9bab-37dc1e66cc6c" }, "geometry": { "type": "Polygon", "coordinates": [ [ [ 682.66998130074046, 419.869999899803588 ], [ 682.433586068964246, 425.307891823048919 ], [ 688.556461254966621, 425.848145515051783 ], [ 689.119981304435214, 426.819999897442472 ], [ 688.519981303569921, 447.069999897904381 ], [ 654.863314639311625, 445.903333231580177 ], [ 654.937722640953211, 441.070035775233009 ], [ 655.801234194309927, 441.070035775233009 ], [ 655.794250501810552, 437.245914419151404 ], [ 654.657026286907126, 437.16601457046761 ], [ 654.663662508376319, 435.616938969323314 ], [ 652.314179223799442, 430.830954499859388 ], [ 655.479981310449716, 425.809999897995283 ], [ 666.663083248669636, 427.157008218037902 ], [ 679.106151562164314, 426.811367432616294 ], [ 679.389981302738647, 419.659999897772025 ], [ 682.66998130074046, 419.869999899803588 ] ] ] } },
{ "type": "Feature", "properties": { "feature_type": "building", "subtype": "no-damage", "uid": "f749dcf3-63ef-48ec-8b6c-030936f81c5b" }, "geometry": { "type": "Polygon", "coordinates": [ [ [ 697.289981299349847, 418.039999897585574 ], [ 696.69998130256397, 432.699999898257715 ], [ 692.420029604628212, 432.534452687736007 ], [ 692.683837542352421, 427.522101959285408 ], [ 689.837562712861882, 427.063025373506889 ], [ 688.859071279181762, 425.372903806496481 ], [ 682.953663533790518, 424.851838417527176 ], [ 683.286182390026852, 417.120775099394109 ], [ 697.289981299349847, 418.039999897585574 ] ] ] } },
{ "type": "Feature", "properties": { "feature_type": "building", "subtype": "no-damage", "uid": "e5a353cb-7bcc-4dfb-90cf-b09b101051f2" }, "geometry": { "type": "Polygon", "coordinates": [ [ [ 668.233068740016165, 410.337317214197526 ], [ 679.239981306260233, 410.549999897392581 ], [ 678.624739237587164, 426.324547132630016 ], [ 666.686051982713593, 426.656177333349376 ], [ 655.64767860927634, 425.331572528920503 ], [ 655.961915762387434, 418.837338015408022 ], [ 659.343879297018702, 419.288266485882218 ], [ 660.009981305581732, 409.059999900243724 ], [ 668.233068740016165, 410.337317214197526 ] ] ] } },
{ "type": "Feature", "properties": { "feature_type": "building", "subtype": "no-damage", "uid": "463ad207-7907-474d-b569-7f07c342ab9a" }, "geometry": { "type": "Polygon", "coordinates": [ [ [ 679.818672464342967, 373.908456231230616 ], [ 679.546999530406538, 375.869861850743291 ], [ 687.67998130221838, 376.436971913917489 ], [ 682.893926896583935, 388.698096616344401 ], [ 687.020504357642494, 389.067892738546277 ], [ 685.600983592378498, 391.710820149787025 ], [ 702.704074817309106, 393.319999898201218 ], [ 701.314074817967821, 407.128336422180382 ], [ 676.153683086431442, 405.254437753880211 ], [ 676.039981302580031, 408.849999898212104 ], [ 668.529981308009724, 408.372878396780379 ], [ 669.310351426215902, 399.451791422247084 ], [ 657.089981307725338, 397.983027884770195 ], [ 656.759981306268173, 386.40999990005929 ], [ 665.544373798349966, 373.074093415045581 ], [ 679.818672464342967, 373.908456231230616 ] ] ] } },
{ "type": "Feature", "properties": { "feature_type": "building", "subtype": "no-damage", "uid": "842f4d05-f3d3-4256-8e75-8729c42ad2c1" }, "geometry": { "type": "Polygon", "coordinates": [ [ [ 615.121922015076962, 404.673511870752577 ], [ 612.369981313600761, 430.759999898357478 ], [ 570.929981319580634, 426.349999900549392 ], [ 568.344614481677013, 419.625129341263914 ], [ 572.074814629328444, 411.891787561522392 ], [ 585.817953961128524, 413.323364574511288 ], [ 584.040883909936383, 407.893428311861214 ], [ 587.409981316994163, 402.029999899872905 ], [ 615.121922015076962, 404.673511870752577 ] ] ] } },
{ "type": "Feature", "properties": { "feature_type": "building", "subtype": "no-damage", "uid": "56b58cf0-5577-4d16-8180-e5a35dea3b2e" }, "geometry": { "type": "Polygon", "coordinates": [ [ [ 594.192524038457123, 368.594572711157525 ], [ 594.099398141999814, 371.50081671740412 ], [ 598.242963930930046, 371.574808964944907 ], [ 598.315802640279344, 372.813066992577205 ], [ 604.848120672648861, 373.326844815809693 ], [ 604.774814358294293, 375.306115399636496 ], [ 608.099981316367234, 375.699999897372891 ], [ 605.629981316122667, 401.359999898019112 ], [ 572.930685764703412, 398.94024854366279 ], [ 572.624861536214439, 400.622281809696119 ], [ 565.185408631410724, 399.936481607781502 ], [ 566.058745263852984, 390.991820589157726 ], [ 568.492034878538675, 391.032962107070887 ], [ 569.03392947780037, 380.930146039730573 ], [ 563.925270987302952, 380.452031232473587 ], [ 565.044960470765773, 368.231336794982496 ], [ 580.459008900837262, 368.946806925311819 ], [ 582.396196704100475, 368.168916074188473 ], [ 594.192524038457123, 368.594572711157525 ] ] ] } },
{ "type": "Feature", "properties": { "feature_type": "building", "subtype": "no-damage", "uid": "752272d8-b1cf-4822-be80-cb8902e57b20" }, "geometry": { "type": "Polygon", "coordinates": [ [ [ 564.429981320252637, 367.799999897663383 ], [ 563.713137723951149, 378.503209393090913 ], [ 562.4975038274913, 378.503209393090913 ], [ 561.09020035111314, 393.514446470715711 ], [ 551.156413192650575, 392.389866793862893 ], [ 550.487985568047748, 395.445535933835288 ], [ 544.829121488136593, 396.164121847854574 ], [ 539.429981326718917, 392.839999900499492 ], [ 540.249981324817668, 365.969999899183279 ], [ 564.429981320252637, 367.799999897663383 ] ] ] } },
{ "type": "Feature", "properties": { "feature_type": "building", "subtype": "no-damage", "uid": "14b130f6-457e-4cfa-986e-c97672a75e59" }, "geometry": { "type": "Polygon", "coordinates": [ [ [ 542.52998132394714, 362.189999899994177 ], [ 542.58541830084539, 365.07220678891548 ], [ 539.777693831743704, 365.07220678891548 ], [ 538.932299144252056, 392.688433214261295 ], [ 526.502300330360072, 391.859766626855617 ], [ 526.489981330812611, 392.009999900657817 ], [ 521.249981330124456, 391.469999898103708 ], [ 520.252722485994582, 384.962255992515509 ], [ 522.477398294368754, 366.794070225416078 ], [ 524.780666156414327, 366.794070225416078 ], [ 527.669981326019638, 358.899999899315617 ], [ 542.52998132394714, 362.189999899994177 ] ] ] } },
{ "type": "Feature", "properties": { "feature_type": "building", "subtype": "no-damage", "uid": "d15010c7-cfb2-4370-a18b-cccc98d7d7fc" }, "geometry": { "type": "Polygon", "coordinates": [ [ [ 518.029981331601675, 386.839999897455414 ], [ 519.007586060729977, 391.745548915464781 ], [ 526.569104256961282, 392.521089241462221 ], [ 525.630269916459042, 404.725935667052909 ], [ 489.789981333488981, 401.429999899942288 ], [ 489.924410573284092, 401.238296548076391 ], [ 490.843004475544376, 389.602773786738112 ], [ 492.829981332406192, 388.729999900787789 ], [ 514.341808608834867, 390.414742215330079 ], [ 515.11671234136395, 386.152771676141981 ], [ 518.029981331601675, 386.839999897455414 ] ] ] } },
{ "type": "Feature", "properties": { "feature_type": "building", "subtype": "no-damage", "uid": "655b7d65-9c38-46f1-a655-527ba6123502" }, "geometry": { "type": "Polygon", "coordinates": [ [ [ 506.854129827007114, 357.181836578130287 ], [ 521.087822801487164, 356.797142173086399 ], [ 518.020273101553357, 386.322308055966516 ], [ 514.718924448095777, 385.545520136626578 ], [ 513.93064889793834, 389.881035646605426 ], [ 493.339981331132606, 388.269999897227706 ], [ 499.329981329631721, 353.659999897927889 ], [ 506.854129827007114, 357.181836578130287 ] ] ] } },
{ "type": "Feature", "properties": { "feature_type": "building", "subtype": "no-damage", "uid": "92300e14-1d7b-41ef-8c33-c0419de03675" }, "geometry": { "type": "Polygon", "coordinates": [ [ [ 398.369981350280909, 593.51999989997114 ], [ 397.562154982767481, 599.419479833239961 ], [ 415.809981344967127, 602.09999989860512 ], [ 415.430028248829899, 605.641947002561892 ], [ 420.202182267389787, 606.437306007017696 ], [ 419.239981347624109, 614.14999989752323 ], [ 384.029981349785885, 609.869999899014942 ], [ 385.878428578066178, 591.844195640836801 ], [ 398.369981350280909, 593.51999989997114 ] ] ] } },
{ "type": "Feature", "properties": { "feature_type": "building", "subtype": "no-damage", "uid": "890221a4-063a-47b6-962e-3636ed741bee" }, "geometry": { "type": "Polygon", "coordinates": [ [ [ 422.590046665040916, 566.563613511033168 ], [ 421.062580612722797, 574.879615352047836 ], [ 420.549981345868673, 579.499999898726514 ], [ 407.565063241760186, 577.960835746871908 ], [ 397.919981347295675, 577.48999990064101 ], [ 400.719981345025872, 563.6599998998106 ], [ 422.590046665040916, 566.563613511033168 ] ] ] } },
{ "type": "Feature", "properties": { "feature_type": "building", "subtype": "no-damage", "uid": "fc2a9ae3-7cbb-486b-aaf9-b332e8beb0e1" }, "geometry": { "type": "Polygon", "coordinates": [ [ [ 399.533152275784914, 562.264870490187718 ], [ 400.239981346389527, 563.499999898084639 ], [ 397.409981348569374, 577.449999897406087 ], [ 396.295819157286587, 577.358574748933506 ], [ 395.069981347390922, 588.169999897163279 ], [ 383.778015079813713, 586.713863010114892 ], [ 380.815810529037208, 586.667902480411726 ], [ 379.670168609402424, 585.081629055022518 ], [ 372.43998135185501, 584.559999900508728 ], [ 374.717681191871122, 560.11549897602697 ], [ 399.533152275784914, 562.264870490187718 ] ] ] } },
{ "type": "Feature", "properties": { "feature_type": "building", "subtype": "no-damage", "uid": "1ffa8e15-7ac7-433e-9cf8-7639a7f74156" }, "geometry": { "type": "Polygon", "coordinates": [ [ [ 372.399981353993326, 585.059999899827972 ], [ 379.401446468874099, 585.563536992199943 ], [ 380.555329228261826, 587.161220809727297 ], [ 383.77552705920408, 587.2459628603076 ], [ 383.110990585147476, 595.303467600299314 ], [ 381.611748243741886, 595.127086146940087 ], [ 380.189981353219196, 609.409999899192712 ], [ 363.379981352946913, 607.369999898681044 ], [ 363.76185227374458, 602.955262390869393 ], [ 362.922999186274978, 601.51722853304409 ], [ 360.469981355431912, 600.339999898310339 ], [ 360.558157873545611, 599.023577317780337 ], [ 359.399757481005508, 597.560334715201975 ], [ 354.839981356844476, 597.1699998998605 ], [ 355.764132415462086, 586.494149343788308 ], [ 362.603041770908078, 586.689546751787816 ], [ 363.900891278211873, 584.554574910751171 ], [ 372.399981353993326, 585.059999899827972 ] ] ] } },
{ "type": "Feature", "properties": { "feature_type": "building", "subtype": "no-damage", "uid": "de69d997-ed18-47a2-a366-df243ede2774" }, "geometry": { "type": "Polygon", "coordinates": [ [ [ 407.978617611501022, 578.841332712048938 ], [ 409.255564814494676, 580.357707519341488 ], [ 407.647410378149118, 592.329523879500584 ], [ 409.698057465770319, 592.761239058891192 ], [ 414.132586790121479, 587.705875624361624 ], [ 419.589981346493516, 588.209999900398202 ], [ 418.459981342013691, 598.479999897404014 ], [ 415.82628510796809, 599.472750330083613 ], [ 415.658083678970684, 601.575268162763905 ], [ 398.124968424335407, 598.996868860165819 ], [ 399.098971385141908, 591.913210945383298 ], [ 395.201457819217183, 591.470311675503694 ], [ 396.738006541544678, 577.897464609240728 ], [ 407.978617611501022, 578.841332712048938 ] ] ] } },
{ "type": "Feature", "properties": { "feature_type": "building", "subtype": "no-damage", "uid": "e1d2e281-e5ab-4932-a9d8-b6d3240efd8b" }, "geometry": { "type": "Polygon", "coordinates": [ [ [ 460.179981335783509, 563.369999898784954 ], [ 459.834505510973713, 566.785138311971082 ], [ 462.399981337770214, 567.159999898782871 ], [ 460.887939040399488, 589.229713081947693 ], [ 454.635221916661919, 588.643520854211033 ], [ 452.410896149377209, 606.361100636853507 ], [ 434.966750161778691, 603.966108481577749 ], [ 433.923096445828776, 610.528030785651367 ], [ 425.984017071235087, 609.192988112028843 ], [ 426.911843711276276, 602.275466501514074 ], [ 418.697693142420576, 600.834387454510761 ], [ 421.546892929694081, 575.049129397751358 ], [ 424.769981341628409, 569.949999900142302 ], [ 435.681673137916675, 570.862356531878618 ], [ 436.658660191231093, 565.977421279558598 ], [ 441.934390258383587, 566.172818691296129 ], [ 442.325185082793212, 561.483280846975617 ], [ 460.179981335783509, 563.369999898784954 ] ] ] } },
{ "type": "Feature", "properties": { "feature_type": "building", "subtype": "no-damage", "uid": "625d07ed-2b47-4558-a6eb-419c0097b3d8" }, "geometry": { "type": "Polygon", "coordinates": [ [ [ 483.749981333048822, 571.449999898099918 ], [ 481.942482193775106, 580.172439306162914 ], [ 485.209981337116687, 587.279999899945096 ], [ 484.726423065391884, 594.31004574600513 ], [ 486.680397168750119, 594.31004574600513 ], [ 486.484999758881486, 604.666108482119739 ], [ 478.638743767879987, 609.16024891470272 ], [ 471.513358250235115, 605.777773770307249 ], [ 465.305400382563505, 604.526981624658902 ], [ 467.140656158062882, 574.770304736725052 ], [ 471.161482861067782, 575.02642131574828 ], [ 471.747675089271809, 571.344230110020135 ], [ 483.749981333048822, 571.449999898099918 ] ] ] } },
{ "type": "Feature", "properties": { "feature_type": "building", "subtype": "no-damage", "uid": "46d55005-c6c3-402d-b8cb-e71cf8a45d96" }, "geometry": { "type": "Polygon", "coordinates": [ [ [ 494.765650047257111, 565.082953142394331 ], [ 494.841206057760019, 572.251938145851 ], [ 496.841062494064374, 573.011728046039366 ], [ 494.868199388722985, 587.49179470557965 ], [ 485.769981335214311, 587.289999900753742 ], [ 482.465507861391814, 580.113083940669526 ], [ 485.679981333542628, 564.649999897640214 ], [ 494.765650047257111, 565.082953142394331 ] ] ] } },
{ "type": "Feature", "properties": { "feature_type": "building", "subtype": "no-damage", "uid": "63df83c4-3a54-4dbc-be44-54af54c9e02f" }, "geometry": { "type": "Polygon", "coordinates": [ [ [ 567.585980973588221, 593.278200004589962 ], [ 569.070284861104597, 595.396940748417137 ], [ 574.656240306243717, 595.864880010543516 ], [ 574.272611412583956, 603.136040186049968 ], [ 576.759981322895214, 603.259999898969454 ], [ 575.369981321217779, 615.509999899110426 ], [ 570.178095546806503, 615.135111948691133 ], [ 567.809981323071042, 631.329999900146845 ], [ 557.100356967914763, 630.584577904430716 ], [ 548.819981323112529, 626.2099998972501 ], [ 554.304046068891012, 591.763740915401854 ], [ 567.585980973588221, 593.278200004589962 ] ] ] } },
{ "type": "Feature", "properties": { "feature_type": "building", "subtype": "no-damage", "uid": "7890fe5a-d730-4ada-b8f8-9f050121bf83" }, "geometry": { "type": "Polygon", "coordinates": [ [ [ 602.469981317312659, 529.879999900352459 ], [ 601.899981313733974, 562.239999900846897 ], [ 575.072291839099194, 562.352338219319563 ], [ 574.859981322725048, 573.079999899095128 ], [ 553.401495318240677, 572.057121402569237 ], [ 554.029981323944298, 556.839999897733378 ], [ 556.687144112581905, 556.942947751872566 ], [ 557.653314656958287, 535.416666564987622 ], [ 565.93331465633014, 535.969999899461413 ], [ 565.704695457140701, 546.954609081008698 ], [ 574.64472001434433, 547.354609079716397 ], [ 575.127527372505483, 529.493113383579612 ], [ 602.469981317312659, 529.879999900352459 ] ] ] } },
{ "type": "Feature", "properties": { "feature_type": "building", "subtype": "no-damage", "uid": "ea0b9080-0fcd-4821-b1b3-6e44da656779" }, "geometry": { "type": "Polygon", "coordinates": [ [ [ 560.228265813542862, 525.072427561111112 ], [ 559.963392897322819, 535.1871233735435 ], [ 547.519981324975674, 534.529999898880305 ], [ 547.866069654876583, 524.703432480659671 ], [ 560.228265813542862, 525.072427561111112 ] ] ] } },
{ "type": "Feature", "properties": { "feature_type": "building", "subtype": "no-damage", "uid": "6014e1b3-ecd3-4ac1-800a-9cd9ec510d01" }, "geometry": { "type": "Polygon", "coordinates": [ [ [ 557.31632875365267, 535.475290743132632 ], [ 556.213731421587227, 556.424640124092548 ], [ 546.749981326248189, 556.06999989900612 ], [ 547.499981322423764, 535.029999898199549 ], [ 557.31632875365267, 535.475290743132632 ] ] ] } },
{ "type": "Feature", "properties": { "feature_type": "building", "subtype": "no-damage", "uid": "45113b3d-7789-4a0e-8a80-4a88b07eb419" }, "geometry": { "type": "Polygon", "coordinates": [ [ [ 583.112585513453269, 603.595259620492243 ], [ 586.391435744833075, 606.761046050595837 ], [ 588.653037174278666, 606.761046050595837 ], [ 591.229902914506397, 609.113836506859798 ], [ 591.749981320356028, 609.209999897969965 ], [ 589.799981319880089, 635.639999897343387 ], [ 578.165167570628, 633.1740106141566 ], [ 578.389981318050332, 603.349999898772126 ], [ 583.112585513453269, 603.595259620492243 ] ] ] } },
{ "type": "Feature", "properties": { "feature_type": "building", "subtype": "no-damage", "uid": "79d747b8-34e4-4341-910d-f0b740ae5904" }, "geometry": { "type": "Polygon", "coordinates": [ [ [ 601.108608108137446, 606.850684454438579 ], [ 594.299981316557592, 609.189999900090356 ], [ 591.462506700298718, 608.649152505476081 ], [ 588.846961529722307, 606.261046047538684 ], [ 586.593423041981055, 606.261046047538684 ], [ 583.325320388872569, 603.105636588302559 ], [ 574.782005795220925, 602.66182803748552 ], [ 575.5626243347333, 562.850282410461432 ], [ 601.889981317364004, 562.73999990016614 ], [ 601.108608108137446, 606.850684454438579 ] ] ] } },
{ "type": "Feature", "properties": { "feature_type": "building", "subtype": "no-damage", "uid": "5b8c12bb-59b2-4cff-aa33-c287e3741b6d" }, "geometry": { "type": "Polygon", "coordinates": [ [ [ 633.733622092168275, 523.492816136747251 ], [ 630.120678464442221, 523.379911649242331 ], [ 629.999047813932179, 530.312858837178169 ], [ 633.180782306024071, 530.426492213205734 ], [ 633.714358480627993, 537.789843382603294 ], [ 628.316519365159706, 539.364213125208266 ], [ 628.205771804499363, 542.575892417300906 ], [ 607.299981318016989, 542.479999898895471 ], [ 607.328467324724443, 525.625457921552766 ], [ 609.726185442401402, 525.808961514898556 ], [ 609.946185443372769, 518.356659653163661 ], [ 633.84362208891605, 518.356659653163661 ], [ 633.733622092168275, 523.492816136747251 ] ] ] } },
{ "type": "Feature", "properties": { "feature_type": "building", "subtype": "no-damage", "uid": "0a0d475b-0694-450e-9c18-c1af4260a1a3" }, "geometry": { "type": "Polygon", "coordinates": [ [ [ 681.202682693768338, 581.40039764833125 ], [ 688.640020397285525, 581.760268827322648 ], [ 688.640020397752778, 601.193312511544377 ], [ 684.938644821991375, 601.016529899993202 ], [ 658.911817598134235, 600.557232948395836 ], [ 654.931244024320449, 590.452700024469209 ], [ 655.306739598096669, 581.268428628071206 ], [ 681.199981305208667, 581.019999898301535 ], [ 681.202682693768338, 581.40039764833125 ] ] ] } },
{ "type": "Feature", "properties": { "feature_type": "building", "subtype": "no-damage", "uid": "19985312-5a9d-4dee-a825-6bfdf6659f43" }, "geometry": { "type": "Polygon", "coordinates": [ [ [ 678.700816656600296, 568.919778725866308 ], [ 688.506899159256932, 568.722535693391933 ], [ 689.401164420602186, 578.63827043557842 ], [ 656.162285191931574, 580.775928583568884 ], [ 656.722279703451477, 569.081749542758189 ], [ 667.051036947213561, 569.026869019315996 ], [ 669.101036945263786, 558.780717411640694 ], [ 679.467752589612473, 558.129785482360148 ], [ 678.700816656600296, 568.919778725866308 ] ] ] } },
{ "type": "Feature", "properties": { "feature_type": "building", "subtype": "no-damage", "uid": "3abfe8eb-66b3-4bde-8991-7b16484dfafe" }, "geometry": { "type": "Polygon", "coordinates": [ [ [ 671.464925164098645, 543.740959440991105 ], [ 667.980948599865087, 562.204397170177344 ], [ 647.960052967883598, 562.424407011244739 ], [ 652.080052972142994, 543.853837938681181 ], [ 652.339981310220082, 543.629999898451047 ], [ 671.464925164098645, 543.740959440991105 ] ] ] } },
{ "type": "Feature", "properties": { "feature_type": "building", "subtype": "no-damage", "uid": "544b6fa2-384d-460f-9710-b6009ff5cfc4" }, "geometry": { "type": "Polygon", "coordinates": [ [ [ 640.419981307561443, 516.499999898535521 ], [ 640.380234983963192, 516.523007347469957 ], [ 641.957572635015595, 518.935406111090515 ], [ 679.953881192293807, 519.023564598139387 ], [ 679.865498701020101, 521.76342171314991 ], [ 691.869981304429416, 521.879999900031521 ], [ 692.251460866247498, 522.956322826676001 ], [ 695.062381687511561, 523.009359067559558 ], [ 695.21844766675747, 531.12478999488826 ], [ 693.045121668481556, 533.080783393406136 ], [ 693.199981304525181, 537.909999899361651 ], [ 634.189981310211351, 537.499999899845193 ], [ 633.64704503843609, 529.942825677997689 ], [ 630.50758364375622, 529.830702054906851 ], [ 630.611709984187883, 523.895500465044847 ], [ 634.222990231997414, 524.008352972920306 ], [ 634.34299023679614, 518.356659653163661 ], [ 634.771526890437599, 518.356659653163661 ], [ 637.2649081487898, 515.409936347839221 ], [ 639.187585783435225, 515.207549227173331 ], [ 640.419981307561443, 516.499999898535521 ] ] ] } },
{ "type": "Feature", "properties": { "feature_type": "building", "subtype": "no-damage", "uid": "c4cbce68-9983-4221-82de-c3fda22c1688" }, "geometry": { "type": "Polygon", "coordinates": [ [ [ 643.96489587468534, 560.938632898915444 ], [ 644.367414153933282, 568.406446373964627 ], [ 647.123195856509142, 572.693217917222114 ], [ 647.888690773346184, 576.214494543642786 ], [ 646.949981308614724, 577.209999900424236 ], [ 637.441545647894259, 577.330683722975323 ], [ 636.609883549544293, 576.221800929847973 ], [ 632.409981313905405, 576.279999899971017 ], [ 631.866945660431497, 561.024731910879495 ], [ 643.96489587468534, 560.938632898915444 ] ] ] } },
{ "type": "Feature", "properties": { "feature_type": "building", "subtype": "no-damage", "uid": "3c0f1b40-0991-4deb-9c58-2a6db54e2bab" }, "geometry": { "type": "Polygon", "coordinates": [ [ [ 637.193839141921217, 577.83374171387652 ], [ 639.799981308816541, 577.799999899546037 ], [ 639.549981307521534, 595.829999899890822 ], [ 611.939981313868429, 595.119999898540073 ], [ 607.459981316705921, 587.799999897143721 ], [ 612.779981314051838, 577.449999897406087 ], [ 632.431047715132308, 576.819589425678146 ], [ 632.429981313887538, 576.77999989929026 ], [ 636.362358690761653, 576.725101116068799 ], [ 637.193839141921217, 577.83374171387652 ] ] ] } },
{ "type": "Feature", "properties": { "feature_type": "building", "subtype": "no-damage", "uid": "8cb4fe17-77e3-4d42-85dc-3d2ad4d7bcae" }, "geometry": { "type": "Polygon", "coordinates": [ [ [ 631.419981311169522, 562.599999900057696 ], [ 631.91345267266729, 576.335853843460427 ], [ 613.049981316263484, 576.939999897278199 ], [ 613.441419454001903, 571.621525031407714 ], [ 608.695350957744154, 571.00912909719068 ], [ 608.88998131390872, 562.399999898834835 ], [ 631.419981311169522, 562.599999900057696 ] ] ] } },
{ "type": "Feature", "properties": { "feature_type": "building", "subtype": "no-damage", "uid": "953ff05e-b0cb-4392-824e-8164eb701bd4" }, "geometry": { "type": "Polygon", "coordinates": [ [ [ 632.034242600749167, 540.615404511491533 ], [ 631.922254053534175, 560.524731911560252 ], [ 631.348769746027187, 560.524731911560252 ], [ 631.409981311762522, 562.099999900738567 ], [ 608.899981314250226, 561.899999899515706 ], [ 609.073486627168791, 543.022647236764101 ], [ 628.688747717290312, 543.078209031261508 ], [ 628.803757153412107, 539.74293543489614 ], [ 629.639981313228191, 539.499999900859848 ], [ 632.034242600749167, 540.615404511491533 ] ] ] } },
{ "type": "Feature", "properties": { "feature_type": "building", "subtype": "no-damage", "uid": "2c75b6c0-fe7d-41e5-8cd9-e97c0921c3c3" }, "geometry": { "type": "Polygon", "coordinates": [ [ [ 643.206421962580521, 538.107429663776998 ], [ 642.875131784134737, 560.524731911560252 ], [ 632.422246334732677, 560.524731911560252 ], [ 632.536014786168835, 540.297800019131614 ], [ 630.369981309188006, 539.289999898828341 ], [ 634.22998131064287, 537.999999899164322 ], [ 643.206421962580521, 538.107429663776998 ] ] ] } },
{ "type": "Feature", "properties": { "feature_type": "building", "subtype": "no-damage", "uid": "de88e2b9-676e-453e-8c76-ef5a02fc576b" }, "geometry": { "type": "Polygon", "coordinates": [ [ [ 660.124344328931215, 485.518787108014578 ], [ 676.16998130398224, 485.749999897418775 ], [ 676.019981303298778, 491.569999900857624 ], [ 649.874808028672646, 491.209362640958091 ], [ 648.865414797998255, 488.757979072973285 ], [ 637.799193352537486, 488.757979072973285 ], [ 636.490919501266035, 515.359547318918544 ], [ 636.649981311516171, 515.369999900597463 ], [ 634.539627409982131, 517.856659653844531 ], [ 609.966185444055782, 517.856659653844531 ], [ 610.21998131563987, 509.339999898865074 ], [ 616.838020702603217, 509.389921466223427 ], [ 616.927033626538901, 496.605697788633108 ], [ 625.749910863885134, 496.658649810256406 ], [ 625.749910863417881, 475.652051576976419 ], [ 660.44262611846159, 475.652051576976419 ], [ 660.124344328931215, 485.518787108014578 ] ] ] } },
{ "type": "Feature", "properties": { "feature_type": "building", "subtype": "no-damage", "uid": "35d5d74f-eae4-430f-a0d7-eae2f246e3d3" }, "geometry": { "type": "Polygon", "coordinates": [ [ [ 649.538081643647615, 491.70479686190879 ], [ 679.719981303494933, 492.119999900482526 ], [ 679.043455616315441, 500.549339361431919 ], [ 685.041308605034942, 500.789253479513377 ], [ 686.289862429051027, 507.060162512461773 ], [ 684.801394484850789, 512.54504533653153 ], [ 679.0434556177172, 512.904916519260837 ], [ 679.043455616782694, 515.184100654118652 ], [ 650.253761272236943, 514.944186532299113 ], [ 650.149981306688119, 516.879999899363725 ], [ 641.75738891415449, 517.175585538824976 ], [ 639.379605353747365, 514.684574190495141 ], [ 637.012900068221711, 514.933701064327806 ], [ 637.010315921648953, 514.933701064327806 ], [ 638.275207500684019, 489.257979072292528 ], [ 648.53056843269519, 489.257979072292528 ], [ 649.538081643647615, 491.70479686190879 ] ] ] } },
{ "type": "Feature", "properties": { "feature_type": "building", "subtype": "no-damage", "uid": "cf61d295-a4f6-4b3c-8837-83933995b24f" }, "geometry": { "type": "Polygon", "coordinates": [ [ [ 609.719981313750736, 509.329999898056315 ], [ 609.241158744741256, 525.304319535806599 ], [ 577.209981318638143, 524.999999898175588 ], [ 577.371078577505159, 509.071639672488004 ], [ 609.719981313750736, 509.329999898056315 ] ] ] } },
{ "type": "Feature", "properties": { "feature_type": "building", "subtype": "no-damage", "uid": "5f3c3459-40d3-421e-91cd-30f4d596774c" }, "geometry": { "type": "Polygon", "coordinates": [ [ [ 691.792017043040914, 656.417194214383926 ], [ 690.568211116946713, 668.531833641184335 ], [ 673.159981306790314, 666.599999900491639 ], [ 674.669981305323404, 654.619999899758795 ], [ 691.792017043040914, 656.417194214383926 ] ] ] } },
{ "type": "Feature", "properties": { "feature_type": "building", "subtype": "no-damage", "uid": "88ae5d40-d7aa-4978-aa8a-6ce24a74a3de" }, "geometry": { "type": "Polygon", "coordinates": [ [ [ 666.159981304872304, 645.579999897564562 ], [ 665.290234745475459, 653.692113581825197 ], [ 674.169981306938553, 654.579999900261782 ], [ 672.659981306770192, 666.549999900185981 ], [ 667.860996159268097, 666.02774014597162 ], [ 653.564074652855538, 663.757014811796012 ], [ 652.419981309914988, 660.219999900357266 ], [ 653.058483646968511, 648.062388974398459 ], [ 654.373467828574348, 647.448729687733476 ], [ 654.627955290465366, 645.49765917803029 ], [ 666.159981304872304, 645.579999897564562 ] ] ] } },
{ "type": "Feature", "properties": { "feature_type": "building", "subtype": "no-damage", "uid": "bf3ec095-8dad-44ef-9f89-fa6aa4004ed6" }, "geometry": { "type": "Polygon", "coordinates": [ [ [ 668.299981307164103, 615.319999898696324 ], [ 668.401386093380665, 626.090702292846686 ], [ 666.219981308322986, 645.079999898245433 ], [ 654.189356628926021, 644.994444407206629 ], [ 653.913184547060155, 647.111763710388686 ], [ 652.959981306161467, 647.559999900699722 ], [ 642.97361942600628, 647.385061657679444 ], [ 637.489981312166833, 644.559999897308785 ], [ 637.679981312113796, 636.032623311554403 ], [ 643.936976368050523, 636.032623311554403 ], [ 645.35523836076311, 637.894092176200843 ], [ 650.925803971017899, 637.708406656980401 ], [ 652.161186113323311, 635.678850285809631 ], [ 657.140653053910796, 635.678850285809631 ], [ 656.879981304992839, 624.319999897655521 ], [ 657.133839077836001, 624.315158970392531 ], [ 656.859981309683121, 615.249999900511057 ], [ 668.299981307164103, 615.319999898696324 ] ] ] } },
{ "type": "Feature", "properties": { "feature_type": "building", "subtype": "no-damage", "uid": "1981e085-190d-4d58-9140-de1625c57225" }, "geometry": { "type": "Polygon", "coordinates": [ [ [ 656.6294812474016, 635.178850282752478 ], [ 651.880189938421267, 635.178850282752478 ], [ 650.639160887196454, 637.217683724467065 ], [ 645.596535676045619, 637.385771230991395 ], [ 644.184613452286612, 635.53262331223516 ], [ 637.689981309885525, 635.53262331223516 ], [ 638.019981310641697, 620.009999900458979 ], [ 656.371942057761657, 620.143055857907825 ], [ 656.6294812474016, 635.178850282752478 ] ] ] } },
{ "type": "Feature", "properties": { "feature_type": "building", "subtype": "no-damage", "uid": "67e0d7ca-1f2f-45d3-ac1e-0c12ec26d446" }, "geometry": { "type": "Polygon", "coordinates": [ [ [ 668.415335515298239, 629.388947445445524 ], [ 687.838574277684756, 630.846959609953046 ], [ 685.369981302765154, 655.189999897263192 ], [ 665.84120932997962, 653.244440263693832 ], [ 668.415335515298239, 629.388947445445524 ] ] ] } },
{ "type": "Feature", "properties": { "feature_type": "building", "subtype": "no-damage", "uid": "91c99d86-8a5d-449b-b0d4-2d4adf48f75f" }, "geometry": { "type": "Polygon", "coordinates": [ [ [ 635.477861496686614, 617.047687801078723 ], [ 634.870231235659389, 644.217440880430445 ], [ 629.845003061654438, 643.776631389019485 ], [ 629.639981314629949, 646.159999899615627 ], [ 611.929981315863074, 644.709999898225874 ], [ 612.589200716952632, 643.057212380515466 ], [ 613.772570506993816, 629.644227823765618 ], [ 611.762939937229021, 629.297739795800908 ], [ 613.053326799378965, 619.541404688003013 ], [ 623.551794121685475, 620.06912972684097 ], [ 626.382493637724565, 616.707674047909677 ], [ 635.477861496686614, 617.047687801078723 ] ] ] } },
{ "type": "Feature", "properties": { "feature_type": "building", "subtype": "no-damage", "uid": "e9675409-3110-4f92-9fd0-ed8d1f0e84e1" }, "geometry": { "type": "Polygon", "coordinates": [ [ [ 603.802138483947601, 633.974384430557279 ], [ 604.759981314447487, 632.559999898696333 ], [ 607.814194851915431, 634.038670938210771 ], [ 609.529151471783734, 635.539257977791749 ], [ 609.959599993229972, 637.906724867121284 ], [ 609.725219447281233, 641.656813632203125 ], [ 612.269250908269669, 642.873524331627095 ], [ 611.029981316200519, 646.289999898915312 ], [ 593.929981317472425, 641.329999897744528 ], [ 595.562617535315098, 632.33463081055254 ], [ 603.802138483947601, 633.974384430557279 ] ] ] } },
{ "type": "Feature", "properties": { "feature_type": "building", "subtype": "no-damage", "uid": "853a4b28-121e-4bd3-855f-e89be2babb16" }, "geometry": { "type": "Polygon", "coordinates": [ [ [ 607.109981316668382, 612.569999900571702 ], [ 607.38737918363563, 621.880728218793593 ], [ 604.329175017904845, 626.184867417446071 ], [ 605.119765888913321, 631.154295770590693 ], [ 603.576031883413634, 633.418438979528446 ], [ 595.085400826749492, 631.698817500029463 ], [ 598.516562186642886, 619.523728799310902 ], [ 599.579981315574628, 611.189999897367215 ], [ 607.109981316668382, 612.569999900571702 ] ] ] } },
{ "type": "Feature", "properties": { "feature_type": "building", "subtype": "no-damage", "uid": "cbb9e922-dded-4502-bc37-44ceddfe7572" }, "geometry": { "type": "Polygon", "coordinates": [ [ [ 644.184578514339023, 613.594027836183614 ], [ 637.379923481726792, 613.710541255983458 ], [ 637.569981308824708, 603.869999899708773 ], [ 644.49998130765141, 603.549999899994987 ], [ 644.184578514339023, 613.594027836183614 ] ] ] } },
{ "type": "Feature", "properties": { "feature_type": "building", "subtype": "no-damage", "uid": "fa9396a5-0712-41ae-b4a0-1946e4097dcd" }, "geometry": { "type": "Polygon", "coordinates": [ [ [ 632.494064934040807, 602.523581862073343 ], [ 632.689462342974934, 604.086761141021498 ], [ 635.179981308508559, 603.97999989739094 ], [ 635.104866666726593, 611.720234947513404 ], [ 632.365434506960014, 611.834377952671275 ], [ 632.589336569256375, 613.849496516374643 ], [ 609.071561501867222, 613.405764910809467 ], [ 605.17998131524007, 607.789999899006261 ], [ 606.506209393719018, 602.13278704233619 ], [ 632.494064934040807, 602.523581862073343 ] ] ] } },
{ "type": "Feature", "properties": { "feature_type": "building", "subtype": "no-damage", "uid": "679e6d34-3c7c-4fb3-acc2-a7ee19155a47" }, "geometry": { "type": "Polygon", "coordinates": [ [ [ 655.61058561125617, 597.01638154333159 ], [ 655.624985278072472, 603.287609563596334 ], [ 672.838468265931056, 603.464496074599765 ], [ 672.792435249156142, 612.784670129899382 ], [ 669.18496514748449, 612.792128115258492 ], [ 669.039992621912006, 614.821743504577626 ], [ 644.749251897581189, 614.680518267675211 ], [ 644.999981308606039, 603.529999898377469 ], [ 646.459817904236843, 603.464496074599765 ], [ 646.264420492265685, 596.820984131594059 ], [ 655.61058561125617, 597.01638154333159 ] ] ] } },
{ "type": "Feature", "properties": { "feature_type": "building", "subtype": "no-damage", "uid": "c553d660-9cc9-4df5-b2ec-9a3e6cbbad58" }, "geometry": { "type": "Polygon", "coordinates": [ [ [ 667.883275982866166, 562.576110131862038 ], [ 666.749942647742614, 568.742776798853924 ], [ 656.449942652513073, 568.842776795727445 ], [ 655.883275987988441, 580.376110132295707 ], [ 652.649942654976144, 580.342776798758564 ], [ 653.849942650866183, 562.642776798936325 ], [ 667.883275982866166, 562.576110131862038 ] ] ] } },
{ "type": "Feature", "properties": { "feature_type": "building", "subtype": "no-damage", "uid": "f1381c71-49e7-4607-a371-df6b702e6d4f" }, "geometry": { "type": "Polygon", "coordinates": [ [ [ 639.048011298326173, 450.206517516667986 ], [ 635.035858454431605, 460.687557609177873 ], [ 635.877953482536668, 463.010342878509277 ], [ 624.205253283377033, 462.155962032679213 ], [ 623.268420134548023, 454.520070676270791 ], [ 626.061287526326282, 449.667391837946809 ], [ 639.048011298326173, 450.206517516667986 ] ] ] } },
{ "type": "Feature", "properties": { "feature_type": "building", "subtype": "no-damage", "uid": "6a326828-a990-4495-9aa0-213ba65561f6" }, "geometry": { "type": "Polygon", "coordinates": [ [ [ 385.219981352109414, 772.999999900648163 ], [ 386.503958596276675, 783.510430193716047 ], [ 385.506430149636913, 789.744982989477194 ], [ 398.474299963898375, 790.243747214782843 ], [ 395.731096734762673, 826.902917660736193 ], [ 331.141129768865426, 820.418982754191234 ], [ 335.849981355717773, 765.869999899665913 ], [ 385.219981352109414, 772.999999900648163 ] ] ] } },
{ "type": "Feature", "properties": { "feature_type": "building", "subtype": "no-damage", "uid": "0cda4c5a-1f57-4f2b-a336-a3807ae94f92" }, "geometry": { "type": "Polygon", "coordinates": [ [ [ 394.796263576563604, 750.827797555726988 ], [ 402.239981348806509, 751.349999899102158 ], [ 401.109981346662892, 770.349999899397062 ], [ 347.218093780938716, 763.88572394590085 ], [ 346.969985627572214, 758.440919599130552 ], [ 345.209981358095717, 758.419999898969877 ], [ 347.278686074531208, 748.257493656169572 ], [ 347.609981354548097, 747.339999900001885 ], [ 394.796263576563604, 750.827797555726988 ] ] ] } },
{ "type": "Feature", "properties": { "feature_type": "building", "subtype": "no-damage", "uid": "0b5cab75-a136-4de4-9b6e-6dd38476a62a" }, "geometry": { "type": "Polygon", "coordinates": [ [ [ 343.479981356955818, 758.909999897480361 ], [ 345.089638895295593, 759.003725262303305 ], [ 345.109981358885875, 758.91999989828912 ], [ 346.455215710537573, 758.935745412460392 ], [ 346.21998135380511, 766.859999897495527 ], [ 335.889981355682096, 765.36999990034667 ], [ 336.449981355648617, 758.829999898486449 ], [ 343.479981356955818, 758.909999897480361 ] ] ] } },
{ "type": "Feature", "properties": { "feature_type": "building", "subtype": "no-damage", "uid": "dee376a1-fd5b-4da9-85f9-2974c37e5358" }, "geometry": { "type": "Polygon", "coordinates": [ [ [ 351.499981356092917, 735.179999899663699 ], [ 346.796137480990694, 748.121414798808701 ], [ 344.686441639379609, 758.478103484641224 ], [ 336.529981355343523, 757.979999900765165 ], [ 336.627536227837822, 756.826544223970814 ], [ 334.881861445108314, 746.601877636978884 ], [ 340.368267905949722, 732.387097258755944 ], [ 351.499981356092917, 735.179999899663699 ] ] ] } },
{ "type": "Feature", "properties": { "feature_type": "building", "subtype": "no-damage", "uid": "47e1685f-caed-494e-8939-9928d53a190d" }, "geometry": { "type": "Polygon", "coordinates": [ [ [ 403.505741219592778, 730.05735437434771 ], [ 403.059981345737128, 737.479999898774736 ], [ 394.926429429606401, 736.785633849390251 ], [ 392.905391322079026, 743.252955791981094 ], [ 392.139981351762685, 750.109999899743912 ], [ 351.750540762872674, 746.844525387923113 ], [ 350.830022366553521, 739.787217687716861 ], [ 354.00998135349829, 731.459999897851048 ], [ 385.007665924097523, 734.631536267024217 ], [ 385.385558837513372, 727.844234543173116 ], [ 403.505741219592778, 730.05735437434771 ] ] ] } },
{ "type": "Feature", "properties": { "feature_type": "building", "subtype": "no-damage", "uid": "0751a5a2-22a1-4997-b794-6d09dd541d0b" }, "geometry": { "type": "Polygon", "coordinates": [ [ [ 388.65720880901091, 664.350573213899338 ], [ 387.834536377278823, 692.767232058884133 ], [ 365.235831690996918, 692.713247356099941 ], [ 365.215290294400688, 686.545581170846049 ], [ 348.5066888017937, 686.545581170846049 ], [ 347.758542465236928, 679.812264149779367 ], [ 349.669981357144991, 664.979999900305188 ], [ 350.672029111762811, 663.839335324090484 ], [ 361.12740608608209, 664.293916931598346 ], [ 388.65720880901091, 664.350573213899338 ] ] ] } },
{ "type": "Feature", "properties": { "feature_type": "building", "subtype": "no-damage", "uid": "ba9a8123-fe3a-4fc1-9b49-831c67294608" }, "geometry": { "type": "Polygon", "coordinates": [ [ [ 352.420033881805409, 644.024094443729155 ], [ 352.559981356313187, 659.479999900318148 ], [ 348.06706814419482, 659.592089728800147 ], [ 347.77998135848452, 664.939999900808175 ], [ 343.835315287315723, 666.204217398692663 ], [ 340.027697001499973, 664.350573213899338 ], [ 341.04576684310058, 650.850495864643335 ], [ 347.509160352116794, 643.651857925393642 ], [ 352.420033881805409, 644.024094443729155 ] ] ] } },
{ "type": "Feature", "properties": { "feature_type": "building", "subtype": "no-damage", "uid": "681b6fb5-9321-443e-92b9-af6a34139d37" }, "geometry": { "type": "Polygon", "coordinates": [ [ [ 371.879981351654806, 637.009999899739228 ], [ 368.816840697358487, 644.769762189534504 ], [ 371.808936970724403, 651.003296093351992 ], [ 379.952826061869985, 651.239350849163316 ], [ 379.59998135106008, 653.379999900400549 ], [ 379.18068855904022, 653.377760290817946 ], [ 377.435013774208073, 651.3827033933336 ], [ 374.193046323270892, 651.3827033933336 ], [ 374.193046323270892, 660.159999899242735 ], [ 353.053967755489907, 659.593055235653424 ], [ 353.569981354592528, 636.919999899936556 ], [ 371.879981351654806, 637.009999899739228 ] ] ] } },
{ "type": "Feature", "properties": { "feature_type": "building", "subtype": "no-damage", "uid": "c32fd366-c9f8-4191-b950-c20b7152d97a" }, "geometry": { "type": "Polygon", "coordinates": [ [ [ 396.637436385867773, 629.686459661692425 ], [ 395.390525827042325, 653.627142401601759 ], [ 380.955886805775719, 653.483989395514527 ], [ 380.538075932910886, 650.756104617815481 ], [ 372.127890776199706, 650.512331133725752 ], [ 369.362048182665717, 644.750159062443458 ], [ 372.409981349662417, 637.009999899739228 ], [ 373.738495217724221, 637.019561979832133 ], [ 373.129241927948897, 627.672466782541505 ], [ 396.637436385867773, 629.686459661692425 ] ] ] } },
{ "type": "Feature", "properties": { "feature_type": "building", "subtype": "no-damage", "uid": "8570fbf0-901e-4921-8ddb-a2cbc5dbe784" }, "geometry": { "type": "Polygon", "coordinates": [ [ [ 527.499981325821295, 803.409999900433604 ], [ 523.84697211571347, 810.940860872076883 ], [ 526.909981329502671, 818.419999899507843 ], [ 524.979981329709744, 839.33999989808558 ], [ 508.628758281256182, 837.187805661281459 ], [ 511.768671223502793, 801.946179455273182 ], [ 527.499981325821295, 803.409999900433604 ] ] ] } },
{ "type": "Feature", "properties": { "feature_type": "building", "subtype": "no-damage", "uid": "d1ccd26a-3b9f-4f6f-9b77-e02ff4e26128" }, "geometry": { "type": "Polygon", "coordinates": [ [ [ 547.131222057582931, 799.104326465414601 ], [ 562.842295104250979, 804.517153819535451 ], [ 558.602799199898982, 837.435592588779741 ], [ 536.407791244581631, 835.93929991660093 ], [ 536.158409134965837, 818.482552086974465 ], [ 527.556867841604458, 817.277124073371738 ], [ 524.39439377610438, 810.957873742017114 ], [ 530.453848507652765, 797.17519528792559 ], [ 547.131222057582931, 799.104326465414601 ] ] ] } },
{ "type": "Feature", "properties": { "feature_type": "building", "subtype": "no-damage", "uid": "01c3b48c-6cf4-4211-be4b-42642dbcac70" }, "geometry": { "type": "Polygon", "coordinates": [ [ [ 499.807010455176794, 784.077750033158509 ], [ 515.309981330996607, 785.739999899299505 ], [ 517.929981331223871, 786.179999897504331 ], [ 515.973599516643503, 801.150862767902368 ], [ 510.234343176282607, 801.150862767902368 ], [ 509.079097664525989, 812.340726573138795 ], [ 497.144087291174117, 811.497734256304625 ], [ 497.144087293276698, 793.277734255545738 ], [ 499.478751839525273, 784.037734255866667 ], [ 499.807010455176794, 784.077750033158509 ] ] ] } },
{ "type": "Feature", "properties": { "feature_type": "building", "subtype": "no-damage", "uid": "c5301ec9-23d8-457e-a84f-8c3d4d29cc81" }, "geometry": { "type": "Polygon", "coordinates": [ [ [ 530.672002673423663, 770.8505687142017 ], [ 529.518379793026611, 786.229062466535424 ], [ 516.029981328483927, 785.359999898471301 ], [ 518.452279191981006, 769.853040267328424 ], [ 530.672002673423663, 770.8505687142017 ] ] ] } },
{ "type": "Feature", "properties": { "feature_type": "building", "subtype": "no-damage", "uid": "e6236dd6-2849-4856-9bf8-3b1c0e41ac9d" }, "geometry": { "type": "Polygon", "coordinates": [ [ [ 480.076352775590294, 793.983824589588608 ], [ 496.425316785411326, 793.849999897302723 ], [ 496.425316788214673, 816.99999990054414 ], [ 481.717431903715124, 816.852403989264076 ], [ 471.019981339407821, 816.359999897378657 ], [ 470.769981335776606, 792.684670127163713 ], [ 480.076352775590294, 793.983824589588608 ] ] ] } },
{ "type": "Feature", "properties": { "feature_type": "building", "subtype": "no-damage", "uid": "ac886c0f-d289-46d4-ab5f-3081ce3b1d92" }, "geometry": { "type": "Polygon", "coordinates": [ [ [ 496.304573499664684, 793.323740145007605 ], [ 479.61134584290852, 792.519999898141805 ], [ 479.364074851827183, 786.379999898727192 ], [ 481.806759490885213, 783.209675178979069 ], [ 489.589542820256725, 782.111288379828807 ], [ 491.567762374368215, 782.205607409883783 ], [ 492.052274232226011, 786.166327924241727 ], [ 497.919475683005885, 786.386792760880894 ], [ 496.304573499664684, 793.323740145007605 ] ] ] } },
{ "type": "Feature", "properties": { "feature_type": "building", "subtype": "no-damage", "uid": "0d899d79-7328-4ec3-99c9-45699488d120" }, "geometry": { "type": "Polygon", "coordinates": [ [ [ 486.729981332487, 766.749999899813361 ], [ 486.919981332901216, 779.689999899687677 ], [ 482.577088532189578, 782.06492075984147 ], [ 476.217986275390274, 784.426873027633178 ], [ 468.489981335011691, 783.349999900385797 ], [ 469.667973612823914, 764.01166684279076 ], [ 486.729981332487, 766.749999899813361 ] ] ] } },
{ "type": "Feature", "properties": { "feature_type": "building", "subtype": "no-damage", "uid": "edd362ff-b54f-4194-b7c5-c6bbede55f66" }, "geometry": { "type": "Polygon", "coordinates": [ [ [ 468.908498899413303, 762.235401760043146 ], [ 467.849981336752023, 778.729999900546204 ], [ 441.749981340697502, 775.209999899956529 ], [ 442.659981341636012, 769.009999899427385 ], [ 450.812580229034381, 769.391508079524556 ], [ 450.899981341510909, 765.22999990023834 ], [ 456.818576448520503, 764.913475908354712 ], [ 458.691497883853685, 761.63586339424478 ], [ 468.908498899413303, 762.235401760043146 ] ] ] } },
{ "type": "Feature", "properties": { "feature_type": "building", "subtype": "no-damage", "uid": "eede57cb-4caa-4108-b505-c6557414d7f7" }, "geometry": { "type": "Polygon", "coordinates": [ [ [ 453.463302812690188, 806.200913062699783 ], [ 467.349981336731787, 806.200913062699783 ], [ 466.212246982003592, 831.789062469241458 ], [ 451.123605712420613, 830.985539324983165 ], [ 445.829981341721975, 828.969999900468338 ], [ 446.003678161784819, 805.312862507174145 ], [ 453.463302812690188, 806.200913062699783 ] ] ] } },
{ "type": "Feature", "properties": { "feature_type": "building", "subtype": "no-damage", "uid": "b0091339-13ed-415e-8d4e-cb3c35103737" }, "geometry": { "type": "Polygon", "coordinates": [ [ [ 468.107571799553114, 779.266673266618795 ], [ 467.359981338475109, 805.700913063380654 ], [ 453.49296001065602, 805.700913063380654 ], [ 445.507741637342008, 804.750291825119575 ], [ 445.329981343570807, 828.689999900251564 ], [ 442.421346689509789, 827.092573756804541 ], [ 445.164549921215382, 818.862964063558934 ], [ 428.206566311283098, 817.616053502163936 ], [ 427.209037865811297, 805.396330021425456 ], [ 416.485607057482412, 804.149419463768368 ], [ 420.226338734659691, 778.4630619371585 ], [ 438.680615012799706, 779.959354609337311 ], [ 441.673200351084006, 775.719858707322601 ], [ 441.679981341577673, 775.699999898466899 ], [ 468.107571799553114, 779.266673266618795 ] ] ] } },
{ "type": "Feature", "properties": { "feature_type": "building", "subtype": "no-damage", "uid": "2bfc0fef-c82e-4ab9-bf6c-b64277a6c815" }, "geometry": { "type": "Polygon", "coordinates": [ [ [ 455.389216506341199, 741.554509380421223 ], [ 464.659981339253818, 742.349999900142848 ], [ 462.315048632526725, 761.13586339492565 ], [ 458.401336614354818, 761.13586339492565 ], [ 456.519597407105891, 764.428907011114461 ], [ 441.699981339457281, 765.22999990023834 ], [ 427.957184202368182, 762.751988890494772 ], [ 430.201623208534386, 738.561924036063601 ], [ 455.389216506341199, 741.554509380421223 ] ] ] } },
{ "type": "Feature", "properties": { "feature_type": "building", "subtype": "no-damage", "uid": "c53c9707-8ab1-4f1e-8b9e-41649635ec0a" }, "geometry": { "type": "Polygon", "coordinates": [ [ [ 490.849981334410188, 759.479999898722781 ], [ 476.603788535069214, 762.628487791461566 ], [ 471.659981337901115, 728.359999897586476 ], [ 485.167885904599984, 725.37922477285656 ], [ 490.849981334410188, 759.479999898722781 ] ] ] } },
{ "type": "Feature", "properties": { "feature_type": "building", "subtype": "no-damage", "uid": "af5d5f81-b66c-40fc-8903-5835381d5c88" }, "geometry": { "type": "Polygon", "coordinates": [ [ [ 506.713549835241622, 762.270734107676503 ], [ 492.169981336033516, 764.359999897161629 ], [ 485.979981334442527, 727.179999899342761 ], [ 500.271006981011794, 723.723589488383823 ], [ 506.713549835241622, 762.270734107676503 ] ] ] } },
{ "type": "Feature", "properties": { "feature_type": "building", "subtype": "no-damage", "uid": "6cc0b9ce-f602-4e64-a28b-1d5d18efb317" }, "geometry": { "type": "Polygon", "coordinates": [ [ [ 531.296704280773383, 656.283336557309326 ], [ 529.551029496875799, 674.48823072302514 ], [ 529.669981324932337, 674.509999897271996 ], [ 528.279981330497094, 686.449999898507826 ], [ 524.523047046131637, 687.136592563627801 ], [ 520.209981331054337, 735.749999897168095 ], [ 520.074509248073241, 735.836230244977287 ], [ 503.615289862745783, 733.342409125925201 ], [ 500.625554986737313, 723.123306471219848 ], [ 504.759981331434915, 653.389999897471398 ], [ 531.296704280773383, 656.283336557309326 ] ] ] } },
{ "type": "Feature", "properties": { "feature_type": "building", "subtype": "no-damage", "uid": "66d45082-6c29-4b55-b4f8-b950d66e8a5a" }, "geometry": { "type": "Polygon", "coordinates": [ [ [ 555.79269917884028, 722.192709691840378 ], [ 554.142710349829031, 730.937031264243842 ], [ 545.599981323655356, 730.449999898403917 ], [ 546.779981327272708, 721.879999900578582 ], [ 555.79269917884028, 722.192709691840378 ] ] ] } },
{ "type": "Feature", "properties": { "feature_type": "building", "subtype": "no-damage", "uid": "395f9941-a627-4c36-ab05-2495b9babd06" }, "geometry": { "type": "Polygon", "coordinates": [ [ [ 535.266551943683908, 693.347195668466384 ], [ 550.589981322814879, 693.159999899164859 ], [ 546.609981326606999, 721.169999899227832 ], [ 545.479981323528932, 723.189999898122096 ], [ 522.02998132638993, 720.829999897896528 ], [ 524.987389311635297, 691.017917864560218 ], [ 535.266551943683908, 693.347195668466384 ] ] ] } },
{ "type": "Feature", "properties": { "feature_type": "building", "subtype": "no-damage", "uid": "cbc29f72-87ba-4d46-a7f3-63c3cc36f7fc" }, "geometry": { "type": "Polygon", "coordinates": [ [ [ 545.607335253737347, 723.714166406888921 ], [ 545.099981325270505, 730.419999899715663 ], [ 532.589981326059501, 729.749999897861926 ], [ 532.969656600683493, 722.585802238467636 ], [ 545.607335253737347, 723.714166406888921 ] ] ] } },
{ "type": "Feature", "properties": { "feature_type": "building", "subtype": "no-damage", "uid": "e25e9b69-d885-4388-9168-0badc2f64857" }, "geometry": { "type": "Polygon", "coordinates": [ [ [ 552.388866422912201, 671.706280114548235 ], [ 553.386394868150319, 674.200101229862412 ], [ 550.804046068749699, 692.371870406682888 ], [ 535.55923019876434, 692.557216637898819 ], [ 528.710968244664741, 687.991708663672171 ], [ 530.304046074463145, 674.311870407649849 ], [ 539.371324449177905, 676.051093380765451 ], [ 540.917289274989344, 670.958133778458887 ], [ 552.388866422912201, 671.706280114548235 ] ] ] } },
{ "type": "Feature", "properties": { "feature_type": "building", "subtype": "no-damage", "uid": "0ba628b8-b7a7-4d90-ae5d-e89c03c1a1eb" }, "geometry": { "type": "Polygon", "coordinates": [ [ [ 501.179981330430621, 692.569999900042944 ], [ 499.449981332327923, 718.629999899396921 ], [ 485.086190463143112, 717.711928296909264 ], [ 484.535163893168885, 722.303816422778937 ], [ 473.049981336541521, 721.329999897215771 ], [ 474.212635255880173, 690.350576602439787 ], [ 501.179981330430621, 692.569999900042944 ] ] ] } },
{ "type": "Feature", "properties": { "feature_type": "building", "subtype": "no-damage", "uid": "85d75317-79d6-4513-a115-41f1bcda90ca" }, "geometry": { "type": "Polygon", "coordinates": [ [ [ 492.080028399082892, 649.838665652199325 ], [ 503.929981328789609, 651.219999897660045 ], [ 501.209981330287007, 692.069999900723701 ], [ 478.659981335380394, 689.399999897855196 ], [ 480.303480566660312, 643.978181415617428 ], [ 492.139048444849891, 644.502300878819938 ], [ 492.080028399082892, 649.838665652199325 ] ] ] } },
{ "type": "Feature", "properties": { "feature_type": "building", "subtype": "no-damage", "uid": "234f8762-d4fd-4463-bd00-a49e21d0a591" }, "geometry": { "type": "Polygon", "coordinates": [ [ [ 504.833797701277376, 637.547083817417388 ], [ 503.929981328789609, 651.219999897660045 ], [ 492.080028399082892, 649.838665652199325 ], [ 492.139048444849891, 644.502300878819938 ], [ 493.060001133991989, 635.552026923670837 ], [ 504.833797701277376, 637.547083817417388 ] ] ] } },
{ "type": "Feature", "properties": { "feature_type": "building", "subtype": "no-damage", "uid": "2acde0f8-2a6a-4cd1-8433-188a02654bde" }, "geometry": { "type": "Polygon", "coordinates": [ [ [ 472.819981338032107, 710.089999900259841 ], [ 472.024666630127683, 717.698545030006812 ], [ 472.439518132440696, 723.783033723120184 ], [ 437.409981344577886, 722.639999898497081 ], [ 437.629981341811288, 706.819999897460661 ], [ 472.819981338032107, 710.089999900259841 ] ] ] } },
{ "type": "Feature", "properties": { "feature_type": "building", "subtype": "no-damage", "uid": "cf7037bb-bfd3-474f-bcea-dc402a43a8b9" }, "geometry": { "type": "Polygon", "coordinates": [ [ [ 465.386037305832588, 690.581663378808685 ], [ 464.162101857022208, 698.580815583373123 ], [ 466.759981337843385, 698.689999897840153 ], [ 466.019981337570584, 708.599999899373074 ], [ 431.039022927144401, 704.559850414360085 ], [ 430.361751935863481, 695.14056437431293 ], [ 435.489981339519488, 687.679999900795337 ], [ 465.386037305832588, 690.581663378808685 ] ] ] } },
{ "type": "Feature", "properties": { "feature_type": "building", "subtype": "no-damage", "uid": "fa3ec56b-57a8-4bb9-b4bb-ad22a6822afc" }, "geometry": { "type": "Polygon", "coordinates": [ [ [ 455.238110830468486, 632.918129390044328 ], [ 466.7454846949189, 634.127075979003621 ], [ 466.496102580397121, 641.109775110854116 ], [ 473.489981336148105, 641.51999989815863 ], [ 473.198611401492713, 648.016369351788398 ], [ 476.849981334312076, 650.949999898251917 ], [ 474.947271778209085, 685.854490503471766 ], [ 470.81811082798589, 689.528129389292076 ], [ 441.718110834613583, 687.828129390111712 ], [ 442.468110831490094, 679.09812939056053 ], [ 445.558157070987477, 677.368358662255673 ], [ 446.628110835012876, 666.378129389788569 ], [ 447.927628809086286, 666.51775835940623 ], [ 450.878110833899598, 632.868129389738556 ], [ 455.238110830468486, 632.918129390044328 ] ] ] } },
{ "type": "Feature", "properties": { "feature_type": "building", "subtype": "no-damage", "uid": "2ad3aa31-8176-4498-a232-c736e5a37e70" }, "geometry": { "type": "Polygon", "coordinates": [ [ [ 445.839981341596172, 666.039999900058092 ], [ 444.797667046334709, 676.771689115231311 ], [ 440.386276281786422, 679.242067944685914 ], [ 423.21892407785009, 677.149999897714338 ], [ 423.218924074345807, 674.221339173491856 ], [ 423.089981344999501, 674.209999899175614 ], [ 423.91998134157069, 663.719999899329537 ], [ 445.839981341596172, 666.039999900058092 ] ] ] } },
{ "type": "Feature", "properties": { "feature_type": "building", "subtype": "no-damage", "uid": "beabcb41-d7e2-491d-b365-293a8bb47187" }, "geometry": { "type": "Polygon", "coordinates": [ [ [ 433.257639007473017, 627.604393690079746 ], [ 450.389981336944118, 629.199999899832392 ], [ 447.185897181102973, 665.678805449629863 ], [ 423.959981342002209, 663.219999900010293 ], [ 424.199981344591095, 660.119999899745835 ], [ 424.234682968704988, 660.120290755414658 ], [ 431.322400475826612, 657.038674446711866 ], [ 433.257639007473017, 627.604393690079746 ] ] ] } },
{ "type": "Feature", "properties": { "feature_type": "building", "subtype": "no-damage", "uid": "ba0705a1-978a-4765-9d55-4331b6a3c874" }, "geometry": { "type": "Polygon", "coordinates": [ [ [ 432.769981343820518, 625.329999900840676 ], [ 430.842114578948724, 656.702279785526457 ], [ 424.152820143057113, 659.610668674779163 ], [ 400.281713449014774, 657.418929751773817 ], [ 402.366152456959412, 636.332767604892865 ], [ 404.610591464293691, 636.831531830198514 ], [ 405.608119911167307, 631.095743256004994 ], [ 412.59081904442138, 623.364897788065036 ], [ 432.769981343820518, 625.329999900840676 ] ] ] } },
{ "type": "Feature", "properties": { "feature_type": "building", "subtype": "no-damage", "uid": "428eeef8-3a87-48cf-be2e-2f766aa0a24b" }, "geometry": { "type": "Polygon", "coordinates": [ [ [ 592.669981316496433, 939.689999898630049 ], [ 592.180527712677076, 951.885103810595865 ], [ 574.405498090244919, 952.88263225746914 ], [ 569.417855856578285, 948.144372133886804 ], [ 569.549981321982614, 937.279999898098822 ], [ 592.669981316496433, 939.689999898630049 ] ] ] } },
{ "type": "Feature", "properties": { "feature_type": "building", "subtype": "no-damage", "uid": "21e461fa-cbec-4dcc-a6e2-59a75c5e149d" }, "geometry": { "type": "Polygon", "coordinates": [ [ [ 588.689178146049926, 925.949364173202184 ], [ 593.178056163054862, 927.196274734597182 ], [ 592.689981319749222, 939.189999899310919 ], [ 569.559981321623241, 936.779999898779693 ], [ 569.667237970165615, 928.193803181470344 ], [ 563.931449394568858, 927.196274734597182 ], [ 563.682067284252184, 929.690095853649154 ], [ 552.210490138198338, 928.692567406775993 ], [ 552.459872250851163, 925.699982062418371 ], [ 546.225319454854684, 924.453071504761283 ], [ 549.009981326797401, 904.639999897387611 ], [ 563.904611441571546, 907.527859797162364 ], [ 574.133980549693092, 908.806530936378067 ], [ 574.809981318681366, 903.769999898048923 ], [ 575.841124588447315, 904.304830682320244 ], [ 591.639981319403091, 903.579999897634821 ], [ 588.689178146049926, 925.949364173202184 ] ] ] } },
{ "type": "Feature", "properties": { "feature_type": "building", "subtype": "no-damage", "uid": "8880bfb1-1872-4b6b-ad48-242f21620f8e" }, "geometry": { "type": "Polygon", "coordinates": [ [ [ 581.38382262964501, 863.754675291677586 ], [ 599.019981316075359, 865.599999898662418 ], [ 597.769981318945156, 882.65999989905697 ], [ 596.249981319603307, 902.289999897970802 ], [ 592.789981315921864, 903.01999989720116 ], [ 575.95186893005075, 903.799187144057555 ], [ 570.309981323405623, 900.879999899815971 ], [ 570.401853978043732, 900.889813942434785 ], [ 574.890332744601665, 862.82703387906156 ], [ 581.38382262964501, 863.754675291677586 ] ] ] } },
{ "type": "Feature", "properties": { "feature_type": "building", "subtype": "no-damage", "uid": "45248b8f-f19a-43e8-969b-ac04b5ae3f49" }, "geometry": { "type": "Polygon", "coordinates": [ [ [ 562.639112072140961, 855.383367935998649 ], [ 571.533364040568472, 854.915249410311844 ], [ 572.479981321815899, 853.539999898935548 ], [ 587.299981320012762, 855.329999897918697 ], [ 585.510391961877758, 860.434169879563342 ], [ 585.909981319269832, 863.130854069678662 ], [ 556.853700491060863, 861.489940338802853 ], [ 549.279981324336632, 860.269999897472076 ], [ 551.580642883006362, 853.664518473237649 ], [ 556.318903010094346, 853.913900587759372 ], [ 562.639112072140961, 855.383367935998649 ] ] ] } },
{ "type": "Feature", "properties": { "feature_type": "building", "subtype": "no-damage", "uid": "9a198ee4-13f8-41e8-84e5-915290af12a0" }, "geometry": { "type": "Polygon", "coordinates": [ [ [ 557.748741329754466, 862.232573021477833 ], [ 557.039981323939742, 869.89999989878811 ], [ 544.658272987582222, 868.597210839453396 ], [ 546.22998682310299, 860.896599719609981 ], [ 548.99053863485517, 861.089165975938045 ], [ 557.748741329754466, 862.232573021477833 ] ] ] } },
{ "type": "Feature", "properties": { "feature_type": "building", "subtype": "no-damage", "uid": "2aecde2e-08a9-4bb3-b8b0-8f021e4092e7" }, "geometry": { "type": "Polygon", "coordinates": [ [ [ 560.82765593544525, 870.577816110349772 ], [ 562.980617194181491, 874.883738629690015 ], [ 571.660520114060773, 874.883738629690015 ], [ 569.937010925245318, 900.353374406198554 ], [ 549.819981321751129, 898.839999899304303 ], [ 549.858081729967807, 898.558414662428731 ], [ 538.060024145093621, 897.057005940257795 ], [ 538.363390957260094, 884.837282459519315 ], [ 543.319981323124011, 869.749999897871021 ], [ 560.82765593544525, 870.577816110349772 ] ] ] } },
{ "type": "Feature", "properties": { "feature_type": "building", "subtype": "no-damage", "uid": "64bca987-9d53-4f7c-9da2-04adb913d51d" }, "geometry": { "type": "Polygon", "coordinates": [ [ [ 583.573704900820644, 832.411304154922277 ], [ 597.579981315727537, 833.619999898996184 ], [ 595.565174220731137, 855.828790954072815 ], [ 573.161665757107698, 853.069999898304559 ], [ 576.753624551507869, 829.399145728940425 ], [ 583.573704900820644, 832.411304154922277 ] ] ] } },
{ "type": "Feature", "properties": { "feature_type": "building", "subtype": "no-damage", "uid": "06163845-6a7e-4925-8d4c-9429886fa1f6" }, "geometry": { "type": "Polygon", "coordinates": [ [ [ 562.280642266727114, 826.625325704884517 ], [ 562.309981323082638, 826.499999898822693 ], [ 567.537864642857699, 827.669521777862087 ], [ 576.289981319927961, 827.959999897283296 ], [ 572.84205303525664, 852.129134151755125 ], [ 571.260968144594699, 854.428893992717462 ], [ 562.701935975215179, 854.879369370225163 ], [ 556.479981321169703, 852.949999899813633 ], [ 560.799972651855228, 826.488370232340685 ], [ 562.280642266727114, 826.625325704884517 ] ] ] } },
{ "type": "Feature", "properties": { "feature_type": "building", "subtype": "no-damage", "uid": "9cdb50b7-c839-45e9-8d9f-5196edcf1012" }, "geometry": { "type": "Polygon", "coordinates": [ [ [ 577.569981322754984, 815.289999900555017 ], [ 577.06998131782882, 822.649999897710359 ], [ 563.659981323627676, 820.769999898924539 ], [ 565.40700082789499, 813.338301815135083 ], [ 577.569981322754984, 815.289999900555017 ] ] ] } },
{ "type": "Feature", "properties": { "feature_type": "building", "subtype": "no-damage", "uid": "205ccd4d-64c7-4cb5-ae14-a48ec74dc6a1" }, "geometry": { "type": "Polygon", "coordinates": [ [ [ 585.866543629210923, 816.623001134596279 ], [ 598.549981316846015, 818.099999899794057 ], [ 598.87998131433153, 819.159999899546847 ], [ 597.65612499348947, 833.120848614963734 ], [ 583.716464666582397, 831.921738047641043 ], [ 577.169258315752927, 828.499334728038889 ], [ 578.05998132033119, 815.369999899549043 ], [ 585.866543629210923, 816.623001134596279 ] ] ] } },
{ "type": "Feature", "properties": { "feature_type": "building", "subtype": "no-damage", "uid": "bd5e4298-c491-4b53-93e6-1e48f06641d7" }, "geometry": { "type": "Polygon", "coordinates": [ [ [ 631.179981313953931, 885.539999900219186 ], [ 631.14003792631388, 895.87820623935113 ], [ 637.125208605685998, 896.416437738364948 ], [ 636.92857521575047, 911.139999899750933 ], [ 623.727926390733955, 911.721557735709098 ], [ 623.899981313454305, 922.059999900730986 ], [ 619.299341472101105, 922.124205687825111 ], [ 619.449981314279171, 932.029999899640416 ], [ 618.461017495142869, 932.060731152959761 ], [ 599.757359102247392, 931.561966931392135 ], [ 596.515391653412848, 930.813820595302673 ], [ 596.429981319676017, 906.599999898905367 ], [ 598.164084499731985, 883.193159836900122 ], [ 631.179981313953931, 885.539999900219186 ] ] ] } },
{ "type": "Feature", "properties": { "feature_type": "building", "subtype": "no-damage", "uid": "e46f8b2b-9d68-4628-91fc-c26fe74a671b" }, "geometry": { "type": "Polygon", "coordinates": [ [ [ 625.749914594103871, 931.811349042175948 ], [ 619.449981314279171, 932.029999899640416 ], [ 619.299341472101105, 922.124205687825111 ], [ 623.899981313454305, 922.059999900730986 ], [ 626.499981310662406, 922.519999900553216 ], [ 625.749914594103871, 931.811349042175948 ] ] ] } },
{ "type": "Feature", "properties": { "feature_type": "building", "subtype": "no-damage", "uid": "623308b5-0f30-4363-bc3d-f4dece4dcc4f" }, "geometry": { "type": "Polygon", "coordinates": [ [ [ 640.406643335938384, 837.046146525673976 ], [ 638.46840229384361, 864.994291641299469 ], [ 633.922708429391605, 865.22632517133593 ], [ 632.754465429686206, 881.158327903389363 ], [ 600.444570351264247, 879.81885806498974 ], [ 602.876876370094124, 836.797445297200852 ], [ 604.09998131854195, 834.699999900366493 ], [ 640.406643335938384, 837.046146525673976 ] ] ] } },
{ "type": "Feature", "properties": { "feature_type": "building", "subtype": "no-damage", "uid": "6f70e07a-3be0-4cdc-8a7c-5c5c0fd045ac" }, "geometry": { "type": "Polygon", "coordinates": [ [ [ 640.927526250934193, 795.512965554265861 ], [ 639.409114888130375, 821.83383770057776 ], [ 633.423944204085842, 821.584455589793947 ], [ 631.829981313723124, 833.389999899085069 ], [ 603.937629210079194, 831.600721742629844 ], [ 604.879981316442809, 820.879999900344728 ], [ 609.822621305115035, 821.357624422249728 ], [ 612.629512475080219, 801.508893996593883 ], [ 609.959981312835225, 801.339999897495659 ], [ 610.739981312605096, 790.889999897146595 ], [ 640.927526250934193, 795.512965554265861 ] ] ] } },
{ "type": "Feature", "properties": { "feature_type": "building", "subtype": "no-damage", "uid": "9943a37d-4f31-4802-bfbf-330bf38d5350" }, "geometry": { "type": "Polygon", "coordinates": [ [ [ 600.302234964872696, 775.591792099051759 ], [ 605.165241554194949, 775.778830811824264 ], [ 605.489981313678072, 779.76999989868159 ], [ 604.994383453706519, 790.162309492728468 ], [ 607.149981318034293, 790.439999898133124 ], [ 605.639981314361535, 803.939999898440988 ], [ 587.539981319330991, 802.879999898688197 ], [ 589.134384270607029, 790.108190075012089 ], [ 591.397148645908601, 788.59968049287977 ], [ 591.17998132074888, 775.54999989754981 ], [ 592.351016801856758, 775.009995648709264 ], [ 600.302234964872696, 775.591792099051759 ] ] ] } },
{ "type": "Feature", "properties": { "feature_type": "building", "subtype": "no-damage", "uid": "6deb2edc-0ed2-4d8a-934f-34f7c5448192" }, "geometry": { "type": "Polygon", "coordinates": [ [ [ 590.892742866031995, 788.335025801813913 ], [ 588.666629225730389, 789.819101560301419 ], [ 587.039981319544381, 802.849999899999943 ], [ 558.369265997183675, 800.656463108290495 ], [ 559.793456085632442, 784.621566258553571 ], [ 566.632365441779257, 784.42616885055395 ], [ 569.563326592377734, 777.587259495810827 ], [ 590.448594209772182, 779.345836186496513 ], [ 590.892742866031995, 788.335025801813913 ] ] ] } },
{ "type": "Feature", "properties": { "feature_type": "building", "subtype": "no-damage", "uid": "7dcabb65-f7eb-405e-9341-6d0e893de197" }, "geometry": { "type": "Polygon", "coordinates": [ [ [ 631.579981313128997, 762.609999897675493 ], [ 631.952362634831388, 766.511678292398756 ], [ 647.489981309533619, 767.069999899527147 ], [ 646.008906845032016, 783.984274720780263 ], [ 609.989981313158864, 780.159999900318553 ], [ 610.135642252266507, 773.425308016929989 ], [ 616.287013848798551, 772.893280106903376 ], [ 617.176939296309911, 762.641497968274848 ], [ 631.579981313128997, 762.609999897675493 ] ] ] } },
{ "type": "Feature", "properties": { "feature_type": "building", "subtype": "no-damage", "uid": "0232fc54-553b-4357-a85f-ca991ff5a804" }, "geometry": { "type": "Polygon", "coordinates": [ [ [ 649.330662816068525, 746.077177161431109 ], [ 647.899981309050304, 762.399999899381896 ], [ 621.261019396179222, 761.920248002926314 ], [ 619.369981314117126, 748.399999899754789 ], [ 647.979981309913228, 745.969999897606044 ], [ 649.330662816068525, 746.077177161431109 ] ] ] } },
{ "type": "Feature", "properties": { "feature_type": "building", "subtype": "no-damage", "uid": "f56ca588-f983-409b-9703-bf75ace25bff" }, "geometry": { "type": "Polygon", "coordinates": [ [ [ 606.649981314509887, 737.829999897176776 ], [ 606.651936162181073, 737.869999900411699 ], [ 606.651936162181073, 752.059999900452908 ], [ 588.21998131591954, 751.829999900541793 ], [ 589.523529783960839, 736.866767184475634 ], [ 606.649981314509887, 737.829999897176776 ] ] ] } },
{ "type": "Feature", "properties": { "feature_type": "building", "subtype": "no-damage", "uid": "a4bc02b2-4beb-4b4e-90f3-587c97356afc" }, "geometry": { "type": "Polygon", "coordinates": [ [ [ 609.725944361918891, 755.886476611063699 ], [ 609.839585907655646, 764.523234257135641 ], [ 598.254854345704643, 765.478676032261546 ], [ 596.927032302504699, 771.152097491289283 ], [ 593.031979378734491, 772.297701291064755 ], [ 580.539981317646493, 771.359999898844194 ], [ 580.871581729648256, 755.886476611063699 ], [ 609.725944361918891, 755.886476611063699 ] ] ] } },
{ "type": "Feature", "properties": { "feature_type": "building", "subtype": "no-damage", "uid": "f501eb75-4607-4831-97c6-7d2c12c80a79" }, "geometry": { "type": "Polygon", "coordinates": [ [ [ 574.589981320980655, 730.289999900415978 ], [ 574.279755683441635, 735.73491505432969 ], [ 580.74094972028081, 736.45282550229615 ], [ 578.379981320979482, 755.229999898902634 ], [ 552.388218946932966, 754.379988332293692 ], [ 555.255114389062896, 728.208518372566459 ], [ 574.589981320980655, 730.289999900415978 ] ] ] } },
{ "type": "Feature", "properties": { "feature_type": "building", "subtype": "no-damage", "uid": "ad9bc54e-7710-403e-b90a-996a8a9db8b0" }, "geometry": { "type": "Polygon", "coordinates": [ [ [ 643.652166442012458, 744.836290570359779 ], [ 617.01958578582753, 748.101574234780514 ], [ 616.256672574462527, 744.134425523067989 ], [ 609.404743227104746, 744.290151192686835 ], [ 607.415078869488184, 742.584724600177651 ], [ 606.629981313359622, 728.379999899203995 ], [ 607.984532237512894, 726.103071125558245 ], [ 641.710163820914659, 725.560449100939422 ], [ 643.652166442012458, 744.836290570359779 ] ] ] } },
{ "type": "Feature", "properties": { "feature_type": "building", "subtype": "no-damage", "uid": "82970de0-f614-43e0-ac29-37038854283d" }, "geometry": { "type": "Polygon", "coordinates": [ [ [ 612.124270155750878, 706.284880556346366 ], [ 610.569981313808398, 719.409999898932938 ], [ 607.609981314118727, 725.299999900556941 ], [ 605.94196490736681, 728.634354531013059 ], [ 576.449981318616778, 725.669999900576386 ], [ 577.082338415041363, 717.48508756026888 ], [ 582.019981321930231, 701.609999898499268 ], [ 612.124270155750878, 706.284880556346366 ] ] ] } },
{ "type": "Feature", "properties": { "feature_type": "building", "subtype": "no-damage", "uid": "b3675bde-5aa2-4ab6-8643-b5e8808b812b" }, "geometry": { "type": "Polygon", "coordinates": [ [ [ 651.149981306962104, 701.069999899683012 ], [ 648.834328048083194, 715.992659401225296 ], [ 627.055358066286885, 713.250412262401596 ], [ 624.684705262725174, 719.996356670268824 ], [ 611.119901557726735, 719.043596305410915 ], [ 612.359981314661013, 708.579999897755556 ], [ 613.829981312528957, 699.009999897553939 ], [ 624.897972467712748, 700.996765808642522 ], [ 630.889507400169009, 698.500292921093205 ], [ 651.149981306962104, 701.069999899683012 ] ] ] } },
{ "type": "Feature", "properties": { "feature_type": "building", "subtype": "no-damage", "uid": "cf412492-ff6b-443f-a495-673feec47c3b" }, "geometry": { "type": "Polygon", "coordinates": [ [ [ 604.349981318435198, 668.829999897679613 ], [ 603.13915815799237, 676.491846608881133 ], [ 611.109981317764436, 678.239999899893292 ], [ 607.499981317604579, 701.659999898804926 ], [ 583.629981319672993, 696.419999897417256 ], [ 584.353182719730853, 694.108149466047053 ], [ 589.628912794125654, 665.77552500333843 ], [ 604.349981318435198, 668.829999897679613 ] ] ] } },
{ "type": "Feature", "properties": { "feature_type": "building", "subtype": "no-damage", "uid": "2345b231-d299-4dbb-8eaf-bb9d4aaab221" }, "geometry": { "type": "Polygon", "coordinates": [ [ [ 623.237267327498671, 668.120293921760776 ], [ 636.524291213980973, 670.074268024183993 ], [ 634.1795222941563, 681.602715219509719 ], [ 653.523865886564522, 685.706060832355661 ], [ 651.219981307250009, 700.569999900363882 ], [ 630.820196161510921, 697.987505936653406 ], [ 624.841389726345597, 700.478675287208148 ], [ 608.447696419719477, 697.542491410586308 ], [ 613.499981314809816, 666.779999900097096 ], [ 623.237267327498671, 668.120293921760776 ] ] ] } },
{ "type": "Feature", "properties": { "feature_type": "building", "subtype": "no-damage", "uid": "797afabd-798c-4dd8-af5c-a5cfd8e01f81" }, "geometry": { "type": "Polygon", "coordinates": [ [ [ 762.889981293027972, 626.77999989849252 ], [ 757.960360992093797, 670.324789773206135 ], [ 747.072963501747495, 674.990817271470405 ], [ 734.969981297899835, 673.379999899333939 ], [ 741.189981293273036, 625.399999899025829 ], [ 762.889981293027972, 626.77999989849252 ] ] ] } },
{ "type": "Feature", "properties": { "feature_type": "building", "subtype": "no-damage", "uid": "e5388125-4720-4fd5-ba92-a9eaf1d939c2" }, "geometry": { "type": "Polygon", "coordinates": [ [ [ 739.940020333896769, 625.319329166196212 ], [ 740.689981295355437, 625.369999900337575 ], [ 734.818120374335876, 668.01439757864614 ], [ 725.999981297626391, 665.979999898943561 ], [ 725.922560628884639, 663.928219645774561 ], [ 713.599981298667444, 663.139999897278472 ], [ 717.209981297892796, 622.979999897685957 ], [ 739.940020333896769, 625.319329166196212 ] ] ] } },
{ "type": "Feature", "properties": { "feature_type": "building", "subtype": "no-damage", "uid": "17300057-04dc-44e8-9b2a-23b489c9b5a8" }, "geometry": { "type": "Polygon", "coordinates": [ [ [ 744.567000321950104, 591.718405961623716 ], [ 766.409981290348014, 592.599999900326679 ], [ 766.489981288874787, 594.969999897622984 ], [ 762.949981289937227, 626.279999899173276 ], [ 739.981514806848054, 624.820956937420647 ], [ 726.669981296910464, 623.449999898316833 ], [ 727.555353593942868, 619.098413412758646 ], [ 723.870305028525991, 618.288453118807752 ], [ 723.742826013690092, 614.332459794033753 ], [ 717.609981299871379, 613.679999900630264 ], [ 709.226296017840014, 612.777117294612253 ], [ 711.259981301226958, 589.389999898642031 ], [ 744.567000321950104, 591.718405961623716 ] ] ] } },
{ "type": "Feature", "properties": { "feature_type": "building", "subtype": "no-damage", "uid": "aa2b3092-7ecf-4a4c-8c0f-57cd63e1da20" }, "geometry": { "type": "Polygon", "coordinates": [ [ [ 765.539981289140087, 565.309999898685305 ], [ 766.399981289539255, 592.099999897269527 ], [ 744.594518703567019, 591.21910926097064 ], [ 711.309981299196465, 588.889999899322788 ], [ 712.159981300889513, 579.129999898706956 ], [ 727.37016405317263, 580.225458371266427 ], [ 727.839981297382906, 564.799999898557303 ], [ 765.539981289140087, 565.309999898685305 ] ] ] } },
{ "type": "Feature", "properties": { "feature_type": "building", "subtype": "no-damage", "uid": "dfb6c339-b86e-451b-a364-2285d62cc43c" }, "geometry": { "type": "Polygon", "coordinates": [ [ [ 793.809981285006643, 565.689999899513509 ], [ 791.919981286346001, 590.199999900604212 ], [ 783.492609182042202, 590.734876661392263 ], [ 783.369981286164261, 594.049999897978523 ], [ 777.679981287396913, 594.359999900621574 ], [ 778.012236721086765, 589.531302809692306 ], [ 773.004354642107046, 588.279332289655713 ], [ 772.219981291110571, 565.399999898487977 ], [ 793.809981285006643, 565.689999899513509 ] ] ] } },
{ "type": "Feature", "properties": { "feature_type": "building", "subtype": "no-damage", "uid": "cc4cf4e6-0442-46fa-9bb1-d810f19582b8" }, "geometry": { "type": "Polygon", "coordinates": [ [ [ 793.839981287900059, 565.189999900194266 ], [ 751.349981290263145, 563.929999899218615 ], [ 751.219981293065985, 547.519999899060281 ], [ 756.931987769619809, 547.638615888519098 ], [ 757.459981291691975, 534.989999898702536 ], [ 796.199981284388286, 534.559999897568559 ], [ 793.839981287900059, 565.189999900194266 ] ] ] } },
{ "type": "Feature", "properties": { "feature_type": "building", "subtype": "no-damage", "uid": "2dc6297a-4cf4-444a-bbfc-011d401937ed" }, "geometry": { "type": "Polygon", "coordinates": [ [ [ 750.679981292380717, 541.729999898047708 ], [ 750.849981290710161, 563.919999898409856 ], [ 715.756466052574524, 562.875208029581131 ], [ 715.744439243369925, 556.399212987146711 ], [ 718.923653854387567, 548.829999900341704 ], [ 728.646950230658376, 548.547315578010853 ], [ 729.999981298021567, 541.439999900760085 ], [ 750.679981292380717, 541.729999898047708 ] ] ] } },
{ "type": "Feature", "properties": { "feature_type": "building", "subtype": "no-damage", "uid": "de427ea5-e9bf-4c24-b1db-211f184efdcb" }, "geometry": { "type": "Polygon", "coordinates": [ [ [ 776.864303510806735, 505.252595790979626 ], [ 787.582966893090997, 504.63122400342462 ], [ 790.468307208490501, 506.506695206903487 ], [ 791.349981283701823, 526.379999897642278 ], [ 791.189981285012891, 530.679999897767971 ], [ 750.649981294159716, 533.849999899955719 ], [ 748.549981291364929, 523.519999898097581 ], [ 747.659939511117727, 503.58870430527088 ], [ 749.984568793643916, 503.782423413413483 ], [ 750.029981293312289, 502.319999899303014 ], [ 776.404687081757061, 501.116047956165914 ], [ 776.864303510806735, 505.252595790979626 ] ] ] } },
{ "type": "Feature", "properties": { "feature_type": "building", "subtype": "no-damage", "uid": "d3ab2e8e-f3c5-4918-b730-ee8baaee0792" }, "geometry": { "type": "Polygon", "coordinates": [ [ [ 875.414655959433958, 641.115728497879672 ], [ 883.538999595281666, 642.334380041761278 ], [ 882.132787088382315, 653.054315438905405 ], [ 879.006428526513446, 657.743853283225917 ], [ 879.775088424716955, 664.933411914498947 ], [ 866.503629383150837, 665.519604142235607 ], [ 863.901773605517064, 672.199054104332276 ], [ 852.666493765463656, 671.582017150989941 ], [ 851.447842219011818, 666.707410964249561 ], [ 837.955234334288662, 664.676325055288203 ], [ 836.011589302584298, 637.053556676218932 ], [ 835.539981279818676, 636.169999899088793 ], [ 877.419981275548025, 635.339999899247005 ], [ 875.414655959433958, 641.115728497879672 ] ] ] } },
{ "type": "Feature", "properties": { "feature_type": "building", "subtype": "no-damage", "uid": "ae47fc97-5d92-4b0a-83d6-00bcd360b21f" }, "geometry": { "type": "Polygon", "coordinates": [ [ [ 884.429981272667874, 538.330128719906384 ], [ 883.945216779924294, 546.060907895689752 ], [ 893.694429148968993, 545.654690713149876 ], [ 890.444691692153469, 580.589368370460761 ], [ 871.264680544578027, 582.476801818845047 ], [ 872.888745447530027, 595.875337268370572 ], [ 888.760602873289713, 594.753889971608942 ], [ 888.819822962694502, 607.399702384450393 ], [ 882.726565234874215, 609.024571114609785 ], [ 881.490326940673754, 608.431639050968897 ], [ 863.929981276512422, 617.909999898832893 ], [ 853.333015829548344, 617.356692109360324 ], [ 852.097681021562153, 594.873598527576291 ], [ 846.859517496535773, 563.195181019025767 ], [ 844.429981279462822, 541.309999897722491 ], [ 859.201074660833456, 541.030964892262773 ], [ 859.94998127866927, 537.120128719236391 ], [ 884.429981272667874, 538.330128719906384 ] ] ] } },
{ "type": "Feature", "properties": { "feature_type": "building", "subtype": "no-damage", "uid": "2223386b-e8ad-4097-9331-819e776d9e01" }, "geometry": { "type": "Polygon", "coordinates": [ [ [ 848.915283091369588, 584.28699866995828 ], [ 851.005074553640725, 593.691060233121448 ], [ 848.869981280399088, 605.409999897163289 ], [ 829.109981280077704, 605.269999900792868 ], [ 828.490916732673668, 589.661051040838288 ], [ 825.939981281860696, 586.949999899422551 ], [ 825.889981281321298, 583.83999989834922 ], [ 848.915283091369588, 584.28699866995828 ] ] ] } },
{ "type": "Feature", "properties": { "feature_type": "building", "subtype": "no-damage", "uid": "37d73f8e-2c95-43d6-976e-acdb4adf1295" }, "geometry": { "type": "Polygon", "coordinates": [ [ [ 849.252055873662016, 605.911118228530086 ], [ 848.801839018510464, 617.616756433966088 ], [ 849.998866913166239, 626.444837179944329 ], [ 832.509981279140334, 630.449999899999398 ], [ 829.912191249977923, 625.579456362754172 ], [ 829.129981279826211, 605.769999900112111 ], [ 849.252055873662016, 605.911118228530086 ] ] ] } },
{ "type": "Feature", "properties": { "feature_type": "building", "subtype": "no-damage", "uid": "572b0f75-9756-4204-bb48-be012bd59bf0" }, "geometry": { "type": "Polygon", "coordinates": [ [ [ 882.239981271939314, 611.729999899921268 ], [ 878.664393412277946, 631.772733310676585 ], [ 877.59998127328447, 634.839999899927875 ], [ 863.879981275272257, 635.109999899335889 ], [ 862.668976860822113, 619.153380035638975 ], [ 881.230554570921413, 609.139897323559126 ], [ 882.239981271939314, 611.729999899921268 ] ] ] } },
{ "type": "Feature", "properties": { "feature_type": "building", "subtype": "no-damage", "uid": "aa1ccd6a-9ea3-4b7e-ac5a-32dad556cd32" }, "geometry": { "type": "Polygon", "coordinates": [ [ [ 813.049981286026537, 591.929999898472829 ], [ 827.849981280036104, 594.319999897386651 ], [ 826.859981281972637, 626.259999897555872 ], [ 820.149981281313785, 633.929999897354264 ], [ 806.357735020619771, 635.022470763519664 ], [ 807.17016938242898, 606.58726801937064 ], [ 801.256965616347316, 605.639769906090464 ], [ 800.545446281282466, 599.05649953154682 ], [ 804.239208230195118, 590.410599253256692 ], [ 813.049981286026537, 591.929999898472829 ] ] ] } },
{ "type": "Feature", "properties": { "feature_type": "building", "subtype": "no-damage", "uid": "48b1d491-4ff3-4635-b219-364338621662" }, "geometry": { "type": "Polygon", "coordinates": [ [ [ 825.419981279054923, 587.129999899027894 ], [ 827.98476596129251, 589.852804439824808 ], [ 827.859981279676731, 593.809999897258649 ], [ 813.969981280998809, 591.899999899784575 ], [ 814.359981285439403, 586.040128720806251 ], [ 825.419981279054923, 587.129999899027894 ] ] ] } },
{ "type": "Feature", "properties": { "feature_type": "building", "subtype": "no-damage", "uid": "2f22389f-0afa-4a66-9e08-0cc6d5e6d9c5" }, "geometry": { "type": "Polygon", "coordinates": [ [ [ 838.89576298582972, 543.759296849525754 ], [ 838.739254481674834, 572.314895461189394 ], [ 805.225189417652587, 573.70718770481426 ], [ 807.969854978498915, 543.66359747360832 ], [ 838.89576298582972, 543.759296849525754 ] ] ] } },
{ "type": "Feature", "properties": { "feature_type": "building", "subtype": "no-damage", "uid": "99a4c557-f99a-412d-a74a-ba0cdc46be62" }, "geometry": { "type": "Polygon", "coordinates": [ [ [ 894.506863510778203, 522.45396533099472 ], [ 885.570085505645352, 524.078834061154112 ], [ 884.757651141967131, 533.421829248357199 ], [ 884.729981274735906, 533.919999898140986 ], [ 872.941460247614486, 534.660828660406082 ], [ 859.781166530413316, 535.673158944097963 ], [ 858.7858198010249, 540.898729297915452 ], [ 835.589981281058954, 541.339999900148769 ], [ 829.506115961762134, 523.085699821745152 ], [ 828.439981280326265, 519.339999900200723 ], [ 892.889981268374527, 492.309999897158718 ], [ 895.719981269932532, 492.029999900679684 ], [ 894.506863510778203, 522.45396533099472 ] ] ] } },
{ "type": "Feature", "properties": { "feature_type": "building", "subtype": "no-damage", "uid": "ecf5d93a-f1bf-4e6b-9b4a-b38b09d35a35" }, "geometry": { "type": "Polygon", "coordinates": [ [ [ 853.722674531708321, 500.102160821641974 ], [ 855.889981276225171, 503.789999898572319 ], [ 849.111054173042476, 508.642380020364385 ], [ 830.659981279976705, 514.219999897303978 ], [ 829.159981281084242, 508.539999897711596 ], [ 827.289981282639474, 488.579999898275219 ], [ 828.287701313284742, 488.718902345478909 ], [ 856.37802052277334, 490.130236200883303 ], [ 853.722674531708321, 500.102160821641974 ] ] ] } },
{ "type": "Feature", "properties": { "feature_type": "building", "subtype": "no-damage", "uid": "e7329e81-455e-48c0-8457-653a76cd2205" }, "geometry": { "type": "Polygon", "coordinates": [ [ [ 892.089981273294939, 492.099999898865008 ], [ 857.999981278660584, 506.399999900326407 ], [ 854.265285621719158, 500.038858581503405 ], [ 858.419981277116904, 486.529999900692815 ], [ 862.02998127470687, 482.339999898249175 ], [ 892.629981272111308, 469.819999898700075 ], [ 892.089981273294939, 492.099999898865008 ] ] ] } },
{ "type": "Feature", "properties": { "feature_type": "building", "subtype": "no-damage", "uid": "b1283c75-3de0-462c-ae2d-6d614eb3114f" }, "geometry": { "type": "Polygon", "coordinates": [ [ [ 925.251667152056484, 466.862129953189083 ], [ 923.754500613006257, 481.832247125601612 ], [ 897.469981270120115, 491.349999898017188 ], [ 892.592726684623244, 491.83458782504988 ], [ 893.609928747269805, 469.046062927099513 ], [ 902.971941757378886, 465.58900278572338 ], [ 925.251667152056484, 466.862129953189083 ] ] ] } },
{ "type": "Feature", "properties": { "feature_type": "building", "subtype": "no-damage", "uid": "576cb9a0-820a-40f2-8aec-a0d1bee791fa" }, "geometry": { "type": "Polygon", "coordinates": [ [ [ 809.202202356708199, 497.906089916463202 ], [ 809.004946315075586, 504.021027346544884 ], [ 811.785526399797845, 503.623801619455207 ], [ 813.219981282487083, 514.359999897412422 ], [ 791.749981285680292, 517.889999898810856 ], [ 791.359981288248491, 512.859999899454806 ], [ 790.95648348351483, 506.227666765245715 ], [ 790.829981288605495, 506.149999898797773 ], [ 790.376783223355801, 500.349029407465025 ], [ 796.038203925371931, 497.328134968569998 ], [ 809.202202356708199, 497.906089916463202 ] ] ] } },
{ "type": "Feature", "properties": { "feature_type": "building", "subtype": "no-damage", "uid": "f35a769b-10ea-4c7e-9cc7-f25dba017619" }, "geometry": { "type": "Polygon", "coordinates": [ [ [ 828.875109900236112, 510.880460409073521 ], [ 825.42998128173258, 512.359999900135563 ], [ 818.119981281610308, 513.559999899996797 ], [ 816.749981284821047, 497.299999900755722 ], [ 827.459981281436171, 495.789999898251381 ], [ 828.875109900236112, 510.880460409073521 ] ] ] } },
{ "type": "Feature", "properties": { "feature_type": "building", "subtype": "no-damage", "uid": "9dab086d-86d3-494c-8ebb-515349f09267" }, "geometry": { "type": "Polygon", "coordinates": [ [ [ 826.779981283913116, 488.519999897160801 ], [ 827.409981281597652, 495.289999898932308 ], [ 786.513783319358481, 496.452109047709087 ], [ 786.531570927715848, 487.944602488332976 ], [ 826.779981283913116, 488.519999897160801 ] ] ] } },
{ "type": "Feature", "properties": { "feature_type": "building", "subtype": "no-damage", "uid": "215cbabe-94c7-4edd-adc0-4d0b931b13fe" }, "geometry": { "type": "Polygon", "coordinates": [ [ [ 782.222414844436003, 495.468492332288974 ], [ 777.382166880680984, 497.210981600511218 ], [ 776.239981286348211, 500.619999900122593 ], [ 760.549981291148583, 501.339999898544079 ], [ 760.440931100787566, 490.987286592797318 ], [ 762.180931100400016, 484.202137336208807 ], [ 782.642414843359688, 484.202137336208807 ], [ 782.222414844436003, 495.468492332288974 ] ] ] } },
{ "type": "Feature", "properties": { "feature_type": "building", "subtype": "no-damage", "uid": "5ab163c5-0ff4-4bcc-aadb-9b390242d586" }, "geometry": { "type": "Polygon", "coordinates": [ [ [ 727.371958507513, 484.202137336208807 ], [ 750.049998709703573, 484.202137336208807 ], [ 749.499998709611305, 503.240309462946925 ], [ 747.135090149217376, 503.043233751352375 ], [ 747.633889920117667, 511.161407327426673 ], [ 716.620050476140705, 514.790539823584709 ], [ 719.076798512387427, 483.683689835155576 ], [ 727.371958507513, 484.202137336208807 ] ] ] } },
{ "type": "Feature", "properties": { "feature_type": "building", "subtype": "no-damage", "uid": "2ed3d0ce-bc96-4073-8bad-24ceb2d678ee" }, "geometry": { "type": "Polygon", "coordinates": [ [ [ 842.799255563679367, 447.743613048435975 ], [ 843.187123136152422, 453.173759091092393 ], [ 867.439981272790078, 460.379999897798086 ], [ 860.958745297816108, 482.776219520344512 ], [ 861.00998127585251, 482.74999989776569 ], [ 854.938860852371135, 489.804395905161584 ], [ 828.335975675676309, 488.220890834250213 ], [ 827.439981282622171, 488.099999900573494 ], [ 832.156413568913763, 447.168216043304426 ], [ 842.799255563679367, 447.743613048435975 ] ] ] } },
{ "type": "Feature", "properties": { "feature_type": "building", "subtype": "no-damage", "uid": "45fa832a-e928-41d2-a3d8-2ea1b6c9e9cf" }, "geometry": { "type": "Polygon", "coordinates": [ [ [ 837.650684326273904, 391.573515143577595 ], [ 835.729981279064759, 434.219999897832793 ], [ 832.654890633959894, 433.955934233230096 ], [ 826.949981278504652, 488.029999898650317 ], [ 811.770150584947714, 485.990875918990923 ], [ 796.549607596501687, 486.942159854542012 ], [ 793.214790976809127, 484.202137336208807 ], [ 797.362370976824991, 432.875834851562786 ], [ 749.629981295772495, 428.419999899749428 ], [ 754.431229262587749, 407.5549159125041 ], [ 749.57077225615069, 394.593697226806512 ], [ 756.999981293271389, 381.229999899786208 ], [ 837.650684326273904, 391.573515143577595 ] ] ] } },
{ "type": "Feature", "properties": { "feature_type": "building", "subtype": "no-damage", "uid": "a34a133f-fa02-4135-af1e-2b4e36e02492" }, "geometry": { "type": "Polygon", "coordinates": [ [ [ 841.269981277849411, 435.189999897782911 ], [ 863.659981278272426, 437.859999900651417 ], [ 860.958745295479844, 457.323298416816272 ], [ 843.66120047960726, 452.793007430283126 ], [ 843.267478413073263, 447.280898509088274 ], [ 831.590413623222616, 446.307809776834574 ], [ 833.090512697303666, 434.494529548533308 ], [ 841.269981277849411, 435.189999897782911 ] ] ] } },
{ "type": "Feature", "properties": { "feature_type": "building", "subtype": "no-damage", "uid": "697f982e-9768-419b-99ab-65cea1e9325e" }, "geometry": { "type": "Polygon", "coordinates": [ [ [ 865.414690374602287, 426.440342440354186 ], [ 863.729981273420549, 437.359999897594321 ], [ 854.359981275840937, 436.239999900464909 ], [ 855.58998127719417, 424.899999899159582 ], [ 865.414690374602287, 426.440342440354186 ] ] ] } },
{ "type": "Feature", "properties": { "feature_type": "building", "subtype": "no-damage", "uid": "f58452d0-d95b-49b0-8f52-346358dcccc7" }, "geometry": { "type": "Polygon", "coordinates": [ [ [ 857.139363797287047, 396.840135839763718 ], [ 855.469981279170497, 421.339999899073007 ], [ 853.869981277563966, 436.179999899350491 ], [ 836.247559790542368, 434.082390396254482 ], [ 838.60998128139579, 393.949999900558112 ], [ 857.139363797287047, 396.840135839763718 ] ] ] } },
{ "type": "Feature", "properties": { "feature_type": "building", "subtype": "no-damage", "uid": "12b4f41d-2cda-463c-9523-16c76f695652" }, "geometry": { "type": "Polygon", "coordinates": [ [ [ 735.379981294613003, 377.849999899304805 ], [ 734.800861900319092, 382.59836933940602 ], [ 751.576160172049185, 385.699382011701687 ], [ 749.021466962162094, 394.552883738258117 ], [ 753.910222321966216, 407.589564701470181 ], [ 749.129981295985999, 428.369999899443712 ], [ 719.595246015075986, 425.617569855508691 ], [ 725.816616007156654, 376.365057371337286 ], [ 735.379981294613003, 377.849999899304805 ] ] ] } },
{ "type": "Feature", "properties": { "feature_type": "building", "subtype": "no-damage", "uid": "5c005f50-88d8-4a32-b9a8-ff39a4302d7e" }, "geometry": { "type": "Polygon", "coordinates": [ [ [ 902.774511414986364, 433.731304540925009 ], [ 928.239981267255644, 436.159999897732973 ], [ 924.543831645686623, 456.962654051115408 ], [ 903.346352136074643, 457.71080038346679 ], [ 903.09697002505709, 462.698442621570905 ], [ 886.499981273036497, 459.649999898567785 ], [ 889.019981268447168, 431.699999899619286 ], [ 902.774511414986364, 433.731304540925009 ] ] ] } },
{ "type": "Feature", "properties": { "feature_type": "building", "subtype": "no-damage", "uid": "82b9d89b-94c3-41b4-b3be-e19b77f8b2f4" }, "geometry": { "type": "Polygon", "coordinates": [ [ [ 910.993391640925665, 415.946553011136473 ], [ 926.449981267804787, 416.479999898513483 ], [ 925.891712091660565, 426.034775545182811 ], [ 931.048272926311142, 426.032637924971027 ], [ 930.981137502015144, 435.439070213024081 ], [ 902.834701821957992, 433.234774505206076 ], [ 889.186621725780469, 429.87309582895449 ], [ 874.503955373097938, 426.710462057202506 ], [ 877.821948723884816, 408.615967649375818 ], [ 910.993391640925665, 415.946553011136473 ] ] ] } },
{ "type": "Feature", "properties": { "feature_type": "building", "subtype": "no-damage", "uid": "bd092634-bade-47ec-9d9f-62cbda6d3a69" }, "geometry": { "type": "Polygon", "coordinates": [ [ [ 917.638910053794575, 403.369236009360407 ], [ 921.742255663838137, 403.369236009360407 ], [ 921.569113514239689, 415.446553011817286 ], [ 911.048652337830958, 415.446553011817286 ], [ 896.779981271788301, 412.249999900310911 ], [ 899.756337819631995, 396.065347637250511 ], [ 918.225102279662337, 397.146192563648412 ], [ 917.638910053794575, 403.369236009360407 ] ] ] } },
{ "type": "Feature", "properties": { "feature_type": "building", "subtype": "no-damage", "uid": "515aa26c-30f5-4822-9f26-38991eeba804" }, "geometry": { "type": "Polygon", "coordinates": [ [ [ 611.249981314134857, 1007.509999899883042 ], [ 633.611912695659498, 1010.936774520925951 ], [ 633.250383641084341, 1022.957616123165053 ], [ 591.544060377324399, 1022.957618048198015 ], [ 594.987339339296682, 1006.415641357550953 ], [ 611.249981314134857, 1007.509999899883042 ] ] ] } },
{ "type": "Feature", "properties": { "feature_type": "building", "subtype": "no-damage", "uid": "412193db-f299-4654-9e12-6dce917223f1" }, "geometry": { "type": "Polygon", "coordinates": [ [ [ 616.807735426870408, 964.220547339612267 ], [ 606.869981317350152, 1006.709999898729961 ], [ 594.586444625890408, 1005.88756186219598 ], [ 591.034018081837985, 1022.957618085576996 ], [ 567.39039508803512, 1022.957620115271993 ], [ 573.224393997721791, 1005.810110061185014 ], [ 568.250057705605059, 1004.151997961943948 ], [ 573.077270864038724, 987.703716093508774 ], [ 581.589887203969283, 990.058269551082617 ], [ 585.509981316356743, 987.519999898020956 ], [ 596.095609959775175, 989.036018424687427 ], [ 603.716108951658384, 959.921804318766817 ], [ 616.807735426870408, 964.220547339612267 ] ] ] } },
{ "type": "Feature", "properties": { "feature_type": "building", "subtype": "no-damage", "uid": "0f68fb15-ef54-404a-820a-a735ce1eadcc" }, "geometry": { "type": "Polygon", "coordinates": [ [ [ 573.119981322178205, 986.949999900516559 ], [ 573.049981321189421, 987.179999900427674 ], [ 572.736124524232764, 987.090582624941248 ], [ 567.634510023455391, 1004.473861677705031 ], [ 572.589001394054094, 1006.125358802794949 ], [ 566.862561978684312, 1022.957620167603977 ], [ 547.53783746217232, 1022.957622339339991 ], [ 547.86309942938135, 1021.949283620963001 ], [ 545.405762815456455, 1020.359242281715979 ], [ 547.075464840928703, 1014.097859680240049 ], [ 551.978794280914144, 1007.463943376445968 ], [ 557.009981321513578, 981.929999898231245 ], [ 573.119981322178205, 986.949999900516559 ] ] ] } },
{ "type": "Feature", "properties": { "feature_type": "building", "subtype": "no-damage", "uid": "177a8dbf-9736-4fb4-8819-571fec29740c" }, "geometry": { "type": "Polygon", "coordinates": [ [ [ 565.755026695588867, 955.386581091122594 ], [ 565.929981321247737, 955.179999899143922 ], [ 562.719981324468222, 972.54999989844373 ], [ 556.6890980180616, 972.059450873039737 ], [ 553.804858948172637, 978.789342038058862 ], [ 555.509981326125398, 981.169999900312746 ], [ 553.257695423496102, 982.897285769827931 ], [ 542.592054838169474, 981.617408902065449 ], [ 535.460089575178927, 978.401032409786922 ], [ 536.430770485474568, 973.408959153101705 ], [ 536.309981329274819, 973.389999899094164 ], [ 541.109978064808956, 951.280535363415993 ], [ 545.349981327032651, 950.699999899412774 ], [ 565.755026695588867, 955.386581091122594 ] ] ] } },
{ "type": "Feature", "properties": { "feature_type": "building", "subtype": "no-damage", "uid": "85a5d2a3-3d07-4630-80f6-5cde5d800a70" }, "geometry": { "type": "Polygon", "coordinates": [ [ [ 540.742716510000946, 983.258311908825249 ], [ 553.017278904269119, 985.233528847825937 ], [ 543.114241299788659, 1022.957622896291014 ], [ 518.831688609732623, 1022.957626383778006 ], [ 518.76827457166587, 1022.019488932329978 ], [ 517.348745892974307, 1015.631609876700963 ], [ 522.81648190265355, 1008.481493557251042 ], [ 525.626505423507297, 1008.629389534455981 ], [ 532.689981329007196, 981.079999900509961 ], [ 540.742716510000946, 983.258311908825249 ] ] ] } },
{ "type": "Feature", "properties": { "feature_type": "building", "subtype": "no-damage", "uid": "263d8ca4-7842-4f4a-9b6f-9cc294f2bed4" }, "geometry": { "type": "Polygon", "coordinates": [ [ [ 470.691109177885892, 985.867577781481486 ], [ 476.659981336934891, 986.269999897854063 ], [ 474.984016492433284, 992.48200368662242 ], [ 478.972870796935979, 993.682738537001683 ], [ 473.519981338340699, 1009.63999990019795 ], [ 467.989981338262226, 1022.349999900161038 ], [ 454.43998133904671, 1019.209999900400021 ], [ 463.639981336661378, 984.569999898673586 ], [ 470.691109177885892, 985.867577781481486 ] ] ] } },
{ "type": "Feature", "properties": { "feature_type": "building", "subtype": "no-damage", "uid": "05251bb3-7a4c-4ec9-98a4-246605283255" }, "geometry": { "type": "Polygon", "coordinates": [ [ [ 512.849981331093545, 983.999999897431167 ], [ 509.497872165467925, 991.407273379044796 ], [ 520.817127656067896, 996.27455323773313 ], [ 518.102629079777898, 1005.662194153347968 ], [ 520.46549018743201, 1006.449814521320036 ], [ 519.100842772292367, 1010.648729650720043 ], [ 517.641449267866619, 1011.659078996936046 ], [ 514.879981330797023, 1018.479999897430957 ], [ 492.538865384131213, 1010.695877488459018 ], [ 491.399981334035317, 1016.299999900548983 ], [ 481.45109577269892, 1016.849557086510004 ], [ 473.929981336221886, 1010.009999900217053 ], [ 482.349981333833284, 985.579999898120718 ], [ 492.512881983429224, 986.912271888536225 ], [ 494.457857480680616, 984.383803737344238 ], [ 496.488797503444573, 979.768030960502642 ], [ 496.869981332999316, 979.059999897877788 ], [ 512.849981331093545, 983.999999897431167 ] ] ] } },
{ "type": "Feature", "properties": { "feature_type": "building", "subtype": "no-damage", "uid": "c50a2afa-61ff-45d4-a5b8-8ea24b7e08a5" }, "geometry": { "type": "Polygon", "coordinates": [ [ [ 513.169981328938434, 977.629999898105439 ], [ 514.957600686308524, 979.350372903020229 ], [ 513.059981333125165, 983.53999989760905 ], [ 497.109981332551115, 978.609999898864316 ], [ 499.368547991125411, 974.368498800220095 ], [ 501.739981331098022, 974.229999899744598 ], [ 513.169981328938434, 977.629999898105439 ] ] ] } },
{ "type": "Feature", "properties": { "feature_type": "building", "subtype": "no-damage", "uid": "6f22ccef-a1b6-4144-a791-0a5b7b9c7acb" }, "geometry": { "type": "Polygon", "coordinates": [ [ [ 533.179981326349662, 975.629999897090784 ], [ 527.88998132932727, 997.779999897955918 ], [ 510.163582050878574, 991.14926306841096 ], [ 515.819981331591862, 978.786666567358793 ], [ 520.384182038322479, 980.400886478346933 ], [ 522.379981325960216, 973.029999899883364 ], [ 533.179981326349662, 975.629999897090784 ] ] ] } },
{ "type": "Feature", "properties": { "feature_type": "building", "subtype": "no-damage", "uid": "a81d845f-91bb-48b2-9ce2-52fb8193bfca" }, "geometry": { "type": "Polygon", "coordinates": [ [ [ 562.629981323263678, 973.039999900692123 ], [ 562.625594954702137, 973.068715379045102 ], [ 576.824353223284788, 976.207185848491918 ], [ 573.857242685670485, 986.469999899076811 ], [ 556.083309216522707, 981.118939883377152 ], [ 554.375268244843255, 978.727682527652405 ], [ 557.007044541130881, 972.586871166067567 ], [ 562.629981323263678, 973.039999900692123 ] ] ] } },
{ "type": "Feature", "properties": { "feature_type": "building", "subtype": "no-damage", "uid": "df5223ed-db54-4278-9c54-585a948aee95" }, "geometry": { "type": "Polygon", "coordinates": [ [ [ 590.233687655774702, 954.646074242971736 ], [ 589.452098017234903, 957.38163798486903 ], [ 592.383059167366241, 959.140214675554716 ], [ 591.210674708855549, 965.588329210560914 ], [ 596.095609959775175, 967.93309813272117 ], [ 594.141635861089412, 977.702968637361209 ], [ 592.059981317625898, 978.809999900087178 ], [ 563.205781412554984, 972.680809734838931 ], [ 566.579981324988466, 954.409999900416665 ], [ 567.372190679424421, 953.473689783760619 ], [ 580.073022336067311, 955.427663886183836 ], [ 581.440804202811137, 953.082894964023581 ], [ 590.233687655774702, 954.646074242971736 ] ] ] } },
{ "type": "Feature", "properties": { "feature_type": "building", "subtype": "no-damage", "uid": "0958a3ab-286b-49e4-bfd1-8affb0f491a9" }, "geometry": { "type": "Polygon", "coordinates": [ [ [ 542.423722341756957, 947.678129390279423 ], [ 542.209981326803131, 950.629999897489597 ], [ 540.695454924536307, 950.832977136093746 ], [ 535.31528716458763, 975.628532887363008 ], [ 521.042823026095107, 971.749999897290195 ], [ 528.098327805555527, 945.16191450413055 ], [ 542.423722341756957, 947.678129390279423 ] ] ] } },
{ "type": "Feature", "properties": { "feature_type": "building", "subtype": "no-damage", "uid": "f5f6fa47-771c-40d1-8824-e64b5d7de0ec" }, "geometry": { "type": "Polygon", "coordinates": [ [ [ 485.171423862282381, 965.281093278729941 ], [ 503.410712049128222, 967.886929265851904 ], [ 502.411970285947291, 973.342093146054594 ], [ 499.042739534842383, 973.362508801549666 ], [ 496.038740299177903, 979.549388225556072 ], [ 494.024602380235592, 984.126974395220714 ], [ 492.292234305331419, 986.37905289890341 ], [ 481.469911661273898, 984.959731898334667 ], [ 484.319981334992178, 965.009999897945022 ], [ 485.171423862282381, 965.281093278729941 ] ] ] } },
{ "type": "Feature", "properties": { "feature_type": "building", "subtype": "no-damage", "uid": "9ccb00c7-6572-45db-b83a-378c223f03fa" }, "geometry": { "type": "Polygon", "coordinates": [ [ [ 468.349981336772316, 959.859999900097932 ], [ 474.813549518004891, 962.292424800930007 ], [ 480.201386125682689, 962.462642990071345 ], [ 476.389129488688127, 985.367577782162243 ], [ 470.736703864174672, 985.367577782162243 ], [ 460.95998133859041, 983.569999900035214 ], [ 466.009981339565286, 959.259999900167372 ], [ 468.349981336772316, 959.859999900097932 ] ] ] } },
{ "type": "Feature", "properties": { "feature_type": "building", "subtype": "no-damage", "uid": "a7912b16-8ff1-49c9-bad5-ad4af44fad86" }, "geometry": { "type": "Polygon", "coordinates": [ [ [ 462.389981335559696, 967.459999897973148 ], [ 456.737410302368687, 994.117526629783583 ], [ 436.229981341894984, 987.279999897301082 ], [ 436.372497647515672, 986.983182774967872 ], [ 430.820815855905892, 984.577453996587337 ], [ 432.943058289233079, 977.326459001745434 ], [ 435.66508919336809, 975.148834282549728 ], [ 438.414138280782424, 971.417981946327131 ], [ 436.15619345506542, 969.912685393824859 ], [ 437.837275550135018, 965.541871932627942 ], [ 441.187387655899897, 966.658575970452375 ], [ 441.909981342189781, 963.159999897847456 ], [ 462.389981335559696, 967.459999897973148 ] ] ] } },
{ "type": "Feature", "properties": { "feature_type": "building", "subtype": "no-damage", "uid": "8791e28c-3af3-4526-ba0f-623cf679ab4a" }, "geometry": { "type": "Polygon", "coordinates": [ [ [ 469.389981334907873, 934.489999900477301 ], [ 462.499981336979886, 966.969999899462778 ], [ 442.009981343034781, 962.669999899336972 ], [ 442.566605576359677, 959.959517502386007 ], [ 434.470992542288911, 954.991754956942373 ], [ 436.167020910993415, 945.009772012481221 ], [ 432.419121229217012, 943.697826535449167 ], [ 437.089981342761405, 926.449999900659463 ], [ 469.389981334907873, 934.489999900477301 ] ] ] } },
{ "type": "Feature", "properties": { "feature_type": "building", "subtype": "no-damage", "uid": "f2fee31e-6d98-48a5-a210-4e26cb33a7fa" }, "geometry": { "type": "Polygon", "coordinates": [ [ [ 405.681538092835183, 983.468443156991725 ], [ 398.591591949286624, 1006.67278791895103 ], [ 385.541538091685482, 1004.318443157383967 ], [ 390.29121694462242, 978.723301096426781 ], [ 405.681538092835183, 983.468443156991725 ] ] ] } },
{ "type": "Feature", "properties": { "feature_type": "building", "subtype": "no-damage", "uid": "8cf728ad-e1cd-4273-aae3-6c02da24567d" }, "geometry": { "type": "Polygon", "coordinates": [ [ [ 370.115075993427979, 967.075334708576065 ], [ 369.970393207051984, 969.968990494033847 ], [ 384.189981348708272, 972.139999898927158 ], [ 384.083930752978006, 973.955778523458321 ], [ 380.485816644232386, 991.501698158826457 ], [ 379.370035433129374, 998.893748692368717 ], [ 368.109981355609591, 997.019999900037419 ], [ 369.654890675536024, 990.931601405050628 ], [ 361.909981352509021, 989.02999990052524 ], [ 362.395910989711297, 986.532591802030652 ], [ 364.339981353957512, 973.119999899686036 ], [ 365.789981351376127, 966.169999898309243 ], [ 370.115075993427979, 967.075334708576065 ] ] ] } },
{ "type": "Feature", "properties": { "feature_type": "building", "subtype": "no-damage", "uid": "ffca3124-b0fe-44c8-978e-d784178d1b49" }, "geometry": { "type": "Polygon", "coordinates": [ [ [ 388.38081933110999, 945.962904338574049 ], [ 390.099981349147924, 947.879999899365089 ], [ 387.039981349781328, 962.36999989750268 ], [ 384.519686281384281, 966.693186412013119 ], [ 384.219981352068999, 971.639999899608028 ], [ 370.492320949139184, 969.542927850779847 ], [ 370.635767652655318, 966.67399379914832 ], [ 365.899981354431588, 965.679999899798759 ], [ 366.137956771991128, 964.513385803696906 ], [ 370.697868339045783, 942.426314138012799 ], [ 388.38081933110999, 945.962904338574049 ] ] ] } },
{ "type": "Feature", "properties": { "feature_type": "building", "subtype": "no-damage", "uid": "1a8c31ad-ec47-4012-b596-3d1ff4b226a5" }, "geometry": { "type": "Polygon", "coordinates": [ [ [ 362.76998135267462, 979.849999898222563 ], [ 361.739981352076995, 986.359999897656735 ], [ 355.075429784958374, 984.622901054570093 ], [ 355.999981355573823, 978.63999989755257 ], [ 362.76998135267462, 979.849999898222563 ] ] ] } },
{ "type": "Feature", "properties": { "feature_type": "building", "subtype": "no-damage", "uid": "5ca9c341-ca4b-4475-9544-2630fba15da6" }, "geometry": { "type": "Polygon", "coordinates": [ [ [ 334.139981359466219, 973.889999898413407 ], [ 335.731310879414082, 978.477699780400371 ], [ 343.409981358770608, 979.819999899534309 ], [ 340.434467386432914, 995.444481963076441 ], [ 322.92896885690368, 990.033691506954256 ], [ 324.809981359514609, 972.209999897112425 ], [ 334.139981359466219, 973.889999898413407 ] ] ] } },
{ "type": "Feature", "properties": { "feature_type": "building", "subtype": "no-damage", "uid": "f3c699a3-117a-47c1-aa24-23492d8e2815" }, "geometry": { "type": "Polygon", "coordinates": [ [ [ 362.598827424138278, 943.303457789114759 ], [ 357.604613655485309, 974.410274969748116 ], [ 356.179981354712027, 976.329999897632774 ], [ 344.253848879018904, 975.392729103526676 ], [ 343.292088541140288, 978.914214261485654 ], [ 336.1074744968858, 978.035859502958147 ], [ 334.519981356089318, 973.459999897279431 ], [ 337.828835757685283, 961.541261515710175 ], [ 332.199867842190315, 959.231941344005349 ], [ 333.306443613835711, 954.252350375223727 ], [ 336.997386761425219, 938.352902964332543 ], [ 362.598827424138278, 943.303457789114759 ] ] ] } },
{ "type": "Feature", "properties": { "feature_type": "building", "subtype": "no-damage", "uid": "784763ca-3582-4823-9638-26b0baf62db2" }, "geometry": { "type": "Polygon", "coordinates": [ [ [ 379.777844988266622, 918.018228652025073 ], [ 392.919981349196405, 918.472809474567953 ], [ 392.88329650560172, 919.139734350176923 ], [ 404.216171254397523, 921.060560580108358 ], [ 404.239981345616627, 920.852809476410926 ], [ 409.111748553932387, 922.836590920965136 ], [ 413.87998134587508, 923.53280947635028 ], [ 410.892619159972298, 928.284063942881971 ], [ 409.424628482603111, 942.610880543958615 ], [ 373.23998135207421, 935.619999898415358 ], [ 373.419981351445983, 934.012809475387598 ], [ 373.426971015052004, 934.013983958592576 ], [ 377.069981350869227, 917.512809475426593 ], [ 379.777844988266622, 918.018228652025073 ] ] ] } },
{ "type": "Feature", "properties": { "feature_type": "building", "subtype": "no-damage", "uid": "4a5a1c9e-cdc3-459a-b8ed-dfc6f678a022" }, "geometry": { "type": "Polygon", "coordinates": [ [ [ 366.039981355241025, 932.999999899590534 ], [ 365.133553262418502, 943.08090691567304 ], [ 339.019981357205609, 938.229999900169446 ], [ 340.193367453850612, 933.146806266987255 ], [ 348.302951333073622, 934.450132246066119 ], [ 348.569981353689684, 929.92999989801433 ], [ 366.039981355241025, 932.999999899590534 ] ] ] } },
{ "type": "Feature", "properties": { "feature_type": "building", "subtype": "no-damage", "uid": "21e3b73a-289b-4be3-ad9b-30c787fb484f" }, "geometry": { "type": "Polygon", "coordinates": [ [ [ 411.439981345253216, 948.009999898664773 ], [ 410.039981345570482, 951.449999900260536 ], [ 405.385197099852576, 960.134254495352138 ], [ 401.519981347581279, 959.059999898944511 ], [ 390.995542288777699, 953.120770003671623 ], [ 393.350388331280215, 947.995516851052344 ], [ 395.851502917323785, 942.020632009990891 ], [ 411.439981345253216, 948.009999898664773 ] ] ] } },
{ "type": "Feature", "properties": { "feature_type": "building", "subtype": "no-damage", "uid": "d5dc72e4-1f73-4422-8ba3-a9d9c66d7bfa" }, "geometry": { "type": "Polygon", "coordinates": [ [ [ 399.859981346495715, 959.649999898066426 ], [ 399.151130634713581, 962.029786206292329 ], [ 406.906496751831128, 964.614908243773243 ], [ 401.419981346035286, 977.92999989993973 ], [ 384.725874060625415, 971.76349983614557 ], [ 384.709981351747672, 971.819999899213371 ], [ 385.011666123559223, 966.841842197881761 ], [ 389.599186760676616, 958.957041103889537 ], [ 390.946756628738115, 955.857630402956943 ], [ 399.859981346495715, 959.649999898066426 ] ] ] } },
{ "type": "Feature", "properties": { "feature_type": "building", "subtype": "no-damage", "uid": "cd2a0545-f4e1-48de-aa5a-ddee4847b7f5" }, "geometry": { "type": "Polygon", "coordinates": [ [ [ 435.697287689802124, 987.23551788266866 ], [ 432.94998134506119, 992.979999898510982 ], [ 428.219981344033897, 991.909999897949433 ], [ 430.439981344151477, 984.959999900310549 ], [ 435.697287689802124, 987.23551788266866 ] ] ] } },
{ "type": "Feature", "properties": { "feature_type": "building", "subtype": "no-damage", "uid": "b928b9b1-51ff-4282-a7b0-0a91b2fd6359" }, "geometry": { "type": "Polygon", "coordinates": [ [ [ 417.94102618872688, 944.288508519570541 ], [ 435.289981341567284, 947.179999898823098 ], [ 433.921449215163705, 955.241167438392836 ], [ 436.059981341463015, 956.549999897801854 ], [ 434.575738487539013, 962.582442325362877 ], [ 437.883782418460498, 964.015615594422911 ], [ 435.545857523214522, 970.106719986845178 ], [ 437.700724985625982, 971.543298295430645 ], [ 435.301493067537081, 974.799398759898509 ], [ 432.507508601056827, 977.034586332334584 ], [ 431.549981343275874, 980.319999898853553 ], [ 431.414976562060815, 980.274894360418443 ], [ 427.729981343420718, 991.799999900267153 ], [ 411.411306858889816, 988.124000759493697 ], [ 405.879981346953684, 984.529999899176573 ], [ 415.221898857220481, 959.360059472140506 ], [ 408.423479304898024, 956.781348605751191 ], [ 412.313779358583076, 947.170019062372148 ], [ 414.99998134580818, 941.629999898530286 ], [ 417.94102618872688, 944.288508519570541 ] ] ] } },
{ "type": "Feature", "properties": { "feature_type": "building", "subtype": "no-damage", "uid": "1ce4237f-44ae-4ce2-a71e-16d9f39e0c5e" }, "geometry": { "type": "Polygon", "coordinates": [ [ [ 436.599981344484377, 926.329999898430515 ], [ 432.209981343386687, 942.559999898983506 ], [ 431.277517686606927, 942.306497077465792 ], [ 430.299981345211222, 945.839999898853421 ], [ 418.167385361536276, 943.819338170792548 ], [ 410.962428617034107, 937.320749729730096 ], [ 411.385576793234179, 928.716736712193892 ], [ 414.419981347728481, 923.889999899211148 ], [ 419.454900159689828, 924.624578770772359 ], [ 419.629981347625801, 922.099999900227999 ], [ 436.599981344484377, 926.329999898430515 ] ] ] } },
{ "type": "Feature", "properties": { "feature_type": "building", "subtype": "no-damage", "uid": "3fdbc377-a6d1-42c2-9d5c-f41f01bf257d" }, "geometry": { "type": "Polygon", "coordinates": [ [ [ 368.038888645603777, 916.220633414697318 ], [ 373.19057116997152, 917.075553557593935 ], [ 376.579981349555112, 917.699999899490763 ], [ 373.041943711991678, 933.715877594920812 ], [ 338.270754063444315, 927.607425358122896 ], [ 338.259981357184188, 927.719999898705964 ], [ 335.751555474232077, 922.693314709026595 ], [ 335.931952960916874, 917.281390258937677 ], [ 338.149981356231308, 911.319999899356276 ], [ 368.038888645603777, 916.220633414697318 ] ] ] } },
{ "type": "Feature", "properties": { "feature_type": "building", "subtype": "no-damage", "uid": "ea401eb2-5132-48f3-8c8b-c523b66a5220" }, "geometry": { "type": "Polygon", "coordinates": [ [ [ 393.619981349504997, 904.679999900622533 ], [ 392.939981348477716, 918.249999899115664 ], [ 379.832382001948019, 917.797017407193835 ], [ 373.74767613146679, 916.670220021279761 ], [ 375.709981350216083, 901.609999899046215 ], [ 393.619981349504997, 904.679999900622533 ] ] ] } },
{ "type": "Feature", "properties": { "feature_type": "building", "subtype": "no-damage", "uid": "9b1f815b-7bcb-429d-aaec-10cdca7b6da4" }, "geometry": { "type": "Polygon", "coordinates": [ [ [ 370.369981350318312, 900.699999900210514 ], [ 367.635376722715421, 915.647809838563944 ], [ 346.629981353788878, 912.199999899503723 ], [ 346.033243430712901, 905.184672164408653 ], [ 349.759981355546017, 897.16999989881208 ], [ 370.369981350318312, 900.699999900210514 ] ] ] } },
{ "type": "Feature", "properties": { "feature_type": "building", "subtype": "no-damage", "uid": "43c17545-2b69-4a0d-9106-10e2d79b4b4b" }, "geometry": { "type": "Polygon", "coordinates": [ [ [ 347.436666796515794, 892.639463334134234 ], [ 349.299981354789224, 896.979999898397978 ], [ 345.523759347844873, 905.09447237608174 ], [ 345.819981353461912, 908.579999898302617 ], [ 328.419981357104518, 905.699999897140401 ], [ 331.204295435854419, 890.093209002940853 ], [ 347.436666796515794, 892.639463334134234 ] ] ] } },
{ "type": "Feature", "properties": { "feature_type": "building", "subtype": "no-damage", "uid": "8a8f0966-edea-4e90-9370-1fa3da171672" }, "geometry": { "type": "Polygon", "coordinates": [ [ [ 426.287264311750903, 881.425057735197242 ], [ 425.957263324181724, 885.673737080130081 ], [ 422.611751899222497, 899.294747881996159 ], [ 423.359981343005927, 907.349999899753129 ], [ 419.999264226354512, 909.522032973662476 ], [ 418.993353401908905, 924.051856058893463 ], [ 409.244132354329508, 922.627812533675183 ], [ 404.279981347449791, 920.609999899341119 ], [ 407.499981349009602, 886.109999897723583 ], [ 407.734087048368679, 886.139968647332125 ], [ 408.499981345779304, 879.499999897678094 ], [ 426.287264311750903, 881.425057735197242 ] ] ] } },
{ "type": "Feature", "properties": { "feature_type": "building", "subtype": "no-damage", "uid": "4ba17264-dbdd-4e25-a4f9-23a23aa12c76" }, "geometry": { "type": "Polygon", "coordinates": [ [ [ 469.649981336778012, 889.179999899299901 ], [ 465.539981336130779, 916.419999900635503 ], [ 424.268073124591297, 911.759918392036752 ], [ 423.117373629010388, 899.332363789771989 ], [ 426.342518333884584, 886.201417484367425 ], [ 469.649981336778012, 889.179999899299901 ] ] ] } },
{ "type": "Feature", "properties": { "feature_type": "building", "subtype": "no-damage", "uid": "e5605af5-4cf9-4e8a-a478-9fcb2f646a1b" }, "geometry": { "type": "Polygon", "coordinates": [ [ [ 407.214148568590417, 883.757286812835332 ], [ 403.768310013327607, 920.754711326190204 ], [ 393.404857653184479, 918.998193976024027 ], [ 394.119981348590727, 904.759999899616446 ], [ 395.815499083129396, 905.052453200103855 ], [ 398.043471623858693, 896.140563039057952 ], [ 393.032268810118921, 895.970702293038357 ], [ 394.309981350406588, 882.249999899540512 ], [ 407.214148568590417, 883.757286812835332 ] ] ] } },
{ "type": "Feature", "properties": { "feature_type": "building", "subtype": "no-damage", "uid": "6e354bfb-4e05-4d64-9ff4-428fd980a329" }, "geometry": { "type": "Polygon", "coordinates": [ [ [ 399.316598787586827, 832.802486549220362 ], [ 398.409981348843417, 839.119999898983224 ], [ 393.657150562946583, 839.075274216287426 ], [ 391.979981346532611, 853.759999898037904 ], [ 390.220899381168692, 857.202267154933224 ], [ 385.976518845930798, 857.909663909832602 ], [ 372.199981353471173, 855.249999898924671 ], [ 374.808900848909218, 836.940149837876788 ], [ 380.219691303864693, 838.213277005342547 ], [ 381.393022755971117, 829.989205501272068 ], [ 399.316598787586827, 832.802486549220362 ] ] ] } },
{ "type": "Feature", "properties": { "feature_type": "building", "subtype": "no-damage", "uid": "c9d12f09-bdbc-457f-97f3-d470f4600017" }, "geometry": { "type": "Polygon", "coordinates": [ [ [ 399.829981349676416, 839.629999899111112 ], [ 421.475852658148597, 841.763829276035722 ], [ 420.641478807132103, 850.307985077576632 ], [ 431.463059713772509, 851.899394035039791 ], [ 431.492268805635319, 851.780702292728165 ], [ 430.005063498069717, 866.6800965479041 ], [ 427.013380200823121, 866.979264879404241 ], [ 425.649981345046797, 878.679999898645065 ], [ 413.91333711726071, 878.247334859368721 ], [ 413.362977902735906, 876.77971027608919 ], [ 397.251925168093692, 875.864309550387816 ], [ 396.883966325208178, 853.602799660600454 ], [ 392.505350232326407, 853.602799660600454 ], [ 394.102962883205578, 839.57931083416986 ], [ 399.829981349676416, 839.629999899111112 ] ] ] } },
{ "type": "Feature", "properties": { "feature_type": "building", "subtype": "no-damage", "uid": "7df53d9a-949e-4782-97cb-cebc8602c7db" }, "geometry": { "type": "Polygon", "coordinates": [ [ [ 382.233193366177602, 858.860836559785412 ], [ 380.134052250973923, 879.852247744056513 ], [ 393.912549954564383, 881.649443097825724 ], [ 392.559981346714778, 896.029999900065263 ], [ 388.532730419539291, 895.891578856896103 ], [ 377.711149511964379, 895.255015273163281 ], [ 367.844413980222726, 894.618451689430458 ], [ 362.115341735503307, 890.799070194509341 ], [ 362.433623528070598, 887.934534069580536 ], [ 355.11314232892471, 886.6614069058528 ], [ 356.499981356528508, 877.789999897688858 ], [ 365.816801531692875, 879.385062911716091 ], [ 368.679981352179709, 856.479999897474158 ], [ 371.982077270281991, 857.061200301524309 ], [ 372.089981352518294, 856.31999989948622 ], [ 382.233193366177602, 858.860836559785412 ] ] ] } },
{ "type": "Feature", "properties": { "feature_type": "building", "subtype": "no-damage", "uid": "2bdffa20-96e5-421c-9c06-2b88f813952f" }, "geometry": { "type": "Polygon", "coordinates": [ [ [ 368.189981351566473, 856.389999897671487 ], [ 365.38551899646518, 878.804194323551883 ], [ 356.57998135575599, 877.299999899178374 ], [ 356.704551283818375, 876.476389581079275 ], [ 330.287162598847772, 874.884980623616116 ], [ 332.515135137708228, 850.059000891676988 ], [ 368.189981351566473, 856.389999897671487 ] ] ] } },
{ "type": "Feature", "properties": { "feature_type": "building", "subtype": "no-damage", "uid": "6bdafe53-7e2e-4c49-93e1-79876cfd9604" }, "geometry": { "type": "Polygon", "coordinates": [ [ [ 468.259981335334203, 846.839999899087275 ], [ 465.992007085472892, 865.021274866540011 ], [ 472.920130825167121, 865.458485906806686 ], [ 474.696037303699484, 868.388635391761113 ], [ 471.559981334486224, 880.569999898239644 ], [ 448.360213602987528, 879.499786230226505 ], [ 447.599981340957072, 882.829999897853668 ], [ 426.055380437145686, 879.940660428912452 ], [ 427.501266669134679, 867.506038873432999 ], [ 430.499588563303917, 867.20620668214724 ], [ 433.092181209595424, 845.921337603020447 ], [ 445.012672235613309, 847.693660360181525 ], [ 446.778298236960211, 843.375083271827066 ], [ 468.259981335334203, 846.839999899087275 ] ] ] } },
{ "type": "Feature", "properties": { "feature_type": "building", "subtype": "no-damage", "uid": "0a7d114b-3f8b-40a4-98d4-44a45bebf3d4" }, "geometry": { "type": "Polygon", "coordinates": [ [ [ 480.997000105902202, 935.784343309161272 ], [ 491.297252320173072, 937.502878397209201 ], [ 491.10308380466131, 940.40130605170657 ], [ 503.704363386674174, 942.65474196532432 ], [ 500.048408749187786, 963.778035431231615 ], [ 490.380148669610719, 961.482507508104959 ], [ 489.943798236381895, 963.373359377797669 ], [ 468.269981338479113, 958.889999900147814 ], [ 472.919981337942716, 934.029999900655071 ], [ 480.997000105902202, 935.784343309161272 ] ] ] } },
{ "type": "Feature", "properties": { "feature_type": "building", "subtype": "no-damage", "uid": "4bc275d3-efcb-4400-8fff-0cbcd031bcd3" }, "geometry": { "type": "Polygon", "coordinates": [ [ [ 528.639555635755301, 895.465579934104198 ], [ 522.390353758749143, 940.217438870085061 ], [ 498.299981334641018, 936.72999989847392 ], [ 504.498929881901802, 901.157216264904491 ], [ 495.636575278207488, 899.058237540020286 ], [ 498.929981335129014, 890.95999989747429 ], [ 528.639555635755301, 895.465579934104198 ] ] ] } },
{ "type": "Feature", "properties": { "feature_type": "building", "subtype": "no-damage", "uid": "bbf69300-08ce-4262-8855-8b25c6939e25" }, "geometry": { "type": "Polygon", "coordinates": [ [ [ 498.419981334767272, 890.889999899289023 ], [ 494.953266574577185, 899.41023348367969 ], [ 503.925550036638811, 901.535247988620085 ], [ 497.809981330990809, 936.659999900288767 ], [ 495.459981335311227, 936.319999898957462 ], [ 470.356757222972192, 930.286925817600036 ], [ 473.609954478325903, 910.535371070079009 ], [ 472.443841831131692, 900.273579787669291 ], [ 481.169981336523676, 888.51999989825481 ], [ 498.419981334767272, 890.889999899289023 ] ] ] } },
{ "type": "Feature", "properties": { "feature_type": "building", "subtype": "no-damage", "uid": "828172fb-a6fd-4cd1-b235-51516c7d5f74" }, "geometry": { "type": "Polygon", "coordinates": [ [ [ 495.793694110811089, 865.33652687883739 ], [ 499.294793816203025, 862.471990757646495 ], [ 512.662629053336559, 865.654808672572813 ], [ 512.026065471005268, 868.201063003766194 ], [ 517.579981327214796, 869.149999897940347 ], [ 517.07923598454579, 874.066952789141169 ], [ 519.93707797301397, 874.066952789141169 ], [ 520.68998132782167, 869.669999898876995 ], [ 521.389469618609269, 869.792471961229353 ], [ 525.370417718811154, 869.979083854932696 ], [ 529.434043642901088, 872.010896820831817 ], [ 530.507945480044896, 875.140958338606765 ], [ 536.581593105799925, 875.114707878120498 ], [ 533.889981325831627, 895.259999897600096 ], [ 479.499145942019481, 887.786527655287955 ], [ 482.14998133588108, 863.429999898850951 ], [ 482.744140665076714, 861.835427173913672 ], [ 495.793694110811089, 865.33652687883739 ] ] ] } },
{ "type": "Feature", "properties": { "feature_type": "building", "subtype": "no-damage", "uid": "e9baece1-c679-4f69-a001-323bb41bf138" }, "geometry": { "type": "Polygon", "coordinates": [ [ [ 832.519981281350852, 988.309999898365731 ], [ 831.043918348762077, 1017.793504967919944 ], [ 805.581375040325497, 1017.156941384187007 ], [ 807.339981285408157, 987.039999900319231 ], [ 832.519981281350852, 988.309999898365731 ] ] ] } },
{ "type": "Feature", "properties": { "feature_type": "building", "subtype": "no-damage", "uid": "a5858c73-6995-4436-92aa-ac3ba78f1480" }, "geometry": { "type": "Polygon", "coordinates": [ [ [ 771.843505153171918, 958.453118395630895 ], [ 782.983367854015, 958.771400185628409 ], [ 785.211340393108912, 953.997173316976955 ], [ 794.123230552054679, 954.633736896971868 ], [ 793.486666969256135, 962.272499890552126 ], [ 793.839981286031048, 962.279999897700009 ], [ 792.059981289491589, 987.219999899924574 ], [ 783.93821322844633, 986.283607616130894 ], [ 783.61993143517816, 987.875016573594053 ], [ 771.52522336387517, 986.920171199863717 ], [ 769.297250824547632, 991.37611627851777 ], [ 753.383161258088876, 991.37611627851777 ], [ 750.83690692245591, 958.453118395630895 ], [ 760.385360668405383, 959.726245559358631 ], [ 759.748797085373212, 948.904664650852283 ], [ 769.615532617348549, 947.949819277121946 ], [ 771.843505153171918, 958.453118395630895 ] ] ] } },
{ "type": "Feature", "properties": { "feature_type": "building", "subtype": "no-damage", "uid": "e10008a2-6651-4622-8298-6ba68f98e6d5" }, "geometry": { "type": "Polygon", "coordinates": [ [ [ 827.307976070806717, 965.708694823284645 ], [ 832.635327307860962, 966.12999989881223 ], [ 832.635327305057558, 984.319999897145067 ], [ 828.477504316472618, 984.533601740621634 ], [ 828.159981278707733, 987.589999899944132 ], [ 813.549981283944135, 986.849999899905129 ], [ 813.295961800384134, 984.441622926486616 ], [ 806.101437104653883, 983.873634132462371 ], [ 793.486666967620749, 984.055635074935026 ], [ 794.339981287686555, 962.299999899317413 ], [ 814.17498340600298, 962.909063474284949 ], [ 827.307976070806717, 965.708694823284645 ] ] ] } },
{ "type": "Feature", "properties": { "feature_type": "building", "subtype": "no-damage", "uid": "df2f3855-09b7-4afc-9d0c-4047ee151d1e" }, "geometry": { "type": "Polygon", "coordinates": [ [ [ 858.829981274764577, 946.849999898300553 ], [ 856.824743446261664, 966.550136550316552 ], [ 838.069981281177775, 966.059999900627076 ], [ 827.395785275565572, 965.214071377649475 ], [ 814.399981283067405, 961.579999897157904 ], [ 816.939981280329107, 946.649999897077691 ], [ 831.911160629664323, 946.161018678373125 ], [ 858.829981274764577, 946.849999898300553 ] ] ] } },
{ "type": "Feature", "properties": { "feature_type": "building", "subtype": "no-damage", "uid": "8cfe3ab6-b0a9-4dcd-ae63-ad22f17fa186" }, "geometry": { "type": "Polygon", "coordinates": [ [ [ 844.679981280524203, 897.899999898042324 ], [ 844.619981277307261, 910.63999990043169 ], [ 811.668231690394578, 909.62855370404111 ], [ 811.278230677881538, 918.208575973251413 ], [ 840.814691376868723, 920.264911845099959 ], [ 841.181433416427126, 916.597491417745232 ], [ 861.41998127443469, 918.82999989742882 ], [ 858.522246916841254, 946.166132721097824 ], [ 831.54168510232148, 945.476942517342877 ], [ 816.652246923789676, 945.966132719874963 ], [ 816.671785168857582, 945.856261351777903 ], [ 791.409107281977981, 943.920684846009294 ], [ 796.339981287300134, 895.599999898931287 ], [ 844.679981280524203, 897.899999898042324 ] ] ] } },
{ "type": "Feature", "properties": { "feature_type": "building", "subtype": "no-damage", "uid": "08d68be9-e9e1-4e7c-83bc-545735b686da" }, "geometry": { "type": "Polygon", "coordinates": [ [ [ 862.189981276199205, 879.439999900301586 ], [ 860.912954168682518, 897.617402426473177 ], [ 849.32782047761259, 897.617402426473177 ], [ 843.499981279476742, 897.339999897608777 ], [ 843.239834635179136, 894.593630997693253 ], [ 847.497174485007804, 892.187308475584132 ], [ 848.206002678108575, 885.099026508132624 ], [ 841.612962780603652, 879.971106586710221 ], [ 841.899981280206362, 878.059999897096986 ], [ 862.189981276199205, 879.439999900301586 ] ] ] } },
{ "type": "Feature", "properties": { "feature_type": "building", "subtype": "no-damage", "uid": "949441a7-a2f2-4542-960c-ffd4669cc4f2" }, "geometry": { "type": "Polygon", "coordinates": [ [ [ 813.279981284536007, 877.829999897185871 ], [ 841.277295129164486, 878.947077982009205 ], [ 841.612962780603652, 879.971106586710221 ], [ 848.206002678108575, 885.099026508132624 ], [ 847.497174485007804, 892.187308475584132 ], [ 843.239834635179136, 894.593630997693253 ], [ 843.499981279476742, 897.339999897608777 ], [ 796.389981285269641, 895.099999899612158 ], [ 796.396749517747253, 895.04179091557944 ], [ 794.919981284130927, 894.859999898892283 ], [ 797.379981285903, 877.309999899987133 ], [ 813.279981284536007, 877.829999897185871 ] ] ] } },
{ "type": "Feature", "properties": { "feature_type": "building", "subtype": "no-damage", "uid": "f06fbb1d-2304-4c13-ac6e-18d384cf6fe4" }, "geometry": { "type": "Polygon", "coordinates": [ [ [ 848.099981278868199, 857.569999899653226 ], [ 846.7199812805693, 877.889999898300289 ], [ 841.133673756001713, 877.508894607055936 ], [ 829.427228650777693, 878.335551773973293 ], [ 824.799981278908376, 877.841256099785824 ], [ 824.705727013832643, 876.806700790289597 ], [ 814.889981284381406, 875.619999897877506 ], [ 816.035221586526291, 855.922487749910601 ], [ 848.099981278868199, 857.569999899653226 ] ] ] } },
{ "type": "Feature", "properties": { "feature_type": "building", "subtype": "no-damage", "uid": "bb587026-0551-4b33-af9d-b7f713395795" }, "geometry": { "type": "Polygon", "coordinates": [ [ [ 863.479562202716124, 867.25664375839699 ], [ 862.219981276522844, 878.939999897244434 ], [ 847.219981280589423, 877.919999900726452 ], [ 847.999981278490282, 866.429999898504093 ], [ 863.479562202716124, 867.25664375839699 ] ] ] } },
{ "type": "Feature", "properties": { "feature_type": "building", "subtype": "no-damage", "uid": "4788ffe6-2792-46cd-8621-eb88a5a2da44" }, "geometry": { "type": "Polygon", "coordinates": [ [ [ 797.71493961453757, 854.930975771339035 ], [ 796.482850268548759, 878.113729153606187 ], [ 795.236831557430719, 889.972322562253794 ], [ 794.036239829051169, 895.149873247696746 ], [ 780.145195997103542, 893.913095402251088 ], [ 781.489981286209854, 858.749999897896942 ], [ 781.379981291330978, 852.979999898501887 ], [ 797.71493961453757, 854.930975771339035 ] ] ] } },
{ "type": "Feature", "properties": { "feature_type": "building", "subtype": "no-damage", "uid": "52c64312-17be-4776-9670-b05b4d8336da" }, "geometry": { "type": "Polygon", "coordinates": [ [ [ 784.049981288126105, 822.929999897927246 ], [ 794.713859852881683, 824.600719292604367 ], [ 796.579603647003296, 826.699681062246214 ], [ 800.899981286493698, 827.949999900212447 ], [ 799.010058860356139, 838.328505228242079 ], [ 806.330540060903786, 838.965068811974902 ], [ 804.420849310872882, 852.014622257939322 ], [ 801.09998128724942, 854.359999897968464 ], [ 770.709981291876602, 851.239999899824511 ], [ 770.330998706977653, 844.784819361037421 ], [ 773.128085336137588, 840.574875373568375 ], [ 776.302662245441297, 840.574875373568375 ], [ 777.472668753880384, 821.854771231072846 ], [ 784.049981288126105, 822.929999897927246 ] ] ] } },
{ "type": "Feature", "properties": { "feature_type": "building", "subtype": "no-damage", "uid": "eebc4b06-b397-471e-b941-db20b575f083" }, "geometry": { "type": "Polygon", "coordinates": [ [ [ 780.229981290607043, 816.03999989766487 ], [ 779.599981289184598, 821.77999989837167 ], [ 777.009593025773029, 821.248373049350903 ], [ 775.832936633970917, 840.074875374249245 ], [ 772.906189987836001, 840.074875374249245 ], [ 768.83998129296458, 844.569999898664491 ], [ 756.614982555458369, 842.789762467290984 ], [ 759.309981288986592, 813.249999900043349 ], [ 780.229981290607043, 816.03999989766487 ] ] ] } },
{ "type": "Feature", "properties": { "feature_type": "building", "subtype": "no-damage", "uid": "0714792d-9243-4bec-9712-541d52a301a7" }, "geometry": { "type": "Polygon", "coordinates": [ [ [ 774.293292204599425, 797.689209695847467 ], [ 778.042999637928574, 796.939268208527778 ], [ 781.822649276436437, 798.838527108597077 ], [ 782.149981285853301, 805.3999999006395 ], [ 781.222678937900355, 806.919558267736079 ], [ 780.279981288342924, 815.539999898345627 ], [ 759.359981293497526, 812.749999900724106 ], [ 761.029981288850536, 794.479999899659447 ], [ 774.293292204599425, 797.689209695847467 ] ] ] } },
{ "type": "Feature", "properties": { "feature_type": "building", "subtype": "no-damage", "uid": "d14db7d8-4509-4f92-9b31-e4d713fca3ef" }, "geometry": { "type": "Polygon", "coordinates": [ [ [ 797.899981285905369, 780.419999898917922 ], [ 812.849981280598513, 783.929999898698952 ], [ 812.555268496197868, 791.089668774000074 ], [ 817.078715170566852, 792.089850413521276 ], [ 817.078715173370256, 795.913524070466906 ], [ 816.169957862546994, 795.913524070466906 ], [ 814.689981283625798, 811.079999900231996 ], [ 809.195076180226465, 810.319707585114656 ], [ 809.179981286566431, 810.429999899995664 ], [ 804.259394628741802, 809.833548176998988 ], [ 804.963921894143027, 799.970166509511273 ], [ 778.289981289070965, 795.079999899590121 ], [ 780.549981289620064, 777.769999897666935 ], [ 797.899981285905369, 780.419999898917922 ] ] ] } },
{ "type": "Feature", "properties": { "feature_type": "building", "subtype": "no-damage", "uid": "beb6fa93-87c4-46f7-b90a-dc647ecd42bc" }, "geometry": { "type": "Polygon", "coordinates": [ [ [ 803.726781354019749, 810.27229964364119 ], [ 809.10998128183985, 810.929999899314794 ], [ 806.967103643235077, 826.233797156007881 ], [ 801.629981284322525, 827.63999989756951 ], [ 796.857262333751009, 826.259447417363617 ], [ 794.968345478749143, 824.134415960918886 ], [ 780.096935774827102, 821.81075819186367 ], [ 781.707569295096732, 807.084966001205089 ], [ 786.760014900540909, 798.817327740386645 ], [ 804.44077151382271, 800.788503915461547 ], [ 803.726781354019749, 810.27229964364119 ] ] ] } },
{ "type": "Feature", "properties": { "feature_type": "building", "subtype": "no-damage", "uid": "27599c17-8cfd-4bdf-8abd-380300da4058" }, "geometry": { "type": "Polygon", "coordinates": [ [ [ 799.549981286649427, 768.029999898668507 ], [ 796.847535059192069, 774.400054535290678 ], [ 796.119981286796019, 779.639999899381905 ], [ 780.619981286170059, 777.269999898347692 ], [ 782.129981289842817, 765.739999900366229 ], [ 799.549981286649427, 768.029999898668507 ] ] ] } },
{ "type": "Feature", "properties": { "feature_type": "building", "subtype": "no-damage", "uid": "cf61ab6b-4c23-4fb0-8689-2cba92264677" }, "geometry": { "type": "Polygon", "coordinates": [ [ [ 820.459981279518161, 770.779999900531038 ], [ 818.499981284307637, 784.739999900661132 ], [ 796.633930298262499, 779.608009353004718 ], [ 797.33374684549392, 774.534339381489417 ], [ 800.069981282913886, 768.099999900591683 ], [ 820.459981279518161, 770.779999900531038 ] ] ] } },
{ "type": "Feature", "properties": { "feature_type": "building", "subtype": "no-damage", "uid": "2c38b6e8-8e37-4ac7-8a5c-031eef702cfc" }, "geometry": { "type": "Polygon", "coordinates": [ [ [ 825.202905846421231, 793.839383564465265 ], [ 832.659981277487645, 793.839383564465265 ], [ 833.889981278607365, 795.069999898781361 ], [ 829.589981279882181, 811.899999899264913 ], [ 822.619981280623961, 812.189999900290445 ], [ 815.179981283070902, 811.14999989841715 ], [ 816.623431606776194, 796.413524069786035 ], [ 818.033625955003799, 796.413524069786035 ], [ 819.493118494435294, 792.947229290827295 ], [ 825.202905846421231, 793.839383564465265 ] ] ] } },
{ "type": "Feature", "properties": { "feature_type": "building", "subtype": "no-damage", "uid": "e6a04c1d-e6fd-4ecb-89ca-c5d6a3a10617" }, "geometry": { "type": "Polygon", "coordinates": [ [ [ 822.590862595694261, 771.062909866635323 ], [ 834.43998128267117, 772.589999897393682 ], [ 832.789981277721949, 791.369999898586229 ], [ 823.273871760448401, 791.499643441577177 ], [ 818.504728911013899, 788.320214874353837 ], [ 820.949981284102819, 770.849999898716305 ], [ 822.590862595694261, 771.062909866635323 ] ] ] } },
{ "type": "Feature", "properties": { "feature_type": "building", "subtype": "no-damage", "uid": "07643f4f-c2fe-441e-bef7-dd1787c9ca3f" }, "geometry": { "type": "Polygon", "coordinates": [ [ [ 834.828348016440373, 818.157185850258429 ], [ 834.997125500589277, 823.580261586778647 ], [ 858.658498840511356, 828.300075311315936 ], [ 858.101879075879651, 832.886310927214481 ], [ 867.654565769230317, 834.134403354222627 ], [ 866.624416282809989, 849.942889362703113 ], [ 817.680091571210482, 847.403284850627188 ], [ 817.680091573079494, 831.807477069731362 ], [ 822.13603665243545, 831.807477069731362 ], [ 822.64138830826721, 816.512889361647126 ], [ 834.828348016440373, 818.157185850258429 ] ] ] } },
{ "type": "Feature", "properties": { "feature_type": "building", "subtype": "no-damage", "uid": "b06f0de3-f461-43d5-8383-ee5d9dca04c4" }, "geometry": { "type": "Polygon", "coordinates": [ [ [ 869.509981276662984, 809.589999899345116 ], [ 865.909539644366191, 826.665991392014007 ], [ 859.165317427107084, 825.915515362272458 ], [ 858.989981276490539, 827.419999898467154 ], [ 836.465157803994089, 822.577094789206399 ], [ 836.321043305588432, 816.380171197031586 ], [ 829.323852792412595, 814.952173134415375 ], [ 832.219981279049193, 803.649999897415455 ], [ 869.509981276662984, 809.589999899345116 ] ] ] } },
{ "type": "Feature", "properties": { "feature_type": "building", "subtype": "no-damage", "uid": "001b37c3-b9e1-4297-9fb5-c0a80fcc5b82" }, "geometry": { "type": "Polygon", "coordinates": [ [ [ 843.380954044325676, 775.024557581558383 ], [ 860.759981276660142, 779.109999897636499 ], [ 861.059981276625535, 779.199999897439284 ], [ 857.255626674739915, 793.132490846755672 ], [ 853.799981275874416, 804.079999898549431 ], [ 836.624844721293016, 802.41508798460859 ], [ 834.556844440788268, 795.029372686146758 ], [ 833.095548363149987, 793.56807660967695 ], [ 835.147874100124341, 773.43227356389059 ], [ 843.380954044325676, 775.024557581558383 ] ] ] } },
{ "type": "Feature", "properties": { "feature_type": "building", "subtype": "no-damage", "uid": "3ea45541-3a73-40cc-a5d8-d7e4bc1c8ef2" }, "geometry": { "type": "Polygon", "coordinates": [ [ [ 846.859981275771702, 743.449999899392651 ], [ 845.545476069948791, 763.471813830525093 ], [ 826.609981283481034, 760.959999898800788 ], [ 824.717109424541036, 751.98115629682934 ], [ 826.671720346577899, 744.528084664851349 ], [ 828.073543766040302, 744.753841660231728 ], [ 828.279981280936568, 742.07999990073472 ], [ 846.859981275771702, 743.449999899392651 ] ] ] } },
{ "type": "Feature", "properties": { "feature_type": "building", "subtype": "no-damage", "uid": "04698255-f4e3-40d7-b45d-da671ca66bee" }, "geometry": { "type": "Polygon", "coordinates": [ [ [ 847.788875528380004, 700.292995558038456 ], [ 846.734325622777533, 709.476296535945608 ], [ 850.935847544522176, 710.025874056236034 ], [ 848.828210641603164, 741.168437410533443 ], [ 847.001827731109415, 741.313119711446006 ], [ 846.889981280066877, 742.949999900073408 ], [ 828.319981282068966, 741.579999897677681 ], [ 828.460042416226656, 739.863474233856095 ], [ 827.690206166788698, 736.476194741562836 ], [ 826.361794246279601, 733.842429938028658 ], [ 828.042276651277689, 726.877201478874213 ], [ 830.204373770507914, 698.335457924196362 ], [ 847.788875528380004, 700.292995558038456 ] ] ] } },
{ "type": "Feature", "properties": { "feature_type": "building", "subtype": "no-damage", "uid": "a8ed33d4-0533-414f-9213-aee16874eb97" }, "geometry": { "type": "Polygon", "coordinates": [ [ [ 783.17202812699702, 753.985278870066281 ], [ 777.593808370284705, 796.519204510168152 ], [ 774.303527090975535, 797.17726076612314 ], [ 756.46998129012411, 792.859999899472996 ], [ 753.699981290615028, 788.979999899672521 ], [ 754.372852257047271, 760.113831292433133 ], [ 753.979981291532795, 760.099999900270859 ], [ 758.242724535706088, 752.182182004239053 ], [ 768.900437190958769, 753.84004841693536 ], [ 769.049981287987634, 751.199999898184956 ], [ 783.17202812699702, 753.985278870066281 ] ] ] } },
{ "type": "Feature", "properties": { "feature_type": "building", "subtype": "no-damage", "uid": "7119ec83-8ca9-4545-9fce-0b1617ccf08b" }, "geometry": { "type": "Polygon", "coordinates": [ [ [ 720.789981299598026, 747.589999897792609 ], [ 720.783636137047552, 747.699079415704546 ], [ 723.259981297039076, 747.809999900632874 ], [ 732.17088267095005, 748.573040049002202 ], [ 732.189981293610458, 748.199999898531928 ], [ 747.505509120292231, 748.86089998147304 ], [ 746.331846472562347, 760.362793944128498 ], [ 753.861365097422322, 760.598091403162925 ], [ 752.687434538361231, 781.490513640330846 ], [ 727.759146317418526, 780.722494100624317 ], [ 728.128542401638811, 763.982019790496679 ], [ 725.85914631724836, 762.142494100654631 ], [ 725.744362660166416, 759.801956546854626 ], [ 721.024887236352129, 759.464851159739851 ], [ 721.13765327099668, 756.87123232179863 ], [ 713.010361336807819, 756.292494098527641 ], [ 713.769146316260162, 746.990830622500312 ], [ 720.789981299598026, 747.589999897792609 ] ] ] } },
{ "type": "Feature", "properties": { "feature_type": "building", "subtype": "no-damage", "uid": "42ae0113-cfa7-44fa-bd63-5231b59a6482" }, "geometry": { "type": "Polygon", "coordinates": [ [ [ 793.28098661259969, 738.388022724228563 ], [ 792.169981287874634, 751.479999898401843 ], [ 771.160230661163041, 748.713425040763127 ], [ 772.4599812904288, 738.609999900450703 ], [ 772.82914630784262, 737.132494100244799 ], [ 793.28098661259969, 738.388022724228563 ] ] ] } },
{ "type": "Feature", "properties": { "feature_type": "building", "subtype": "no-damage", "uid": "174a1924-cab7-4dbd-8475-130a8d57bb37" }, "geometry": { "type": "Polygon", "coordinates": [ [ [ 868.205740416529238, 707.194072620691941 ], [ 868.266801521076104, 713.056377067574886 ], [ 877.088002874201379, 714.149154010252687 ], [ 875.667105919417395, 741.701792285070042 ], [ 850.711943729604741, 741.292728909435596 ], [ 852.499981279606573, 706.319999898141532 ], [ 855.33199284068246, 704.905038974014701 ], [ 868.205740416529238, 707.194072620691941 ] ] ] } },
{ "type": "Feature", "properties": { "feature_type": "building", "subtype": "no-damage", "uid": "0fbe1de3-137c-4506-8a7b-61ef925ab42b" }, "geometry": { "type": "Polygon", "coordinates": [ [ [ 881.069981274036763, 743.009999897449916 ], [ 880.157972567255001, 760.604352470272033 ], [ 877.529861074542168, 760.604352470272033 ], [ 875.459981274497068, 760.309999898564456 ], [ 856.949981277379948, 757.659999897313469 ], [ 847.049981278054815, 756.249999899158524 ], [ 847.386763033944703, 746.650993680810757 ], [ 847.889981279873609, 742.469999898633773 ], [ 881.069981274036763, 743.009999897449916 ] ] ] } },
{ "type": "Feature", "properties": { "feature_type": "building", "subtype": "no-damage", "uid": "757ddbe1-d3e7-458e-99f8-cf3a174ac5eb" }, "geometry": { "type": "Polygon", "coordinates": [ [ [ 875.40998127255591, 760.809999897883699 ], [ 876.559981274214351, 761.079999897291714 ], [ 873.155773158573766, 778.74641458236124 ], [ 864.449981277916436, 777.919999898584024 ], [ 855.243776907984852, 776.13067589643947 ], [ 857.379981273607996, 758.229999898555775 ], [ 875.40998127255591, 760.809999897883699 ] ] ] } },
{ "type": "Feature", "properties": { "feature_type": "building", "subtype": "no-damage", "uid": "72765644-d771-4553-9493-da37fb373838" }, "geometry": { "type": "Polygon", "coordinates": [ [ [ 824.335449878209602, 730.967311615022709 ], [ 820.799826971931225, 760.136200620955378 ], [ 807.997419484047327, 758.681381585347935 ], [ 806.234352027735667, 755.449091256253496 ], [ 804.189981285771523, 754.019999898232754 ], [ 805.899981283892203, 727.729999898967662 ], [ 824.335449878209602, 730.967311615022709 ] ] ] } },
{ "type": "Feature", "properties": { "feature_type": "building", "subtype": "no-damage", "uid": "7802b016-582c-468a-9fdd-e51c2be86b7d" }, "geometry": { "type": "Polygon", "coordinates": [ [ [ 778.209140983726911, 695.055768475138962 ], [ 772.279981287786313, 733.569999900285893 ], [ 769.690024837549572, 743.94618251337522 ], [ 767.813863768583474, 743.94618251337522 ], [ 767.642925221105202, 746.3254868494015 ], [ 752.648800705129815, 745.63345033293831 ], [ 731.779981295962784, 741.999999898002898 ], [ 732.694844815968736, 727.202229406922925 ], [ 730.785154069442115, 718.926902829609844 ], [ 735.241099146929173, 705.559067589910001 ], [ 748.608934387333534, 706.195631173642823 ], [ 749.563779758260694, 698.556868180062565 ], [ 763.568178578192828, 699.511713553792902 ], [ 763.886460370760119, 694.100923101408625 ], [ 778.209140983726911, 695.055768475138962 ] ] ] } },
{ "type": "Feature", "properties": { "feature_type": "building", "subtype": "no-damage", "uid": "20415fde-20d1-404d-8900-30c83d010b20" }, "geometry": { "type": "Polygon", "coordinates": [ [ [ 726.199981298381999, 904.973740917373675 ], [ 725.669981294300328, 914.139999899404074 ], [ 712.769981297423783, 913.319999900371045 ], [ 713.734364140027083, 904.125673379937211 ], [ 726.199981298381999, 904.973740917373675 ] ] ] } },
{ "type": "Feature", "properties": { "feature_type": "building", "subtype": "no-damage", "uid": "b31f79cf-c645-43aa-928a-b69209493062" }, "geometry": { "type": "Polygon", "coordinates": [ [ [ 703.065538784975843, 880.085358126351252 ], [ 709.209430946982366, 880.721449221008243 ], [ 723.968413562243995, 882.065561850311042 ], [ 724.028443985421518, 883.765002659171159 ], [ 741.824845909443184, 884.598228210702246 ], [ 740.356035313085158, 896.481159658584602 ], [ 735.789360180122685, 897.060138724045146 ], [ 734.699981294286545, 905.669999898452147 ], [ 726.199981298381999, 904.973740917373675 ], [ 713.734364140027083, 904.125673379937211 ], [ 712.769981297423783, 913.319999900371045 ], [ 695.689155217480788, 912.232392400251683 ], [ 697.349981299997012, 879.919999898003312 ], [ 703.065538784975843, 880.085358126351252 ] ] ] } },
{ "type": "Feature", "properties": { "feature_type": "building", "subtype": "no-damage", "uid": "97f99722-1441-442d-94f0-3da9bff5ecd3" }, "geometry": { "type": "Polygon", "coordinates": [ [ [ 719.391224278318191, 850.959999899607624 ], [ 716.519981300962741, 880.389999898634187 ], [ 709.253964518157659, 880.222340882032881 ], [ 703.10998130045391, 879.25999990069613 ], [ 704.589981301466878, 852.729999900711277 ], [ 708.042198774640724, 852.869070569635483 ], [ 712.419981298320749, 850.239999897448115 ], [ 719.391224278318191, 850.959999899607624 ] ] ] } },
{ "type": "Feature", "properties": { "feature_type": "building", "subtype": "no-damage", "uid": "87cd4592-cf75-4703-8dd6-32a98fb01d5b" }, "geometry": { "type": "Polygon", "coordinates": [ [ [ 705.165675471890268, 819.212864666712335 ], [ 747.881711176748581, 822.075989791029428 ], [ 737.965596220913653, 851.595879868604243 ], [ 711.619981296466221, 850.139999900574594 ], [ 707.913375890981911, 852.363269111382351 ], [ 703.356483987494357, 852.173398615228621 ], [ 702.67998130305773, 856.049999900078205 ], [ 698.695722404443245, 855.733623145186243 ], [ 698.1263865666931, 851.552947942891592 ], [ 696.352662806943385, 849.810575798911486 ], [ 698.121224277127453, 818.039999898679525 ], [ 705.165675471890268, 819.212864666712335 ] ] ] } },
{ "type": "Feature", "properties": { "feature_type": "building", "subtype": "no-damage", "uid": "86503f58-936e-4182-a822-fa7d88299ec4" }, "geometry": { "type": "Polygon", "coordinates": [ [ [ 691.991783575371187, 848.821200008925189 ], [ 697.225917612866738, 853.940742280086624 ], [ 698.92672690504105, 858.287254916862025 ], [ 702.483263996634264, 858.109428062737948 ], [ 699.778811672407528, 878.122375265608184 ], [ 660.966689999139248, 877.630229016009821 ], [ 661.781406322659222, 870.043448290913261 ], [ 658.290056755331307, 870.043448290913261 ], [ 658.290056756032186, 853.085464682854536 ], [ 661.532024208604639, 853.085464682854536 ], [ 661.703026557611224, 846.731200008107749 ], [ 691.991783575371187, 848.821200008925189 ] ] ] } },
{ "type": "Feature", "properties": { "feature_type": "building", "subtype": "no-damage", "uid": "87c405c9-4fc7-4e23-92f7-4f74d907052f" }, "geometry": { "type": "Polygon", "coordinates": [ [ [ 736.729981298195185, 852.769999900208177 ], [ 736.227196470647641, 860.859677350769743 ], [ 745.703716720384705, 862.106587912164741 ], [ 744.706188275847467, 873.079400835246247 ], [ 736.476578581197941, 873.32878294603006 ], [ 735.709981297939066, 881.70999990072437 ], [ 723.760667311311863, 881.131189950349153 ], [ 716.842134227237125, 881.131189950349153 ], [ 719.769981297005643, 851.009999899913396 ], [ 736.729981298195185, 852.769999900208177 ] ] ] } },
{ "type": "Feature", "properties": { "feature_type": "building", "subtype": "no-damage", "uid": "3a7f5310-6173-439a-b83d-6ef3e929c3bf" }, "geometry": { "type": "Polygon", "coordinates": [ [ [ 670.203814635168214, 799.8837218924441 ], [ 671.701495296572261, 813.662383995019013 ], [ 697.509981301722974, 817.959999899685613 ], [ 695.159300875554777, 846.990950563544743 ], [ 657.614903371160949, 844.496132718463173 ], [ 659.59998130980307, 798.469999897142316 ], [ 670.203814635168214, 799.8837218924441 ] ] ] } },
{ "type": "Feature", "properties": { "feature_type": "building", "subtype": "no-damage", "uid": "75155615-b279-4186-a9d2-ba5cb4761216" }, "geometry": { "type": "Polygon", "coordinates": [ [ [ 669.632972643872677, 782.329316479766021 ], [ 669.639981305031483, 781.999999899607474 ], [ 708.659981298178309, 786.799999899052409 ], [ 706.379981299515975, 807.269999898616675 ], [ 693.859981303234235, 815.92999989998259 ], [ 672.155842735027022, 813.215286314091941 ], [ 670.658520802592079, 799.439924518032399 ], [ 659.629981309893083, 797.969999897823072 ], [ 660.721082487496801, 781.692752896033198 ], [ 669.632972643872677, 782.329316479766021 ] ] ] } },
{ "type": "Feature", "properties": { "feature_type": "building", "subtype": "no-damage", "uid": "f456db41-7237-4c6f-842e-fbf38692915f" }, "geometry": { "type": "Polygon", "coordinates": [ [ [ 724.658163544108675, 761.739936110592112 ], [ 726.874107843072352, 763.533795774617715 ], [ 726.50998129728714, 780.019999900210223 ], [ 719.767977089992655, 779.810490990923086 ], [ 719.019830755071098, 786.793190122773581 ], [ 708.795164167375447, 785.546279565116492 ], [ 669.649981308410133, 781.49999990028823 ], [ 669.951254432935684, 768.961481240066178 ], [ 678.863144592115077, 768.961481240066178 ], [ 679.679981302362535, 757.709999897619127 ], [ 724.658163544108675, 761.739936110592112 ] ] ] } },
{ "type": "Feature", "properties": { "feature_type": "building", "subtype": "no-damage", "uid": "b3f8e5f2-508a-484a-a136-d7ee72805e66" }, "geometry": { "type": "Polygon", "coordinates": [ [ [ 712.869981296633568, 729.179999900357416 ], [ 710.524812012693019, 757.551161068335887 ], [ 669.489981306216919, 753.909999900550474 ], [ 669.939981305697756, 743.069999898564447 ], [ 673.300612348375807, 743.339599016387183 ], [ 674.239981307927337, 737.74999989818275 ], [ 691.317780418756115, 738.318233698448694 ], [ 690.867245934791413, 732.461285403637703 ], [ 691.519981300887594, 729.789999897358825 ], [ 691.459119726013455, 731.934314570309994 ], [ 694.811779831650938, 732.437213587125029 ], [ 695.489981302828141, 727.239999900457178 ], [ 712.869981296633568, 729.179999900357416 ] ] ] } },
{ "type": "Feature", "properties": { "feature_type": "building", "subtype": "no-damage", "uid": "a3a4cde4-f080-4f30-983d-53de87d20fb6" }, "geometry": { "type": "Polygon", "coordinates": [ [ [ 691.609981302559277, 726.799999898514443 ], [ 691.589981301175499, 727.399999898445117 ], [ 690.362590202226215, 732.419963272771952 ], [ 690.776444193778389, 737.80006515523894 ], [ 674.329981307730009, 737.25999989967238 ], [ 674.583539730929715, 735.748746147457723 ], [ 671.969018071909204, 731.350436983588793 ], [ 674.609806485746049, 728.044234510754677 ], [ 674.869981303275608, 724.929999900537382 ], [ 691.609981302559277, 726.799999898514443 ] ] ] } },
{ "type": "Feature", "properties": { "feature_type": "building", "subtype": "no-damage", "uid": "a5141423-5f1b-403d-b265-9a3abcfaf112" }, "geometry": { "type": "Polygon", "coordinates": [ [ [ 694.2227667929875, 716.915159379578881 ], [ 694.044504025882247, 724.851331512298088 ], [ 677.909981306631721, 724.079999899078189 ], [ 677.190056608773489, 719.115445396868267 ], [ 679.229981302414444, 714.749999899596332 ], [ 694.2227667929875, 716.915159379578881 ] ] ] } },
{ "type": "Feature", "properties": { "feature_type": "building", "subtype": "no-damage", "uid": "b957821f-afcf-4e25-9b78-95059eceff60" }, "geometry": { "type": "Polygon", "coordinates": [ [ [ 678.699981302070682, 714.689999898481915 ], [ 676.673702033991731, 719.0395662506495 ], [ 677.12998130686185, 722.169999897866205 ], [ 668.739981307471567, 721.849999898152419 ], [ 668.81998130599834, 713.559999900543858 ], [ 678.699981302070682, 714.689999898481915 ] ] ] } },
{ "type": "Feature", "properties": { "feature_type": "building", "subtype": "no-damage", "uid": "51fbc2b6-5824-472e-a7da-d57070cfb9b0" }, "geometry": { "type": "Polygon", "coordinates": [ [ [ 697.769981300322343, 685.259999899455352 ], [ 698.229364375654427, 694.703505994771604 ], [ 714.609981296946785, 695.219999897556022 ], [ 713.059981296346905, 725.429999899856625 ], [ 697.338475287917731, 724.620619870665109 ], [ 696.349995439838153, 716.620548004936722 ], [ 690.609981304387929, 716.039999899260351 ], [ 680.23998130209543, 714.409999898265141 ], [ 676.152791013046567, 683.243627806579525 ], [ 697.769981300322343, 685.259999899455352 ] ] ] } },
{ "type": "Feature", "properties": { "feature_type": "building", "subtype": "no-damage", "uid": "a013327b-9a06-44a6-aec6-c6cf07840a67" }, "geometry": { "type": "Polygon", "coordinates": [ [ [ 672.409981305241558, 1015.06999989826204 ], [ 672.739981308100369, 1019.209999900400021 ], [ 672.681681382143552, 1022.957616216613019 ], [ 656.295972467230513, 1022.957615951219964 ], [ 657.411538051272942, 1012.618865037067053 ], [ 672.409981305241558, 1015.06999989826204 ] ] ] } },
{ "type": "Feature", "properties": { "feature_type": "building", "subtype": "no-damage", "uid": "97d2d3be-7bb5-4a03-8cbb-c2a36c22f7c4" }, "geometry": { "type": "Polygon", "coordinates": [ [ [ 682.935387194592181, 1019.415780831855045 ], [ 683.072858354513414, 1022.957616549289014 ], [ 673.181905156739617, 1022.957616227826975 ], [ 673.263519133789373, 1017.803802821798968 ], [ 682.935387194592181, 1019.415780831855045 ] ] ] } },
{ "type": "Feature", "properties": { "feature_type": "building", "subtype": "no-damage", "uid": "0f47550e-a521-4430-a49f-dc2804922252" }, "geometry": { "type": "Polygon", "coordinates": [ [ [ 658.427936781987, 980.144430730932868 ], [ 673.98998130336156, 982.569999897658818 ], [ 673.545179219873717, 994.633677159008016 ], [ 682.801485860760977, 997.342840078519316 ], [ 682.461620507079147, 1006.972358346862961 ], [ 686.84998130260999, 1007.509999899883042 ], [ 686.459981304710936, 1016.229999898626033 ], [ 681.995464419861037, 1017.256254383499027 ], [ 658.257527360906238, 1010.615329669922971 ], [ 659.425465229327756, 991.616007879319795 ], [ 652.692148209193647, 990.416347548731778 ], [ 654.188440877635003, 979.895048620149055 ], [ 658.427936781987, 980.144430730932868 ] ] ] } },
{ "type": "Feature", "properties": { "feature_type": "building", "subtype": "no-damage", "uid": "192761e0-9282-4bd9-a82b-4c8467a1e0dd" }, "geometry": { "type": "Polygon", "coordinates": [ [ [ 692.139981302903152, 950.259999897470152 ], [ 691.588814454324165, 950.442265406762658 ], [ 690.63973386554585, 958.794174559788075 ], [ 692.114552839927228, 960.637698270346732 ], [ 690.469981304746739, 984.009999898239926 ], [ 680.460156697638013, 983.070420503610535 ], [ 658.559981309798445, 977.899999897513567 ], [ 658.926701001218589, 971.150727044007681 ], [ 656.896086125409397, 968.331350590190027 ], [ 655.571637671975168, 964.120184935648354 ], [ 657.338302407824131, 960.106127703310904 ], [ 659.674847340111683, 958.407586718429798 ], [ 660.649981309214695, 946.899999898606211 ], [ 692.139981302903152, 950.259999897470152 ] ] ] } },
{ "type": "Feature", "properties": { "feature_type": "building", "subtype": "no-damage", "uid": "995e072a-7336-4522-b288-f644ca89959d" }, "geometry": { "type": "Polygon", "coordinates": [ [ [ 733.049981293776, 954.359999900111006 ], [ 731.040814397416966, 988.378581928441122 ], [ 694.04998130481647, 984.319999897145067 ], [ 696.314767475952181, 961.505940030496049 ], [ 691.86998130349491, 959.5299998995755 ], [ 691.160003370404866, 958.644120904649526 ], [ 692.049594574712955, 950.815718310478132 ], [ 695.069981301568305, 949.809999898456681 ], [ 733.049981293776, 954.359999900111006 ] ] ] } },
{ "type": "Feature", "properties": { "feature_type": "building", "subtype": "no-damage", "uid": "20112bbf-452d-4ac2-8fea-ae9f9ffadc8e" }, "geometry": { "type": "Polygon", "coordinates": [ [ [ 721.272228964921169, 923.534691336300966 ], [ 720.657222600888986, 927.668869870375261 ], [ 734.532163964744882, 929.275021414757248 ], [ 733.189981293650817, 952.039999899382451 ], [ 721.828393785611183, 950.630753232062602 ], [ 721.709981296439196, 952.499999899204681 ], [ 711.679981298048006, 951.299999899343447 ], [ 712.010983624717483, 949.634722969238283 ], [ 699.289981298963312, 948.07999990058795 ], [ 702.817952690752691, 920.292723881159532 ], [ 721.272228964921169, 923.534691336300966 ] ] ] } },
{ "type": "Feature", "properties": { "feature_type": "building", "subtype": "no-damage", "uid": "46a17acb-7775-482a-b0d4-0912593ef908" }, "geometry": { "type": "Polygon", "coordinates": [ [ [ 688.407577198028207, 1022.957616773564951 ], [ 688.981447395458645, 1007.430511997052008 ], [ 695.717802677455211, 1008.349105896508945 ], [ 696.942594546590612, 1003.603037405392001 ], [ 718.835749207706272, 1006.511918093857958 ], [ 718.259855309032787, 1022.957618642529042 ], [ 688.407577198028207, 1022.957616773564951 ] ] ] } },
{ "type": "Feature", "properties": { "feature_type": "building", "subtype": "no-damage", "uid": "247637be-40fe-4005-99ef-73e763167e93" }, "geometry": { "type": "Polygon", "coordinates": [ [ [ 752.252319655103975, 995.451948041050173 ], [ 789.149174718559493, 997.289135847439297 ], [ 787.311986915206944, 1020.713280348997955 ], [ 749.955834901322078, 1018.263696612130047 ], [ 746.740756245747093, 1005.709579947597035 ], [ 752.252319655103975, 995.451948041050173 ] ] ] } },
{ "type": "Feature", "properties": { "feature_type": "building", "subtype": "no-damage", "uid": "e992dad3-5635-4695-b42f-2eae209220e5" }, "geometry": { "type": "Polygon", "coordinates": [ [ [ 1023.999981247985033, 774.238705971305876 ], [ 1023.999981251256031, 816.115599013254837 ], [ 1021.256778022820981, 813.291300788263129 ], [ 1018.264192680564975, 810.797479672948953 ], [ 1019.261721126970997, 789.101235937569982 ], [ 1013.027168329572987, 787.355561154607358 ], [ 1014.274078886296024, 773.639545001690067 ], [ 1023.999981247985033, 774.238705971305876 ] ] ] } },
{ "type": "Feature", "properties": { "feature_type": "building", "subtype": "no-damage", "uid": "f4b49d42-ac53-46b2-a947-444d8d05e171" }, "geometry": { "type": "Polygon", "coordinates": [ [ [ 1012.029639879895967, 835.236926634426027 ], [ 1013.027168330040013, 876.634357207699622 ], [ 1008.538290313503012, 876.634357207699622 ], [ 1009.286436651461031, 879.128178326751708 ], [ 998.31362372884405, 880.12570677362487 ], [ 993.076599384627116, 879.128178326751708 ], [ 996.318566833929026, 835.236926634426027 ], [ 1012.029639879895967, 835.236926634426027 ] ] ] } },
{ "type": "Feature", "properties": { "feature_type": "building", "subtype": "no-damage", "uid": "4e42feb0-2b9b-4a0e-a1dd-ceff8d953d8b" }, "geometry": { "type": "Polygon", "coordinates": [ [ [ 1023.999981251723057, 886.075277617351162 ], [ 1023.999981250789006, 924.633757189915059 ], [ 998.313623730012182, 927.009543806570377 ], [ 997.565477395090738, 914.041673989742435 ], [ 990.333396151519878, 912.545381317563624 ], [ 989.834631926214115, 894.839251377153346 ], [ 1002.054355409993036, 895.088633487937273 ], [ 1002.303737519608944, 896.584926160116083 ], [ 1010.782729321771967, 897.333072496205432 ], [ 1011.530875657860975, 886.36025957312404 ], [ 1023.999981251723057, 886.075277617351162 ] ] ] } },
{ "type": "Feature", "properties": { "feature_type": "building", "subtype": "no-damage", "uid": "54130c0d-fb7d-4b43-b88a-3d76593f7212" }, "geometry": { "type": "Polygon", "coordinates": [ [ [ 1023.999981249153052, 934.171138185871882 ], [ 1023.999981248451945, 951.641759545325158 ], [ 987.34081081160025, 951.947754997090783 ], [ 986.343282361689603, 935.73791772512152 ], [ 1023.999981249153052, 934.171138185871882 ] ] ] } },
{ "type": "Feature", "properties": { "feature_type": "building", "subtype": "no-damage", "uid": "8a4452d2-97be-4a7f-9e75-d693daa6eee1" }, "geometry": { "type": "Polygon", "coordinates": [ [ [ 925.849981265070596, 974.679999898758069 ], [ 922.681300898482846, 984.34451176125458 ], [ 922.929981263943432, 985.679999898732149 ], [ 909.839981269222562, 985.429999897203516 ], [ 908.518158278382316, 980.631892115508322 ], [ 911.257715628606434, 974.201601435082011 ], [ 925.849981265070596, 974.679999898758069 ] ] ] } },
{ "type": "Feature", "properties": { "feature_type": "building", "subtype": "no-damage", "uid": "fedd0a07-e8e1-4790-9022-ffc16e4f9e1d" }, "geometry": { "type": "Polygon", "coordinates": [ [ [ 949.857715619792543, 975.461601436057663 ], [ 949.986015492304432, 984.178052010322176 ], [ 953.667715617203726, 984.07160143711792 ], [ 954.109981261997291, 997.219999897522371 ], [ 925.719668683394389, 997.896643547174108 ], [ 923.196305100212953, 984.378624333207085 ], [ 926.36998126647461, 974.689999899566828 ], [ 949.857715619792543, 975.461601436057663 ] ] ] } },
{ "type": "Feature", "properties": { "feature_type": "building", "subtype": "no-damage", "uid": "7e33e88c-79f1-4e3c-83fb-1a92cbb30739" }, "geometry": { "type": "Polygon", "coordinates": [ [ [ 910.215754546533731, 986.483316817753803 ], [ 911.838914821568096, 991.172446510218606 ], [ 912.201701861627043, 1000.242122518699034 ], [ 910.739689579658261, 1002.252389416070969 ], [ 909.969981267120602, 1013.129999898361007 ], [ 876.114815126565759, 1011.764307144267946 ], [ 877.004215140519022, 983.949124642548554 ], [ 907.459981269247919, 983.819999897825824 ], [ 910.215754546533731, 986.483316817753803 ] ] ] } },
{ "type": "Feature", "properties": { "feature_type": "building", "subtype": "no-damage", "uid": "c70b9c4f-cab6-447f-badc-0fc78e9ba285" }, "geometry": { "type": "Polygon", "coordinates": [ [ [ 954.18352836901397, 948.247808064262244 ], [ 954.559981260076484, 974.579999898146639 ], [ 931.779981264791445, 973.829999897298876 ], [ 931.879981267739026, 962.459999897305352 ], [ 936.508967039510253, 962.658552198937628 ], [ 935.872403458113467, 953.981183682453093 ], [ 941.433955411026204, 953.693054189290365 ], [ 941.919757490961501, 947.766309351725909 ], [ 954.18352836901397, 948.247808064262244 ] ] ] } },
{ "type": "Feature", "properties": { "feature_type": "building", "subtype": "no-damage", "uid": "c30e975e-2ed3-425a-b4aa-2b56c047e28b" }, "geometry": { "type": "Polygon", "coordinates": [ [ [ 931.368424522842815, 973.648250917352243 ], [ 917.228424523570652, 973.186886413007301 ], [ 916.89272101114932, 962.578218025424917 ], [ 930.979756134763761, 962.766919305114584 ], [ 931.368424522842815, 973.648250917352243 ] ] ] } },
{ "type": "Feature", "properties": { "feature_type": "building", "subtype": "no-damage", "uid": "0c5f4510-6d52-4451-89d0-a0f3e4f4430f" }, "geometry": { "type": "Polygon", "coordinates": [ [ [ 905.278894922965719, 964.739919705025386 ], [ 916.349981269826571, 965.27999989735315 ], [ 916.639981266413429, 972.989999900386351 ], [ 905.003659724300746, 972.591364406201365 ], [ 905.278894922965719, 964.739919705025386 ] ] ] } },
{ "type": "Feature", "properties": { "feature_type": "building", "subtype": "no-damage", "uid": "8c3ec27b-7f60-42c5-b910-8f947180ef1d" }, "geometry": { "type": "Polygon", "coordinates": [ [ [ 983.552550433805777, 968.839430416603136 ], [ 987.269656997448578, 968.79742726512336 ], [ 987.914224259669595, 982.066971914845226 ], [ 962.23998125811579, 981.949999899848763 ], [ 958.939944301366836, 977.157774338764057 ], [ 958.689981258603211, 964.199999899720751 ], [ 971.534958836311603, 964.623559629991973 ], [ 971.629351428793598, 957.890242608925178 ], [ 983.438730215334772, 957.784925240984876 ], [ 983.552550433805777, 968.839430416603136 ] ] ] } },
{ "type": "Feature", "properties": { "feature_type": "building", "subtype": "no-damage", "uid": "6f930dd5-2a91-4457-ae7f-1bd80299bf09" }, "geometry": { "type": "Polygon", "coordinates": [ [ [ 878.444313020385607, 928.170206279948957 ], [ 930.779894795491714, 934.56599440663615 ], [ 929.574202916163927, 948.435522650521648 ], [ 905.635633275650889, 947.615547852600571 ], [ 901.179688198631084, 951.753211141257111 ], [ 877.127640048894477, 950.299170177831456 ], [ 878.444313020385607, 928.170206279948957 ] ] ] } },
{ "type": "Feature", "properties": { "feature_type": "building", "subtype": "no-damage", "uid": "75dd3ea1-1f91-4d1b-97a7-1cd408696c1d" }, "geometry": { "type": "Polygon", "coordinates": [ [ [ 898.63343387047405, 957.482283387376697 ], [ 898.315152076271261, 968.934339878582364 ], [ 901.832305458811788, 968.738942470582856 ], [ 901.636908046139752, 974.600864774114484 ], [ 874.672065456475025, 974.210069950639536 ], [ 875.453655098752847, 955.256521172833914 ], [ 898.63343387047405, 957.482283387376697 ] ] ] } },
{ "type": "Feature", "properties": { "feature_type": "building", "subtype": "no-damage", "uid": "6274a3e2-3a22-4b4e-837c-ad3f17742f10" }, "geometry": { "type": "Polygon", "coordinates": [ [ [ 960.6060827818701, 1022.957673317204012 ], [ 962.938809406253654, 1008.36451038827704 ], [ 974.78871816533001, 1008.70314588134795 ], [ 974.270422721794034, 1022.957678494234983 ], [ 960.6060827818701, 1022.957673317204012 ] ] ] } },
{ "type": "Feature", "properties": { "feature_type": "building", "subtype": "no-damage", "uid": "efd0ca89-132a-45c2-b31f-a6081090d2b9" }, "geometry": { "type": "Polygon", "coordinates": [ [ [ 985.479981255325697, 1017.579999899404015 ], [ 985.58784248969107, 1022.95768294984498 ], [ 974.887232336679745, 1022.957678733461989 ], [ 975.699981257528634, 1017.299999899188037 ], [ 985.479981255325697, 1017.579999899404015 ] ] ] } },
{ "type": "Feature", "properties": { "feature_type": "building", "subtype": "no-damage", "uid": "0fd9568d-28b9-4188-a2e9-55135f6d1849" }, "geometry": { "type": "Polygon", "coordinates": [ [ [ 997.89241201695063, 1014.942259618597973 ], [ 1008.678830579735973, 1015.661354189886993 ], [ 1008.362306295358962, 1022.957692384375946 ], [ 986.088475960140727, 1022.957683151694027 ], [ 985.979981256981318, 1017.349999899493014 ], [ 989.326045790417993, 1011.865610093200985 ], [ 991.058850022904039, 1011.918562114823999 ], [ 991.90779135969558, 1007.409665014547045 ], [ 997.283090573997811, 1008.046228594541958 ], [ 997.89241201695063, 1014.942259618597973 ] ] ] } },
{ "type": "Feature", "properties": { "feature_type": "building", "subtype": "no-damage", "uid": "e1c6e97c-c013-4801-a321-cf1a2417c829" }, "geometry": { "type": "Polygon", "coordinates": [ [ [ 1016.041733857029044, 1022.957695703655986 ], [ 1016.166140848567011, 1012.603085186288013 ], [ 998.259981257449112, 1011.269999897455023 ], [ 997.969981253386436, 1002.999999897725957 ], [ 998.973404664869463, 995.56984307760797 ], [ 1010.01436223043504, 995.314956938574824 ], [ 1011.924052976728035, 994.360111564844601 ], [ 1023.999981248919994, 992.951926970015052 ], [ 1024.05557567436199, 1022.957699243474963 ], [ 1016.041733857029044, 1022.957695703655986 ] ] ] } },
{ "type": "Feature", "properties": { "feature_type": "building", "subtype": "no-damage", "uid": "7cdbead0-d348-4064-abdd-09aef174860a" }, "geometry": { "type": "Polygon", "coordinates": [ [ [ 1008.990726334339001, 778.650869298795783 ], [ 1006.762753795012031, 812.070457394307368 ], [ 1002.306808720562003, 813.025302771775614 ], [ 1001.670245136362041, 818.117811434162491 ], [ 990.848664231122939, 815.253275309233686 ], [ 990.530382437854655, 812.388739188042791 ], [ 981.300210487743357, 802.522003653266665 ], [ 984.801310193836116, 796.474649617149566 ], [ 986.711000940129111, 789.472450203564222 ], [ 988.938973482260167, 775.468051383869465 ], [ 1008.990726334339001, 778.650869298795783 ] ] ] } },
{ "type": "Feature", "properties": { "feature_type": "building", "subtype": "no-damage", "uid": "53c0dc9b-4544-4d15-92e9-ba71c77e5592" }, "geometry": { "type": "Polygon", "coordinates": [ [ [ 961.92314949667184, 787.514598426760585 ], [ 982.265021539691475, 791.227149219869489 ], [ 977.184688877968711, 819.559773686316021 ], [ 959.208127148800031, 815.456428073470079 ], [ 960.185114202581758, 807.445134259515726 ], [ 958.0357426898222, 806.468147208304117 ], [ 961.92314949667184, 787.514598426760585 ] ] ] } },
{ "type": "Feature", "properties": { "feature_type": "building", "subtype": "no-damage", "uid": "2e993c42-b94c-4598-ad50-4fa77f614c21" }, "geometry": { "type": "Polygon", "coordinates": [ [ [ 943.795472805448753, 782.762858750983355 ], [ 940.930936685191568, 805.360865941726502 ], [ 925.016847118031933, 804.087738774260856 ], [ 924.698565326632661, 799.313511905609403 ], [ 902.100558135182609, 795.812412200685685 ], [ 905.919939632207274, 776.715504714866256 ], [ 943.795472805448753, 782.762858750983355 ] ] ] } },
{ "type": "Feature", "properties": { "feature_type": "building", "subtype": "no-damage", "uid": "045d7b19-1d3d-41f3-99c9-094715ea4b58" }, "geometry": { "type": "Polygon", "coordinates": [ [ [ 918.524992201146688, 807.341402363723432 ], [ 954.86891047478241, 812.812529847518022 ], [ 959.363050905964883, 818.479054743050028 ], [ 958.190666443949908, 834.110847551221809 ], [ 952.881757395164641, 836.237615806099825 ], [ 913.733097057027067, 830.190261766244816 ], [ 918.524992201146688, 807.341402363723432 ] ] ] } },
{ "type": "Feature", "properties": { "feature_type": "building", "subtype": "no-damage", "uid": "39da09d6-c9dc-4eee-a517-4ee873140fac" }, "geometry": { "type": "Polygon", "coordinates": [ [ [ 906.730897650214843, 828.917134602517081 ], [ 905.45777048181435, 841.330124468486588 ], [ 891.135089870249317, 839.42043371728812 ], [ 892.089935244447133, 824.77947131386054 ], [ 906.730897650214843, 828.917134602517081 ] ] ] } },
{ "type": "Feature", "properties": { "feature_type": "building", "subtype": "no-damage", "uid": "8ae4498e-2e53-4ef9-9a32-80f403945167" }, "geometry": { "type": "Polygon", "coordinates": [ [ [ 983.164460010725975, 538.697064680376002 ], [ 988.650866475772432, 554.40813772703973 ], [ 975.433614547923526, 555.405666173913005 ], [ 975.932378772294783, 561.390836858890339 ], [ 947.752200130129495, 565.131568539337309 ], [ 945.008996903329944, 541.939032131779527 ], [ 983.164460010725975, 538.697064680376002 ] ] ] } },
{ "type": "Feature", "properties": { "feature_type": "building", "subtype": "no-damage", "uid": "03516122-87ac-4278-b8ff-10b647614d31" }, "geometry": { "type": "Polygon", "coordinates": [ [ [ 940.769500999912452, 591.316690287514916 ], [ 953.7373708158093, 589.321633390030456 ], [ 953.986752928462238, 597.052478857970527 ], [ 940.769501000146079, 598.299389419365525 ], [ 940.769500999912452, 591.316690287514916 ] ] ] } },
{ "type": "Feature", "properties": { "feature_type": "building", "subtype": "no-damage", "uid": "e36a0852-49a7-4062-9539-7fcd2ed1086c" }, "geometry": { "type": "Polygon", "coordinates": [ [ [ 1002.366882626124038, 512.013178706892859 ], [ 1003.863175298302963, 532.462511880876946 ], [ 975.932378773229289, 533.210658216966294 ], [ 974.436086101750902, 515.00576405125048 ], [ 1002.366882626124038, 512.013178706892859 ] ] ] } },
{ "type": "Feature", "properties": { "feature_type": "building", "subtype": "no-damage", "uid": "6aea5f0c-dc70-4250-9899-13d69a86da3b" }, "geometry": { "type": "Polygon", "coordinates": [ [ [ 986.869981254900608, 444.489999898576514 ], [ 984.731459264460909, 462.539407121195609 ], [ 988.769981255538028, 462.959999900863977 ], [ 991.7499812540417, 463.99999989899942 ], [ 991.674743896544328, 464.551931080537486 ], [ 995.429981257292866, 477.089999899790826 ], [ 951.113451027833548, 479.408342065819227 ], [ 948.885478487571504, 453.627516963887672 ], [ 950.379981258907719, 442.839999899701809 ], [ 986.869981254900608, 444.489999898576514 ] ] ] } },
{ "type": "Feature", "properties": { "feature_type": "building", "subtype": "no-damage", "uid": "77a3e50e-e1a8-46bf-a4df-300673ceab63" }, "geometry": { "type": "Polygon", "coordinates": [ [ [ 1023.999981249387019, 475.588960570897996 ], [ 995.949981256360616, 477.059999897364605 ], [ 992.184419777647804, 464.510799595223716 ], [ 993.729981252972266, 452.739999900426028 ], [ 994.916476590171783, 448.535008301500909 ], [ 1023.999981247985033, 446.146506494111918 ], [ 1023.999981249387019, 475.588960570897996 ] ] ] } },
{ "type": "Feature", "properties": { "feature_type": "building", "subtype": "no-damage", "uid": "1ba1d115-9596-434c-a5e5-09ec6f206f96" }, "geometry": { "type": "Polygon", "coordinates": [ [ [ 977.599981255596276, 425.619999897581181 ], [ 975.839981256001693, 443.489999899938084 ], [ 950.449981259662763, 442.339999900382622 ], [ 950.476887447838521, 442.169372471648387 ], [ 952.979981261021862, 421.459999897563875 ], [ 977.599981255596276, 425.619999897581181 ] ] ] } },
{ "type": "Feature", "properties": { "feature_type": "building", "subtype": "no-damage", "uid": "f2564aa7-23e5-4f28-99d9-e1768b864920" }, "geometry": { "type": "Polygon", "coordinates": [ [ [ 992.589981253757969, 409.489999897639677 ], [ 991.639981256826673, 427.47999989848762 ], [ 971.259981257994127, 424.039999900629709 ], [ 971.52964266348431, 420.295641835500987 ], [ 953.489981259514593, 417.289999900475721 ], [ 955.251114316958365, 402.70243033628168 ], [ 992.589981253757969, 409.489999897639677 ] ] ] } },
{ "type": "Feature", "properties": { "feature_type": "building", "subtype": "no-damage", "uid": "b3270a27-f1fa-4b51-b02c-ba5bc3c39a27" }, "geometry": { "type": "Polygon", "coordinates": [ [ [ 1023.999981249854045, 423.072464985828901 ], [ 1002.279981251985987, 423.679999897680887 ], [ 1001.359981254676995, 409.609999899868626 ], [ 1019.862317963532973, 409.386347956131601 ], [ 1023.999981247518008, 407.794938998668499 ], [ 1023.999981249854045, 423.072464985828901 ] ] ] } },
{ "type": "Feature", "properties": { "feature_type": "building", "subtype": "no-damage", "uid": "288bbbee-6ccc-422a-b4ad-161022efa35f" }, "geometry": { "type": "Polygon", "coordinates": [ [ [ 1023.789981249690982, 362.099999900191506 ], [ 1023.73192271399796, 369.362229133567325 ], [ 1014.048843927630969, 368.575771825691788 ], [ 1014.849981250909991, 360.95999989770678 ], [ 1023.789981249690982, 362.099999900191506 ] ] ] } },
{ "type": "Feature", "properties": { "feature_type": "building", "subtype": "no-damage", "uid": "332ab883-3b1d-4ecc-a50b-0feb5bbf313a" }, "geometry": { "type": "Polygon", "coordinates": [ [ [ 1023.999981250320957, 336.228508568825077 ], [ 1023.789981248757044, 361.599999900872319 ], [ 1012.478636300557014, 360.148797725705379 ], [ 1012.449981254223985, 360.349999900705427 ], [ 976.676863184415993, 352.733301725326896 ], [ 979.520383460326798, 329.578922346720219 ], [ 1023.999981250320957, 336.228508568825077 ] ] ] } },
{ "type": "Feature", "properties": { "feature_type": "building", "subtype": "no-damage", "uid": "77be9a53-ba4d-4ec1-91a9-9af1608c0d3a" }, "geometry": { "type": "Polygon", "coordinates": [ [ [ 1014.882294137525037, 373.169427987860786 ], [ 1015.200575933830009, 401.814789214720975 ], [ 1004.63998125221201, 400.199999897654891 ], [ 1003.929672021872989, 396.317849834079595 ], [ 988.20998125837491, 393.939999899749296 ], [ 987.98991025826092, 391.640953419955792 ], [ 980.742550271498885, 391.083464189629979 ], [ 977.979981257592726, 386.179999900148175 ], [ 982.039981258868693, 368.209999897180012 ], [ 1014.882294137525037, 373.169427987860786 ] ] ] } },
{ "type": "Feature", "properties": { "feature_type": "building", "subtype": "no-damage", "uid": "3e5aecab-d5bc-457e-89d0-f4d3a0cbdf6f" }, "geometry": { "type": "Polygon", "coordinates": [ [ [ 977.629981259891338, 386.579999898855988 ], [ 980.438159512308061, 391.561526624775013 ], [ 987.53243948176339, 392.107240469225985 ], [ 987.889981258193757, 395.809999897726414 ], [ 987.789981255246175, 397.619999898327023 ], [ 961.092671397123809, 393.539462637408008 ], [ 962.849981260490608, 385.079999897160519 ], [ 977.629981259891338, 386.579999898855988 ] ] ] } },
{ "type": "Feature", "properties": { "feature_type": "building", "subtype": "no-damage", "uid": "8b4ccc6e-973d-429f-8c5b-56e4ac05fb5a" }, "geometry": { "type": "Polygon", "coordinates": [ [ [ 1015.537014089081026, 298.536043231549797 ], [ 1016.210794333412991, 300.33279055350738 ], [ 1023.999981252189968, 301.549999900028695 ], [ 1023.999981247750952, 330.011424722575327 ], [ 980.507860671544336, 323.199186737722982 ], [ 982.735833209703742, 298.691488795781424 ], [ 1008.834940105144028, 303.147433878173217 ], [ 1010.669981254881009, 297.939999899636177 ], [ 1015.537014089081026, 298.536043231549797 ] ] ] } },
{ "type": "Feature", "properties": { "feature_type": "building", "subtype": "no-damage", "uid": "2694479e-adee-48a1-9172-9353431b95fd" }, "geometry": { "type": "Polygon", "coordinates": [ [ [ 1023.999981247518008, 289.029033152634213 ], [ 1023.999981250789006, 301.049999900709508 ], [ 1016.579583866829012, 299.892228684887812 ], [ 1015.898822135141017, 298.076864069545877 ], [ 1007.699981251111012, 297.069999900297489 ], [ 980.395375834463039, 291.05272580220111 ], [ 982.305066582157679, 283.732244602356275 ], [ 981.849981255417447, 283.599999898677879 ], [ 1023.999981247518008, 289.029033152634213 ] ] ] } },
{ "type": "Feature", "properties": { "feature_type": "building", "subtype": "no-damage", "uid": "278b7c7c-175b-4ca2-ac11-dfbbcb3a1613" }, "geometry": { "type": "Polygon", "coordinates": [ [ [ 990.580393156202263, 265.271900700269725 ], [ 990.619981257738687, 264.79999989960578 ], [ 1022.302909101145019, 267.769367869243524 ], [ 1023.999981252656994, 267.629999900462224 ], [ 1023.999981248451945, 288.653075171675482 ], [ 979.119981257274276, 282.749999897218686 ], [ 978.485685084432134, 273.228945483847326 ], [ 984.85132091241735, 263.68049174280651 ], [ 990.580393156202263, 265.271900700269725 ] ] ] } },
{ "type": "Feature", "properties": { "feature_type": "building", "subtype": "no-damage", "uid": "61d647d1-4818-4056-83c0-12e77c54208a" }, "geometry": { "type": "Polygon", "coordinates": [ [ [ 1023.999981250320957, 248.510022411480008 ], [ 1023.999981250789006, 267.119999900334278 ], [ 1022.32627567900704, 267.269367869924281 ], [ 990.649981255726061, 264.299999900286593 ], [ 992.139981256613282, 244.389999897418107 ], [ 1013.589734551811944, 248.267222489478712 ], [ 1023.999981250320957, 248.510022411480008 ] ] ] } },
{ "type": "Feature", "properties": { "feature_type": "building", "subtype": "no-damage", "uid": "c609b8fd-35e4-4001-bd18-844ba5a21e09" }, "geometry": { "type": "Polygon", "coordinates": [ [ [ 1023.999981250320957, 228.511528483624005 ], [ 1023.999981247750952, 248.221515428686502 ], [ 1013.639394216092001, 247.768092504161103 ], [ 992.179981252372386, 243.889999898098893 ], [ 994.399774651124517, 225.486676771167595 ], [ 1023.999981250320957, 228.511528483624005 ] ] ] } },
{ "type": "Feature", "properties": { "feature_type": "building", "subtype": "no-damage", "uid": "f167946c-53d5-4681-a846-d5ebdcfd7add" }, "geometry": { "type": "Polygon", "coordinates": [ [ [ 598.254854345704643, 765.478676032261546 ], [ 609.839585907655646, 764.523234257135641 ], [ 614.355173612287103, 765.235788074575339 ], [ 614.449163108928587, 771.251115766177008 ], [ 608.621814409907302, 771.909042230051227 ], [ 607.963887939491428, 774.91670607772096 ], [ 598.094990950536271, 773.600853146234499 ], [ 598.254854345704643, 765.478676032261546 ] ] ] } },
{ "type": "Feature", "properties": { "feature_type": "building", "subtype": "no-damage", "uid": "e8e33aa7-e90c-4f42-b968-95f877061c9e" }, "geometry": { "type": "Polygon", "coordinates": [ [ [ 580.906151744113799, 665.436073509328708 ], [ 577.228808167519446, 693.567751886236124 ], [ 564.174238462561107, 692.83228317096416 ], [ 556.267949771516555, 688.787205235099464 ], [ 558.465081919833437, 667.917160385426996 ], [ 562.302950852514414, 668.142917380807376 ], [ 563.770371330196667, 662.273235482228301 ], [ 571.107473699450907, 664.192169950437233 ], [ 580.906151744113799, 665.436073509328708 ] ] ] } },
{ "type": "Feature", "properties": { "feature_type": "building", "subtype": "no-damage", "uid": "e9047ae2-3178-4398-b79b-5b560c4c7e65" }, "geometry": { "type": "Polygon", "coordinates": [ [ [ 489.589542820256725, 782.111288379828807 ], [ 490.045720432459973, 772.147557394863838 ], [ 499.055212195945614, 772.147557394863838 ], [ 497.919475683005885, 786.386792760880894 ], [ 492.052274232226011, 786.166327924241727 ], [ 491.567762374368215, 782.205607409883783 ], [ 489.589542820256725, 782.111288379828807 ] ] ] } },
{ "type": "Feature", "properties": { "feature_type": "building", "subtype": "no-damage", "uid": "8f8b7ed6-ceee-4324-b3fa-fe86ba43d7d3" }, "geometry": { "type": "Polygon", "coordinates": [ [ [ 817.15041102005091, 652.136672176823708 ], [ 826.689459965544074, 652.371338467992473 ], [ 826.505592789295861, 663.954970738198199 ], [ 834.044147125741461, 663.954970738198199 ], [ 834.044147122470804, 673.883798399976399 ], [ 826.505592789529487, 674.435399937364878 ], [ 826.505592792332891, 678.848212232734568 ], [ 815.473562054840272, 678.66434505111306 ], [ 814.921960521423216, 681.422352738055338 ], [ 805.91246875233071, 681.422352738055338 ], [ 804.993132857539649, 676.090204549530199 ], [ 807.199539008028523, 657.519619478634127 ], [ 813.083288728804064, 657.887353834401097 ], [ 813.267155911360078, 661.013095877110345 ], [ 815.473562056242031, 661.19696305499383 ], [ 817.15041102005091, 652.136672176823708 ] ] ] } },
{ "type": "Feature", "properties": { "feature_type": "building", "subtype": "no-damage", "uid": "59b5a6b7-d56a-49f7-92d3-b3013eb4bdf8" }, "geometry": { "type": "Polygon", "coordinates": [ [ [ 777.884136682655026, 635.613184680761606 ], [ 805.340092655729904, 637.959847584973772 ], [ 800.646766848939706, 676.210452922136028 ], [ 789.382784910213672, 675.975786630967264 ], [ 789.852117492084176, 671.751793404880686 ], [ 777.649470394523291, 668.701131627162113 ], [ 772.721478295863335, 663.773139531307038 ], [ 777.884136682655026, 635.613184680761606 ] ] ] } },
{ "type": "Feature", "properties": { "feature_type": "building", "subtype": "no-damage", "uid": "e648dde7-4569-46bb-926c-9ac130b84dd8" }, "geometry": { "type": "Polygon", "coordinates": [ [ [ 814.150446284245277, 722.488954077601534 ], [ 826.267172472075003, 723.904046188056327 ], [ 826.444058982844922, 726.999560177340072 ], [ 825.824956183118957, 728.237765773053638 ], [ 825.55962641357678, 730.006630909253204 ], [ 813.442900232989132, 728.59153879879841 ], [ 814.150446284245277, 722.488954077601534 ] ] ] } },
{ "type": "Feature", "properties": { "feature_type": "building", "subtype": "un-classified", "uid": "b5a8c2df-1ee1-4380-8764-7cad6f71d1b0" }, "geometry": { "type": "Polygon", "coordinates": [ [ [ 1.363775644078178, 560.233312529488103 ], [ 8.605726395048176, 559.481409568084928 ], [ 21.02236117788345, 563.432156998455071 ], [ 8.944361892323979, 604.40705178334224 ], [ 5.670885447159589, 602.826752811941788 ], [ 4.090586475057842, 607.229014233072576 ], [ 1.363762370695151, 606.499628188548627 ], [ 1.363775644078178, 560.233312529488103 ] ] ] } },
{ "type": "Feature", "properties": { "feature_type": "building", "subtype": "destroyed", "uid": "4c3ff5e8-c35d-420b-8e21-5fe70969beef" }, "geometry": { "type": "Polygon", "coordinates": [ [ [ 18.749253865317151, 539.717066538382142 ], [ 26.67281488430849, 542.022102472470237 ], [ 23.935584712344461, 550.665987222497392 ], [ 15.29169996441763, 548.360951288409183 ], [ 18.749253865317151, 539.717066538382142 ] ] ] } },
{ "type": "Feature", "properties": { "feature_type": "building", "subtype": "destroyed", "uid": "0b67e19d-b41b-4df0-b3c0-b9d14dec588f" }, "geometry": { "type": "Polygon", "coordinates": [ [ [ 21.338299452304842, 476.703626092200977 ], [ 31.422831654598362, 479.296791515714006 ], [ 30.12624894611222, 483.474669147884072 ], [ 20.329846228571181, 481.889956942964886 ], [ 21.338299452304842, 476.703626092200977 ] ] ] } },
{ "type": "Feature", "properties": { "feature_type": "building", "subtype": "no-damage", "uid": "8a04eee1-5a2a-4f9f-a589-38af601ef415" }, "geometry": { "type": "Polygon", "coordinates": [ [ [ 247.702388684704687, 515.82040438082106 ], [ 245.402864007083906, 522.718978414616117 ], [ 232.490148506889511, 519.888794193706417 ], [ 234.878116440712802, 512.724890391537315 ], [ 247.702388684704687, 515.82040438082106 ] ] ] } },
{ "type": "Feature", "properties": { "feature_type": "building", "subtype": "un-classified", "uid": "0c727060-fcb7-4dc8-ac44-35565e5a3885" }, "geometry": { "type": "Polygon", "coordinates": [ [ [ 243.122346290414612, 524.060136454644521 ], [ 250.226980318872791, 524.783362673844636 ], [ 249.461211384098107, 533.121735547876824 ], [ 241.675893853415886, 532.015624862107188 ], [ 243.122346290414612, 524.060136454644521 ] ] ] } },
{ "type": "Feature", "properties": { "feature_type": "building", "subtype": "no-damage", "uid": "b4b31b93-1daa-4c5c-811f-3ea93b158f5e" }, "geometry": { "type": "Polygon", "coordinates": [ [ [ 585.960065553320192, 12.9110408721476 ], [ 585.395673065570008, 21.82844221583737 ], [ 582.573710612100967, 23.97313367942666 ], [ 576.704028717024585, 23.634498186356119 ], [ 576.704028716557445, 12.9110408721476 ], [ 585.960065553320192, 12.9110408721476 ] ] ] } },
{ "type": "Feature", "properties": { "feature_type": "building", "subtype": "no-damage", "uid": "b6d22413-fc6c-41c2-9288-20c1df3ed4a4" }, "geometry": { "type": "Polygon", "coordinates": [ [ [ 1023.999981250789006, 17.490879038888899 ], [ 1019.433768067112055, 16.953585472031989 ], [ 1018.756497077934, 7.358913138463204 ], [ 1012.548179687918037, 6.004371162443108 ], [ 1014.918628148056996, -0.000000100924061 ], [ 1023.999981250789006, -0.000000100924061 ], [ 1023.999981250789006, 17.490879038888899 ] ] ] } },
{ "type": "Feature", "properties": { "feature_type": "building", "subtype": "no-damage", "uid": "8fb924f5-844d-4906-9fcd-52498ce6c587" }, "geometry": { "type": "Polygon", "coordinates": [ [ [ 311.214029156597178, 268.651425613815093 ], [ 322.40439122205828, 229.87888078812631 ], [ 366.709653796606517, 240.188910445089391 ], [ 359.464768093801581, 279.131224116095098 ], [ 311.214029156597178, 268.651425613815093 ] ] ] } },
{ "type": "Feature", "properties": { "feature_type": "building", "subtype": "no-damage", "uid": "53027c64-4941-452e-8924-aacf7cda7ecf" }, "geometry": { "type": "Polygon", "coordinates": [ [ [ 239.166389546640204, 1015.236438713057964 ], [ 241.419981371813492, 1017.579999899404015 ], [ 240.231762432235314, 1022.957716912660999 ], [ 229.33675843556, 1022.957722340133046 ], [ 231.289182851825586, 1012.366540332021032 ], [ 235.216389545616295, 1012.366540332021032 ], [ 239.166389546640204, 1015.236438713057964 ] ] ] } },
{ "type": "Feature", "properties": { "feature_type": "building", "subtype": "no-damage", "uid": "df3c7cf4-5ca6-415b-8cce-8816ee3c9479" }, "geometry": { "type": "Polygon", "coordinates": [ [ [ 248.981822637879588, 995.210041139998566 ], [ 245.496908741192897, 1017.593911178567964 ], [ 241.899981371384314, 1017.349999899493014 ], [ 239.49619414206029, 1014.858047946387956 ], [ 236.516553693935407, 1012.366540332021032 ], [ 238.661116097143889, 992.395302995308157 ], [ 248.981822637879588, 995.210041139998566 ] ] ] } },
{ "type": "Feature", "properties": { "feature_type": "building", "subtype": "no-damage", "uid": "4931123f-08e4-44bd-9cf2-afc05eeeadcb" }, "geometry": { "type": "Polygon", "coordinates": [ [ [ 62.474808253663269, 743.38776864670308 ], [ 65.554006883959175, 734.834439120857155 ], [ 86.081997749172046, 740.821769790070675 ], [ 83.002799118408916, 748.690832954147936 ], [ 62.474808253663269, 743.38776864670308 ] ] ] } },
{ "type": "Feature", "properties": { "feature_type": "building", "subtype": "no-damage", "uid": "dc83a923-15ff-4260-84ba-64d597a9ebd9" }, "geometry": { "type": "Polygon", "coordinates": [ [ [ 155.320375935953592, 410.981664779221319 ], [ 190.489334404756988, 422.234787647787698 ], [ 184.942144066317809, 440.46939776329009 ], [ 186.550565866154386, 441.139573511313984 ], [ 181.457230167528508, 457.08975635240779 ], [ 177.570210819364092, 456.151510302931683 ], [ 169.394066675762787, 473.442044643811187 ], [ 139.102122800411706, 461.915021748645586 ], [ 155.320375935953592, 410.981664779221319 ] ] ] } },
{ "type": "Feature", "properties": { "feature_type": "building", "subtype": "no-damage", "uid": "ba0c2e8f-0331-42ed-b226-afbec66d2fcf" }, "geometry": { "type": "Polygon", "coordinates": [ [ [ 732.215270262245667, 450.302037251494426 ], [ 746.834960426556563, 448.90968580656272 ], [ 747.067019000711866, 453.08674014135778 ], [ 772.825520718405187, 454.943208734599978 ], [ 773.753755015026627, 467.242313161092113 ], [ 771.433169275342152, 467.242313161092113 ], [ 771.201110700252343, 471.187308917994017 ], [ 761.686709162219358, 470.72319176968341 ], [ 760.758474870737587, 475.364363252789019 ], [ 758.20583055175814, 476.292597549410175 ], [ 757.973771979938988, 479.309359013428775 ], [ 726.645864482984621, 476.524656123565478 ], [ 732.215270262245667, 450.302037251494426 ] ] ] } },
{ "type": "Feature", "properties": { "feature_type": "building", "subtype": "no-damage", "uid": "504dc3d3-9693-4fbd-9ac0-906d4f1d7f35" }, "geometry": { "type": "Polygon", "coordinates": [ [ [ 311.079383803577286, 884.986684728338446 ], [ 311.079383803811027, 919.563412266261821 ], [ 283.696472067964692, 913.994006490273023 ], [ 286.94529210707401, 880.113454674815443 ], [ 311.079383803577286, 884.986684728338446 ] ] ] } }
]
}
