{
"type": "FeatureCollection",
"name": "palu-tsunami_00000013_post_disaster",
"features": [
{ "type": "Feature", "properties": { "feature_type": "building", "subtype": "no-damage", "uid": "90b42de7-2464-4aff-8409-7425bdb6dbb1" }, "geometry": { "type": "Polygon", "coordinates": [ [ [ 1011.443329412954995, 962.770844142340138 ], [ 1019.376012117401956, 997.203086748608257 ], [ 992.2943832278944, 1003.804300267933968 ], [ 985.064679051507028, 968.241971625254223 ], [ 1011.443329412954995, 962.770844142340138 ] ] ] } },
{ "type": "Feature", "properties": { "feature_type": "building", "subtype": "no-damage", "uid": "ac9f6095-9ed2-481a-b7a2-3ddfd6aa3a71" }, "geometry": { "type": "Polygon", "coordinates": [ [ [ 977.098622882884115, 932.020601315081308 ], [ 989.513743773495776, 926.613983370772303 ], [ 1002.730995705941041, 926.115219148140682 ], [ 1010.461841167945977, 955.292926235636287 ], [ 985.024865760933267, 962.275625371168871 ], [ 977.098622882884115, 932.020601315081308 ] ] ] } },
{ "type": "Feature", "properties": { "feature_type": "building", "subtype": "no-damage", "uid": "7e99bbf7-d6b6-48e3-8749-66e8811d677c" }, "geometry": { "type": "Polygon", "coordinates": [ [ [ 1023.999981560982974, 864.138046964098066 ], [ 1023.999981560283004, 889.808857755968688 ], [ 1015.222597233241004, 891.883003672450741 ], [ 1004.906290096848011, 876.048671781753683 ], [ 1005.626032456450957, 865.612407582001424 ], [ 1021.877936919468993, 859.734511654436574 ], [ 1023.999981560982974, 864.138046964098066 ] ] ] } },
{ "type": "Feature", "properties": { "feature_type": "building", "subtype": "no-damage", "uid": "a0d617db-9282-40be-b373-8967b2c5d6eb" }, "geometry": { "type": "Polygon", "coordinates": [ [ [ 933.079865180813727, 1022.958134110851006 ], [ 930.22187279487548, 1009.271984956777032 ], [ 971.112880385274821, 998.767264571834517 ], [ 974.327959041096733, 1012.852371069835044 ], [ 971.265979373235155, 1013.311668022970025 ], [ 973.103167173157772, 1021.579013142011945 ], [ 970.661176711342478, 1022.95814579549301 ], [ 933.079865180813727, 1022.958134110851006 ] ] ] } },
{ "type": "Feature", "properties": { "feature_type": "building", "subtype": "no-damage", "uid": "dce18cc8-baab-4686-be10-a6dc6ddf12a6" }, "geometry": { "type": "Polygon", "coordinates": [ [ [ 952.300524633249552, 974.076114587758184 ], [ 959.069981567788886, 972.559999912068974 ], [ 963.624915028401233, 973.627175030332978 ], [ 966.239981568658322, 973.039999908436243 ], [ 970.118129432555179, 989.541863876384468 ], [ 970.704321659897118, 992.082030206936565 ], [ 930.452455185164581, 1001.461105892999967 ], [ 927.369981576498731, 994.339999911698783 ], [ 927.998201028906124, 992.751338013311965 ], [ 922.993975348029949, 979.799224489472181 ], [ 920.939981575090428, 980.069999908807517 ], [ 918.15945127850398, 967.64595727004064 ], [ 949.238544958145781, 960.297206053529749 ], [ 952.300524633249552, 974.076114587758184 ] ] ] } },
{ "type": "Feature", "properties": { "feature_type": "building", "subtype": "no-damage", "uid": "ce8c586e-48b1-4d07-a0df-7943e92c3538" }, "geometry": { "type": "Polygon", "coordinates": [ [ [ 927.998201028906124, 992.751338013311965 ], [ 927.369981576498731, 994.339999911698783 ], [ 916.934659408462494, 995.203774334759601 ], [ 912.647887867288773, 989.692210923310881 ], [ 913.260283799038916, 982.802756656196721 ], [ 920.939981575090428, 980.069999908807517 ], [ 922.993975348029949, 979.799224489472181 ], [ 927.998201028906124, 992.751338013311965 ] ] ] } },
{ "type": "Feature", "properties": { "feature_type": "building", "subtype": "no-damage", "uid": "d957d86f-878a-4953-8b31-42cee7d14769" }, "geometry": { "type": "Polygon", "coordinates": [ [ [ 970.704321659663492, 969.806725453469994 ], [ 967.059981569305137, 972.339999908750201 ], [ 963.627422965867936, 973.11411074625903 ], [ 959.759981566771899, 972.19999991105567 ], [ 955.66870227492916, 954.938741627705213 ], [ 957.658989063746503, 951.876761952601669 ], [ 966.014783821303922, 949.876189623388314 ], [ 970.704321659663492, 969.806725453469994 ] ] ] } },
{ "type": "Feature", "properties": { "feature_type": "building", "subtype": "no-damage", "uid": "d9ada5ae-caab-4e95-88a9-0802da67d2da" }, "geometry": { "type": "Polygon", "coordinates": [ [ [ 888.866886693686524, 970.135627558153487 ], [ 905.671063957698152, 967.790858634768711 ], [ 913.096165539851086, 1011.755275912724983 ], [ 899.027552014493153, 1014.490839654181968 ], [ 894.533411585636941, 997.882059794534143 ], [ 887.108309999278845, 999.6406364852038 ], [ 883.200361801736108, 979.319305833312001 ], [ 884.958938491004119, 973.066588710515589 ], [ 888.866886693686524, 970.135627558153487 ] ] ] } },
{ "type": "Feature", "properties": { "feature_type": "building", "subtype": "no-damage", "uid": "6e9cec2d-9d7e-4a29-9e31-0d7a207b0b0a" }, "geometry": { "type": "Polygon", "coordinates": [ [ [ 832.748237875547716, 1022.958110367779 ], [ 832.453626186687757, 1021.695228296528967 ], [ 835.034442261447452, 1020.993633272235002 ], [ 834.576767783045057, 1016.499492840108019 ], [ 839.830204633854009, 1016.086404802236984 ], [ 833.179981589044132, 982.959999910608531 ], [ 834.759981588922869, 978.399999911478858 ], [ 834.792170397797122, 978.532099487848427 ], [ 864.187175259168839, 972.107507210607423 ], [ 876.039049830257341, 1022.958119282645043 ], [ 832.748237875547716, 1022.958110367779 ] ] ] } },
{ "type": "Feature", "properties": { "feature_type": "building", "subtype": "no-damage", "uid": "bc11a867-da80-43a8-8a8d-75439fcbb98b" }, "geometry": { "type": "Polygon", "coordinates": [ [ [ 834.539981588874753, 977.499999910814608 ], [ 832.959981588762275, 982.059999909944167 ], [ 792.934826214514601, 991.03753373717916 ], [ 787.072903911892809, 964.854280780563158 ], [ 829.083347079397754, 955.279807687332436 ], [ 834.539981588874753, 977.499999910814608 ] ] ] } },
{ "type": "Feature", "properties": { "feature_type": "building", "subtype": "no-damage", "uid": "bde23233-114e-4a1f-a762-c98fb6d84399" }, "geometry": { "type": "Polygon", "coordinates": [ [ [ 788.894876859458805, 1022.958103400354048 ], [ 784.507076084395067, 998.090409858744124 ], [ 808.328499357977194, 993.20305589519478 ], [ 808.892436324486312, 996.022740751102333 ], [ 812.652016135166491, 995.270824789526955 ], [ 818.473001324891811, 1022.958107874606981 ], [ 788.894876859458805, 1022.958103400354048 ] ] ] } },
{ "type": "Feature", "properties": { "feature_type": "building", "subtype": "no-damage", "uid": "2798b3d8-5bf8-4608-8d56-ceb2ee0c49c1" }, "geometry": { "type": "Polygon", "coordinates": [ [ [ 896.794791041529606, 906.0465050741185 ], [ 939.048337349108579, 898.719356334169561 ], [ 946.97458022715773, 940.993444042764509 ], [ 933.507946188535811, 943.487265159660637 ], [ 932.759799848514263, 938.749005033446338 ], [ 927.772157614254638, 939.542342175083718 ], [ 928.916972519020874, 944.779366523929752 ], [ 914.554905684845949, 946.479850502926297 ], [ 914.056141464784105, 941.741590376711997 ], [ 910.315409786636337, 942.240354603081528 ], [ 907.32282444430507, 924.53422465854112 ], [ 899.591978972955872, 925.78113521885814 ], [ 896.794791041529606, 906.0465050741185 ] ] ] } },
{ "type": "Feature", "properties": { "feature_type": "building", "subtype": "no-damage", "uid": "12a4c64f-98d8-490a-9f91-6b5598cbb7b8" }, "geometry": { "type": "Polygon", "coordinates": [ [ [ 865.137912285625021, 880.366891171892235 ], [ 901.677227970682907, 872.16019994752105 ], [ 906.562163223685388, 894.630902111892624 ], [ 869.241257896642651, 903.03299074716881 ], [ 864.94251487939232, 891.309146137720404 ], [ 865.137912285625021, 880.366891171892235 ] ] ] } },
{ "type": "Feature", "properties": { "feature_type": "building", "subtype": "no-damage", "uid": "fd2c4ec1-f56f-4ac2-8034-b11568781d1c" }, "geometry": { "type": "Polygon", "coordinates": [ [ [ 930.5108650714551, 866.749989073082929 ], [ 933.266646777413143, 882.67228337614597 ], [ 911.067294145760115, 886.80595593566693 ], [ 909.077007359045297, 876.395225044052495 ], [ 912.258944091201442, 875.935928094655878 ], [ 911.133577993091535, 870.656358148867071 ], [ 930.5108650714551, 866.749989073082929 ] ] ] } },
{ "type": "Feature", "properties": { "feature_type": "building", "subtype": "no-damage", "uid": "09ac8d48-39a8-4cd1-a64a-e72ca5e4b15a" }, "geometry": { "type": "Polygon", "coordinates": [ [ [ 981.233533542046757, 849.01864061795834 ], [ 977.520982747933203, 850.191025079650785 ], [ 979.865751672953479, 858.593113714926972 ], [ 958.176639150098822, 864.064241197841056 ], [ 957.199652103049289, 860.742485227406746 ], [ 952.119319437506419, 861.914869685361282 ], [ 948.628662487995371, 848.482269637756758 ], [ 979.108424824956842, 839.638680827649182 ], [ 981.233533542046757, 849.01864061795834 ] ] ] } },
{ "type": "Feature", "properties": { "feature_type": "building", "subtype": "no-damage", "uid": "19d0a31c-6600-48c8-ad3f-45ba780df7b6" }, "geometry": { "type": "Polygon", "coordinates": [ [ [ 978.519981564339105, 838.809999910114016 ], [ 951.563085761418506, 846.533909688785002 ], [ 950.165345338968677, 842.179731266184604 ], [ 946.061999725147643, 842.765923495161928 ], [ 943.131038575121579, 833.191450401931093 ], [ 946.061999729352806, 821.858400614292805 ], [ 972.245252675456754, 815.214888669686275 ], [ 978.519981564339105, 838.809999910114016 ] ] ] } },
{ "type": "Feature", "properties": { "feature_type": "building", "subtype": "no-damage", "uid": "6b654b02-47ce-4799-9b20-fdc2f1743240" }, "geometry": { "type": "Polygon", "coordinates": [ [ [ 1005.199981563874985, 803.659999911995328 ], [ 983.407461760612364, 808.709858130524594 ], [ 978.170437415036872, 787.761760731402774 ], [ 982.908697540784146, 786.514850171085754 ], [ 981.412404867749501, 779.225135430943283 ], [ 998.436087043243788, 775.130855962508122 ], [ 1005.199981563874985, 803.659999911995328 ] ] ] } },
{ "type": "Feature", "properties": { "feature_type": "building", "subtype": "no-damage", "uid": "f3dcd418-18c1-4747-9495-82ade97b3087" }, "geometry": { "type": "Polygon", "coordinates": [ [ [ 1012.217292497310041, 777.888674961760898 ], [ 1018.079214797828968, 776.716290503806363 ], [ 1021.987163002847979, 799.773184893417351 ], [ 1005.689981562813955, 803.549999910335941 ], [ 999.449981561213576, 777.219999909008948 ], [ 1000.68884529923298, 776.911687910973569 ], [ 999.125666018767902, 768.314201868530176 ], [ 1010.067920987400043, 766.164830356050402 ], [ 1012.217292497310041, 777.888674961760898 ] ] ] } },
{ "type": "Feature", "properties": { "feature_type": "building", "subtype": "no-damage", "uid": "30b09f1b-19b7-4be2-92f3-845cfb2d0fa7" }, "geometry": { "type": "Polygon", "coordinates": [ [ [ 861.743206451506012, 844.063663383071571 ], [ 854.836185662633511, 812.473684206709777 ], [ 881.96784768994155, 807.681863152060259 ], [ 883.498837530296782, 813.499624534757118 ], [ 890.082093822892261, 812.121733679091562 ], [ 889.622796874897404, 807.988061119570602 ], [ 892.604755720362391, 807.204875217838776 ], [ 892.225479598969173, 803.929780940664045 ], [ 907.39303482323794, 801.028527432808119 ], [ 917.118937185581103, 806.265551781654153 ], [ 923.602872092875373, 835.942023095519289 ], [ 872.728921276513915, 847.912364464844131 ], [ 861.743206451506012, 844.063663383071571 ] ] ] } },
{ "type": "Feature", "properties": { "feature_type": "building", "subtype": "no-damage", "uid": "c626c8e3-edea-47b4-a201-7668ce30755a" }, "geometry": { "type": "Polygon", "coordinates": [ [ [ 842.949981585810633, 894.149999908682389 ], [ 857.452534545356912, 956.011151061746318 ], [ 831.269281598552084, 962.459265595447846 ], [ 817.749981590103516, 905.639999911432142 ], [ 826.364670964869788, 892.392466242355908 ], [ 842.949981585810633, 894.149999908682389 ] ] ] } },
{ "type": "Feature", "properties": { "feature_type": "building", "subtype": "no-damage", "uid": "e86fd722-be80-4e7b-be1c-946abe504567" }, "geometry": { "type": "Polygon", "coordinates": [ [ [ 842.829981588821283, 893.629999911372011 ], [ 826.112499959280171, 891.86297082901558 ], [ 817.379981589321687, 905.299999909021494 ], [ 745.407921276827324, 921.786164290000784 ], [ 738.804598126472115, 897.081309525766187 ], [ 763.147336525324476, 891.263548146807238 ], [ 762.53494059007005, 888.35466745732765 ], [ 782.562762601872464, 883.805485552490495 ], [ 783.839749654360844, 887.036446706319907 ], [ 838.355627066758075, 874.531012456989174 ], [ 842.829981588821283, 893.629999911372011 ] ] ] } },
{ "type": "Feature", "properties": { "feature_type": "building", "subtype": "no-damage", "uid": "88705f3d-fab8-443c-be2f-cf30be874c2b" }, "geometry": { "type": "Polygon", "coordinates": [ [ [ 759.809981599374282, 888.649999911683153 ], [ 752.244362448959464, 890.416487938314276 ], [ 751.3587147831837, 888.201568471703581 ], [ 746.000250358293442, 888.201568471703581 ], [ 740.101180836303797, 860.400310046341474 ], [ 751.189981601224304, 858.099999909899338 ], [ 759.809981599374282, 888.649999911683153 ] ] ] } },
{ "type": "Feature", "properties": { "feature_type": "building", "subtype": "no-damage", "uid": "c444d2ae-349a-4bfe-80db-bec17e088dbe" }, "geometry": { "type": "Polygon", "coordinates": [ [ [ 781.519214565667539, 837.985101826169284 ], [ 784.121897285767773, 838.444398775565901 ], [ 785.959085090362805, 845.640051010190518 ], [ 799.125597683263209, 843.037368284483478 ], [ 807.369981593904299, 876.88999991097694 ], [ 807.439981593452444, 877.532809488066391 ], [ 760.299981600182491, 888.539999910023766 ], [ 751.680206551709489, 858.000778623869451 ], [ 751.690699039173523, 858.000778623869451 ], [ 750.535204780283266, 853.61570193065063 ], [ 767.127910100623126, 849.926822551597638 ], [ 764.984524328985003, 840.128487595004003 ], [ 780.906818631113993, 835.6886170679727 ], [ 781.519214565667539, 837.985101826169284 ] ] ] } },
{ "type": "Feature", "properties": { "feature_type": "building", "subtype": "no-damage", "uid": "9c4c0103-929e-40db-b892-d31e01d9397a" }, "geometry": { "type": "Polygon", "coordinates": [ [ [ 823.849981588869696, 841.09999990898018 ], [ 823.195938221455549, 843.336146508269849 ], [ 828.960730678405412, 869.135564581572226 ], [ 823.896218718422006, 871.990846126437191 ], [ 807.669981594203591, 875.99999991148286 ], [ 800.759981593157477, 847.079999909822391 ], [ 817.077016715625291, 841.489924497851575 ], [ 821.296918999715217, 842.553802543655365 ], [ 820.697133700669497, 840.154661349341154 ], [ 823.456146073850505, 839.434918988804156 ], [ 823.849981588869696, 841.09999990898018 ] ] ] } },
{ "type": "Feature", "properties": { "feature_type": "building", "subtype": "no-damage", "uid": "e685352b-3065-47d2-a545-b07e4cc3e8b7" }, "geometry": { "type": "Polygon", "coordinates": [ [ [ 840.700395987339562, 866.519718643523106 ], [ 829.549981590818902, 869.309999909784324 ], [ 823.71206364592706, 843.352287917481476 ], [ 824.279981592234549, 841.389999909277321 ], [ 834.252281452002649, 838.968683818047452 ], [ 840.700395987339562, 866.519718643523106 ] ] ] } },
{ "type": "Feature", "properties": { "feature_type": "building", "subtype": "no-damage", "uid": "6ad772d4-0b96-487c-bc78-256f1a9ee510" }, "geometry": { "type": "Polygon", "coordinates": [ [ [ 683.495726647590004, 1022.958095120928988 ], [ 683.809981609829379, 1016.659999910979991 ], [ 728.999981605242056, 1006.449999908509994 ], [ 732.723239967768222, 1022.958097498226039 ], [ 683.495726647590004, 1022.958095120928988 ] ] ] } },
{ "type": "Feature", "properties": { "feature_type": "building", "subtype": "no-damage", "uid": "69e83e42-2f18-4f7b-8759-8d6ebce3b517" }, "geometry": { "type": "Polygon", "coordinates": [ [ [ 698.143787976337194, 983.871778250613943 ], [ 718.965249751623674, 979.278808737958457 ], [ 720.955536542076402, 988.005450810134903 ], [ 728.304287756952135, 986.474460972583074 ], [ 732.744158282114654, 1004.693240030105017 ], [ 668.669981612821289, 1019.569999911382979 ], [ 661.754626373646715, 1007.267521215767033 ], [ 663.390318685870056, 990.914331499614377 ], [ 682.221493674441717, 986.780658940093417 ], [ 680.537404853368344, 980.350501626113669 ], [ 696.76589712534394, 976.523027034103052 ], [ 698.143787976337194, 983.871778250613943 ] ] ] } },
{ "type": "Feature", "properties": { "feature_type": "building", "subtype": "no-damage", "uid": "7e044851-3f95-42c1-8088-e0da119d55d3" }, "geometry": { "type": "Polygon", "coordinates": [ [ [ 630.015860172670386, 954.963391433397646 ], [ 634.915027651434571, 958.331569076011647 ], [ 648.153630401444275, 1022.958095023744022 ], [ 615.345620044884868, 1022.958096137635039 ], [ 602.832834672467015, 962.67812062723317 ], [ 630.015860172670386, 954.963391433397646 ] ] ] } },
{ "type": "Feature", "properties": { "feature_type": "building", "subtype": "no-damage", "uid": "842873b0-a716-4d9a-b02f-2755eda30476" }, "geometry": { "type": "Polygon", "coordinates": [ [ [ 609.757006614831312, 924.775107142464321 ], [ 598.285429472576539, 900.834424400076728 ], [ 602.275543257601385, 875.148066878478403 ], [ 683.574111720374617, 854.948115813303957 ], [ 689.559282404803639, 873.402392091791853 ], [ 694.297542530317287, 871.906099423896876 ], [ 697.539509981861784, 884.873969238485074 ], [ 693.050631970467407, 892.604814707965033 ], [ 695.793835198679517, 903.078863405656989 ], [ 609.757006614831312, 924.775107142464321 ] ] ] } },
{ "type": "Feature", "properties": { "feature_type": "building", "subtype": "no-damage", "uid": "a9b65980-4df1-453e-b80e-f265c8bb23c4" }, "geometry": { "type": "Polygon", "coordinates": [ [ [ 418.239981654692997, 1003.99999990960896 ], [ 417.756185718761287, 1003.972226241504018 ], [ 381.998459678258087, 1014.914481207332983 ], [ 376.722729603912683, 998.69649616949539 ], [ 411.503468599702614, 987.75424120366722 ], [ 418.239981654692997, 1003.99999990960896 ] ] ] } },
{ "type": "Feature", "properties": { "feature_type": "building", "subtype": "no-damage", "uid": "f5ca08e2-3607-4373-a329-d5ddfbe3a9ee" }, "geometry": { "type": "Polygon", "coordinates": [ [ [ 432.75471295561772, 970.341925244583081 ], [ 438.113177379806984, 968.657836425145092 ], [ 442.859245875984186, 970.648123212093424 ], [ 448.983205221285573, 988.560704302104909 ], [ 446.992918432935483, 993.766069746043172 ], [ 418.799981650610505, 1004.039999910551956 ], [ 409.359981654850799, 980.73999990872062 ], [ 409.354097090727009, 980.719934440988482 ], [ 415.997609029493276, 977.984370699531382 ], [ 411.503468597833603, 964.697346810318322 ], [ 428.927238363373419, 957.634709598509858 ], [ 432.75471295561772, 970.341925244583081 ] ] ] } },
{ "type": "Feature", "properties": { "feature_type": "building", "subtype": "no-damage", "uid": "157654c5-ff1d-4b2f-9591-2333befbf81c" }, "geometry": { "type": "Polygon", "coordinates": [ [ [ 273.729981673739303, 1007.389999910118036 ], [ 270.896476251882802, 1010.009096316623982 ], [ 273.929981676820091, 1015.889999910576989 ], [ 266.849981677372114, 1019.029999911732034 ], [ 261.20346570589868, 1009.536588934131032 ], [ 271.754925851085204, 1004.286099975721982 ], [ 273.729981673739303, 1007.389999910118036 ] ] ] } },
{ "type": "Feature", "properties": { "feature_type": "building", "subtype": "no-damage", "uid": "414b312f-493f-496e-aeab-20727f09a7bf" }, "geometry": { "type": "Polygon", "coordinates": [ [ [ 328.458617162961616, 1008.59590639395401 ], [ 303.328778476112291, 1022.958164690522949 ], [ 302.373219214438109, 1022.95816506431197 ], [ 301.011469386485714, 1021.471038523097036 ], [ 298.204421816067793, 1022.958166694032002 ], [ 278.135616982590705, 1022.958174805251019 ], [ 271.515307090968577, 1010.118321928561954 ], [ 275.888598405700293, 1006.276386766409018 ], [ 274.575363283560876, 1003.408374273661025 ], [ 278.079981675392787, 1001.519999910934985 ], [ 279.468666644922621, 1004.867876284813974 ], [ 280.732431237422418, 1004.867876284813974 ], [ 286.543642102907427, 1015.009008971659 ], [ 297.937069949084275, 1008.218986317862004 ], [ 296.384403407499292, 1005.062169280283001 ], [ 307.445579730664576, 999.259658160368986 ], [ 307.784402680173116, 1000.313925337958949 ], [ 319.674907733985492, 993.416072134711385 ], [ 328.458617162961616, 1008.59590639395401 ] ] ] } },
{ "type": "Feature", "properties": { "feature_type": "building", "subtype": "no-damage", "uid": "abcf0842-c5ae-4113-90f9-2d4c00c67424" }, "geometry": { "type": "Polygon", "coordinates": [ [ [ 306.649981670202578, 999.139999909011976 ], [ 295.727659343877008, 1004.840856541487028 ], [ 297.19536533290659, 1007.959731764583012 ], [ 292.300375242730979, 1010.32283042946699 ], [ 290.102277901680679, 1006.29298530078097 ], [ 284.983830209504106, 1008.303804036559995 ], [ 273.592113650774309, 977.799975799158688 ], [ 293.494981525865796, 968.001640846302848 ], [ 306.649981670202578, 999.139999909011976 ] ] ] } },
{ "type": "Feature", "properties": { "feature_type": "building", "subtype": "no-damage", "uid": "be5dad4a-7d21-4bb1-b547-ad6032e859ac" }, "geometry": { "type": "Polygon", "coordinates": [ [ [ 332.889043010903094, 1019.149589374713969 ], [ 336.420102193746402, 1022.958152448935948 ], [ 313.707281117813977, 1022.958160724622985 ], [ 313.826618845171311, 1020.92163352321802 ], [ 329.659981666130875, 1011.869999911098944 ], [ 332.889043010903094, 1019.149589374713969 ] ] ] } },
{ "type": "Feature", "properties": { "feature_type": "building", "subtype": "no-damage", "uid": "4d8e8073-3b7b-4488-aa3f-65a9ab208ca5" }, "geometry": { "type": "Polygon", "coordinates": [ [ [ 259.429581149470778, 965.076597467808483 ], [ 267.057605059942375, 963.275922257910793 ], [ 269.313352946537407, 971.734976825633339 ], [ 261.79419333265281, 973.61476672957167 ], [ 259.429581149470778, 965.076597467808483 ] ] ] } },
{ "type": "Feature", "properties": { "feature_type": "building", "subtype": "no-damage", "uid": "03fd8ff8-9bfe-4ba4-9ce2-3967f0703195" }, "geometry": { "type": "Polygon", "coordinates": [ [ [ 378.879981661024374, 963.519999911958394 ], [ 376.943537494280804, 970.149605335050182 ], [ 381.869981659810321, 976.92999991139061 ], [ 337.747289063757421, 996.901931436605764 ], [ 327.564758617763005, 975.530148560396697 ], [ 331.242018800677783, 972.624095931728675 ], [ 339.001778132540096, 970.272653709881524 ], [ 342.039745307155783, 967.87931811911767 ], [ 347.129981663181979, 964.869999909216972 ], [ 347.842255901896692, 965.966888697464583 ], [ 355.869766804215828, 962.813223694768567 ], [ 357.200567569008285, 966.066292231758666 ], [ 359.525197729793319, 964.177530227493548 ], [ 361.500871615465314, 968.128878008182255 ], [ 372.754762267896922, 964.227529250280099 ], [ 370.479981661988177, 957.939999909334801 ], [ 376.332510784288672, 955.782696622115395 ], [ 378.879981661024374, 963.519999911958394 ] ] ] } },
{ "type": "Feature", "properties": { "feature_type": "building", "subtype": "no-damage", "uid": "6eafc5b0-f7b1-4f73-8daa-373ac75b9530" }, "geometry": { "type": "Polygon", "coordinates": [ [ [ 399.15998165705571, 969.099999910844076 ], [ 382.339981656642578, 976.719999909242119 ], [ 377.492255516612772, 970.054000699794415 ], [ 379.149981660382707, 964.359999909338967 ], [ 379.268209797196675, 964.702705152997396 ], [ 389.932235141767023, 960.645738991663848 ], [ 394.659436932540984, 956.992901241210689 ], [ 399.15998165705571, 969.099999910844076 ] ] ] } },
{ "type": "Feature", "properties": { "feature_type": "building", "subtype": "no-damage", "uid": "08ecfedb-46af-4b37-adf4-c484c83e054a" }, "geometry": { "type": "Polygon", "coordinates": [ [ [ 406.92058419995459, 956.310129464451506 ], [ 408.469981652786885, 964.879999910387255 ], [ 399.619981657156416, 968.889999908695586 ], [ 395.049981653585689, 956.60999991067888 ], [ 400.629981655975882, 950.74999990892843 ], [ 404.799981655954582, 950.449999911198915 ], [ 406.92058419995459, 956.310129464451506 ] ] ] } },
{ "type": "Feature", "properties": { "feature_type": "building", "subtype": "no-damage", "uid": "4f6e62c1-6901-48d1-96c4-5db2f37988fb" }, "geometry": { "type": "Polygon", "coordinates": [ [ [ 400.40998165756298, 950.259999911390878 ], [ 394.449981655790509, 956.51999991136006 ], [ 389.685166540909677, 960.204772056631555 ], [ 379.579548247784089, 964.049300753213856 ], [ 376.645565358450824, 955.134506600207942 ], [ 370.309981660081974, 957.469999910399906 ], [ 360.633089565193927, 930.692629588558248 ], [ 389.561414542542821, 921.964255673814932 ], [ 400.40998165756298, 950.259999911390878 ] ] ] } },
{ "type": "Feature", "properties": { "feature_type": "building", "subtype": "no-damage", "uid": "20cd26b2-3ffd-4c14-842c-e818c5004b70" }, "geometry": { "type": "Polygon", "coordinates": [ [ [ 413.679981655563324, 957.409999910854026 ], [ 415.596519305042818, 961.656257009363799 ], [ 408.939981655459576, 964.669999911976561 ], [ 407.479981657008921, 956.589999912076223 ], [ 411.27409592235631, 955.323447865324397 ], [ 413.679981655563324, 957.409999910854026 ] ] ] } },
{ "type": "Feature", "properties": { "feature_type": "building", "subtype": "no-damage", "uid": "1c70fff3-fba4-459f-9cc2-66a6af431b89" }, "geometry": { "type": "Polygon", "coordinates": [ [ [ 415.284029368481811, 946.401965058607288 ], [ 424.8585662312708, 943.640079426525745 ], [ 427.327378260067974, 951.272615438145635 ], [ 413.889981651170501, 956.929999910748961 ], [ 411.386263836680882, 954.759012285887366 ], [ 407.369981655115794, 956.099999910800761 ], [ 405.31998165747018, 950.419999911425975 ], [ 406.11548878489981, 948.954594121063337 ], [ 408.994458223777087, 949.194508241242261 ], [ 407.689981652849724, 945.699999908523409 ], [ 414.550732215730591, 943.468776430782555 ], [ 415.284029368481811, 946.401965058607288 ] ] ] } },
{ "type": "Feature", "properties": { "feature_type": "building", "subtype": "no-damage", "uid": "ba7cb0c4-07bf-4d8b-a8a2-6bbdfed57db5" }, "geometry": { "type": "Polygon", "coordinates": [ [ [ 436.551033657951791, 946.811400644201171 ], [ 437.559981650981172, 951.279999911147002 ], [ 428.959981650032205, 955.179999911533855 ], [ 426.689981648366995, 947.86999991203561 ], [ 432.789981652506413, 945.789999911580139 ], [ 436.551033657951791, 946.811400644201171 ] ] ] } },
{ "type": "Feature", "properties": { "feature_type": "building", "subtype": "no-damage", "uid": "fe9247d1-c7e8-4626-ab39-efd8d72fbf73" }, "geometry": { "type": "Polygon", "coordinates": [ [ [ 425.186399538631406, 933.497675416278298 ], [ 427.949092914320772, 932.847629917380345 ], [ 428.268340318432479, 934.071411622862684 ], [ 430.482844851306709, 933.805671080487741 ], [ 431.258410546082473, 936.597707581026498 ], [ 429.745303598923783, 937.487770492933919 ], [ 432.409981652656825, 945.389999909623612 ], [ 426.539981649268611, 947.389999911930545 ], [ 425.191054133256273, 943.02378256678071 ], [ 415.643404385541487, 945.777912299285845 ], [ 414.905764110633015, 942.827351203389526 ], [ 407.519981654214178, 945.229999909588628 ], [ 406.355402906947688, 942.117041712782338 ], [ 402.876648173229626, 941.997084654561831 ], [ 399.269981654743617, 931.499999910086331 ], [ 422.519981654695925, 924.329999912020526 ], [ 425.186399538631406, 933.497675416278298 ] ] ] } },
{ "type": "Feature", "properties": { "feature_type": "building", "subtype": "no-damage", "uid": "b1149e1c-4216-48c9-91e2-ee1dfb926e24" }, "geometry": { "type": "Polygon", "coordinates": [ [ [ 449.119981646971723, 946.039999910934057 ], [ 438.02998164664541, 951.069999908998511 ], [ 436.972554270622481, 946.408099252522447 ], [ 432.910975457752386, 945.300395939666714 ], [ 431.629981651784988, 941.499999910407155 ], [ 444.819981646029873, 935.939999910124129 ], [ 449.119981646971723, 946.039999910934057 ] ] ] } },
{ "type": "Feature", "properties": { "feature_type": "building", "subtype": "no-damage", "uid": "c120d02d-0a07-421b-81c4-a4433a8c6923" }, "geometry": { "type": "Polygon", "coordinates": [ [ [ 462.239981646107083, 940.089999909864787 ], [ 449.569981646369285, 945.829999908785567 ], [ 445.279981649634919, 935.739999909145808 ], [ 457.880436775915825, 930.425095513492806 ], [ 462.239981646107083, 940.089999909864787 ] ] ] } },
{ "type": "Feature", "properties": { "feature_type": "building", "subtype": "no-damage", "uid": "674a8ff9-e5bc-4d73-88cd-7e08b3e19104" }, "geometry": { "type": "Polygon", "coordinates": [ [ [ 542.384059150382996, 920.792450999855873 ], [ 512.879050226135178, 931.148513732968922 ], [ 518.936369938260327, 945.412524672969425 ], [ 506.821730513776401, 950.688254744978394 ], [ 499.592026341594078, 933.884077474426022 ], [ 496.909981640617616, 935.049999910630049 ], [ 493.799981642739908, 929.829999909019762 ], [ 511.23768445152001, 925.285222078697643 ], [ 509.583712971906607, 920.874631458296562 ], [ 539.829981632496015, 913.269999911000355 ], [ 542.384059150382996, 920.792450999855873 ] ] ] } },
{ "type": "Feature", "properties": { "feature_type": "building", "subtype": "no-damage", "uid": "9a95a6c0-1f09-4abb-9a0a-88549383468f" }, "geometry": { "type": "Polygon", "coordinates": [ [ [ 480.314864678546485, 904.145339564803862 ], [ 478.464862404570226, 913.765351395928064 ], [ 486.530322574723414, 926.144894912189784 ], [ 491.082741454471886, 924.688120872389732 ], [ 492.639981641084091, 928.789999910660981 ], [ 492.613882280320524, 928.809772514773499 ], [ 492.699981638761074, 928.959999911866248 ], [ 493.100769635888525, 930.008376979706327 ], [ 493.299981642163118, 929.959999909281805 ], [ 496.449981640750423, 935.24999991160837 ], [ 480.619981644525694, 942.139999910547317 ], [ 468.784197967879493, 919.569746823172068 ], [ 469.875111491654422, 905.024233181562295 ], [ 471.665291589389085, 904.05959632604845 ], [ 479.927292615053091, 901.842333105717557 ], [ 480.314864678546485, 904.145339564803862 ] ] ] } },
{ "type": "Feature", "properties": { "feature_type": "building", "subtype": "no-damage", "uid": "52f4a646-0a5f-4ba8-9802-67f77ef8227d" }, "geometry": { "type": "Polygon", "coordinates": [ [ [ 497.079981640421181, 886.049999910179395 ], [ 494.948607844655612, 888.107646963104571 ], [ 497.195396767735474, 894.848013717392291 ], [ 508.442412475897981, 891.854856308872399 ], [ 509.379981637508081, 891.079999911981645 ], [ 532.579477975100644, 884.646380090303182 ], [ 533.751862433522433, 890.312904984122383 ], [ 539.673200626256062, 888.245136089790208 ], [ 542.579456558251081, 891.873634301782772 ], [ 547.268994400582073, 902.815889267611055 ], [ 538.476110945598066, 909.264003801312469 ], [ 539.669981631760152, 912.789999910895176 ], [ 508.919039716192401, 920.526170070837679 ], [ 510.574677455704773, 924.941204036018007 ], [ 493.409093926673393, 929.411408079724993 ], [ 491.382044168826724, 924.067367813264582 ], [ 486.741104108297975, 925.552468631587203 ], [ 478.993986888942118, 913.661544530958736 ], [ 480.821328190889801, 904.159369754383079 ], [ 478.554745856970726, 886.75941116731974 ], [ 496.37284732853891, 882.237383330595662 ], [ 497.079981640421181, 886.049999910179395 ] ] ] } },
{ "type": "Feature", "properties": { "feature_type": "building", "subtype": "no-damage", "uid": "68395135-d8e2-48ac-85ab-af943d5537dd" }, "geometry": { "type": "Polygon", "coordinates": [ [ [ 508.319981635874285, 891.129999910357242 ], [ 508.2079956796602, 891.399838132468858 ], [ 497.521083694308004, 894.24393567732875 ], [ 495.522596288442685, 888.248473449220228 ], [ 497.212546748698173, 886.795751599045047 ], [ 505.847968713076114, 884.513046756317635 ], [ 508.319981635874285, 891.129999910357242 ] ] ] } },
{ "type": "Feature", "properties": { "feature_type": "building", "subtype": "no-damage", "uid": "b5fb5268-37f5-467a-8d89-4db8fe1c6094" }, "geometry": { "type": "Polygon", "coordinates": [ [ [ 548.992860419171052, 870.577766561207795 ], [ 550.192710646418391, 875.097121410930072 ], [ 507.838950393019104, 888.033823449349597 ], [ 504.609981640668593, 879.069999911921514 ], [ 545.084912215787881, 867.842202819750696 ], [ 548.992860419171052, 870.577766561207795 ] ] ] } },
{ "type": "Feature", "properties": { "feature_type": "building", "subtype": "no-damage", "uid": "ef37eb47-afcd-4a35-8f37-dc0b7b1eed35" }, "geometry": { "type": "Polygon", "coordinates": [ [ [ 470.022070970421225, 894.108162383830631 ], [ 471.214651873614798, 902.709999908687905 ], [ 469.125056023784111, 904.801852094223705 ], [ 468.009563401163575, 919.675087078694332 ], [ 471.699982146252694, 926.373890452400815 ], [ 466.704651876131379, 928.779999909490698 ], [ 463.534844925266725, 929.37766335788001 ], [ 460.250830316829706, 924.380249821930875 ], [ 455.234449896074977, 923.663624046135624 ], [ 453.73158630069122, 920.248024958114797 ], [ 454.448616863722691, 912.21728260431712 ], [ 454.014651874753781, 908.859999910735496 ], [ 454.252875651112788, 908.958763802476369 ], [ 453.181182768564383, 894.720558318851317 ], [ 463.591913652236087, 890.586885759330357 ], [ 470.022070970421225, 894.108162383830631 ] ] ] } },
{ "type": "Feature", "properties": { "feature_type": "building", "subtype": "no-damage", "uid": "2c5b7171-ab06-41a2-9a30-52cd68026fcb" }, "geometry": { "type": "Polygon", "coordinates": [ [ [ 460.222171522634312, 924.84332772849757 ], [ 463.565135221196613, 929.930446400375104 ], [ 466.289981643957105, 929.41999990963086 ], [ 469.891620010179111, 936.619641215883121 ], [ 462.699981645273397, 939.879999911454092 ], [ 458.135563727888609, 929.774821416504437 ], [ 458.089981646132685, 929.799999909246822 ], [ 455.799981645163996, 924.209999909190856 ], [ 460.222171522634312, 924.84332772849757 ] ] ] } },
{ "type": "Feature", "properties": { "feature_type": "building", "subtype": "no-damage", "uid": "b4bc487c-e7aa-406a-9afd-73ab37f70cc1" }, "geometry": { "type": "Polygon", "coordinates": [ [ [ 453.749981648452888, 908.639999911154518 ], [ 454.211075817734127, 912.227158660818986 ], [ 453.487458924306793, 920.331667839543911 ], [ 457.629981644863904, 929.989999909054859 ], [ 449.449981645408627, 933.439999909109474 ], [ 443.799238258138189, 924.626916820233532 ], [ 442.429981649010813, 911.00999991190713 ], [ 451.915522698052712, 907.887070918059067 ], [ 453.749981648452888, 908.639999911154518 ] ] ] } },
{ "type": "Feature", "properties": { "feature_type": "building", "subtype": "no-damage", "uid": "3d765771-94d0-4f2f-99a3-6cbacf38dbc5" }, "geometry": { "type": "Polygon", "coordinates": [ [ [ 443.313770780202788, 924.796086337213978 ], [ 448.979981647174611, 933.639999910087681 ], [ 431.469981648012208, 941.01999991030209 ], [ 430.348999605684412, 937.712745869754826 ], [ 431.842963390117006, 936.833943644387546 ], [ 430.849663948786315, 933.258065653728295 ], [ 428.642005643613572, 933.522984652909486 ], [ 428.309695191844185, 932.249127933352952 ], [ 425.534146841137215, 932.902198132200056 ], [ 422.999981649661379, 924.179999909417916 ], [ 423.177487951255785, 924.128315984477126 ], [ 424.071777598430685, 921.669019462630899 ], [ 425.703748430543499, 921.435880771261054 ], [ 426.049981653833584, 916.479999909133426 ], [ 429.563071088017807, 914.317228232038815 ], [ 439.82070299027049, 911.867644491955843 ], [ 441.939981648202604, 911.169999911942227 ], [ 443.313770780202788, 924.796086337213978 ] ] ] } },
{ "type": "Feature", "properties": { "feature_type": "building", "subtype": "no-damage", "uid": "a6811d70-330c-4fb7-8c03-fe808dace7b4" }, "geometry": { "type": "Polygon", "coordinates": [ [ [ 419.764736135161684, 907.121575997414197 ], [ 425.529981653486175, 916.679999910111746 ], [ 425.232948351841912, 920.998061654772755 ], [ 423.704321238732405, 921.216436954643086 ], [ 422.792554914639084, 923.723794347651847 ], [ 409.824344758696611, 927.713034625113323 ], [ 404.186362954347487, 917.439363668269607 ], [ 403.891790039780517, 909.044035577527779 ], [ 411.477042609564421, 905.582803822195501 ], [ 412.581691041118177, 906.982025170652491 ], [ 416.396558491613121, 905.437487177976095 ], [ 419.764736135161684, 907.121575997414197 ] ] ] } },
{ "type": "Feature", "properties": { "feature_type": "building", "subtype": "no-damage", "uid": "1b034b2b-f130-41fc-ad56-b24e8158e2b5" }, "geometry": { "type": "Polygon", "coordinates": [ [ [ 360.753046625049819, 945.207433820139727 ], [ 364.639981662811692, 943.87999990859214 ], [ 372.107619711879522, 963.92267974499191 ], [ 361.751798491730995, 967.512697770580644 ], [ 359.693659499411922, 963.396419785007993 ], [ 357.408217787053388, 965.253341174357274 ], [ 356.145853131014405, 962.167560893397308 ], [ 348.038112506417178, 965.352744708651471 ], [ 344.289981664428979, 959.619999911571654 ], [ 342.159702362105691, 956.00356919829153 ], [ 343.59918707944189, 951.445200929842144 ], [ 340.240389410018508, 945.447347940318764 ], [ 341.91978824566462, 939.809366129194927 ], [ 357.514206014547824, 934.651212562166961 ], [ 360.753046625049819, 945.207433820139727 ] ] ] } },
{ "type": "Feature", "properties": { "feature_type": "building", "subtype": "no-damage", "uid": "8ef7b22d-2a74-48b5-833a-ddb491eeaf21" }, "geometry": { "type": "Polygon", "coordinates": [ [ [ 334.962278778228495, 940.409151427773509 ], [ 341.819981665523414, 967.029999911558889 ], [ 338.748869960764978, 969.826839831482516 ], [ 331.020654133723326, 972.1687234183795 ], [ 326.294645069755404, 975.476929760960957 ], [ 319.384228637013621, 976.936491354067016 ], [ 309.54998166803432, 954.459999909507246 ], [ 312.320505015882475, 953.724580415501691 ], [ 310.623378001778519, 946.596646962759678 ], [ 333.299981664591883, 938.749999910038582 ], [ 334.962278778228495, 940.409151427773509 ] ] ] } },
{ "type": "Feature", "properties": { "feature_type": "building", "subtype": "no-damage", "uid": "509dafb8-8b27-4380-bb2d-dc1038050fe5" }, "geometry": { "type": "Polygon", "coordinates": [ [ [ 315.789981665896619, 944.02999991119475 ], [ 309.119981668173807, 946.539999909641892 ], [ 309.346100684671626, 946.410104973969737 ], [ 305.747388887826901, 941.251951403203861 ], [ 307.426787726743783, 937.173411371374641 ], [ 313.06476953389631, 935.374055475639011 ], [ 315.789981665896619, 944.02999991119475 ] ] ] } },
{ "type": "Feature", "properties": { "feature_type": "building", "subtype": "no-damage", "uid": "3cd96426-2b88-4280-a398-b8f1d13fd977" }, "geometry": { "type": "Polygon", "coordinates": [ [ [ 912.302524347091548, 743.681231961811477 ], [ 912.049425363314413, 751.176884197903405 ], [ 906.929981577161811, 750.69999991161194 ], [ 907.179981574880344, 743.239999909511084 ], [ 908.328563993498051, 742.566797727193261 ], [ 910.484317684078633, 742.566797727193261 ], [ 912.302524347091548, 743.681231961811477 ] ] ] } },
{ "type": "Feature", "properties": { "feature_type": "building", "subtype": "no-damage", "uid": "a2d95400-c452-4c07-9850-339174e678c4" }, "geometry": { "type": "Polygon", "coordinates": [ [ [ 930.369981573184191, 738.469999911970831 ], [ 911.93427464517174, 742.932510486326919 ], [ 910.635705504671705, 742.06679772474763 ], [ 908.192409846001055, 742.06679772474763 ], [ 907.189981579788537, 742.659999908916802 ], [ 903.600964208634196, 733.754344113811953 ], [ 904.729981580184244, 723.189999910493839 ], [ 926.092200271145543, 720.41287422006701 ], [ 930.369981573184191, 738.469999911970831 ] ] ] } },
{ "type": "Feature", "properties": { "feature_type": "building", "subtype": "no-damage", "uid": "09f2c491-f333-4905-8be7-c6a8eefb121b" }, "geometry": { "type": "Polygon", "coordinates": [ [ [ 916.814011476880069, 707.512453177196335 ], [ 916.259469766856, 714.721495398163484 ], [ 919.374725264297126, 721.30305525301128 ], [ 904.729981580184244, 723.189999910493839 ], [ 900.295339591554921, 715.589258160225654 ], [ 902.429981578512411, 703.959999910254396 ], [ 915.939981575864408, 701.359999908750524 ], [ 916.814011476880069, 707.512453177196335 ] ] ] } },
{ "type": "Feature", "properties": { "feature_type": "building", "subtype": "no-damage", "uid": "07d2faf0-61d4-4c62-8dea-43e08271d565" }, "geometry": { "type": "Polygon", "coordinates": [ [ [ 926.749981576596497, 707.05999991046599 ], [ 928.825420315885367, 713.507897265328552 ], [ 926.092200271145543, 720.41287422006701 ], [ 919.374725264297126, 721.30305525301128 ], [ 916.259469766856, 714.721495398163484 ], [ 916.814011476880069, 707.512453177196335 ], [ 915.939981575864408, 701.359999908750524 ], [ 925.571019714792897, 699.505474614784021 ], [ 926.749981576596497, 707.05999991046599 ] ] ] } },
{ "type": "Feature", "properties": { "feature_type": "building", "subtype": "no-damage", "uid": "c4bb9686-3e85-40f3-ac86-c4c31f00dfe0" }, "geometry": { "type": "Polygon", "coordinates": [ [ [ 901.959981577942244, 703.739999910673419 ], [ 899.769184295505966, 715.686268686633525 ], [ 904.240708764229112, 723.042647656665054 ], [ 903.090537986126947, 733.82549868496119 ], [ 905.799502399842254, 740.526622005771401 ], [ 897.811219884828574, 740.76615330628897 ], [ 897.351922930058777, 745.818419768341073 ], [ 889.237676801079488, 745.66532078271689 ], [ 887.239996167905133, 728.395676339338593 ], [ 882.441713779276597, 728.395676339338593 ], [ 878.723044930285482, 724.197179249288752 ], [ 875.724118432486762, 703.564564966225475 ], [ 901.634843342668205, 700.685595531553304 ], [ 901.959981577942244, 703.739999910673419 ] ] ] } },
{ "type": "Feature", "properties": { "feature_type": "building", "subtype": "no-damage", "uid": "ac4b2da9-331e-46b9-85f4-bfba1ecf72cd" }, "geometry": { "type": "Polygon", "coordinates": [ [ [ 933.633111280032836, 712.194517432210091 ], [ 940.979981571536428, 718.229999909407638 ], [ 940.837191354719948, 718.552408493148391 ], [ 943.127284752691025, 724.8501653306771 ], [ 947.119981569610445, 738.239999911219684 ], [ 943.281618027412264, 739.082064486850982 ], [ 942.20992514112595, 736.326282779257667 ], [ 931.049981571697799, 739.169999911656873 ], [ 926.614999265309962, 720.450635658968281 ], [ 929.356239561561438, 713.525397012265557 ], [ 927.259981575072857, 706.989999909749827 ], [ 933.489981571998555, 706.089999909085464 ], [ 933.633111280032836, 712.194517432210091 ] ] ] } },
{ "type": "Feature", "properties": { "feature_type": "building", "subtype": "no-damage", "uid": "01f4ed3a-4f50-4c72-9048-0448f3a566e6" }, "geometry": { "type": "Polygon", "coordinates": [ [ [ 947.163290466658282, 697.946032839227428 ], [ 947.163290467359161, 700.345174033541639 ], [ 960.581791228633847, 698.139633125330533 ], [ 961.549981566930228, 703.259999910568354 ], [ 962.7299815690576, 710.999999911795953 ], [ 942.173122368716122, 715.63764991681694 ], [ 941.199981571818171, 717.759999910472857 ], [ 934.127516287492199, 711.953576155027577 ], [ 933.989981570706391, 706.01999991210721 ], [ 934.20792801530547, 705.983155840927566 ], [ 933.608142716026009, 695.666848703133837 ], [ 945.124020451678007, 694.587235164197295 ], [ 947.163290466658282, 697.946032839227428 ] ] ] } },
{ "type": "Feature", "properties": { "feature_type": "building", "subtype": "no-damage", "uid": "cffff091-88bb-4a5f-82c5-3a2b42aacac3" }, "geometry": { "type": "Polygon", "coordinates": [ [ [ 954.559981569370962, 722.839999910650818 ], [ 957.539944100487673, 735.948722223325603 ], [ 947.609981569250522, 738.129999909560183 ], [ 943.602225735612819, 724.693165554892744 ], [ 943.209981570155833, 723.59999990988274 ], [ 949.694843129387664, 721.97941709924396 ], [ 954.559981569370962, 722.839999910650818 ] ] ] } },
{ "type": "Feature", "properties": { "feature_type": "building", "subtype": "no-damage", "uid": "2c8dfa96-2de0-4ed7-b0cd-8a774694ffb2" }, "geometry": { "type": "Polygon", "coordinates": [ [ [ 964.225188952034046, 720.783051076740662 ], [ 954.689981568231246, 722.359999910545639 ], [ 949.677059135132822, 721.468474893370512 ], [ 943.029981569415554, 723.129999910947959 ], [ 941.377179211604243, 718.574287607152883 ], [ 942.52457515223216, 716.07087827738917 ], [ 962.809981566271745, 711.489999909333505 ], [ 964.225188952034046, 720.783051076740662 ] ] ] } },
{ "type": "Feature", "properties": { "feature_type": "building", "subtype": "no-damage", "uid": "1f48124a-f94a-4fc3-b594-5febb6c82db4" }, "geometry": { "type": "Polygon", "coordinates": [ [ [ 1001.119981560878955, 727.949999910601719 ], [ 972.676622893456397, 736.479381761143941 ], [ 972.064226953763296, 732.958105136643667 ], [ 966.48998156474147, 733.519999912055027 ], [ 962.139981567760287, 703.849999908595009 ], [ 972.594187137182644, 701.664701688919308 ], [ 971.034745358588907, 691.108480430946543 ], [ 977.51242658449894, 689.668995713610457 ], [ 977.992254823688882, 691.468351609346087 ], [ 992.319981564324394, 688.009999908864188 ], [ 1001.119981560878955, 727.949999910601719 ] ] ] } },
{ "type": "Feature", "properties": { "feature_type": "building", "subtype": "no-damage", "uid": "1cbb07a1-1674-4f0f-988a-3061f4d8881b" }, "geometry": { "type": "Polygon", "coordinates": [ [ [ 1012.397004255396041, 695.867159561930407 ], [ 1017.709981560072947, 695.639999908432515 ], [ 1019.889981561017976, 711.569999911219952 ], [ 1020.059224142985954, 722.264601386238724 ], [ 1001.59998156098402, 727.799999911736904 ], [ 995.169981561210648, 698.609999912119861 ], [ 1004.300449104934046, 697.089637207576402 ], [ 1003.974245934511032, 693.741464774182646 ], [ 1011.937707303897014, 692.498981919316407 ], [ 1012.397004255396041, 695.867159561930407 ] ] ] } },
{ "type": "Feature", "properties": { "feature_type": "building", "subtype": "no-damage", "uid": "76c72f8a-1cf7-4971-829e-74fd79de980b" }, "geometry": { "type": "Polygon", "coordinates": [ [ [ 1023.999981557712999, 710.22941210215015 ], [ 1020.189981561551008, 710.069999911358764 ], [ 1018.20998155878101, 695.619999909829858 ], [ 1023.999981557712999, 695.379208933172436 ], [ 1023.999981557712999, 710.22941210215015 ] ] ] } },
{ "type": "Feature", "properties": { "feature_type": "building", "subtype": "no-damage", "uid": "c65de5a2-2b6b-4eaa-8b7e-f9bfa9a159de" }, "geometry": { "type": "Polygon", "coordinates": [ [ [ 759.609981598863328, 757.639999908926484 ], [ 761.41998159855882, 773.679999909635512 ], [ 751.238909321134088, 775.169521163214199 ], [ 750.199981603577385, 764.779999910957258 ], [ 753.459106823743127, 764.259543573442556 ], [ 752.670403883975268, 758.253596199785193 ], [ 759.609981598863328, 757.639999908926484 ] ] ] } },
{ "type": "Feature", "properties": { "feature_type": "building", "subtype": "no-damage", "uid": "5379d0e9-1502-452f-9103-6a6ff7bd355c" }, "geometry": { "type": "Polygon", "coordinates": [ [ [ 781.024080129219783, 731.615591981958346 ], [ 782.489981596865618, 749.159999910807414 ], [ 778.951695440253502, 749.429469214467531 ], [ 781.979981594417723, 770.669999908742739 ], [ 761.919981597733909, 773.609999908919349 ], [ 757.449981602828984, 734.209999910570787 ], [ 780.59998159832071, 730.889999910778215 ], [ 781.024080129219783, 731.615591981958346 ] ] ] } },
{ "type": "Feature", "properties": { "feature_type": "building", "subtype": "no-damage", "uid": "040e1156-39d3-4eea-864c-79e73ecf49f2" }, "geometry": { "type": "Polygon", "coordinates": [ [ [ 792.66316025825995, 769.112201451322903 ], [ 784.749981598295108, 770.26999991052412 ], [ 783.549981594995188, 755.819999908995214 ], [ 787.329535933133002, 755.412272688286066 ], [ 787.187490266234704, 752.003176750010766 ], [ 791.291479708577754, 751.636500863915785 ], [ 792.66316025825995, 769.112201451322903 ] ] ] } },
{ "type": "Feature", "properties": { "feature_type": "building", "subtype": "no-damage", "uid": "78142eca-33c1-4504-9dca-17c4dc4c3efa" }, "geometry": { "type": "Polygon", "coordinates": [ [ [ 815.780781454042994, 738.661374329903651 ], [ 819.781461741644193, 738.21924684755345 ], [ 821.944370065689327, 756.347805673062112 ], [ 801.065248893536477, 759.146933532544153 ], [ 800.283659249215361, 754.261998282345189 ], [ 792.329981594348283, 755.849999908768154 ], [ 791.367094833981696, 746.875483664541207 ], [ 789.96474595437428, 745.648428390446156 ], [ 786.980530463660216, 746.839899777854271 ], [ 782.779981595761114, 746.649999908622476 ], [ 781.569981599000357, 732.16999991105854 ], [ 814.279981590044486, 725.869999910146248 ], [ 815.780781454042994, 738.661374329903651 ] ] ] } },
{ "type": "Feature", "properties": { "feature_type": "building", "subtype": "no-damage", "uid": "b4ba206b-cd00-41fd-9cd0-f0702fecbb9d" }, "geometry": { "type": "Polygon", "coordinates": [ [ [ 814.219981591432997, 725.369999911438413 ], [ 781.529981596188122, 731.669999908612908 ], [ 781.512960115446276, 731.461354528727838 ], [ 780.749981598587169, 730.149999910148949 ], [ 779.710099453538987, 726.134140344383695 ], [ 780.587551556360381, 722.715607420762467 ], [ 813.369279198177651, 718.16842863953957 ], [ 814.219981591432997, 725.369999911438413 ] ] ] } },
{ "type": "Feature", "properties": { "feature_type": "building", "subtype": "no-damage", "uid": "7ca68ee8-4181-4998-8ca8-00ab8cfb2a41" }, "geometry": { "type": "Polygon", "coordinates": [ [ [ 846.11767099463691, 745.682354893319257 ], [ 846.789946467780737, 749.585380498224367 ], [ 849.7338177432772, 749.953364406318087 ], [ 850.45998158582006, 755.129999910479455 ], [ 847.585642008188302, 755.487075353333353 ], [ 846.667048106591665, 758.70215401406108 ], [ 843.661884287682483, 758.951536125376947 ], [ 828.659981589923063, 761.099999910151382 ], [ 826.219981588921542, 747.669999912116509 ], [ 833.380862301666184, 745.399971268407967 ], [ 833.329981588376086, 743.299849085227379 ], [ 839.109502076393483, 742.296790922540481 ], [ 846.11767099463691, 745.682354893319257 ] ] ] } },
{ "type": "Feature", "properties": { "feature_type": "building", "subtype": "no-damage", "uid": "1ddf0a85-7124-45e9-a990-89eadf822328" }, "geometry": { "type": "Polygon", "coordinates": [ [ [ 854.438921234895815, 725.001613929815903 ], [ 864.63527131914168, 724.521785693195852 ], [ 866.554584273565183, 728.480368663066656 ], [ 866.554584269827274, 733.398608117391404 ], [ 863.67561483982729, 733.878436354011569 ], [ 865.954798972183198, 753.191522977959266 ], [ 850.949981583824751, 755.069999910933461 ], [ 850.176064998344145, 749.504754205524932 ], [ 847.236186544979887, 749.137269399088041 ], [ 844.249981587497018, 726.009999911578575 ], [ 844.002657039348378, 723.44217215425931 ], [ 847.721325889974764, 720.803116839766176 ], [ 853.959092998509277, 720.203331541187595 ], [ 854.438921234895815, 725.001613929815903 ] ] ] } },
{ "type": "Feature", "properties": { "feature_type": "building", "subtype": "no-damage", "uid": "e52154e3-9856-4c65-a8eb-72d2bca4a12c" }, "geometry": { "type": "Polygon", "coordinates": [ [ [ 898.040381471890214, 649.093568286555637 ], [ 899.843309923221796, 648.677507871708826 ], [ 899.982205732791044, 655.622298149727612 ], [ 903.69998157645432, 664.179999908551963 ], [ 878.513146766694945, 668.360928324987754 ], [ 873.237416693984869, 662.694403431168553 ], [ 875.777583021499822, 656.246288897467025 ], [ 873.042019284014259, 643.350059830064083 ], [ 895.360381469901654, 639.921349706896763 ], [ 898.040381471890214, 649.093568286555637 ] ] ] } },
{ "type": "Feature", "properties": { "feature_type": "building", "subtype": "no-damage", "uid": "86e38537-0be4-4417-bcc2-6a7217ec984f" }, "geometry": { "type": "Polygon", "coordinates": [ [ [ 917.3972313695308, 661.912813791286226 ], [ 904.209981576799692, 664.099999910403426 ], [ 900.480130383922074, 655.513531229126215 ], [ 900.330896694396756, 648.051846922933464 ], [ 898.388141759122277, 648.50017498411114 ], [ 894.819981580116405, 636.249999910612587 ], [ 894.661155994500973, 635.228501353692991 ], [ 910.949116836062785, 632.407804864235914 ], [ 917.3972313695308, 661.912813791286226 ] ] ] } },
{ "type": "Feature", "properties": { "feature_type": "building", "subtype": "no-damage", "uid": "8fa4c26d-ac47-4109-ab94-c588ada5454e" }, "geometry": { "type": "Polygon", "coordinates": [ [ [ 865.490607803531589, 601.10923937656014 ], [ 874.847258462478635, 598.590141120287512 ], [ 878.086099076952109, 595.951085805794264 ], [ 888.882234455104253, 593.911815789879597 ], [ 890.081805051560536, 595.711171685615227 ], [ 893.320645664398739, 595.231343448995176 ], [ 894.640173321178167, 602.428767031937696 ], [ 892.360989186486108, 602.90859527229577 ], [ 895.359915682649557, 618.946744158130969 ], [ 880.965068511858021, 621.345885356183089 ], [ 879.52558379358743, 616.067774723458797 ], [ 870.528804310937403, 618.107044739373464 ], [ 865.490607803064336, 609.230222318915821 ], [ 865.490607803531589, 601.10923937656014 ] ] ] } },
{ "type": "Feature", "properties": { "feature_type": "building", "subtype": "no-damage", "uid": "087a365a-e7f8-47be-ae4d-29a9062f079b" }, "geometry": { "type": "Polygon", "coordinates": [ [ [ 855.951217424773631, 582.610116531289123 ], [ 897.59414097604747, 573.88347445911279 ], [ 898.972031830778633, 582.30391856377878 ], [ 879.987757857050156, 586.131393155789397 ], [ 879.98775785915268, 588.121679942737842 ], [ 858.400801163688584, 593.633243354186448 ], [ 856.41051437160047, 592.714649451655305 ], [ 855.951217424773631, 582.610116531289123 ] ] ] } },
{ "type": "Feature", "properties": { "feature_type": "building", "subtype": "no-damage", "uid": "02488cf8-394e-4d54-9595-3b77283c828a" }, "geometry": { "type": "Polygon", "coordinates": [ [ [ 843.870282377694707, 532.624195158570501 ], [ 883.023273936513988, 526.140260249407447 ], [ 886.015859277910863, 552.824146220007037 ], [ 851.6011278415682, 561.053755912118618 ], [ 850.104835171336958, 558.559934795222489 ], [ 843.870282377694707, 532.624195158570501 ] ] ] } },
{ "type": "Feature", "properties": { "feature_type": "building", "subtype": "no-damage", "uid": "9a6dd7b6-d80e-49d8-9d4a-9b48452ab514" }, "geometry": { "type": "Polygon", "coordinates": [ [ [ 895.512802383266262, 525.325080326048692 ], [ 913.651593920882419, 522.771196674720159 ], [ 916.394797152598699, 538.232887609942281 ], [ 933.602162868200253, 535.489684377992489 ], [ 935.34783765138252, 546.572037648001356 ], [ 900.006942816327637, 552.876115151524345 ], [ 895.512802383266262, 525.325080326048692 ] ] ] } },
{ "type": "Feature", "properties": { "feature_type": "building", "subtype": "no-damage", "uid": "f5e597d1-263d-4b09-8d3b-ab71c3ad3bd1" }, "geometry": { "type": "Polygon", "coordinates": [ [ [ 1008.799981560458036, 448.699999910893723 ], [ 993.442600010861952, 450.197556310538175 ], [ 992.150203713817859, 436.042138348464675 ], [ 1007.159981561032964, 434.169999911216223 ], [ 1008.799981560458036, 448.699999910893723 ] ] ] } },
{ "type": "Feature", "properties": { "feature_type": "building", "subtype": "no-damage", "uid": "e70624a6-5aaa-4196-a5d5-f89c609b01d0" }, "geometry": { "type": "Polygon", "coordinates": [ [ [ 988.841157155884275, 435.745115026283827 ], [ 988.877532942668267, 436.042138348464675 ], [ 986.87447364437844, 426.076870433423778 ], [ 987.059981565742191, 418.549999911066379 ], [ 1005.279981562257035, 417.489999910366976 ], [ 1007.109981558685945, 433.669999908770478 ], [ 988.841157155884275, 435.745115026283827 ] ] ] } },
{ "type": "Feature", "properties": { "feature_type": "building", "subtype": "no-damage", "uid": "00ef1cc7-bc84-494f-a30e-ea0644731035" }, "geometry": { "type": "Polygon", "coordinates": [ [ [ 1023.236354304483029, 424.811686940048673 ], [ 1023.999981559814955, 425.583225522932025 ], [ 1023.999981560982974, 447.272338043683419 ], [ 1009.289981560097999, 448.659999909950386 ], [ 1006.379981559226962, 422.729999910579977 ], [ 1012.191983959663958, 423.850958081345482 ], [ 1023.329981556631992, 421.289999910264726 ], [ 1023.236354304483029, 424.811686940048673 ] ] ] } },
{ "type": "Feature", "properties": { "feature_type": "building", "subtype": "no-damage", "uid": "7f3b962d-a491-4a40-8495-cc799fa7058b" }, "geometry": { "type": "Polygon", "coordinates": [ [ [ 1014.514581800415954, 401.070970396907285 ], [ 1021.093846461163025, 400.882991406513383 ], [ 1021.469804443585986, 403.232728784567428 ], [ 1023.999981558881018, 403.245404378048306 ], [ 1023.999981557012006, 420.545589536777015 ], [ 1012.183051059049035, 423.340008739841608 ], [ 1006.319981562017006, 422.209999909531689 ], [ 1004.669981560021029, 407.549999909592088 ], [ 1004.460240548739989, 402.238386400192724 ], [ 1007.195804291364993, 398.91663042602039 ], [ 1014.138623818226051, 398.721233018853297 ], [ 1014.514581800415954, 401.070970396907285 ] ] ] } },
{ "type": "Feature", "properties": { "feature_type": "building", "subtype": "no-damage", "uid": "66b67988-9603-4f42-91ac-a8024f5ddfee" }, "geometry": { "type": "Polygon", "coordinates": [ [ [ 856.5389179170445, 494.17391096006952 ], [ 861.749981586657327, 493.179999909420076 ], [ 867.669981581879711, 517.739999909191397 ], [ 839.997581788103389, 524.048744006664492 ], [ 834.809981585663195, 501.049999910909889 ], [ 839.547939213147743, 499.785254359848295 ], [ 838.167292847464864, 495.183099814269326 ], [ 840.157579635581442, 494.570703879248526 ], [ 838.48998158716995, 489.029999909679475 ], [ 854.630395479701292, 485.585559993660411 ], [ 856.5389179170445, 494.17391096006952 ] ] ] } },
{ "type": "Feature", "properties": { "feature_type": "building", "subtype": "no-damage", "uid": "b25f0bce-2279-4cc3-bbb4-f9d948302fb9" }, "geometry": { "type": "Polygon", "coordinates": [ [ [ 861.639981583128929, 492.68999991188258 ], [ 856.921799430455849, 493.591991665502178 ], [ 855.010940368948809, 484.993125893393483 ], [ 854.939981585399437, 485.009999910200918 ], [ 852.389981582738415, 472.279999911851974 ], [ 856.599981584828583, 471.779999909406285 ], [ 861.639981583128929, 492.68999991188258 ] ] ] } },
{ "type": "Feature", "properties": { "feature_type": "building", "subtype": "no-damage", "uid": "db3d6cee-c844-47a1-9ef4-e91bb8a077d5" }, "geometry": { "type": "Polygon", "coordinates": [ [ [ 854.449981583656836, 485.109999910690021 ], [ 832.279981589314275, 489.839999911024904 ], [ 825.356619385422391, 459.119258557517128 ], [ 848.019981588556334, 452.979999910896424 ], [ 854.449981583656836, 485.109999910690021 ] ] ] } },
{ "type": "Feature", "properties": { "feature_type": "building", "subtype": "no-damage", "uid": "42b908aa-42c1-4398-9fbb-6b98cc72a341" }, "geometry": { "type": "Polygon", "coordinates": [ [ [ 916.75879156201097, 496.242571980157379 ], [ 920.272787664208863, 504.239942421704313 ], [ 923.244220152728303, 509.068520219227821 ], [ 931.13998157054948, 508.159999909429814 ], [ 932.10998157216352, 517.969999909942658 ], [ 914.789981577247886, 519.099999911358168 ], [ 912.619981578875127, 515.599999909190046 ], [ 910.116114688486277, 501.892691382892224 ], [ 911.058562390307884, 499.536572119694597 ], [ 907.559981577066083, 494.609999908565214 ], [ 908.886266486000409, 494.376506226119204 ], [ 909.009184254777438, 493.02441075695549 ], [ 917.619981577634007, 489.889999909400615 ], [ 916.75879156201097, 496.242571980157379 ] ] ] } },
{ "type": "Feature", "properties": { "feature_type": "building", "subtype": "no-damage", "uid": "068f9a9a-f333-411a-afea-29761612b0a1" }, "geometry": { "type": "Polygon", "coordinates": [ [ [ 933.977909870139115, 484.621380435250387 ], [ 944.174259945040262, 482.14679889198959 ], [ 947.886810736350299, 483.709978171754187 ], [ 950.62237448201256, 495.433822777464798 ], [ 948.863797786203236, 500.123360620496612 ], [ 930.797122935364996, 504.663749492327611 ], [ 931.089981572874649, 507.659999910721979 ], [ 923.503188023688267, 508.535321910795574 ], [ 920.716681647068299, 504.007249043765626 ], [ 917.273168280428308, 496.170287594615388 ], [ 918.14998157564753, 489.699999909592577 ], [ 918.277186085896574, 489.654228271298223 ], [ 917.539981577149206, 481.309999910792385 ], [ 932.639981570644295, 478.73999990906151 ], [ 933.977909870139115, 484.621380435250387 ] ] ] } },
{ "type": "Feature", "properties": { "feature_type": "building", "subtype": "no-damage", "uid": "bbc23909-4ec8-40ad-a9f1-76853488f7d7" }, "geometry": { "type": "Polygon", "coordinates": [ [ [ 945.151246995360452, 517.122935301954044 ], [ 932.609981571338608, 517.939999910169604 ], [ 931.809981570228956, 509.879999908871923 ], [ 943.978862539742067, 509.307038895655126 ], [ 945.151246995360452, 517.122935301954044 ] ] ] } },
{ "type": "Feature", "properties": { "feature_type": "building", "subtype": "no-damage", "uid": "1813b3f7-ad68-40e3-b827-b1a6166cddb3" }, "geometry": { "type": "Polygon", "coordinates": [ [ [ 910.493087639356986, 499.60396780217161 ], [ 909.598347536817187, 501.840818051629412 ], [ 912.174364967812835, 515.933148689611926 ], [ 903.319130455260051, 518.737306286456715 ], [ 900.259981576635482, 516.499999909854296 ], [ 897.689981580044105, 505.939999911279813 ], [ 899.522941366574742, 503.278883612044694 ], [ 899.819981577473527, 495.959999909561589 ], [ 907.009981575076722, 494.699999911621887 ], [ 910.493087639356986, 499.60396780217161 ] ] ] } },
{ "type": "Feature", "properties": { "feature_type": "building", "subtype": "no-damage", "uid": "b5e04336-62b9-4da2-bf6f-8476088b82b4" }, "geometry": { "type": "Polygon", "coordinates": [ [ [ 903.353459437923675, 476.369627816389482 ], [ 903.419981579196474, 476.359999910876525 ], [ 906.899981575753486, 494.219999911516823 ], [ 899.839981577477943, 495.449999909683584 ], [ 899.844474051671227, 495.401332752891108 ], [ 891.809667265259463, 496.637456875099474 ], [ 887.549981580626763, 479.199999910563918 ], [ 893.050213375349813, 475.870570135813921 ], [ 895.805995080606976, 475.71747115392759 ], [ 895.259981578577481, 473.399999912097314 ], [ 902.273769476206894, 472.976316502062673 ], [ 903.353459437923675, 476.369627816389482 ] ] ] } },
{ "type": "Feature", "properties": { "feature_type": "building", "subtype": "no-damage", "uid": "e4cc6494-cdaa-42c8-8a3c-974f876b06f4" }, "geometry": { "type": "Polygon", "coordinates": [ [ [ 916.599981574139974, 476.359999910876525 ], [ 917.745363343354825, 489.315586546806685 ], [ 908.539977968115068, 492.662999411209796 ], [ 908.422981621385588, 493.949959256539273 ], [ 907.389981577729714, 494.129999908460093 ], [ 903.909981577201165, 476.269999911557591 ], [ 916.179981577785838, 473.969999911521313 ], [ 916.599981574139974, 476.359999910876525 ] ] ] } },
{ "type": "Feature", "properties": { "feature_type": "building", "subtype": "no-damage", "uid": "c243a37a-5e4a-4cd9-80f7-aa36f44f94f1" }, "geometry": { "type": "Polygon", "coordinates": [ [ [ 911.119981575509655, 447.009999911224384 ], [ 915.187424698750874, 468.195648303325413 ], [ 915.715602473671652, 471.299893121544414 ], [ 915.7098665971738, 471.299893121544414 ], [ 916.089981577065259, 473.479999910245908 ], [ 903.695944410340758, 475.796952531161878 ], [ 902.632248602288314, 472.453908563998596 ], [ 895.069981578068564, 472.909999910821909 ], [ 890.294431665887487, 465.000542294802813 ], [ 889.988233697442638, 460.101374818374893 ], [ 886.926254027478535, 460.56067176777151 ], [ 886.007660125648272, 454.896009370698778 ], [ 889.988233700246155, 453.671217500657292 ], [ 889.988233700713295, 448.772050024229372 ], [ 909.278705640316957, 446.016268316636115 ], [ 911.119981575509655, 447.009999911224384 ] ] ] } },
{ "type": "Feature", "properties": { "feature_type": "building", "subtype": "no-damage", "uid": "b9d7360a-6b6a-4503-8af2-ad84fd78c360" }, "geometry": { "type": "Polygon", "coordinates": [ [ [ 923.915650858238223, 456.229882723408082 ], [ 926.73998157262281, 456.149999911824182 ], [ 929.176500638599123, 468.307307778278698 ], [ 916.20998157639076, 471.189999911379687 ], [ 915.67940357104726, 468.106311584971081 ], [ 911.599981574680214, 446.859999908621774 ], [ 912.909981576135237, 445.969999909127807 ], [ 920.916793748044938, 444.421882865104976 ], [ 923.915650858238223, 456.229882723408082 ] ] ] } },
{ "type": "Feature", "properties": { "feature_type": "building", "subtype": "no-damage", "uid": "1639f8fa-5f79-49a3-b9b0-2f6aabc376c1" }, "geometry": { "type": "Polygon", "coordinates": [ [ [ 963.009981567250065, 465.199999909367193 ], [ 950.97998156811957, 467.28999991099289 ], [ 947.919981567916693, 455.899999908732411 ], [ 960.379981571580061, 453.73999991012829 ], [ 963.009981567250065, 465.199999909367193 ] ] ] } },
{ "type": "Feature", "properties": { "feature_type": "building", "subtype": "no-damage", "uid": "089f30ec-4666-4575-8cb5-1aa56e74e0f0" }, "geometry": { "type": "Polygon", "coordinates": [ [ [ 936.299981574249273, 446.099999909389908 ], [ 934.106073875289326, 446.695131349006772 ], [ 932.424172030816976, 450.751482844362727 ], [ 933.739981571819726, 454.389999911438792 ], [ 927.389981574867761, 455.689999910321774 ], [ 927.391161194064466, 455.630378387010012 ], [ 924.301686754394154, 455.718649085526579 ], [ 922.839981574805734, 449.969999910003708 ], [ 924.680310359710006, 447.546399747930707 ], [ 924.539981576579748, 444.099999910820827 ], [ 937.349981570975046, 442.559999910016415 ], [ 936.299981574249273, 446.099999909389908 ] ] ] } },
{ "type": "Feature", "properties": { "feature_type": "building", "subtype": "no-damage", "uid": "b5de8aad-cef2-4906-b870-32397dd8606b" }, "geometry": { "type": "Polygon", "coordinates": [ [ [ 961.989981566092183, 452.949999911123484 ], [ 942.332586361746053, 456.364221433716693 ], [ 935.93662824904743, 449.054555014665425 ], [ 937.889981571794124, 442.489999909300195 ], [ 959.419981569968058, 439.89999990896672 ], [ 961.989981566092183, 452.949999911123484 ] ] ] } },
{ "type": "Feature", "properties": { "feature_type": "building", "subtype": "no-damage", "uid": "cfdd5877-83b8-4e99-b3fc-25ed8551764f" }, "geometry": { "type": "Polygon", "coordinates": [ [ [ 933.797938047243065, 435.337115418112091 ], [ 937.289981573765317, 442.05999991130858 ], [ 924.029981574131853, 443.659999911658986 ], [ 920.454931444867157, 437.136527266311418 ], [ 921.679723314207763, 432.084260804259372 ], [ 934.693136924521127, 430.093974017310927 ], [ 933.797938047243065, 435.337115418112091 ] ] ] } },
{ "type": "Feature", "properties": { "feature_type": "building", "subtype": "no-damage", "uid": "f80d43b7-017e-46c8-8d70-bc6ea43b03f9" }, "geometry": { "type": "Polygon", "coordinates": [ [ [ 959.3199815708806, 439.399999910258884 ], [ 937.819981574582243, 441.989999910592417 ], [ 934.321843866847075, 435.260857162938009 ], [ 935.709981574820972, 428.059999910111912 ], [ 935.917928795964258, 427.644390277228013 ], [ 956.586291591233476, 425.501004504655498 ], [ 959.3199815708806, 439.399999910258884 ] ] ] } },
{ "type": "Feature", "properties": { "feature_type": "building", "subtype": "no-damage", "uid": "bd777243-1c57-4da4-92b3-ace8d6e8a5fe" }, "geometry": { "type": "Polygon", "coordinates": [ [ [ 886.373809509255921, 503.391859773424017 ], [ 889.049981578619168, 507.509999911857221 ], [ 890.358617855115881, 512.562369838682571 ], [ 872.279981583123003, 516.689999909662333 ], [ 869.769981580937952, 504.1399999099512 ], [ 887.369981579652858, 497.099999908409586 ], [ 886.373809509255921, 503.391859773424017 ] ] ] } },
{ "type": "Feature", "properties": { "feature_type": "building", "subtype": "no-damage", "uid": "51b8ad54-70ec-4400-abc6-d8eaa8414c47" }, "geometry": { "type": "Polygon", "coordinates": [ [ [ 899.029253553291369, 503.114035192176686 ], [ 897.329981576227397, 505.579999910266508 ], [ 889.439981580807057, 507.189999911787083 ], [ 886.897594869773343, 503.280449817527028 ], [ 887.809981579982832, 497.509999911536397 ], [ 891.289981579576875, 496.629999909474691 ], [ 891.432629283994061, 497.20134527241072 ], [ 899.320116798776894, 495.987885654536228 ], [ 899.029253553291369, 503.114035192176686 ] ] ] } },
{ "type": "Feature", "properties": { "feature_type": "building", "subtype": "no-damage", "uid": "2cd3752e-cd05-4bb0-a668-c9ec560e4f22" }, "geometry": { "type": "Polygon", "coordinates": [ [ [ 887.549981577356107, 496.489999911780274 ], [ 869.309981580837189, 503.779999908937896 ], [ 864.13998158461095, 500.939999909250389 ], [ 862.499981584952593, 494.149999910800602 ], [ 862.889981582701807, 483.279999909588412 ], [ 864.779981585218366, 482.889999908802224 ], [ 873.647514555752082, 485.342272720024084 ], [ 885.55998157972374, 480.189999910547101 ], [ 887.549981577356107, 496.489999911780274 ] ] ] } },
{ "type": "Feature", "properties": { "feature_type": "building", "subtype": "no-damage", "uid": "4ceaf94c-5358-45b4-a2a7-f5a8148c753f" }, "geometry": { "type": "Polygon", "coordinates": [ [ [ 881.720888581203894, 456.886296161385076 ], [ 886.349981580363988, 479.299999911053078 ], [ 873.610882303278231, 484.813366547538919 ], [ 864.654009072039344, 482.33593352559069 ], [ 859.579981585948417, 461.299999908980396 ], [ 860.967928937942702, 458.237983307269303 ], [ 877.89341399269756, 454.589811403188378 ], [ 881.720888581203894, 456.886296161385076 ] ] ] } },
{ "type": "Feature", "properties": { "feature_type": "building", "subtype": "no-damage", "uid": "abebb104-5d9c-4fb1-9a5f-f14dee8078f1" }, "geometry": { "type": "Polygon", "coordinates": [ [ [ 823.241693965777699, 608.214057318731875 ], [ 827.34503957983236, 607.041672860777339 ], [ 827.931231813014733, 607.432467678849548 ], [ 831.252987782514765, 607.627865089754664 ], [ 833.011564473651674, 615.639158903220732 ], [ 830.666795553070187, 621.501081207944935 ], [ 825.781860299834079, 622.08727343692226 ], [ 827.540436990270223, 630.293964661293444 ], [ 808.391490800070187, 634.397310275347991 ], [ 805.851324473723253, 629.121580203338908 ], [ 805.851324473723253, 625.604426818261572 ], [ 800.159981594427791, 601.119999911096443 ], [ 807.649750607364012, 598.289887080655603 ], [ 820.609981589094559, 596.739999910604638 ], [ 823.241693965777699, 608.214057318731875 ] ] ] } },
{ "type": "Feature", "properties": { "feature_type": "building", "subtype": "no-damage", "uid": "54bfe8d8-9122-4ce5-8ca7-cb79e7632b18" }, "geometry": { "type": "Polygon", "coordinates": [ [ [ 827.149642167291972, 576.950471701011907 ], [ 824.804873249046636, 580.467625086089129 ], [ 825.586462889629843, 584.570970696405766 ], [ 840.827460877614726, 581.053817315066453 ], [ 842.781434979189498, 591.214482641012296 ], [ 820.889981590791194, 596.209999912123862 ], [ 807.530042513590502, 597.800620651351551 ], [ 800.039981591598121, 600.629999909821095 ], [ 799.989402167830804, 600.398160916170809 ], [ 783.185224902183791, 604.110711708415238 ], [ 779.668071518741726, 599.616571276288482 ], [ 781.426648211981274, 592.77766192077695 ], [ 785.72539123320314, 591.800674869989621 ], [ 782.59903267320658, 578.904445802586565 ], [ 825.000270657381975, 569.329972709355843 ], [ 827.149642167291972, 576.950471701011907 ] ] ] } },
{ "type": "Feature", "properties": { "feature_type": "building", "subtype": "no-damage", "uid": "2eaa7177-4cfa-4da1-8bdb-9d2784083d7a" }, "geometry": { "type": "Polygon", "coordinates": [ [ [ 769.630008394948504, 630.322525487748862 ], [ 754.584407821840159, 632.471896996490727 ], [ 752.489981601509044, 628.789999908511732 ], [ 768.56998160012472, 625.359999910797683 ], [ 769.630008394948504, 630.322525487748862 ] ] ] } },
{ "type": "Feature", "properties": { "feature_type": "building", "subtype": "no-damage", "uid": "897fe02d-05c9-4bff-b47c-bb444915e8d0" }, "geometry": { "type": "Polygon", "coordinates": [ [ [ 776.58998159533985, 623.139999908909886 ], [ 770.319981599573566, 624.47999990873609 ], [ 768.457623936526602, 624.851398004834778 ], [ 768.459981597063575, 624.869999909522335 ], [ 752.229981599349571, 628.339999911917516 ], [ 749.699472568136798, 623.874410954047335 ], [ 749.894869977406529, 617.035501598535802 ], [ 757.515368974669627, 615.276924907866032 ], [ 752.825831127432593, 591.829235696445039 ], [ 755.365997459386335, 589.875261594870267 ], [ 762.204906815832601, 589.09367195498794 ], [ 762.204906812561944, 587.335095260580374 ], [ 768.711414495454392, 586.247307653187704 ], [ 776.58998159533985, 623.139999908909886 ] ] ] } },
{ "type": "Feature", "properties": { "feature_type": "building", "subtype": "no-damage", "uid": "69f6efe5-3efe-4b12-af21-9903dd1db990" }, "geometry": { "type": "Polygon", "coordinates": [ [ [ 712.65383046132672, 603.131310325083632 ], [ 713.651358908458974, 607.869570451298046 ], [ 720.909981603003075, 606.419999910855381 ], [ 726.86861083810129, 635.052220644529143 ], [ 720.1352938190239, 636.797895427477897 ], [ 721.38220437887378, 643.531212447956705 ], [ 704.673602886604726, 646.523797791222364 ], [ 697.192139530309191, 614.85226958309272 ], [ 703.925456548685702, 613.106594800143966 ], [ 702.678545988602309, 606.373277779665159 ], [ 706.668659781102861, 602.881928213767878 ], [ 712.65383046132672, 603.131310325083632 ] ] ] } },
{ "type": "Feature", "properties": { "feature_type": "building", "subtype": "no-damage", "uid": "6d6cb7a8-3945-4ed5-a10e-8ed532ddb642" }, "geometry": { "type": "Polygon", "coordinates": [ [ [ 742.829065994320217, 643.531212447956705 ], [ 729.669981604454279, 645.679999911509412 ], [ 719.729981608117782, 598.329999909784647 ], [ 719.387147483207514, 596.397993304604825 ], [ 734.100692083548097, 594.652318521656184 ], [ 742.829065994320217, 643.531212447956705 ] ] ] } },
{ "type": "Feature", "properties": { "feature_type": "building", "subtype": "no-damage", "uid": "22cfac32-76b4-40cc-aec0-2780002825b4" }, "geometry": { "type": "Polygon", "coordinates": [ [ [ 723.507060541507599, 669.32669295774474 ], [ 728.755908490627235, 669.479791943368809 ], [ 728.595908492461149, 675.006647063315881 ], [ 731.150117989142018, 679.223830410999085 ], [ 729.228651835319738, 680.450511357917094 ], [ 730.9872285269239, 689.438792222170605 ], [ 716.137025359581116, 692.955945607247827 ], [ 711.642884928155127, 678.691934667247438 ], [ 711.259141848802074, 668.255000073327437 ], [ 721.822971721134991, 665.652317351358306 ], [ 723.507060541507599, 669.32669295774474 ] ] ] } },
{ "type": "Feature", "properties": { "feature_type": "building", "subtype": "no-damage", "uid": "28d19f11-6278-4f8e-8c2e-ca8177a7fbf1" }, "geometry": { "type": "Polygon", "coordinates": [ [ [ 735.448781265768275, 665.039921416337506 ], [ 741.725839595992966, 663.662030564409861 ], [ 745.553314187536444, 663.815129546296134 ], [ 748.768392841255718, 679.278126899962558 ], [ 734.119981606129727, 682.69999991167299 ], [ 729.100192818198025, 674.866831825747113 ], [ 729.474278094764713, 664.085778834297912 ], [ 734.772298366591713, 663.088796543240846 ], [ 735.448781265768275, 665.039921416337506 ] ] ] } },
{ "type": "Feature", "properties": { "feature_type": "building", "subtype": "no-damage", "uid": "af259f26-3d78-416c-b4b5-0c6b5e7c0174" }, "geometry": { "type": "Polygon", "coordinates": [ [ [ 697.964715080753535, 749.330300722384891 ], [ 699.086711408896917, 755.038727331827317 ], [ 695.608169612915162, 755.601411063514206 ], [ 693.7394873177401, 760.117393268132332 ], [ 697.455425177967982, 762.198318467187278 ], [ 699.431383522615761, 767.420494092261038 ], [ 701.203203917333894, 778.051416475520682 ], [ 702.702975209070587, 783.244840245572959 ], [ 680.757349365151981, 786.736189811470354 ], [ 674.772178682591971, 760.801877869077998 ], [ 678.762292469719341, 759.554967312498889 ], [ 677.515381909402322, 751.325357620387308 ], [ 694.722747626405521, 748.083390165805781 ], [ 697.964715080753535, 749.330300722384891 ] ] ] } },
{ "type": "Feature", "properties": { "feature_type": "building", "subtype": "no-damage", "uid": "3e31da33-0125-4f96-84da-4a8f8ab4defe" }, "geometry": { "type": "Polygon", "coordinates": [ [ [ 714.673316573957095, 745.838951156487497 ], [ 715.920227134974994, 751.325357620387308 ], [ 723.12998160395648, 749.639999910912593 ], [ 726.859981605707844, 760.019999910849378 ], [ 722.630401740258094, 761.314598697201973 ], [ 723.42175974898862, 763.512815402137335 ], [ 727.689981604020659, 762.319999910885826 ], [ 732.799981605373432, 776.539999911663472 ], [ 707.82998161018395, 783.429999910602419 ], [ 705.751195417061581, 776.116445787740986 ], [ 701.602208452111654, 777.40406243253517 ], [ 699.916474953244233, 767.289661417371008 ], [ 697.858620412658752, 761.851045848109834 ], [ 694.37132097587471, 759.898158164034157 ], [ 695.960192584330571, 756.058385112874589 ], [ 701.390769647631032, 755.324523346818751 ], [ 700.369981608316607, 746.379999910665902 ], [ 700.458536202789332, 745.340186933855875 ], [ 709.685674337361206, 742.596983701906083 ], [ 714.673316573957095, 745.838951156487497 ] ] ] } },
{ "type": "Feature", "properties": { "feature_type": "building", "subtype": "no-damage", "uid": "bb34c378-37f0-4679-8524-5c5d37eaffb7" }, "geometry": { "type": "Polygon", "coordinates": [ [ [ 744.606412693068137, 746.610322420236116 ], [ 748.967709436941163, 754.670288294605371 ], [ 743.851023660051851, 757.059718497605104 ], [ 748.138362539685318, 772.312627601296754 ], [ 733.279981603375973, 776.409999911401428 ], [ 719.969981607703176, 739.269999908408181 ], [ 740.559981601699747, 733.659999909749445 ], [ 744.606412693068137, 746.610322420236116 ] ] ] } },
{ "type": "Feature", "properties": { "feature_type": "building", "subtype": "no-damage", "uid": "5998be43-e636-4341-8fe4-0f56c25c9f0b" }, "geometry": { "type": "Polygon", "coordinates": [ [ [ 339.113233742081377, 905.526119849945985 ], [ 339.649981662945493, 910.719999911609989 ], [ 322.443986772422818, 915.328999500446912 ], [ 323.94027944499021, 920.8154059606087 ], [ 313.216848638551824, 922.062316520925719 ], [ 307.48106006473779, 902.111747570805051 ], [ 309.974881184437493, 901.612983348173429 ], [ 310.169981666301112, 893.709999909520548 ], [ 334.989981664261222, 888.769999910775027 ], [ 339.113233742081377, 905.526119849945985 ] ] ] } },
{ "type": "Feature", "properties": { "feature_type": "building", "subtype": "no-damage", "uid": "f1bda7e1-5dcd-4d38-aba7-cd5bae4c90b0" }, "geometry": { "type": "Polygon", "coordinates": [ [ [ 342.049981664405607, 867.749999910377142 ], [ 337.914507874011179, 873.754249497376122 ], [ 337.491368700178612, 875.728898970589853 ], [ 332.680179920230785, 879.373738957607316 ], [ 334.869981665169291, 888.279999909499566 ], [ 314.759981670810589, 892.149999910113365 ], [ 314.666357263195891, 890.24439284273069 ], [ 309.479981669654308, 891.279999909222056 ], [ 302.244035714022687, 877.422918494470082 ], [ 303.789981670977909, 870.569999911461991 ], [ 340.027962027288879, 865.16470666387545 ], [ 342.049981664405607, 867.749999910377142 ] ] ] } },
{ "type": "Feature", "properties": { "feature_type": "building", "subtype": "no-damage", "uid": "60710f68-6dfc-467a-b944-c04d3411f9a0" }, "geometry": { "type": "Polygon", "coordinates": [ [ [ 355.729981663430124, 865.009999911178852 ], [ 355.842452891111009, 871.004972849589763 ], [ 358.356966489133072, 877.291256845462499 ], [ 360.59998165982438, 880.039999909564131 ], [ 364.859626951658072, 899.205389896736506 ], [ 358.812272916133793, 908.435561847034592 ], [ 350.21866454687472, 910.34525259575878 ], [ 351.810073505079288, 915.119479465700351 ], [ 344.171310512051207, 917.029170214424539 ], [ 340.150116714861213, 910.590739374232612 ], [ 340.137301123879524, 910.590739374232612 ], [ 339.60702104909808, 905.440270548584181 ], [ 333.244267003174116, 879.573680303628066 ], [ 337.941351449451076, 876.015283000408772 ], [ 338.382600750942117, 873.956119586753857 ], [ 342.20998166560878, 868.399999911687587 ], [ 342.239967439209011, 868.501964901845326 ], [ 345.089848372876588, 868.063521681209181 ], [ 344.902662106550792, 866.191659021688679 ], [ 350.541893560385404, 864.429399194409598 ], [ 355.729981663430124, 865.009999911178852 ] ] ] } },
{ "type": "Feature", "properties": { "feature_type": "building", "subtype": "no-damage", "uid": "42a223a7-6788-410c-add4-81319e732cfc" }, "geometry": { "type": "Polygon", "coordinates": [ [ [ 355.698759888078712, 855.439869602293925 ], [ 358.849981661543723, 854.899999909198641 ], [ 360.323281936061505, 863.224300431052939 ], [ 356.369981662402211, 864.569999912017011 ], [ 350.492866272919116, 863.920874763676352 ], [ 341.896817140501014, 865.067810886928555 ], [ 340.045939415492683, 864.656504723271723 ], [ 323.441515224227487, 866.948869796778126 ], [ 319.202019320878321, 857.971113766981034 ], [ 312.958761562170196, 858.478582954211333 ], [ 311.785374107993505, 852.241165019429559 ], [ 342.318574640965892, 847.087261271704847 ], [ 344.584686935550394, 846.945962170615189 ], [ 353.979981659308976, 846.049999908895984 ], [ 355.698759888078712, 855.439869602293925 ] ] ] } },
{ "type": "Feature", "properties": { "feature_type": "building", "subtype": "no-damage", "uid": "988e412a-249c-48be-8545-57661fed9f1e" }, "geometry": { "type": "Polygon", "coordinates": [ [ [ 360.848831998462686, 828.045260341800031 ], [ 364.909981662170026, 828.259999908971963 ], [ 367.210113845883484, 846.487450331206219 ], [ 360.241781703371828, 849.220129603365763 ], [ 357.707049880131024, 845.188497501985694 ], [ 344.608128711284678, 846.441437785952189 ], [ 342.729981666657125, 846.079999908668924 ], [ 342.266793748637781, 830.152814368252052 ], [ 344.199981660904996, 829.139999911033556 ], [ 358.355010880631994, 824.803292887218504 ], [ 360.848831998462686, 828.045260341800031 ] ] ] } },
{ "type": "Feature", "properties": { "feature_type": "building", "subtype": "no-damage", "uid": "6414bcab-9be5-4f4b-bfd5-52f99dd23f10" }, "geometry": { "type": "Polygon", "coordinates": [ [ [ 341.646409384391518, 824.55391077590275 ], [ 342.82998166177299, 829.28999990989837 ], [ 341.757948869596873, 829.854910758210508 ], [ 342.225490304142795, 845.985090427359069 ], [ 323.940279448027184, 848.743975629606098 ], [ 322.194604665078487, 825.551439224903902 ], [ 328.429157461524085, 824.55391077590275 ], [ 339.900734602610783, 823.556382326901485 ], [ 341.646409384391518, 824.55391077590275 ] ] ] } },
{ "type": "Feature", "properties": { "feature_type": "building", "subtype": "no-damage", "uid": "1b3e60f1-6117-45f0-99de-66ade8bb7df8" }, "geometry": { "type": "Polygon", "coordinates": [ [ [ 371.78066978291298, 850.905382117424438 ], [ 374.108899418870976, 850.46883906024425 ], [ 375.619981658441475, 857.649999909567214 ], [ 368.299272308725392, 860.085969958114106 ], [ 367.535190124475719, 865.816586341271091 ], [ 372.589035151574478, 880.042224200345117 ], [ 374.968166146352928, 879.67620404841648 ], [ 379.017614334102973, 893.297075228621907 ], [ 383.999981655604415, 892.179999909886419 ], [ 386.209981657723688, 900.229999910013817 ], [ 372.816671735439513, 903.024771394184882 ], [ 364.859626952359008, 877.562228081599983 ], [ 360.489981661202023, 879.119999910297224 ], [ 358.792779844692689, 877.034499033971315 ], [ 356.340639533700084, 870.90414824831339 ], [ 356.232064045590391, 865.149647493202792 ], [ 360.890090331307192, 863.559101930403017 ], [ 359.207510253378985, 854.024481505474341 ], [ 366.107967791452609, 853.476826144252982 ], [ 371.78066978291298, 850.905382117424438 ] ] ] } },
{ "type": "Feature", "properties": { "feature_type": "building", "subtype": "no-damage", "uid": "5fb879b0-5a89-4aed-93a8-c49c749a80a5" }, "geometry": { "type": "Polygon", "coordinates": [ [ [ 399.089981656806685, 888.60999991073993 ], [ 401.38958555739589, 897.061480748654617 ], [ 386.709981659935806, 900.129999909524713 ], [ 384.489981660384103, 892.069999911964828 ], [ 391.750033823984381, 890.446533551549237 ], [ 391.935163302287776, 886.743944058370175 ], [ 394.949981657768888, 885.629999909620096 ], [ 399.089981656806685, 888.60999991073993 ] ] ] } },
{ "type": "Feature", "properties": { "feature_type": "building", "subtype": "no-damage", "uid": "0fd0811f-4941-44a9-9806-218f17a352ea" }, "geometry": { "type": "Polygon", "coordinates": [ [ [ 383.008327736129786, 860.040835259879032 ], [ 387.990278463570974, 858.749218400809468 ], [ 394.809981657037383, 885.139999912082658 ], [ 391.452255548638675, 886.389606925869998 ], [ 391.269650661967376, 890.041704589211008 ], [ 379.363868187971775, 892.707178280462927 ], [ 375.323160503736517, 879.115706978179787 ], [ 372.921744840515601, 879.485155540781875 ], [ 368.046762210236693, 865.762982202836724 ], [ 368.753617454347591, 860.461567853082556 ], [ 382.403314990145475, 856.5733332439886 ], [ 383.008327736129786, 860.040835259879032 ] ] ] } },
{ "type": "Feature", "properties": { "feature_type": "building", "subtype": "no-damage", "uid": "c309494f-ec87-4655-aa77-d9f94cc93bd2" }, "geometry": { "type": "Polygon", "coordinates": [ [ [ 402.689981653857217, 847.589999909700509 ], [ 401.33632732252812, 848.29484737231985 ], [ 401.526120486937486, 859.30285083003514 ], [ 409.059981654317824, 861.289999909429866 ], [ 413.133633390512216, 870.571236577155673 ], [ 420.449981654476176, 878.679999911135269 ], [ 422.692514906119982, 886.705418015541568 ], [ 413.508836630961184, 890.027173985975878 ], [ 412.336452175576426, 886.705418015541568 ], [ 412.141054760466318, 884.165251681251675 ], [ 399.519981656433572, 888.309999909272506 ], [ 395.376106493736813, 885.322919676905713 ], [ 388.349138808562884, 858.139649954703145 ], [ 383.402261882364314, 859.422173602097587 ], [ 382.239981656153418, 853.139999908813252 ], [ 392.747986270636318, 849.037862473998757 ], [ 401.420931264099409, 846.327567162636342 ], [ 402.689981653857217, 847.589999909700509 ] ] ] } },
{ "type": "Feature", "properties": { "feature_type": "building", "subtype": "no-damage", "uid": "35c38993-43ab-4d3c-af92-23cec34196a6" }, "geometry": { "type": "Polygon", "coordinates": [ [ [ 399.917716404314888, 843.504324815527411 ], [ 401.389981653806217, 845.809999910712463 ], [ 392.582254758556303, 848.565808112464424 ], [ 382.149981660806077, 852.639999910105416 ], [ 379.909981658446611, 840.569999910499405 ], [ 399.779981656257007, 839.10999991158144 ], [ 399.917716404314888, 843.504324815527411 ] ] ] } },
{ "type": "Feature", "properties": { "feature_type": "building", "subtype": "no-damage", "uid": "cab5407f-fb67-4cb0-9d5b-43799c088a94" }, "geometry": { "type": "Polygon", "coordinates": [ [ [ 380.409981657855212, 836.529999908680338 ], [ 366.449981662740925, 837.819999910130832 ], [ 362.805081715308006, 800.498857703004433 ], [ 365.799981658159822, 797.789999909074595 ], [ 376.739981658219619, 796.499999911361897 ], [ 380.409981657855212, 836.529999908680338 ] ] ] } },
{ "type": "Feature", "properties": { "feature_type": "building", "subtype": "no-damage", "uid": "ec6a33f5-4570-4f76-9554-35d0ad079fde" }, "geometry": { "type": "Polygon", "coordinates": [ [ [ 398.225354457450578, 802.420491452565216 ], [ 395.178477993764773, 802.851792841540146 ], [ 396.441176384438393, 814.052500112437542 ], [ 400.367422711683275, 813.615666961413694 ], [ 401.859981657413414, 823.57999991075053 ], [ 397.25982553365111, 824.001900306514813 ], [ 399.207100204012022, 834.487225468377233 ], [ 400.182440923923878, 834.905228632451895 ], [ 400.079981655388224, 838.589999910533152 ], [ 381.219981657798996, 839.979999908734953 ], [ 380.820368015051315, 835.525132110476306 ], [ 377.239981660197998, 796.44999990924839 ], [ 397.057655135712878, 794.117544725503649 ], [ 398.225354457450578, 802.420491452565216 ] ] ] } },
{ "type": "Feature", "properties": { "feature_type": "building", "subtype": "no-damage", "uid": "b66e2b5f-ece3-49c6-8718-4891de904a59" }, "geometry": { "type": "Polygon", "coordinates": [ [ [ 408.796232939655908, 855.409607830663731 ], [ 412.379981652007928, 859.249999909917619 ], [ 408.949981655695524, 860.749999909778808 ], [ 402.019525547357887, 858.91603442686835 ], [ 401.841584355202826, 848.595445133291946 ], [ 410.109981654547823, 844.289999908510595 ], [ 408.796232939655908, 855.409607830663731 ] ] ] } },
{ "type": "Feature", "properties": { "feature_type": "building", "subtype": "no-damage", "uid": "76dcbaa7-35b8-48a5-883d-5a0551f70828" }, "geometry": { "type": "Polygon", "coordinates": [ [ [ 428.712271598417772, 848.991785745449192 ], [ 431.110639256183788, 853.830726900615218 ], [ 415.919527221238582, 860.086488444464408 ], [ 413.209981655226727, 859.409999909952603 ], [ 409.320064004746428, 855.238059524727532 ], [ 410.649981650928225, 844.009999909383737 ], [ 410.179981653862285, 838.669999908681689 ], [ 428.08998165147699, 835.829999908994296 ], [ 428.712271598417772, 848.991785745449192 ] ] ] } },
{ "type": "Feature", "properties": { "feature_type": "building", "subtype": "no-damage", "uid": "74de46ba-2177-4e73-a5f0-3a8a39ff51f8" }, "geometry": { "type": "Polygon", "coordinates": [ [ [ 439.309521406701322, 875.313263217336157 ], [ 426.405065701401611, 879.866508660029922 ], [ 425.428078646175379, 876.349355278690609 ], [ 420.669981654524292, 878.179999908689638 ], [ 413.558897785409386, 870.296144826516525 ], [ 409.498226372244915, 861.054616780056222 ], [ 412.503655129003391, 859.74790862315615 ], [ 415.95933480031772, 860.611828539816656 ], [ 429.905781827074179, 854.77709049787461 ], [ 439.309521406701322, 875.313263217336157 ] ] ] } },
{ "type": "Feature", "properties": { "feature_type": "building", "subtype": "no-damage", "uid": "0a2686c9-9cbe-4a12-94e1-0a0b4a4ed8bb" }, "geometry": { "type": "Polygon", "coordinates": [ [ [ 344.888376838739475, 818.818122200687185 ], [ 327.182246899338224, 820.563796983635825 ], [ 325.685954231209621, 813.58109785184115 ], [ 309.226734846985721, 814.578626300842416 ], [ 306.732913726585309, 806.598398720046475 ], [ 309.974881183970183, 795.625585795984989 ], [ 345.310288544422122, 790.64999991078173 ], [ 344.888376838739475, 818.818122200687185 ] ] ] } },
{ "type": "Feature", "properties": { "feature_type": "building", "subtype": "no-damage", "uid": "d5061772-bc4c-40a0-a8be-359c5168c2bc" }, "geometry": { "type": "Polygon", "coordinates": [ [ [ 355.113043428386618, 794.877439462037501 ], [ 360.599449886212426, 793.630528901720481 ], [ 363.089981662472326, 811.479999911371578 ], [ 360.599449889249513, 814.079862078210681 ], [ 345.810288548269511, 815.989999912125541 ], [ 345.885905289609582, 793.630528901720481 ], [ 355.11304342605041, 792.383618341403462 ], [ 355.113043428386618, 794.877439462037501 ] ] ] } },
{ "type": "Feature", "properties": { "feature_type": "building", "subtype": "no-damage", "uid": "ae0df2ec-3eda-48c8-bd66-25d9dd7fa9bf" }, "geometry": { "type": "Polygon", "coordinates": [ [ [ 431.435685522329209, 825.285450333431868 ], [ 431.369549689803591, 829.137398990535758 ], [ 429.222615676604505, 829.483887019192025 ], [ 430.299981649858523, 835.089999912102826 ], [ 419.315762721804902, 836.296851775402388 ], [ 417.309587445713078, 834.290676499777874 ], [ 409.020903026945291, 833.905156295666416 ], [ 409.736466655122626, 843.216915766777561 ], [ 403.001881859198818, 846.708482507775898 ], [ 400.480527229374673, 843.006469389637346 ], [ 400.691430143892774, 834.579383078271462 ], [ 399.649864419202288, 834.132997766321523 ], [ 397.8514556992194, 824.449258508792695 ], [ 406.466648321896116, 823.839999911274731 ], [ 406.657798444048979, 826.464645842279765 ], [ 423.857928917203481, 825.130152960598934 ], [ 423.699981650982807, 822.639999909142944 ], [ 430.902052830287516, 822.217062338832079 ], [ 431.435685522329209, 825.285450333431868 ] ] ] } },
{ "type": "Feature", "properties": { "feature_type": "building", "subtype": "no-damage", "uid": "246ce4e1-3ff7-4658-b4a8-d1bd9ad5c785" }, "geometry": { "type": "Polygon", "coordinates": [ [ [ 423.460727017110116, 824.769812531325783 ], [ 407.237836461779921, 826.028485073980733 ], [ 406.856648319879014, 816.959999909768158 ], [ 422.773314984969772, 814.049999909364487 ], [ 423.460727017110116, 824.769812531325783 ] ] ] } },
{ "type": "Feature", "properties": { "feature_type": "building", "subtype": "no-damage", "uid": "d8822200-99a1-4f30-984e-3fa6016f9d06" }, "geometry": { "type": "Polygon", "coordinates": [ [ [ 423.693124184616522, 792.633000456457239 ], [ 424.191888406313808, 797.371260578933629 ], [ 425.309981649466522, 797.559999912061244 ], [ 424.429981651376295, 801.009999912115859 ], [ 421.542188899786595, 801.15167116866894 ], [ 422.679981649124102, 813.429999911564892 ], [ 407.838588666325791, 816.546245989361751 ], [ 401.032866342158627, 814.460621403854589 ], [ 399.00429510921532, 793.381146790404614 ], [ 407.73266902722952, 792.383618341403462 ], [ 423.693124184616522, 792.633000456457239 ] ] ] } },
{ "type": "Feature", "properties": { "feature_type": "building", "subtype": "no-damage", "uid": "f2d73b66-0f2a-44ef-9c94-a2fe8df4d545" }, "geometry": { "type": "Polygon", "coordinates": [ [ [ 459.839981643712576, 860.029999911490108 ], [ 439.049981647102413, 866.009999908594409 ], [ 435.960071588683888, 856.623477543577224 ], [ 433.354442613145579, 855.87901211845724 ], [ 429.209437152466478, 848.850524606362342 ], [ 429.031574721375023, 840.313127779404567 ], [ 433.137323710818919, 839.753252918205931 ], [ 431.845180451352974, 834.953863662086519 ], [ 451.989981649235517, 830.739999911383961 ], [ 459.839981643712576, 860.029999911490108 ] ] ] } },
{ "type": "Feature", "properties": { "feature_type": "building", "subtype": "no-damage", "uid": "c9acb2d5-5e6e-4c63-a829-46647b290529" }, "geometry": { "type": "Polygon", "coordinates": [ [ [ 462.035970956353481, 825.212875734433624 ], [ 459.013648185547481, 833.329286105704341 ], [ 464.070531180466787, 846.627015451656348 ], [ 467.542359664349476, 846.444287638657897 ], [ 470.239981642252417, 856.799999911016471 ], [ 460.319981646153906, 859.889999910057782 ], [ 451.383500913611272, 826.54590872367703 ], [ 460.449981646883202, 823.979999908969148 ], [ 462.035970956353481, 825.212875734433624 ] ] ] } },
{ "type": "Feature", "properties": { "feature_type": "building", "subtype": "no-damage", "uid": "81b16829-df6e-4e95-b9d0-8f6e062cedd8" }, "geometry": { "type": "Polygon", "coordinates": [ [ [ 459.629981646937324, 822.219999908583759 ], [ 436.895168573213482, 826.770824141017101 ], [ 431.411293793824086, 818.052869364437015 ], [ 431.701431597247392, 813.41066447602293 ], [ 423.798796468427213, 805.50802934510034 ], [ 425.829981651449316, 797.559999912061244 ], [ 441.648636238137101, 790.637943558454822 ], [ 453.529981647003012, 788.699999910588303 ], [ 459.629981646937324, 822.219999908583759 ] ] ] } },
{ "type": "Feature", "properties": { "feature_type": "building", "subtype": "no-damage", "uid": "c7a72b57-91b4-4c22-9d81-b12318858707" }, "geometry": { "type": "Polygon", "coordinates": [ [ [ 493.49994403483629, 835.522263852404194 ], [ 502.519981638108277, 833.409999909866087 ], [ 503.059457937987986, 838.67145263932332 ], [ 505.968958887663575, 846.381630153136712 ], [ 512.419981640743686, 853.519999908429213 ], [ 498.960022716730975, 858.159486472983303 ], [ 494.919981642050686, 849.919829035642465 ], [ 487.897257200298327, 848.278948974499485 ], [ 484.670441885637103, 840.422355155626292 ], [ 486.529981642783014, 834.719999909919238 ], [ 493.355250970525788, 833.351867931666789 ], [ 493.49994403483629, 835.522263852404194 ] ] ] } },
{ "type": "Feature", "properties": { "feature_type": "building", "subtype": "no-damage", "uid": "e6b5973a-55ee-4ce2-8f84-4740714a4e1d" }, "geometry": { "type": "Polygon", "coordinates": [ [ [ 499.359897181444921, 819.413881781372311 ], [ 500.529981636971627, 819.059999908826285 ], [ 502.192370622785404, 830.145094030953487 ], [ 502.469981640667072, 832.909999911158252 ], [ 493.959657547689176, 834.901318404121298 ], [ 493.816221118745489, 832.749771948473949 ], [ 486.679981640246012, 834.179999910268293 ], [ 482.357308140440921, 827.548625396543571 ], [ 483.13998164087252, 820.279999909560615 ], [ 498.561436868063424, 817.360698115788182 ], [ 499.359897181444921, 819.413881781372311 ] ] ] } },
{ "type": "Feature", "properties": { "feature_type": "building", "subtype": "no-damage", "uid": "94b8c8fd-2ca4-462e-ba0e-a4b722be0af2" }, "geometry": { "type": "Polygon", "coordinates": [ [ [ 512.679658911446154, 832.347910395457006 ], [ 517.472006565534684, 838.478671141589757 ], [ 518.992695229903347, 840.409999910464421 ], [ 518.339639865804088, 847.854242649965727 ], [ 514.760289548711853, 848.805131320951773 ], [ 516.483540286440416, 852.198234012468106 ], [ 513.142695230724712, 853.349999910961742 ], [ 506.616094396825417, 846.116647325759345 ], [ 503.763005509452114, 838.555961783074508 ], [ 502.905237954250083, 829.849999911889881 ], [ 513.002695232329415, 827.349999910875226 ], [ 512.679658911446154, 832.347910395457006 ] ] ] } },
{ "type": "Feature", "properties": { "feature_type": "building", "subtype": "no-damage", "uid": "a3b09600-6065-467b-8dbd-e6859968cadd" }, "geometry": { "type": "Polygon", "coordinates": [ [ [ 481.841172130734378, 827.672518867008534 ], [ 486.146427602270876, 834.273910586464353 ], [ 484.138110254710114, 840.442313869242639 ], [ 488.300546907569128, 850.522709336390449 ], [ 470.719981643291987, 856.65999990958403 ], [ 467.923424301718626, 845.923539562628093 ], [ 464.40829998774791, 846.108546105025994 ], [ 459.536355322486202, 833.297136045892216 ], [ 462.885881759522988, 824.785175667149133 ], [ 471.389981644840418, 822.499999911448526 ], [ 482.619981642160326, 820.379999910049833 ], [ 481.841172130734378, 827.672518867008534 ] ] ] } },
{ "type": "Feature", "properties": { "feature_type": "building", "subtype": "no-damage", "uid": "76595b00-58d0-471e-9427-44b26e9c3fed" }, "geometry": { "type": "Polygon", "coordinates": [ [ [ 490.509981641318518, 818.369999910310526 ], [ 470.165493545812922, 822.218010932880134 ], [ 465.558548174031387, 815.197903701113432 ], [ 465.359981643286176, 808.729999911003006 ], [ 486.799981642842113, 804.059999910213946 ], [ 490.509981641318518, 818.369999910310526 ] ] ] } },
{ "type": "Feature", "properties": { "feature_type": "building", "subtype": "no-damage", "uid": "198a7d56-217c-47c2-8980-763b30b0243f" }, "geometry": { "type": "Polygon", "coordinates": [ [ [ 481.149981641137515, 782.289999911754535 ], [ 486.669981642346386, 803.579999910108882 ], [ 465.119981647205122, 808.269999909500484 ], [ 461.049316722780418, 800.324461009615106 ], [ 462.172864593367592, 790.99901368724602 ], [ 461.577104859662711, 785.716602299002261 ], [ 480.270667407649228, 781.499206725183285 ], [ 481.149981641137515, 782.289999911754535 ] ] ] } },
{ "type": "Feature", "properties": { "feature_type": "building", "subtype": "no-damage", "uid": "bf9196ed-c819-4dc0-9c54-455aa594086f" }, "geometry": { "type": "Polygon", "coordinates": [ [ [ 504.657382192209184, 811.449468107149073 ], [ 509.729981637584785, 810.289999910410074 ], [ 509.419981640086689, 815.87999991046604 ], [ 499.658687636305615, 818.802685237814103 ], [ 498.876848977776774, 816.79224297476128 ], [ 491.009981644231402, 818.279999910991592 ], [ 481.729981639629216, 782.549999908540826 ], [ 485.853060665794374, 780.211737835411668 ], [ 496.823314976657514, 778.856666576579073 ], [ 504.657382192209184, 811.449468107149073 ] ] ] } },
{ "type": "Feature", "properties": { "feature_type": "building", "subtype": "no-damage", "uid": "3d98eae1-2430-49f9-aa13-d8fbdccab776" }, "geometry": { "type": "Polygon", "coordinates": [ [ [ 533.576355934894877, 844.841931119695687 ], [ 527.299297603969308, 846.526019939133676 ], [ 528.830287445492672, 850.812791484278819 ], [ 522.299981635898916, 852.69999990965141 ], [ 518.713134569659019, 847.207513410113279 ], [ 519.279981635237505, 840.479999911180585 ], [ 531.129981635262993, 835.779999910618585 ], [ 533.576355934894877, 844.841931119695687 ] ] ] } },
{ "type": "Feature", "properties": { "feature_type": "building", "subtype": "no-damage", "uid": "f66d9ff0-d898-462c-a1cd-d81185e4e509" }, "geometry": { "type": "Polygon", "coordinates": [ [ [ 524.682516057065527, 810.37725959212878 ], [ 526.923418213470427, 812.500219527070385 ], [ 532.147335312249993, 813.722838423811822 ], [ 536.954298476895246, 832.805611565191839 ], [ 517.781881082092013, 838.303078917977473 ], [ 512.978095231440989, 832.189169652918054 ], [ 513.313542315653649, 826.933831971907352 ], [ 509.703139155944712, 815.087196595476257 ], [ 510.129981637672415, 810.953333242876397 ], [ 523.579981634310343, 807.563333242367662 ], [ 524.682516057065527, 810.37725959212878 ] ] ] } },
{ "type": "Feature", "properties": { "feature_type": "building", "subtype": "no-damage", "uid": "7f56272a-297f-4fb5-b186-de64e200e41d" }, "geometry": { "type": "Polygon", "coordinates": [ [ [ 550.44282652360846, 833.866079934622917 ], [ 544.707037945589263, 835.36237260625569 ], [ 545.455184284209167, 837.856193726889728 ], [ 539.069981633264092, 838.499999911214218 ], [ 532.555744232372831, 813.30491206588465 ], [ 527.169082515983746, 812.044204007067606 ], [ 525.120601740889356, 810.103538013372258 ], [ 524.139981636301968, 806.9799999117879 ], [ 542.779981630572252, 802.699999911785085 ], [ 550.44282652360846, 833.866079934622917 ] ] ] } },
{ "type": "Feature", "properties": { "feature_type": "building", "subtype": "no-damage", "uid": "765fd2c8-93bd-49af-aefd-ddee0655ab8c" }, "geometry": { "type": "Polygon", "coordinates": [ [ [ 533.709981635828058, 786.54999990941667 ], [ 532.50143860053231, 790.17231417992673 ], [ 536.157067956630954, 795.950567038043232 ], [ 540.869981630621169, 794.949999909387202 ], [ 542.659981630779612, 802.21999991168002 ], [ 524.519981638721333, 806.379999908853051 ], [ 522.897230470842146, 800.48782247846566 ], [ 515.539981637221899, 802.029999911871982 ], [ 513.381816481525334, 798.142665636938546 ], [ 512.999981639936209, 793.579999909788057 ], [ 520.741815728083566, 791.428975569981276 ], [ 520.229981634744718, 789.379999911671689 ], [ 532.549981635106747, 785.999999908595441 ], [ 533.709981635828058, 786.54999990941667 ] ] ] } },
{ "type": "Feature", "properties": { "feature_type": "building", "subtype": "no-damage", "uid": "a24b3fe6-504e-4ee0-a337-f61ffe9989e5" }, "geometry": { "type": "Polygon", "coordinates": [ [ [ 512.89265792910544, 798.291743255572328 ], [ 515.029981635942136, 802.12999990862329 ], [ 503.499981636687608, 804.539999910319011 ], [ 501.589981639539872, 796.749999910715815 ], [ 512.509981638427234, 793.719999911220384 ], [ 512.89265792910544, 798.291743255572328 ] ] ] } },
{ "type": "Feature", "properties": { "feature_type": "building", "subtype": "no-damage", "uid": "84a54c2e-cc45-4817-9de0-36729dd94d20" }, "geometry": { "type": "Polygon", "coordinates": [ [ [ 520.139441692657101, 791.077369978517368 ], [ 501.469981642317123, 796.259999909440353 ], [ 497.666648305425213, 780.753333244673513 ], [ 501.805341814998826, 780.746084019717387 ], [ 516.463269787542004, 776.686672624709558 ], [ 520.139441692657101, 791.077369978517368 ] ] ] } },
{ "type": "Feature", "properties": { "feature_type": "building", "subtype": "no-damage", "uid": "72923caa-a371-4552-a36d-d8b182fe035d" }, "geometry": { "type": "Polygon", "coordinates": [ [ [ 553.544905666989848, 789.095373471000585 ], [ 553.146904853584715, 791.085377542698552 ], [ 541.279981632112708, 794.349999910190263 ], [ 536.393618949773327, 795.389264471371121 ], [ 533.050781428099981, 790.105424521677264 ], [ 534.452533440390084, 786.908743732954576 ], [ 551.169981632176132, 781.339999908976665 ], [ 553.544905666989848, 789.095373471000585 ] ] ] } },
{ "type": "Feature", "properties": { "feature_type": "building", "subtype": "no-damage", "uid": "e67443a4-baa3-41fb-8bf2-98dad9933a2d" }, "geometry": { "type": "Polygon", "coordinates": [ [ [ 551.019981629573522, 780.8599999088716 ], [ 534.486041533523348, 786.370528089476011 ], [ 532.759981633050188, 785.549999912001113 ], [ 530.42866805276708, 780.41327697207862 ], [ 530.428668050197302, 775.176252623232699 ], [ 529.333991383097782, 768.305187100198054 ], [ 532.777525736817665, 765.446963918757774 ], [ 542.70569837887183, 763.018222858234935 ], [ 542.423314969122885, 762.266666578786726 ], [ 545.985443182680115, 761.556828933148267 ], [ 551.019981629573522, 780.8599999088716 ] ] ] } },
{ "type": "Feature", "properties": { "feature_type": "building", "subtype": "no-damage", "uid": "11edb56c-b1f0-4159-9ae9-be593a204675" }, "geometry": { "type": "Polygon", "coordinates": [ [ [ 560.219981628317669, 749.819999909550233 ], [ 564.159981632451263, 766.13999990938612 ], [ 562.140475768814326, 766.689051817036443 ], [ 563.949981629368267, 773.789999911294899 ], [ 561.99842065066332, 773.558029396274833 ], [ 553.694140475078484, 775.597677155797328 ], [ 550.649981632062236, 777.849999911716736 ], [ 546.361451447422382, 761.007269962137002 ], [ 542.193314966035473, 761.776666577511378 ], [ 539.338839173417568, 750.163891256475154 ], [ 546.02275679114905, 747.29935513151986 ], [ 560.219981628317669, 749.819999909550233 ] ] ] } },
{ "type": "Feature", "properties": { "feature_type": "building", "subtype": "no-damage", "uid": "9a53d9e3-795c-46a3-a2fb-b9171ae3c2d6" }, "geometry": { "type": "Polygon", "coordinates": [ [ [ 564.079981631265696, 774.309999908605391 ], [ 568.624410682182656, 792.1260272273189 ], [ 560.394800987267331, 795.617376793216295 ], [ 553.910866079038669, 797.113669464849067 ], [ 551.68138642239785, 792.182809487365262 ], [ 553.593583486344869, 791.401494118841697 ], [ 554.05997114639456, 789.069555814154796 ], [ 550.779840922288486, 778.373478986788768 ], [ 553.910736339707569, 776.059338895754536 ], [ 562.029837185928614, 774.065173775884318 ], [ 564.079981631265696, 774.309999908605391 ] ] ] } },
{ "type": "Feature", "properties": { "feature_type": "building", "subtype": "no-damage", "uid": "c2c7aa43-6990-4584-9994-3c843521e0c6" }, "geometry": { "type": "Polygon", "coordinates": [ [ [ 643.75261119583638, 809.70132050490372 ], [ 648.172104208902169, 808.568117166075695 ], [ 649.549981617511321, 813.089999909154244 ], [ 638.936607885628291, 816.392112557850169 ], [ 634.946494095230264, 813.648909325900377 ], [ 634.499981616551509, 810.099999910602151 ], [ 635.720800584139624, 806.313463406376286 ], [ 635.419981619089185, 805.189999911629457 ], [ 636.68595254041054, 802.987808040014329 ], [ 641.858362122529002, 801.953326123030024 ], [ 643.75261119583638, 809.70132050490372 ] ] ] } },
{ "type": "Feature", "properties": { "feature_type": "building", "subtype": "no-damage", "uid": "6399d0bf-27e0-433f-8abc-75614e68e7cb" }, "geometry": { "type": "Polygon", "coordinates": [ [ [ 660.899981612521287, 805.629999910791412 ], [ 660.861421451875231, 805.574130461979735 ], [ 656.631465766896099, 806.838389605256225 ], [ 657.856257636470332, 810.512765215380568 ], [ 650.029981618317379, 812.949999911459827 ], [ 648.511190082705866, 807.964997143278879 ], [ 644.126160250469297, 809.089363768127328 ], [ 639.609981619305927, 789.249999911409645 ], [ 638.661735484373594, 783.872269701870664 ], [ 643.380371170096168, 780.68025144027456 ], [ 654.81998161399315, 779.989999911718087 ], [ 660.899981612521287, 805.629999910791412 ] ] ] } },
{ "type": "Feature", "properties": { "feature_type": "building", "subtype": "no-damage", "uid": "2c593636-f68c-43de-aed6-03c259b2bb99" }, "geometry": { "type": "Polygon", "coordinates": [ [ [ 654.709981615370793, 779.499999910442739 ], [ 643.213628637480383, 780.189389750875307 ], [ 638.135861611433484, 783.624349800483515 ], [ 638.913314950306244, 788.249999910256179 ], [ 634.729981618704414, 789.329999909558182 ], [ 632.649981617314438, 776.549999909095845 ], [ 632.762734554753479, 776.605361995515523 ], [ 645.225215623497093, 772.262376166327499 ], [ 643.709981620671101, 767.139999910539586 ], [ 651.249981614613034, 764.919999908651675 ], [ 654.709981615370793, 779.499999910442739 ] ] ] } },
{ "type": "Feature", "properties": { "feature_type": "building", "subtype": "no-damage", "uid": "022074f5-4862-4889-91a7-b9bf492037f0" }, "geometry": { "type": "Polygon", "coordinates": [ [ [ 632.099981616960349, 776.259999908798704 ], [ 634.275519189098873, 789.65268978441361 ], [ 630.979518441780328, 790.675586569812253 ], [ 635.199562496765907, 806.30115510162716 ], [ 634.079981620664626, 809.769999909361786 ], [ 619.799981620807785, 814.119999910080651 ], [ 616.718626638097817, 811.494791789324609 ], [ 607.265079684038938, 778.236649440557471 ], [ 614.823745734892896, 775.940164682360887 ], [ 615.742339639292936, 779.155243339350704 ], [ 629.689981617367039, 774.999999910858946 ], [ 632.099981616960349, 776.259999908798704 ] ] ] } },
{ "type": "Feature", "properties": { "feature_type": "building", "subtype": "no-damage", "uid": "49ce28f4-b360-4dc7-a898-3250cafd62d8" }, "geometry": { "type": "Polygon", "coordinates": [ [ [ 644.053548531895103, 754.301554543508587 ], [ 642.64198716643682, 757.900354941643627 ], [ 643.199000920612775, 767.183917525882407 ], [ 644.610332849758947, 771.947162776354389 ], [ 632.802346305816741, 776.062067177351537 ], [ 630.049981620249241, 774.629999908675472 ], [ 625.377356414596875, 756.190188704487014 ], [ 628.89998162023096, 755.809999911562841 ], [ 633.123184203514029, 755.445449662138913 ], [ 643.629981616915643, 752.409999909883823 ], [ 644.053548531895103, 754.301554543508587 ] ] ] } },
{ "type": "Feature", "properties": { "feature_type": "building", "subtype": "no-damage", "uid": "24f385aa-397f-4a4b-866b-7151614f3b34" }, "geometry": { "type": "Polygon", "coordinates": [ [ [ 635.882655585285079, 738.021895141080904 ], [ 640.239981617107674, 737.369999910328261 ], [ 643.519981617592407, 751.919999908608361 ], [ 633.031235160128404, 754.951558432223806 ], [ 629.299981619617711, 755.279999909344156 ], [ 625.449981621344364, 738.359999910311444 ], [ 634.97998161992723, 735.739999910204915 ], [ 635.882655585285079, 738.021895141080904 ] ] ] } },
{ "type": "Feature", "properties": { "feature_type": "building", "subtype": "no-damage", "uid": "4d7d8249-8c7d-4118-b67b-8e94e0b59e16" }, "geometry": { "type": "Polygon", "coordinates": [ [ [ 623.66243742561096, 738.853496146259886 ], [ 624.969981620304793, 738.489999910573488 ], [ 628.799570603079587, 755.320661191481349 ], [ 624.766439977242499, 755.75278232946323 ], [ 628.379981619416299, 771.799999910158249 ], [ 619.263616265662222, 773.796778913526168 ], [ 617.547337999338993, 769.693433299471621 ], [ 608.616091773205881, 772.084323144470318 ], [ 604.556803569447993, 756.043483068112778 ], [ 600.893449371660722, 747.800936126537636 ], [ 601.619981626638264, 744.179999911118671 ], [ 601.648527639838676, 744.193186548812378 ], [ 602.715783831985163, 740.257679329584221 ], [ 622.539981623744097, 736.739999911358382 ], [ 623.66243742561096, 738.853496146259886 ] ] ] } },
{ "type": "Feature", "properties": { "feature_type": "building", "subtype": "no-damage", "uid": "2b18dfbe-8d7a-4d87-a2e2-837b82fd1acb" }, "geometry": { "type": "Polygon", "coordinates": [ [ [ 568.489784426803567, 747.92260132163176 ], [ 573.669981629861695, 746.80666657867198 ], [ 575.2090185515965, 751.899472000436731 ], [ 586.699981628743785, 748.839999910737333 ], [ 587.408856231757113, 752.268393692603013 ], [ 591.059981627128877, 751.479999909446519 ], [ 591.656648290733528, 753.223333244952642 ], [ 590.453987741762376, 753.673035660711093 ], [ 591.816947082680485, 759.207588458872237 ], [ 574.88766448293768, 766.023884066847586 ], [ 564.639981629752924, 766.009999909123962 ], [ 560.259981630662651, 747.84999991075415 ], [ 568.039981626759754, 744.969999910123533 ], [ 568.489784426803567, 747.92260132163176 ] ] ] } },
{ "type": "Feature", "properties": { "feature_type": "building", "subtype": "no-damage", "uid": "5a6928c4-9c85-4c8f-8c47-9f18b7454124" }, "geometry": { "type": "Polygon", "coordinates": [ [ [ 596.393462724751657, 726.256956842995692 ], [ 597.075372239153694, 728.529988570440082 ], [ 597.179981626600352, 728.499999911422947 ], [ 601.295181060594587, 743.242767909918712 ], [ 600.364896187443946, 745.460492127863859 ], [ 598.311876537401304, 747.513512092589963 ], [ 593.045258485424938, 746.681940818581666 ], [ 575.552393885952938, 751.284377918681912 ], [ 570.679981631075748, 734.33999991083283 ], [ 571.109981628833793, 730.419999911843433 ], [ 594.569981626729486, 724.199999909079679 ], [ 596.393462724751657, 726.256956842995692 ] ] ] } },
{ "type": "Feature", "properties": { "feature_type": "building", "subtype": "no-damage", "uid": "a5ae2f04-2ed0-43aa-a257-2b09cba67111" }, "geometry": { "type": "Polygon", "coordinates": [ [ [ 595.530737170223802, 704.34074428807935 ], [ 595.909981622117016, 704.199999908438031 ], [ 597.074611759986965, 706.926124115308767 ], [ 597.812341208783891, 716.516606935652135 ], [ 601.681358364603739, 721.859535389394182 ], [ 602.459981624018724, 726.209999908818986 ], [ 597.406191731486615, 727.89266913026529 ], [ 596.840744345388998, 726.007844498882037 ], [ 595.069981625670948, 724.009999909271642 ], [ 594.484039904421707, 721.765253234292572 ], [ 591.909981627081493, 722.329999910772699 ], [ 585.369981625415562, 703.079999911930599 ], [ 594.089981624288271, 701.039999908680443 ], [ 595.530737170223802, 704.34074428807935 ] ] ] } },
{ "type": "Feature", "properties": { "feature_type": "building", "subtype": "no-damage", "uid": "025a392d-7c6b-439f-bf96-080137cea554" }, "geometry": { "type": "Polygon", "coordinates": [ [ [ 565.963814316795379, 734.11068801436852 ], [ 567.429981627794177, 736.969999912109643 ], [ 557.162619492040676, 739.978873929945962 ], [ 554.739981631789874, 731.629999911407481 ], [ 565.922795679367141, 728.969999910357842 ], [ 565.963814316795379, 734.11068801436852 ] ] ] } },
{ "type": "Feature", "properties": { "feature_type": "building", "subtype": "no-damage", "uid": "c8edee2b-52d8-42c1-b90c-4078ba672227" }, "geometry": { "type": "Polygon", "coordinates": [ [ [ 570.372013141788216, 723.246809438441915 ], [ 572.349981629338913, 727.009999908994132 ], [ 554.509981633842131, 731.169999909905073 ], [ 552.070110827841404, 726.292756899291476 ], [ 551.772182738363426, 717.863844419724387 ], [ 569.224278115737093, 713.672889373395606 ], [ 570.372013141788216, 723.246809438441915 ] ] ] } },
{ "type": "Feature", "properties": { "feature_type": "building", "subtype": "no-damage", "uid": "7f978a5e-2743-4a0a-8421-484bad0ec94d" }, "geometry": { "type": "Polygon", "coordinates": [ [ [ 591.462308781437969, 722.562985774804247 ], [ 572.849981630382899, 726.899999911072655 ], [ 570.85702666943223, 723.094991677888856 ], [ 568.878499191296441, 706.859999909487669 ], [ 584.879981624373727, 703.18999990985219 ], [ 591.462308781437969, 722.562985774804247 ] ] ] } },
{ "type": "Feature", "properties": { "feature_type": "building", "subtype": "no-damage", "uid": "bd6d09d5-c866-4513-b569-873eed7f1e64" }, "geometry": { "type": "Polygon", "coordinates": [ [ [ 612.779949589297757, 706.669485628454822 ], [ 616.387022192301288, 707.39090015241959 ], [ 616.658425399941621, 711.461948265622141 ], [ 615.776899673737717, 713.518841632994167 ], [ 617.679981622679747, 718.289999908953632 ], [ 617.949981622271594, 724.419999908660543 ], [ 611.467093105757044, 726.806468608204113 ], [ 610.91263543025741, 724.921312519495132 ], [ 603.037363357973049, 726.608870817795264 ], [ 602.153453504173171, 721.658975639506593 ], [ 598.300049142469447, 716.337607715733725 ], [ 597.566841158934494, 706.805903928377234 ], [ 596.379981624322568, 704.02999991097056 ], [ 598.177179260959065, 703.366200116096024 ], [ 597.222597852127933, 696.651458928527518 ], [ 612.22998162242061, 692.479999908674927 ], [ 612.779949589297757, 706.669485628454822 ] ] ] } },
{ "type": "Feature", "properties": { "feature_type": "building", "subtype": "no-damage", "uid": "a8114f75-7522-4dbb-b49d-85b4fad6ed83" }, "geometry": { "type": "Polygon", "coordinates": [ [ [ 680.313226178430341, 805.324748350663867 ], [ 666.889981615935767, 809.86999990985089 ], [ 661.469981613347045, 805.879999910145216 ], [ 655.239981613851569, 778.8999999112458 ], [ 661.750571420320057, 775.729373398969528 ], [ 672.089981613803957, 774.319999909775674 ], [ 680.313226178430341, 805.324748350663867 ] ] ] } },
{ "type": "Feature", "properties": { "feature_type": "building", "subtype": "no-damage", "uid": "eb2921e4-08df-4a8c-b069-1acb51ba670a" }, "geometry": { "type": "Polygon", "coordinates": [ [ [ 674.943649937081773, 771.326696047018572 ], [ 671.584852264387678, 772.406309582217204 ], [ 671.959981616345203, 773.829999908500213 ], [ 661.603763590288395, 775.2447652991425 ], [ 655.129981613360201, 778.399999908800055 ], [ 651.859981615213883, 764.239999911306199 ], [ 657.964348642508753, 760.891873457687666 ], [ 670.98506696253844, 758.251376529035269 ], [ 674.943649937081773, 771.326696047018572 ] ] ] } },
{ "type": "Feature", "properties": { "feature_type": "building", "subtype": "no-damage", "uid": "3bdb2504-34f4-4069-adc3-fe01c97f29ab" }, "geometry": { "type": "Polygon", "coordinates": [ [ [ 643.098703159168281, 713.561485241130072 ], [ 649.464338984277674, 711.970076285728851 ], [ 651.055747940847027, 713.243203451545014 ], [ 654.259981615272181, 725.779999910827314 ], [ 635.840087009434683, 730.835075508757768 ], [ 636.20783971693254, 734.880355301514214 ], [ 623.915366995400063, 738.265239096069081 ], [ 618.61805601281435, 728.332781000713339 ], [ 618.064761149092533, 715.496340147791443 ], [ 641.739981617202602, 709.199999910467341 ], [ 643.098703159168281, 713.561485241130072 ] ] ] } },
{ "type": "Feature", "properties": { "feature_type": "building", "subtype": "no-damage", "uid": "d21efd68-cc6f-4905-a9f4-a416a5e3991e" }, "geometry": { "type": "Polygon", "coordinates": [ [ [ 661.089981612329325, 684.77999991212846 ], [ 658.234997943826897, 690.615608287932218 ], [ 658.499981617368917, 693.879999911784921 ], [ 619.419981619556552, 705.21999991193195 ], [ 615.594229872078927, 696.924153178337633 ], [ 616.319981620746489, 691.309999910054103 ], [ 659.967638102728415, 678.868769978247087 ], [ 661.089981612329325, 684.77999991212846 ] ] ] } },
{ "type": "Feature", "properties": { "feature_type": "building", "subtype": "no-damage", "uid": "35b3807e-d47c-4fd0-8c80-0ab9db7724d7" }, "geometry": { "type": "Polygon", "coordinates": [ [ [ 679.064545583429776, 696.374268506350063 ], [ 661.559047057195244, 701.78505895919966 ], [ 659.089981617030844, 694.919999910143702 ], [ 658.744531264732814, 690.712017167430531 ], [ 661.279981615407905, 685.539999911360383 ], [ 674.608600504007541, 681.415024309879414 ], [ 679.064545583429776, 696.374268506350063 ] ] ] } },
{ "type": "Feature", "properties": { "feature_type": "building", "subtype": "no-damage", "uid": "3a6a7a2d-78dd-4b08-9948-439ed4b12d95" }, "geometry": { "type": "Polygon", "coordinates": [ [ [ 591.447691250785738, 771.413698005014112 ], [ 592.25895456990952, 782.986655719148985 ], [ 597.730082053758224, 785.526822049700968 ], [ 602.224222483548942, 810.537690544624525 ], [ 589.718788239357423, 814.445638747774069 ], [ 589.327993415678407, 812.100869824389179 ], [ 577.408751404435634, 815.227228387656396 ], [ 570.765239463099533, 787.676193562180742 ], [ 575.650174711196087, 786.894603922298415 ], [ 575.845572121400323, 784.15904018084143 ], [ 573.696200614760869, 783.963642769936314 ], [ 573.305405790380973, 775.366156723755012 ], [ 580.730507375103684, 773.607580033085355 ], [ 580.144315144724715, 769.308837011863716 ], [ 587.374019318775936, 768.136452550171271 ], [ 587.960211544482604, 771.849003342415699 ], [ 591.447691250785738, 771.413698005014112 ] ] ] } },
{ "type": "Feature", "properties": { "feature_type": "building", "subtype": "no-damage", "uid": "e2118cf2-025c-4ef0-a5fd-7ab479e1d769" }, "geometry": { "type": "Polygon", "coordinates": [ [ [ 681.382790405728542, 714.603997269243337 ], [ 682.802686265642706, 716.761943626660468 ], [ 696.23998160671124, 716.329999911327832 ], [ 696.115454259854346, 726.383611907126237 ], [ 699.559981609307215, 734.069999909138346 ], [ 670.329981613418454, 739.515607420703418 ], [ 666.559981611424746, 721.199999909357189 ], [ 667.929650487304798, 718.109667395167435 ], [ 671.151237876577738, 717.879554009284902 ], [ 671.329981615973679, 716.009999911257751 ], [ 674.661218983951812, 714.91408742603096 ], [ 681.382790405728542, 714.603997269243337 ] ] ] } },
{ "type": "Feature", "properties": { "feature_type": "building", "subtype": "no-damage", "uid": "c2da67ce-5df9-4e23-8be3-1f10b6b41c29" }, "geometry": { "type": "Polygon", "coordinates": [ [ [ 669.336052224918262, 717.011325737976335 ], [ 667.594645017881817, 717.632322466361188 ], [ 665.772423713042144, 721.732320411887144 ], [ 663.18850083162522, 722.593628037390772 ], [ 656.949981616795867, 723.529999909166577 ], [ 655.370653964365601, 719.006382632240729 ], [ 657.864475077757561, 714.268122509764339 ], [ 668.338523776851503, 711.774301389130301 ], [ 669.336052224918262, 717.011325737976335 ] ] ] } },
{ "type": "Feature", "properties": { "feature_type": "building", "subtype": "no-damage", "uid": "1e68229e-76f2-4f1f-ba88-6e2899fed4a6" }, "geometry": { "type": "Polygon", "coordinates": [ [ [ 718.649919736236484, 715.474432786558168 ], [ 719.019640420443693, 730.067638814474321 ], [ 700.059981608482303, 733.969999908649243 ], [ 696.616791367413043, 726.279767977247502 ], [ 696.739981610325003, 716.309999908987265 ], [ 714.369823551934019, 710.663677061634189 ], [ 718.649919736236484, 715.474432786558168 ] ] ] } },
{ "type": "Feature", "properties": { "feature_type": "building", "subtype": "no-damage", "uid": "48fa061d-8c60-4291-a8db-7dcdaaac8633" }, "geometry": { "type": "Polygon", "coordinates": [ [ [ 754.108070601098916, 706.465924663775922 ], [ 751.763301682152814, 696.891451566807291 ], [ 753.71727578419484, 693.960490418183099 ], [ 750.200122399117504, 693.569695596372981 ], [ 750.395519814227669, 689.466349986056343 ], [ 756.257442115214189, 690.24793962593867 ], [ 756.257442115214189, 692.788105956490654 ], [ 801.394243839912178, 681.650453579757368 ], [ 801.394243842715582, 684.190619910309351 ], [ 804.911397223120616, 683.213632859522022 ], [ 806.083781681776031, 694.742080058065426 ], [ 758.211416213051052, 707.83370653637337 ], [ 754.108070601098916, 706.465924663775922 ] ] ] } },
{ "type": "Feature", "properties": { "feature_type": "building", "subtype": "no-damage", "uid": "c4079113-6a8c-4874-934b-2b7e059ffcba" }, "geometry": { "type": "Polygon", "coordinates": [ [ [ 651.291345520867708, 642.629503129245791 ], [ 667.936836312520313, 639.06180483630385 ], [ 671.917409888753355, 657.127484908201495 ], [ 680.031656024040331, 655.596495074387576 ], [ 683.552932648307092, 660.954959500212112 ], [ 682.021942811689655, 663.710741207805427 ], [ 673.754597693348387, 666.619621897284901 ], [ 675.285587528096812, 673.355977178774992 ], [ 665.334153589616562, 677.336550756409679 ], [ 657.373006443224426, 677.183451770785609 ], [ 651.291345520867708, 642.629503129245791 ] ] ] } },
{ "type": "Feature", "properties": { "feature_type": "building", "subtype": "no-damage", "uid": "69763da3-f8e1-4369-970f-cde2afb5a311" }, "geometry": { "type": "Polygon", "coordinates": [ [ [ 642.871418256245079, 641.896120676461237 ], [ 645.802379411877951, 645.608671468705666 ], [ 647.365558691876231, 662.999040968235363 ], [ 634.273932214268712, 665.343809887882344 ], [ 635.055521855552797, 676.481462264615629 ], [ 620.40071610121754, 676.765893094068588 ], [ 618.055947176898144, 671.791924421583872 ], [ 619.619126459933454, 665.734604709692462 ], [ 622.159292788383027, 665.53920729878746 ], [ 622.354690202792312, 659.872682404968259 ], [ 621.377703149435206, 652.447580824217312 ], [ 622.55008760855776, 644.827081828823339 ], [ 642.871418256245079, 641.896120676461237 ] ] ] } },
{ "type": "Feature", "properties": { "feature_type": "building", "subtype": "no-damage", "uid": "bc204994-b742-4582-a10b-54b6f99c0889" }, "geometry": { "type": "Polygon", "coordinates": [ [ [ 575.55998162934111, 697.119999909691046 ], [ 556.877581948034958, 697.638972054750639 ], [ 556.112087031595252, 685.697251325584375 ], [ 549.988127682789468, 686.003449293094718 ], [ 550.4474246368585, 670.54045194316609 ], [ 574.089981627851103, 669.799999912118778 ], [ 575.55998162934111, 697.119999909691046 ] ] ] } },
{ "type": "Feature", "properties": { "feature_type": "building", "subtype": "no-damage", "uid": "585dca91-2c69-404c-8756-d67728d9e4a9" }, "geometry": { "type": "Polygon", "coordinates": [ [ [ 589.946962417662235, 696.720378152219496 ], [ 576.059981627114439, 697.109999908520763 ], [ 574.589981625624432, 669.779999909778212 ], [ 589.33456648123979, 669.315660073124604 ], [ 589.946962417662235, 696.720378152219496 ] ] ] } },
{ "type": "Feature", "properties": { "feature_type": "building", "subtype": "no-damage", "uid": "dd3fc483-dcac-444a-a2af-2dfedc3360a9" }, "geometry": { "type": "Polygon", "coordinates": [ [ [ 607.467966936238895, 668.785128202912347 ], [ 597.698096436775131, 670.543704893582003 ], [ 596.330314564177684, 665.658769643383152 ], [ 585.583457007385164, 667.221948923147693 ], [ 582.457098447154976, 659.210655109681625 ], [ 582.819981628127721, 654.349999909436406 ], [ 586.215998781297458, 652.144926199997713 ], [ 604.559981626347621, 649.429999909293542 ], [ 607.467966936238895, 668.785128202912347 ] ] ] } },
{ "type": "Feature", "properties": { "feature_type": "building", "subtype": "no-damage", "uid": "7887a3b0-2a3a-4a34-8875-7272eb98a024" }, "geometry": { "type": "Polygon", "coordinates": [ [ [ 581.959367652069545, 639.707004356210405 ], [ 586.609981624519037, 651.579999910465176 ], [ 586.034988292203366, 651.666239993192335 ], [ 582.439981628978899, 653.999999909593384 ], [ 568.388484922264297, 656.279693957319523 ], [ 561.940370388796282, 642.015683017319134 ], [ 562.721960029846628, 634.199786614758068 ], [ 583.199981625641158, 631.229999909980506 ], [ 581.959367652069545, 639.707004356210405 ] ] ] } },
{ "type": "Feature", "properties": { "feature_type": "building", "subtype": "no-damage", "uid": "635f0f95-b303-47b6-b729-7027438d83fb" }, "geometry": { "type": "Polygon", "coordinates": [ [ [ 601.801442046624629, 631.073428051490851 ], [ 604.489981623528934, 648.939999911756104 ], [ 587.109981628366427, 651.509999909749013 ], [ 582.473292067203033, 639.648245747050282 ], [ 583.719981628792084, 631.149999911831969 ], [ 597.698096436775131, 629.119453949916078 ], [ 601.801442046624629, 631.073428051490851 ] ] ] } },
{ "type": "Feature", "properties": { "feature_type": "building", "subtype": "no-damage", "uid": "7f5b8f57-e589-4c2a-a908-19f3e5fed554" }, "geometry": { "type": "Polygon", "coordinates": [ [ [ 579.459981626924559, 628.669999909419971 ], [ 579.050660835178974, 628.726671397119503 ], [ 560.87870169343023, 631.462235138576602 ], [ 559.315522416936233, 627.163492117354849 ], [ 554.821381983173978, 626.968094706449847 ], [ 554.821381981071454, 617.78441643129122 ], [ 563.028073204975612, 614.853455282667028 ], [ 563.028073204041107, 612.508686359282251 ], [ 576.429981630699785, 610.789999910177016 ], [ 579.459981626924559, 628.669999909419971 ] ] ] } },
{ "type": "Feature", "properties": { "feature_type": "building", "subtype": "no-damage", "uid": "6e4cf694-ab98-4ee2-89b1-6c8c6da44729" }, "geometry": { "type": "Polygon", "coordinates": [ [ [ 593.510069178609115, 606.060571825580723 ], [ 596.636427742577212, 626.381902477472522 ], [ 579.949981627732768, 628.609999909874091 ], [ 576.229981630889597, 606.589999912060648 ], [ 576.119699680947861, 605.669777007508515 ], [ 589.211326159256259, 603.715802905933742 ], [ 593.510069178609115, 606.060571825580723 ] ] ] } },
{ "type": "Feature", "properties": { "feature_type": "building", "subtype": "no-damage", "uid": "ce0a253a-d8e9-4141-9632-5c951f3d8819" }, "geometry": { "type": "Polygon", "coordinates": [ [ [ 617.715397841206482, 609.86999623656493 ], [ 617.86998162388943, 609.84999990856943 ], [ 619.979981620847298, 626.099999911426949 ], [ 604.605331129861952, 628.712556286435301 ], [ 601.966275813032439, 611.438739682140067 ], [ 606.079563041960682, 609.150253876027932 ], [ 616.875698420579965, 607.590812100471226 ], [ 617.715397841206482, 609.86999623656493 ] ] ] } },
{ "type": "Feature", "properties": { "feature_type": "building", "subtype": "no-damage", "uid": "961fb8a1-ece2-4fb4-9d8e-afbbda296c7f" }, "geometry": { "type": "Polygon", "coordinates": [ [ [ 640.25289176056674, 622.665202250677567 ], [ 620.479981619321393, 626.019999909540502 ], [ 618.36998162166276, 609.769999910420893 ], [ 637.388355639349356, 606.751112681713721 ], [ 640.25289176056674, 622.665202250677567 ] ] ] } },
{ "type": "Feature", "properties": { "feature_type": "building", "subtype": "no-damage", "uid": "5cb5478b-e329-4c4c-bafd-9159be6d795c" }, "geometry": { "type": "Polygon", "coordinates": [ [ [ 673.090820506395858, 608.38634475861852 ], [ 676.998768711180787, 625.581316850981125 ], [ 666.44730856248998, 632.224828791849745 ], [ 650.815515756433001, 634.569597715234522 ], [ 647.909981617385824, 617.919999911037394 ], [ 651.238030297440105, 616.811505425337714 ], [ 650.099981619500795, 612.619999911278569 ], [ 656.286643241916977, 611.121908500075619 ], [ 670.159859357537925, 607.213960300663985 ], [ 673.090820506395858, 608.38634475861852 ] ] ] } },
{ "type": "Feature", "properties": { "feature_type": "building", "subtype": "no-damage", "uid": "09c62e42-1864-4cde-abc9-8c5d7067ca3c" }, "geometry": { "type": "Polygon", "coordinates": [ [ [ 649.209981618137704, 611.249999911679424 ], [ 650.63198758519502, 616.486473385365116 ], [ 643.149981620081235, 618.979999911736741 ], [ 641.631837486413701, 613.662074834365512 ], [ 648.837413503844346, 610.382857373836032 ], [ 649.209981618137704, 611.249999911679424 ] ] ] } },
{ "type": "Feature", "properties": { "feature_type": "building", "subtype": "no-damage", "uid": "828d4eb3-a5b8-4a21-b699-8fe1113e4e09" }, "geometry": { "type": "Polygon", "coordinates": [ [ [ 513.190094059098442, 534.533437711951024 ], [ 523.600824949077833, 533.002447878137104 ], [ 524.67251783513052, 539.432605192116853 ], [ 514.261786942114099, 541.575990960951458 ], [ 513.190094059098442, 534.533437711951024 ] ] ] } },
{ "type": "Feature", "properties": { "feature_type": "building", "subtype": "no-damage", "uid": "cf50f2c6-b832-4b60-85c9-cb958465985a" }, "geometry": { "type": "Polygon", "coordinates": [ [ [ 570.379981626337667, 598.419999909103581 ], [ 567.411600590774924, 597.549434444070243 ], [ 561.211987598317819, 599.363955318908552 ], [ 562.17998163155039, 603.889999910067786 ], [ 532.883859366534352, 610.290098561841205 ], [ 529.529981632810063, 594.109999909327826 ], [ 535.913742070599255, 592.869340976191324 ], [ 541.622675599260333, 589.001998910099474 ], [ 564.969981630526149, 582.349999908621612 ], [ 570.379981626337667, 598.419999909103581 ] ] ] } },
{ "type": "Feature", "properties": { "feature_type": "building", "subtype": "no-damage", "uid": "791ebaf4-0c90-4d0a-b3eb-b5bdd5af0c5e" }, "geometry": { "type": "Polygon", "coordinates": [ [ [ 570.579981630586644, 598.999999909697749 ], [ 573.231574472614284, 606.884514867618464 ], [ 565.303533904407345, 609.043188001524186 ], [ 562.739981630271359, 604.149999910591873 ], [ 561.79756025393624, 599.713544038801729 ], [ 567.411256417617324, 598.070511013279656 ], [ 570.579981630586644, 598.999999909697749 ] ] ] } },
{ "type": "Feature", "properties": { "feature_type": "building", "subtype": "no-damage", "uid": "d2bcd550-aefd-474d-ba1d-92ef94f567f2" }, "geometry": { "type": "Polygon", "coordinates": [ [ [ 551.794894003691411, 576.620976763361682 ], [ 552.309981632425774, 581.939999909232711 ], [ 548.790662942795393, 583.030760745840098 ], [ 548.241709885026921, 580.651964161086539 ], [ 527.829981636409229, 585.999999909654548 ], [ 523.389981634268793, 569.2999999102027 ], [ 546.399981631832361, 564.369999908889554 ], [ 551.794894003691411, 576.620976763361682 ] ] ] } },
{ "type": "Feature", "properties": { "feature_type": "building", "subtype": "no-damage", "uid": "f3ca1176-7363-4128-bbc0-83e23e649ea7" }, "geometry": { "type": "Polygon", "coordinates": [ [ [ 543.300034448462384, 546.738766084102508 ], [ 546.080114899193518, 563.635714277410784 ], [ 546.199981631321293, 563.899999909954659 ], [ 523.259981635642021, 568.819999910097636 ], [ 518.69897811324779, 551.683565869004497 ], [ 520.926950654827806, 545.636211833246762 ], [ 538.703267529588061, 542.426429993279498 ], [ 543.300034448462384, 546.738766084102508 ] ] ] } },
{ "type": "Feature", "properties": { "feature_type": "building", "subtype": "no-damage", "uid": "0f3137e9-df61-4057-b7f4-b03f08b8d9fc" }, "geometry": { "type": "Polygon", "coordinates": [ [ [ 579.756311532109976, 570.079831004037601 ], [ 572.917402174962831, 573.596984389114823 ], [ 569.009453976952841, 569.493638775060276 ], [ 557.417320732774328, 573.09300653618493 ], [ 551.555398425713747, 564.10472566819351 ], [ 551.555398426648139, 558.633598185279425 ], [ 545.888873532361572, 543.78339502003962 ], [ 546.279668356975094, 535.185908973858318 ], [ 567.12724662166886, 529.702484048501105 ], [ 579.756311532109976, 570.079831004037601 ] ] ] } },
{ "type": "Feature", "properties": { "feature_type": "building", "subtype": "no-damage", "uid": "d6115fe6-7026-4d99-93a3-6627542b36d5" }, "geometry": { "type": "Polygon", "coordinates": [ [ [ 578.915868361006233, 522.506831813876602 ], [ 585.80532262578447, 520.363446041303973 ], [ 586.87701551300529, 522.506831813876602 ], [ 588.66998162637185, 522.379999910207403 ], [ 591.960529265240666, 534.752087529880782 ], [ 597.660723351480215, 536.774737043847949 ], [ 601.889981621324182, 552.549999908637346 ], [ 594.801912107087219, 555.815820067775007 ], [ 592.066348367031765, 551.321679635648252 ], [ 575.829981625662413, 555.609999911643627 ], [ 566.639981627153929, 524.339999911571113 ], [ 566.51485068384477, 522.966128767011014 ], [ 577.997274462212999, 519.444852142510854 ], [ 578.915868361006233, 522.506831813876602 ] ] ] } },
{ "type": "Feature", "properties": { "feature_type": "building", "subtype": "no-damage", "uid": "3faaebb7-839a-4e6c-a01d-9ad4b5fc852e" }, "geometry": { "type": "Polygon", "coordinates": [ [ [ 621.135537478282799, 544.280567137354637 ], [ 610.652020787351034, 547.06164233758966 ], [ 603.918703769208264, 544.817203328271489 ], [ 600.602353468970705, 545.822030002218412 ], [ 598.075627639530467, 536.39141649408964 ], [ 592.376056635593159, 534.368988072531351 ], [ 589.020401286045171, 521.749999911237637 ], [ 589.020401282774515, 520.822742994438499 ], [ 612.896459797837451, 514.143203569142997 ], [ 621.135537478282799, 544.280567137354637 ] ] ] } },
{ "type": "Feature", "properties": { "feature_type": "building", "subtype": "no-damage", "uid": "faa3d9e3-cadd-4c78-b4d9-2254a676d4bd" }, "geometry": { "type": "Polygon", "coordinates": [ [ [ 666.92191204485357, 572.46826033113291 ], [ 671.410790056948827, 571.221349774553801 ], [ 676.647814405794975, 591.17191872467447 ], [ 669.415733163618711, 593.166975618938864 ], [ 671.161407947969224, 598.403999967784898 ], [ 663.430562480825074, 600.149674750733539 ], [ 663.430562480825074, 602.892877982683444 ], [ 649.963928435895582, 605.636081210895441 ], [ 647.968871546069749, 602.643495871367577 ], [ 641.734318747521456, 604.638552765632085 ], [ 637.49482284487317, 599.650910528101917 ], [ 637.406379592541612, 595.982674445860653 ], [ 641.573423962456104, 594.261874605409389 ], [ 640.259981621083625, 577.00999991165736 ], [ 665.425619371585412, 570.722585548184156 ], [ 666.92191204485357, 572.46826033113291 ] ] ] } },
{ "type": "Feature", "properties": { "feature_type": "building", "subtype": "no-damage", "uid": "fcd7967f-bcae-466c-9f9e-a8e6fcb9b76e" }, "geometry": { "type": "Polygon", "coordinates": [ [ [ 639.489879739838557, 577.20652045734721 ], [ 641.045941219065412, 593.91897849391421 ], [ 628.049981621212964, 598.549999909365624 ], [ 625.275099367736402, 587.680569158777075 ], [ 607.299981621107236, 591.569999911107857 ], [ 604.047307304106766, 583.599764014678726 ], [ 606.009981625964315, 574.689999909280459 ], [ 637.639981618640832, 568.899999911984082 ], [ 639.489879739838557, 577.20652045734721 ] ] ] } },
{ "type": "Feature", "properties": { "feature_type": "building", "subtype": "no-damage", "uid": "f5d8f564-a1a9-4d53-a56f-527f1a519b91" }, "geometry": { "type": "Polygon", "coordinates": [ [ [ 663.679944592608194, 542.043642683320172 ], [ 666.672529933537817, 554.762130390330412 ], [ 644.726904087983826, 560.497918961808068 ], [ 645.724432540255748, 565.984325421969857 ], [ 635.579981616788018, 568.769999911721925 ], [ 630.820914656903824, 546.661527993602135 ], [ 662.359981615644529, 541.109999911739123 ], [ 663.679944592608194, 542.043642683320172 ] ] ] } },
{ "type": "Feature", "properties": { "feature_type": "building", "subtype": "no-damage", "uid": "7a0ac348-b311-4fa1-9bda-3bff61c52d9f" }, "geometry": { "type": "Polygon", "coordinates": [ [ [ 640.577932730823932, 528.382084979011779 ], [ 657.559981616929463, 526.369999909913076 ], [ 658.193538128941896, 541.04611423431902 ], [ 637.766511221921746, 544.86187924919841 ], [ 635.189481279907, 526.906326637244319 ], [ 639.809209018675574, 525.307190111728914 ], [ 640.577932730823932, 528.382084979011779 ] ] ] } },
{ "type": "Feature", "properties": { "feature_type": "building", "subtype": "no-damage", "uid": "ccb84c32-89b3-4e1e-9b45-47186de8ef4d" }, "geometry": { "type": "Polygon", "coordinates": [ [ [ 632.464418190164793, 517.610536811859788 ], [ 635.61527911691644, 517.137907671363564 ], [ 637.014068469807967, 518.676575959427396 ], [ 638.639981619093533, 525.179999908951686 ], [ 634.620869271117158, 526.574045544258524 ], [ 635.269981617654594, 530.15999990864043 ], [ 625.990084939991107, 532.76717117768294 ], [ 623.443830610694931, 522.582153851153862 ], [ 620.552298505576459, 508.023440081808076 ], [ 629.269981622648174, 505.619999911209675 ], [ 632.464418190164793, 517.610536811859788 ] ] ] } },
{ "type": "Feature", "properties": { "feature_type": "building", "subtype": "no-damage", "uid": "29b9d6b0-86a8-4c93-84fa-46ddc7a25f3e" }, "geometry": { "type": "Polygon", "coordinates": [ [ [ 657.52998161295136, 525.869999911205355 ], [ 640.956262423808539, 527.833850940210141 ], [ 640.7599816202586, 527.059999908428836 ], [ 640.860133601921348, 527.050307359859858 ], [ 639.08246488939119, 507.969996526832119 ], [ 656.629981613221503, 505.13999991110461 ], [ 657.52998161295136, 525.869999911205355 ] ] ] } },
{ "type": "Feature", "properties": { "feature_type": "building", "subtype": "no-damage", "uid": "21c99d66-89d0-4351-bca2-240c39af29ed" }, "geometry": { "type": "Polygon", "coordinates": [ [ [ 641.778356928714402, 501.236441944804426 ], [ 653.054320546757253, 498.837300750490215 ], [ 653.654105841597925, 501.356399006762899 ], [ 656.447863347628527, 500.895594222761815 ], [ 656.609981616954997, 504.639999908658979 ], [ 638.541246544843148, 507.550827922542624 ], [ 639.419981618329871, 516.919999910413594 ], [ 636.419981620242652, 517.279999911426899 ], [ 635.805446898656555, 516.60378879183861 ], [ 632.832348480573955, 517.049753557611439 ], [ 629.719981622045907, 505.369999911855928 ], [ 631.698837066786155, 499.73380812354452 ], [ 634.940804523003067, 498.23751545191169 ], [ 641.298528690225339, 497.87764427351209 ], [ 641.778356928714402, 501.236441944804426 ] ] ] } },
{ "type": "Feature", "properties": { "feature_type": "building", "subtype": "no-damage", "uid": "b5fb252a-0f37-4e80-95a9-f784dc696ad2" }, "geometry": { "type": "Polygon", "coordinates": [ [ [ 620.01998161922063, 569.629999911443065 ], [ 610.209981625015189, 571.069999911758373 ], [ 607.584533041173813, 557.250517117191521 ], [ 610.124699369156133, 554.90574819380663 ], [ 616.889981621572247, 553.239999910891015 ], [ 620.01998161922063, 569.629999911443065 ] ] ] } },
{ "type": "Feature", "properties": { "feature_type": "building", "subtype": "no-damage", "uid": "7a5b7635-4795-46f8-a56a-f5753a7bdb07" }, "geometry": { "type": "Polygon", "coordinates": [ [ [ 625.365697355505631, 558.032106757073848 ], [ 629.664440377194751, 557.250517117191521 ], [ 631.289981621688867, 564.119999909535636 ], [ 630.569355503361976, 568.084302515242939 ], [ 620.509981618627194, 569.559999910726901 ], [ 617.369981621443685, 553.119999911799255 ], [ 623.60712066623762, 551.58399222337232 ], [ 625.365697355505631, 558.032106757073848 ] ] ] } },
{ "type": "Feature", "properties": { "feature_type": "building", "subtype": "no-damage", "uid": "8eab649f-cacb-44c2-91b3-052ac642e9f6" }, "geometry": { "type": "Polygon", "coordinates": [ [ [ 605.779981625213168, 573.419999910170418 ], [ 603.525464811962365, 583.64446339833637 ], [ 606.839981623342737, 591.769999912086064 ], [ 608.067733650032324, 596.907707296152012 ], [ 593.603571164745404, 601.645967422366425 ], [ 587.119636254180477, 576.707756234715589 ], [ 605.630558941701565, 572.100720282431325 ], [ 605.779981625213168, 573.419999910170418 ] ] ] } },
{ "type": "Feature", "properties": { "feature_type": "building", "subtype": "no-damage", "uid": "396fff2d-b280-411a-8e15-fc6a9899c225" }, "geometry": { "type": "Polygon", "coordinates": [ [ [ 713.876185184617157, 564.070767393262145 ], [ 711.132981957806805, 564.569531615893766 ], [ 713.626803074703048, 576.539872985218608 ], [ 694.673762575451974, 579.532458328484267 ], [ 691.182413010488972, 571.801612859004308 ], [ 691.930559343034815, 558.085596706730826 ], [ 700.642822208170173, 556.279774535526826 ], [ 704.299981610812551, 550.719999911273703 ], [ 711.631746180672167, 549.35722279198751 ], [ 713.876185184617157, 564.070767393262145 ] ] ] } },
{ "type": "Feature", "properties": { "feature_type": "building", "subtype": "no-damage", "uid": "f67c9cbd-909b-4a7a-9f8e-f361ad1500bd" }, "geometry": { "type": "Polygon", "coordinates": [ [ [ 694.351370869682796, 533.302921002931384 ], [ 695.505140607596559, 534.225936794757558 ], [ 695.863635212510985, 539.961850480862836 ], [ 697.049981612261831, 541.249999909433541 ], [ 695.002779602707392, 543.919101401583021 ], [ 699.659981608394673, 555.959999911486648 ], [ 682.53998161118659, 559.299999909881876 ], [ 675.720722074565515, 547.362165893985093 ], [ 676.689981610139057, 537.769999909605986 ], [ 687.234664093828428, 534.691147346537491 ], [ 687.229981611980065, 534.649999910791735 ], [ 694.24998160791074, 533.109999909987323 ], [ 694.351370869682796, 533.302921002931384 ] ] ] } },
{ "type": "Feature", "properties": { "feature_type": "building", "subtype": "no-damage", "uid": "0f603130-9eb9-4f1e-9c5f-a29eb607183b" }, "geometry": { "type": "Polygon", "coordinates": [ [ [ 693.519981608685271, 526.979999910280299 ], [ 691.968558139069046, 528.788117937892139 ], [ 694.009981609727106, 532.649999908484801 ], [ 687.11998160915266, 534.159999909516387 ], [ 685.399981612747411, 526.069999908445652 ], [ 692.89809608103235, 524.571251559476082 ], [ 693.519981608685271, 526.979999910280299 ] ] ] } },
{ "type": "Feature", "properties": { "feature_type": "building", "subtype": "no-damage", "uid": "3c86ca89-903f-4e6f-9e7a-a7677d421eb8" }, "geometry": { "type": "Polygon", "coordinates": [ [ [ 686.648893498286839, 534.341372412479586 ], [ 671.169981614069684, 538.859999910078272 ], [ 668.239258720839871, 529.905418064498463 ], [ 684.909981614275466, 526.199999908707809 ], [ 686.648893498286839, 534.341372412479586 ] ] ] } },
{ "type": "Feature", "properties": { "feature_type": "building", "subtype": "no-damage", "uid": "8051e81b-e3d1-420c-bc67-9d3545ffbffc" }, "geometry": { "type": "Polygon", "coordinates": [ [ [ 715.209981608529574, 534.929999909918592 ], [ 709.387307173690033, 536.389352973661516 ], [ 710.135453510908178, 541.376995211191684 ], [ 700.049981607545647, 543.77999991022125 ], [ 696.351605291375336, 539.753761967974583 ], [ 695.990357537621662, 533.973797915391174 ], [ 694.74498608145484, 532.977500749523188 ], [ 692.569430539413929, 528.855395510545918 ], [ 694.209981612574325, 526.949999910507358 ], [ 697.014173263225189, 526.155955474259827 ], [ 696.819981609408046, 524.009999910330748 ], [ 712.089981604809282, 520.619999909822013 ], [ 715.209981608529574, 534.929999909918592 ] ] ] } },
{ "type": "Feature", "properties": { "feature_type": "building", "subtype": "no-damage", "uid": "fc2552d1-a791-46a8-8130-b42d903229f7" }, "geometry": { "type": "Polygon", "coordinates": [ [ [ 711.110656716913127, 481.55520807074231 ], [ 719.069981607739692, 518.559999911707109 ], [ 693.482474204444202, 524.321246842906021 ], [ 688.519981607823865, 495.4399999085133 ], [ 689.638343024202754, 491.991472270494512 ], [ 702.35379135490939, 489.592331076180301 ], [ 701.27417782064515, 482.514864547720379 ], [ 703.07353371287661, 480.595551590026275 ], [ 707.871816107111954, 479.995766291447808 ], [ 711.110656716913127, 481.55520807074231 ] ] ] } },
{ "type": "Feature", "properties": { "feature_type": "building", "subtype": "no-damage", "uid": "1af9cf04-c9ab-41e0-89a3-f991f9abd396" }, "geometry": { "type": "Polygon", "coordinates": [ [ [ 735.821811026199612, 487.759841154938897 ], [ 743.319981604640361, 523.949999910784868 ], [ 731.910621392574967, 526.366458820569392 ], [ 730.073058472809066, 518.556816433700078 ], [ 722.519981605458156, 520.209999910433112 ], [ 720.039981608185713, 520.599999911219356 ], [ 717.659981604861059, 510.04999991007719 ], [ 720.707221497440855, 509.38524593674822 ], [ 717.348423827082911, 492.59125756907298 ], [ 719.38769384416571, 491.511644030136495 ], [ 720.707221499076127, 488.392760475285286 ], [ 727.544773907123613, 487.31314694008671 ], [ 728.264516264857207, 488.152846358844215 ], [ 734.262369253913562, 486.713361641508072 ], [ 735.821811026199612, 487.759841154938897 ] ] ] } },
{ "type": "Feature", "properties": { "feature_type": "building", "subtype": "no-damage", "uid": "c8e560c2-3242-4f99-8f12-7ed2f2652ffd" }, "geometry": { "type": "Polygon", "coordinates": [ [ [ 688.179981611487278, 496.41999991106411 ], [ 692.726854105863367, 522.405265959266671 ], [ 686.829000774344877, 523.546785959548401 ], [ 684.873662074313756, 525.697658533577396 ], [ 667.339981615800639, 529.359999908465284 ], [ 665.496055489824357, 522.673336817650124 ], [ 666.742966050842256, 520.678279923385617 ], [ 663.952422854330734, 500.5414779658729 ], [ 668.405943446999004, 497.389539961439311 ], [ 676.203152332258242, 496.669797600902427 ], [ 678.122465287616137, 494.630527584987703 ], [ 683.160661798993488, 493.550914046051219 ], [ 688.179981611487278, 496.41999991106411 ] ] ] } },
{ "type": "Feature", "properties": { "feature_type": "building", "subtype": "no-damage", "uid": "4aad71fb-d196-4273-9a22-c3fe27616b87" }, "geometry": { "type": "Polygon", "coordinates": [ [ [ 819.235312577364539, 548.519042911165457 ], [ 824.22295481115691, 548.020278688533836 ], [ 826.96615804614396, 560.988148506859829 ], [ 802.277328970976214, 565.726408629336333 ], [ 801.778564746242068, 568.718993972601993 ], [ 782.576142136609519, 571.711579315867652 ], [ 778.659981596494049, 554.069999910839215 ], [ 781.413673576617157, 548.125063635759261 ], [ 790.366432234028252, 546.632937193013163 ], [ 793.128556822592259, 548.6278049500836 ], [ 818.009981588291566, 543.11999991147843 ], [ 819.235312577364539, 548.519042911165457 ] ] ] } },
{ "type": "Feature", "properties": { "feature_type": "building", "subtype": "no-damage", "uid": "597e98c2-2924-4e32-911b-8fc5f48b883d" }, "geometry": { "type": "Polygon", "coordinates": [ [ [ 770.803355642286192, 536.096605284646671 ], [ 777.844771039965053, 534.908315476397888 ], [ 778.087264123813497, 536.049937315471084 ], [ 781.909981594168812, 535.449999910966881 ], [ 786.48998159400378, 546.769999908773343 ], [ 781.070916470913971, 547.675292943716499 ], [ 778.119981596142225, 554.049999908498648 ], [ 755.446700697936876, 556.977566721047538 ], [ 751.955351131338602, 544.00969690272143 ], [ 749.710912127860752, 544.259079014037297 ], [ 745.667589585005999, 534.304262532522444 ], [ 748.909557036316869, 529.815384521361807 ], [ 756.141638277558627, 529.815384521361807 ], [ 755.642874059599421, 531.810441415626315 ], [ 769.819981595726176, 529.449999911522013 ], [ 770.803355642286192, 536.096605284646671 ] ] ] } },
{ "type": "Feature", "properties": { "feature_type": "building", "subtype": "no-damage", "uid": "3d686cee-43b9-49e3-9438-cd76452fcadd" }, "geometry": { "type": "Polygon", "coordinates": [ [ [ 820.232841023562287, 536.049937315471084 ], [ 804.771150088339709, 539.042522658736743 ], [ 805.26991431470924, 545.27707545658393 ], [ 808.629981594180208, 544.679999910885499 ], [ 793.239474675095494, 548.091145531923189 ], [ 790.490035847771878, 546.10543971135894 ], [ 786.989981593646007, 546.689999910624806 ], [ 782.419981596616708, 535.369999909080434 ], [ 782.825524244888356, 535.301790981523595 ], [ 782.077377912809766, 522.084539051881848 ], [ 817.240255681698272, 516.348750480404192 ], [ 820.232841023562287, 536.049937315471084 ] ] ] } },
{ "type": "Feature", "properties": { "feature_type": "building", "subtype": "no-damage", "uid": "604ca8e9-f4e5-4d5a-8ea6-55f4ddbcf3af" }, "geometry": { "type": "Polygon", "coordinates": [ [ [ 743.254580209173923, 478.084414234125973 ], [ 768.669011493378093, 472.419751837053298 ], [ 775.51733699129818, 512.034751473691244 ], [ 747.770904762859686, 517.505878956605443 ], [ 744.644546201461367, 504.414252478297385 ], [ 747.18471252921006, 498.356932766405976 ], [ 743.254580209173923, 478.084414234125973 ] ] ] } },
{ "type": "Feature", "properties": { "feature_type": "building", "subtype": "no-damage", "uid": "e13ef468-189f-424f-8c3a-4e7059c0c4b7" }, "geometry": { "type": "Polygon", "coordinates": [ [ [ 799.519981595222134, 505.479999909777291 ], [ 799.187400513966281, 513.799744591338822 ], [ 789.270416764814172, 515.939007120750489 ], [ 783.979981593454113, 506.02999991059869 ], [ 792.978085718393572, 503.913745113459697 ], [ 799.519981595222134, 505.479999909777291 ] ] ] } },
{ "type": "Feature", "properties": { "feature_type": "building", "subtype": "no-damage", "uid": "b198ae61-091f-4b68-ad2d-f706cba796c4" }, "geometry": { "type": "Polygon", "coordinates": [ [ [ 803.681540944457765, 469.444532495310796 ], [ 806.139981594802975, 483.659999909204373 ], [ 803.408868733008831, 491.845812992660683 ], [ 808.689981592090817, 497.709999908776808 ], [ 808.175681379621665, 497.777156960668719 ], [ 808.371078787022498, 502.271297392795475 ], [ 799.578195334608267, 504.029874087202984 ], [ 799.53998159148864, 504.969999909899286 ], [ 792.979230310765047, 503.399821410160484 ], [ 783.739981595504105, 505.569999909096225 ], [ 781.601633608904194, 498.55874660055099 ], [ 782.77401807059664, 493.087619117637018 ], [ 784.532594756827621, 470.030724728025973 ], [ 800.164387565921743, 467.099763575663928 ], [ 803.681540944457765, 469.444532495310796 ] ] ] } },
{ "type": "Feature", "properties": { "feature_type": "building", "subtype": "no-damage", "uid": "4c749d42-f752-45a2-b0c4-99a4d3a04432" }, "geometry": { "type": "Polygon", "coordinates": [ [ [ 821.658102676469525, 496.01858026999912 ], [ 809.289981589886111, 497.629999910628214 ], [ 803.975275797397785, 491.727730620443197 ], [ 806.41710468684937, 485.271722715075896 ], [ 814.428398502184677, 484.29473566428851 ], [ 814.623795911688035, 482.731556384523913 ], [ 819.704128575128379, 482.731556384523913 ], [ 821.658102676469525, 496.01858026999912 ] ] ] } },
{ "type": "Feature", "properties": { "feature_type": "building", "subtype": "no-damage", "uid": "f84191a4-020e-4fac-827b-994af3ec8f03" }, "geometry": { "type": "Polygon", "coordinates": [ [ [ 1023.999981558413992, 348.883627453044085 ], [ 1015.63133623234296, 350.551457983212913 ], [ 1004.979981559854991, 286.449999911575276 ], [ 1005.968620071305963, 282.806085728695393 ], [ 1023.999981557245974, 280.101933630774795 ], [ 1023.999981558413992, 348.883627453044085 ] ] ] } },
{ "type": "Feature", "properties": { "feature_type": "building", "subtype": "no-damage", "uid": "084a12c1-d6b7-45dd-a1cd-ee05195f0240" }, "geometry": { "type": "Polygon", "coordinates": [ [ [ 1021.459815225524949, 275.714249913084984 ], [ 1013.839316236672971, 277.6682240146597 ], [ 1014.329981562603962, 280.909999909895021 ], [ 1005.569893366124006, 282.365643305490778 ], [ 1004.619981560242991, 285.889999909583821 ], [ 999.509981561693962, 286.089999910562028 ], [ 995.685658238532596, 270.943931869765379 ], [ 997.089981560229489, 260.259999911680723 ], [ 997.850171910301469, 259.496264871509823 ], [ 1018.528854075498998, 257.542290773673017 ], [ 1021.459815225524949, 275.714249913084984 ] ] ] } },
{ "type": "Feature", "properties": { "feature_type": "building", "subtype": "no-damage", "uid": "a31578b2-1143-4907-a7ed-57fc7d4f105a" }, "geometry": { "type": "Polygon", "coordinates": [ [ [ 995.177471632852985, 270.973707648516211 ], [ 998.292435509055281, 285.137124084224411 ], [ 924.469981571424796, 289.049999909341182 ], [ 921.254387160014403, 278.449813654542027 ], [ 923.989950905676665, 267.154250092498216 ], [ 928.099981573387936, 266.639999910741608 ], [ 937.519981571245808, 265.999999910601503 ], [ 993.791133093839335, 263.416708483190689 ], [ 995.177471632852985, 270.973707648516211 ] ] ] } },
{ "type": "Feature", "properties": { "feature_type": "building", "subtype": "no-damage", "uid": "0919b775-b353-4c8e-9db5-ffb0db976357" }, "geometry": { "type": "Polygon", "coordinates": [ [ [ 936.690782559605168, 256.174508901075512 ], [ 937.519981571245808, 265.999999910601503 ], [ 928.099981573387936, 266.639999910741608 ], [ 926.530117234126124, 256.956098540957782 ], [ 935.127603275868978, 255.588316672098188 ], [ 936.690782559605168, 256.174508901075512 ] ] ] } },
{ "type": "Feature", "properties": { "feature_type": "building", "subtype": "no-damage", "uid": "0ab77783-17c9-4ae2-b494-4d12d39b8700" }, "geometry": { "type": "Polygon", "coordinates": [ [ [ 945.51402560070585, 310.112753938860124 ], [ 920.472797522468227, 310.29959150123932 ], [ 919.886605294425408, 289.782863438442519 ], [ 921.839981573652267, 289.61999990876518 ], [ 945.099981570803379, 289.049999909341182 ], [ 945.51402560070585, 310.112753938860124 ] ] ] } },
{ "type": "Feature", "properties": { "feature_type": "building", "subtype": "no-damage", "uid": "f7ea8ce9-4f9d-4460-b1b0-a19e1f313018" }, "geometry": { "type": "Polygon", "coordinates": [ [ [ 896.551417193239672, 286.094619904247395 ], [ 896.052652971075304, 271.630457418026424 ], [ 902.287205766352827, 267.640343625759613 ], [ 908.771140674815229, 267.889725737075423 ], [ 912.262490243516027, 271.381075302972704 ], [ 913.010636578398021, 285.097091458984096 ], [ 896.551417193239672, 286.094619904247395 ] ] ] } },
{ "type": "Feature", "properties": { "feature_type": "building", "subtype": "no-damage", "uid": "b7efe6c3-f295-4a54-b42e-2988406aa1ab" }, "geometry": { "type": "Polygon", "coordinates": [ [ [ 929.134012493947921, 326.607433093159102 ], [ 926.141427154186431, 326.607433093159102 ], [ 925.892045041235178, 333.590132228691687 ], [ 907.18838665213184, 336.083953345587815 ], [ 906.689622431602743, 334.338278562639118 ], [ 899.20815907343831, 335.086424896586607 ], [ 897.462484294461092, 330.846928996741781 ], [ 898.958776962356069, 325.609904647895803 ], [ 903.946419202222614, 324.612376198894594 ], [ 904.19580131166947, 320.372880299049825 ], [ 904.189981578664288, 320.369999911527316 ], [ 907.11260462904022, 316.701367811137686 ], [ 928.635248270615307, 315.634620172835525 ], [ 929.134012493947921, 326.607433093159102 ] ] ] } },
{ "type": "Feature", "properties": { "feature_type": "building", "subtype": "no-damage", "uid": "53b00837-8adf-4409-8539-66a4ff91342d" }, "geometry": { "type": "Polygon", "coordinates": [ [ [ 900.455069632820937, 294.43714066239778 ], [ 914.420467898046013, 292.940847990765008 ], [ 915.389981575510319, 315.75999991028408 ], [ 906.861506682901563, 316.213954036717723 ], [ 903.619981576436885, 320.289999909640812 ], [ 893.472370502427793, 318.876587627416995 ], [ 892.47484205763169, 293.439612213396572 ], [ 900.205687521738696, 292.19270165307961 ], [ 900.455069632820937, 294.43714066239778 ] ] ] } },
{ "type": "Feature", "properties": { "feature_type": "building", "subtype": "no-damage", "uid": "fc668c6f-9e42-41d0-8e39-b5f45845ca0b" }, "geometry": { "type": "Polygon", "coordinates": [ [ [ 914.249466383392473, 401.270026592073521 ], [ 901.744032138967327, 403.614795511720502 ], [ 900.962442500253019, 400.879231770263516 ], [ 884.353662645277495, 403.614795511720502 ], [ 880.250317033091846, 394.235719825656872 ], [ 879.799981580331178, 391.419999909564297 ], [ 880.969981578718489, 383.70999991184749 ], [ 910.349981579078872, 377.599999910743122 ], [ 914.249466383392473, 401.270026592073521 ] ] ] } },
{ "type": "Feature", "properties": { "feature_type": "building", "subtype": "no-damage", "uid": "36d57da2-dec1-463d-8eea-894e82cdedd3" }, "geometry": { "type": "Polygon", "coordinates": [ [ [ 910.26998157485616, 377.109999909467717 ], [ 880.519841872440907, 383.289946074469981 ], [ 877.879981582013215, 379.519999911163609 ], [ 877.514753290700241, 377.236145147937293 ], [ 877.123958467955617, 369.224851330733316 ], [ 892.951148686786723, 364.926108309511619 ], [ 891.778764226495923, 354.570045572660717 ], [ 906.238172570393317, 352.616071474823798 ], [ 910.26998157485616, 377.109999909467717 ] ] ] } },
{ "type": "Feature", "properties": { "feature_type": "building", "subtype": "no-damage", "uid": "e06669c2-6622-4537-9a62-b9ac18796702" }, "geometry": { "type": "Polygon", "coordinates": [ [ [ 842.034964018348546, 408.623517067100806 ], [ 845.309981585392961, 410.96999990987382 ], [ 846.773674173808672, 419.214456666134879 ], [ 839.739367412531351, 420.582238538732383 ], [ 836.026816619585929, 410.616970623691486 ], [ 833.629981587740986, 411.259999910170905 ], [ 825.391191782001215, 396.316388340121875 ], [ 827.800953933863639, 382.159035702661413 ], [ 829.254725391739498, 381.674445215768287 ], [ 829.239981588648448, 381.629999911392019 ], [ 835.939660917534866, 380.737505375464877 ], [ 842.034964018348546, 408.623517067100806 ] ] ] } },
{ "type": "Feature", "properties": { "feature_type": "building", "subtype": "no-damage", "uid": "fdc2c2a7-e8cb-4072-a674-e014f92b72c2" }, "geometry": { "type": "Polygon", "coordinates": [ [ [ 871.404566558434226, 401.16524677696998 ], [ 871.569981584135576, 401.119999908417697 ], [ 872.394835549540403, 406.988720869194708 ], [ 875.239981583304029, 411.789999908651623 ], [ 869.439773744180002, 413.352534365148585 ], [ 864.929981582214168, 406.779999909189883 ], [ 863.329981585601558, 398.019999911944012 ], [ 869.779981582809114, 396.689999909550181 ], [ 871.404566558434226, 401.16524677696998 ] ] ] } },
{ "type": "Feature", "properties": { "feature_type": "building", "subtype": "no-damage", "uid": "4ff1bace-21d1-4b1a-873c-a5a2d8b6f049" }, "geometry": { "type": "Polygon", "coordinates": [ [ [ 882.531400220619503, 409.835380980071307 ], [ 875.749981579911378, 411.659999912127375 ], [ 872.876086388013391, 406.819968115647498 ], [ 872.059981582373894, 400.979999910723222 ], [ 879.748402423051743, 398.818626921867974 ], [ 882.531400220619503, 409.835380980071307 ] ] ] } },
{ "type": "Feature", "properties": { "feature_type": "building", "subtype": "no-damage", "uid": "077ea0df-9288-4d16-8294-846f06e9b156" }, "geometry": { "type": "Polygon", "coordinates": [ [ [ 876.142826679742711, 390.441815967962214 ], [ 876.142826683013368, 392.409999909547423 ], [ 867.749981582831765, 395.169999911086279 ], [ 865.918160094067048, 390.691198079278081 ], [ 872.402095001594944, 388.44675907369782 ], [ 876.142826679742711, 390.441815967962214 ] ] ] } },
{ "type": "Feature", "properties": { "feature_type": "building", "subtype": "no-damage", "uid": "7abf254f-78c0-4319-8518-d4bc8c83bf61" }, "geometry": { "type": "Polygon", "coordinates": [ [ [ 853.329981582477103, 381.969999910064814 ], [ 854.446582952513154, 388.197376958643986 ], [ 860.419981585197888, 387.239999910050585 ], [ 864.379981582794585, 406.589999909381902 ], [ 845.359981587973721, 410.389999909279481 ], [ 842.482453302560657, 408.3292732729779 ], [ 836.759981587959146, 382.129999910099798 ], [ 847.818081825244235, 380.315907154402282 ], [ 853.329981582477103, 381.969999910064814 ] ] ] } },
{ "type": "Feature", "properties": { "feature_type": "building", "subtype": "no-damage", "uid": "ca15be0a-b768-4725-a89b-f7458dec77c9" }, "geometry": { "type": "Polygon", "coordinates": [ [ [ 833.425613937277035, 370.626127763202476 ], [ 850.639981587027478, 367.029999910998413 ], [ 853.229981586660301, 381.419999909243472 ], [ 847.85114952400852, 379.803812138641604 ], [ 836.649981588168771, 381.639999908824393 ], [ 836.329837709033541, 380.181056936382618 ], [ 829.129981586989061, 381.139999910116615 ], [ 825.769981589991062, 367.299999908954874 ], [ 832.435447826665381, 366.429303483235287 ], [ 833.425613937277035, 370.626127763202476 ] ] ] } },
{ "type": "Feature", "properties": { "feature_type": "building", "subtype": "no-damage", "uid": "3bbf8acb-ed86-4947-ba9e-9f749581f55a" }, "geometry": { "type": "Polygon", "coordinates": [ [ [ 825.279959065129674, 399.429999908748528 ], [ 825.279959069334836, 413.93872659412591 ], [ 806.131012881938318, 416.47889292467778 ], [ 804.461469609349251, 394.224656249228474 ], [ 822.58998158836016, 391.909999910839588 ], [ 825.279959065129674, 399.429999908748528 ] ] ] } },
{ "type": "Feature", "properties": { "feature_type": "building", "subtype": "no-damage", "uid": "82061d09-eb2a-44f7-b144-ecd18e572b10" }, "geometry": { "type": "Polygon", "coordinates": [ [ [ 817.091806049477555, 296.060234717834305 ], [ 820.221033993585365, 326.025246307764178 ], [ 817.477830764205237, 330.015360100031103 ], [ 783.394327709998834, 334.017146430684988 ], [ 780.023092759959013, 332.889272488321978 ], [ 774.747362692622119, 326.63655536552551 ], [ 778.65531089250112, 315.889697810602286 ], [ 786.565196787455875, 314.818721262749079 ], [ 786.659186287792409, 312.281004894301304 ], [ 795.682177823426059, 311.529088932725983 ], [ 795.964146306447105, 313.972815807845791 ], [ 801.628808700249351, 313.513518854711322 ], [ 801.628808701884623, 309.226747313304088 ], [ 801.469981595882814, 309.249999910961208 ], [ 804.229981591347723, 295.739999911039774 ], [ 814.795321295953158, 294.529244880282477 ], [ 817.091806049477555, 296.060234717834305 ] ] ] } },
{ "type": "Feature", "properties": { "feature_type": "building", "subtype": "no-damage", "uid": "395ee932-a628-4a3a-9249-4c5bae6eaa29" }, "geometry": { "type": "Polygon", "coordinates": [ [ [ 801.169511751553614, 289.170780450720088 ], [ 804.231491422919476, 289.170780450720088 ], [ 804.109981593657608, 294.599999908453981 ], [ 803.961637236750335, 294.574143635474798 ], [ 800.949981591330129, 309.309999910507088 ], [ 783.716227616077731, 311.370133085876716 ], [ 779.123258103889384, 308.920549345793688 ], [ 770.855912985548116, 309.073648327680019 ], [ 771.009011971172299, 300.500105244865608 ], [ 776.979872331316869, 300.959402194262225 ], [ 775.90817945017011, 285.955701793730213 ], [ 800.250917850891369, 283.659217039271482 ], [ 801.169511751553614, 289.170780450720088 ] ] ] } },
{ "type": "Feature", "properties": { "feature_type": "building", "subtype": "no-damage", "uid": "89151be2-14d6-4616-bc5b-d61a61b11c5d" }, "geometry": { "type": "Polygon", "coordinates": [ [ [ 791.039981596635585, 257.489999908971583 ], [ 774.217161434038189, 259.617695529007506 ], [ 771.308280745025854, 241.858213420882208 ], [ 789.231401474806262, 240.044383113599906 ], [ 791.039981596635585, 257.489999908971583 ] ] ] } },
{ "type": "Feature", "properties": { "feature_type": "building", "subtype": "no-damage", "uid": "f47260a1-3096-4a9e-8264-1dbe0efea3ed" }, "geometry": { "type": "Polygon", "coordinates": [ [ [ 801.162582558597592, 241.245817485861494 ], [ 805.90865105454111, 240.786520536464906 ], [ 807.286541904599972, 248.135271752975711 ], [ 802.234275445351159, 248.900766669882699 ], [ 803.305968332571979, 255.943319918883105 ], [ 791.539981593007155, 257.429999909425703 ], [ 789.677955448026751, 239.503154095976413 ], [ 785.699981592662652, 239.849999911650087 ], [ 784.934090293630561, 237.265243908226807 ], [ 800.243988654664804, 235.274957121278391 ], [ 801.162582558597592, 241.245817485861494 ] ] ] } },
{ "type": "Feature", "properties": { "feature_type": "building", "subtype": "no-damage", "uid": "0a80cf8e-a198-4b2a-b872-62544027a884" }, "geometry": { "type": "Polygon", "coordinates": [ [ [ 1001.074979453984042, 211.005489744851502 ], [ 1008.779981562089006, 211.119999909797713 ], [ 1010.64837936044205, 222.346164205989794 ], [ 1005.23758890478905, 222.982727788897904 ], [ 1008.102125029510944, 239.851662734092798 ], [ 1007.049981562410949, 247.389999911899508 ], [ 1002.557177642941042, 246.5509478095818 ], [ 1003.016474594207011, 250.837719354726886 ], [ 994.289832525768361, 252.062511224768286 ], [ 990.721419631343565, 249.002683886078387 ], [ 989.496627764339109, 242.419427590212393 ], [ 983.525767400923883, 242.87872453960901 ], [ 983.831965366331701, 245.787605229088513 ], [ 978.167302971127697, 245.634506247202296 ], [ 978.167302976500878, 243.18492250711941 ], [ 971.890244642771904, 243.031823525233108 ], [ 969.979981569944584, 229.3799999086566 ], [ 970.515859903356727, 227.323093391390188 ], [ 980.201806187524653, 226.866209133604514 ], [ 974.907617511454646, 220.364573913583087 ], [ 975.149981566170936, 214.629999909398208 ], [ 1000.511950664660958, 208.894131791900207 ], [ 1001.074979453984042, 211.005489744851502 ] ] ] } },
{ "type": "Feature", "properties": { "feature_type": "building", "subtype": "no-damage", "uid": "788b9261-bbfa-4e0f-af7e-8788999cf37c" }, "geometry": { "type": "Polygon", "coordinates": [ [ [ 974.399996357301461, 220.533037515234611 ], [ 979.188338957716155, 226.413458252397191 ], [ 970.124314797005582, 226.841006561379913 ], [ 969.599981567758846, 228.859999911346108 ], [ 965.464392491750118, 229.826187561025108 ], [ 965.311293509630218, 226.917306871545605 ], [ 952.757176849647976, 228.448296709097406 ], [ 951.039981571870612, 220.349999909716189 ], [ 953.044823786544612, 215.016560502640999 ], [ 974.811513084901321, 211.624349185564711 ], [ 974.399996357301461, 220.533037515234611 ] ] ] } },
{ "type": "Feature", "properties": { "feature_type": "building", "subtype": "no-damage", "uid": "ca3c73ab-2f7c-444a-872f-7da48913338e" }, "geometry": { "type": "Polygon", "coordinates": [ [ [ 1017.713977023023972, 249.459828499061302 ], [ 1013.733403447492037, 251.603214271633789 ], [ 1008.068741055324949, 251.603214271633789 ], [ 1007.499981561575055, 247.729999910572303 ], [ 1008.899981560246033, 239.709999910217789 ], [ 1016.182987188276002, 238.436701676164006 ], [ 1017.713977023023972, 249.459828499061302 ] ] ] } },
{ "type": "Feature", "properties": { "feature_type": "building", "subtype": "no-damage", "uid": "96a77072-a5e6-4ce3-8d08-4527a6c48399" }, "geometry": { "type": "Polygon", "coordinates": [ [ [ 928.015583171802973, 206.805725536524506 ], [ 930.239981574791045, 206.559999910668012 ], [ 932.529981570153041, 216.3599999100106 ], [ 928.333864966060446, 216.990742863053612 ], [ 928.970428547333199, 240.543595426914408 ], [ 928.015583174840003, 244.681258713947813 ], [ 907.008984946816099, 245.317822296855894 ], [ 906.05413957081862, 231.94998705952429 ], [ 899.051940158128787, 216.354179280145587 ], [ 902.219981577999192, 207.489999911105286 ], [ 927.939981575689103, 206.329999909916808 ], [ 928.015583171802973, 206.805725536524506 ] ] ] } },
{ "type": "Feature", "properties": { "feature_type": "building", "subtype": "no-damage", "uid": "fa1813ca-5048-47d2-adfe-923867d97226" }, "geometry": { "type": "Polygon", "coordinates": [ [ [ 915.599981575322659, 206.31999990874661 ], [ 906.316816149988881, 206.689999910930112 ], [ 905.977076178513585, 197.635858186364089 ], [ 914.011184355768023, 197.317576393041207 ], [ 914.669981573016457, 196.63999990849581 ], [ 915.599981575322659, 206.31999990874661 ] ] ] } },
{ "type": "Feature", "properties": { "feature_type": "building", "subtype": "no-damage", "uid": "77bb0aff-21a8-40c9-b1f5-a389d8c88c3e" }, "geometry": { "type": "Polygon", "coordinates": [ [ [ 927.84998157520215, 205.839999908641403 ], [ 916.099981577301151, 206.299999910143896 ], [ 915.129981577088643, 196.179999910731311 ], [ 917.512284061996183, 193.756172088777987 ], [ 925.787610632792735, 193.437890299192986 ], [ 927.84998157520215, 205.839999908641403 ] ] ] } },
{ "type": "Feature", "properties": { "feature_type": "building", "subtype": "no-damage", "uid": "66d436a8-72b6-48d8-9710-f070d175bf97" }, "geometry": { "type": "Polygon", "coordinates": [ [ [ 949.319981569391416, 213.859999908995889 ], [ 933.029981574701196, 216.289999909294409 ], [ 929.103660749221831, 198.807973344352604 ], [ 936.146567562593191, 195.871266129277302 ], [ 944.889981570757413, 195.429999908931705 ], [ 949.319981569391416, 213.859999908995889 ] ] ] } },
{ "type": "Feature", "properties": { "feature_type": "building", "subtype": "no-damage", "uid": "4657265a-e8d4-4b01-b0e9-f50164bf79ad" }, "geometry": { "type": "Polygon", "coordinates": [ [ [ 986.425876325753165, 188.491911864375709 ], [ 989.352954397606936, 188.491911864375709 ], [ 991.896160280844583, 202.479544210618286 ], [ 991.899981562597077, 202.499999910246203 ], [ 977.316421147742858, 206.520700315405094 ], [ 974.809981566563692, 211.119999909797713 ], [ 967.519981570340292, 212.249999911213195 ], [ 967.145576655887112, 210.38804411213971 ], [ 949.809981570433138, 213.779999910847408 ], [ 945.399981573438822, 195.399999909158709 ], [ 945.622850214692789, 195.3882884518693 ], [ 948.899981570467503, 189.999999908910695 ], [ 965.816155678230075, 185.478227418612192 ], [ 966.520632924182337, 187.591659167449109 ], [ 984.899981565970052, 182.549999911718089 ], [ 986.425876325753165, 188.491911864375709 ] ] ] } },
{ "type": "Feature", "properties": { "feature_type": "building", "subtype": "no-damage", "uid": "7eccb337-acc8-4534-971d-7df447bf246a" }, "geometry": { "type": "Polygon", "coordinates": [ [ [ 1008.60998155854702, 210.609999909919594 ], [ 1001.46057393672902, 210.510947221382509 ], [ 1000.871084754670051, 208.300362801686902 ], [ 995.489981561280729, 209.519999909447307 ], [ 994.389184872239525, 206.347559407012909 ], [ 994.209981562869416, 205.989999911244098 ], [ 998.716486797473635, 203.793366710742305 ], [ 1005.029981563370029, 202.809999909146001 ], [ 1008.60998155854702, 210.609999909919594 ] ] ] } },
{ "type": "Feature", "properties": { "feature_type": "building", "subtype": "no-damage", "uid": "188fe6b4-928e-44e7-a5ab-24c35d2fd33d" }, "geometry": { "type": "Polygon", "coordinates": [ [ [ 1002.819981563587021, 197.989999909492298 ], [ 992.239981565474977, 201.559999908638702 ], [ 989.770242577999738, 187.991911865667902 ], [ 986.813570926132343, 187.991911865667902 ], [ 985.379981564673471, 182.419999911455989 ], [ 994.529981561537738, 179.909999909270994 ], [ 1002.819981563587021, 197.989999909492298 ] ] ] } },
{ "type": "Feature", "properties": { "feature_type": "building", "subtype": "no-damage", "uid": "3d0aeab7-c77b-470d-893d-634d80ca32b2" }, "geometry": { "type": "Polygon", "coordinates": [ [ [ 871.33097362735532, 205.924006643682105 ], [ 872.269981582419973, 216.579999909591493 ], [ 861.515705060552591, 217.510769343309192 ], [ 860.268794496731175, 204.293517413667303 ], [ 863.760144066833732, 200.802167844032112 ], [ 869.309981583406966, 200.269999910926003 ], [ 871.33097362735532, 205.924006643682105 ] ] ] } },
{ "type": "Feature", "properties": { "feature_type": "building", "subtype": "no-damage", "uid": "b8be7f32-d172-4b04-981c-d02bcc446f42" }, "geometry": { "type": "Polygon", "coordinates": [ [ [ 883.461330900499661, 174.118281873432608 ], [ 889.197119473379189, 173.370135539485091 ], [ 889.446501582826045, 176.362720882750807 ], [ 894.184761710442217, 175.863956656381191 ], [ 896.099981580396729, 178.209999908431513 ], [ 895.363486178434869, 181.811043899807402 ], [ 900.199286498602305, 186.274859576870796 ], [ 902.439981575711158, 193.279999911497896 ], [ 902.6637535129355, 201.051549959085804 ], [ 897.177347051839092, 205.041663747614791 ], [ 892.688469039276583, 205.041663747614791 ], [ 893.18723325980568, 214.767566111359287 ], [ 872.759981579490272, 216.539999908648298 ], [ 871.823448155441952, 205.816328443119488 ], [ 869.819981582817832, 200.219999908812497 ], [ 871.490989534912387, 200.054021510084596 ], [ 868.498404190244855, 195.814525606501888 ], [ 865.755200960163847, 174.866428211117892 ], [ 871.49098953210887, 174.118281873432608 ], [ 871.241607422194761, 170.626932307535213 ], [ 882.463802455703558, 168.881257524586601 ], [ 883.461330900499661, 174.118281873432608 ] ] ] } },
{ "type": "Feature", "properties": { "feature_type": "building", "subtype": "no-damage", "uid": "32b56cc9-a2d1-4e69-af3e-7d4ad2b0de22" }, "geometry": { "type": "Polygon", "coordinates": [ [ [ 909.646452645898535, 154.915859260997308 ], [ 916.87853388971007, 153.419566589364393 ], [ 921.616794015223718, 152.671420251679109 ], [ 924.110615131419081, 155.664005594944712 ], [ 926.649981571902231, 171.099999909911588 ], [ 926.474834479966262, 171.132425695121412 ], [ 928.479981571835765, 182.489999908434299 ], [ 911.142745315428783, 186.338005357811113 ], [ 902.669981580433955, 192.389999912003901 ], [ 900.635464596456472, 185.997031437152998 ], [ 895.91017160786771, 181.635222524897102 ], [ 896.639981575842626, 178.109999911680291 ], [ 897.676111273069068, 175.614574545065409 ], [ 902.913135626587518, 174.866428211117892 ], [ 899.421786058587486, 156.4121519288922 ], [ 902.663753512000994, 153.419566589364393 ], [ 908.648924195495511, 152.172656029047403 ], [ 909.646452645898535, 154.915859260997308 ] ] ] } },
{ "type": "Feature", "properties": { "feature_type": "building", "subtype": "no-damage", "uid": "96dcfc01-7dcd-4430-887e-0327bff1eb8b" }, "geometry": { "type": "Polygon", "coordinates": [ [ [ 943.0636556320718, 172.37260709048391 ], [ 945.557476748734416, 171.873842867852289 ], [ 948.550062093869201, 178.607159888331097 ], [ 951.869981572753318, 177.629999911575197 ], [ 956.119981567376385, 187.54999991000949 ], [ 949.659981572502943, 189.279999910621996 ], [ 932.838989045228118, 190.577501257655911 ], [ 929.098257367080464, 182.347891565544188 ], [ 927.189981571086037, 172.319999910646004 ], [ 932.090842712215135, 171.624460756536507 ], [ 932.340224823531003, 173.868899762116797 ], [ 935.332810166796776, 173.619517650800901 ], [ 935.332810165395017, 170.626932307535213 ], [ 942.315509292517504, 169.130639635902412 ], [ 943.0636556320718, 172.37260709048391 ] ] ] } },
{ "type": "Feature", "properties": { "feature_type": "building", "subtype": "no-damage", "uid": "b0487674-3880-4be9-aa43-00bedee651eb" }, "geometry": { "type": "Polygon", "coordinates": [ [ [ 963.378360032678188, 176.673757955274198 ], [ 966.959981566012516, 186.949999910812608 ], [ 966.845196475810667, 186.984210994142899 ], [ 966.141675986522046, 184.873649514362512 ], [ 956.609981567717341, 187.419999909747503 ], [ 952.3499815693541, 177.489999910142814 ], [ 952.789557994414963, 177.360249328014106 ], [ 952.789557991611559, 174.61704609980211 ], [ 961.159981569181014, 171.829999909370599 ], [ 963.378360032678188, 176.673757955274198 ] ] ] } },
{ "type": "Feature", "properties": { "feature_type": "building", "subtype": "no-damage", "uid": "88ad0388-f6ec-4171-b4bb-d77d9db93f23" }, "geometry": { "type": "Polygon", "coordinates": [ [ [ 978.536983741219501, 139.975293050211093 ], [ 992.019405037600109, 170.848083846121114 ], [ 991.824007627629499, 174.756032049270488 ], [ 993.777981726634493, 178.273185430609914 ], [ 994.319981564996056, 179.449999911506495 ], [ 967.439981568220219, 186.819999910550592 ], [ 963.842860282015295, 176.487263557289708 ], [ 959.522875010455209, 167.634346964269611 ], [ 963.512988803656754, 166.387436407690387 ], [ 960.769785571239481, 159.654119383473699 ], [ 953.288322215878566, 153.668948700680289 ], [ 953.519981570077562, 150.68999990988101 ], [ 956.249981567171176, 146.779999912061896 ], [ 966.891477947008298, 143.194899999250396 ], [ 966.143331610023665, 140.950460993670106 ], [ 974.37294130190196, 138.456639876773892 ], [ 978.536983741219501, 139.975293050211093 ] ] ] } },
{ "type": "Feature", "properties": { "feature_type": "building", "subtype": "no-damage", "uid": "20609167-d5f5-4c3a-b7bd-99ddeffdd615" }, "geometry": { "type": "Polygon", "coordinates": [ [ [ 955.659981568210128, 146.74999990855099 ], [ 953.009981567863406, 150.549999908448711 ], [ 950.295736877518721, 151.175127580046194 ], [ 946.804387306948911, 148.930688574465904 ], [ 947.053769418264778, 143.693664225619898 ], [ 953.038940105029951, 142.696135776618689 ], [ 955.659981568210128, 146.74999990855099 ] ] ] } },
{ "type": "Feature", "properties": { "feature_type": "building", "subtype": "no-damage", "uid": "588410a2-0e1c-46e9-8db0-051abdbbbb48" }, "geometry": { "type": "Polygon", "coordinates": [ [ [ 1023.999981561217055, 168.38247281458419 ], [ 1023.999981557945944, 185.033091369042694 ], [ 1012.73126305621804, 187.798782830209092 ], [ 1012.535865647883043, 189.361962109973803 ], [ 1005.501558883803, 190.534346571666191 ], [ 1000.030431403224043, 176.074938224498595 ], [ 1023.999981561217055, 168.38247281458419 ] ] ] } },
{ "type": "Feature", "properties": { "feature_type": "building", "subtype": "no-damage", "uid": "85037f72-bc91-4cd9-b978-6ba976ca38a7" }, "geometry": { "type": "Polygon", "coordinates": [ [ [ 933.376663721288992, -0.000000089709341 ], [ 933.714351437399841, 2.734370237170008 ], [ 927.896590062879341, 3.959162107211459 ], [ 928.968282947296757, 7.174240764201322 ], [ 911.668097792539129, 10.38931942119118 ], [ 907.193410769811749, -0.000000089709341 ], [ 933.376663721288992, -0.000000089709341 ] ] ] } },
{ "type": "Feature", "properties": { "feature_type": "building", "subtype": "no-damage", "uid": "b61388cb-6618-4c5a-8f0d-d04d2d693034" }, "geometry": { "type": "Polygon", "coordinates": [ [ [ 944.629981568364201, 69.329999908885512 ], [ 945.811885743067364, 74.448249620956489 ], [ 928.928066573730575, 78.534646538915055 ], [ 925.10405567339501, 72.444958926766276 ], [ 924.950956691041597, 62.493524988286318 ], [ 924.929981572927318, 62.279999909911517 ], [ 934.739981574842091, 59.219999910643153 ], [ 937.65817233781604, 58.359852428765372 ], [ 937.658172332909999, 58.309999908808557 ], [ 944.629981568364201, 69.329999908885512 ] ] ] } },
{ "type": "Feature", "properties": { "feature_type": "building", "subtype": "no-damage", "uid": "7940ccb7-c61c-4d57-8a2f-187662919e58" }, "geometry": { "type": "Polygon", "coordinates": [ [ [ 948.555088969644089, 66.717404155214354 ], [ 944.629981568364201, 69.329999908885512 ], [ 937.658172332909999, 58.309999908808557 ], [ 937.658172337582414, 54.379278854868552 ], [ 945.313121519267611, 53.001387999202983 ], [ 948.555088969644089, 66.717404155214354 ] ] ] } },
{ "type": "Feature", "properties": { "feature_type": "building", "subtype": "no-damage", "uid": "f1a6524a-3e26-4c58-8397-e62bbffa8479" }, "geometry": { "type": "Polygon", "coordinates": [ [ [ 929.76998157608989, 60.249999911569553 ], [ 924.879981575953366, 61.779999911203731 ], [ 924.185461774134637, 55.144773771775512 ], [ 928.472233315308245, 53.919981901734062 ], [ 929.76998157608989, 60.249999911569553 ] ] ] } },
{ "type": "Feature", "properties": { "feature_type": "building", "subtype": "no-damage", "uid": "5ae4f661-392c-49aa-bccf-c7df58534139" }, "geometry": { "type": "Polygon", "coordinates": [ [ [ 897.251583337896136, 96.985692301797982 ], [ 910.944238881999127, 95.039136620734453 ], [ 911.530431111910843, 97.101937052921713 ], [ 917.587750825204125, 96.124950005872236 ], [ 918.173943052546065, 99.055911154496457 ], [ 920.12791715155106, 99.055911154496457 ], [ 921.104904205141906, 105.308628281030806 ], [ 919.737122332544345, 105.504025688197899 ], [ 920.714109386602445, 111.756742810994396 ], [ 922.081891253125832, 111.952140221899398 ], [ 923.645070534058618, 118.400254755600898 ], [ 921.104904206309925, 118.986446988316104 ], [ 921.691096435988129, 122.698997780560504 ], [ 917.196956001524995, 123.480587420442802 ], [ 917.978545643276334, 128.951714903356901 ], [ 909.967251830043551, 130.905689004931588 ], [ 908.990264779256222, 124.848369289302397 ], [ 904.886919166836833, 125.434561522017503 ], [ 900.197381323337709, 102.182269717763603 ], [ 898.423967795850672, 102.276259211091599 ], [ 897.251583337896136, 96.985692301797982 ] ] ] } },
{ "type": "Feature", "properties": { "feature_type": "building", "subtype": "no-damage", "uid": "5c731596-2a13-452a-b089-0da94176e40d" }, "geometry": { "type": "Polygon", "coordinates": [ [ [ 761.535257896229155, 224.724920746736387 ], [ 751.133069911624489, 225.123369382630699 ], [ 750.367574991914125, 215.325034426037007 ], [ 753.582653650305815, 215.17193544415079 ], [ 753.888851617115279, 208.741778126433104 ], [ 757.986211491496306, 208.292590160104709 ], [ 791.667987892406472, 204.924412517490708 ], [ 792.433482811649696, 210.282876947053097 ], [ 796.260957401791416, 209.517382030146109 ], [ 797.945046222631163, 211.507668817094498 ], [ 799.191956781079284, 215.248400494307703 ], [ 795.45122510293163, 223.727392297735207 ], [ 767.271046468407803, 227.966888201317886 ], [ 766.772282241337393, 222.97924596378769 ], [ 762.782168453275517, 222.97924596378769 ], [ 761.535257896229155, 224.724920746736387 ] ] ] } },
{ "type": "Feature", "properties": { "feature_type": "building", "subtype": "no-damage", "uid": "8763a12b-5285-41d1-a18d-acff96a4d1de" }, "geometry": { "type": "Polygon", "coordinates": [ [ [ 828.268299978194023, 164.083055242661914 ], [ 829.831479258659556, 185.576770352508191 ], [ 836.67038861347055, 186.944552225105696 ], [ 838.23356789416971, 191.243295246327392 ], [ 835.107209329033481, 201.208563161368204 ], [ 810.291738252022697, 202.771742444870796 ], [ 809.119353792666516, 184.59978330172089 ], [ 806.579187458376509, 179.910245462427014 ], [ 806.969982279485748, 175.220707619395114 ], [ 809.314751199833609, 174.439117975774906 ], [ 809.314751198198337, 169.358785314670911 ], [ 816.349057964381586, 168.38179826388361 ], [ 817.716839831372226, 165.255439704354302 ], [ 828.268299978194023, 164.083055242661914 ] ] ] } },
{ "type": "Feature", "properties": { "feature_type": "building", "subtype": "no-damage", "uid": "ab82d623-169f-434c-b369-563a1e929f1b" }, "geometry": { "type": "Polygon", "coordinates": [ [ [ 783.419981596368416, 119.409999908638298 ], [ 784.399981595648569, 135.509999908893093 ], [ 777.057987917941773, 135.827242344742189 ], [ 777.129981594990909, 134.279999910726389 ], [ 779.108870463235689, 131.902562500985397 ], [ 777.39998159621814, 116.615083151402999 ], [ 783.179981595147751, 115.519999909421799 ], [ 783.419981596368416, 119.409999908638298 ] ] ] } },
{ "type": "Feature", "properties": { "feature_type": "building", "subtype": "no-damage", "uid": "6fb53c3a-e078-4f0d-90d5-14f2fda59aa3" }, "geometry": { "type": "Polygon", "coordinates": [ [ [ 779.108870463235689, 131.902562500985397 ], [ 777.129981594990909, 134.279999910726389 ], [ 767.483514821440053, 135.241050115765006 ], [ 758.104439136544329, 132.310088963402791 ], [ 757.322849499932659, 118.241475438045399 ], [ 777.39998159621814, 116.615083151402999 ], [ 779.108870463235689, 131.902562500985397 ] ] ] } },
{ "type": "Feature", "properties": { "feature_type": "building", "subtype": "no-damage", "uid": "4528cc0e-8107-4d8b-ab63-76a538bb3bab" }, "geometry": { "type": "Polygon", "coordinates": [ [ [ 790.540409211518977, 135.241050115765006 ], [ 784.399981595648569, 135.509999908893093 ], [ 783.419981596368416, 119.409999908638298 ], [ 789.56342216166604, 119.218462488832699 ], [ 790.540409211518977, 135.241050115765006 ] ] ] } },
{ "type": "Feature", "properties": { "feature_type": "building", "subtype": "no-damage", "uid": "33e8492f-86ac-4e83-8188-3a6fc6c784f4" }, "geometry": { "type": "Polygon", "coordinates": [ [ [ 813.95978332625657, 110.671310817644297 ], [ 817.959023667498059, 114.670551156082297 ], [ 819.077648362804325, 123.060236387232095 ], [ 821.39998159020206, 134.859999911320614 ], [ 820.451856261279204, 134.947410080458894 ], [ 820.842651080285918, 138.659960872703294 ], [ 816.34851064745817, 138.659960872703294 ], [ 816.348510650962453, 140.613934970540214 ], [ 804.017932420396619, 141.058714492761112 ], [ 802.814562551813992, 130.337644728948902 ], [ 801.951972543895295, 122.993967517622707 ], [ 805.333318821827902, 122.317698258905807 ], [ 804.403683957798989, 113.749309041279105 ], [ 806.042226157069763, 113.663069975257798 ], [ 806.220922048446823, 110.893283716267405 ], [ 814.389981590302114, 109.359999909941806 ], [ 813.95978332625657, 110.671310817644297 ] ] ] } },
{ "type": "Feature", "properties": { "feature_type": "building", "subtype": "no-damage", "uid": "d071de11-a853-4cf1-9af2-a1b6cec105b7" }, "geometry": { "type": "Polygon", "coordinates": [ [ [ 811.856546043677781, 103.635313945931699 ], [ 816.529981589836325, 102.769999908732302 ], [ 814.389981590302114, 109.359999909941806 ], [ 806.220922048446823, 110.893283716267405 ], [ 806.042226157069763, 113.663069975257798 ], [ 804.403683957798989, 113.749309041279105 ], [ 805.333318821827902, 122.317698258905807 ], [ 801.951972543895295, 122.993967517622707 ], [ 802.814562551813992, 130.337644728948902 ], [ 800.802853758967899, 132.025874456812204 ], [ 798.659467991768565, 124.677123240301398 ], [ 796.822280184837382, 105.999047233382896 ], [ 800.802853759201525, 105.999047233382896 ], [ 800.569981592415047, 101.679999911997896 ], [ 810.949981591417668, 100.919999909028107 ], [ 811.856546043677781, 103.635313945931699 ] ] ] } },
{ "type": "Feature", "properties": { "feature_type": "building", "subtype": "no-damage", "uid": "166fe128-cb33-4ebf-8048-a2be4032578c" }, "geometry": { "type": "Polygon", "coordinates": [ [ [ 846.244314394684125, 131.234859288214494 ], [ 842.922558419811025, 133.970423029671508 ], [ 843.508750651591754, 136.315191949318489 ], [ 829.049342302788318, 138.855358279870501 ], [ 828.658547484248857, 134.165820440576596 ], [ 821.899981588909895, 134.809999909207107 ], [ 819.571211962992152, 122.978776877910803 ], [ 818.432266696724469, 114.436687407652897 ], [ 843.809981586232539, 108.259999912037102 ], [ 846.244314394684125, 131.234859288214494 ] ] ] } },
{ "type": "Feature", "properties": { "feature_type": "building", "subtype": "no-damage", "uid": "4d0e0f86-56bc-4202-b898-edf3d2ad7a48" }, "geometry": { "type": "Polygon", "coordinates": [ [ [ 843.749981586686658, 107.7599999095914 ], [ 817.769981588706173, 113.769999910206593 ], [ 814.530012177480216, 110.534432884437194 ], [ 817.089981589491799, 102.669999911981094 ], [ 829.69998158874921, 100.329999911001494 ], [ 829.702102021811243, 100.349837393656998 ], [ 842.07998158491921, 98.529999909672824 ], [ 842.769981587873758, 98.479999911297213 ], [ 843.749981586686658, 107.7599999095914 ] ] ] } },
{ "type": "Feature", "properties": { "feature_type": "building", "subtype": "no-damage", "uid": "2f9101ce-3fe4-4ea7-8ed2-cf729b543bfb" }, "geometry": { "type": "Polygon", "coordinates": [ [ [ 841.269981589414101, 98.149999910056849 ], [ 830.119981586504991, 99.779999910180166 ], [ 829.609981586626873, 92.249999911101071 ], [ 829.629981588500186, 91.949999909633661 ], [ 840.387018578694892, 90.798631307646232 ], [ 841.269981589414101, 98.149999910056849 ] ] ] } },
{ "type": "Feature", "properties": { "feature_type": "building", "subtype": "no-damage", "uid": "753e70ea-74b4-4515-bb01-81b8ccb373ee" }, "geometry": { "type": "Polygon", "coordinates": [ [ [ 843.266931573880242, 92.119064578821821 ], [ 841.049668355651875, 92.291744519502885 ], [ 840.824236033088596, 90.248839413806735 ], [ 833.919981590140651, 90.989999909423446 ], [ 833.774794586198254, 88.444688968697463 ], [ 843.266931568974201, 87.985392019300861 ], [ 843.266931573880242, 92.119064578821821 ] ] ] } },
{ "type": "Feature", "properties": { "feature_type": "building", "subtype": "no-damage", "uid": "fc5fc170-44f7-420e-95fa-ba12b94ecc50" }, "geometry": { "type": "Polygon", "coordinates": [ [ [ 855.037197846631216, 100.362068488566706 ], [ 871.255182884468923, 99.385081437779291 ], [ 874.381541440961314, 114.430682017661994 ], [ 870.864388062658804, 115.603066479354496 ], [ 860.117530508669802, 119.315617271598896 ], [ 860.117530509137055, 121.855783602150893 ], [ 854.45100561531774, 122.832770652938294 ], [ 853.474018562661399, 119.901809500576107 ], [ 844.694362434397704, 111.702273575481001 ], [ 843.312524302779934, 98.610170785426661 ], [ 847.807493671178236, 98.408094390729815 ], [ 847.221301442200911, 95.086338416557595 ], [ 849.175275545177442, 94.89094100565255 ], [ 848.92001922836323, 91.764582446123271 ], [ 854.451005617186638, 91.764582446123271 ], [ 855.037197846631216, 100.362068488566706 ] ] ] } },
{ "type": "Feature", "properties": { "feature_type": "building", "subtype": "no-damage", "uid": "8c514d0a-2dcb-4920-9426-c4d37364462a" }, "geometry": { "type": "Polygon", "coordinates": [ [ [ 889.427142017807455, 84.144083450729369 ], [ 890.990321297104856, 92.546172086005598 ], [ 895.289064323232651, 92.936966904077806 ], [ 895.093666910225124, 99.580478848684336 ], [ 893.530487629058712, 101.339055539354007 ], [ 894.312077269875545, 113.844489788684797 ], [ 892.553500578271269, 118.924822449788806 ], [ 877.779981583159383, 122.189999908779797 ], [ 869.529981584156076, 85.509999911026867 ], [ 884.737604176410855, 83.362493810847056 ], [ 889.427142017807455, 84.144083450729369 ] ] ] } },
{ "type": "Feature", "properties": { "feature_type": "building", "subtype": "no-damage", "uid": "57ef9e94-ac74-4398-9cf1-92c84fcdd361" }, "geometry": { "type": "Polygon", "coordinates": [ [ [ 842.086998914966557, 67.300605269176984 ], [ 849.44036625925105, 66.90981044736688 ], [ 853.348314464269606, 68.668387138036564 ], [ 854.911493744968766, 83.518590307014264 ], [ 843.187649135286392, 84.104782539729413 ], [ 842.086998914966557, 67.300605269176984 ] ] ] } },
{ "type": "Feature", "properties": { "feature_type": "building", "subtype": "no-damage", "uid": "985eed6a-1a52-4a2a-8411-1eeace46126a" }, "geometry": { "type": "Polygon", "coordinates": [ [ [ 838.192656557990858, -0.000000089709341 ], [ 865.743691381131043, -0.000000089709341 ], [ 865.952781180157103, 1.653261295848547 ], [ 844.949157789341257, 5.792746381490732 ], [ 844.030563887978133, 1.965271789480144 ], [ 840.66238625097094, 2.271469756990506 ], [ 838.192656557990858, -0.000000089709341 ] ] ] } },
{ "type": "Feature", "properties": { "feature_type": "building", "subtype": "no-damage", "uid": "619f4156-a0a3-4fc5-bc86-fa8a69d8181e" }, "geometry": { "type": "Polygon", "coordinates": [ [ [ 860.539981584990528, 54.109999910692267 ], [ 850.908860419366079, 54.822570009411997 ], [ 849.736475960477037, 40.363161662244401 ], [ 853.058231933247612, 38.995379789646933 ], [ 858.549981585956402, 38.829999909215218 ], [ 860.539981584990528, 54.109999910692267 ] ] ] } },
{ "type": "Feature", "properties": { "feature_type": "building", "subtype": "no-damage", "uid": "83cfbca1-bbf5-4aac-ac92-6ccea636939a" }, "geometry": { "type": "Polygon", "coordinates": [ [ [ 877.349198747583159, 40.608543847102332 ], [ 883.659981578606789, 39.659999909163361 ], [ 885.289981582935297, 52.299999911931238 ], [ 861.039981583231111, 54.079999910919312 ], [ 858.739981584596308, 29.159999910134751 ], [ 875.449981581013844, 27.029999911303651 ], [ 877.349198747583159, 40.608543847102332 ] ] ] } },
{ "type": "Feature", "properties": { "feature_type": "building", "subtype": "no-damage", "uid": "7d06acd6-8fbb-4fdc-b945-2c428cdf374a" }, "geometry": { "type": "Polygon", "coordinates": [ [ [ 897.08266981352881, 51.430124756539513 ], [ 885.789981582577525, 52.259999910988007 ], [ 884.689981577664184, 43.729999910755453 ], [ 895.172979068542418, 41.88167101291846 ], [ 897.08266981352881, 51.430124756539513 ] ] ] } },
{ "type": "Feature", "properties": { "feature_type": "building", "subtype": "no-damage", "uid": "8f83ffb8-10f8-4295-8df9-04e63eec3009" }, "geometry": { "type": "Polygon", "coordinates": [ [ [ 873.248765680915426, 5.279029921720939 ], [ 878.271201007946502, 4.822875613891799 ], [ 880.21373486926791, 25.64929965063163 ], [ 852.862834521875357, 29.616304107321231 ], [ 849.931873370214021, 11.44434496417132 ], [ 855.598398263566082, 8.122588993736995 ], [ 864.977473946125656, 6.168614892162257 ], [ 864.830187485454758, 2.486453449444624 ], [ 868.733278616725897, 1.970950846791335 ], [ 868.585992160493674, 0.129870127301464 ], [ 872.636369742156717, -0.000000089709341 ], [ 873.248765680915426, 5.279029921720939 ] ] ] } },
{ "type": "Feature", "properties": { "feature_type": "building", "subtype": "no-damage", "uid": "f9ea65f0-9438-4959-8e1d-4ffffefd4fe6" }, "geometry": { "type": "Polygon", "coordinates": [ [ [ 777.725471113180561, -0.000000089709341 ], [ 780.140269263603727, -0.000000089709341 ], [ 780.876701551306269, 4.138057133468071 ], [ 777.877775056778091, 4.377971253647068 ], [ 778.957388596882765, 10.13591012299144 ], [ 771.520050889555819, 11.095566599969541 ], [ 771.233822943711175, 9.811713306887185 ], [ 752.686792509703423, 11.93526601872709 ], [ 750.407608376646749, 6.297284211341156 ], [ 750.527565436035388, -0.000000089709341 ], [ 777.725471113180561, -0.000000089709341 ] ] ] } },
{ "type": "Feature", "properties": { "feature_type": "building", "subtype": "no-damage", "uid": "f6011bd2-15cf-483a-a966-06ca138c6753" }, "geometry": { "type": "Polygon", "coordinates": [ [ [ 773.04874416377163, 40.581182285021207 ], [ 775.393513085053996, 40.385784874116162 ], [ 775.784307908499386, 46.443104589745431 ], [ 774.221128623828804, 46.052309767935327 ], [ 774.416526037770836, 48.397078691320168 ], [ 757.221553950080192, 49.37406574210754 ], [ 756.689981600559918, 45.299999911332868 ], [ 762.939210304376161, 44.783927332905407 ], [ 761.109981596621992, 25.829999909171931 ], [ 763.177465746263579, 25.02854213220462 ], [ 771.485564884474229, 24.167799836278881 ], [ 773.04874416377163, 40.581182285021207 ] ] ] } },
{ "type": "Feature", "properties": { "feature_type": "building", "subtype": "no-damage", "uid": "d945b7a6-6232-425c-bf91-2e78341b91d8" }, "geometry": { "type": "Polygon", "coordinates": [ [ [ 761.397975831785288, 21.343618654750511 ], [ 760.552070376881943, 26.043093414596381 ], [ 762.392965816679407, 44.327714601867918 ], [ 754.001441939086021, 45.027008256367729 ], [ 754.009981598104105, 45.06999991058165 ], [ 743.152940423320501, 45.856912360768163 ], [ 742.95754301101374, 48.787873509392377 ], [ 733.578467328687793, 48.983270920297443 ], [ 731.624493228047413, 39.994990056043953 ], [ 728.888929489860971, 39.799592645138901 ], [ 728.107339848576885, 30.420516959075311 ], [ 733.578467329622185, 26.31717134875867 ], [ 753.724492252626078, 25.10409435617531 ], [ 754.348763697623099, 20.779681683569009 ], [ 761.397975831785288, 21.343618654750511 ] ] ] } },
{ "type": "Feature", "properties": { "feature_type": "building", "subtype": "no-damage", "uid": "2c6c2def-6e32-4ece-a1cf-f50cffa8d16a" }, "geometry": { "type": "Polygon", "coordinates": [ [ [ 751.881141265383349, 52.034135092215777 ], [ 760.110087748485057, 51.571606034873469 ], [ 760.696279980265786, 56.261143877905262 ], [ 767.535189331572383, 55.674951648927987 ], [ 767.730586738272336, 66.226411792946109 ], [ 752.294191342185854, 67.789591072710749 ], [ 751.881141265383349, 52.034135092215777 ] ] ] } },
{ "type": "Feature", "properties": { "feature_type": "building", "subtype": "no-damage", "uid": "0c15bd65-c5a6-4895-97b8-2e3b853c9caa" }, "geometry": { "type": "Polygon", "coordinates": [ [ [ 723.048020953492482, 69.749445789796582 ], [ 742.196967142758012, 67.600074277316793 ], [ 743.760146424158052, 86.358225649443966 ], [ 734.771865555932777, 87.530610111136397 ], [ 733.599481099379886, 89.289186801806082 ], [ 719.530867573321189, 91.243160903380812 ], [ 717.381496060607674, 71.312625069561221 ], [ 723.048020953492482, 69.749445789796582 ] ] ] } },
{ "type": "Feature", "properties": { "feature_type": "building", "subtype": "no-damage", "uid": "e5b664c9-e257-4ec0-af13-b906a6b4f7c3" }, "geometry": { "type": "Polygon", "coordinates": [ [ [ 609.315842034234606, 1.750037336990445 ], [ 616.358395280431864, 4.812017012094072 ], [ 617.430088168119823, 20.121915380136429 ], [ 609.775138986434627, 20.58121232953302 ], [ 609.928237966919141, 23.643192004636649 ], [ 596.9148243603438, 25.786577773471301 ], [ 590.637766028250098, 25.021082856564341 ], [ 590.02537009509831, 3.127928188918133 ], [ 609.315842034234606, 1.750037336990445 ] ] ] } },
{ "type": "Feature", "properties": { "feature_type": "building", "subtype": "no-damage", "uid": "0f63a738-1866-4776-b62a-b31ec71351c1" }, "geometry": { "type": "Polygon", "coordinates": [ [ [ 682.494630199479843, 38.920011895944782 ], [ 684.939981611478629, 49.609999911108567 ], [ 682.267598612374059, 56.19730992539607 ], [ 686.88998161073755, 66.409999911049511 ], [ 689.801237542383205, 87.300141599613625 ], [ 682.494630201582368, 90.542109054195137 ], [ 673.766256285203553, 88.048287937298994 ], [ 668.778614052345574, 40.665686678893437 ], [ 673.516874175055818, 38.421247669575237 ], [ 682.494630199479843, 38.920011895944782 ] ] ] } },
{ "type": "Feature", "properties": { "feature_type": "building", "subtype": "no-damage", "uid": "fe8b44f6-0bb3-4fae-92bb-a995c8d0db11" }, "geometry": { "type": "Polygon", "coordinates": [ [ [ 697.457556911837173, 64.356987306227282 ], [ 687.309981609661463, 66.109999909582115 ], [ 682.811629413214177, 56.186612262156203 ], [ 685.1399816084853, 50.459999909659381 ], [ 685.237833431897002, 50.89035326526961 ], [ 694.963735794473791, 48.895296371005116 ], [ 697.457556911837173, 64.356987306227282 ] ] ] } },
{ "type": "Feature", "properties": { "feature_type": "building", "subtype": "no-damage", "uid": "b25f8065-05d0-4dbe-bbe9-51cdbca1c42b" }, "geometry": { "type": "Polygon", "coordinates": [ [ [ 677.322941140828675, 94.20068215830895 ], [ 679.097427496251271, 117.386455035641205 ], [ 655.989981613081341, 119.579999909843593 ], [ 654.789981615621969, 105.409999911179398 ], [ 660.414321289872987, 104.780972458651704 ], [ 659.488463024168027, 95.352463516712461 ], [ 668.448038524565504, 94.199999911294455 ], [ 677.322941140828675, 94.20068215830895 ] ] ] } },
{ "type": "Feature", "properties": { "feature_type": "building", "subtype": "no-damage", "uid": "249d8920-ad58-41e3-84ed-4bf5669e3b45" }, "geometry": { "type": "Polygon", "coordinates": [ [ [ 659.609981617611993, 102.069999909046302 ], [ 654.68793749341512, 102.950140070739707 ], [ 653.579981615590555, 98.299999908921606 ], [ 659.21998161542399, 97.869999910930005 ], [ 659.609981617611993, 102.069999909046302 ] ] ] } },
{ "type": "Feature", "properties": { "feature_type": "building", "subtype": "no-damage", "uid": "ad78e9e8-1dbd-4cd6-a3a7-9085f7f0ded4" }, "geometry": { "type": "Polygon", "coordinates": [ [ [ 663.559981613337527, 68.319999910299671 ], [ 664.781730353066223, 80.020423369452885 ], [ 665.206071072787381, 85.837798374017865 ], [ 668.448038524799131, 85.837798374017865 ], [ 668.448038523163859, 93.689999911416393 ], [ 658.946123706269645, 94.918297633719888 ], [ 659.169981615646748, 97.379999909654629 ], [ 653.459981613695277, 97.799999910213828 ], [ 651.756976341053019, 90.640103236051871 ], [ 635.199981618807328, 91.329999911834079 ], [ 631.519981618234965, 60.049999910591282 ], [ 662.309981612596516, 57.709999909611639 ], [ 663.559981613337527, 68.319999910299671 ] ] ] } },
{ "type": "Feature", "properties": { "feature_type": "building", "subtype": "no-damage", "uid": "fc4f0682-4f44-48d4-95a7-f6a39d61b9bf" }, "geometry": { "type": "Polygon", "coordinates": [ [ [ 670.193713309850409, 79.353863464854854 ], [ 664.781730353066223, 80.020423369452885 ], [ 663.559981613337527, 68.319999910299671 ], [ 669.944331197366523, 67.632904206845851 ], [ 670.193713309850409, 79.353863464854854 ] ] ] } },
{ "type": "Feature", "properties": { "feature_type": "building", "subtype": "no-damage", "uid": "0288ae83-0166-4c68-890b-323171032f0d" }, "geometry": { "type": "Polygon", "coordinates": [ [ [ 630.619981622243017, 78.75999990978238 ], [ 605.870051144131708, 80.428105245827979 ], [ 604.861597925685146, 74.031323376404487 ], [ 600.953649721834722, 74.031323376404487 ], [ 599.78126525990865, 65.629234741128258 ], [ 605.447790154195218, 64.261452868530782 ], [ 605.056995335655756, 52.537608262820243 ], [ 626.989981619812738, 50.839999909275363 ], [ 630.619981622243017, 78.75999990978238 ] ] ] } },
{ "type": "Feature", "properties": { "feature_type": "building", "subtype": "no-damage", "uid": "42d264d2-359e-4ced-bd20-13f24f8c973e" }, "geometry": { "type": "Polygon", "coordinates": [ [ [ 664.70730684641785, 54.166270165888179 ], [ 657.724607718828111, 53.916888054572347 ], [ 657.724607714389322, 55.949999909226243 ], [ 631.894653437835359, 58.702766766208377 ], [ 629.08967171608333, 48.417833792135937 ], [ 624.789981622601545, 47.959999908644697 ], [ 624.01054411401617, 38.664392144629907 ], [ 625.573723391444673, 37.101212864865268 ], [ 663.959160511535856, 35.711993887400347 ], [ 664.70730684641785, 54.166270165888179 ] ] ] } },
{ "type": "Feature", "properties": { "feature_type": "building", "subtype": "no-damage", "uid": "51c2e3a0-5e9d-4089-8927-5424a1359abe" }, "geometry": { "type": "Polygon", "coordinates": [ [ [ 565.125149447885292, 49.439511793902803 ], [ 581.451879035758452, 48.133910538134678 ], [ 583.491149048869715, 66.367383626883779 ], [ 578.332995481841635, 69.486267177997078 ], [ 567.079123552497208, 69.370047623984519 ], [ 562.389585705727313, 58.036997836346188 ], [ 565.125149447885292, 49.439511793902803 ] ] ] } },
{ "type": "Feature", "properties": { "feature_type": "building", "subtype": "no-damage", "uid": "9475a0ea-6a2e-4940-863c-054dba15695a" }, "geometry": { "type": "Polygon", "coordinates": [ [ [ 463.243651722049776, 26.069668580855922 ], [ 484.830608416813106, 24.69177772892823 ], [ 486.208499270142511, 43.676051703357047 ], [ 471.510996836653192, 44.594645605888132 ], [ 470.89860090116531, 40.001676096970577 ], [ 464.315344605766313, 40.001676096970577 ], [ 463.243651722049776, 26.069668580855922 ] ] ] } },
{ "type": "Feature", "properties": { "feature_type": "building", "subtype": "no-damage", "uid": "2725d43e-995b-4821-a616-e85b7ddb5b79" }, "geometry": { "type": "Polygon", "coordinates": [ [ [ 604.419981620710132, 114.539999910608898 ], [ 601.146305262280293, 126.384948534630595 ], [ 612.339981623379117, 138.529999910956207 ], [ 612.055322621487903, 139.203315683989189 ], [ 604.630221037466072, 141.548084603636113 ], [ 601.699259886972754, 136.076957120722 ], [ 585.668285533722042, 141.747677671829706 ], [ 583.673228636654017, 139.503238666249388 ], [ 579.184350625960519, 139.752620777565198 ], [ 577.189293729359747, 137.258799660669098 ], [ 578.414085597532335, 133.352390522188387 ], [ 585.76283681661323, 130.749707800219312 ], [ 580.596339598001464, 118.295792803120094 ], [ 588.998428231642606, 114.387844599970606 ], [ 603.262439168139167, 110.870691218631293 ], [ 604.419981620710132, 114.539999910608898 ] ] ] } },
{ "type": "Feature", "properties": { "feature_type": "building", "subtype": "no-damage", "uid": "433e56e8-ccf9-415a-b847-ffbc6a302141" }, "geometry": { "type": "Polygon", "coordinates": [ [ [ 631.985858444795326, 118.100395392215006 ], [ 631.790461035992735, 131.582816688595301 ], [ 626.319333557049958, 131.973611510405391 ], [ 613.032309668537437, 136.858546764342208 ], [ 612.549981624125962, 138.019999911078088 ], [ 601.702284884084179, 126.250435324702096 ], [ 604.959981621295583, 114.459999908722395 ], [ 623.974564633431442, 110.089101578748895 ], [ 631.985858444795326, 118.100395392215006 ] ] ] } },
{ "type": "Feature", "properties": { "feature_type": "building", "subtype": "no-damage", "uid": "ffdaa4b0-688a-41b9-8de6-417f08e7c3db" }, "geometry": { "type": "Polygon", "coordinates": [ [ [ 643.749981618810921, 139.839999911009386 ], [ 640.945971893330466, 140.576524227880412 ], [ 645.429981619646128, 148.809999910403803 ], [ 637.38955993328716, 150.10936868819789 ], [ 635.759104267414955, 139.512140714794498 ], [ 638.229644723983597, 137.641994938808409 ], [ 641.904020332239156, 137.182697989411793 ], [ 643.749981618810921, 139.839999911009386 ] ] ] } },
{ "type": "Feature", "properties": { "feature_type": "building", "subtype": "no-damage", "uid": "a824b342-48f9-48a7-b5e7-5d76103270b4" }, "geometry": { "type": "Polygon", "coordinates": [ [ [ 660.582096336354766, 146.368637010984799 ], [ 645.949981616255741, 148.729999908517414 ], [ 641.689856832199098, 140.897788262469106 ], [ 659.357304469350311, 137.029599003787695 ], [ 660.582096336354766, 146.368637010984799 ] ] ] } },
{ "type": "Feature", "properties": { "feature_type": "building", "subtype": "no-damage", "uid": "43c57508-f69d-4544-9942-e9a446d0ac23" }, "geometry": { "type": "Polygon", "coordinates": [ [ [ 680.078055388029952, 142.316789171250406 ], [ 683.599332016735389, 152.574421077240686 ], [ 674.566491976581233, 155.330202784834 ], [ 671.810710271090443, 146.909758683905892 ], [ 675.791283845688213, 142.929185106271092 ], [ 680.078055388029952, 142.316789171250406 ] ] ] } },
{ "type": "Feature", "properties": { "feature_type": "building", "subtype": "no-damage", "uid": "60b3b47e-8cf7-47cc-bdc0-66e6f6feee83" }, "geometry": { "type": "Polygon", "coordinates": [ [ [ 676.718057218392573, 178.042438098717298 ], [ 674.094073443480966, 163.119148236181587 ], [ 681.902121609155074, 160.822663481722913 ], [ 690.934961646739566, 158.985475676660712 ], [ 694.609337251957982, 174.90776997972381 ], [ 676.718057218392573, 178.042438098717298 ] ] ] } },
{ "type": "Feature", "properties": { "feature_type": "building", "subtype": "no-damage", "uid": "5a7cd02a-3a6b-4cdc-bddd-4d2d78042484" }, "geometry": { "type": "Polygon", "coordinates": [ [ [ 591.449942288032958, 150.318367986384914 ], [ 590.412825741331403, 172.379933521541687 ], [ 576.275710079976648, 171.598343881659304 ], [ 577.838889360675807, 150.300026178980204 ], [ 591.449942288032958, 150.318367986384914 ] ] ] } },
{ "type": "Feature", "properties": { "feature_type": "building", "subtype": "no-damage", "uid": "1ff7d64a-16c4-4afc-affa-1a55fbbb3834" }, "geometry": { "type": "Polygon", "coordinates": [ [ [ 727.03113110549782, 225.457131946888296 ], [ 728.102823991784135, 232.499685195888787 ], [ 724.887745331289807, 235.40856588536829 ], [ 726.27809811287716, 242.973883547451095 ], [ 712.887620373828895, 246.213812652550388 ], [ 713.473812605142371, 251.098747906487205 ], [ 708.002685119891908, 252.661927186251887 ], [ 702.531557636977595, 251.880337546369503 ], [ 689.830725984684364, 254.615901287826603 ], [ 685.727380370162564, 246.604607474360506 ], [ 688.072149292846575, 241.133479991446393 ], [ 698.42821202759535, 239.765698118848888 ], [ 696.86503274689619, 228.628045745853512 ], [ 725.393054619889313, 224.133905309988904 ], [ 727.03113110549782, 225.457131946888296 ] ] ] } },
{ "type": "Feature", "properties": { "feature_type": "building", "subtype": "no-damage", "uid": "b87bf4e3-a590-4a2c-bac1-bc8be515a08a" }, "geometry": { "type": "Polygon", "coordinates": [ [ [ 740.503841665441314, 238.776743527982291 ], [ 741.269336587487942, 243.522812022523908 ], [ 738.360455893803191, 244.441405925054994 ], [ 740.047860374691822, 251.684940135464501 ], [ 727.347028717259036, 254.225106469754394 ], [ 723.139981604192258, 244.289999911687886 ], [ 726.864909327897408, 243.34009910127611 ], [ 726.05998160716797, 239.449999909693588 ], [ 738.207356911449665, 236.786456741033788 ], [ 740.503841665441314, 238.776743527982291 ] ] ] } },
{ "type": "Feature", "properties": { "feature_type": "building", "subtype": "no-damage", "uid": "f3475f44-5f73-4acd-9de3-3d5015833ae7" }, "geometry": { "type": "Polygon", "coordinates": [ [ [ 746.322735558950967, 290.103538149942381 ], [ 744.368761456908942, 292.448307069589305 ], [ 690.048281455183201, 305.930728369707424 ], [ 684.577153974605039, 300.459600886793282 ], [ 683.209372102708357, 292.839101891399423 ], [ 683.669981610032323, 291.999999910688075 ], [ 743.409981604660061, 278.93999991109888 ], [ 746.322735558950967, 290.103538149942381 ] ] ] } },
{ "type": "Feature", "properties": { "feature_type": "building", "subtype": "no-damage", "uid": "b4038938-ebb0-48f1-8540-a5cad5c70a2d" }, "geometry": { "type": "Polygon", "coordinates": [ [ [ 740.908002977689648, 275.341556653326279 ], [ 683.880448276201605, 289.078342364571085 ], [ 681.660592493993931, 285.041716383399375 ], [ 678.539981613113923, 276.899999911586576 ], [ 737.419981604516352, 262.899999910389909 ], [ 740.908002977689648, 275.341556653326279 ] ] ] } },
{ "type": "Feature", "properties": { "feature_type": "building", "subtype": "no-damage", "uid": "54ec6f92-f978-4c2f-8bff-fcac6c570709" }, "geometry": { "type": "Polygon", "coordinates": [ [ [ 695.482387147339978, 272.094065850684501 ], [ 678.359981613074524, 276.429999908913885 ], [ 676.89480769939837, 272.62061416639358 ], [ 680.864603182360497, 270.759194548837911 ], [ 680.780271151670945, 262.478459738746722 ], [ 686.140333257173097, 260.012336993914687 ], [ 691.788347252693484, 259.393234194186618 ], [ 695.482387147339978, 272.094065850684501 ] ] ] } },
{ "type": "Feature", "properties": { "feature_type": "building", "subtype": "no-damage", "uid": "7683412a-9d0b-4021-9a42-248b5db9afa4" }, "geometry": { "type": "Polygon", "coordinates": [ [ [ 711.620470058518549, 309.7832391305908 ], [ 741.627870852574915, 303.659279780383486 ], [ 744.558832003301745, 316.946303669596603 ], [ 741.432473442370679, 317.727893309478873 ], [ 742.214063081785753, 321.049649279913183 ], [ 731.011388706508683, 323.154737439542487 ], [ 729.839004246217883, 318.465199596510672 ], [ 726.908043091753143, 319.246789236392999 ], [ 725.735658633564981, 316.120430676863691 ], [ 714.402608849196895, 318.465199596510672 ], [ 711.620470058518549, 309.7832391305908 ] ] ] } },
{ "type": "Feature", "properties": { "feature_type": "building", "subtype": "no-damage", "uid": "fe233d06-27be-4ff2-8473-7f046c9abd25" }, "geometry": { "type": "Polygon", "coordinates": [ [ [ 729.952644002077363, 326.044249684180272 ], [ 742.188264091725046, 322.805409067370704 ], [ 743.747705872655047, 321.006053171635074 ], [ 750.705215339623919, 319.566568454298988 ], [ 753.199036457454554, 330.788763489676285 ], [ 732.250939058332051, 336.025787838522319 ], [ 730.006500054153435, 330.788763489676285 ], [ 729.952644002077363, 326.044249684180272 ] ] ] } },
{ "type": "Feature", "properties": { "feature_type": "building", "subtype": "no-damage", "uid": "ff1895ab-0254-449e-bb47-8a0a2917d556" }, "geometry": { "type": "Polygon", "coordinates": [ [ [ 717.212332219144741, 347.379823997657581 ], [ 722.807122876030121, 346.368194810156297 ], [ 722.807122879300778, 344.805015530391586 ], [ 730.818416690898175, 345.000412941296702 ], [ 734.921762301682179, 364.540153953306174 ], [ 730.818416689730043, 367.080320283858214 ], [ 726.715071081282304, 367.861909923740484 ], [ 725.73808402745783, 365.907935822165825 ], [ 721.439341007637722, 366.103333233070828 ], [ 719.876161726004057, 358.678231648582027 ], [ 715.772816116621811, 358.873629059486973 ], [ 714.209636834520893, 351.448527474998173 ], [ 717.922187625831043, 351.253130064093114 ], [ 717.212332219144741, 347.379823997657581 ] ] ] } },
{ "type": "Feature", "properties": { "feature_type": "building", "subtype": "no-damage", "uid": "df38051f-a16a-49a5-94bd-da38847ad2fd" }, "geometry": { "type": "Polygon", "coordinates": [ [ [ 712.569981607484237, 457.619999911912487 ], [ 699.048261901919545, 461.087382061171695 ], [ 698.071274850431337, 457.179433858022207 ], [ 691.818557728569203, 456.984036447117091 ], [ 689.359981612446632, 446.959999909110877 ], [ 681.809981612194747, 412.779999908634807 ], [ 684.317015352590602, 414.700481509914823 ], [ 703.199981610104487, 409.249999910431598 ], [ 712.569981607484237, 457.619999911912487 ] ] ] } },
{ "type": "Feature", "properties": { "feature_type": "building", "subtype": "no-damage", "uid": "2955112c-902f-4f17-a6a7-67efa11c59a1" }, "geometry": { "type": "Polygon", "coordinates": [ [ [ 698.2666722608692, 396.21544190608472 ], [ 700.659981607445616, 396.159999911069519 ], [ 703.099981610316149, 408.759999909156193 ], [ 684.420562388470557, 414.150225284263911 ], [ 681.639981612157612, 412.019999909402884 ], [ 679.34998161352496, 401.659999911806608 ], [ 683.025674278023871, 398.560210825731588 ], [ 696.898890391775922, 395.043057444392218 ], [ 698.2666722608692, 396.21544190608472 ] ] ] } },
{ "type": "Feature", "properties": { "feature_type": "building", "subtype": "no-damage", "uid": "8b5c952b-2988-4554-87ac-4fb1f53ca06c" }, "geometry": { "type": "Polygon", "coordinates": [ [ [ 674.623585643915476, 405.985312410220388 ], [ 679.669981609389993, 405.399999908420511 ], [ 686.84998161026158, 437.879999911794982 ], [ 665.635304778260092, 441.352243638257221 ], [ 663.290535860248383, 435.881116155343022 ], [ 664.658317729341547, 433.536347235696098 ], [ 659.773382478675217, 428.651411981759225 ], [ 659.968779886543302, 414.973593274474013 ], [ 666.416894418142419, 413.80120881278151 ], [ 666.612291829981928, 406.180709821125504 ], [ 674.623585641579325, 404.812927948528113 ], [ 674.623585643915476, 405.985312410220388 ] ] ] } },
{ "type": "Feature", "properties": { "feature_type": "building", "subtype": "no-damage", "uid": "a712b0ca-a8bf-4455-9c6f-8481146bbed4" }, "geometry": { "type": "Polygon", "coordinates": [ [ [ 727.676327309429439, 396.933066853306912 ], [ 727.554554891815201, 396.933066853306912 ], [ 735.086487177770437, 441.458199972679097 ], [ 722.385655523608307, 444.584558535946314 ], [ 723.753437393402351, 454.745223861892214 ], [ 713.049981605019525, 457.489999911650386 ], [ 701.159981609657734, 396.149999909899179 ], [ 701.899981611221506, 396.129999911296522 ], [ 701.910667063478172, 396.238066762627682 ], [ 704.499981607819336, 396.079999909183016 ], [ 707.450350534159043, 396.020044495179604 ], [ 707.449981606129313, 395.899999910545318 ], [ 717.76157784056727, 395.277405503650925 ], [ 723.304536816321161, 394.192913529631028 ], [ 726.629981604722957, 393.299999909041503 ], [ 727.676327309429439, 396.933066853306912 ] ] ] } },
{ "type": "Feature", "properties": { "feature_type": "building", "subtype": "no-damage", "uid": "d4275666-9dfc-40b7-8493-1a0210a8bded" }, "geometry": { "type": "Polygon", "coordinates": [ [ [ 726.489981607495793, 392.809999911504008 ], [ 723.19126305985526, 393.705595714302774 ], [ 717.698172539380721, 394.780330818156074 ], [ 707.459981605897838, 395.399999911837483 ], [ 707.629981605234207, 385.919999908827208 ], [ 714.877225430058729, 384.714391768356222 ], [ 717.318573687231378, 383.493717639302702 ], [ 723.648797738865142, 382.904859588857221 ], [ 726.489981607495793, 392.809999911504008 ] ] ] } },
{ "type": "Feature", "properties": { "feature_type": "building", "subtype": "no-damage", "uid": "4b450186-30ff-47a9-a3a5-a81e69685841" }, "geometry": { "type": "Polygon", "coordinates": [ [ [ 766.12998160075847, 413.089999911272514 ], [ 768.244437632629342, 423.776453400826085 ], [ 763.94569461000583, 427.293606782165512 ], [ 760.428541227264645, 428.856786065668018 ], [ 742.256582089253698, 432.764734265079596 ], [ 738.544031297009155, 425.925824913305917 ], [ 739.989981605312778, 419.779999909233197 ], [ 755.60594664447035, 416.936545584086502 ], [ 760.051560651567229, 411.137918613249894 ], [ 766.12998160075847, 413.089999911272514 ] ] ] } },
{ "type": "Feature", "properties": { "feature_type": "building", "subtype": "no-damage", "uid": "f3081c1e-8192-47cb-bddd-29cea85b7802" }, "geometry": { "type": "Polygon", "coordinates": [ [ [ 766.009981596059788, 412.529999909280889 ], [ 759.869255288266004, 410.553923081955418 ], [ 755.326588431576283, 416.47914071682942 ], [ 740.079981603697206, 419.249999910752479 ], [ 735.808467556486562, 413.811185485785188 ], [ 735.029981602123939, 410.519999909541582 ], [ 764.15998160102788, 403.17999991027051 ], [ 766.009981596059788, 412.529999909280889 ] ] ] } },
{ "type": "Feature", "properties": { "feature_type": "building", "subtype": "no-damage", "uid": "7b949911-0974-4a7e-94cc-1bbce8b211dd" }, "geometry": { "type": "Polygon", "coordinates": [ [ [ 761.550554337362428, 390.014774483115616 ], [ 764.059981596800867, 402.689999908995105 ], [ 734.919981605604107, 410.029999912004087 ], [ 731.85998160283134, 397.029999911960772 ], [ 735.532059815836874, 394.928820395797118 ], [ 743.508298201421326, 392.205226799728109 ], [ 750.819981600208848, 390.5399999112405 ], [ 750.833625482909724, 390.627170418136302 ], [ 759.100970596812203, 388.789982613074073 ], [ 761.550554337362428, 390.014774483115616 ] ] ] } },
{ "type": "Feature", "properties": { "feature_type": "building", "subtype": "no-damage", "uid": "268ee7db-68da-41a0-ae5a-c6eb00776cb0" }, "geometry": { "type": "Polygon", "coordinates": [ [ [ 739.949981600631645, 373.299999912137707 ], [ 735.778109922482486, 383.039920365914099 ], [ 740.959981602955395, 392.549999910979807 ], [ 735.325377531912295, 394.471049002337622 ], [ 731.013556457977415, 396.933066853306912 ], [ 728.196948432958152, 396.933066853306912 ], [ 724.015153211928805, 382.368621337363606 ], [ 722.839981605061098, 382.479999909942819 ], [ 722.086998006076556, 379.343740907922381 ], [ 720.159981605174949, 379.539999909766323 ], [ 716.49998160530788, 371.609999908730572 ], [ 724.95989724043136, 369.499510667397089 ], [ 725.572293179190069, 371.94909440747989 ], [ 738.432607802010239, 368.734015750490073 ], [ 739.949981600631645, 373.299999912137707 ] ] ] } },
{ "type": "Feature", "properties": { "feature_type": "building", "subtype": "no-damage", "uid": "66f403e5-1d4e-4877-9917-f36a47734e83" }, "geometry": { "type": "Polygon", "coordinates": [ [ [ 751.7522193849735, 377.001360869531993 ], [ 750.833625480339833, 377.307558837042393 ], [ 751.599120401685582, 381.747429364073696 ], [ 749.45573462630955, 383.890815132908415 ], [ 750.719981602756775, 390.049999909965209 ], [ 743.371726772326042, 391.723515115492489 ], [ 741.439981602126068, 392.379999909774483 ], [ 736.333340128337227, 383.013678735246685 ], [ 740.299981602577191, 373.759999909902319 ], [ 750.527427511661472, 372.102193389366221 ], [ 751.7522193849735, 377.001360869531993 ] ] ] } },
{ "type": "Feature", "properties": { "feature_type": "building", "subtype": "no-damage", "uid": "2475eeb4-0cd7-4b58-a6cc-bbe281740453" }, "geometry": { "type": "Polygon", "coordinates": [ [ [ 682.412638193031398, 347.237279502902993 ], [ 689.056150140207933, 345.674100223138282 ], [ 693.354893160495294, 347.823471735618114 ], [ 695.548781382249103, 356.026425455781293 ], [ 697.348137279853745, 355.546597215423276 ], [ 696.388480800773095, 352.307756602351617 ], [ 701.306720247622138, 351.108186005194511 ], [ 705.546216149102406, 367.81678750073371 ], [ 685.845029315903844, 372.55504762694801 ], [ 686.413725452665176, 375.732663169712396 ], [ 662.979629312713655, 379.925042198576875 ], [ 658.471895812854427, 377.295842449476993 ], [ 656.229414727426047, 369.604527102101315 ], [ 661.308572219991447, 368.281299310194072 ], [ 656.849981616773903, 345.319999912084825 ], [ 680.854186769585795, 341.015319145453304 ], [ 682.412638193031398, 347.237279502902993 ] ] ] } },
{ "type": "Feature", "properties": { "feature_type": "building", "subtype": "no-damage", "uid": "fa336b62-b08d-4fd2-b34f-0a84552ce816" }, "geometry": { "type": "Polygon", "coordinates": [ [ [ 691.571115627776408, 342.699407964891293 ], [ 682.309981609267311, 344.629999909831099 ], [ 681.009981613654872, 339.109999910491297 ], [ 690.19322477397975, 337.034745567818618 ], [ 691.571115627776408, 342.699407964891293 ] ] ] } },
{ "type": "Feature", "properties": { "feature_type": "building", "subtype": "no-damage", "uid": "86864679-ad13-445e-9001-290f4708fb80" }, "geometry": { "type": "Polygon", "coordinates": [ [ [ 660.729031520476951, 367.919204880146708 ], [ 645.339981615187639, 372.04999991163038 ], [ 640.481101862323044, 351.087850037633814 ], [ 641.093497795942085, 348.178969348154283 ], [ 656.359981613395917, 345.399999910233419 ], [ 660.729031520476951, 367.919204880146708 ] ] ] } },
{ "type": "Feature", "properties": { "feature_type": "building", "subtype": "no-damage", "uid": "6056ee36-8a77-451c-a5f1-d7e2d35a88c3" }, "geometry": { "type": "Polygon", "coordinates": [ [ [ 681.925879655171229, 316.213283788327601 ], [ 682.69137457371346, 319.887659394713978 ], [ 684.222364411732656, 322.949639069817692 ], [ 687.131245104015647, 322.949639069817692 ], [ 689.274630873784758, 326.624014676204126 ], [ 689.121531889562334, 330.757687235725086 ], [ 666.003585360284319, 336.575448618422001 ], [ 667.319981612759307, 342.859999912013279 ], [ 653.819981616577593, 345.259999908800978 ], [ 648.595347995273869, 321.692845171590477 ], [ 680.74180892045149, 313.417518593785587 ], [ 681.925879655171229, 316.213283788327601 ] ] ] } },
{ "type": "Feature", "properties": { "feature_type": "building", "subtype": "no-damage", "uid": "1eb21a0f-19ed-4be7-81dd-afadd68cec71" }, "geometry": { "type": "Polygon", "coordinates": [ [ [ 651.095805600366702, 315.487827488497317 ], [ 647.236501278640731, 296.100717583043718 ], [ 659.93733293256912, 292.9743590197765 ], [ 667.993143453674179, 291.801974558084112 ], [ 668.952799933455708, 293.121502217199577 ], [ 671.35194112730278, 306.196821731445027 ], [ 674.35086762206447, 305.716993494824919 ], [ 675.190567041756594, 311.350164197725917 ], [ 651.095805600366702, 315.487827488497317 ] ] ] } },
{ "type": "Feature", "properties": { "feature_type": "building", "subtype": "no-damage", "uid": "7d8abd86-e6f8-458a-988d-8ab64a7f2fe9" }, "geometry": { "type": "Polygon", "coordinates": [ [ [ 612.60921112649487, 294.858255671570589 ], [ 619.79685474051746, 293.28023955078362 ], [ 622.532418486179722, 295.234213652358278 ], [ 623.509405531360244, 301.291533364249688 ], [ 614.521124668975517, 302.854712644014285 ], [ 612.60921112649487, 294.858255671570589 ] ] ] } },
{ "type": "Feature", "properties": { "feature_type": "building", "subtype": "no-damage", "uid": "50086355-ffde-4772-82a2-39045ff44b94" }, "geometry": { "type": "Polygon", "coordinates": [ [ [ 621.031991676840676, 343.634898113456984 ], [ 625.27148757551754, 358.84720693736341 ], [ 607.814739749534624, 363.336084952261785 ], [ 602.577715397417819, 345.380572896405681 ], [ 617.818713382365559, 340.691035053373923 ], [ 618.900676735075194, 344.101667159453882 ], [ 621.031991676840676, 343.634898113456984 ] ] ] } },
{ "type": "Feature", "properties": { "feature_type": "building", "subtype": "no-damage", "uid": "93c24f81-c743-4499-8e31-7ccf6ee3fd5d" }, "geometry": { "type": "Polygon", "coordinates": [ [ [ 626.945982077881354, 364.861759679561317 ], [ 630.43733164494688, 380.074068503467572 ], [ 619.29967926844688, 382.028042605042288 ], [ 619.690474093761281, 384.372811528427121 ], [ 614.414744019415934, 385.740593397286716 ], [ 609.529808766179713, 367.764031668779808 ], [ 612.656167326176387, 366.982442028897424 ], [ 612.851564740819299, 368.545621308662078 ], [ 615.977923300348721, 366.787044617992422 ], [ 626.945982077881354, 364.861759679561317 ] ] ] } },
{ "type": "Feature", "properties": { "feature_type": "building", "subtype": "no-damage", "uid": "3bfc1444-dbb0-4e1f-b745-ff40872824d9" }, "geometry": { "type": "Polygon", "coordinates": [ [ [ 630.268861915726916, 402.341231652045792 ], [ 633.820194320053588, 406.602830535555711 ], [ 636.161215782895397, 410.816669171380681 ], [ 639.749981618402103, 416.029999911449124 ], [ 624.698702152683381, 419.612510696803213 ], [ 620.986151360438839, 414.727575442866282 ], [ 619.4229720790388, 400.463564502865893 ], [ 629.699981619705341, 398.029999909376386 ], [ 630.268861915726916, 402.341231652045792 ] ] ] } },
{ "type": "Feature", "properties": { "feature_type": "building", "subtype": "no-damage", "uid": "742055fb-cf78-4400-a086-4efe1def2c51" }, "geometry": { "type": "Polygon", "coordinates": [ [ [ 651.858942156816966, 390.302899180657789 ], [ 656.74387740724967, 411.992011701409297 ], [ 640.269981618048746, 415.909999908619284 ], [ 636.586728742051832, 410.553029479733425 ], [ 634.234424393813242, 406.318881662061813 ], [ 630.745768084089036, 402.132494088337126 ], [ 629.959981616958885, 396.149999909899179 ], [ 628.997445177643044, 387.958130257273012 ], [ 646.387814673902653, 385.417963926720972 ], [ 651.858942156816966, 390.302899180657789 ] ] ] } },
{ "type": "Feature", "properties": { "feature_type": "building", "subtype": "no-damage", "uid": "f6383cc6-7d99-493b-9738-7a3d9c812394" }, "geometry": { "type": "Polygon", "coordinates": [ [ [ 580.555650862703374, 475.919581350356623 ], [ 584.929981629290637, 483.639999910601716 ], [ 585.70763841913697, 487.154327215948797 ], [ 573.592998994419418, 490.280685779216014 ], [ 573.006806765442093, 486.568134986971472 ], [ 568.121871513374003, 478.556841173505404 ], [ 568.512666334716982, 471.717931817993815 ], [ 580.109981624964348, 469.139999910697213 ], [ 580.555650862703374, 475.919581350356623 ] ] ] } },
{ "type": "Feature", "properties": { "feature_type": "building", "subtype": "no-damage", "uid": "5a5c3c9b-bad2-4919-abbd-9f2ce4a22c09" }, "geometry": { "type": "Polygon", "coordinates": [ [ [ 590.547864518106735, 453.545472855512287 ], [ 601.099324663994139, 452.763883215630017 ], [ 602.85790135700006, 458.62580552035422 ], [ 607.019981621279612, 458.109999909449982 ], [ 615.769981621560532, 478.849999910720896 ], [ 615.994236983267115, 480.51081527508012 ], [ 606.028969069627692, 483.050981605632217 ], [ 601.925623457909182, 479.729225631459883 ], [ 585.429981624026937, 483.519999911510013 ], [ 581.047144302803758, 475.772860437229212 ], [ 580.609981628811738, 469.029999909037826 ], [ 579.019417322366508, 447.878947961693086 ], [ 589.570877469188304, 446.315768681928489 ], [ 590.547864518106735, 453.545472855512287 ] ] ] } },
{ "type": "Feature", "properties": { "feature_type": "building", "subtype": "no-damage", "uid": "8b43fd13-4ffa-4b35-9241-3c15c586ad16" }, "geometry": { "type": "Polygon", "coordinates": [ [ [ 630.909981618802249, 459.249999912035776 ], [ 632.798414250315773, 472.694918868781201 ], [ 615.759981619922996, 477.539999910667689 ], [ 610.369981622246883, 462.069999909382716 ], [ 615.755784568635477, 457.938196156165077 ], [ 628.257099707743123, 456.207244829107481 ], [ 630.909981618802249, 459.249999912035776 ] ] ] } },
{ "type": "Feature", "properties": { "feature_type": "building", "subtype": "no-damage", "uid": "ab22eb18-6095-443c-a381-9a7ab3675a96" }, "geometry": { "type": "Polygon", "coordinates": [ [ [ 656.441500869138395, 440.845141022083908 ], [ 652.338155256485493, 441.626730661966178 ], [ 655.07371899981149, 461.166471673975707 ], [ 638.660336551068667, 464.488227644410017 ], [ 635.589981617491048, 453.749999911298573 ], [ 631.23998161957536, 437.179999912108883 ], [ 632.077110827632055, 434.918970718862624 ], [ 655.119981617563099, 429.489999909256881 ], [ 656.441500869138395, 440.845141022083908 ] ] ] } },
{ "type": "Feature", "properties": { "feature_type": "building", "subtype": "no-damage", "uid": "ff3ebbbd-fb02-4c40-86a6-8b86951d0f85" }, "geometry": { "type": "Polygon", "coordinates": [ [ [ 650.379981618627653, 430.089999908453819 ], [ 636.857050708702445, 433.028744792715486 ], [ 635.880063656279731, 424.431258750272093 ], [ 649.797988922662739, 422.086989649956706 ], [ 650.379981618627653, 430.089999908453819 ] ] ] } },
{ "type": "Feature", "properties": { "feature_type": "building", "subtype": "no-damage", "uid": "d07a5d6c-85d3-4259-af74-f98ed62a5a9b" }, "geometry": { "type": "Polygon", "coordinates": [ [ [ 635.139981619027822, 453.989999909482322 ], [ 631.019981620695262, 458.619999909327987 ], [ 628.456731114999116, 455.674833413636179 ], [ 627.049981622162022, 455.869999908959528 ], [ 625.452791091763856, 447.377094885719828 ], [ 626.389981621550191, 438.93999990875642 ], [ 630.919981618570887, 437.929999910170579 ], [ 635.139981619027822, 453.989999909482322 ] ] ] } },
{ "type": "Feature", "properties": { "feature_type": "building", "subtype": "no-damage", "uid": "4bce010e-6c57-4af4-8c06-778a77954ddc" }, "geometry": { "type": "Polygon", "coordinates": [ [ [ 626.559981621353813, 455.939999909675578 ], [ 615.556382940409321, 457.461035467918009 ], [ 610.189981623609128, 461.569999910674881 ], [ 609.070971459879729, 458.346197876244219 ], [ 606.929981622895184, 452.399999910302199 ], [ 625.029981617981775, 447.819999908832017 ], [ 626.559981621353813, 455.939999909675578 ] ] ] } },
{ "type": "Feature", "properties": { "feature_type": "building", "subtype": "no-damage", "uid": "1097c42f-5d31-4ba3-9f6a-a305d29420a2" }, "geometry": { "type": "Polygon", "coordinates": [ [ [ 625.719398334538596, 439.086064508344691 ], [ 625.869981617932126, 439.04999991041592 ], [ 624.959981618667257, 447.319999910124181 ], [ 606.759981624026068, 451.929999911367418 ], [ 606.57045214831021, 451.396101343032512 ], [ 607.938234018571507, 439.086064508344691 ], [ 624.74241128351764, 435.764308537910381 ], [ 625.719398334538596, 439.086064508344691 ] ] ] } },
{ "type": "Feature", "properties": { "feature_type": "building", "subtype": "no-damage", "uid": "a013ef13-59a1-484d-a9d9-96e77fe2f602" }, "geometry": { "type": "Polygon", "coordinates": [ [ [ 464.523631480258416, 496.266229488401109 ], [ 466.213408036853707, 510.70613823940829 ], [ 467.279981642071277, 510.849999910252393 ], [ 469.116024639366287, 521.626717574444797 ], [ 466.123439298203095, 522.873628134761816 ], [ 466.622203521302026, 525.118067140342191 ], [ 451.409894698563278, 528.858798817555339 ], [ 447.918545134301212, 512.648961548385728 ], [ 436.197585879796122, 512.898343659701482 ], [ 433.259981647936911, 500.309999910280624 ], [ 453.143994737753985, 496.570673331786907 ], [ 460.799981646259027, 494.699999911621887 ], [ 464.523631480258416, 496.266229488401109 ] ] ] } },
{ "type": "Feature", "properties": { "feature_type": "building", "subtype": "no-damage", "uid": "0127a309-1c71-4d49-ad7e-2253115ff093" }, "geometry": { "type": "Polygon", "coordinates": [ [ [ 503.363100049460172, 492.220524196764188 ], [ 508.39842254898582, 497.561017759571428 ], [ 510.949981635983022, 514.659999911320369 ], [ 493.999981641382021, 518.839999910833967 ], [ 490.379981641056418, 486.569999909607986 ], [ 500.655528801253013, 484.911837467261307 ], [ 500.7499816370198, 484.659999910357783 ], [ 503.363100049460172, 492.220524196764188 ] ] ] } },
{ "type": "Feature", "properties": { "feature_type": "building", "subtype": "no-damage", "uid": "edd23bad-f1c1-454b-9bfd-397c19fbb861" }, "geometry": { "type": "Polygon", "coordinates": [ [ [ 527.079981633207922, 498.959999909284079 ], [ 522.427366079958006, 500.505477057838277 ], [ 518.711717430030262, 500.934205751116792 ], [ 518.402616153559848, 498.925047475435179 ], [ 509.369981638440379, 500.669999911293928 ], [ 508.869819775580027, 497.332135212013327 ], [ 503.800609353804589, 491.955699915695675 ], [ 501.019981637312526, 483.909999908558291 ], [ 502.019647816458075, 481.20922870152549 ], [ 523.15998163538643, 479.129999909847811 ], [ 527.079981633207922, 498.959999909284079 ] ] ] } },
{ "type": "Feature", "properties": { "feature_type": "building", "subtype": "no-damage", "uid": "567df36a-7d1d-4fa4-89c4-ec5f3526977c" }, "geometry": { "type": "Polygon", "coordinates": [ [ [ 558.496092442057829, 494.064476321628888 ], [ 561.289981631589058, 493.649999912092824 ], [ 563.382462916027293, 503.421823407272825 ], [ 549.915828878106254, 506.414408750538485 ], [ 547.809981631907476, 496.469999909439707 ], [ 548.891003627589839, 496.328871024348985 ], [ 551.86578808507943, 493.354086567326704 ], [ 558.496092442057829, 494.064476321628888 ] ] ] } },
{ "type": "Feature", "properties": { "feature_type": "building", "subtype": "no-damage", "uid": "030360e5-6824-409c-b34b-55dc4ee9c4ae" }, "geometry": { "type": "Polygon", "coordinates": [ [ [ 559.392349127965417, 493.19715682089668 ], [ 558.486194999222789, 493.560554170724004 ], [ 551.6813086663592, 492.831459207690216 ], [ 548.658240135727056, 495.854527736453292 ], [ 532.699981637709357, 497.889999911152415 ], [ 530.139981637615961, 489.439999909068376 ], [ 533.329458108850986, 488.814673407930115 ], [ 531.898741487426832, 484.522523548563925 ], [ 534.159981633824032, 478.069999909148407 ], [ 556.669981631978999, 474.979999910107097 ], [ 559.392349127965417, 493.19715682089668 ] ] ] } },
{ "type": "Feature", "properties": { "feature_type": "building", "subtype": "no-damage", "uid": "cc5d8599-5c45-4741-b4ce-917c36f157df" }, "geometry": { "type": "Polygon", "coordinates": [ [ [ 556.589981630559805, 474.489999908831692 ], [ 533.909292346206826, 477.595821507021583 ], [ 532.649981636063103, 475.909999910544286 ], [ 532.268142675787431, 469.607210988258487 ], [ 532.399981632036884, 463.529999912038477 ], [ 532.45908104651653, 463.520685507031487 ], [ 554.654089004554294, 461.52562861276698 ], [ 556.589981630559805, 474.489999908831692 ] ] ] } },
{ "type": "Feature", "properties": { "feature_type": "building", "subtype": "no-damage", "uid": "0854baa2-213b-422b-aa88-69671811298c" }, "geometry": { "type": "Polygon", "coordinates": [ [ [ 531.76780957321364, 469.616645783201193 ], [ 532.109981636412158, 475.269999910404181 ], [ 523.439981636849438, 475.669999908622913 ], [ 521.87273002934819, 466.51327085029709 ], [ 527.720820921703762, 464.518213952294786 ], [ 531.899981637066958, 463.639999909960125 ], [ 531.76780957321364, 469.616645783201193 ] ] ] } },
{ "type": "Feature", "properties": { "feature_type": "building", "subtype": "no-damage", "uid": "8ad4a3ac-8643-4cde-9257-e01b78494f40" }, "geometry": { "type": "Polygon", "coordinates": [ [ [ 513.114551081263926, 454.145186330549677 ], [ 518.992447008361864, 453.54540103197121 ], [ 519.699981639301086, 456.369999911405216 ], [ 523.432861516484195, 478.603739490103521 ], [ 501.658834807253811, 480.742259970011219 ], [ 500.287390082169793, 484.464752792502225 ], [ 490.319981639174273, 486.069999910900208 ], [ 488.77998164304222, 472.309999911625027 ], [ 488.586768430318386, 470.593318421437573 ], [ 488.568821827136389, 470.593318421437573 ], [ 488.562463262216284, 470.506231620832807 ], [ 486.97998164171338, 470.859999910139379 ], [ 484.839981644281806, 461.259999911775083 ], [ 488.980757047177121, 459.883414069107516 ], [ 489.659981640431511, 458.119999910620322 ], [ 499.136909474636127, 455.85189361474022 ], [ 501.004363281918188, 453.054141504071595 ], [ 512.94998163992534, 451.959999911140301 ], [ 513.114551081263926, 454.145186330549677 ] ] ] } },
{ "type": "Feature", "properties": { "feature_type": "building", "subtype": "no-damage", "uid": "d0b6645c-ad64-4252-8c7a-f98f649dc73d" }, "geometry": { "type": "Polygon", "coordinates": [ [ [ 465.622699892211813, 442.266184089256512 ], [ 479.119981642094615, 439.169999909507681 ], [ 481.746001218883293, 446.857662004698284 ], [ 483.979981643392591, 446.9799999114515 ], [ 484.849912472307892, 450.966490612561188 ], [ 482.569981641448521, 451.949999909970018 ], [ 482.25977131245719, 452.01352087032609 ], [ 482.269981644186203, 452.069999909061778 ], [ 482.114348732018925, 452.13887507051578 ], [ 484.291219206481287, 461.446593348872113 ], [ 484.359981640205092, 461.419999911810123 ], [ 486.489981642306986, 470.959999910628483 ], [ 473.51686269074338, 473.827987595005027 ], [ 469.21811966671811, 453.702054354018287 ], [ 466.677953336633323, 453.89745176118538 ], [ 457.494275059605513, 455.265233633782884 ], [ 454.758711321886324, 447.840132049294084 ], [ 458.080467294189589, 440.024235642995109 ], [ 464.989981644139618, 438.989999910869926 ], [ 465.622699892211813, 442.266184089256512 ] ] ] } },
{ "type": "Feature", "properties": { "feature_type": "building", "subtype": "no-damage", "uid": "592d6495-8e1d-4da1-903d-f5cdf485ffac" }, "geometry": { "type": "Polygon", "coordinates": [ [ [ 495.010577799188582, 435.53009521086841 ], [ 495.987564849508772, 443.150594206262326 ], [ 483.879981639399205, 446.469999911573382 ], [ 482.110099955119608, 446.376133054652485 ], [ 479.609981644538095, 439.05999991158609 ], [ 480.604119650709208, 438.82782545359288 ], [ 483.789981643117414, 434.21999990959182 ], [ 495.010577799188582, 435.53009521086841 ] ] ] } },
{ "type": "Feature", "properties": { "feature_type": "building", "subtype": "no-damage", "uid": "e0cc2620-3b98-444c-98ea-fa720379483d" }, "geometry": { "type": "Polygon", "coordinates": [ [ [ 488.279981640596475, 492.129999909891126 ], [ 489.88998163861288, 503.919999910370223 ], [ 466.664702013832311, 510.260767300880673 ], [ 464.999981646945173, 496.069999911221089 ], [ 469.649863480436693, 492.732874487930701 ], [ 487.11998164314582, 487.969999908980128 ], [ 488.279981640596475, 492.129999909891126 ] ] ] } },
{ "type": "Feature", "properties": { "feature_type": "building", "subtype": "no-damage", "uid": "cb7c0f5c-55aa-48e5-a405-671834ca6be7" }, "geometry": { "type": "Polygon", "coordinates": [ [ [ 473.165541391451825, 477.98823060356932 ], [ 482.282522426954813, 475.826472212171325 ], [ 484.068322835229026, 476.954346154534278 ], [ 486.989981644285422, 487.489999908875006 ], [ 469.431405633721909, 492.274192346551388 ], [ 464.58998164545369, 495.749999911151008 ], [ 461.429981646630608, 494.419999908757177 ], [ 456.676699398299604, 486.509937689158278 ], [ 457.769981648632381, 480.909999908835914 ], [ 466.774255718995676, 478.834136058472723 ], [ 466.277135140865312, 475.712076359352977 ], [ 472.695593918036991, 474.604608776480291 ], [ 473.165541391451825, 477.98823060356932 ] ] ] } },
{ "type": "Feature", "properties": { "feature_type": "building", "subtype": "no-damage", "uid": "866eb1ae-5e7d-4918-b7d1-fb8a52294c6f" }, "geometry": { "type": "Polygon", "coordinates": [ [ [ 458.415488363693214, 477.190199603817916 ], [ 456.578300563537027, 477.955694520724819 ], [ 457.01998164613201, 480.899999911403427 ], [ 455.861337765867006, 483.008631821753511 ], [ 450.046687665248726, 484.011157701540981 ], [ 452.786619364333717, 494.77517509470789 ], [ 433.089981652338508, 499.559999908481018 ], [ 425.972919292952383, 469.007091967193276 ], [ 454.588013773317812, 463.564390055213607 ], [ 458.415488363693214, 477.190199603817916 ] ] ] } },
{ "type": "Feature", "properties": { "feature_type": "building", "subtype": "no-damage", "uid": "0427c83e-0eff-462a-9b72-692bf55f79d2" }, "geometry": { "type": "Polygon", "coordinates": [ [ [ 371.670985062396483, 391.776345454792079 ], [ 392.264109094953199, 389.569939307462278 ], [ 393.551179350054213, 402.992243369139373 ], [ 364.500165083340789, 405.382516694167407 ], [ 361.37442304448291, 399.498766970446525 ], [ 362.661493297715026, 386.076462908769315 ], [ 366.890438410471518, 384.421658298272007 ], [ 370.75164916899962, 386.076462908769315 ], [ 371.670985062396483, 391.776345454792079 ] ] ] } },
{ "type": "Feature", "properties": { "feature_type": "building", "subtype": "no-damage", "uid": "e997cbde-af2c-4962-9764-03d7bea6dbcd" }, "geometry": { "type": "Polygon", "coordinates": [ [ [ 555.64084958621504, 239.697208950524299 ], [ 553.250576259785248, 242.822950990082887 ], [ 553.802177798019329, 251.464708401704087 ], [ 547.918428075699921, 255.5097863372294 ], [ 535.41545990765303, 256.245255051760125 ], [ 519.97061688288511, 254.774317622698788 ], [ 519.051280988086432, 241.535880738719811 ], [ 521.569981639009711, 240.859999910236013 ], [ 524.422691499744701, 244.093396470829106 ], [ 534.778441087685223, 241.820183149251108 ], [ 548.260023754279587, 240.293966241121694 ], [ 546.517372187104456, 232.57650930768321 ], [ 549.009981633805637, 232.409999911889912 ], [ 549.021631147496009, 232.526388971702403 ], [ 555.456982407815985, 232.158654612568114 ], [ 555.64084958621504, 239.697208950524299 ] ] ] } },
{ "type": "Feature", "properties": { "feature_type": "building", "subtype": "no-damage", "uid": "bd151efe-2bb9-4612-b816-41b79e8b026f" }, "geometry": { "type": "Polygon", "coordinates": [ [ [ 552.147373186587515, 229.400646928405791 ], [ 548.653896791632292, 228.849045391573412 ], [ 548.959981631458504, 231.919999910614507 ], [ 545.900721558572968, 232.11566345549349 ], [ 547.649419556127214, 239.859897457277214 ], [ 534.696498360867281, 241.326265896151313 ], [ 524.602914777923729, 243.541930585734008 ], [ 521.789981637422557, 240.359999911528206 ], [ 521.257687133313766, 223.884631563819198 ], [ 552.14737318798916, 220.942756698220791 ], [ 552.147373186587515, 229.400646928405791 ] ] ] } },
{ "type": "Feature", "properties": { "feature_type": "building", "subtype": "no-damage", "uid": "34f12a31-af93-4f1a-bb96-24a9f5d1b710" }, "geometry": { "type": "Polygon", "coordinates": [ [ [ 461.40497137712498, 215.72384273658281 ], [ 465.384917935992917, 215.370069707632695 ], [ 468.834204950033893, 217.934924157241511 ], [ 468.700604573066585, 225.084588501729314 ], [ 471.869981646580925, 235.069999909201698 ], [ 471.530100703884614, 235.104184259148298 ], [ 470.377582736241209, 236.832961211197386 ], [ 462.980394598223597, 237.145740270918992 ], [ 463.206151591273908, 238.838917741807393 ], [ 456.473748048308323, 239.142945206762505 ], [ 449.558640249923712, 226.609312321227208 ], [ 453.320732239874019, 213.610667990056413 ], [ 460.432095552184592, 213.158988286973909 ], [ 461.40497137712498, 215.72384273658281 ] ] ] } },
{ "type": "Feature", "properties": { "feature_type": "building", "subtype": "no-damage", "uid": "48f362e0-ed48-4257-9258-5a797dd05064" }, "geometry": { "type": "Polygon", "coordinates": [ [ [ 477.236314351854787, 212.539885490983693 ], [ 478.739849717650372, 212.539885490983693 ], [ 479.182066000801001, 214.043420857480214 ], [ 483.073569298459915, 214.131864111914297 ], [ 483.250455816672797, 216.254502278138887 ], [ 486.080640030051313, 215.655443572892409 ], [ 486.800963761317689, 230.92630663312849 ], [ 483.487474610154209, 231.790695105415097 ], [ 482.479021385166277, 234.095731040234597 ], [ 472.379981645524481, 235.029999911996413 ], [ 469.203817179852877, 225.017169494823492 ], [ 469.799981643791284, 210.589999911316909 ], [ 477.147871095318123, 210.50569058293101 ], [ 477.236314351854787, 212.539885490983693 ] ] ] } },
{ "type": "Feature", "properties": { "feature_type": "building", "subtype": "no-damage", "uid": "f15a2159-753d-486c-9fa9-f0e21872717a" }, "geometry": { "type": "Polygon", "coordinates": [ [ [ 489.895807235665416, 239.206115672723087 ], [ 497.088458598683928, 238.256135219105886 ], [ 497.808782330651184, 240.849300643441609 ], [ 501.986659955035918, 240.7052358968146 ], [ 502.562918941310613, 242.289948102236593 ], [ 504.723890125064315, 241.71368911946621 ], [ 505.300149109236372, 256.552357939820979 ], [ 504.003566397769305, 257.128616922591391 ], [ 503.427307414765323, 260.009911840181189 ], [ 493.101964125576615, 261.118673536366998 ], [ 492.686178491843123, 259.109042963431989 ], [ 490.815143128127886, 259.247638172651875 ], [ 489.344205699533802, 250.054279227936206 ], [ 489.895807235665416, 239.206115672723087 ] ] ] } },
{ "type": "Feature", "properties": { "feature_type": "building", "subtype": "no-damage", "uid": "cbfdf334-975f-407d-99fc-f884affe08e5" }, "geometry": { "type": "Polygon", "coordinates": [ [ [ 374.294489314948578, 250.525813607964608 ], [ 385.466592390531275, 251.075404612686413 ], [ 386.385928280424025, 252.914076404619806 ], [ 391.718076467779895, 251.627006149518792 ], [ 393.005146721012011, 266.520247643995219 ], [ 392.637412365148407, 267.807317895358324 ], [ 392.637412364914724, 270.013724042688125 ], [ 376.023266264661515, 272.711784465183314 ], [ 372.133518127690593, 261.186604798561689 ], [ 374.294489314948578, 250.525813607964608 ] ] ] } },
{ "type": "Feature", "properties": { "feature_type": "building", "subtype": "no-damage", "uid": "541fc154-ddf3-4fe6-993f-97a15940416e" }, "geometry": { "type": "Polygon", "coordinates": [ [ [ 377.932573667850079, 296.990709205927999 ], [ 382.783406087728395, 297.060006812406812 ], [ 382.852703691403917, 299.000339778862894 ], [ 384.959981655580975, 298.729999909591982 ], [ 385.078009108861295, 306.645263487998818 ], [ 387.869981659488985, 314.029999909671687 ], [ 383.12894535202912, 314.457850344763415 ], [ 376.017599976914425, 318.295719277780222 ], [ 373.195637524888582, 316.038149317841714 ], [ 370.825189070176975, 315.925270820031699 ], [ 368.059147057612222, 306.839122017391674 ], [ 368.978482954980677, 295.807091280742611 ], [ 377.863276064875492, 295.188971448691689 ], [ 377.932573667850079, 296.990709205927999 ] ] ] } },
{ "type": "Feature", "properties": { "feature_type": "building", "subtype": "no-damage", "uid": "133a9d57-2e90-41e6-ad0f-76c3aa5f8edb" }, "geometry": { "type": "Polygon", "coordinates": [ [ [ 393.732427832656924, 296.020542722699872 ], [ 399.206938700098419, 295.88194750974219 ], [ 399.414831522571887, 297.060006812406812 ], [ 401.770950123462512, 296.852113992970317 ], [ 402.466089505648711, 297.016806752179889 ], [ 401.29084056629182, 305.243549356178903 ], [ 403.25998165281402, 312.999999908745281 ], [ 402.769804007419282, 312.651794376065027 ], [ 398.254664084738806, 314.344971846953399 ], [ 395.771337126844003, 316.263906313461803 ], [ 389.299981657699618, 316.369999910651416 ], [ 385.576665045309824, 306.550191173021176 ], [ 385.389981657310614, 293.929999908540879 ], [ 391.999987681899427, 292.971448056320185 ], [ 393.732427832656924, 296.020542722699872 ] ] ] } },
{ "type": "Feature", "properties": { "feature_type": "building", "subtype": "no-damage", "uid": "868eb374-b9c9-4743-a712-c125d091ad9f" }, "geometry": { "type": "Polygon", "coordinates": [ [ [ 410.433150870241377, 294.218804965463619 ], [ 415.561173712297204, 294.426697784900227 ], [ 415.838364137745373, 295.812649903263377 ], [ 417.025114682516516, 295.687091558254622 ], [ 416.787127398202813, 302.806904106538695 ], [ 419.839981651305493, 310.149999911625514 ], [ 419.799521970821274, 310.093251400980876 ], [ 413.365447583734806, 310.996279387199024 ], [ 410.656363631855186, 314.721269822405816 ], [ 405.140252464700723, 314.344971846953399 ], [ 403.889981652251095, 313.449999909077519 ], [ 401.799803664956528, 305.216341563384105 ], [ 402.969323641976018, 297.029701718640695 ], [ 402.489981656616919, 291.789999908539528 ], [ 402.533223787721226, 291.516198331478108 ], [ 408.97790114586661, 291.23900790930071 ], [ 410.433150870241377, 294.218804965463619 ] ] ] } },
{ "type": "Feature", "properties": { "feature_type": "building", "subtype": "no-damage", "uid": "9bf3803a-7569-4f6a-842b-c8de741cba6b" }, "geometry": { "type": "Polygon", "coordinates": [ [ [ 425.401433756601307, 290.060948606635975 ], [ 425.886517002420419, 292.694257634142673 ], [ 429.975075754769307, 291.931983966613302 ], [ 433.23206323404429, 293.387233695193288 ], [ 434.135091217692718, 308.400073930092503 ], [ 431.426007265112275, 310.996279387199024 ], [ 421.605577939986915, 312.689456858087283 ], [ 421.189981653703683, 312.089999910648601 ], [ 417.290882352855988, 302.716143771961924 ], [ 417.719981653878278, 291.249999908888526 ], [ 417.986589919199275, 289.922353393678293 ], [ 425.401433756601307, 290.060948606635975 ] ] ] } },
{ "type": "Feature", "properties": { "feature_type": "building", "subtype": "no-damage", "uid": "8e1d4026-7536-48e3-a607-3a8168f50341" }, "geometry": { "type": "Polygon", "coordinates": [ [ [ 152.313311695733404, 124.528481096974403 ], [ 161.389390679039792, 125.969128555769302 ], [ 160.669066954781897, 129.282617709502489 ], [ 168.016368986506393, 130.867329911186602 ], [ 165.475130658297303, 147.047063091582487 ], [ 157.568841966813494, 145.943860017917586 ], [ 154.626967105887388, 142.818117974621003 ], [ 148.191615846034694, 135.831165177235192 ], [ 152.313311695733404, 124.528481096974403 ] ] ] } },
{ "type": "Feature", "properties": { "feature_type": "building", "subtype": "major-damage", "uid": "51a5909d-44ef-4e26-9100-29850ac35299" }, "geometry": { "type": "Polygon", "coordinates": [ [ [ 154.797224118748005, 179.853723920153101 ], [ 154.65315937609239, 194.116133757737487 ], [ 151.339670218621194, 194.116133757737487 ], [ 144.856756661052401, 193.683939517856288 ], [ 143.13998169630139, 192.399999909436303 ], [ 143.399981694956608, 181.029999909516306 ], [ 144.136432928150612, 179.709659173526006 ], [ 154.797224118748005, 179.853723920153101 ] ] ] } },
{ "type": "Feature", "properties": { "feature_type": "building", "subtype": "major-damage", "uid": "f04ff60d-1f4e-4890-861d-cce5a6eaf228" }, "geometry": { "type": "Polygon", "coordinates": [ [ [ 142.839850218786097, 182.014695104607597 ], [ 142.87998169344101, 181.949999908783298 ], [ 142.63998169619191, 192.37999991083359 ], [ 135.060353944376999, 192.243292059061304 ], [ 135.348483434827699, 181.582500868464308 ], [ 142.839850218786097, 182.014695104607597 ] ] ] } },
{ "type": "Feature", "properties": { "feature_type": "building", "subtype": "no-damage", "uid": "90b142fc-402a-4bcb-bc36-95edf2c6c619" }, "geometry": { "type": "Polygon", "coordinates": [ [ [ 253.87488414190409, 268.8569060168752 ], [ 270.989985140031422, 269.05554544487029 ], [ 270.877106643155912, 279.440367262082475 ], [ 267.716508697933591, 282.036572715451086 ], [ 264.330153754287892, 282.488086710429116 ], [ 264.482605027956822, 289.217765934894601 ], [ 252.845432826669395, 289.150264671998912 ], [ 252.548235286144688, 271.863976749868186 ], [ 253.87488414190409, 268.8569060168752 ] ] ] } },
{ "type": "Feature", "properties": { "feature_type": "building", "subtype": "no-damage", "uid": "a19fcd28-b0fc-4b78-acda-a8cbb73e14e9" }, "geometry": { "type": "Polygon", "coordinates": [ [ [ 275.189981671722876, 344.469999909796115 ], [ 276.578320571116194, 345.753783969694496 ], [ 276.992154186357482, 364.589998537724227 ], [ 276.864385911771706, 364.589998537724227 ], [ 277.225697124371379, 386.996736641139023 ], [ 270.238744322546609, 390.674080221268014 ], [ 260.493783841932725, 389.570877147603085 ], [ 259.779981677926287, 369.089999909113317 ], [ 256.165913957281987, 361.859356759070295 ], [ 257.890329326439712, 355.208040337279101 ], [ 259.92998167445478, 344.129999911123321 ], [ 275.189981671722876, 344.469999909796115 ] ] ] } },
{ "type": "Feature", "properties": { "feature_type": "building", "subtype": "no-damage", "uid": "e07ddaf6-824c-4bb7-ad5e-47c0359b8d57" }, "geometry": { "type": "Polygon", "coordinates": [ [ [ 259.419981674109522, 344.109999908782811 ], [ 257.401810021758592, 355.099996855231325 ], [ 255.634875824084389, 361.91531447439769 ], [ 258.929981677272906, 368.499999911086604 ], [ 247.079981678181895, 369.589999911558891 ], [ 243.741261653365598, 364.029944941877091 ], [ 243.933123766786395, 360.576426915255297 ], [ 243.56998168068381, 353.189999909836615 ], [ 249.233958293998199, 343.885322004398915 ], [ 259.419981674109522, 344.109999908782811 ] ] ] } },
{ "type": "Feature", "properties": { "feature_type": "building", "subtype": "no-damage", "uid": "e1c05c5e-31df-42c6-9445-d9f34e3363f4" }, "geometry": { "type": "Polygon", "coordinates": [ [ [ 295.35177613045181, 364.120665957597396 ], [ 277.499981675265815, 364.569999910926924 ], [ 277.119981673780785, 347.649999911894213 ], [ 288.572772118749413, 347.610079240173604 ], [ 293.329981669621588, 347.509999910461772 ], [ 295.35177613045181, 364.120665957597396 ] ] ] } },
{ "type": "Feature", "properties": { "feature_type": "building", "subtype": "no-damage", "uid": "98b0cecb-1dff-47ed-a812-940fd2c94664" }, "geometry": { "type": "Polygon", "coordinates": [ [ [ 280.77366875302738, 342.028095610765888 ], [ 281.205862993142318, 345.197520017872023 ], [ 288.841294521625173, 344.909390528355686 ], [ 288.572772118749413, 347.610079240173604 ], [ 277.119981673780785, 347.649999911894213 ], [ 277.073479922464514, 345.530400066487005 ], [ 275.369981675500185, 343.959999909917997 ], [ 275.731402649814811, 341.451836627995476 ], [ 280.77366875302738, 342.028095610765888 ] ] ] } },
{ "type": "Feature", "properties": { "feature_type": "building", "subtype": "no-damage", "uid": "650f710e-8e98-4697-9265-7b928ffe7121" }, "geometry": { "type": "Polygon", "coordinates": [ [ [ 310.1869991421284, 355.203346920236015 ], [ 294.789981672744773, 356.349999909594089 ], [ 292.875107405690528, 340.01118916920052 ], [ 294.171690114587818, 339.434930186430108 ], [ 310.421665433827116, 338.542040301437112 ], [ 310.1869991421284, 355.203346920236015 ] ] ] } },
{ "type": "Feature", "properties": { "feature_type": "building", "subtype": "no-damage", "uid": "b3c3848b-f9c0-468c-a824-cc5258a6c7e4" }, "geometry": { "type": "Polygon", "coordinates": [ [ [ 243.432446726541997, 360.57473546058128 ], [ 243.233514018853498, 364.155524196638225 ], [ 246.529981677127012, 369.639999909934488 ], [ 246.152143888026302, 373.574432583199723 ], [ 249.094018754091906, 374.126034120032216 ], [ 248.358550035356188, 383.13552588704971 ], [ 244.681206455226999, 383.319393064747885 ], [ 244.68120645943219, 385.341932034379511 ], [ 228.317027537295786, 385.341932034379511 ], [ 225.55901985593681, 373.574432583199723 ], [ 225.742887030364386, 365.116542353014722 ], [ 223.168746527170896, 357.026386478226073 ], [ 224.289736649413413, 355.468954277880528 ], [ 242.860321716543496, 354.365751204215599 ], [ 243.432446726541997, 360.57473546058128 ] ] ] } },
{ "type": "Feature", "properties": { "feature_type": "building", "subtype": "no-damage", "uid": "147b32aa-12ea-4f05-a51e-d7ca7a8683f3" }, "geometry": { "type": "Polygon", "coordinates": [ [ [ 271.769981674711687, 341.22999991188999 ], [ 257.670805080491505, 342.586559198252075 ], [ 256.662351859942419, 327.89195512078652 ], [ 270.429981677688886, 327.609999910309227 ], [ 271.769981674711687, 341.22999991188999 ] ] ] } },
{ "type": "Feature", "properties": { "feature_type": "building", "subtype": "no-damage", "uid": "487929e4-5d73-4bb1-a6b9-4edae69cab5e" }, "geometry": { "type": "Polygon", "coordinates": [ [ [ 279.26998167121468, 336.95999990931972 ], [ 271.867107886220879, 337.579716743322081 ], [ 271.449981672305512, 332.257052149520007 ], [ 278.819981674386781, 331.869999911709272 ], [ 279.26998167121468, 336.95999990931972 ] ] ] } },
{ "type": "Feature", "properties": { "feature_type": "building", "subtype": "no-damage", "uid": "d2bb5cc8-78b6-4db4-8ca6-5f0272558654" }, "geometry": { "type": "Polygon", "coordinates": [ [ [ 291.526020345820314, 319.824329354525105 ], [ 292.534473566135773, 332.790156479941686 ], [ 291.093826109677025, 335.959580887047821 ], [ 279.769981671791413, 336.909999910944009 ], [ 278.429237689972524, 319.053930375566381 ], [ 289.220984413570477, 317.951487659586917 ], [ 291.526020345820314, 319.824329354525105 ] ] ] } },
{ "type": "Feature", "properties": { "feature_type": "building", "subtype": "no-damage", "uid": "20a06064-f7a5-41c9-b20e-ccc57eac164a" }, "geometry": { "type": "Polygon", "coordinates": [ [ [ 323.979262428421578, 449.131821490696382 ], [ 323.321335960174224, 469.339562956164627 ], [ 321.723514547199784, 471.501321343824827 ], [ 287.786634219947985, 472.393943222161511 ], [ 283.878686021470685, 465.750431277554924 ], [ 284.309701327824314, 458.411508321156816 ], [ 292.187665224903981, 457.739712949511727 ], [ 290.29293820756078, 452.245004596296383 ], [ 294.891515746185178, 447.823295426330276 ], [ 298.195707643879985, 447.639999910194319 ], [ 298.195707640843011, 447.693785728733928 ], [ 319.994103380947024, 447.620142497113477 ], [ 323.979262428421578, 449.131821490696382 ] ] ] } },
{ "type": "Feature", "properties": { "feature_type": "building", "subtype": "no-damage", "uid": "7aa9ab83-9311-4818-ae5d-96c439925860" }, "geometry": { "type": "Polygon", "coordinates": [ [ [ 287.868201719458284, 443.022361980896108 ], [ 294.611898908035812, 442.811946916053785 ], [ 294.818210706165189, 443.912276513553309 ], [ 298.195707640843011, 443.949999911956127 ], [ 298.195707643179105, 447.139999911486484 ], [ 294.678629976056186, 447.334351404922074 ], [ 289.716114215736525, 452.106001179671694 ], [ 291.498730774083583, 457.275589203971322 ], [ 271.399981673929915, 458.339999910201186 ], [ 271.153444607926872, 458.330388862568498 ], [ 271.153444609795827, 451.900231548588692 ], [ 274.674721233361709, 448.991350859109275 ], [ 274.819981672809888, 442.219999911343621 ], [ 287.869981670061122, 442.12280948780392 ], [ 287.868201719458284, 443.022361980896108 ] ] ] } },
{ "type": "Feature", "properties": { "feature_type": "building", "subtype": "no-damage", "uid": "adac21cc-6c72-4107-9165-36d9a8d5a677" }, "geometry": { "type": "Polygon", "coordinates": [ [ [ 279.801746068342879, 416.335326775092483 ], [ 287.330638416609872, 418.362336252744285 ], [ 299.639981667966481, 417.219999908672605 ], [ 298.219981671393384, 443.449999909510382 ], [ 295.233948671298492, 443.416408893407606 ], [ 293.629575295483392, 441.102913289231083 ], [ 286.240946385268387, 440.733511880101503 ], [ 286.310243991980883, 437.049630133680921 ], [ 267.785266971153192, 435.977937245525709 ], [ 267.479069003876475, 418.371554123024623 ], [ 269.729981677769217, 414.139999910801578 ], [ 279.801746068342879, 416.335326775092483 ] ] ] } },
{ "type": "Feature", "properties": { "feature_type": "building", "subtype": "no-damage", "uid": "bea081f0-e06f-4cc8-b016-c8d1becdddc5" }, "geometry": { "type": "Polygon", "coordinates": [ [ [ 288.561846020017185, 399.973870059081889 ], [ 288.635489249301372, 403.361458586531626 ], [ 295.557952759031707, 403.729674729682017 ], [ 295.705239218067277, 399.752940371696525 ], [ 300.565692318118806, 400.121156518584826 ], [ 299.669981669608376, 416.719999909964827 ], [ 287.373887336889197, 417.856175883683193 ], [ 279.920046123547081, 415.849372481942112 ], [ 269.969981672682195, 413.679999909299113 ], [ 270.081751721173305, 413.47238664659659 ], [ 269.163157821445623, 409.798011036472303 ], [ 269.133811785247588, 409.798011036472303 ], [ 271.259981676235384, 399.149999909621727 ], [ 288.561846020017185, 399.973870059081889 ] ] ] } },
{ "type": "Feature", "properties": { "feature_type": "building", "subtype": "no-damage", "uid": "a4565020-e11f-43c5-a0a9-3a1ea7bba609" }, "geometry": { "type": "Polygon", "coordinates": [ [ [ 271.109981675968925, 397.34999991203091 ], [ 268.619981675657186, 409.789999910082713 ], [ 257.1899816789944, 409.649999908650273 ], [ 255.329334470078692, 406.855692453521613 ], [ 256.289981676461082, 396.939999908904099 ], [ 271.109981675968925, 397.34999991203091 ] ] ] } },
{ "type": "Feature", "properties": { "feature_type": "building", "subtype": "no-damage", "uid": "8ae22dd4-ab87-4d56-a5a3-520639206894" }, "geometry": { "type": "Polygon", "coordinates": [ [ [ 255.799981676821005, 396.789999910039285 ], [ 254.814501372910087, 406.98483062735778 ], [ 256.74998167796349, 409.879999909401477 ], [ 255.690447258465014, 426.638899242066486 ], [ 242.523934662527608, 426.638899242066486 ], [ 244.149981681745288, 396.149999909899179 ], [ 255.799981676821005, 396.789999910039285 ] ] ] } },
{ "type": "Feature", "properties": { "feature_type": "building", "subtype": "no-damage", "uid": "5e618d5c-e255-4a80-b4dc-08268b805e81" }, "geometry": { "type": "Polygon", "coordinates": [ [ [ 336.96907730038879, 412.689401675099418 ], [ 338.39101704162772, 414.425524233577789 ], [ 338.630931165544609, 419.343763684164685 ], [ 341.989728834967991, 419.583677804343722 ], [ 341.509900598815079, 428.460500228539217 ], [ 337.911188805007612, 428.700414348718198 ], [ 338.409153419313725, 437.726514032210218 ], [ 313.179815468024287, 441.153055170405423 ], [ 309.177987629512302, 428.536663118946024 ], [ 310.926097183082618, 426.754297417352291 ], [ 309.914419922821708, 420.195674772021619 ], [ 310.067518901437325, 414.224814407438487 ], [ 313.282597563333184, 414.224814407438487 ], [ 313.588795529441882, 407.488459125948395 ], [ 322.577162364913875, 407.279100792289114 ], [ 322.577162364446622, 405.953522675452518 ], [ 336.205639162159628, 405.013627723483296 ], [ 336.96907730038879, 412.689401675099418 ] ] ] } },
{ "type": "Feature", "properties": { "feature_type": "building", "subtype": "no-damage", "uid": "a201af10-f55b-437d-b738-0161449c6325" }, "geometry": { "type": "Polygon", "coordinates": [ [ [ 351.826207737076402, 412.986039516241817 ], [ 349.307109481037287, 414.305567175357282 ], [ 340.169981663526585, 414.409999908758209 ], [ 337.446562133015107, 412.419054356215327 ], [ 336.209981662659402, 398.759999908835425 ], [ 351.226422436628923, 397.271664687503176 ], [ 351.826207737076402, 412.986039516241817 ] ] ] } },
{ "type": "Feature", "properties": { "feature_type": "building", "subtype": "no-damage", "uid": "aeac33d4-c0a6-4d61-b17c-f013e017072a" }, "geometry": { "type": "Polygon", "coordinates": [ [ [ 358.685892294837686, 531.802219315293769 ], [ 357.214394467875991, 534.179254255289834 ], [ 361.579981662375189, 551.249999909754365 ], [ 361.8267088691955, 552.454334551371289 ], [ 352.643030599409883, 553.822116420230827 ], [ 351.470646137483811, 547.569399297434416 ], [ 351.009981662162772, 547.639999909664766 ], [ 348.999981662423522, 534.869999910372712 ], [ 350.195054506319707, 534.65020152132206 ], [ 349.74576458392329, 530.718914663092278 ], [ 358.298182992639283, 529.863672820655438 ], [ 358.685892294837686, 531.802219315293769 ] ] ] } },
{ "type": "Feature", "properties": { "feature_type": "building", "subtype": "no-damage", "uid": "3f82ee12-6de8-482f-9c73-6ead6b840ba8" }, "geometry": { "type": "Polygon", "coordinates": [ [ [ 350.509981664155873, 547.70999991038093 ], [ 337.792827430431714, 549.523373399009188 ], [ 335.329981664335605, 537.019999911544346 ], [ 338.249981661938079, 536.469999910723004 ], [ 343.754474409500915, 535.822302987422404 ], [ 348.499981662313985, 534.959999909691533 ], [ 350.509981664155873, 547.70999991038093 ] ] ] } },
{ "type": "Feature", "properties": { "feature_type": "building", "subtype": "no-damage", "uid": "34bfc769-a172-4e3a-b769-049a9ba6c247" }, "geometry": { "type": "Polygon", "coordinates": [ [ [ 370.158795872634414, 512.483636484099293 ], [ 373.172925943942687, 538.027541653649791 ], [ 361.363772915045615, 538.979277479846587 ], [ 357.63157717461371, 534.26149687482814 ], [ 359.094920300758474, 531.897634899327045 ], [ 358.579601613234388, 529.321041470350565 ], [ 353.740024601295772, 529.799999911365035 ], [ 351.150024604933719, 526.889999910961365 ], [ 349.799687496324623, 509.539758046340012 ], [ 352.460024601249074, 504.749999910318422 ], [ 368.700024598731716, 504.259999909043017 ], [ 370.158795872634414, 512.483636484099293 ] ] ] } },
{ "type": "Feature", "properties": { "feature_type": "building", "subtype": "no-damage", "uid": "a32f8d30-dca8-4556-9e5b-24f3e2b51297" }, "geometry": { "type": "Polygon", "coordinates": [ [ [ 385.279981656351993, 546.879999910432844 ], [ 375.219981656017694, 548.509999910556076 ], [ 373.999981659021216, 538.599999909554185 ], [ 379.055273870902226, 539.819381562490094 ], [ 384.699981657159412, 536.209999910198917 ], [ 385.279981656351993, 546.879999910432844 ] ] ] } },
{ "type": "Feature", "properties": { "feature_type": "building", "subtype": "no-damage", "uid": "d6ad0570-c84a-4d1e-aa11-85982858a06b" }, "geometry": { "type": "Polygon", "coordinates": [ [ [ 383.049981657498904, 505.669999909585385 ], [ 384.669981655283891, 535.639999910774918 ], [ 378.965558258604688, 539.283366276087918 ], [ 373.929981657837686, 538.06999991107341 ], [ 370.773368584724608, 512.409250821710202 ], [ 369.319981658229779, 504.239999910440304 ], [ 382.238457962152324, 503.852458599729573 ], [ 383.049981657498904, 505.669999909585385 ] ] ] } },
{ "type": "Feature", "properties": { "feature_type": "building", "subtype": "no-damage", "uid": "22a84fbf-a3b5-4c1d-a8a8-17d7311ac79f" }, "geometry": { "type": "Polygon", "coordinates": [ [ [ 399.884388181914915, 544.510335538490267 ], [ 385.779981656928726, 546.799999908546397 ], [ 384.849981654622525, 529.659999909932708 ], [ 391.655103928426172, 528.224507785315836 ], [ 397.964388186166673, 528.224507785315836 ], [ 399.884388181914915, 544.510335538490267 ] ] ] } },
{ "type": "Feature", "properties": { "feature_type": "building", "subtype": "no-damage", "uid": "574c67e4-0134-4ddf-9d02-d8e9842b71d0" }, "geometry": { "type": "Polygon", "coordinates": [ [ [ 415.347385535114483, 524.913665625302883 ], [ 397.894101394732672, 527.669447332896198 ], [ 397.904388184284585, 527.724507786608115 ], [ 391.60304294834998, 527.724507786608115 ], [ 384.819981656251173, 529.149999910054589 ], [ 384.249981658462616, 518.659999908458417 ], [ 385.159981657727428, 518.429999911445066 ], [ 389.771529932163219, 521.090315169808719 ], [ 413.869981652567787, 514.929999909276944 ], [ 415.347385535114483, 524.913665625302883 ] ] ] } },
{ "type": "Feature", "properties": { "feature_type": "building", "subtype": "no-damage", "uid": "3c4b1436-ee0f-46b7-b6e0-0643e333dbac" }, "geometry": { "type": "Polygon", "coordinates": [ [ [ 413.799981655589477, 514.429999910569109 ], [ 389.844953531721217, 520.55543143591774 ], [ 385.509981659205778, 518.059999909261478 ], [ 383.749981656250498, 505.689999911926009 ], [ 386.494987134611506, 503.365152614820715 ], [ 411.619981654177593, 499.679999911310688 ], [ 413.799981655589477, 514.429999910569109 ] ] ] } },
{ "type": "Feature", "properties": { "feature_type": "building", "subtype": "no-damage", "uid": "1be27a60-61c8-4ebf-8fd9-a7fbe8a4c5b6" }, "geometry": { "type": "Polygon", "coordinates": [ [ [ 409.275686185156417, 483.867128001363085 ], [ 411.199981654085718, 497.465597974150683 ], [ 385.922781677994976, 501.094316605732217 ], [ 385.98998165533942, 503.129999911365417 ], [ 383.430421784691987, 505.303269973612373 ], [ 382.55897576500621, 503.342516421259688 ], [ 381.729981655340907, 503.369999909548881 ], [ 380.079981656381221, 489.4799999100116 ], [ 389.081034710985023, 488.244966481447477 ], [ 389.059981654610112, 488.209999910901615 ], [ 406.503621511216409, 485.93862634848989 ], [ 406.933621509441593, 483.867128001363085 ], [ 409.275686185156417, 483.867128001363085 ] ] ] } },
{ "type": "Feature", "properties": { "feature_type": "building", "subtype": "no-damage", "uid": "12f66646-07e7-4867-81aa-4343a76e3e07" }, "geometry": { "type": "Polygon", "coordinates": [ [ [ 406.489981652353322, 483.539999910112613 ], [ 406.086096559838381, 485.488814793842323 ], [ 388.829981659465716, 487.739999911966777 ], [ 387.015558327416215, 484.114013711039206 ], [ 388.339981657022179, 479.739999910214976 ], [ 405.539292400793613, 477.57263209464378 ], [ 406.489981652353322, 483.539999910112613 ] ] ] } },
{ "type": "Feature", "properties": { "feature_type": "building", "subtype": "no-damage", "uid": "f983f03a-c90d-4669-bb7b-4d6daa2f706a" }, "geometry": { "type": "Polygon", "coordinates": [ [ [ 364.824775531695309, 494.828010573605127 ], [ 369.39583710561368, 494.523273133973419 ], [ 369.247227093649599, 500.31906358515522 ], [ 372.21998165722971, 503.649999908675795 ], [ 352.789981664421589, 504.239999910440304 ], [ 350.489981663684318, 498.359999910087197 ], [ 352.469981663417116, 494.249999911289819 ], [ 364.729981662130626, 493.149999909647192 ], [ 364.824775531695309, 494.828010573605127 ] ] ] } },
{ "type": "Feature", "properties": { "feature_type": "building", "subtype": "no-damage", "uid": "a550ec2d-89d3-429b-8142-471d06cd2fd4" }, "geometry": { "type": "Polygon", "coordinates": [ [ [ 364.393974050359589, 487.370372368015694 ], [ 364.699981663058509, 492.649999910939414 ], [ 352.429981662006583, 493.749999908844075 ], [ 351.861444666345619, 487.223568541029806 ], [ 362.609981660731819, 486.79999991035919 ], [ 364.393974050359589, 487.370372368015694 ] ] ] } },
{ "type": "Feature", "properties": { "feature_type": "building", "subtype": "no-damage", "uid": "2d01e4f8-fbfa-4903-aeb9-ba8b21c95741" }, "geometry": { "type": "Polygon", "coordinates": [ [ [ 377.309981661614984, 470.389999911204484 ], [ 381.229981655698623, 503.379999910719221 ], [ 372.879981660411204, 503.629999910073082 ], [ 369.752140904693078, 500.133834081403677 ], [ 369.909728861641099, 493.987903803419272 ], [ 365.294851416789584, 494.295562302546216 ], [ 364.873342838253279, 486.998794191628519 ], [ 362.619981662602925, 486.279999909310902 ], [ 360.258602423252228, 474.176571947805314 ], [ 362.230159778778784, 473.456862884385316 ], [ 361.833199720584616, 471.273582545510521 ], [ 370.709981659001528, 468.869999909002786 ], [ 376.818701651017079, 467.944833698299988 ], [ 377.309981661614984, 470.389999911204484 ] ] ] } },
{ "type": "Feature", "properties": { "feature_type": "building", "subtype": "no-damage", "uid": "d1a67a1c-493d-4335-a77a-2e7352436276" }, "geometry": { "type": "Polygon", "coordinates": [ [ [ 365.872323441793981, 469.610567052086196 ], [ 366.319981659208224, 469.539999908915775 ], [ 361.259045561918072, 470.910819672473622 ], [ 361.643675143606117, 473.02628235482041 ], [ 348.759981664239774, 474.639999911434415 ], [ 345.791995813976826, 452.402044580555014 ], [ 340.622573581650499, 452.026086599767382 ], [ 339.588689132148204, 440.183410204955692 ], [ 345.885985310575393, 439.431494243380428 ], [ 350.095211868396518, 437.305159506572579 ], [ 360.330348656707997, 436.603279957889526 ], [ 365.872323441793981, 469.610567052086196 ] ] ] } },
{ "type": "Feature", "properties": { "feature_type": "building", "subtype": "no-damage", "uid": "bbb5520f-65b0-4cd2-9214-c4a1f12770a1" }, "geometry": { "type": "Polygon", "coordinates": [ [ [ 346.021777624790104, 499.127973716622876 ], [ 346.15994805817752, 499.127973716622876 ], [ 348.519981662318287, 517.559999910553643 ], [ 335.422452376183287, 520.490345656836212 ], [ 336.462791254615126, 527.77271782571529 ], [ 340.07117770021182, 527.532803705536253 ], [ 340.931435335815593, 535.447827277814781 ], [ 317.629981665832418, 539.209999909921294 ], [ 315.93998166733121, 510.509999911579712 ], [ 324.178676556850178, 509.849643093932912 ], [ 323.949981668851819, 501.659999911277112 ], [ 336.03181765960079, 500.679200703158415 ], [ 335.819981667246282, 497.889999911152415 ], [ 344.796985753580486, 497.443884897184887 ], [ 346.021777624790104, 499.127973716622876 ] ] ] } },
{ "type": "Feature", "properties": { "feature_type": "building", "subtype": "no-damage", "uid": "25d7154d-20fa-4154-a4bb-bff333da713c" }, "geometry": { "type": "Polygon", "coordinates": [ [ [ 317.129981665489311, 539.279999910637571 ], [ 289.920461960772172, 543.270656276212776 ], [ 284.449334482296706, 527.834260874519941 ], [ 285.009981670135573, 518.009999910885881 ], [ 315.649981668669398, 514.159999908874738 ], [ 317.129981665489311, 539.279999910637571 ] ] ] } },
{ "type": "Feature", "properties": { "feature_type": "building", "subtype": "no-damage", "uid": "3ef8b563-c651-44c4-a1fd-7be3517ff6ab" }, "geometry": { "type": "Polygon", "coordinates": [ [ [ 315.036739115058708, 503.699750358091876 ], [ 315.619981668195578, 513.659999910166903 ], [ 285.029981673410589, 517.509999908440136 ], [ 285.035526710105898, 517.478198141406779 ], [ 283.081552612268979, 512.984057709280137 ], [ 284.05853966165472, 506.340545764673493 ], [ 313.199981667899181, 502.839999911068219 ], [ 315.036739115058708, 503.699750358091876 ] ] ] } },
{ "type": "Feature", "properties": { "feature_type": "building", "subtype": "no-damage", "uid": "d25fdb8b-b014-4a23-8e39-c043b13d9511" }, "geometry": { "type": "Polygon", "coordinates": [ [ [ 314.735599704971378, 480.383613862373124 ], [ 326.731305683551227, 480.143699742194087 ], [ 328.209981663944291, 498.25999990959798 ], [ 297.13998166928792, 500.779999909215405 ], [ 295.196192032781482, 482.11126690963232 ], [ 306.938390820880215, 481.223313277392776 ], [ 306.578519640845286, 478.704215024858115 ], [ 314.255771469986485, 477.984472664321117 ], [ 314.735599704971378, 480.383613862373124 ] ] ] } },
{ "type": "Feature", "properties": { "feature_type": "building", "subtype": "no-damage", "uid": "ac9b117c-87b9-41bc-b59e-2c2421fd3927" }, "geometry": { "type": "Polygon", "coordinates": [ [ [ 162.923668232881511, 359.098728896805028 ], [ 167.51921658048289, 382.294123302811215 ], [ 150.722457729973911, 384.342086897714012 ], [ 148.276280896254093, 378.987204169661482 ], [ 148.862473124063314, 375.665448199227114 ], [ 146.9084990271609, 361.987629491941789 ], [ 162.923668232881511, 359.098728896805028 ] ] ] } },
{ "type": "Feature", "properties": { "feature_type": "building", "subtype": "no-damage", "uid": "14e9bc54-063a-49d4-9195-e29d2a343bf5" }, "geometry": { "type": "Polygon", "coordinates": [ [ [ 183.071465090351097, 411.347215125959622 ], [ 187.511335613177408, 411.347215125959622 ], [ 187.511335615747214, 417.164976508656423 ], [ 183.377663055525289, 417.011877523032297 ], [ 183.530762036477114, 419.461461263115211 ], [ 167.84025899001341, 419.439164058726703 ], [ 165.925535042173692, 413.621348981251288 ], [ 165.999981690094188, 407.999999909924327 ], [ 183.211465085242196, 407.950423975079616 ], [ 183.071465090351097, 411.347215125959622 ] ] ] } },
{ "type": "Feature", "properties": { "feature_type": "building", "subtype": "no-damage", "uid": "95cd6c35-7c1f-453a-a77e-5076f1e3143f" }, "geometry": { "type": "Polygon", "coordinates": [ [ [ 177.253703709522995, 394.200128956592891 ], [ 177.100604728104003, 405.835651714510902 ], [ 176.182010825105607, 406.601146635155828 ], [ 176.182010826273711, 407.469999911443608 ], [ 160.669981691964011, 407.519723657379188 ], [ 159.907561529080596, 403.167710048266713 ], [ 161.367561530568395, 393.893930989082492 ], [ 177.253703709522995, 394.200128956592891 ] ] ] } },
{ "type": "Feature", "properties": { "feature_type": "building", "subtype": "no-damage", "uid": "604e69f6-c3e4-485c-bd30-dd2d4d0d3fb9" }, "geometry": { "type": "Polygon", "coordinates": [ [ [ 161.484508393251588, 389.760258429561588 ], [ 161.359981693750399, 393.109999909233522 ], [ 160.999176955093191, 393.048248334803475 ], [ 159.400716621912608, 403.171830465583412 ], [ 160.239981690234487, 407.989999908753987 ], [ 160.034076733077796, 412.884916691212709 ], [ 155.10078489889051, 412.722317931179816 ], [ 155.22074195898, 414.281759706736409 ], [ 141.905508328760305, 414.281759706736409 ], [ 142.145422444734209, 406.964379061835416 ], [ 131.109372949673713, 406.724464941656379 ], [ 131.349287068217393, 399.287127234796912 ], [ 129.669888234673806, 399.047213114617875 ], [ 127.870532334499302, 391.729832469716882 ], [ 131.170909629115101, 389.454060462051189 ], [ 161.484508393251588, 389.760258429561588 ] ] ] } },
{ "type": "Feature", "properties": { "feature_type": "building", "subtype": "no-damage", "uid": "42a68299-1219-41d8-9c6b-4e3b15690ad2" }, "geometry": { "type": "Polygon", "coordinates": [ [ [ 173.114256447114286, 452.951319928008672 ], [ 171.55107716828411, 431.066809996352276 ], [ 186.401280333991593, 430.08982294556489 ], [ 186.401280332589891, 433.997771144976525 ], [ 204.377842058761303, 433.216181505094198 ], [ 204.573239467797407, 441.618270140370385 ], [ 207.69959803013009, 441.618270140370385 ], [ 208.255134902928603, 451.010356043232775 ], [ 173.114256447114286, 452.951319928008672 ] ] ] } },
{ "type": "Feature", "properties": { "feature_type": "building", "subtype": "no-damage", "uid": "8da54dba-d82a-46a3-8821-eea29c1bdcf9" }, "geometry": { "type": "Polygon", "coordinates": [ [ [ 183.449981689477198, 485.489999910305983 ], [ 173.471859568722607, 486.552815461101716 ], [ 171.079981692842097, 472.339999911397911 ], [ 182.149981686856307, 471.579999908428078 ], [ 183.449981689477198, 485.489999910305983 ] ] ] } },
{ "type": "Feature", "properties": { "feature_type": "building", "subtype": "no-damage", "uid": "52af9d82-06f8-4625-82a1-8d1010920071" }, "geometry": { "type": "Polygon", "coordinates": [ [ [ 182.10998168941731, 471.0799999097203 ], [ 170.999981690254799, 471.839999908952279 ], [ 169.368513959573988, 462.128139198893223 ], [ 179.138384462775605, 460.955754737200778 ], [ 179.869981687291414, 460.059999909643409 ], [ 179.870146219128912, 460.070323264395597 ], [ 181.069981688488696, 459.959999909154192 ], [ 182.10998168941731, 471.0799999097203 ] ] ] } },
{ "type": "Feature", "properties": { "feature_type": "building", "subtype": "no-damage", "uid": "df943085-2a98-46ed-bee9-d39d6915703f" }, "geometry": { "type": "Polygon", "coordinates": [ [ [ 213.168218789457313, 460.460558363461587 ], [ 216.06849496707369, 467.794664088974514 ], [ 217.436276838035894, 481.863277618069787 ], [ 183.949981685381601, 485.439999911930386 ], [ 181.569981688131008, 459.909999910778595 ], [ 196.800457033464198, 458.490160922381619 ], [ 212.005755389387303, 457.251210686801983 ], [ 213.168218789457313, 460.460558363461587 ] ] ] } },
{ "type": "Feature", "properties": { "feature_type": "building", "subtype": "no-damage", "uid": "9c6f72c6-7005-475e-bf5c-3072a958cf96" }, "geometry": { "type": "Polygon", "coordinates": [ [ [ 235.217441154470293, 465.254497758422474 ], [ 217.849981681358713, 467.559999908949521 ], [ 213.751678585678007, 460.470420806570985 ], [ 215.38998168525859, 457.839999911493408 ], [ 218.59532683996369, 458.401585477495473 ], [ 218.412766939022589, 456.028306749843011 ], [ 216.662664356708689, 455.590781102512381 ], [ 216.459289786080404, 454.56999991007649 ], [ 216.45928978865021, 451.772076462042321 ], [ 233.654261874705611, 449.427307538657374 ], [ 235.217441154470293, 465.254497758422474 ] ] ] } },
{ "type": "Feature", "properties": { "feature_type": "building", "subtype": "no-damage", "uid": "001a5fde-92c4-4909-9fe3-3aa587f0db0e" }, "geometry": { "type": "Polygon", "coordinates": [ [ [ 237.76998168034811, 504.20999991066742 ], [ 229.043792571192796, 504.368405054299274 ], [ 228.100248824237696, 485.718223086731484 ], [ 237.149981679277801, 485.289999909327719 ], [ 237.76998168034811, 504.20999991066742 ] ] ] } },
{ "type": "Feature", "properties": { "feature_type": "building", "subtype": "no-damage", "uid": "97675a82-c119-40ae-8c8a-fb58a8937da9" }, "geometry": { "type": "Polygon", "coordinates": [ [ [ 254.924694898877391, 486.030052517009779 ], [ 254.78998167636621, 503.899999911767623 ], [ 238.26998168045759, 504.19999990949708 ], [ 237.649981677518412, 485.269999910725119 ], [ 252.915719908490587, 484.545838628777005 ], [ 252.899981676185888, 484.429999909606579 ], [ 254.924694898877391, 486.030052517009779 ] ] ] } },
{ "type": "Feature", "properties": { "feature_type": "building", "subtype": "no-damage", "uid": "d27d76e0-8d56-4791-b036-38222e308fe3" }, "geometry": { "type": "Polygon", "coordinates": [ [ [ 265.811948969819923, 499.786836615826928 ], [ 255.321570791954798, 499.786836615826928 ], [ 255.426591438325687, 485.789248812839617 ], [ 252.799981677098486, 483.70999991131788 ], [ 252.524925084811514, 481.810274887319906 ], [ 265.225756739440897, 480.833287836532577 ], [ 265.811948969819923, 499.786836615826928 ] ] ] } },
{ "type": "Feature", "properties": { "feature_type": "building", "subtype": "no-damage", "uid": "a2eebe98-b574-4d7f-b5bb-99b547e57411" }, "geometry": { "type": "Polygon", "coordinates": [ [ [ 275.451900044129388, 528.707250001868829 ], [ 273.308514273893024, 528.860348987493012 ], [ 273.61471223883359, 537.433892074045275 ], [ 254.01804233265409, 537.586991055931435 ], [ 254.299981677660611, 524.949999911938335 ], [ 275.399981674572189, 523.979999910557808 ], [ 275.451900044129388, 528.707250001868829 ] ] ] } },
{ "type": "Feature", "properties": { "feature_type": "building", "subtype": "no-damage", "uid": "6322fa72-d149-45f5-9f31-2a5712d351f8" }, "geometry": { "type": "Polygon", "coordinates": [ [ [ 273.308514273192088, 513.856648586961001 ], [ 275.298801060607786, 513.856648586961001 ], [ 275.399981675273125, 523.479999911850086 ], [ 254.60778070787191, 524.397457193292098 ], [ 253.550346443386388, 519.240583842105139 ], [ 254.630438269076592, 514.62214350386796 ], [ 254.936636232849111, 509.263679078043424 ], [ 273.308514273659398, 508.957481110533081 ], [ 273.308514273192088, 513.856648586961001 ] ] ] } },
{ "type": "Feature", "properties": { "feature_type": "building", "subtype": "no-damage", "uid": "42a41e9a-777d-47bb-b032-c5ea618314bb" }, "geometry": { "type": "Polygon", "coordinates": [ [ [ 290.967072852131309, 552.483386685984556 ], [ 301.939885774557922, 548.493272893717631 ], [ 303.186796329968899, 552.982150908616177 ], [ 307.675674346269318, 552.483386685984556 ], [ 309.920113354185787, 562.957435383676511 ], [ 293.710276079408914, 567.446313398575057 ], [ 290.967072852131309, 552.483386685984556 ] ] ] } },
{ "type": "Feature", "properties": { "feature_type": "building", "subtype": "no-damage", "uid": "c2539ee8-db4a-497c-89ed-15210906c1a4" }, "geometry": { "type": "Polygon", "coordinates": [ [ [ 161.189981694414001, 640.329999909637081 ], [ 160.291956248676712, 655.370858386469649 ], [ 147.074704322305109, 654.622712052522161 ], [ 146.839981695242813, 654.519999910641786 ], [ 144.303750403260807, 648.654724218418551 ], [ 147.225373988785492, 640.474178172221514 ], [ 147.159981693677508, 640.18999991194255 ], [ 161.189981694414001, 640.329999909637081 ] ] ] } },
{ "type": "Feature", "properties": { "feature_type": "building", "subtype": "no-damage", "uid": "8f877ea6-834b-431d-aed8-6271eda69b98" }, "geometry": { "type": "Polygon", "coordinates": [ [ [ 160.666069029800298, 633.044993889456123 ], [ 158.518095205207288, 634.579260906421723 ], [ 158.855760262701011, 639.537180850657819 ], [ 147.059981693889199, 639.679999912064545 ], [ 146.149981693923593, 635.379999909721164 ], [ 147.573468546338489, 630.62557377898429 ], [ 149.817907551918893, 630.62557377898429 ], [ 150.566053890538711, 627.383606324402763 ], [ 160.189981694195012, 626.899999911602094 ], [ 160.666069029800298, 633.044993889456123 ] ] ] } },
{ "type": "Feature", "properties": { "feature_type": "building", "subtype": "no-damage", "uid": "60c7ae4c-2b03-4e51-985c-bdfd8f944e34" }, "geometry": { "type": "Polygon", "coordinates": [ [ [ 118.039817674328305, 634.422760987347829 ], [ 118.039817669889501, 634.503731524692057 ], [ 131.709981696835086, 635.069999910821366 ], [ 131.319981694179887, 648.329999911388882 ], [ 125.378460592272205, 650.383216148939482 ], [ 117.896997236677507, 645.395573911409315 ], [ 117.896997237611998, 634.422760987347829 ], [ 118.039817674328305, 634.422760987347829 ] ] ] } },
{ "type": "Feature", "properties": { "feature_type": "building", "subtype": "no-damage", "uid": "9c618dea-c831-4b83-bd6c-56d48ebbcafe" }, "geometry": { "type": "Polygon", "coordinates": [ [ [ 127.311386795992703, 628.327414405304467 ], [ 131.849981698734808, 630.519999909124181 ], [ 131.729981697306812, 634.569999912113644 ], [ 123.249981695916802, 634.219999908532714 ], [ 123.699981700454103, 628.129999909768912 ], [ 127.311386795992703, 628.327414405304467 ] ] ] } },
{ "type": "Feature", "properties": { "feature_type": "building", "subtype": "no-damage", "uid": "0c732b1f-8cb8-450a-8a6f-8d54317582ea" }, "geometry": { "type": "Polygon", "coordinates": [ [ [ 148.317585759978897, 612.652109056155382 ], [ 146.825322210989299, 616.66017551165703 ], [ 146.575940096402803, 628.381134769666005 ], [ 139.343858854226596, 631.373720112931778 ], [ 132.369981693942691, 630.209999910224383 ], [ 127.438350033202596, 627.833547355794735 ], [ 123.729981699292594, 627.629999911061191 ], [ 124.937908164623394, 611.222020921320564 ], [ 148.317585759978897, 612.652109056155382 ] ] ] } },
{ "type": "Feature", "properties": { "feature_type": "building", "subtype": "no-damage", "uid": "eab26de5-fa43-437f-8191-80e0747e788d" }, "geometry": { "type": "Polygon", "coordinates": [ [ [ 248.212148098508692, 577.639999910627239 ], [ 248.2121480992096, 584.319999911155605 ], [ 244.291778138897513, 589.605452397468412 ], [ 247.519981680848105, 597.509999911006844 ], [ 212.863935640965593, 598.732921924398056 ], [ 207.888907656285312, 595.004621117321221 ], [ 208.399981687232014, 589.799999909552184 ], [ 215.181540744084401, 589.148853213541202 ], [ 214.92154074402751, 576.093150624060627 ], [ 247.469981679435392, 575.419999908739442 ], [ 248.212148098508692, 577.639999910627239 ] ] ] } },
{ "type": "Feature", "properties": { "feature_type": "building", "subtype": "no-damage", "uid": "a540da09-4615-4ea9-8682-a5572cacec37" }, "geometry": { "type": "Polygon", "coordinates": [ [ [ 263.64854349529611, 587.957029511385485 ], [ 263.648543497632318, 596.945310375638996 ], [ 248.059981680499106, 597.489999908666277 ], [ 244.861231022543308, 589.677219668465455 ], [ 248.46998168128971, 584.819999909863327 ], [ 259.740595290978376, 584.244478719141057 ], [ 263.64854349529611, 587.957029511385485 ] ] ] } },
{ "type": "Feature", "properties": { "feature_type": "building", "subtype": "no-damage", "uid": "d9804a2e-461d-490a-9f38-afff5fc9ddad" }, "geometry": { "type": "Polygon", "coordinates": [ [ [ 233.849981679956812, 573.709999910467559 ], [ 220.949981684607394, 573.809999910956662 ], [ 220.441423526432487, 558.116588891815809 ], [ 224.935563960895507, 557.921191484648602 ], [ 224.929981683610094, 557.849999912134194 ], [ 233.55998168082769, 557.739999910474694 ], [ 233.849981679956812, 573.709999910467559 ] ] ] } },
{ "type": "Feature", "properties": { "feature_type": "building", "subtype": "no-damage", "uid": "fcbc05e8-8840-4b55-9ae9-ca6901e58155" }, "geometry": { "type": "Polygon", "coordinates": [ [ [ 233.559981680126896, 557.239999911766972 ], [ 224.919981679636408, 557.349999909688449 ], [ 224.596868193067507, 545.265567340467555 ], [ 233.339981678676992, 545.189999910763618 ], [ 233.559981680126896, 557.239999911766972 ] ] ] } },
{ "type": "Feature", "properties": { "feature_type": "building", "subtype": "no-damage", "uid": "10cf4397-317d-4add-9a15-8ad5fd6d06ea" }, "geometry": { "type": "Polygon", "coordinates": [ [ [ 252.401071545048893, 564.337184915965736 ], [ 257.139331666357407, 564.337184915965736 ], [ 257.369981675996826, 571.279999910169067 ], [ 247.459780412321408, 571.423693361047185 ], [ 245.438011735450999, 573.629259189765662 ], [ 234.349981678197395, 573.709999910467559 ], [ 233.839981677852109, 545.179999909593334 ], [ 251.399981678660794, 545.020897111367617 ], [ 252.401071545048893, 564.337184915965736 ] ] ] } },
{ "type": "Feature", "properties": { "feature_type": "building", "subtype": "no-damage", "uid": "1392b64e-22c6-493d-8ebc-5ce2cf2b5d68" }, "geometry": { "type": "Polygon", "coordinates": [ [ [ 206.52569950230469, 537.313624965390431 ], [ 214.519981685769011, 537.699999908889822 ], [ 215.559981685529493, 539.729999910969696 ], [ 215.751885685269514, 561.829139684060237 ], [ 213.016321944746807, 564.760100836422339 ], [ 208.600020374429192, 567.104869759807229 ], [ 203.637246258215697, 564.573263274043029 ], [ 203.246451440143488, 561.633742276893031 ], [ 196.798336909478792, 561.633742276893031 ], [ 196.602939499741893, 551.863871769019397 ], [ 202.855656619267791, 550.886884718232068 ], [ 202.619450454114514, 539.165882866975494 ], [ 200.079284121927088, 538.775088045165376 ], [ 199.883886708218711, 535.313467354984937 ], [ 202.228655630201814, 533.890152791228502 ], [ 206.516679246517612, 533.890152791228502 ], [ 206.52569950230469, 537.313624965390431 ] ] ] } },
{ "type": "Feature", "properties": { "feature_type": "building", "subtype": "no-damage", "uid": "1eb0e08d-3cae-4f60-afb7-944691362267" }, "geometry": { "type": "Polygon", "coordinates": [ [ [ 230.713450147499486, 523.14364496443352 ], [ 244.614020932300207, 522.334305799473213 ], [ 246.2899816796442, 539.689999910026472 ], [ 243.995398347375613, 543.252238103731429 ], [ 220.28998168095859, 543.819999911164473 ], [ 215.729981682296113, 538.95999991056749 ], [ 213.629981683004189, 534.859999909202429 ], [ 212.486844796602014, 518.735609512766359 ], [ 230.496264199354897, 517.639310081248482 ], [ 230.713450147499486, 523.14364496443352 ] ] ] } },
{ "type": "Feature", "properties": { "feature_type": "building", "subtype": "no-damage", "uid": "584a3e02-5b44-49c4-ab97-40b15df38109" }, "geometry": { "type": "Polygon", "coordinates": [ [ [ 197.499638207869111, 580.700902718538714 ], [ 207.989981684338801, 582.379999912132462 ], [ 208.109981682262486, 588.029999911734308 ], [ 208.072614480405292, 588.029070743496504 ], [ 207.399378037062206, 594.873641266781533 ], [ 205.969981683429211, 598.039999909487619 ], [ 196.399981688341796, 597.549999911950067 ], [ 196.919981687287589, 580.689999908725326 ], [ 197.499638207869111, 580.700902718538714 ] ] ] } },
{ "type": "Feature", "properties": { "feature_type": "building", "subtype": "no-damage", "uid": "a31c1838-ee72-4b76-81a2-bb98bba14118" }, "geometry": { "type": "Polygon", "coordinates": [ [ [ 196.419981686477314, 580.689999908725326 ], [ 195.899981684961688, 597.519999908439218 ], [ 182.579981690454701, 596.829999909923458 ], [ 182.798217722413511, 589.649200391136787 ], [ 177.898657666929012, 589.793305099537406 ], [ 178.139981686678908, 580.469999909144349 ], [ 196.419981686477314, 580.689999908725326 ] ] ] } },
{ "type": "Feature", "properties": { "feature_type": "building", "subtype": "no-damage", "uid": "f62e2d35-1573-4c2b-9d0d-3158085d2f91" }, "geometry": { "type": "Polygon", "coordinates": [ [ [ 173.155250289020898, 574.529971344296086 ], [ 173.155250286217495, 579.610304005400053 ], [ 176.449981691214788, 579.649999910366546 ], [ 176.240664300291286, 590.866320023038043 ], [ 150.46998169229991, 590.459999912032799 ], [ 151.325600847786404, 582.769999909180797 ], [ 154.592496332237005, 582.932059975834363 ], [ 155.178688563083199, 574.920766162368295 ], [ 160.454418631354514, 573.552984293508644 ], [ 173.155250289020898, 574.529971344296086 ] ] ] } },
{ "type": "Feature", "properties": { "feature_type": "building", "subtype": "major-damage", "uid": "343f7297-8e21-4cb4-8fc5-7779cb4d7a28" }, "geometry": { "type": "Polygon", "coordinates": [ [ [ 147.189001836164294, 594.979999910219249 ], [ 147.189001840602998, 595.085550436961171 ], [ 151.851301877692407, 595.085550436961171 ], [ 151.123258078956297, 598.907780392882501 ], [ 162.939754597703001, 600.569475215290936 ], [ 163.11998169226689, 609.389999910804931 ], [ 149.349713289649202, 608.78628877073254 ], [ 147.605393238063698, 605.546837237048294 ], [ 131.619981695880995, 604.559999909980888 ], [ 129.248235806274607, 597.763590541688018 ], [ 132.239981693914189, 594.749999909467988 ], [ 147.189001836164294, 594.979999910219249 ] ] ] } },
{ "type": "Feature", "properties": { "feature_type": "building", "subtype": "no-damage", "uid": "5bc7f5a9-3c11-44d1-b271-25081c91eb67" }, "geometry": { "type": "Polygon", "coordinates": [ [ [ 146.132775954400188, 575.105569322476299 ], [ 151.509981695330993, 575.93999990978773 ], [ 149.003594679620505, 593.510933567573716 ], [ 140.444916082789689, 593.736161950901646 ], [ 138.969981694687192, 591.219999911264836 ], [ 141.589981694793806, 573.749999911410782 ], [ 146.132775954400188, 575.105569322476299 ] ] ] } },
{ "type": "Feature", "properties": { "feature_type": "building", "subtype": "no-damage", "uid": "e1bb7739-cdfc-47ea-a4de-3e1fd293d5a7" }, "geometry": { "type": "Polygon", "coordinates": [ [ [ 180.239981689942312, 614.959999908520331 ], [ 179.856063297978494, 638.253913774478292 ], [ 165.509981689286093, 638.569999909251692 ], [ 165.876121830729005, 616.161411289025409 ], [ 171.264769172271286, 614.47219203722716 ], [ 180.239981689942312, 614.959999908520331 ] ] ] } },
{ "type": "Feature", "properties": { "feature_type": "building", "subtype": "no-damage", "uid": "a345fec4-03da-4f77-a88b-53ab6ef0e919" }, "geometry": { "type": "Polygon", "coordinates": [ [ [ 210.429906167596613, 612.932637936702349 ], [ 210.63078684611051, 628.874951406264017 ], [ 205.307312248212014, 629.930113348559303 ], [ 204.931354268125204, 646.143720245356803 ], [ 186.975842219744294, 646.143720245356803 ], [ 186.477077992673912, 642.901752790775276 ], [ 180.0999816868746, 643.139999909551534 ], [ 180.809981687029989, 611.86999990947902 ], [ 210.429906167596613, 612.932637936702349 ] ] ] } },
{ "type": "Feature", "properties": { "feature_type": "building", "subtype": "no-damage", "uid": "14a69823-6dbb-4623-bb4d-a71086471e9f" }, "geometry": { "type": "Polygon", "coordinates": [ [ [ 173.29306666346821, 524.381160250510447 ], [ 169.754023773521595, 524.381160250510447 ], [ 169.558626368690597, 516.760661255116474 ], [ 172.684984928920812, 516.369866437044266 ], [ 173.29306666346821, 524.381160250510447 ] ] ] } },
{ "type": "Feature", "properties": { "feature_type": "building", "subtype": "no-damage", "uid": "030d63e4-4f9c-408e-bfa7-fdf4fab383a2" }, "geometry": { "type": "Polygon", "coordinates": [ [ [ 188.707572552816487, 500.542676217279222 ], [ 188.121380324773696, 519.69162240747869 ], [ 179.328496870023287, 520.864006869171021 ], [ 173.712926667928286, 520.864006869171021 ], [ 173.256667688454911, 501.730000525007085 ], [ 173.0749849248011, 501.730000525007085 ], [ 173.075779746292199, 501.715060678971724 ], [ 178.74230464104599, 499.956483988302011 ], [ 188.707572552816487, 500.542676217279222 ] ] ] } },
{ "type": "Feature", "properties": { "feature_type": "building", "subtype": "no-damage", "uid": "6a3cca5f-bf2d-4be7-ac5c-3a0711cba446" }, "geometry": { "type": "Polygon", "coordinates": [ [ [ 195.403957132574504, 526.016083353493059 ], [ 195.695651330689088, 532.573553360879487 ], [ 192.939869623796596, 534.410741165941658 ], [ 189.724790966339413, 534.104543198431315 ], [ 189.512582492857803, 525.934116007067928 ], [ 195.403957132574504, 526.016083353493059 ] ] ] } },
{ "type": "Feature", "properties": { "feature_type": "building", "subtype": "no-damage", "uid": "d447f386-f071-4049-8abf-1f1787390cf8" }, "geometry": { "type": "Polygon", "coordinates": [ [ [ 198.86047875338781, 541.597385734223622 ], [ 198.860478751518912, 546.014892010347694 ], [ 193.503077524126297, 546.014892010347694 ], [ 193.457866974307308, 544.251680393125184 ], [ 192.598866443409008, 544.251680393125184 ], [ 192.553655890319192, 541.629468250377727 ], [ 198.86047875338781, 541.597385734223622 ] ] ] } },
{ "type": "Feature", "properties": { "feature_type": "building", "subtype": "major-damage", "uid": "0153268c-7325-499d-bc9a-e4207b766347" }, "geometry": { "type": "Polygon", "coordinates": [ [ [ 111.295796998072106, 508.277472587062277 ], [ 123.163313223986407, 510.094129101162991 ], [ 120.134475475351806, 527.3737829689303 ], [ 113.551219175514106, 525.230397196357785 ], [ 113.857417144426194, 519.718833784909179 ], [ 109.417546615759406, 518.647140900491877 ], [ 111.295796998072106, 508.277472587062277 ] ] ] } },
{ "type": "Feature", "properties": { "feature_type": "building", "subtype": "major-damage", "uid": "ad5f80a3-e80a-43ee-b5a5-b828c6be5018" }, "geometry": { "type": "Polygon", "coordinates": [ [ [ 144.719981692675901, 535.459999912137164 ], [ 142.846170324564213, 547.26709612077218 ], [ 124.627391267508997, 546.042304250730695 ], [ 123.096401431826095, 540.530740839282089 ], [ 126.919981698355897, 532.38999991169851 ], [ 144.719981692675901, 535.459999912137164 ] ] ] } },
{ "type": "Feature", "properties": { "feature_type": "building", "subtype": "destroyed", "uid": "cc5f3ded-2fac-4bb7-8277-0ed886567399" }, "geometry": { "type": "Polygon", "coordinates": [ [ [ 140.379556358246589, 521.747014649757489 ], [ 140.696707953342298, 523.893432560678662 ], [ 146.363232842956506, 525.065817022371107 ], [ 144.789981695961899, 534.969999910861816 ], [ 127.079981695120296, 531.909999911593445 ], [ 130.730819325353309, 520.822034518655414 ], [ 140.379556358246589, 521.747014649757489 ] ] ] } },
{ "type": "Feature", "properties": { "feature_type": "building", "subtype": "no-damage", "uid": "53b27377-163e-4637-95e9-6940525ce655" }, "geometry": { "type": "Polygon", "coordinates": [ [ [ 158.279981691907807, 544.359999910815418 ], [ 158.034292276152087, 551.150501941427251 ], [ 151.757233945927396, 552.834590760865353 ], [ 147.164264438411408, 551.303600923313525 ], [ 147.569981695869899, 543.549999909469989 ], [ 158.279981691907807, 544.359999910815418 ] ] ] } },
{ "type": "Feature", "properties": { "feature_type": "building", "subtype": "no-damage", "uid": "b964e2c3-7317-4e0c-9f38-713be84d9f25" }, "geometry": { "type": "Polygon", "coordinates": [ [ [ 158.299981691444913, 543.859999912107696 ], [ 147.589981692837199, 543.049999910762267 ], [ 148.084264438612905, 533.626299512853848 ], [ 158.669981691525891, 533.429999910057404 ], [ 158.299981691444913, 543.859999912107696 ] ] ] } },
{ "type": "Feature", "properties": { "feature_type": "building", "subtype": "no-damage", "uid": "7c6a603c-b85f-40fa-b256-48a10c683f34" }, "geometry": { "type": "Polygon", "coordinates": [ [ [ 158.952886182888392, 525.582971667394645 ], [ 158.689981692932008, 532.929999911349569 ], [ 148.114264441189306, 533.126382136449138 ], [ 148.542155290339196, 524.970575732373845 ], [ 158.952886182888392, 525.582971667394645 ] ] ] } },
{ "type": "Feature", "properties": { "feature_type": "building", "subtype": "no-damage", "uid": "ebb346cf-4a2c-453c-997b-1bd3681f9b8c" }, "geometry": { "type": "Polygon", "coordinates": [ [ [ 103.513752470724995, 574.384151198924201 ], [ 126.955670986977296, 575.880443870557087 ], [ 125.876057448741605, 593.874002835389319 ], [ 118.918547983641602, 593.754045777168699 ], [ 118.558676803840299, 598.432371107576614 ], [ 107.282713187900001, 598.07249992917707 ], [ 102.124559617134096, 595.913272851303986 ], [ 103.513752470724995, 574.384151198924201 ] ] ] } },
{ "type": "Feature", "properties": { "feature_type": "building", "subtype": "no-damage", "uid": "b1921202-6d64-4204-aa3d-4ee9104e064b" }, "geometry": { "type": "Polygon", "coordinates": [ [ [ 100.022711403103301, 552.832526933930239 ], [ 105.843401211506901, 554.258876749697151 ], [ 103.853114426894606, 565.894399507615162 ], [ 93.28928455432812, 564.0572117062909 ], [ 95.738868290673196, 553.646480814676465 ], [ 100.022711403103301, 552.832526933930239 ] ] ] } },
{ "type": "Feature", "properties": { "feature_type": "building", "subtype": "no-damage", "uid": "79055986-5c9a-426c-8420-c82b51e20883" }, "geometry": { "type": "Polygon", "coordinates": [ [ [ 142.737247608974087, 661.192330125085277 ], [ 162.272323653716711, 660.000680178709445 ], [ 162.884719590606295, 672.401697857272325 ], [ 144.133677169563697, 673.404396300453072 ], [ 141.837192417207405, 668.505228820287357 ], [ 142.737247608974087, 661.192330125085277 ] ] ] } },
{ "type": "Feature", "properties": { "feature_type": "building", "subtype": "no-damage", "uid": "fbfd9eb8-9b66-4278-8da8-ac99f41e7776" }, "geometry": { "type": "Polygon", "coordinates": [ [ [ 228.644169793744709, 730.42843898916874 ], [ 240.711443859615912, 729.460150671918768 ], [ 270.024096118264481, 739.433359900792425 ], [ 275.11612927015841, 746.576997885730975 ], [ 271.971649232169284, 749.334291614364588 ], [ 276.265891607704873, 752.675264450757254 ], [ 260.685145811759924, 784.470401272290928 ], [ 238.384463229525608, 775.006558643017001 ], [ 234.144967327811713, 782.737404108759165 ], [ 207.461081358613086, 770.018916405486834 ], [ 222.080125497572396, 736.554463179279082 ], [ 222.03998168344441, 736.559999908982832 ], [ 224.902151709344309, 728.448833942052261 ], [ 228.449981681344013, 726.529999908889067 ], [ 228.644169793744709, 730.42843898916874 ] ] ] } },
{ "type": "Feature", "properties": { "feature_type": "building", "subtype": "no-damage", "uid": "014cc185-164a-48d6-be07-fa2d7816dab5" }, "geometry": { "type": "Polygon", "coordinates": [ [ [ 221.388858850351795, 736.579999911323398 ], [ 198.48332533348821, 737.599241859671793 ], [ 197.735178996737289, 726.626428935610306 ], [ 201.715752574839314, 725.860934018703347 ], [ 203.399841393576594, 724.78924113428593 ], [ 211.040286807034107, 723.804570878391473 ], [ 211.733262862711513, 721.450071037004818 ], [ 221.38885884614669, 721.727261459182387 ], [ 221.388858850351795, 736.579999911323398 ] ] ] } },
{ "type": "Feature", "properties": { "feature_type": "building", "subtype": "no-damage", "uid": "fdf0f251-e72e-42c6-8de3-987e70d14433" }, "geometry": { "type": "Polygon", "coordinates": [ [ [ 249.352090964888191, 715.139337537708798 ], [ 249.352090966523491, 727.644771783301621 ], [ 248.469981679888008, 727.829999911509844 ], [ 229.13210690255741, 729.874083506392139 ], [ 228.819981682359497, 715.569999912095795 ], [ 238.454415884034489, 714.770029310419318 ], [ 246.909981679546405, 714.189999911326481 ], [ 249.352090964888191, 715.139337537708798 ] ] ] } },
{ "type": "Feature", "properties": { "feature_type": "building", "subtype": "no-damage", "uid": "06bc2c59-79f9-44e7-807e-796ce4cacb2d" }, "geometry": { "type": "Polygon", "coordinates": [ [ [ 272.449981674159801, 698.759999910984675 ], [ 265.898710439265813, 699.181105919320203 ], [ 266.013713625491107, 702.498536034309041 ], [ 272.579981676991679, 702.109999910550073 ], [ 272.890170541855014, 709.596507206318165 ], [ 242.603571975388604, 710.964289078915613 ], [ 242.839981677720488, 712.649999910521956 ], [ 234.379981678904812, 713.099999910854081 ], [ 233.560341174425105, 704.334396440154819 ], [ 226.058490972757198, 704.181297454530636 ], [ 225.759981681689311, 694.839999911995164 ], [ 240.986266856488101, 694.112207726701513 ], [ 241.274331684726093, 691.66365668691185 ], [ 266.399981673302023, 690.51999991104924 ], [ 272.108580901739003, 690.447561016118811 ], [ 272.449981674159801, 698.759999910984675 ] ] ] } },
{ "type": "Feature", "properties": { "feature_type": "building", "subtype": "no-damage", "uid": "96693592-8d1a-4f1b-9da8-7c25513c7c8d" }, "geometry": { "type": "Polygon", "coordinates": [ [ [ 226.839981680056894, 694.289999911173936 ], [ 209.769981686597589, 695.109999909951739 ], [ 207.995642054306501, 695.174984556702839 ], [ 206.499981687283196, 676.509999908682175 ], [ 225.853363644670196, 675.465377737448648 ], [ 226.839981680056894, 694.289999911173936 ] ] ] } },
{ "type": "Feature", "properties": { "feature_type": "building", "subtype": "no-damage", "uid": "87c51bab-7e9d-425a-8eae-8ccd64c49f27" }, "geometry": { "type": "Polygon", "coordinates": [ [ [ 239.315453201276512, 686.61469173793239 ], [ 241.033553893940194, 688.332792433633131 ], [ 240.939981680575102, 691.179999909792059 ], [ 240.827377504351688, 691.183456522839492 ], [ 240.539183348884791, 693.633106845942962 ], [ 227.339981681568105, 694.26999990883337 ], [ 226.326527393032904, 674.939071393997551 ], [ 225.059981680367912, 675.009999908820987 ], [ 224.559981684229911, 670.009999910529473 ], [ 224.922355182282303, 668.458292967805733 ], [ 238.029981680872311, 668.129999911052209 ], [ 239.315453201276512, 686.61469173793239 ] ] ] } },
{ "type": "Feature", "properties": { "feature_type": "building", "subtype": "no-damage", "uid": "b53e5d34-007f-4da6-bbea-e97587af9b99" }, "geometry": { "type": "Polygon", "coordinates": [ [ [ 224.559981680258403, 675.029999911161553 ], [ 210.979981682891093, 675.769999911790819 ], [ 210.86822739731241, 670.853488532240704 ], [ 224.143877795395412, 670.853488532240704 ], [ 224.559981680258403, 675.029999911161553 ] ] ] } },
{ "type": "Feature", "properties": { "feature_type": "building", "subtype": "no-damage", "uid": "60286b2d-4d19-4256-949b-0c3f74bfb2e1" }, "geometry": { "type": "Polygon", "coordinates": [ [ [ 255.999981679434597, 668.949999909830126 ], [ 255.890595864835689, 668.953845906272477 ], [ 257.052980324890711, 690.447561016118811 ], [ 241.439981677414011, 691.159999911189402 ], [ 241.540744723364412, 688.132876482831648 ], [ 239.801291515667714, 686.393423274434213 ], [ 238.529981679580004, 668.11999990988204 ], [ 254.071454454318086, 667.729565487873742 ], [ 255.999981679434597, 668.949999909830126 ] ] ] } },
{ "type": "Feature", "properties": { "feature_type": "building", "subtype": "no-damage", "uid": "e7eed8fe-982a-4a8c-b54d-caa1b1c9c412" }, "geometry": { "type": "Polygon", "coordinates": [ [ [ 233.069981677917013, 654.55999991158501 ], [ 233.229981682157188, 667.749999911436248 ], [ 224.522327070931595, 667.968137444173976 ], [ 223.971861433775587, 670.353488533532868 ], [ 210.848227401746811, 670.353488533532868 ], [ 210.469981685349211, 654.489999910868846 ], [ 233.069981677917013, 654.55999991158501 ] ] ] } },
{ "type": "Feature", "properties": { "feature_type": "building", "subtype": "no-damage", "uid": "2270897f-23f5-4651-8ebf-38812497f78b" }, "geometry": { "type": "Polygon", "coordinates": [ [ [ 266.679981674297778, 654.659999912074113 ], [ 267.028248239466677, 668.367653673557243 ], [ 256.859981679622877, 668.899999911454529 ], [ 255.54998167489731, 668.069999911506329 ], [ 255.919308119023498, 668.053942421645388 ], [ 255.379981675560913, 654.629999908563263 ], [ 266.679981674297778, 654.659999912074113 ] ] ] } },
{ "type": "Feature", "properties": { "feature_type": "building", "subtype": "no-damage", "uid": "1af9225c-927b-4264-abad-faa829b3e05c" }, "geometry": { "type": "Polygon", "coordinates": [ [ [ 254.879981675685087, 654.61999991113089 ], [ 255.419981677438614, 667.989999909619883 ], [ 254.210725043816296, 667.22592749504463 ], [ 233.729981682733893, 667.739999910265965 ], [ 233.569981682698909, 654.55999991158501 ], [ 254.879981675685087, 654.61999991113089 ] ] ] } },
{ "type": "Feature", "properties": { "feature_type": "building", "subtype": "no-damage", "uid": "1831b26f-973b-425d-bbda-000437927a48" }, "geometry": { "type": "Polygon", "coordinates": [ [ [ 266.669981677566284, 654.159999909628482 ], [ 255.299981675543393, 654.119999908685259 ], [ 254.879981679656595, 645.379999910041988 ], [ 266.439981674946125, 644.866226881056946 ], [ 266.669981677566284, 654.159999909628482 ] ] ] } },
{ "type": "Feature", "properties": { "feature_type": "building", "subtype": "no-damage", "uid": "a39ec3f0-1c35-4233-9351-7fa007d1ee5d" }, "geometry": { "type": "Polygon", "coordinates": [ [ [ 254.789981679870493, 654.119999908685259 ], [ 234.659981682704, 654.059999909139378 ], [ 233.735414662650186, 630.66905871122367 ], [ 234.745310524343608, 628.360725300251943 ], [ 234.529981680105692, 625.089999909103199 ], [ 253.409981675363099, 624.999999909784378 ], [ 254.789981679870493, 654.119999908685259 ] ] ] } },
{ "type": "Feature", "properties": { "feature_type": "building", "subtype": "no-damage", "uid": "7f9f04e0-8544-4dfe-948c-86187a2d584a" }, "geometry": { "type": "Polygon", "coordinates": [ [ [ 225.107240714488512, 625.13916694877139 ], [ 234.029981679061706, 625.099999910273482 ], [ 234.238296789101611, 628.272167468299813 ], [ 233.231286216004492, 630.573905926967086 ], [ 234.14998168282591, 654.059999909139378 ], [ 224.189981679242891, 654.029999909366438 ], [ 223.492287200978012, 629.048348337639823 ], [ 221.189981684192702, 625.059999909330259 ], [ 221.076541229315296, 620.585193152199736 ], [ 225.159981681791493, 620.209999909903559 ], [ 225.107240714488512, 625.13916694877139 ] ] ] } },
{ "type": "Feature", "properties": { "feature_type": "building", "subtype": "no-damage", "uid": "a2125e7f-a3a5-4c47-a4dd-05ae1944398f" }, "geometry": { "type": "Polygon", "coordinates": [ [ [ 222.99600595395529, 629.188461578425745 ], [ 223.68998168146959, 654.029999909366438 ], [ 210.459981683010795, 653.989999908423101 ], [ 210.121679246956688, 640.027680308689582 ], [ 210.580976197988605, 632.985127059689148 ], [ 214.102252820152813, 632.678929092178805 ], [ 214.102252820620009, 625.636375843178257 ], [ 220.689981682681491, 625.179999908422133 ], [ 222.99600595395529, 629.188461578425745 ] ] ] } },
{ "type": "Feature", "properties": { "feature_type": "building", "subtype": "no-damage", "uid": "720e001b-99ec-44f6-b895-b79600919cb0" }, "geometry": { "type": "Polygon", "coordinates": [ [ [ 251.396455432708791, 608.576046183312201 ], [ 252.14998167999309, 624.369999910814499 ], [ 233.119981683067607, 624.529999910849597 ], [ 232.039981680261207, 608.139999910297547 ], [ 251.396455432708791, 608.576046183312201 ] ] ] } },
{ "type": "Feature", "properties": { "feature_type": "building", "subtype": "no-damage", "uid": "427dae73-9d71-4b2b-b383-d2c8e639b843" }, "geometry": { "type": "Polygon", "coordinates": [ [ [ 156.713934049176487, 687.218705975965008 ], [ 157.326329982094705, 694.108160243079169 ], [ 164.981279167284214, 693.801962275568826 ], [ 164.521982216018614, 687.678002929099421 ], [ 169.727347659022598, 687.218705975965008 ], [ 175.1999816911746, 688.239999909615449 ], [ 176.369981689328313, 700.209999908732357 ], [ 171.774165096546511, 703.277208042340703 ], [ 143.668463510663287, 703.923880608316949 ], [ 143.515364526908087, 692.747654799795441 ], [ 145.811849282067811, 692.747654799795441 ], [ 145.658750297378191, 685.85820053268128 ], [ 153.039558439519311, 685.68771613841318 ], [ 156.713934049176487, 687.218705975965008 ] ] ] } },
{ "type": "Feature", "properties": { "feature_type": "building", "subtype": "no-damage", "uid": "f7bb8b9f-1d93-4d93-9554-d7f4a3a51da2" }, "geometry": { "type": "Polygon", "coordinates": [ [ [ 201.669968842137195, 685.496043724738797 ], [ 199.12980251251949, 689.013197106078223 ], [ 194.44026466948759, 689.79478674596055 ], [ 194.83105948942881, 692.139555665607418 ], [ 188.578342368033901, 692.139555665607418 ], [ 188.578342368968407, 699.173862432024066 ], [ 176.869981691306691, 700.119999909413536 ], [ 175.709981687314809, 688.329999908934269 ], [ 176.769900905687109, 679.563756791943774 ], [ 180.597375500968411, 677.726568986881603 ], [ 200.692981789247199, 676.116968038675168 ], [ 201.669968842137195, 685.496043724738797 ] ] ] } },
{ "type": "Feature", "properties": { "feature_type": "building", "subtype": "no-damage", "uid": "8241119c-1f8e-44fa-b3e4-8dbd6b1313f5" }, "geometry": { "type": "Polygon", "coordinates": [ [ [ 286.952244338717321, 897.824089824458611 ], [ 255.412128909995999, 902.606359749839498 ], [ 253.539287214123192, 905.444588819852584 ], [ 248.468887798758686, 905.896649552147437 ], [ 246.104252381091101, 903.356483221595454 ], [ 240.869921726218507, 903.96420837249218 ], [ 239.470673687363586, 900.559653569653619 ], [ 236.148917714125787, 899.973461336938385 ], [ 235.562725484914893, 892.157564934377319 ], [ 238.82321554883589, 890.841115726057865 ], [ 240.899981679398309, 885.469999909585113 ], [ 284.779981674056728, 879.699999910891393 ], [ 286.952244338717321, 897.824089824458611 ] ] ] } },
{ "type": "Feature", "properties": { "feature_type": "building", "subtype": "no-damage", "uid": "d6a64cfe-cab3-4a97-893e-e173037a8208" }, "geometry": { "type": "Polygon", "coordinates": [ [ [ 249.670895465806495, 861.930016987985823 ], [ 250.877578871316814, 872.18682593038443 ], [ 251.896562713042101, 872.18682593038443 ], [ 253.269981677668596, 880.449999908953032 ], [ 241.869981682180509, 881.859999909495514 ], [ 239.662258281433509, 864.296964979770564 ], [ 240.457438961944206, 862.084572722482449 ], [ 249.670895465806495, 861.930016987985823 ] ] ] } },
{ "type": "Feature", "properties": { "feature_type": "building", "subtype": "no-damage", "uid": "7c99ff04-f487-4750-8509-37535445ea4c" }, "geometry": { "type": "Polygon", "coordinates": [ [ [ 281.739981671054807, 876.939999909352537 ], [ 253.769981680581509, 880.389999909407152 ], [ 252.320126256912687, 871.686825931676594 ], [ 251.322203662445787, 871.686825931676594 ], [ 250.223851132201986, 862.350829441192218 ], [ 252.088201303024192, 862.064006336479338 ], [ 251.709981676626086, 857.349999911837699 ], [ 279.404258371343019, 853.166649616059431 ], [ 281.739981671054807, 876.939999909352537 ] ] ] } },
{ "type": "Feature", "properties": { "feature_type": "building", "subtype": "no-damage", "uid": "9f719b82-d0d2-4064-adf8-f150f2a34f04" }, "geometry": { "type": "Polygon", "coordinates": [ [ [ 234.069869788160389, 847.109999909595331 ], [ 234.069869787693193, 859.541862249969768 ], [ 232.845077919053409, 860.307357166876727 ], [ 224.271534831099189, 859.694961231856041 ], [ 224.119981684600788, 846.679999911603772 ], [ 232.768265106898014, 846.177333583074869 ], [ 234.069869788160389, 847.109999909595331 ] ] ] } },
{ "type": "Feature", "properties": { "feature_type": "building", "subtype": "no-damage", "uid": "55e95f28-7fe1-4749-9ec3-52b192f57c12" }, "geometry": { "type": "Polygon", "coordinates": [ [ [ 247.718634478338402, 827.854070474671175 ], [ 247.769981676464113, 827.859999910753231 ], [ 246.501243614916689, 830.384672873684053 ], [ 249.596460078043691, 833.479889332605694 ], [ 250.929981678791506, 841.93999991009855 ], [ 247.125823962816014, 842.396000497233899 ], [ 242.337214907903387, 844.997458798834373 ], [ 234.069869790496597, 846.069151686989585 ], [ 226.414920606475192, 845.762953719479242 ], [ 225.289981684623399, 832.049999911437112 ], [ 230.11440824079429, 828.401724034230028 ], [ 246.994686635003802, 826.768148705697854 ], [ 247.718634478338402, 827.854070474671175 ] ] ] } },
{ "type": "Feature", "properties": { "feature_type": "building", "subtype": "no-damage", "uid": "778dec4f-741e-43cf-8abd-c1d8b785a4ba" }, "geometry": { "type": "Polygon", "coordinates": [ [ [ 269.929981676645014, 823.849999908707105 ], [ 272.009981676866914, 839.429999911651521 ], [ 251.419981679833313, 841.879999910552669 ], [ 250.065126737788887, 833.24144921165805 ], [ 247.109623873649809, 830.285946345883644 ], [ 248.3199816786871, 827.869999911923514 ], [ 254.067330612160504, 828.046455206678729 ], [ 255.010668986166195, 826.348446132721051 ], [ 264.009981676049279, 823.729999909615231 ], [ 266.898824127151386, 823.466243281841912 ], [ 269.929981676645014, 823.849999908707105 ] ] ] } },
{ "type": "Feature", "properties": { "feature_type": "building", "subtype": "no-damage", "uid": "ef7afa3f-e21e-407d-a03f-da5d43f3fa1f" }, "geometry": { "type": "Polygon", "coordinates": [ [ [ 256.159981676899918, 825.48999991000062 ], [ 254.673458639858012, 825.925861744348026 ], [ 253.77812522263099, 827.537461891384964 ], [ 247.991587547540405, 827.362112264258258 ], [ 247.244597962280892, 826.241627885901835 ], [ 238.279088350402787, 827.159679364640056 ], [ 235.1099816825689, 816.149999908422615 ], [ 253.329981675579205, 811.469999910201295 ], [ 256.159981676899918, 825.48999991000062 ] ] ] } },
{ "type": "Feature", "properties": { "feature_type": "building", "subtype": "no-damage", "uid": "d5a0a291-61b1-49d3-a457-5e106f2b1fc5" }, "geometry": { "type": "Polygon", "coordinates": [ [ [ 254.734203068775201, 816.501234121904076 ], [ 261.232299233332128, 815.454949464637934 ], [ 262.559981677600717, 823.629999909126127 ], [ 256.639981678173115, 825.349999908568293 ], [ 254.734203068775201, 816.501234121904076 ] ] ] } },
{ "type": "Feature", "properties": { "feature_type": "building", "subtype": "no-damage", "uid": "dd86f2ec-fefb-43cf-90c4-ecb13243fa7e" }, "geometry": { "type": "Polygon", "coordinates": [ [ [ 245.759981679528209, 812.89999990934632 ], [ 230.939981680487591, 816.699999909243957 ], [ 226.529981681157096, 796.259999909440353 ], [ 241.887955637600299, 792.007260253216828 ], [ 245.759981679528209, 812.89999990934632 ] ] ] } },
{ "type": "Feature", "properties": { "feature_type": "building", "subtype": "no-damage", "uid": "99cd38f7-0bdd-4bd9-874b-8a8fbd52be3f" }, "geometry": { "type": "Polygon", "coordinates": [ [ [ 276.473297221784208, 844.569163573616038 ], [ 284.093796212973189, 843.787573929995801 ], [ 284.289193625980772, 844.764560980783244 ], [ 286.829359953963092, 844.764560980783244 ], [ 287.415552187145522, 851.201956107943261 ], [ 247.669961308216614, 857.445998124400148 ], [ 244.2499816813, 852.999999911118721 ], [ 244.174402708293286, 852.805506968479676 ], [ 242.519981678818596, 845.789999912109693 ], [ 247.293367877619289, 842.879585413433688 ], [ 275.659981672526612, 839.499999908629775 ], [ 276.473297221784208, 844.569163573616038 ] ] ] } },
{ "type": "Feature", "properties": { "feature_type": "building", "subtype": "no-damage", "uid": "3a248bad-6bf2-45ad-9642-8d4511271b56" }, "geometry": { "type": "Polygon", "coordinates": [ [ [ 325.569981664066972, 783.219999908453929 ], [ 324.860574229852773, 783.360016356598749 ], [ 322.564089473992226, 787.187490948609366 ], [ 297.608955136381212, 789.637074688692223 ], [ 296.537262253599181, 775.398869205067172 ], [ 306.794894157720876, 775.092671237556829 ], [ 306.641795172330376, 772.336889529963628 ], [ 299.293043958622718, 772.79618648309804 ], [ 294.853173431591301, 766.978425100401182 ], [ 296.489981673584282, 762.349999910658767 ], [ 323.859981667196791, 761.539999909313224 ], [ 325.569981664066972, 783.219999908453929 ] ] ] } },
{ "type": "Feature", "properties": { "feature_type": "building", "subtype": "no-damage", "uid": "87d114a2-3dc2-4fcd-96a7-89c48a1df91b" }, "geometry": { "type": "Polygon", "coordinates": [ [ [ 338.233208114920274, 759.828878794716729 ], [ 342.748159802873374, 759.246304382734934 ], [ 344.592740767324301, 760.563862215353311 ], [ 346.429981666299284, 779.259999908521195 ], [ 345.835134987959975, 779.226343797077789 ], [ 326.059981664875181, 783.119999911702621 ], [ 324.249981666114081, 760.109999910168199 ], [ 324.302498915608282, 759.778608606757416 ], [ 336.652582825749221, 757.673480668511274 ], [ 338.233208114920274, 759.828878794716729 ] ] ] } },
{ "type": "Feature", "properties": { "feature_type": "building", "subtype": "no-damage", "uid": "9e63e3c0-c59b-42ff-84eb-bdd1e77cdddc" }, "geometry": { "type": "Polygon", "coordinates": [ [ [ 352.983653814014474, 734.071693337417969 ], [ 358.779981659892997, 736.839999911847485 ], [ 378.59831749147861, 735.796613868051622 ], [ 378.598317493814818, 752.331304106135462 ], [ 370.024774407729524, 756.525395787243724 ], [ 369.139981660993783, 760.659999910989541 ], [ 357.119753843592321, 763.134873510485932 ], [ 357.159981663276085, 763.279999911095956 ], [ 353.548542543367319, 763.929070740430689 ], [ 351.414406366643277, 758.522592417497322 ], [ 344.901388687594078, 757.215477185772784 ], [ 342.879981661316776, 736.019999909331773 ], [ 343.711845561355119, 733.650247506360529 ], [ 352.983653814014474, 734.071693337417969 ] ] ] } },
{ "type": "Feature", "properties": { "feature_type": "building", "subtype": "no-damage", "uid": "bde3d5cb-9cc1-40ca-8abd-a5a43faefef6" }, "geometry": { "type": "Polygon", "coordinates": [ [ [ 334.240701899980309, 732.153963790710236 ], [ 334.96935717253649, 736.671626468083787 ], [ 342.429981663554372, 736.529999909209891 ], [ 344.549981662149719, 758.869999910831211 ], [ 342.878960590765018, 758.72528171388808 ], [ 338.461898038768084, 759.295225267447108 ], [ 336.873098923169209, 757.128681017267809 ], [ 323.867787564312096, 759.345495455406422 ], [ 323.58419680583529, 761.047040015611856 ], [ 308.785180943734872, 761.478144208503522 ], [ 306.18249822223288, 740.492300923837433 ], [ 325.642681645652772, 736.502297844111126 ], [ 325.009981664411612, 732.389999910639517 ], [ 331.566152178728089, 731.485326359813143 ], [ 334.240701899980309, 732.153963790710236 ] ] ] } },
{ "type": "Feature", "properties": { "feature_type": "building", "subtype": "no-damage", "uid": "ba9a502a-e0fa-464b-b4e6-98995f5e9f55" }, "geometry": { "type": "Polygon", "coordinates": [ [ [ 340.402018976028614, 730.315907401118466 ], [ 342.079981663711408, 730.359999908559644 ], [ 342.339981665170001, 736.029999910502056 ], [ 335.393816022405815, 736.163207636458537 ], [ 334.681823833130011, 731.748856071546243 ], [ 331.593783725042726, 730.976846043648379 ], [ 330.479981667244886, 731.12999990896185 ], [ 329.569732986911788, 725.33272525784912 ], [ 324.698629469839204, 729.22960807169386 ], [ 303.35998167018289, 730.589999909310791 ], [ 303.099981669658689, 715.909924498853798 ], [ 306.935561612536674, 715.826326330055394 ], [ 306.369981669206823, 702.709999909747012 ], [ 336.939981663987282, 700.619999911859168 ], [ 340.402018976028614, 730.315907401118466 ] ] ] } },
{ "type": "Feature", "properties": { "feature_type": "building", "subtype": "no-damage", "uid": "de379224-81bf-455f-aa68-e45e52fe8daf" }, "geometry": { "type": "Polygon", "coordinates": [ [ [ 306.935561612536674, 715.826326330055394 ], [ 303.099981669658689, 715.909924498853798 ], [ 287.650956858675499, 716.2383366410196 ], [ 286.509981671398577, 704.0599999107435 ], [ 306.369981669206823, 702.709999909747012 ], [ 306.935561612536674, 715.826326330055394 ] ] ] } },
{ "type": "Feature", "properties": { "feature_type": "building", "subtype": "no-damage", "uid": "22a50984-a5a8-47ab-9ee6-22185b2ed8ea" }, "geometry": { "type": "Polygon", "coordinates": [ [ [ 373.139981656963926, 718.509999908534496 ], [ 362.64119648174028, 718.768720160453881 ], [ 362.859981660319306, 728.179999911352866 ], [ 357.687736073651308, 732.480884892607833 ], [ 353.090207902100701, 733.302813959938931 ], [ 348.78576058931128, 732.599849085220512 ], [ 348.212490361779317, 730.011012958926244 ], [ 340.848404729516687, 729.826910817512271 ], [ 339.559981662225027, 718.74999991045604 ], [ 344.524401343513773, 719.343660404697175 ], [ 345.908450281477315, 717.456320940142518 ], [ 344.998119139102982, 706.65458581521284 ], [ 372.009981659519781, 704.569999910621618 ], [ 373.139981656963926, 718.509999908534496 ] ] ] } },
{ "type": "Feature", "properties": { "feature_type": "building", "subtype": "no-damage", "uid": "589c022c-cbd2-437d-b2ff-44d425fc97a0" }, "geometry": { "type": "Polygon", "coordinates": [ [ [ 379.029981658487486, 719.959999910020088 ], [ 377.519073862468474, 724.182622409809255 ], [ 380.819981658879499, 729.819999908908585 ], [ 369.718576439050992, 730.43814943848929 ], [ 369.782663407645487, 728.674839081185382 ], [ 363.379981659965893, 729.329999911371146 ], [ 363.152881574405001, 719.256499164028696 ], [ 379.05682102085899, 718.703333242065924 ], [ 379.029981658487486, 719.959999910020088 ] ] ] } },
{ "type": "Feature", "properties": { "feature_type": "building", "subtype": "no-damage", "uid": "c11990ce-5ae1-470b-bcc2-84bef262ed63" }, "geometry": { "type": "Polygon", "coordinates": [ [ [ 389.574947826475125, 721.27497433415158 ], [ 390.356537468927172, 729.286268147617761 ], [ 381.37998165830129, 729.789999909135645 ], [ 378.068605810876988, 724.131368895335299 ], [ 379.379981660666715, 720.469999909898206 ], [ 388.207165958082726, 719.907192461554132 ], [ 389.574947826475125, 721.27497433415158 ] ] ] } },
{ "type": "Feature", "properties": { "feature_type": "building", "subtype": "no-damage", "uid": "ec3facda-ab78-431e-aabf-145933e33617" }, "geometry": { "type": "Polygon", "coordinates": [ [ [ 377.779981659381804, 694.53999991052774 ], [ 377.77278291181608, 694.546512404996292 ], [ 379.726757011521897, 702.55780622220027 ], [ 373.429981660765293, 703.959999910254396 ], [ 344.511546797886126, 706.190694043076746 ], [ 344.834375850943673, 710.981172888992774 ], [ 338.689981666473216, 711.329999909298408 ], [ 337.439981664797699, 700.589999912086228 ], [ 338.196948770393703, 694.990778782310485 ], [ 343.906733892541695, 692.314317005040721 ], [ 374.268864908843909, 691.033986179137969 ], [ 377.779981659381804, 694.53999991052774 ] ] ] } },
{ "type": "Feature", "properties": { "feature_type": "building", "subtype": "no-damage", "uid": "20252f30-1077-4c10-b89d-9e1cf339887e" }, "geometry": { "type": "Polygon", "coordinates": [ [ [ 296.644182229175897, 694.522475269248616 ], [ 305.609981666937813, 698.109999909674229 ], [ 305.889981668634391, 702.23999991081223 ], [ 286.459981674424682, 703.559999912035778 ], [ 285.213946087624322, 690.262011328515428 ], [ 295.960803641146072, 689.089626866823096 ], [ 296.644182229175897, 694.522475269248616 ] ] ] } },
{ "type": "Feature", "properties": { "feature_type": "building", "subtype": "no-damage", "uid": "47d0d55b-3b51-4587-877b-f19c9ca101a7" }, "geometry": { "type": "Polygon", "coordinates": [ [ [ 327.390222302764528, 678.817633160674291 ], [ 331.689981665407288, 682.799999908424184 ], [ 332.25049784069671, 696.575485265024099 ], [ 306.279981667785421, 697.839999911717655 ], [ 297.121241069753921, 694.174782320791564 ], [ 296.145685185258174, 679.592587722011444 ], [ 311.289981671686007, 676.479999908909235 ], [ 315.741693415429211, 676.066289688165625 ], [ 315.779981668697928, 669.749999910005272 ], [ 327.20919240491429, 669.223048567605701 ], [ 327.390222302764528, 678.817633160674291 ] ] ] } },
{ "type": "Feature", "properties": { "feature_type": "building", "subtype": "no-damage", "uid": "44268b8c-2b7e-4174-a9e2-290782f1e618" }, "geometry": { "type": "Polygon", "coordinates": [ [ [ 314.716246851800122, 663.979364122522156 ], [ 315.269981669053379, 669.669999911856735 ], [ 312.484767924841492, 675.72474227811756 ], [ 286.919981674525388, 680.96999991106054 ], [ 284.98152688035492, 681.004289467636909 ], [ 284.19555962063481, 666.2281298843792 ], [ 312.149851133803111, 662.781712789434891 ], [ 314.716246851800122, 663.979364122522156 ] ] ] } },
{ "type": "Feature", "properties": { "feature_type": "building", "subtype": "no-damage", "uid": "0a6eee3f-c385-4ef6-a1d5-293ff5b222bb" }, "geometry": { "type": "Polygon", "coordinates": [ [ [ 340.394719716855604, 661.74010236262643 ], [ 359.749981661740776, 660.909999910872898 ], [ 360.529981659575412, 677.96999991133805 ], [ 343.670211287966993, 679.659995059227072 ], [ 343.177439722673796, 681.673166411260809 ], [ 331.87998166708428, 682.289999908546179 ], [ 327.886114958123983, 678.595227231324088 ], [ 327.34768371973712, 659.69412193100959 ], [ 340.251043474985806, 658.722901303218009 ], [ 340.394719716855604, 661.74010236262643 ] ] ] } },
{ "type": "Feature", "properties": { "feature_type": "building", "subtype": "no-damage", "uid": "3d24d8ec-6208-4659-92f8-6ff690cea565" }, "geometry": { "type": "Polygon", "coordinates": [ [ [ 308.502062101947615, 629.871366293214692 ], [ 323.129927452458219, 629.72934818297017 ], [ 324.249981664011614, 656.054010598116861 ], [ 312.334499378260887, 655.742249006789962 ], [ 306.619981668327114, 655.742249006789962 ], [ 305.926071552916596, 649.423952613826827 ], [ 293.420637307556888, 650.205542253709154 ], [ 291.27126579764689, 641.021863978550527 ], [ 294.006829540973001, 634.182954626776905 ], [ 293.789981669255098, 631.179999911604909 ], [ 301.489440587181889, 628.153989596750989 ], [ 308.502062101947615, 629.871366293214692 ] ] ] } },
{ "type": "Feature", "properties": { "feature_type": "building", "subtype": "no-damage", "uid": "55567cf0-6bf6-4915-8eea-4e8e4db092d3" }, "geometry": { "type": "Polygon", "coordinates": [ [ [ 358.999956985200015, 647.866370733445706 ], [ 353.38516005169339, 648.154309037404573 ], [ 353.759981662064206, 657.449999909648 ], [ 325.064482614980477, 659.319864301072357 ], [ 323.879981667901973, 634.819999911467562 ], [ 358.219981662807413, 633.829999911484379 ], [ 358.999956985200015, 647.866370733445706 ] ] ] } },
{ "type": "Feature", "properties": { "feature_type": "building", "subtype": "no-damage", "uid": "ae6e1e82-c866-458f-bcf4-84dcfd46405e" }, "geometry": { "type": "Polygon", "coordinates": [ [ [ 353.848504803600974, 624.130951908158181 ], [ 357.707375734360824, 623.99006044631426 ], [ 359.391464554967001, 627.664436056438603 ], [ 358.459981661691927, 631.319999909299327 ], [ 343.399942254967186, 631.664035325688133 ], [ 343.559981664502686, 633.749999909597932 ], [ 323.859981669532999, 634.319999909021817 ], [ 323.60947424190681, 629.224668825420622 ], [ 318.369981669031517, 629.279999909787193 ], [ 318.062319903690309, 620.073721059413856 ], [ 338.689981663202502, 618.939999910793517 ], [ 341.738236927688376, 619.95845083955146 ], [ 347.850248807478181, 618.661963473461583 ], [ 353.569981664592376, 618.499999911631676 ], [ 353.848504803600974, 624.130951908158181 ] ] ] } },
{ "type": "Feature", "properties": { "feature_type": "building", "subtype": "no-damage", "uid": "b2b77faf-82ff-411c-8ef3-30bf11d0a03b" }, "geometry": { "type": "Polygon", "coordinates": [ [ [ 310.859279276653581, 598.389999909330641 ], [ 313.277442451793092, 612.223193737544307 ], [ 312.279279271824976, 613.929999911331834 ], [ 310.446636071427974, 614.074429270361975 ], [ 311.802195401639892, 623.11149148392326 ], [ 304.232843874700279, 623.890689435394165 ], [ 303.545264423436777, 625.724234637517498 ], [ 299.687402317202896, 626.931124941269672 ], [ 295.159279276719474, 626.359999911951149 ], [ 293.793946417503207, 607.818367618863931 ], [ 290.478815445928376, 606.665278586085265 ], [ 290.099279278882022, 602.109999911079626 ], [ 293.019279275316421, 600.569999910275214 ], [ 298.631824340829894, 598.213389088481108 ], [ 310.859279276653581, 598.389999909330641 ] ] ] } },
{ "type": "Feature", "properties": { "feature_type": "building", "subtype": "no-damage", "uid": "cc1c44c0-2689-43f3-9100-6c5a29df3a4a" }, "geometry": { "type": "Polygon", "coordinates": [ [ [ 293.250087036963009, 608.18268507254777 ], [ 294.579981670128973, 626.23999990912148 ], [ 280.329010832285576, 626.95325045319305 ], [ 278.819981676255679, 608.629999911572895 ], [ 290.049981669837678, 607.069999908427917 ], [ 293.250087036963009, 608.18268507254777 ] ] ] } },
{ "type": "Feature", "properties": { "feature_type": "building", "subtype": "no-damage", "uid": "2fd51526-f60c-4612-8093-347f203f609b" }, "geometry": { "type": "Polygon", "coordinates": [ [ [ 310.699981666650785, 597.879999909452522 ], [ 298.465171771030782, 597.711968303132835 ], [ 292.999981669315673, 600.009999912021499 ], [ 290.235938716578687, 596.397657903806021 ], [ 289.655726709216083, 595.655601780031247 ], [ 291.69998167206802, 588.829999911909567 ], [ 308.79998166716922, 586.999999910807901 ], [ 310.699981666650785, 597.879999909452522 ] ] ] } },
{ "type": "Feature", "properties": { "feature_type": "building", "subtype": "no-damage", "uid": "5eedd2d5-25ec-4cd2-a700-fa761d87408b" }, "geometry": { "type": "Polygon", "coordinates": [ [ [ 291.69998167206802, 588.829999911909567 ], [ 289.655726709216083, 595.655601780031247 ], [ 290.235938716578687, 596.397657903806021 ], [ 287.614112416743978, 596.575447841806977 ], [ 285.018548677186516, 591.195524403346326 ], [ 289.610212950234484, 587.537270096327461 ], [ 291.69998167206802, 588.829999911909567 ] ] ] } },
{ "type": "Feature", "properties": { "feature_type": "building", "subtype": "no-damage", "uid": "39019d4b-a361-4c83-9135-b7d41fa8f526" }, "geometry": { "type": "Polygon", "coordinates": [ [ [ 322.34998166943592, 585.879999910562674 ], [ 323.299981669644012, 617.899999908696827 ], [ 317.593135506807982, 618.965110202009328 ], [ 313.366569421765007, 617.376741825110685 ], [ 312.45998166843799, 614.499999910755719 ], [ 313.73216749685082, 612.317186613662102 ], [ 309.2399816717043, 586.599999908851373 ], [ 310.179981668405901, 585.729999911697973 ], [ 322.34998166943592, 585.879999910562674 ] ] ] } },
{ "type": "Feature", "properties": { "feature_type": "building", "subtype": "no-damage", "uid": "0576867d-c3c7-4b19-a357-47e920cea6df" }, "geometry": { "type": "Polygon", "coordinates": [ [ [ 322.329981669898814, 585.379999911854952 ], [ 310.615609395014076, 585.239999910422512 ], [ 310.615609395948525, 579.471679793897806 ], [ 322.144056589819911, 579.080884975825597 ], [ 322.329981669898814, 585.379999911854952 ] ] ] } },
{ "type": "Feature", "properties": { "feature_type": "building", "subtype": "no-damage", "uid": "fea0989e-76e5-4f75-8520-7b16da68bb7b" }, "geometry": { "type": "Polygon", "coordinates": [ [ [ 335.073165640359491, 592.386198162575852 ], [ 337.103671838376272, 618.413595810326001 ], [ 323.879739453382115, 619.361435346781036 ], [ 323.059981668423291, 591.729999911142841 ], [ 333.939981666601, 590.639999910670554 ], [ 335.073165640359491, 592.386198162575852 ] ] ] } },
{ "type": "Feature", "properties": { "feature_type": "building", "subtype": "no-damage", "uid": "c3b04c52-98ce-4587-bfb9-0ec4532e9962" }, "geometry": { "type": "Polygon", "coordinates": [ [ [ 349.572519283527697, 591.481434648232039 ], [ 354.489981664793902, 594.859999911127375 ], [ 354.576548310781675, 596.340318331954109 ], [ 356.413736114208575, 596.340318331954109 ], [ 356.719934079850077, 602.770475645933857 ], [ 362.690794443966126, 602.158079710913171 ], [ 365.140378183581902, 603.535970562840816 ], [ 365.790225525992696, 614.332616951564432 ], [ 360.891058047929278, 617.39459662666809 ], [ 353.729981659487919, 617.989999911753671 ], [ 347.790647711730912, 618.163481042821786 ], [ 341.767425784009674, 619.441134179458118 ], [ 337.576366285637505, 618.044114350561017 ], [ 335.619981666268075, 592.979999911650225 ], [ 338.217036874782991, 590.771717000050899 ], [ 349.572519283527697, 591.481434648232039 ] ] ] } },
{ "type": "Feature", "properties": { "feature_type": "building", "subtype": "no-damage", "uid": "61508a1d-b5ca-4daf-8335-fd08dfdfa15c" }, "geometry": { "type": "Polygon", "coordinates": [ [ [ 353.811053390370489, 583.786201667767159 ], [ 354.44998165917832, 594.2299999084197 ], [ 349.741782699088617, 590.991038000842991 ], [ 338.046905778327186, 590.260108193967085 ], [ 335.569981665322587, 592.35999991011272 ], [ 335.561794548362514, 592.220967539798153 ], [ 334.299981663876395, 590.269999908486966 ], [ 335.040285656755998, 584.552012458739796 ], [ 350.672078461411388, 583.184230586142235 ], [ 353.811053390370489, 583.786201667767159 ] ] ] } },
{ "type": "Feature", "properties": { "feature_type": "building", "subtype": "no-damage", "uid": "d9c8ec68-0520-4e24-84e7-de78982ab71c" }, "geometry": { "type": "Polygon", "coordinates": [ [ [ 368.730502557725572, 642.668136456970615 ], [ 372.864175117480272, 642.515037471346545 ], [ 373.323472067577825, 651.854075478543677 ], [ 359.809981659417701, 652.889999910518441 ], [ 359.509981659351979, 648.339999908821255 ], [ 359.527040611265193, 648.339997834292717 ], [ 359.289981660705621, 644.039999910215784 ], [ 362.300345245614722, 643.739829341387917 ], [ 364.596830001942521, 641.596443568815403 ], [ 368.730502555856674, 641.596443568815403 ], [ 368.730502557725572, 642.668136456970615 ] ] ] } },
{ "type": "Feature", "properties": { "feature_type": "building", "subtype": "no-damage", "uid": "d4f58aff-9716-4b31-9415-0cd0fa581b78" }, "geometry": { "type": "Polygon", "coordinates": [ [ [ 379.726757011054701, 691.029359023656866 ], [ 378.029981657567589, 694.089999910195615 ], [ 374.46716527057248, 690.525179762042626 ], [ 361.349981662558378, 691.079999909302842 ], [ 358.812394355715583, 684.887310042740523 ], [ 361.2099816620605, 678.989999911094174 ], [ 368.566482517417228, 677.602470414697791 ], [ 370.93387355607058, 672.754556957358886 ], [ 378.358975139858899, 672.271207655267631 ], [ 379.726757011054701, 691.029359023656866 ] ] ] } },
{ "type": "Feature", "properties": { "feature_type": "building", "subtype": "no-damage", "uid": "0127a1a8-2544-4202-bf23-fd4a5bf1e18a" }, "geometry": { "type": "Polygon", "coordinates": [ [ [ 355.637639830498074, 772.392954261059117 ], [ 356.484032398479485, 773.613356253088682 ], [ 358.205722604140817, 774.043778808241882 ], [ 358.609981661491076, 779.559999909988619 ], [ 358.389251646540515, 779.991838713984748 ], [ 346.929981665941625, 779.289999912032044 ], [ 346.189981661574393, 771.729999909442085 ], [ 355.637639830498074, 772.392954261059117 ] ] ] } },
{ "type": "Feature", "properties": { "feature_type": "building", "subtype": "no-damage", "uid": "94ffb7e5-ac16-46ff-aef3-a72b093bb11a" }, "geometry": { "type": "Polygon", "coordinates": [ [ [ 371.555764245281409, 779.226343797077789 ], [ 362.539981660716478, 780.149999911753071 ], [ 361.505793289983785, 772.424737170441404 ], [ 358.463622679298396, 772.805008495959441 ], [ 356.612875553335812, 770.281262413678405 ], [ 358.429025027671116, 766.104118617544145 ], [ 357.739339696817183, 763.517798628944661 ], [ 369.149981661463187, 761.169999910867546 ], [ 371.555764245281409, 779.226343797077789 ] ] ] } },
{ "type": "Feature", "properties": { "feature_type": "building", "subtype": "destroyed", "uid": "a1b2f085-26d1-4163-93cd-5f7b21d1b6af" }, "geometry": { "type": "Polygon", "coordinates": [ [ [ 8.025565256928058, 800.081959496359332 ], [ 13.849981715877529, 799.799999908813902 ], [ 10.9860797411145, 814.063964375637738 ], [ 3.359981713346522, 811.939999909136077 ], [ 2.535919619537388, 808.419398728692045 ], [ 4.639981717364742, 797.889999909563699 ], [ 8.025565256928058, 800.081959496359332 ] ] ] } },
{ "type": "Feature", "properties": { "feature_type": "building", "subtype": "destroyed", "uid": "5215c2ff-655c-45a9-a8c9-df13b7682711" }, "geometry": { "type": "Polygon", "coordinates": [ [ [ 14.699981716764549, 793.259999909717976 ], [ 15.129981715690629, 793.41999990975296 ], [ 13.849981715877529, 799.799999908813902 ], [ 8.025565256928058, 800.081959496359332 ], [ 4.639981717364742, 797.889999909563699 ], [ 5.289981715871771, 794.629999909317121 ], [ 8.951259110641558, 795.776343861208943 ], [ 9.830532685940831, 792.588977156034844 ], [ 14.699981716764549, 793.259999909717976 ] ] ] } },
{ "type": "Feature", "properties": { "feature_type": "building", "subtype": "destroyed", "uid": "79a004f8-b9c4-4991-9a39-77929d564872" }, "geometry": { "type": "Polygon", "coordinates": [ [ [ 17.631854456436312, 803.120337376457996 ], [ 21.56998171172782, 802.589999910125698 ], [ 17.491977165935221, 813.856071556201186 ], [ 11.723315048433619, 811.939999909136077 ], [ 14.229981716427989, 800.119999908883983 ], [ 17.631854456436312, 803.120337376457996 ] ] ] } },
{ "type": "Feature", "properties": { "feature_type": "building", "subtype": "destroyed", "uid": "9f58022d-adb2-4ded-82c1-8cc423063cdf" }, "geometry": { "type": "Polygon", "coordinates": [ [ [ 23.509981711919082, 796.529999911134837 ], [ 21.85642642804704, 801.800805927122838 ], [ 21.56998171172782, 802.589999910125698 ], [ 17.631854456436312, 803.120337376457996 ], [ 14.229981716427989, 800.119999908883983 ], [ 15.609981713693189, 793.599999908390714 ], [ 23.509981711919082, 796.529999911134837 ] ] ] } },
{ "type": "Feature", "properties": { "feature_type": "building", "subtype": "destroyed", "uid": "f4e71725-a60b-421b-84b3-d473df729774" }, "geometry": { "type": "Polygon", "coordinates": [ [ [ 18.464800004894311, 776.849252007524797 ], [ 30.2827931810222, 776.785165041032769 ], [ 30.0753977080699, 788.539071254406281 ], [ 24.815735777504159, 790.168863584880796 ], [ 18.00550305362875, 786.647586960380636 ], [ 18.464800004894311, 776.849252007524797 ] ] ] } },
{ "type": "Feature", "properties": { "feature_type": "building", "subtype": "destroyed", "uid": "109990cb-e50b-424a-88c2-5200d05062c8" }, "geometry": { "type": "Polygon", "coordinates": [ [ [ 85.181040074880656, 831.890516921286235 ], [ 79.89998170721482, 843.019999909400553 ], [ 64.729981705060567, 836.16999991140483 ], [ 69.85998170408152, 827.41999991159139 ], [ 71.307823962763976, 825.637799794751913 ], [ 85.181040074880656, 831.890516921286235 ] ] ] } },
{ "type": "Feature", "properties": { "feature_type": "building", "subtype": "destroyed", "uid": "1c47962a-5957-421c-a2ce-91f0d72af870" }, "geometry": { "type": "Polygon", "coordinates": [ [ [ 68.549981706831645, 828.669999912098774 ], [ 64.269981706127908, 835.959999909256339 ], [ 57.509981708618923, 832.909999911158252 ], [ 62.039981705172288, 825.949999911503141 ], [ 68.549981706831645, 828.669999912098774 ] ] ] } },
{ "type": "Feature", "properties": { "feature_type": "building", "subtype": "destroyed", "uid": "5f28ea86-0272-461d-a036-643ea8fb8ae7" }, "geometry": { "type": "Polygon", "coordinates": [ [ [ 61.569981705770211, 825.749999910524821 ], [ 57.039981710151316, 832.699999909009648 ], [ 54.105864561210737, 831.375095281313179 ], [ 52.289018853380277, 833.406867599824295 ], [ 48.612954010056093, 831.892541638686453 ], [ 49.719981708314563, 829.799999909776375 ], [ 52.328086717968013, 829.424350637520774 ], [ 55.969981709216121, 823.419999910715433 ], [ 61.569981705770211, 825.749999910524821 ] ] ] } },
{ "type": "Feature", "properties": { "feature_type": "building", "subtype": "destroyed", "uid": "f571fb16-f6c0-4ccd-a64e-7b9f6d11f503" }, "geometry": { "type": "Polygon", "coordinates": [ [ [ 48.229981709389953, 816.109999911217301 ], [ 57.029981706878473, 820.699999910119914 ], [ 52.023130361378833, 828.962839560663951 ], [ 49.559981711316553, 829.31999990967131 ], [ 39.309981707903631, 823.429999911885716 ], [ 44.585270728142682, 815.773871259351495 ], [ 48.229981709389953, 816.109999911217301 ] ] ] } },
{ "type": "Feature", "properties": { "feature_type": "building", "subtype": "destroyed", "uid": "a424d5a5-a01e-49b9-908f-c9f6b797a4f5" }, "geometry": { "type": "Polygon", "coordinates": [ [ [ 131.544870102467087, 860.170007261612682 ], [ 128.215051182145203, 867.792756017764646 ], [ 110.799981698096104, 860.899999908643622 ], [ 116.139981699265604, 851.499999911257532 ], [ 131.544870102467087, 860.170007261612682 ] ] ] } },
{ "type": "Feature", "properties": { "feature_type": "building", "subtype": "destroyed", "uid": "71e2e10e-ff31-494a-99b3-0a87726fb9a4" }, "geometry": { "type": "Polygon", "coordinates": [ [ [ 119.762955222697499, 844.101320837632898 ], [ 110.329981700562996, 860.709999908835584 ], [ 100.476656130380803, 856.185235466235326 ], [ 99.185442716645213, 858.316148294990512 ], [ 93.271495697313043, 855.341364417341083 ], [ 100.519981699582601, 842.768485919138811 ], [ 103.680855074675605, 844.553910926059984 ], [ 108.219542664688305, 837.399126891905553 ], [ 119.762955222697499, 844.101320837632898 ] ] ] } },
{ "type": "Feature", "properties": { "feature_type": "building", "subtype": "destroyed", "uid": "c9b03190-7534-4fec-ac44-ec2129969a9f" }, "geometry": { "type": "Polygon", "coordinates": [ [ [ 90.177092239807365, 841.930150736495875 ], [ 84.659981703818559, 852.309999908865166 ], [ 80.320433362767815, 849.907560524461815 ], [ 85.843741081244545, 839.477043120049075 ], [ 90.177092239807365, 841.930150736495875 ] ] ] } },
{ "type": "Feature", "properties": { "feature_type": "building", "subtype": "destroyed", "uid": "b33d7636-c401-49f8-8ad6-d3b79f45f052" }, "geometry": { "type": "Polygon", "coordinates": [ [ [ 109.358272307779899, 785.276202865261439 ], [ 121.2775143239286, 794.459881140419952 ], [ 113.461617918096593, 803.96585210232638 ], [ 101.864668593134496, 793.345889826983807 ], [ 109.358272307779899, 785.276202865261439 ] ] ] } },
{ "type": "Feature", "properties": { "feature_type": "building", "subtype": "no-damage", "uid": "05b94562-cae1-4685-8b10-cf1ff57329fd" }, "geometry": { "type": "Polygon", "coordinates": [ [ [ 258.833232251537481, 909.331173823680047 ], [ 271.428723524958116, 905.657021679524291 ], [ 273.467993541573605, 913.334273506562681 ], [ 261.71220168293911, 916.813028239813434 ], [ 259.313060490960993, 912.734488204246304 ], [ 258.833232251537481, 909.331173823680047 ] ] ] } },
{ "type": "Feature", "properties": { "feature_type": "building", "subtype": "no-damage", "uid": "f8b2cf25-d0f8-4b25-833b-f52a206feb15" }, "geometry": { "type": "Polygon", "coordinates": [ [ [ 280.378779356498626, 918.982358753726999 ], [ 287.72753057043991, 917.604467901799353 ], [ 290.483312279434926, 918.06376485119597 ], [ 291.861203129727414, 925.412516067706747 ], [ 282.050257539260883, 927.162888738214065 ], [ 280.378779356498626, 918.982358753726999 ] ] ] } },
{ "type": "Feature", "properties": { "feature_type": "building", "subtype": "no-damage", "uid": "3cbdb946-aafd-478e-92b3-eff7ac818170" }, "geometry": { "type": "Polygon", "coordinates": [ [ [ 484.270391766996511, 769.836681519152194 ], [ 493.974714773257688, 766.873694352569373 ], [ 494.59381757321961, 769.526992056612244 ], [ 499.015980413368993, 768.111899948287828 ], [ 500.696402295742416, 773.330052101939486 ], [ 496.451125965862673, 774.833587468436008 ], [ 497.094664004995309, 777.44280160606877 ], [ 487.189019239481411, 779.30011000151535 ], [ 484.270391766996511, 769.836681519152194 ] ] ] } },
{ "type": "Feature", "properties": { "feature_type": "building", "subtype": "no-damage", "uid": "85912557-c862-4932-b6ea-8fdf29953083" }, "geometry": { "type": "Polygon", "coordinates": [ [ [ 622.112303158188524, 507.196307188662217 ], [ 620.005849206781818, 507.781059474316692 ], [ 622.211615083826587, 517.845281012616965 ], [ 614.654320318746386, 519.524679846394065 ], [ 610.918532376139183, 505.944372295970197 ], [ 617.914639114920078, 503.366859286441581 ], [ 621.228584414721013, 503.366859286441581 ], [ 622.112303158188524, 507.196307188662217 ] ] ] } },
{ "type": "Feature", "properties": { "feature_type": "building", "subtype": "no-damage", "uid": "1714a616-7e09-4343-9704-5fd5636f718b" }, "geometry": { "type": "Polygon", "coordinates": [ [ [ 383.482446944575827, 666.781063601188407 ], [ 393.9801472640371, 664.07197965000978 ], [ 394.544539751919217, 665.990914116518184 ], [ 396.80210971022251, 669.264390560484912 ], [ 397.027866710982096, 673.779530480361927 ], [ 398.382408685403277, 678.85906289302693 ], [ 385.965773901769808, 681.229511350775397 ], [ 383.482446944575827, 666.781063601188407 ] ] ] } },
{ "type": "Feature", "properties": { "feature_type": "building", "subtype": "no-damage", "uid": "bf1d73d3-2e74-47dd-845e-1dadaabc43a3" }, "geometry": { "type": "Polygon", "coordinates": [ [ [ 860.616052447630523, 132.587109221911902 ], [ 868.371099561801316, 131.450471704847502 ], [ 870.17715552793004, 134.272434153836087 ], [ 870.40291252471809, 139.0133310730711 ], [ 863.17868865085893, 139.126209570881088 ], [ 861.033997192234665, 136.191368620344491 ], [ 860.616052447630523, 132.587109221911902 ] ] ] } }
]
}
