{
"type": "FeatureCollection",
"name": "palu-tsunami_00000190_post_disaster",
"features": [
{ "type": "Feature", "properties": { "feature_type": "building", "subtype": "no-damage", "uid": "990af922-21e5-4aaf-8a19-fa5ff5d5aff9" }, "geometry": { "type": "Polygon", "coordinates": [ [ [ 286.430444179015979, 12.486398687083589 ], [ 295.176622922678575, 12.486398687083589 ], [ 309.607817857372481, 13.142362093004939 ], [ 308.7331999798526, 28.010865965538979 ], [ 297.581822076397373, 28.66682937146032 ], [ 297.363167610871926, 32.602609810726094 ], [ 285.774480772628124, 32.821264278120637 ], [ 286.430444179015979, 12.486398687083589 ] ] ] } },
{ "type": "Feature", "properties": { "feature_type": "building", "subtype": "no-damage", "uid": "d8545ba8-1371-4551-b18b-f8c17ab37c5a" }, "geometry": { "type": "Polygon", "coordinates": [ [ [ 345.340831011663909, 20.942057750342489 ], [ 348.239980691674191, 21.22999988262244 ], [ 347.439073460803172, 37.991031067563327 ], [ 345.343665496397307, 40.408809493281183 ], [ 345.021295041161522, 44.438440196581382 ], [ 337.767959772892084, 44.116069741812453 ], [ 337.123218860317991, 46.53384816379257 ], [ 330.979980695571385, 46.029999882294 ], [ 330.712408734287578, 43.819023317567613 ], [ 331.762733618770085, 31.127597656066801 ], [ 331.459980695460672, 24.81999988254174 ], [ 331.822028000516582, 22.295967491948709 ], [ 332.416131520687998, 20.751298347444269 ], [ 336.559980698342088, 20.309999884527599 ], [ 345.340831011663909, 20.942057750342489 ] ] ] } },
{ "type": "Feature", "properties": { "feature_type": "building", "subtype": "no-damage", "uid": "d6ed4d31-b3d2-4246-94a8-2d4da856e726" }, "geometry": { "type": "Polygon", "coordinates": [ [ [ 343.570627987227283, 14.94154343571566 ], [ 360.172706484434116, 16.06984003488235 ], [ 359.850336030366293, 18.97117414275359 ], [ 357.593742836940919, 19.293544597522509 ], [ 354.692408728605301, 19.938285510798089 ], [ 349.050925743056098, 19.938285510798089 ], [ 348.539980696364807, 20.75999988420514 ], [ 345.383527292063775, 20.443833595379441 ], [ 343.009980694648277, 20.269999883310351 ], [ 343.189980693584687, 14.89999988342066 ], [ 343.570627987227283, 14.94154343571566 ] ] ] } },
{ "type": "Feature", "properties": { "feature_type": "building", "subtype": "no-damage", "uid": "3a8b4cac-e91d-403c-b89f-da5c85fac882" }, "geometry": { "type": "Polygon", "coordinates": [ [ [ 342.699980694792885, 14.83999988346365 ], [ 342.509980693449677, 20.239999883331851 ], [ 336.809980698006996, 19.829999884871562 ], [ 336.337214732327197, 18.018422167268071 ], [ 331.822028003787125, 18.018422167268071 ], [ 332.126476785006787, 13.652061612902241 ], [ 342.699980694792885, 14.83999988346365 ] ] ] } },
{ "type": "Feature", "properties": { "feature_type": "building", "subtype": "no-damage", "uid": "bef0865a-7178-4b55-892a-22fcac268216" }, "geometry": { "type": "Polygon", "coordinates": [ [ [ 330.999980695012027, 25.589999884481792 ], [ 331.261749664263903, 31.118832712478511 ], [ 330.209892891351217, 43.82876870847408 ], [ 330.469980696170978, 45.98999988481448 ], [ 319.392843761843096, 45.083181109856952 ], [ 319.231658533290727, 24.4514718999894 ], [ 330.999980695012027, 25.589999884481792 ] ] ] } },
{ "type": "Feature", "properties": { "feature_type": "building", "subtype": "no-damage", "uid": "4321bbe8-23cf-4161-a6ca-bfb6814a69f7" }, "geometry": { "type": "Polygon", "coordinates": [ [ [ 387.809394960279576, 37.915229457528767 ], [ 398.059066597130027, 38.722427270628323 ], [ 402.455432623271008, 38.722427270628323 ], [ 405.663591617245572, 41.455303450804529 ], [ 405.425950211045915, 45.85166948092121 ], [ 403.762460363209527, 55.119684347947832 ], [ 390.388358611510625, 54.678493187742873 ], [ 382.651467654780902, 54.033752278205021 ], [ 381.684356286971024, 52.583085224269396 ], [ 381.845541516691412, 44.362638586546822 ], [ 385.069246077459525, 43.717897673271239 ], [ 385.875172219754006, 40.655378338015552 ], [ 387.809394960279576, 37.915229457528767 ] ] ] } },
{ "type": "Feature", "properties": { "feature_type": "building", "subtype": "no-damage", "uid": "72d26305-5216-4e5e-bdd0-9aaca74b1629" }, "geometry": { "type": "Polygon", "coordinates": [ [ [ 350.886967755209412, 63.75277591673445 ], [ 352.34801993705679, 64.891457645215993 ], [ 351.380908569013172, 79.236942957187694 ], [ 339.279980695378072, 78.639999885090447 ], [ 339.859980696441426, 63.719999883322707 ], [ 340.025695870036486, 63.75277591673445 ], [ 340.113286772856327, 62.789275990622059 ], [ 350.886967755209412, 63.75277591673445 ] ] ] } },
{ "type": "Feature", "properties": { "feature_type": "building", "subtype": "no-damage", "uid": "bd3e731e-ac40-4cd1-af5d-ea8bc0019625" }, "geometry": { "type": "Polygon", "coordinates": [ [ [ 339.237377750498979, 63.577594110627572 ], [ 339.369980696481491, 63.609999884647443 ], [ 338.779980696281882, 78.609999885111932 ], [ 338.324905090380128, 78.592202043912124 ], [ 331.232755050663116, 77.94746113063654 ], [ 331.716310736086484, 61.8289383099603 ], [ 337.748332412374907, 61.650594262140523 ], [ 339.237377750498979, 63.577594110627572 ] ] ] } },
{ "type": "Feature", "properties": { "feature_type": "building", "subtype": "no-damage", "uid": "ea8a97f5-28ba-4dd5-95cc-869adbd2ecad" }, "geometry": { "type": "Polygon", "coordinates": [ [ [ 284.157302427602474, 52.858536940405827 ], [ 296.039372772628212, 53.571461158071173 ], [ 296.158193472457583, 56.541978745381734 ], [ 309.34729155485212, 57.849006482751797 ], [ 307.921443114850717, 72.226311601298178 ], [ 305.545029048415188, 73.295697935271633 ], [ 294.969986441926324, 72.701594415566888 ], [ 293.544137997486416, 77.097960445683569 ], [ 292.474751667485293, 77.810884667086626 ], [ 292.118289559353798, 80.781402250659454 ], [ 281.305605544796379, 79.593195218725413 ], [ 284.157302427602474, 52.858536940405827 ] ] ] } },
{ "type": "Feature", "properties": { "feature_type": "building", "subtype": "no-damage", "uid": "f6124abb-9e42-4b8e-b8b9-2f004bd528f3" }, "geometry": { "type": "Polygon", "coordinates": [ [ [ 291.001266344344515, 86.225150849626786 ], [ 305.140930053173008, 86.462792256761148 ], [ 304.071543725741606, 91.215620391972763 ], [ 303.95272301890401, 92.403827427644529 ], [ 305.022109349605898, 95.849627829223806 ], [ 307.99262693924959, 96.087269236358154 ], [ 307.754985531181092, 105.236463401686507 ], [ 290.169521419374973, 104.167077071450706 ], [ 286.367258909200416, 94.423779386417678 ], [ 291.001266344344515, 86.225150849626786 ] ] ] } },
{ "type": "Feature", "properties": { "feature_type": "building", "subtype": "no-damage", "uid": "fb6c995e-538b-4620-b06e-f001d4a0d0af" }, "geometry": { "type": "Polygon", "coordinates": [ [ [ 309.035407378407228, 94.96467112583683 ], [ 312.801816175594581, 95.139852931943722 ], [ 312.714225275344575, 101.971943306570694 ], [ 308.94781647348492, 101.709170601148102 ], [ 309.035407378407228, 94.96467112583683 ] ] ] } },
{ "type": "Feature", "properties": { "feature_type": "building", "subtype": "no-damage", "uid": "b7d2c5ab-6aa6-40dc-90f3-41a8b292163b" }, "geometry": { "type": "Polygon", "coordinates": [ [ [ 283.438703181145911, 106.4287740110599 ], [ 305.521079441189784, 107.718255837610997 ], [ 305.843449901097813, 118.356480897313702 ], [ 291.820335048347204, 118.840036583204807 ], [ 290.530853222498081, 117.228184301884795 ], [ 285.695296377141005, 117.389369529269203 ], [ 283.438703181145911, 106.4287740110599 ] ] ] } },
{ "type": "Feature", "properties": { "feature_type": "building", "subtype": "no-damage", "uid": "cb80062e-c545-414f-bbd8-0d3f3fd56173" }, "geometry": { "type": "Polygon", "coordinates": [ [ [ 264.580031490046395, 91.922103475441446 ], [ 261.033956466333393, 113.843294508122398 ], [ 235.083134733180799, 111.586701313526802 ], [ 237.339727927774305, 91.599733016934792 ], [ 245.560174563152714, 92.244473930210361 ], [ 246.366100704045607, 90.310251194121363 ], [ 264.580031490046395, 91.922103475441446 ] ] ] } },
{ "type": "Feature", "properties": { "feature_type": "building", "subtype": "no-damage", "uid": "27656785-da0e-44b9-bd03-470572030e0e" }, "geometry": { "type": "Polygon", "coordinates": [ [ [ 247.491315448593014, 133.983307390100009 ], [ 268.284209883955782, 133.983307390100009 ], [ 271.830284904631981, 138.657679010413489 ], [ 271.669099674911593, 140.591901746502487 ], [ 271.185543991357122, 142.04256880043809 ], [ 272.797396270339391, 143.654421081758187 ], [ 272.636211045758387, 146.072199507476 ], [ 262.320356441769206, 146.555755189629394 ], [ 261.192059846574921, 148.489977929456103 ], [ 261.192059842369986, 150.424200669282897 ], [ 248.458426816636489, 150.746571124051798 ], [ 247.491315448593014, 133.983307390100009 ] ] ] } },
{ "type": "Feature", "properties": { "feature_type": "building", "subtype": "no-damage", "uid": "8d076efb-8dc7-47a2-a04e-a329efc3dd84" }, "geometry": { "type": "Polygon", "coordinates": [ [ [ 323.859148351668182, 133.552495356417808 ], [ 330.037824926642998, 134.740702392089588 ], [ 330.988390553544207, 131.413722695946291 ], [ 336.335322209623428, 131.413722695946291 ], [ 336.335322208688979, 129.750232846005787 ], [ 344.771592153774009, 131.057260583375893 ], [ 343.583385121140282, 150.425035248005997 ], [ 321.958017092959892, 150.3062145463077 ], [ 320.175706545527817, 142.582868820047793 ], [ 320.65098935582472, 138.305323495367105 ], [ 322.908582722664391, 138.305323495367105 ], [ 323.859148351668182, 133.552495356417808 ] ] ] } },
{ "type": "Feature", "properties": { "feature_type": "building", "subtype": "no-damage", "uid": "8d2fa421-0165-4935-9d80-e7615009a9a4" }, "geometry": { "type": "Polygon", "coordinates": [ [ [ 339.631107523498372, 166.394100506647987 ], [ 339.746601392839807, 173.78570831644339 ], [ 338.679349366588724, 178.29188353419201 ], [ 338.320153411598312, 184.517946732228893 ], [ 338.559980693792284, 186.159999882798388 ], [ 331.568405842384607, 186.717530375100011 ], [ 327.766143331275487, 186.242247560831288 ], [ 327.884964030637718, 182.321164348721112 ], [ 326.340294887302775, 182.915267864688104 ], [ 325.865012073034507, 186.123426859132991 ], [ 320.280439015661386, 185.766964746562593 ], [ 317.869980701007307, 182.729999884010311 ], [ 320.395684240552612, 179.494278325927013 ], [ 321.759980696736477, 165.669999882530192 ], [ 322.07073629664319, 165.710570343356807 ], [ 322.109980696407376, 164.939999885545092 ], [ 326.367216678116392, 162.321853317379009 ], [ 339.631107523498372, 166.394100506647987 ] ] ] } },
{ "type": "Feature", "properties": { "feature_type": "building", "subtype": "no-damage", "uid": "cf1c8e30-aac7-444c-8c2d-f12593ac2731" }, "geometry": { "type": "Polygon", "coordinates": [ [ [ 354.849980694250917, 167.629999882371607 ], [ 357.233677784603174, 169.250886967544801 ], [ 354.976084418464325, 185.766964746562593 ], [ 339.059980695925276, 186.11999988531889 ], [ 338.822265810654073, 184.495742968725892 ], [ 339.175994078701308, 178.364453006989493 ], [ 340.24751471034989, 173.84025476484581 ], [ 340.169980694194408, 169.039999885099007 ], [ 344.844470564087601, 166.071370355308204 ], [ 354.849980694250917, 167.629999882371607 ] ] ] } },
{ "type": "Feature", "properties": { "feature_type": "building", "subtype": "no-damage", "uid": "6c20eddc-b6a2-4860-8872-a90786b53774" }, "geometry": { "type": "Polygon", "coordinates": [ [ [ 349.39151135618539, 153.923016220460994 ], [ 349.62915276542202, 155.348864659529397 ], [ 355.451367231330892, 155.348864659529397 ], [ 357.11485707893371, 165.448624457132809 ], [ 354.519980694487685, 167.069999884018813 ], [ 344.735063513533021, 165.548338260430711 ], [ 340.159980696693424, 168.459999884268711 ], [ 340.125367179331874, 166.022812532993498 ], [ 339.289980696616908, 165.769999883704401 ], [ 340.49998069255588, 154.619999885464807 ], [ 342.381089855774007, 154.873581848998413 ], [ 343.688117591507478, 156.537071695201206 ], [ 343.450476182504474, 153.685374813326604 ], [ 349.39151135618539, 153.923016220460994 ] ] ] } },
{ "type": "Feature", "properties": { "feature_type": "building", "subtype": "no-damage", "uid": "f43b953d-cd06-4643-9e0a-620cc05169d8" }, "geometry": { "type": "Polygon", "coordinates": [ [ [ 333.70717850425558, 152.972450591923604 ], [ 338.816468752032677, 154.398299034729689 ], [ 339.999980696963917, 154.559999885507807 ], [ 338.799980693620114, 165.619999883811886 ], [ 326.298137635018293, 161.777610480035605 ], [ 318.842272765018379, 157.703980783461787 ], [ 322.71642900287469, 151.505330800643094 ], [ 333.70717850425558, 152.972450591923604 ] ] ] } },
{ "type": "Feature", "properties": { "feature_type": "building", "subtype": "no-damage", "uid": "1c3e3bcf-8ac0-4cd3-901f-7a54ef707ddf" }, "geometry": { "type": "Polygon", "coordinates": [ [ [ 321.259980695771389, 165.609999882573192 ], [ 319.912316916792292, 179.300830879463689 ], [ 317.54998070131478, 182.329999883051102 ], [ 317.072280017481887, 181.727060829016295 ], [ 306.972520226195684, 181.964702236150714 ], [ 303.52671982882481, 176.736591282932608 ], [ 304.089980704042716, 167.689999886066289 ], [ 310.149980699694311, 164.26999988477931 ], [ 321.259980695771389, 165.609999882573192 ] ] ] } },
{ "type": "Feature", "properties": { "feature_type": "building", "subtype": "no-damage", "uid": "e3d3f0f4-dbe1-409e-a869-2372e710de87" }, "geometry": { "type": "Polygon", "coordinates": [ [ [ 305.605572279096123, 153.506978190616792 ], [ 309.286020706157615, 153.765255271988394 ], [ 309.286020708493709, 164.160907847652112 ], [ 309.319060042923809, 164.160907847652112 ], [ 303.909980699499727, 167.219999883911299 ], [ 283.20837953918118, 166.161548674798212 ], [ 283.327200240412196, 153.447733406192299 ], [ 285.524529108334491, 152.473869857655188 ], [ 305.605572279096123, 153.506978190616792 ] ] ] } },
{ "type": "Feature", "properties": { "feature_type": "building", "subtype": "no-damage", "uid": "c12a3945-0d3e-47f3-bf0c-b744a85f3d90" }, "geometry": { "type": "Polygon", "coordinates": [ [ [ 246.942074008541312, 212.849931327435996 ], [ 265.359283043915127, 214.038138363107691 ], [ 265.359283039476622, 220.454456351997493 ], [ 264.289896711578024, 221.048559867964599 ], [ 264.289896711578024, 222.8308704196034 ], [ 265.596924447311494, 223.187332532173798 ], [ 262.032303347074276, 227.821339965687088 ], [ 248.367922449477106, 226.751953635451287 ], [ 250.269053703046012, 230.316574738728889 ], [ 239.337548984921511, 231.504781774400698 ], [ 235.772927886786789, 221.761484089367713 ], [ 236.509980710096301, 212.979999886006112 ], [ 246.929980709471891, 212.559999882569286 ], [ 246.942074008541312, 212.849931327435996 ] ] ] } },
{ "type": "Feature", "properties": { "feature_type": "building", "subtype": "no-damage", "uid": "b7b99496-a286-4d0a-864d-be1464d3a9e1" }, "geometry": { "type": "Polygon", "coordinates": [ [ [ 244.489980711144796, 205.119999884163008 ], [ 246.704432600939896, 208.691206708191288 ], [ 246.899980709493406, 212.059999884173493 ], [ 236.559980712318605, 212.479999883872608 ], [ 236.604672808018506, 211.899365702636288 ], [ 236.129389996086303, 205.007764899477706 ], [ 244.489980711144796, 205.119999884163008 ] ] ] } },
{ "type": "Feature", "properties": { "feature_type": "building", "subtype": "no-damage", "uid": "6d1d0afd-6bff-4a7b-b614-39c6beafaf43" }, "geometry": { "type": "Polygon", "coordinates": [ [ [ 273.279980707929212, 177.899999883733699 ], [ 275.832946697205784, 180.077365929768405 ], [ 276.613194516226372, 182.863965282515096 ], [ 274.748314028476614, 185.661286018113913 ], [ 273.777846528255623, 190.513623529034902 ], [ 274.499980703238123, 193.859999883510312 ], [ 274.152015098299728, 193.83861877537629 ], [ 273.914373690698426, 195.739750032451099 ], [ 264.527538118244877, 196.452674250116388 ], [ 264.765179523042889, 208.453565301057012 ], [ 247.305036962718503, 208.805430613001789 ], [ 244.684480643570396, 204.579999884549892 ], [ 244.684480639832714, 200.017295357131786 ], [ 245.872687676904889, 199.660833244561388 ], [ 245.753866972870696, 187.184659383089809 ], [ 242.664528682696812, 187.184659383089809 ], [ 241.119859539361897, 180.530699987065589 ], [ 243.377452902463887, 176.490796069519291 ], [ 273.279980707929212, 177.899999883733699 ] ] ] } },
{ "type": "Feature", "properties": { "feature_type": "building", "subtype": "no-damage", "uid": "9fd4fe5c-6620-49c9-97b4-ecb1e488c0a1" }, "geometry": { "type": "Polygon", "coordinates": [ [ [ 291.989980702134915, 185.429999885813288 ], [ 292.806865537303622, 195.145646512746396 ], [ 275.01998070551258, 193.899999884727492 ], [ 274.288542258873576, 190.50965462943131 ], [ 275.219206014090389, 185.856335862453506 ], [ 276.639980706452604, 183.719999883300886 ], [ 291.989980702134915, 185.429999885813288 ] ] ] } },
{ "type": "Feature", "properties": { "feature_type": "building", "subtype": "no-damage", "uid": "3140490d-c7f3-4bc5-ae03-2458227635c0" }, "geometry": { "type": "Polygon", "coordinates": [ [ [ 295.658562418240876, 169.242733157528193 ], [ 296.72794875081172, 173.401457780510498 ], [ 294.826817495373916, 176.490796069519291 ], [ 296.49030734414481, 176.490796069519291 ], [ 299.579645630580899, 183.382396872677901 ], [ 292.969980703456315, 185.029999884853993 ], [ 276.949980704205473, 183.249999884883607 ], [ 277.156588034179094, 182.950262830565606 ], [ 276.273346002560004, 179.795827012428788 ], [ 273.609980708159583, 177.52999988275289 ], [ 272.96380806029299, 173.639099187644803 ], [ 275.934325646666309, 171.975609337704412 ], [ 275.45904283286518, 168.648629641561087 ], [ 277.716636199004085, 166.985139791620696 ], [ 295.658562418240876, 169.242733157528193 ] ] ] } },
{ "type": "Feature", "properties": { "feature_type": "building", "subtype": "no-damage", "uid": "396641b9-3b91-4191-9925-5cceedca197c" }, "geometry": { "type": "Polygon", "coordinates": [ [ [ 203.889980715670788, 195.519999883566697 ], [ 204.190589391470695, 195.884583030011896 ], [ 203.862652893066894, 202.279344805659804 ], [ 203.999980719251795, 202.28999988494499 ], [ 203.609631005265612, 206.097522328834003 ], [ 183.244088562553003, 205.485024811436205 ], [ 183.090964181802008, 194.460069502012601 ], [ 203.889980715670788, 195.519999883566697 ] ] ] } },
{ "type": "Feature", "properties": { "feature_type": "building", "subtype": "no-damage", "uid": "bcd8239b-76cb-4cfd-9e37-df63f73c9643" }, "geometry": { "type": "Polygon", "coordinates": [ [ [ 220.719980714807605, 178.959999884219997 ], [ 221.004312441440391, 193.339059507506789 ], [ 221.525183376520403, 195.399999883652612 ], [ 221.525183376987599, 201.656915328634113 ], [ 212.184596242986999, 202.881910363429711 ], [ 204.389980717336698, 201.709999884114694 ], [ 204.699744175974189, 195.718876818088006 ], [ 204.209980716764989, 195.10999988510639 ], [ 204.069004141444708, 191.550706297176106 ], [ 203.998203581396893, 191.550706297176106 ], [ 205.619980715052407, 177.469999882795889 ], [ 205.906496691767586, 177.46326340076331 ], [ 220.719980714807605, 178.959999884219997 ] ] ] } },
{ "type": "Feature", "properties": { "feature_type": "building", "subtype": "no-damage", "uid": "801b0527-41da-4236-b821-516284cae8bc" }, "geometry": { "type": "Polygon", "coordinates": [ [ [ 236.684496926962993, 195.685064536808312 ], [ 227.037661029825188, 196.603810811036197 ], [ 221.949980716494707, 195.04999988514939 ], [ 221.503060894597297, 193.271770667727196 ], [ 221.179980715256193, 177.399999885337905 ], [ 221.372059000441595, 174.860148952756902 ], [ 236.8376213030418, 174.707024574341887 ], [ 236.684496926962993, 195.685064536808312 ] ] ] } },
{ "type": "Feature", "properties": { "feature_type": "building", "subtype": "no-damage", "uid": "84837f1e-d928-4393-9d7d-68f048159d27" }, "geometry": { "type": "Polygon", "coordinates": [ [ [ 187.684695562748686, 191.550706297176106 ], [ 185.3878298727426, 183.741362953156909 ], [ 187.225322423532702, 177.61638777917841 ], [ 205.119980717591488, 177.469999882795889 ], [ 203.4914991113437, 191.550706297176106 ], [ 187.684695562748686, 191.550706297176106 ] ] ] } },
{ "type": "Feature", "properties": { "feature_type": "building", "subtype": "no-damage", "uid": "bfcdff64-14fd-4a88-a68b-522b9e041169" }, "geometry": { "type": "Polygon", "coordinates": [ [ [ 150.241388186203892, 197.0227035759263 ], [ 148.150833312397708, 184.619628853292113 ], [ 162.085151824541697, 182.78213630109849 ], [ 165.913261309442504, 184.925877610122086 ], [ 167.444505103402889, 195.03208664531769 ], [ 150.241388186203892, 197.0227035759263 ] ] ] } },
{ "type": "Feature", "properties": { "feature_type": "building", "subtype": "no-damage", "uid": "3dd1eb30-b591-4a20-b2ef-8871f623ba8c" }, "geometry": { "type": "Polygon", "coordinates": [ [ [ 167.209108308331395, 211.173601239859892 ], [ 170.73096903009511, 209.948606205064209 ], [ 176.090322300780002, 209.33610868766641 ], [ 183.44029250580931, 209.948606205064209 ], [ 184.052790023673793, 228.323531719524198 ], [ 177.315317336041687, 229.242277993752111 ], [ 175.018451646736509, 228.936029233184314 ], [ 173.640332235863212, 230.00789988956501 ], [ 166.90285954776391, 229.548526750582198 ], [ 166.290362033637194, 225.873541649932804 ], [ 162.156003790738509, 226.486039167330688 ], [ 160.931008758747311, 221.892307788715698 ], [ 166.596610787897191, 221.126685892902799 ], [ 167.209108308331395, 211.173601239859892 ] ] ] } },
{ "type": "Feature", "properties": { "feature_type": "building", "subtype": "no-damage", "uid": "341d81a3-a846-4738-a553-03a42c0837e3" }, "geometry": { "type": "Polygon", "coordinates": [ [ [ 194.762687275174812, 216.949489235930287 ], [ 211.581583476974089, 217.401003228728086 ], [ 211.807340474774406, 218.416909712523108 ], [ 210.90431249221669, 225.979769080672895 ], [ 210.33992000098641, 228.124460542724705 ], [ 210.114163004821307, 232.413843466828212 ], [ 196.004350755367511, 232.752478961426505 ], [ 193.85965929098171, 226.205526073334113 ], [ 194.762687275174812, 216.949489235930287 ] ] ] } },
{ "type": "Feature", "properties": { "feature_type": "building", "subtype": "no-damage", "uid": "210ded06-b209-455f-993d-f51fb5e7a14c" }, "geometry": { "type": "Polygon", "coordinates": [ [ [ 236.527731541650297, 262.665280939427191 ], [ 219.595956835811393, 263.003916434025598 ], [ 214.119980715805696, 249.829999883272393 ], [ 214.3599807153999, 247.749999883517006 ], [ 236.189096046117811, 246.975169712130509 ], [ 236.527731541650297, 262.665280939427191 ] ] ] } },
{ "type": "Feature", "properties": { "feature_type": "building", "subtype": "no-damage", "uid": "b70cc1b0-cb5c-466b-a2dd-a3ded0220c62" }, "geometry": { "type": "Polygon", "coordinates": [ [ [ 213.613396442459702, 241.557001806032503 ], [ 213.839153438858403, 247.765319199526601 ], [ 213.85998071793901, 247.7599998847557 ], [ 213.609980714302793, 249.879999885728409 ], [ 212.033097470238687, 250.587281650775111 ], [ 194.424051781044, 250.587281650775111 ], [ 191.376332335735697, 244.040328762682606 ], [ 191.150575340738698, 234.784291925278893 ], [ 211.468704981578099, 234.445656430680486 ], [ 213.613396442459702, 241.557001806032503 ] ] ] } },
{ "type": "Feature", "properties": { "feature_type": "building", "subtype": "no-damage", "uid": "467dd8c0-d7be-4020-822e-3ce71033735e" }, "geometry": { "type": "Polygon", "coordinates": [ [ [ 222.816783146782313, 264.694705868497977 ], [ 244.101071861853086, 262.85721331630441 ], [ 249.766673890769511, 304.507044480669492 ], [ 213.016822871930401, 308.182029585056625 ], [ 212.863698490011387, 305.732039515465203 ], [ 211.638703458487413, 290.878974726977276 ], [ 225.113648830948193, 289.960228449011595 ], [ 222.816783146782313, 264.694705868497977 ] ] ] } },
{ "type": "Feature", "properties": { "feature_type": "building", "subtype": "no-damage", "uid": "55912a24-c49c-4914-b498-cf40ab6ac586" }, "geometry": { "type": "Polygon", "coordinates": [ [ [ 319.055935027293515, 230.617159397754193 ], [ 325.64028333954758, 230.464035019339093 ], [ 325.487158955993323, 243.785856016201308 ], [ 307.265357827207879, 243.785856016201308 ], [ 307.049980700672791, 242.189999882517611 ], [ 307.164903869087823, 242.158664907928511 ], [ 306.909980703420786, 241.199999883227008 ], [ 306.805984687057617, 240.417119672382 ], [ 306.704903867704672, 240.417119672382 ], [ 303.929980701977172, 229.889999883856007 ], [ 318.489980701652485, 229.299999885524699 ], [ 319.055935027293515, 230.617159397754193 ] ] ] } },
{ "type": "Feature", "properties": { "feature_type": "building", "subtype": "no-damage", "uid": "04c6a37b-6c8f-4733-aabe-704d2c2eacba" }, "geometry": { "type": "Polygon", "coordinates": [ [ [ 300.533361516504499, 213.453363728001989 ], [ 304.309980699057007, 213.509999884380392 ], [ 301.779161361958813, 221.81313735644801 ], [ 303.449980699985474, 229.689999885245186 ], [ 303.369027919703115, 229.711292554983601 ], [ 306.189980699966213, 240.409999882547112 ], [ 269.583394200698081, 240.029751919414508 ], [ 269.244758708436223, 211.471491919807107 ], [ 299.319980699522773, 210.919999884990403 ], [ 300.533361516504499, 213.453363728001989 ] ] ] } },
{ "type": "Feature", "properties": { "feature_type": "building", "subtype": "no-damage", "uid": "ceaf3ef8-8f34-428e-ae63-5bda80d2f517" }, "geometry": { "type": "Polygon", "coordinates": [ [ [ 316.22904666748741, 213.680837425754589 ], [ 319.069980701080624, 214.569999884866689 ], [ 319.668432546793213, 226.635925536537002 ], [ 318.137188755636203, 228.473418088730597 ], [ 318.279980699467217, 228.809999884629889 ], [ 303.901979090257612, 229.387777921696596 ], [ 302.295084280748313, 221.835372315033595 ], [ 304.829980702032174, 213.519999885619086 ], [ 316.22904666748741, 213.680837425754589 ] ] ] } },
{ "type": "Feature", "properties": { "feature_type": "building", "subtype": "no-damage", "uid": "f1591830-66c3-4b74-8abd-586617cfb9c5" }, "geometry": { "type": "Polygon", "coordinates": [ [ [ 321.430569907131598, 196.745323345096097 ], [ 330.846512232518421, 196.929795955823408 ], [ 331.765258509081491, 213.773477678657599 ], [ 319.999980696208411, 214.339999882539701 ], [ 316.309171729647517, 213.181946153521409 ], [ 300.850391428539979, 212.957905858476096 ], [ 299.469980701984809, 210.079999885592287 ], [ 299.532128798377414, 192.635531875917991 ], [ 308.917174986308282, 192.574191705907793 ], [ 308.978515157019274, 196.254601977538812 ], [ 311.248101491781426, 196.254601977538812 ], [ 311.248101492949388, 192.083470334612713 ], [ 321.430569910402085, 192.083470334612713 ], [ 321.430569907131598, 196.745323345096097 ] ] ] } },
{ "type": "Feature", "properties": { "feature_type": "building", "subtype": "no-damage", "uid": "bc8742c5-242c-482d-b4ec-607428cc9cdf" }, "geometry": { "type": "Polygon", "coordinates": [ [ [ 309.335657278986218, 321.260043761610973 ], [ 309.448535778587086, 323.743370718261076 ], [ 314.189432696184724, 323.404735223662783 ], [ 315.092460677340796, 345.98043482991261 ], [ 289.130406137747684, 345.528920837114811 ], [ 288.38998070238199, 323.569999882759987 ], [ 300.279980703038916, 322.759999883340527 ], [ 300.305377437522907, 323.856249216460526 ], [ 304.707638860522422, 323.856249216460526 ], [ 304.594760366060825, 321.147165263411523 ], [ 309.335657278986218, 321.260043761610973 ] ] ] } },
{ "type": "Feature", "properties": { "feature_type": "building", "subtype": "no-damage", "uid": "7a9fa7bc-3289-4d09-92da-aec3aecb47f6" }, "geometry": { "type": "Polygon", "coordinates": [ [ [ 296.241751510756728, 298.458587158962189 ], [ 299.740984951431983, 298.232830162563403 ], [ 300.269980700398492, 322.259999884944705 ], [ 288.369980702707778, 323.069999884364222 ], [ 288.364700861621088, 322.887232885150013 ], [ 285.995348280192616, 323.012968556633098 ], [ 284.809980705340195, 297.879999884972221 ], [ 296.069980703412227, 297.459999885273078 ], [ 296.241751510756728, 298.458587158962189 ] ] ] } },
{ "type": "Feature", "properties": { "feature_type": "building", "subtype": "no-damage", "uid": "fa872579-4e7b-41fd-8f04-05c27e684ded" }, "geometry": { "type": "Polygon", "coordinates": [ [ [ 294.77433103696859, 275.544252058114125 ], [ 294.774331034632496, 279.269242494958121 ], [ 297.370536488545099, 279.607877985818675 ], [ 297.370536489946687, 293.830568740260389 ], [ 295.564480523896691, 294.507839725719407 ], [ 295.989980704248296, 296.96999988437841 ], [ 284.779980705595278, 297.379999882838604 ], [ 284.749030727794718, 296.6325804037034 ], [ 277.686564608208016, 296.6325804037034 ], [ 277.686564610543996, 275.609999884733611 ], [ 294.699980701669801, 274.709999885378522 ], [ 294.77433103696859, 275.544252058114125 ] ] ] } },
{ "type": "Feature", "properties": { "feature_type": "building", "subtype": "no-damage", "uid": "73ba637b-14ef-445c-93a0-8ffa37a844f9" }, "geometry": { "type": "Polygon", "coordinates": [ [ [ 291.162219098794822, 247.324627549367392 ], [ 291.162219101130916, 251.839767473607509 ], [ 316.898516649464625, 252.178402964468091 ], [ 316.559881150895308, 269.67457015921832 ], [ 295.000088032900123, 269.44881316281942 ], [ 294.661452539703703, 274.189710083458522 ], [ 294.659980702087921, 274.209999883245018 ], [ 277.686564611011192, 275.109999882600107 ], [ 277.686564608908782, 274.198864494625695 ], [ 278.517442975383119, 247.19531756280989 ], [ 291.162219098794822, 247.324627549367392 ] ] ] } },
{ "type": "Feature", "properties": { "feature_type": "building", "subtype": "no-damage", "uid": "3e2502ce-dbae-433a-9eea-59d477b97ca3" }, "geometry": { "type": "Polygon", "coordinates": [ [ [ 300.155845249869174, 275.786309804601217 ], [ 318.216404929992279, 274.318889328008311 ], [ 318.555040422487878, 293.169598501151881 ], [ 313.023994023568775, 295.427168461403085 ], [ 300.607359242900088, 295.540046959602478 ], [ 300.155845249869174, 275.786309804601217 ] ] ] } },
{ "type": "Feature", "properties": { "feature_type": "building", "subtype": "no-damage", "uid": "0fafcffd-e3b6-4cb8-aff7-63bd697d364d" }, "geometry": { "type": "Polygon", "coordinates": [ [ [ 263.812279738381278, 310.008819607500811 ], [ 282.32435341060102, 309.783062611101911 ], [ 283.460997533873581, 342.143004199609493 ], [ 264.981310598020514, 342.546413166006687 ], [ 263.812279738381278, 310.008819607500811 ] ] ] } },
{ "type": "Feature", "properties": { "feature_type": "building", "subtype": "no-damage", "uid": "dd2e029e-1331-4ffc-ae54-9db081a2deb8" }, "geometry": { "type": "Polygon", "coordinates": [ [ [ 320.163804610685588, 330.58890667435378 ], [ 328.891894224719408, 330.742031052768823 ], [ 330.882511155793225, 332.426399222809607 ], [ 329.810640502450383, 344.063852049631009 ], [ 320.470053366814511, 344.676349567028922 ], [ 319.551307092120283, 341.001364462641675 ], [ 320.163804610685588, 330.58890667435378 ] ] ] } },
{ "type": "Feature", "properties": { "feature_type": "building", "subtype": "no-damage", "uid": "56822b8b-1c50-499a-ba91-69ebf82721e4" }, "geometry": { "type": "Polygon", "coordinates": [ [ [ 239.197693829557295, 313.996307705273125 ], [ 251.141395413897897, 312.924437052630083 ], [ 260.78823130729802, 312.618188292062428 ], [ 261.247604444411479, 336.046218324120218 ], [ 252.366390444253909, 337.271213358915873 ], [ 245.169544623246111, 336.658715841518074 ], [ 244.863295865715486, 321.040029153479509 ], [ 239.197693833061408, 321.040029153479509 ], [ 239.197693829557295, 313.996307705273125 ] ] ] } },
{ "type": "Feature", "properties": { "feature_type": "building", "subtype": "no-damage", "uid": "1ae7a9a3-6535-4382-8fc5-c22aaa5eb946" }, "geometry": { "type": "Polygon", "coordinates": [ [ [ 181.209373329093694, 325.642510636900283 ], [ 184.731234055529512, 325.030013119502485 ], [ 184.271860918883192, 317.833167292881114 ], [ 191.774955498356093, 317.220669775483316 ], [ 191.774955498589691, 320.436281740887523 ], [ 193.153074913200697, 320.436281740887523 ], [ 192.693701775853611, 316.761296640238072 ], [ 208.312388458503904, 314.923804088044619 ], [ 208.312388460839998, 316.914421018653172 ], [ 216.427980557943698, 315.842550362272505 ], [ 217.499851213622492, 323.958142463121874 ], [ 200.809293875527004, 327.786251945923993 ], [ 200.809293878330294, 330.848739532913214 ], [ 197.440557533579806, 331.767485807141213 ], [ 197.440557533813404, 333.758102737749709 ], [ 181.821870848593392, 336.054968428926088 ], [ 181.209373329093694, 325.642510636900283 ] ] ] } },
{ "type": "Feature", "properties": { "feature_type": "building", "subtype": "no-damage", "uid": "30d8844d-5a48-4d17-9a5c-6d2c185e8f72" }, "geometry": { "type": "Polygon", "coordinates": [ [ [ 201.88021438004651, 328.941722747517815 ], [ 216.902856460420111, 325.270799742996076 ], [ 222.536979512914201, 354.565141801414882 ], [ 212.377914695998612, 357.048468758064985 ], [ 211.700643704700099, 352.646207332024289 ], [ 204.250662837560412, 354.339384805016095 ], [ 201.88021438004651, 328.941722747517815 ] ] ] } },
{ "type": "Feature", "properties": { "feature_type": "building", "subtype": "no-damage", "uid": "b4fd5d24-7954-4ef0-839c-8a5e6664122a" }, "geometry": { "type": "Polygon", "coordinates": [ [ [ 184.059462532613111, 336.774383040312784 ], [ 198.034554806013404, 334.343162845612483 ], [ 202.532192306967687, 358.49232210102042 ], [ 194.960037305994007, 359.490848034846124 ], [ 194.377563846465193, 355.746375783000019 ], [ 185.973303906244212, 356.828112211311122 ], [ 184.059462532613111, 336.774383040312784 ] ] ] } },
{ "type": "Feature", "properties": { "feature_type": "building", "subtype": "no-damage", "uid": "4f959e74-7d9b-4212-82c9-139edf87d5b1" }, "geometry": { "type": "Polygon", "coordinates": [ [ [ 66.125186360472895, 356.603196185151091 ], [ 65.095261563999273, 364.27041413470829 ], [ 69.559980739953019, 370.359999885362697 ], [ 67.408760528545784, 370.379894431566413 ], [ 67.715009283506674, 377.729864636602827 ], [ 42.449486710493133, 377.576740258187783 ], [ 43.980730501182968, 357.211197813119213 ], [ 52.402571356518067, 357.058073434704227 ], [ 52.555695740072323, 351.851844538691296 ], [ 66.959980739326852, 351.699999883783107 ], [ 66.125186360472895, 356.603196185151091 ] ] ] } },
{ "type": "Feature", "properties": { "feature_type": "building", "subtype": "no-damage", "uid": "0200738d-a209-46e1-b832-e24e4a4a51fc" }, "geometry": { "type": "Polygon", "coordinates": [ [ [ 94.942353374835577, 350.47865971211229 ], [ 95.46981765890321, 370.178665023013025 ], [ 70.179980740131086, 370.359999885362697 ], [ 65.617640693113685, 364.137245892788314 ], [ 66.619528857453489, 356.678745106045881 ], [ 67.469980737792852, 351.699999883783107 ], [ 67.561884907895092, 351.698720156538627 ], [ 69.339980738631368, 348.869999884565118 ], [ 71.069426621388118, 351.713378462726496 ], [ 77.998956674138782, 350.673948954228877 ], [ 88.174639236967863, 349.769443836992195 ], [ 92.406507975805596, 348.544429201547928 ], [ 94.942353374835577, 350.47865971211229 ] ] ] } },
{ "type": "Feature", "properties": { "feature_type": "building", "subtype": "no-damage", "uid": "18060537-16a8-4116-857c-db1bdaba277b" }, "geometry": { "type": "Polygon", "coordinates": [ [ [ 92.214909964913048, 339.295645437642008 ], [ 98.349980735335691, 339.3499998826656 ], [ 96.213925949710273, 343.745273483116307 ], [ 98.149980735790677, 349.369999882960883 ], [ 92.429027050819982, 348.017383145011081 ], [ 88.082129942393465, 349.275695466216973 ], [ 77.939682864850326, 350.177246316433695 ], [ 71.323793154705299, 351.169629771788379 ], [ 69.639980739350534, 348.399999886147782 ], [ 69.399377454947469, 343.276879298859228 ], [ 73.68686007556019, 342.664381781461316 ], [ 73.686860077195448, 335.926909093822701 ], [ 92.827407482777502, 333.783167781061422 ], [ 92.214909964913048, 339.295645437642008 ] ] ] } },
{ "type": "Feature", "properties": { "feature_type": "building", "subtype": "no-damage", "uid": "ccf01944-7868-46b1-be87-1c88c868afba" }, "geometry": { "type": "Polygon", "coordinates": [ [ [ 124.059980730903803, 339.59999988373238 ], [ 124.629980731429299, 349.809999885137472 ], [ 120.089980732506604, 350.469999884664503 ], [ 120.083546989434595, 350.320600743327816 ], [ 118.3991788196291, 350.320600743327816 ], [ 118.399980732473395, 350.709999884492618 ], [ 114.252616037719406, 348.638479101402822 ], [ 101.979106543195698, 349.22693503658752 ], [ 100.177377685470702, 349.248730090684887 ], [ 98.669980736897074, 349.339999882982511 ], [ 96.753960012644868, 343.778006693371822 ], [ 98.899980731981998, 339.359999883904379 ], [ 124.059980730903803, 339.59999988373238 ] ] ] } },
{ "type": "Feature", "properties": { "feature_type": "building", "subtype": "no-damage", "uid": "e655a302-68f6-42ae-9e40-59e4c32a7dec" }, "geometry": { "type": "Polygon", "coordinates": [ [ [ 118.409980728339093, 351.269999882845411 ], [ 118.552303196875897, 370.533018809981399 ], [ 116.408561890657694, 370.686143188396386 ], [ 101.402372719797995, 371.604889466362124 ], [ 101.555497099380901, 352.004968917106282 ], [ 101.579386689898698, 349.630222067065688 ], [ 114.145958220850602, 349.144167186345385 ], [ 118.409980728339093, 351.269999882845411 ] ] ] } },
{ "type": "Feature", "properties": { "feature_type": "building", "subtype": "no-damage", "uid": "990fb3f4-bfe6-47d1-ab47-c4bb595a47eb" }, "geometry": { "type": "Polygon", "coordinates": [ [ [ 137.877162446237492, 351.017897551493206 ], [ 140.028230514337906, 355.163014072834017 ], [ 140.689980728626693, 364.50999988581691 ], [ 140.465628336983997, 364.560181676439527 ], [ 140.849980725552911, 371.089999886085479 ], [ 140.295965053498691, 370.839267566811372 ], [ 121.308542027266, 373.59550639697062 ], [ 120.119980732017893, 350.969999883060325 ], [ 125.189719001412399, 350.237214822289786 ], [ 125.179980728542802, 350.139999884900988 ], [ 134.41637866588411, 349.688936479019674 ], [ 134.389980731044801, 349.439999884156691 ], [ 135.026111618133797, 349.376383437449022 ], [ 137.877162446237492, 351.017897551493206 ] ] ] } },
{ "type": "Feature", "properties": { "feature_type": "building", "subtype": "no-damage", "uid": "e7d6186f-8c85-498f-ae33-e6251377621b" }, "geometry": { "type": "Polygon", "coordinates": [ [ [ 159.723740812286906, 337.621827141040399 ], [ 159.809980726431689, 337.599999882673728 ], [ 160.646842281766595, 351.794249591394077 ], [ 164.899980723635906, 357.949999884288218 ], [ 165.561487627213097, 365.326789913968526 ], [ 153.289980724724899, 368.27999988560731 ], [ 149.997544425691302, 362.44197809883309 ], [ 141.179980728352888, 364.399999883404007 ], [ 140.519711119223103, 355.024587257970097 ], [ 138.253525621507407, 350.657638990639782 ], [ 135.135793372815897, 348.86258102785439 ], [ 134.339980726486402, 348.939999885760926 ], [ 133.959920872019694, 345.352587474213578 ], [ 136.405267747828901, 344.741250753275096 ], [ 138.323001538727311, 345.100825840558173 ], [ 140.396901637877505, 341.874759014774895 ], [ 143.608571321441786, 340.862591881721187 ], [ 143.509980724734305, 340.539999884304677 ], [ 159.729980727267787, 337.359999882845727 ], [ 159.723740812286906, 337.621827141040399 ] ] ] } },
{ "type": "Feature", "properties": { "feature_type": "building", "subtype": "no-damage", "uid": "f10343a7-aac7-4585-bc74-171f035402ba" }, "geometry": { "type": "Polygon", "coordinates": [ [ [ 152.859980724254712, 368.529999882936295 ], [ 153.005288532950686, 371.451765084209285 ], [ 144.277198910974306, 372.676760119004996 ], [ 141.359980727523009, 371.32999988591348 ], [ 140.989770341949111, 364.955902587439084 ], [ 149.744170930464605, 363.010480233603175 ], [ 152.859980724254712, 368.529999882936295 ] ] ] } },
{ "type": "Feature", "properties": { "feature_type": "building", "subtype": "no-damage", "uid": "8efc9f02-d5c1-40e4-b6a8-74920ccd1a64" }, "geometry": { "type": "Polygon", "coordinates": [ [ [ 140.849980727188097, 322.069999883834896 ], [ 139.071958440232692, 330.740203112875292 ], [ 143.1899807257426, 340.469999883108926 ], [ 140.074114445062293, 341.452243710636481 ], [ 138.084388618847896, 344.547372772809126 ], [ 136.390010468769191, 344.229676870895389 ], [ 133.417189439887295, 344.972882128350193 ], [ 133.863759631617597, 349.215298971751281 ], [ 125.119873279635499, 349.641830016707672 ], [ 124.559980731868805, 339.59999988373238 ], [ 124.677278368278706, 339.601894194471981 ], [ 124.941445132455897, 322.646816629442299 ], [ 132.842939993093808, 320.615003665589995 ], [ 136.680808924162193, 320.502125167390489 ], [ 136.679980730881113, 320.449999884995805 ], [ 140.849980727188097, 322.069999883834896 ] ] ] } },
{ "type": "Feature", "properties": { "feature_type": "building", "subtype": "no-damage", "uid": "d4a242ce-aef7-4c8c-bc10-2d2e11a26474" }, "geometry": { "type": "Polygon", "coordinates": [ [ [ 160.683113949664602, 322.159764205033412 ], [ 160.183113948466001, 324.146881765763226 ], [ 159.82998072353621, 334.559999883606224 ], [ 159.626803779922909, 334.566932738422281 ], [ 159.749980725073101, 336.719999885796085 ], [ 159.749980725073101, 336.849999883211126 ], [ 143.547151225946408, 340.024557437907106 ], [ 139.593001672685688, 330.688370991745217 ], [ 141.343001672208686, 322.159764205033412 ], [ 160.683113949664602, 322.159764205033412 ] ] ] } },
{ "type": "Feature", "properties": { "feature_type": "building", "subtype": "no-damage", "uid": "7549f1a0-cfd4-4b87-88f0-993fa98c736e" }, "geometry": { "type": "Polygon", "coordinates": [ [ [ 147.630023231977304, 306.279434416686627 ], [ 159.876865187898488, 306.384453768701007 ], [ 161.10186022713151, 320.471896661376093 ], [ 160.803113949812087, 321.659764206637476 ], [ 141.185436306457291, 321.659764206637476 ], [ 136.699980729153708, 319.919999882883815 ], [ 137.24520141422451, 303.570350463637624 ], [ 147.291387739948988, 303.908985958235917 ], [ 147.630023231977304, 306.279434416686627 ] ] ] } },
{ "type": "Feature", "properties": { "feature_type": "building", "subtype": "no-damage", "uid": "75ea477f-25ef-4883-9d4a-41d5caa45850" }, "geometry": { "type": "Polygon", "coordinates": [ [ [ 180.242407632479996, 355.843628277085372 ], [ 170.136198601031907, 360.590484034115377 ], [ 164.776845327543697, 356.609250172898328 ], [ 164.809980722065205, 356.939999882520112 ], [ 161.137704076252987, 351.625125779879284 ], [ 160.299980724989894, 337.479999882759728 ], [ 166.001840362338214, 336.090583349414715 ], [ 178.558039459403886, 333.946842040391005 ], [ 180.242407632479996, 355.843628277085372 ] ] ] } },
{ "type": "Feature", "properties": { "feature_type": "building", "subtype": "no-damage", "uid": "976b9696-1a09-424d-a366-ebbf6b75fc98" }, "geometry": { "type": "Polygon", "coordinates": [ [ [ 91.513748182818659, 324.470825337042811 ], [ 75.129439605524226, 326.461442267651421 ], [ 74.516942086258112, 320.336467097410718 ], [ 69.616961949883404, 321.561462132206316 ], [ 70.229459467280648, 326.461442267651421 ], [ 62.266991749059052, 327.839561680862118 ], [ 60.499980741781911, 317.249999884796978 ], [ 78.021426156970534, 314.82863922002042 ], [ 77.56365996841788, 311.738717426729409 ], [ 81.733503958709093, 310.348769429497111 ], [ 91.339980737406719, 309.949999885044406 ], [ 91.513748182818659, 324.470825337042811 ] ] ] } },
{ "type": "Feature", "properties": { "feature_type": "building", "subtype": "no-damage", "uid": "74d45511-4240-41d6-8ca9-f073ebe14ead" }, "geometry": { "type": "Polygon", "coordinates": [ [ [ 88.18189756874898, 299.474736468031381 ], [ 91.207499425521675, 299.052178378114093 ], [ 91.329980737569628, 309.449999882910902 ], [ 81.642261315403076, 309.852137363754991 ], [ 77.007582464367445, 311.397030315970483 ], [ 77.452844260708659, 314.40254741797429 ], [ 59.755189272685072, 316.85127955501639 ], [ 59.759980738886647, 316.869999882577474 ], [ 54.457648405981828, 317.273979510421384 ], [ 51.854533957977942, 310.842755579612913 ], [ 54.917021544964193, 300.58342216973989 ], [ 79.860848125115893, 299.55794696251678 ], [ 79.860848124882295, 296.479158666554497 ], [ 87.599424109453736, 296.312737677583527 ], [ 88.18189756874898, 299.474736468031381 ] ] ] } },
{ "type": "Feature", "properties": { "feature_type": "building", "subtype": "no-damage", "uid": "5b9aee4d-2c96-4c42-841b-7131f4b1d34c" }, "geometry": { "type": "Polygon", "coordinates": [ [ [ 13.709980749503689, 284.69999988569532 ], [ 13.58328048147488, 284.702854232017501 ], [ 14.03998074833247, 300.169999884577123 ], [ 1.39087238539527, 301.102923695918321 ], [ 1.390856467343734, 282.767879935894484 ], [ 13.586545037433501, 282.218084661649584 ], [ 13.709980749503689, 284.69999988569532 ] ] ] } },
{ "type": "Feature", "properties": { "feature_type": "building", "subtype": "no-damage", "uid": "d6e747fe-a821-4476-8009-45e57c046406" }, "geometry": { "type": "Polygon", "coordinates": [ [ [ 25.377122238219879, 298.143020106518179 ], [ 18.639649550354228, 299.82738827655902 ], [ 14.539980747195001, 300.129999883359915 ], [ 14.08998074541543, 285.059999885437321 ], [ 16.649032617645119, 283.443079696445295 ], [ 24.15212720389259, 283.443079696445295 ], [ 25.377122238219879, 298.143020106518179 ] ] ] } },
{ "type": "Feature", "properties": { "feature_type": "building", "subtype": "no-damage", "uid": "8a2d3a34-47a6-4947-95b9-13a752c6cb65" }, "geometry": { "type": "Polygon", "coordinates": [ [ [ 12.291986273793841, 342.740214089460608 ], [ 12.279980746169119, 342.549999882864427 ], [ 14.475683312973761, 345.332494918101418 ], [ 15.35998074481561, 348.059999885145487 ], [ 15.660722613171311, 364.330751569324889 ], [ 1.39091752781204, 365.167897738207273 ], [ 1.390902229756231, 340.728921879642883 ], [ 10.301369340383911, 340.596472780437011 ], [ 12.291986273793841, 342.740214089460608 ] ] ] } },
{ "type": "Feature", "properties": { "feature_type": "building", "subtype": "no-damage", "uid": "2d76fd2d-23ee-420b-a546-70840fefbbf4" }, "geometry": { "type": "Polygon", "coordinates": [ [ [ 22.09194654420719, 347.487069846490613 ], [ 15.70534902179574, 347.487069846490613 ], [ 14.923334982591809, 345.092497321632777 ], [ 12.21998074971629, 341.669999885986783 ], [ 11.98573751369357, 338.299607089260576 ], [ 21.632573408028119, 338.146482710845589 ], [ 22.09194654420719, 347.487069846490613 ] ] ] } },
{ "type": "Feature", "properties": { "feature_type": "building", "subtype": "no-damage", "uid": "e62ee534-0086-4841-ba10-e68735d1cda5" }, "geometry": { "type": "Polygon", "coordinates": [ [ [ 471.00577379646279, 104.625576890153795 ], [ 470.382615023651226, 119.581387497451502 ], [ 457.659980677012186, 119.119999883493307 ], [ 458.279980674620617, 104.159999884246105 ], [ 471.00577379646279, 104.625576890153795 ] ] ] } },
{ "type": "Feature", "properties": { "feature_type": "building", "subtype": "no-damage", "uid": "7a92857e-b715-4737-b1b8-d9bdebd8a37c" }, "geometry": { "type": "Polygon", "coordinates": [ [ [ 457.779980675758111, 104.139999885506299 ], [ 457.159980679084072, 119.099999884753601 ], [ 441.717311364519787, 118.542789536379203 ], [ 442.548189730760498, 103.586978929081496 ], [ 457.779980675758111, 104.139999885506299 ] ] ] } },
{ "type": "Feature", "properties": { "feature_type": "building", "subtype": "no-damage", "uid": "401d3cd2-939b-42ff-a1d6-a56d2cc29ebc" }, "geometry": { "type": "Polygon", "coordinates": [ [ [ 373.017763470594218, 148.53845198927371 ], [ 385.139374946659075, 147.842870178057694 ], [ 385.590888943194102, 154.164066066013504 ], [ 403.425691623881676, 154.164066066013504 ], [ 406.699168068625625, 148.858776658115005 ], [ 422.050643798505689, 148.633019661716105 ], [ 422.389279290066781, 177.417036661460003 ], [ 411.327186486154915, 175.949616188604892 ], [ 406.812046567058474, 173.917803221014907 ], [ 401.845392651660688, 167.70948583125849 ], [ 401.990657886460326, 182.596837659833312 ], [ 398.775045925497693, 183.05621079881621 ], [ 398.621921546615624, 186.424947142635489 ], [ 392.496946374979075, 186.731195903203201 ], [ 392.496946374979075, 190.099932247022508 ], [ 379.481374136828606, 189.946807868607493 ], [ 378.256379101099583, 168.662519145573299 ], [ 372.437652689563492, 168.662519145573299 ], [ 373.017763470594218, 148.53845198927371 ] ] ] } },
{ "type": "Feature", "properties": { "feature_type": "building", "subtype": "no-damage", "uid": "16d28f6f-d32e-417b-a743-ec31b79bf348" }, "geometry": { "type": "Polygon", "coordinates": [ [ [ 451.08704113294732, 136.531365365427888 ], [ 451.319695436728011, 148.913774149436705 ], [ 449.905117032578914, 150.078721072233293 ], [ 449.905117035382204, 153.989614313050396 ], [ 448.98980159277238, 158.566191509751206 ], [ 450.321169504538602, 166.720819969327209 ], [ 453.316747307414175, 169.799608265289606 ], [ 454.897746701702204, 179.119183647662197 ], [ 453.316747303676607, 181.365866998769889 ], [ 450.154748516035113, 183.362918866421211 ], [ 444.413224400281024, 184.111813316790403 ], [ 440.086278685171919, 180.700183042886209 ], [ 436.008964456789499, 180.200920075973301 ], [ 436.068300462115019, 177.527998063726386 ], [ 436.029980682721373, 177.499999882774404 ], [ 437.293872951444314, 174.601463909525393 ], [ 436.925311412499582, 158.876171599894889 ], [ 437.279980678709592, 157.419999884704197 ], [ 441.535083757382381, 157.219423644218011 ], [ 441.280507437975587, 150.473151039064902 ], [ 441.219209601011983, 144.895048115984508 ], [ 441.169980677942988, 136.774315928186809 ], [ 451.08704113294732, 136.531365365427888 ] ] ] } },
{ "type": "Feature", "properties": { "feature_type": "building", "subtype": "no-damage", "uid": "79212115-e556-426b-936f-1fa2aec0d387" }, "geometry": { "type": "Polygon", "coordinates": [ [ [ 436.993371114877675, 155.343771585730991 ], [ 437.079980677295794, 156.799999882656692 ], [ 436.922369283519572, 156.766067033466612 ], [ 436.423909466873283, 158.822213776462803 ], [ 436.791429983936212, 174.503089117584892 ], [ 435.609980677883414, 177.229999882967888 ], [ 432.907702520242594, 175.496185099874111 ], [ 430.424375564529328, 175.044671107076312 ], [ 427.263777620788119, 176.850727078267511 ], [ 423.0670909533805, 177.961431086123213 ], [ 422.900424284211908, 147.994764417672997 ], [ 421.646203505427877, 147.992443590988813 ], [ 421.689980684134014, 146.739999884881911 ], [ 436.182819947668293, 146.508763856832701 ], [ 436.993371114877675, 155.343771585730991 ] ] ] } },
{ "type": "Feature", "properties": { "feature_type": "building", "subtype": "no-damage", "uid": "6c1975cc-20ba-43ee-9826-3ce82dd80cc2" }, "geometry": { "type": "Polygon", "coordinates": [ [ [ 440.719228547293881, 144.89951932145479 ], [ 440.780611055022803, 150.485327553287902 ], [ 441.016756097799828, 156.743171240732607 ], [ 437.585318670227707, 156.904019866970913 ], [ 437.492037718787287, 155.306349843515306 ], [ 436.638378998157691, 146.00146977458121 ], [ 421.609980684970083, 146.239999882748293 ], [ 419.849365185437023, 138.43291928111131 ], [ 440.669980679080425, 137.459999882810308 ], [ 440.719228547293881, 144.89951932145479 ] ] ] } },
{ "type": "Feature", "properties": { "feature_type": "building", "subtype": "no-damage", "uid": "8dec7567-1ad6-4776-b089-c49087e28e56" }, "geometry": { "type": "Polygon", "coordinates": [ [ [ 451.954148571697488, 140.84431962811351 ], [ 475.752349989145728, 140.428267155686086 ], [ 474.587403064014211, 165.557836490297888 ], [ 454.284042411448183, 166.639572918608991 ], [ 450.289938680821706, 163.31115313919031 ], [ 449.957096703814614, 158.900996931460412 ], [ 450.789201644697073, 154.241209240274088 ], [ 450.622780657361602, 151.245631438797091 ], [ 452.370201040386689, 149.83105303254419 ], [ 451.954148571697488, 140.84431962811351 ] ] ] } },
{ "type": "Feature", "properties": { "feature_type": "building", "subtype": "no-damage", "uid": "552c33be-142a-4cae-b152-88ea251315ef" }, "geometry": { "type": "Polygon", "coordinates": [ [ [ 496.869980668266408, 124.209999882337698 ], [ 497.294916041622116, 136.961246947649187 ], [ 497.059980672412792, 146.749999882382895 ], [ 494.670994848684018, 147.008156037022104 ], [ 495.473810440416401, 158.935702014061093 ], [ 495.069980667922721, 160.089999882791005 ], [ 485.457536690367192, 160.555579691995092 ], [ 485.623957678637225, 166.380314305978004 ], [ 480.797749000353519, 167.378840239803708 ], [ 477.718960706730172, 166.713156283919886 ], [ 476.137961310806986, 134.011431951130305 ], [ 486.488594542813075, 133.109805251187794 ], [ 486.181893682483519, 127.343829158093797 ], [ 487.163336424839088, 126.546406933009806 ], [ 487.040656078978486, 123.908779570241407 ], [ 495.123642347148973, 123.589747766760595 ], [ 496.869980668266408, 124.209999882337698 ] ] ] } },
{ "type": "Feature", "properties": { "feature_type": "building", "subtype": "no-damage", "uid": "9bdafe97-067d-4ac3-aff8-6935e7cfee74" }, "geometry": { "type": "Polygon", "coordinates": [ [ [ 498.688005311441486, 124.858277557728698 ], [ 507.092265254933011, 125.607172008097905 ], [ 507.34189673511861, 129.35164425994401 ], [ 518.658523981393728, 129.35164425994401 ], [ 519.074576456156706, 143.913480794901204 ], [ 513.000210361993936, 144.912006728726908 ], [ 512.999980667827458, 144.989999884890011 ], [ 497.559980672443373, 146.689999882425894 ], [ 497.795119250040898, 136.95901212609931 ], [ 497.379980668834776, 124.389999885946494 ], [ 498.688005311441486, 124.858277557728698 ] ] ] } },
{ "type": "Feature", "properties": { "feature_type": "building", "subtype": "no-damage", "uid": "ab2446c1-8fd7-42f5-9bfb-85e8ede312b3" }, "geometry": { "type": "Polygon", "coordinates": [ [ [ 513.249841844982825, 163.800788976928487 ], [ 495.526006523799992, 164.799314910754106 ], [ 495.692427511135577, 160.056316725082297 ], [ 495.609980667535183, 160.059999882812491 ], [ 495.979538007919814, 159.003989335699089 ], [ 495.20205462976719, 147.452807720892793 ], [ 513.009980668365415, 145.499999884524499 ], [ 513.249841844982825, 163.800788976928487 ] ] ] } },
{ "type": "Feature", "properties": { "feature_type": "building", "subtype": "no-damage", "uid": "7c20b58d-f2cb-4585-85bc-de128254592c" }, "geometry": { "type": "Polygon", "coordinates": [ [ [ 454.240244786432413, 121.801357964067293 ], [ 457.49354049293629, 123.726923522758099 ], [ 461.173950762694915, 124.585685917852302 ], [ 465.345082400944705, 125.9351696842416 ], [ 474.975489275924588, 128.634137217020196 ], [ 474.975489277559916, 139.123306490607803 ], [ 454.353123284398123, 139.184646660618114 ], [ 454.240244786432413, 121.801357964067293 ] ] ] } },
{ "type": "Feature", "properties": { "feature_type": "building", "subtype": "no-damage", "uid": "69ab2713-5474-4975-9f5f-974d7deec22d" }, "geometry": { "type": "Polygon", "coordinates": [ [ [ 548.54810527345262, 127.116521299620004 ], [ 549.363226049779541, 130.565109201983802 ], [ 551.265088687590719, 134.029512742120403 ], [ 551.2392010828205, 134.029512742120403 ], [ 552.140530129448621, 139.550153130675795 ], [ 545.853046466821752, 140.560641575075294 ], [ 545.969915772152717, 147.92340792002571 ], [ 547.189980663773895, 151.949999883640288 ], [ 546.89660018058089, 154.092786715083804 ], [ 539.869980663887077, 153.969999883438703 ], [ 539.675808337763783, 140.00905698662379 ], [ 538.629980660961223, 133.179999883385506 ], [ 538.543591326444812, 124.857255726279803 ], [ 548.829980661584841, 124.499999884621801 ], [ 548.54810527345262, 127.116521299620004 ] ] ] } },
{ "type": "Feature", "properties": { "feature_type": "building", "subtype": "no-damage", "uid": "c6b0bb9b-75f2-4de5-b1be-6b0ba9db00ed" }, "geometry": { "type": "Polygon", "coordinates": [ [ [ 539.176335452773287, 140.050481327803908 ], [ 539.36998066525814, 153.959999885937691 ], [ 533.802694410015306, 153.867029722422586 ], [ 532.673909431759625, 135.6935915384758 ], [ 538.459980663497163, 135.369999885553909 ], [ 539.176335452773287, 140.050481327803908 ] ] ] } },
{ "type": "Feature", "properties": { "feature_type": "building", "subtype": "no-damage", "uid": "a6a45e0d-54bb-45e2-9b73-2e6d53bd5edf" }, "geometry": { "type": "Polygon", "coordinates": [ [ [ 557.139980658425202, 132.819999883643391 ], [ 551.769980662512125, 133.919999885347011 ], [ 549.834225889420054, 130.384128351119898 ], [ 549.054502216748688, 127.085297421537206 ], [ 549.339980660284482, 124.479999885881995 ], [ 554.79809503934996, 124.292863235282496 ], [ 557.139980658425202, 132.819999883643391 ] ] ] } },
{ "type": "Feature", "properties": { "feature_type": "building", "subtype": "no-damage", "uid": "3ff5afcb-3fc5-4575-9f0f-2cd19f232433" }, "geometry": { "type": "Polygon", "coordinates": [ [ [ 564.505645870009175, 152.060973751231501 ], [ 556.378394014140667, 152.399609245829794 ], [ 555.362487529645819, 153.302637231425393 ], [ 553.782188560461691, 153.528394227824293 ], [ 551.411740098275573, 153.076880235026493 ], [ 549.267048635992296, 153.076880235026493 ], [ 547.709980660675342, 151.949999883640288 ], [ 546.468742608514503, 147.845530730629093 ], [ 546.359854924688648, 140.985606321137794 ], [ 552.714763036092336, 139.96428180168499 ], [ 551.810036113166234, 134.42282938538321 ], [ 557.279980658480554, 133.299999883299506 ], [ 557.281421997632833, 133.323143080025091 ], [ 564.167010375177597, 132.984507585426798 ], [ 564.505645870009175, 152.060973751231501 ] ] ] } },
{ "type": "Feature", "properties": { "feature_type": "building", "subtype": "no-damage", "uid": "c06d8999-b8f2-4d44-a96a-d92a7b4ddf47" }, "geometry": { "type": "Polygon", "coordinates": [ [ [ 614.666433415241613, 57.402521499084799 ], [ 596.138383527523956, 58.780640912295532 ], [ 593.075895943341038, 55.871277703721312 ], [ 590.013408355653951, 57.249397116932037 ], [ 582.357189395430169, 56.024402085874073 ], [ 580.825945599133775, 53.268163255714889 ], [ 580.213448084072525, 50.81817318986122 ], [ 578.682204290579421, 49.133805016082697 ], [ 578.835328668994293, 46.224441811246223 ], [ 593.199980656611842, 46.079999884749988 ], [ 598.740984102325683, 46.475042050405861 ], [ 613.449980653060948, 45.479999885179943 ], [ 614.666433415241613, 57.402521499084799 ] ] ] } },
{ "type": "Feature", "properties": { "feature_type": "building", "subtype": "no-damage", "uid": "7845180b-2ce4-4da8-b0a8-0b1339ce861b" }, "geometry": { "type": "Polygon", "coordinates": [ [ [ 613.399980648268865, 44.989999884285147 ], [ 598.742011848262791, 45.97384157208657 ], [ 593.839980655529644, 45.619999883833707 ], [ 592.157149664441818, 40.711964154665573 ], [ 594.759980654558035, 36.059999884454648 ], [ 596.030569723017265, 35.602005679508039 ], [ 612.419980653021298, 35.369999884949102 ], [ 613.399980648268865, 44.989999884285147 ] ] ] } },
{ "type": "Feature", "properties": { "feature_type": "building", "subtype": "no-damage", "uid": "13eec04c-2f4c-40c7-8e9f-9da84901b669" }, "geometry": { "type": "Polygon", "coordinates": [ [ [ 617.422672244697196, 33.208869571214088 ], [ 612.429980651456731, 34.86999988281557 ], [ 595.939948573332117, 35.103216084705068 ], [ 594.769980656263897, 35.51999988484161 ], [ 582.816562532076432, 36.27135715820333 ], [ 579.907199327242779, 28.002640675201231 ], [ 582.510313775713939, 22.94953616134114 ], [ 616.350801587616843, 21.418292365977649 ], [ 617.422672244697196, 33.208869571214088 ] ] ] } },
{ "type": "Feature", "properties": { "feature_type": "building", "subtype": "no-damage", "uid": "95d186a9-8af1-4c61-a8fc-3f578568f219" }, "geometry": { "type": "Polygon", "coordinates": [ [ [ 611.131290596522035, 149.236400866613991 ], [ 600.850280054627547, 150.654766156302486 ], [ 597.043847705262351, 148.801555315476691 ], [ 595.665728294622681, 137.623475623900305 ], [ 593.879980656746852, 134.089999883979289 ], [ 599.652050732446014, 132.735264754724511 ], [ 610.209980653984076, 131.699999883200093 ], [ 611.131290596522035, 149.236400866613991 ] ] ] } },
{ "type": "Feature", "properties": { "feature_type": "building", "subtype": "no-damage", "uid": "5ad7dad7-6ec6-4245-af94-6591fdcd9619" }, "geometry": { "type": "Polygon", "coordinates": [ [ [ 612.815658772167808, 129.661007905203803 ], [ 610.899980651152987, 131.129999883608491 ], [ 599.570209190859941, 132.240897038587889 ], [ 593.639980653414909, 133.629999883062993 ], [ 593.249075116998142, 132.853042435790712 ], [ 591.935392096245664, 130.907781921864 ], [ 593.368862606018183, 129.201634769958702 ], [ 593.215738226201665, 122.311037700167304 ], [ 593.209980652477611, 122.309999882453297 ], [ 596.041148069071028, 121.448730977795094 ], [ 612.959980651699425, 120.759999884809901 ], [ 612.815658772167808, 129.661007905203803 ] ] ] } },
{ "type": "Feature", "properties": { "feature_type": "building", "subtype": "no-damage", "uid": "ca6a7e83-912b-44ac-b4c1-781f4a97a3f6" }, "geometry": { "type": "Polygon", "coordinates": [ [ [ 616.796892633381049, 119.554798873745895 ], [ 612.968783149648175, 120.167296391143694 ], [ 612.969980649200352, 120.259999882676397 ], [ 595.956887979288922, 120.951731209267507 ], [ 592.799980652148861, 121.909999885231798 ], [ 590.379980654663996, 119.619999885626797 ], [ 589.928442373171947, 117.786371729883896 ], [ 590.153441825433333, 106.873898285855205 ], [ 590.592215839557298, 98.646885509341729 ], [ 617.149980652119098, 98.429999884614332 ], [ 616.796892633381049, 119.554798873745895 ] ] ] } },
{ "type": "Feature", "properties": { "feature_type": "building", "subtype": "no-damage", "uid": "8c0870c3-c447-4e3c-b1ff-428802415828" }, "geometry": { "type": "Polygon", "coordinates": [ [ [ 589.581986395453214, 85.178790968164876 ], [ 587.563431253179715, 90.07225798076108 ], [ 587.246842447312247, 93.997959193893394 ], [ 590.099980657590322, 98.479999883332596 ], [ 589.653716442160771, 106.855425403400702 ], [ 589.427201901624699, 117.841380576425095 ], [ 589.839980656920375, 119.539999883192394 ], [ 567.950215649450456, 118.942301356347997 ], [ 563.815857408887837, 113.736072460335194 ], [ 557.537757862574267, 113.582948081920094 ], [ 557.078384722657461, 102.711117154649301 ], [ 566.112723097258709, 102.404868394081504 ], [ 565.347101201913688, 93.983027532664408 ], [ 563.509608652058091, 89.542420536202158 ], [ 568.25646440744822, 84.029942879621515 ], [ 589.509980652484955, 83.099999884386321 ], [ 589.581986395453214, 85.178790968164876 ] ] ] } },
{ "type": "Feature", "properties": { "feature_type": "building", "subtype": "no-damage", "uid": "883e3a17-4312-4c30-82c2-57881b8e24f0" }, "geometry": { "type": "Polygon", "coordinates": [ [ [ 596.537723069508957, 83.417445362223674 ], [ 617.409390147974932, 83.111196605393616 ], [ 617.15998064775124, 97.929999882480814 ], [ 590.479980656305315, 98.149999883569066 ], [ 587.758704435444542, 93.870999121023914 ], [ 588.055517344162467, 90.190519110853316 ], [ 590.085413494278214, 85.269558731187644 ], [ 589.960871107123921, 81.657829352799652 ], [ 589.880883508341753, 81.659999885418188 ], [ 589.880883511612296, 80.754709538688644 ], [ 596.454512574089108, 80.588288549717703 ], [ 596.537723069508957, 83.417445362223674 ] ] ] } },
{ "type": "Feature", "properties": { "feature_type": "building", "subtype": "no-damage", "uid": "8ed20e68-9c79-45d4-9910-d5c61430b02c" }, "geometry": { "type": "Polygon", "coordinates": [ [ [ 578.269143832025975, 149.578264510292996 ], [ 588.879722644775825, 149.239629015694703 ], [ 588.879722645009451, 156.802488383844405 ], [ 578.4949008288919, 157.366880874841712 ], [ 578.269143832025975, 149.578264510292996 ] ] ] } },
{ "type": "Feature", "properties": { "feature_type": "building", "subtype": "no-damage", "uid": "e0af8cc9-5229-4ee9-aaa9-2cca9d63eb59" }, "geometry": { "type": "Polygon", "coordinates": [ [ [ 615.857683668396589, 139.080564192695391 ], [ 618.905403116975435, 138.290414705299213 ], [ 622.178879555879007, 138.177536210837502 ], [ 622.29175805688169, 132.646489806540103 ], [ 630.080374416750601, 131.85634031914401 ], [ 631.209159399911982, 154.544918419855492 ], [ 623.081907544510614, 156.350974391046691 ], [ 619.921309595396451, 156.350974391046691 ], [ 616.309197661661187, 155.447946409188802 ], [ 615.857683668396589, 139.080564192695391 ] ] ] } },
{ "type": "Feature", "properties": { "feature_type": "building", "subtype": "no-damage", "uid": "368d6a10-aaa1-48d3-ba17-5f3f2db14df9" }, "geometry": { "type": "Polygon", "coordinates": [ [ [ 712.637808941342996, 49.731746741974007 ], [ 712.41205194517795, 53.456737175080299 ], [ 714.443864909261947, 53.569615673279749 ], [ 714.105229414430255, 65.083222474672425 ], [ 702.605005948485427, 65.895484554896328 ], [ 702.39998063478788, 50.629999880243638 ], [ 704.871003075193698, 49.350529810087572 ], [ 708.549980636682335, 49.009999885142228 ], [ 712.637808941342996, 49.731746741974007 ] ] ] } },
{ "type": "Feature", "properties": { "feature_type": "building", "subtype": "no-damage", "uid": "49aa363a-33d9-4ac7-a50b-4538cab11bb3" }, "geometry": { "type": "Polygon", "coordinates": [ [ [ 703.6846938375636, 33.932037800252218 ], [ 707.549188738553426, 35.526908709800701 ], [ 708.539980638714155, 36.169999879392194 ], [ 707.579980638935808, 48.589999885443191 ], [ 704.727188551200129, 48.861819964700061 ], [ 702.326946284803284, 50.108795575750541 ], [ 693.049904731578295, 50.108795579488273 ], [ 693.087545822394873, 32.565553554822898 ], [ 701.609980636678529, 32.569999881971881 ], [ 703.6846938375636, 33.932037800252218 ] ] ] } },
{ "type": "Feature", "properties": { "feature_type": "building", "subtype": "no-damage", "uid": "0212f12f-decf-4651-845c-f3c762ad84f1" }, "geometry": { "type": "Polygon", "coordinates": [ [ [ 714.44386490669217, 30.429523576032679 ], [ 714.218107912396022, 35.960569980330121 ], [ 708.799980638216084, 35.739999882192137 ], [ 707.783301182810078, 35.082619899570197 ], [ 703.918934516279137, 33.487801912520503 ], [ 702.140108624690015, 32.319999884642847 ], [ 702.140108623755623, 30.203766587109239 ], [ 714.44386490669217, 30.429523576032679 ] ] ] } },
{ "type": "Feature", "properties": { "feature_type": "building", "subtype": "no-damage", "uid": "031c06ea-1be3-4bbd-baa3-3d7778653c0e" }, "geometry": { "type": "Polygon", "coordinates": [ [ [ 672.265777777955009, 98.283023546410377 ], [ 699.618218494539178, 97.925107300442733 ], [ 701.761959802626166, 98.231356057272791 ], [ 702.833830455735324, 98.996977960561125 ], [ 703.293203594250485, 100.375097373771894 ], [ 702.833830457604222, 103.131336196455607 ], [ 702.068208558521519, 105.581326266047 ], [ 702.221332939739682, 108.950062609866293 ], [ 703.752576730195983, 112.012550193117804 ], [ 700.843213524661451, 114.156291509616906 ], [ 669.980862266821759, 113.446553742932394 ], [ 669.149983901281871, 103.683732929783304 ], [ 672.265777777955009, 98.283023546410377 ] ] ] } },
{ "type": "Feature", "properties": { "feature_type": "building", "subtype": "no-damage", "uid": "d62a8ce9-8222-4fdf-b32c-90d04b2728a8" }, "geometry": { "type": "Polygon", "coordinates": [ [ [ 661.889980644855996, 122.749999880892105 ], [ 665.318357537813654, 125.181246811565003 ], [ 666.083979434793832, 144.01554546500779 ], [ 647.555929545674644, 147.231157434149793 ], [ 646.349980647830535, 124.349999884729201 ], [ 649.458309951167507, 122.975878342256294 ], [ 658.264040724981442, 122.064940672647694 ], [ 661.889980644855996, 122.749999880892105 ] ] ] } },
{ "type": "Feature", "properties": { "feature_type": "building", "subtype": "no-damage", "uid": "602c7834-670d-4d04-89df-7dae41fd7af2" }, "geometry": { "type": "Polygon", "coordinates": [ [ [ 668.380845125967994, 113.0844208494985 ], [ 667.921471984649543, 120.587515432949999 ], [ 662.399980641920365, 122.339999882431798 ], [ 658.285231461021453, 121.560080262843599 ], [ 649.328534243864397, 122.486635149166304 ], [ 646.319980644581506, 123.809999881378502 ], [ 645.718436996286187, 112.471923335838397 ], [ 648.780924580001852, 110.021933266246904 ], [ 664.39961126148421, 109.103186992019005 ], [ 668.380845125967994, 113.0844208494985 ] ] ] } },
{ "type": "Feature", "properties": { "feature_type": "building", "subtype": "no-damage", "uid": "41d892c9-72e0-4d3a-acc7-8b8ef3d2ca37" }, "geometry": { "type": "Polygon", "coordinates": [ [ [ 685.729980637015956, 141.819999880931988 ], [ 685.726046167499021, 141.819898517470989 ], [ 685.951803162963188, 147.576701914429492 ], [ 680.533635255936019, 148.931243892822891 ], [ 676.13137383644073, 151.301692351273601 ], [ 669.245785458895966, 151.978963340470301 ], [ 669.16998064212396, 140.829999885379095 ], [ 679.969980639747405, 140.129999880897088 ], [ 685.53305281300743, 139.914382385242504 ], [ 685.729980637015956, 141.819999880931988 ] ] ] } },
{ "type": "Feature", "properties": { "feature_type": "building", "subtype": "no-damage", "uid": "ea07fcb9-c12d-4f08-a29f-087092fcf0b0" }, "geometry": { "type": "Polygon", "coordinates": [ [ [ 700.061615412650667, 139.449450059020307 ], [ 690.466943083928413, 139.449450059020307 ], [ 690.354064584794628, 142.384291004730386 ], [ 686.239980641789316, 141.879999884626699 ], [ 685.982135346092605, 139.396386988003513 ], [ 680.269980638130505, 139.619999881262487 ], [ 680.167395496562904, 134.2588610565208 ], [ 684.351390280519468, 134.258861052783089 ], [ 684.019980638943707, 127.299999880123494 ], [ 685.540384980112208, 127.786566112013602 ], [ 687.162592354358821, 129.750290829389087 ], [ 690.494871309552536, 129.311833070085413 ], [ 695.075734955796179, 127.396199183217405 ], [ 699.409980638179377, 126.659999879336198 ], [ 700.061615412650667, 139.449450059020307 ] ] ] } },
{ "type": "Feature", "properties": { "feature_type": "building", "subtype": "no-damage", "uid": "b1559372-b8c3-4c2c-ac27-16dd148c5fe0" }, "geometry": { "type": "Polygon", "coordinates": [ [ [ 682.124019443766997, 126.703328260563495 ], [ 683.509980639076048, 127.139999878992299 ], [ 683.826701733202754, 133.758861054387296 ], [ 679.657687667461801, 133.758861054387296 ], [ 679.770873350883448, 139.644516779204309 ], [ 669.169980641423194, 140.329999879507909 ], [ 669.069980644921202, 126.319999885809395 ], [ 681.244019447123833, 125.560043762303707 ], [ 682.124019443766997, 126.703328260563495 ] ] ] } },
{ "type": "Feature", "properties": { "feature_type": "building", "subtype": "no-damage", "uid": "9db2f05c-0940-43af-824d-a34f5486f76b" }, "geometry": { "type": "Polygon", "coordinates": [ [ [ 679.366015060845257, 121.714810664731701 ], [ 680.135966825294986, 124.110216142400702 ], [ 680.879980642209148, 125.089999879215299 ], [ 669.05998064017831, 125.819999879938095 ], [ 669.020028458292359, 119.921469904155501 ], [ 679.176015061838143, 119.921469900417804 ], [ 679.366015060845257, 121.714810664731701 ] ] ] } },
{ "type": "Feature", "properties": { "feature_type": "building", "subtype": "no-damage", "uid": "31204508-15a2-41a7-a975-70cac4504646" }, "geometry": { "type": "Polygon", "coordinates": [ [ [ 699.38998063686995, 126.159999880940404 ], [ 694.935799757675568, 126.912759045467197 ], [ 690.363509010760026, 128.824807901193111 ], [ 687.371790389969988, 129.218455094219507 ], [ 685.831998971902976, 127.354497057787896 ], [ 682.425103959511944, 126.274262052615896 ], [ 680.585473837029099, 123.874744501650497 ], [ 679.857636696069562, 121.610362295608596 ], [ 679.677636699936443, 119.921469900417804 ], [ 679.743485769942367, 119.921469904155501 ], [ 679.767360261204772, 117.836114445793996 ], [ 688.43513011634036, 117.438142943767701 ], [ 698.932830435329493, 117.212385951106498 ], [ 699.38998063686995, 126.159999880940404 ] ] ] } },
{ "type": "Feature", "properties": { "feature_type": "building", "subtype": "no-damage", "uid": "2df82db9-26cb-42b5-8a06-577fad092806" }, "geometry": { "type": "Polygon", "coordinates": [ [ [ 751.45045302605638, 139.809605383810691 ], [ 752.789980629388765, 140.789999880424091 ], [ 752.774129719138614, 140.788708913829794 ], [ 755.377244168076913, 149.057425396831889 ], [ 744.964786373958873, 150.282420431627486 ], [ 743.339980631964636, 146.089999879118096 ], [ 742.900992963201929, 142.290677873409493 ], [ 745.350929037564129, 140.586374520580108 ], [ 748.642722382574675, 139.269657181640099 ], [ 751.45045302605638, 139.809605383810691 ] ] ] } },
{ "type": "Feature", "properties": { "feature_type": "building", "subtype": "no-damage", "uid": "4a4c4887-9100-472a-b7be-63b0031d156e" }, "geometry": { "type": "Polygon", "coordinates": [ [ [ 742.399980630692426, 142.279999881848312 ], [ 742.77998062894028, 145.619999880700789 ], [ 737.92106493206677, 146.76055970565551 ], [ 735.909980629431288, 143.199999879943107 ], [ 736.864742503509888, 142.204838256912211 ], [ 739.157128927166809, 141.617046867440308 ], [ 740.793656316768306, 141.617046867440308 ], [ 742.399980630692426, 142.279999881848312 ] ] ] } },
{ "type": "Feature", "properties": { "feature_type": "building", "subtype": "no-damage", "uid": "5568a34a-2204-42af-803d-0480e7ff47c5" }, "geometry": { "type": "Polygon", "coordinates": [ [ [ 752.089980628177841, 124.699999879494797 ], [ 754.739980625653402, 140.989999879034912 ], [ 753.779980630313617, 140.889999881598413 ], [ 751.655113491191287, 139.3398015376508 ], [ 748.593162239987919, 138.750964757826893 ], [ 745.112245700046515, 140.143331371936 ], [ 742.659980629960842, 141.849999880910502 ], [ 740.892568913418813, 141.117046869044486 ], [ 739.094046716339335, 141.117046869044486 ], [ 736.601899784591296, 141.756058902203705 ], [ 735.65998063303698, 142.749999880265506 ], [ 734.552328588717955, 140.788708913829794 ], [ 726.589860864422576, 142.473077087608289 ], [ 723.469980631894487, 138.219999879773894 ], [ 723.249980634544158, 124.939999879322798 ], [ 723.26998063234953, 124.909999879344298 ], [ 738.127266214131055, 124.243943320512898 ], [ 739.413592537859017, 123.018870626930706 ], [ 750.609980631030908, 122.709999879674896 ], [ 752.089980628177841, 124.699999879494797 ] ] ] } },
{ "type": "Feature", "properties": { "feature_type": "building", "subtype": "no-damage", "uid": "9111fc27-9980-4d41-a096-554770bb853e" }, "geometry": { "type": "Polygon", "coordinates": [ [ [ 776.049035366918474, 112.460698750064594 ], [ 775.742786605182914, 114.604440059088205 ], [ 775.436537846017131, 116.901305746526802 ], [ 775.589662227235294, 118.738798298720397 ], [ 778.652149810016567, 119.351295816118196 ], [ 778.805274189365946, 121.648161503556906 ], [ 774.019980624122354, 122.909999882023399 ], [ 773.616914699445147, 120.795620927697897 ], [ 752.349980628147023, 124.209999878600001 ], [ 750.779109474929669, 122.097587156387306 ], [ 750.769980630059536, 122.0999998788661 ], [ 750.52575983879251, 116.816944338136395 ], [ 750.45998062646629, 116.819999878911901 ], [ 750.857068794604061, 115.523186333316104 ], [ 753.539751615885166, 115.523186333316104 ], [ 753.539751611680231, 112.920071885309696 ], [ 766.555323852166907, 112.613823128479595 ], [ 772.833423403619804, 112.154449989496797 ], [ 776.049035366918474, 112.460698750064594 ] ] ] } },
{ "type": "Feature", "properties": { "feature_type": "building", "subtype": "no-damage", "uid": "2ed147cf-0081-4c19-ac97-974b3628ac31" }, "geometry": { "type": "Polygon", "coordinates": [ [ [ 773.65998062765118, 123.689999881464502 ], [ 775.283413469003904, 140.17621139643191 ], [ 764.717831303011963, 140.329335778584692 ], [ 760.277224303049934, 140.482460156999707 ], [ 757.827234236030677, 141.860579570210405 ], [ 755.836617304723177, 141.094957674397506 ], [ 755.259980629329448, 141.0399998814909 ], [ 752.59592163820389, 124.674366151994803 ], [ 773.21746018773274, 121.366097932471504 ], [ 773.65998062765118, 123.689999881464502 ] ] ] } },
{ "type": "Feature", "properties": { "feature_type": "building", "subtype": "no-damage", "uid": "c67b0b1b-7bd4-445f-a469-2ebd37d694bd" }, "geometry": { "type": "Polygon", "coordinates": [ [ [ 750.274519944622853, 122.221937382711104 ], [ 739.20788707997292, 122.524304400030005 ], [ 737.917926217019158, 123.752838555447795 ], [ 723.699980634221333, 124.389999882208798 ], [ 724.89168863951852, 122.920174420235298 ], [ 724.500953685557988, 120.315274754572897 ], [ 723.448396551550104, 118.327111280208996 ], [ 724.126761159944294, 117.358018983302998 ], [ 725.262524292417311, 117.574354818060002 ], [ 726.775917640853208, 117.780726638428902 ], [ 727.039980630734476, 117.369999879763697 ], [ 750.039980630038258, 117.209999878632402 ], [ 750.274519944622853, 122.221937382711104 ] ] ] } },
{ "type": "Feature", "properties": { "feature_type": "building", "subtype": "no-damage", "uid": "29485f71-c35a-4353-8e6d-d89e26554c9e" }, "geometry": { "type": "Polygon", "coordinates": [ [ [ 750.477264030066976, 112.920071885309696 ], [ 750.477264028431705, 115.049999880180195 ], [ 749.975338933495323, 116.708947896531399 ], [ 727.369980632833744, 116.869999881367903 ], [ 727.566778118509433, 116.558487722448604 ], [ 728.169980631948306, 112.3199998821365 ], [ 750.477264030066976, 112.920071885309696 ] ] ] } },
{ "type": "Feature", "properties": { "feature_type": "building", "subtype": "no-damage", "uid": "aa23d3ea-cb91-4d22-b00e-295d8c172d10" }, "geometry": { "type": "Polygon", "coordinates": [ [ [ 725.671114590662796, 110.9294549547011 ], [ 727.661731519867772, 112.307574367911798 ], [ 727.669980630282453, 112.309999880897806 ], [ 727.087334041502459, 116.379062353492003 ], [ 726.528710750434584, 117.242389258974796 ], [ 725.34313656235679, 117.080720051806793 ], [ 723.902612504877538, 116.806334515268702 ], [ 722.86345232168344, 118.290849067362601 ], [ 724.01914135125935, 120.473817228449306 ], [ 724.364488452138175, 122.776131264524494 ], [ 722.979980635205152, 124.479999882144298 ], [ 720.967889108397685, 121.458079545272795 ], [ 708.600096910529714, 121.373368640572707 ], [ 704.859980638395768, 124.259999881056004 ], [ 702.855582079295573, 123.791902816318199 ], [ 702.396208942882936, 117.360678885509699 ], [ 705.918069668150679, 114.145066923843103 ], [ 707.908686594552364, 111.848201236404506 ], [ 710.205552284324881, 110.623206197870999 ], [ 725.671114590662796, 110.9294549547011 ] ] ] } },
{ "type": "Feature", "properties": { "feature_type": "building", "subtype": "no-damage", "uid": "1a238921-d2bc-4c1c-b231-2e5874ee0a2b" }, "geometry": { "type": "Polygon", "coordinates": [ [ [ 720.699077597648056, 121.956250101208198 ], [ 722.748235778252365, 125.029987376556306 ], [ 722.969980635134448, 138.049999881141588 ], [ 719.852388175856163, 140.17621139643191 ], [ 717.555522487718918, 140.788708913829794 ], [ 713.88053738497058, 140.635584535414694 ], [ 712.502417973630145, 138.1855944658233 ], [ 710.818049803824579, 139.563713882771793 ], [ 710.205552282455983, 142.166828327040491 ], [ 707.602437834919328, 142.166828327040491 ], [ 706.224318424746798, 139.10434074378901 ], [ 705.459980637965145, 124.429999879688296 ], [ 708.769405405782436, 121.874540016937402 ], [ 720.699077597648056, 121.956250101208198 ] ] ] } },
{ "type": "Feature", "properties": { "feature_type": "building", "subtype": "no-damage", "uid": "21efc47c-bac9-4b8c-9b85-fa2bd6559922" }, "geometry": { "type": "Polygon", "coordinates": [ [ [ 727.125573948206238, 142.9760165067662 ], [ 734.179693629729741, 141.503852396618697 ], [ 736.571960307081781, 146.165705407102109 ], [ 729.701861139326525, 147.760549857270007 ], [ 727.125573948206238, 142.9760165067662 ] ] ] } },
{ "type": "Feature", "properties": { "feature_type": "building", "subtype": "no-damage", "uid": "b0749119-7ee3-49a0-81f6-18d00d664fcf" }, "geometry": { "type": "Polygon", "coordinates": [ [ [ 762.877264500844376, 103.242456022347298 ], [ 773.149207816660123, 102.678063531350105 ], [ 773.262086319064451, 108.434866932046404 ], [ 762.9901429955396, 108.773502426644797 ], [ 762.877264500844376, 103.242456022347298 ] ] ] } },
{ "type": "Feature", "properties": { "feature_type": "building", "subtype": "no-damage", "uid": "fa626753-0c4c-43f8-a612-fb7786c86a37" }, "geometry": { "type": "Polygon", "coordinates": [ [ [ 750.750059281071458, 102.118263486524697 ], [ 761.484213066649659, 101.868632003068299 ], [ 761.567423566040816, 110.688944418528095 ], [ 750.999690765929245, 111.021786396470006 ], [ 750.750059281071458, 102.118263486524697 ] ] ] } },
{ "type": "Feature", "properties": { "feature_type": "building", "subtype": "no-damage", "uid": "89dcfe5c-0ac2-4f47-8435-f67d68b6764a" }, "geometry": { "type": "Polygon", "coordinates": [ [ [ 805.606886176388116, 114.457134950279496 ], [ 806.219980620250794, 119.239999879669597 ], [ 806.083330519476817, 119.263688328763095 ], [ 808.227071824994255, 137.026116325825313 ], [ 792.608385144212775, 139.476106395416707 ], [ 791.536514487599561, 132.126136190380208 ], [ 795.058375212400165, 131.666763051397396 ], [ 794.445877692666841, 120.488683363558806 ], [ 794.209980621782506, 120.509999880005495 ], [ 793.383855092785893, 115.4219326792918 ], [ 800.7667862812782, 114.298443150409 ], [ 805.606886176388116, 114.457134950279496 ] ] ] } },
{ "type": "Feature", "properties": { "feature_type": "building", "subtype": "no-damage", "uid": "5fc34249-5541-4673-b78a-86ce65e38649" }, "geometry": { "type": "Polygon", "coordinates": [ [ [ 825.539980619002449, 114.849999881569502 ], [ 826.14262419881868, 133.044882464608207 ], [ 824.305131646626933, 132.738633707778092 ], [ 823.080136616971799, 131.51363867298241 ], [ 820.477022169902398, 130.441768016601713 ], [ 819.098902752020877, 131.207389912414612 ], [ 817.567658958761285, 132.891758086193107 ], [ 811.289559411279697, 133.351131221438209 ], [ 812.019980617334795, 118.649999881338303 ], [ 812.097591964291155, 118.629284511252607 ], [ 812.039980617242577, 118.439999881488802 ], [ 812.055181309895147, 118.038693293967398 ], [ 811.909980618893314, 118.069999880508007 ], [ 811.479980619824801, 116.749999881453903 ], [ 813.773439156724066, 114.328866534115505 ], [ 816.142447996076044, 114.328866534115505 ], [ 825.539980619002449, 114.849999881569502 ] ] ] } },
{ "type": "Feature", "properties": { "feature_type": "building", "subtype": "no-damage", "uid": "8d8a19dc-761c-4d47-8b17-ac3da8cbe3a6" }, "geometry": { "type": "Polygon", "coordinates": [ [ [ 824.91762916402422, 109.310603675720202 ], [ 825.5099806164543, 114.339999881934901 ], [ 816.156199056491005, 113.828866535719698 ], [ 813.558553985117214, 113.828866535719698 ], [ 811.299980620888391, 116.209999881840801 ], [ 810.309603859493677, 113.1535709285953 ], [ 810.747761776342486, 110.086465490093104 ], [ 811.179980620507308, 109.149999881916202 ], [ 817.41453457941202, 109.004354918890201 ], [ 824.91762916402422, 109.310603675720202 ] ] ] } },
{ "type": "Feature", "properties": { "feature_type": "building", "subtype": "no-damage", "uid": "51bf77c1-08bd-4880-8957-60b90f261461" }, "geometry": { "type": "Polygon", "coordinates": [ [ [ 810.677061894349663, 109.039999879503199 ], [ 810.263035471241778, 109.944015720595004 ], [ 809.798165408102477, 113.1981061737864 ], [ 811.419980621269474, 118.169999881682202 ], [ 806.709980622313083, 119.129999880994305 ], [ 806.048698695421649, 113.971351933246495 ], [ 800.737118266117477, 113.797201755175095 ], [ 792.809318469999198, 115.003606075623196 ], [ 793.709980620583906, 120.559999878723701 ], [ 791.383390107783043, 120.794932120388907 ], [ 785.258414938249075, 123.398046568395301 ], [ 782.961549248943811, 119.723061467745893 ], [ 781.430305456385099, 110.841847467346 ], [ 780.809980624000104, 110.739999880776907 ], [ 784.851598083814679, 109.779533166249493 ], [ 790.052194430315581, 108.922964354345893 ], [ 791.859980621755653, 108.689999881 ], [ 803.173967310438229, 108.391857401492302 ], [ 803.480216070538518, 107.626235505679503 ], [ 810.677061894816916, 107.473111123526706 ], [ 810.677061894349663, 109.039999879503199 ] ] ] } },
{ "type": "Feature", "properties": { "feature_type": "building", "subtype": "no-damage", "uid": "e7131920-15df-4a93-b70c-e642e10d7310" }, "geometry": { "type": "Polygon", "coordinates": [ [ [ 791.589980621715767, 108.219999878844902 ], [ 789.9800476338811, 108.4281107334956 ], [ 784.752814877982814, 109.289066715518203 ], [ 779.509980622285411, 110.5399998821661 ], [ 778.520942249682548, 110.382474332100898 ], [ 778.367817874304592, 109.004354918890201 ], [ 778.367817869165265, 106.707489227713793 ], [ 778.980315386796065, 104.104374779707399 ], [ 779.439688525778479, 101.348135953285905 ], [ 777.908444732285375, 96.907528953085972 ], [ 788.780275660012762, 95.223160783045174 ], [ 791.589980621715767, 108.219999878844902 ] ] ] } },
{ "type": "Feature", "properties": { "feature_type": "building", "subtype": "no-damage", "uid": "3536c48d-4837-4243-add0-2f8e4e1d7f90" }, "geometry": { "type": "Polygon", "coordinates": [ [ [ 818.279054085218377, 80.071396425295305 ], [ 826.241521807411345, 79.612023286312478 ], [ 826.24152180367355, 87.57449100874679 ], [ 826.088397424324285, 97.068202526544596 ], [ 826.088397425258677, 97.986948800772495 ], [ 823.944656114835539, 100.130690109796106 ], [ 824.863402392800253, 103.958799592598197 ], [ 826.547770564474718, 107.480660314832605 ], [ 816.747810293360544, 106.408789662189605 ], [ 816.747810290323628, 101.815058283574601 ], [ 817.05405905019029, 96.149456248578957 ], [ 817.054059046919747, 92.474471147929592 ], [ 817.819680944834317, 86.043247217121035 ], [ 818.279054085218377, 80.071396425295305 ] ] ] } },
{ "type": "Feature", "properties": { "feature_type": "building", "subtype": "no-damage", "uid": "df9e2ed4-a505-4902-858b-86fe5d05b324" }, "geometry": { "type": "Polygon", "coordinates": [ [ [ 830.781573322979511, 116.039826351684397 ], [ 833.231563392568546, 115.427328834286499 ], [ 843.644021183416044, 115.733577594854296 ], [ 843.337772424016634, 131.046015522325092 ], [ 834.915931565878282, 131.658513039722891 ], [ 830.781573325082036, 131.199139900740107 ], [ 830.781573322979511, 116.039826351684397 ] ] ] } },
{ "type": "Feature", "properties": { "feature_type": "building", "subtype": "no-damage", "uid": "ddb90cbd-74a7-4f13-a9a5-78dd8c180bd8" }, "geometry": { "type": "Polygon", "coordinates": [ [ [ 870.469980609578329, 112.369999880854806 ], [ 868.916044438482572, 115.426456377422099 ], [ 870.038156806880238, 121.411055653122503 ], [ 871.401529265726026, 126.0589163085168 ], [ 871.6499806104448, 126.439999881985699 ], [ 869.403478515813958, 126.220314306099993 ], [ 869.709727274512602, 129.129677514674199 ], [ 852.100423659853959, 129.895299410487013 ], [ 847.966065420459472, 125.301568031871994 ], [ 847.659816661760829, 123.310951101263498 ], [ 846.894194764547024, 118.104722205250596 ], [ 846.894194765948669, 113.051617687652794 ], [ 848.36998061289944, 108.489999878651503 ], [ 851.910127864016317, 105.836295988393999 ], [ 855.410041710754854, 103.6911875004905 ], [ 858.183317195090126, 101.583498130917306 ], [ 863.973422200550658, 101.1381054386204 ], [ 870.069980608619517, 100.969999881548304 ], [ 870.469980609578329, 112.369999880854806 ] ] ] } },
{ "type": "Feature", "properties": { "feature_type": "building", "subtype": "no-damage", "uid": "f31fe4cd-247c-4ed0-abc1-28690182101d" }, "geometry": { "type": "Polygon", "coordinates": [ [ [ 887.579980609292875, 111.429999880282395 ], [ 887.625279643431327, 112.285995791839895 ], [ 887.93152840212997, 121.932831688052701 ], [ 886.553408992191066, 124.535946136059195 ], [ 879.815936304091792, 126.067189927684893 ], [ 874.150334269101677, 126.679687445082806 ], [ 872.289980608895348, 126.499999881942699 ], [ 871.860577770367513, 125.847488672027893 ], [ 870.524982699240695, 121.294323650213499 ], [ 869.438848899382378, 115.501610055947296 ], [ 870.769980608428682, 112.889999881728102 ], [ 872.296069704659772, 112.070067059265298 ], [ 874.165243150743891, 111.520310164017204 ], [ 881.140397046245539, 110.957797750489306 ], [ 884.484410163428947, 110.6233964407797 ], [ 887.579980609292875, 111.429999880282395 ] ] ] } },
{ "type": "Feature", "properties": { "feature_type": "building", "subtype": "no-damage", "uid": "19f1f389-ace9-4a76-a689-42c8e0cc8822" }, "geometry": { "type": "Polygon", "coordinates": [ [ [ 860.981637656273961, 68.186174561621144 ], [ 862.053508312186409, 85.336105041285464 ], [ 868.331607856631081, 85.336105041285464 ], [ 869.709727270307667, 94.064194659532646 ], [ 869.81998060802016, 94.049999880277497 ], [ 870.049980610347006, 100.4699998794148 ], [ 863.94733238186177, 100.638635240822595 ], [ 857.998073594214361, 101.096270530383606 ], [ 855.127424176759064, 103.277964084913904 ], [ 851.628871145417406, 105.422238524851707 ], [ 848.639980612939212, 107.659999880492094 ], [ 848.731687313001089, 107.386015656394804 ], [ 843.372334042316197, 105.242274347371193 ], [ 843.219209661565174, 84.570483141734854 ], [ 846.741070386599404, 84.264234384904796 ], [ 846.281697246448971, 67.573677044223302 ], [ 860.981637656273961, 68.186174561621144 ] ] ] } },
{ "type": "Feature", "properties": { "feature_type": "building", "subtype": "no-damage", "uid": "ecb13e68-bfec-4f59-8617-80209a21ba64" }, "geometry": { "type": "Polygon", "coordinates": [ [ [ 886.706533368503528, 93.911070281117617 ], [ 887.559980606348176, 110.909999879409199 ], [ 884.524117698832583, 110.116931906268604 ], [ 881.095420927326472, 110.459801582017903 ], [ 874.0736410720408, 111.026074150484504 ], [ 872.104945586355711, 111.605102237230895 ], [ 870.968648714653114, 112.216954398414302 ], [ 870.319980607349976, 93.969999881580733 ], [ 874.609707405981567, 93.298572763719775 ], [ 874.45658303060361, 90.389209555145555 ], [ 883.33779702538834, 87.786095107139133 ], [ 886.706533368503528, 93.911070281117617 ] ] ] } },
{ "type": "Feature", "properties": { "feature_type": "building", "subtype": "no-damage", "uid": "216cac02-a81d-47ef-a23c-9971e9dc2e12" }, "geometry": { "type": "Polygon", "coordinates": [ [ [ 863.152903504086794, 33.938029681901469 ], [ 891.195048387603151, 32.899431720829092 ], [ 888.910132879974071, 39.131019476050149 ], [ 888.494693694284138, 43.493130902088467 ], [ 889.741011244345941, 50.140157839495828 ], [ 892.856805120084573, 50.971036203868458 ], [ 892.64908552945883, 55.125428040682493 ], [ 863.776062279234452, 53.048232122275479 ], [ 863.152903504086794, 33.938029681901469 ] ] ] } },
{ "type": "Feature", "properties": { "feature_type": "building", "subtype": "no-damage", "uid": "3385daae-8d70-4eaa-a06a-fc438c9aea0c" }, "geometry": { "type": "Polygon", "coordinates": [ [ [ 873.549544347554729, 9.850640450239865 ], [ 881.358887692267217, 8.319396658614107 ], [ 882.890131483424284, 16.43498875946344 ], [ 875.233912519696332, 17.659983794259141 ], [ 873.549544347554729, 9.850640450239865 ] ] ] } },
{ "type": "Feature", "properties": { "feature_type": "building", "subtype": "no-damage", "uid": "d7981df7-ee57-4353-b7d9-e62f9a108254" }, "geometry": { "type": "Polygon", "coordinates": [ [ [ 886.565116586406134, 11.53500862401838 ], [ 888.555733513742211, 10.003764828654891 ], [ 893.149464896090535, 9.544391693409803 ], [ 898.202569411347326, 9.697516071824834 ], [ 902.643176408272438, 19.803725103282751 ], [ 888.555733514676717, 22.100590794459119 ], [ 886.565116586406134, 11.53500862401838 ] ] ] } },
{ "type": "Feature", "properties": { "feature_type": "building", "subtype": "no-damage", "uid": "4304147e-298f-4777-8ecc-ef89dde6e181" }, "geometry": { "type": "Polygon", "coordinates": [ [ [ 896.392656760715113, -0.000000119607314 ], [ 926.821110032536353, -0.000000119607314 ], [ 926.821110030667455, 0.094481001992408 ], [ 926.904320525620051, 1.758690891701802 ], [ 927.070741512021186, 2.25795385861462 ], [ 928.318898933974197, 4.587847704207772 ], [ 928.402109423320212, 6.335268088402636 ], [ 930.058726552188205, 8.442636282435547 ], [ 905.505323444956502, 8.849598767185224 ], [ 905.369669279246409, 16.717540096651401 ], [ 901.435698618955712, 15.903615130889779 ], [ 898.302084704815343, 8.93722904720912 ], [ 897.102084701938679, 8.93722904720912 ], [ 897.058340712393374, 8.371299411600893 ], [ 896.392656760715113, -0.000000119607314 ] ] ] } },
{ "type": "Feature", "properties": { "feature_type": "building", "subtype": "no-damage", "uid": "921133a4-ca21-40e4-a9be-9db927915fda" }, "geometry": { "type": "Polygon", "coordinates": [ [ [ 927.499199445525392, 27.113288761841169 ], [ 927.499199446927037, 32.269999882186859 ], [ 925.356727357927866, 32.546226866769508 ], [ 925.456765095443302, 34.146830667017099 ], [ 926.16506467084298, 36.094654500244282 ], [ 927.076766941419578, 36.641675864085848 ], [ 928.533433954000884, 37.450935311082127 ], [ 930.629980598959605, 40.159999880270767 ], [ 930.095404898269976, 40.545830028886712 ], [ 929.531012408441256, 42.57764299273903 ], [ 924.451480000217089, 42.57764299273903 ], [ 924.564358498416482, 47.770053902438129 ], [ 900.859873916736319, 47.318539909640343 ], [ 901.198509410399879, 26.66177476904338 ], [ 927.499199445525392, 27.113288761841169 ] ] ] } },
{ "type": "Feature", "properties": { "feature_type": "building", "subtype": "no-damage", "uid": "62baf38d-c53b-4e5a-ae89-25b9a3898406" }, "geometry": { "type": "Polygon", "coordinates": [ [ [ 927.499199445992645, 32.870092162537503 ], [ 932.80448885201713, 33.208727657135853 ], [ 933.143124344512671, 37.046596588441588 ], [ 931.337068377761852, 39.642802043291127 ], [ 931.039980598821217, 39.859999880485738 ], [ 928.86578182034475, 37.063593565229937 ], [ 927.326871031685641, 36.208643126254557 ], [ 926.574363415591392, 35.75713855627049 ], [ 925.951295080159298, 34.043700632137003 ], [ 925.884911829871953, 32.981568608849557 ], [ 927.499199444591, 32.76999988058266 ], [ 927.499199445992645, 32.870092162537503 ] ] ] } },
{ "type": "Feature", "properties": { "feature_type": "building", "subtype": "no-damage", "uid": "22ebd913-1570-418e-bf38-3dd3080a7965" }, "geometry": { "type": "Polygon", "coordinates": [ [ [ 983.660981531781999, 1.576032783733843 ], [ 984.933048573572137, 2.848099830197393 ], [ 986.373922365174053, 4.399810070399455 ], [ 987.379980590632044, 6.349999882071954 ], [ 964.224358894657598, 6.92848346025843 ], [ 961.314995686787029, -0.000000119607314 ], [ 982.980981528843699, -0.000000119607314 ], [ 983.660981531781999, 1.576032783733843 ] ] ] } },
{ "type": "Feature", "properties": { "feature_type": "building", "subtype": "no-damage", "uid": "0da47b92-1e68-45cb-9119-9069a340e525" }, "geometry": { "type": "Polygon", "coordinates": [ [ [ 994.696110365080585, 6.16286156444555 ], [ 987.929980592417678, 6.329999879594467 ], [ 986.787114158164968, 4.109979185382196 ], [ 985.293147008264441, 2.501091479737472 ], [ 984.081887093406976, 1.289831565813188 ], [ 983.521887093653049, -0.000000119607314 ], [ 994.236737227967069, -0.000000119607314 ], [ 994.696110365080585, 6.16286156444555 ] ] ] } },
{ "type": "Feature", "properties": { "feature_type": "building", "subtype": "no-damage", "uid": "6817a7da-65c7-4c61-80c8-2bd57caff249" }, "geometry": { "type": "Polygon", "coordinates": [ [ [ 903.421627142816078, 77.347902650253502 ], [ 904.646622174106483, 59.432350274776297 ], [ 905.718492831420463, 58.66672837896342 ], [ 910.771597346210115, 58.2073552399806 ], [ 916.896572517846494, 58.2073552399806 ], [ 919.499686962579858, 60.044847792174153 ], [ 917.355945655427263, 78.266648924481402 ], [ 909.546602310481148, 78.113524546066373 ], [ 903.421627142816078, 77.347902650253502 ] ] ] } },
{ "type": "Feature", "properties": { "feature_type": "building", "subtype": "no-damage", "uid": "884b0fea-454b-4f76-a14c-c497c6b00748" }, "geometry": { "type": "Polygon", "coordinates": [ [ [ 892.089472924713391, 85.2386879077321 ], [ 921.489353740625575, 85.544936668299883 ], [ 922.101851258022862, 90.138668043177162 ], [ 922.714348774018504, 92.894906873336339 ], [ 923.020597535987577, 97.029265112968531 ], [ 921.029980605614583, 100.704250213617897 ], [ 917.508119880346726, 102.388618387396406 ], [ 912.761264123788578, 104.072986561174901 ], [ 912.455015364155543, 123.213533967710106 ], [ 900.051940645271088, 123.672907106692904 ], [ 900.051940646439107, 119.844797623890798 ], [ 893.008219199874816, 119.844797623890798 ], [ 892.089472924713391, 85.2386879077321 ] ] ] } },
{ "type": "Feature", "properties": { "feature_type": "building", "subtype": "no-damage", "uid": "3020aed2-dc49-4625-b542-8b2ea0405716" }, "geometry": { "type": "Polygon", "coordinates": [ [ [ 1023.999980582731951, 107.319999879489899 ], [ 1023.999980586002948, 108.381763983203498 ], [ 1023.999980582966032, 120.377201770394507 ], [ 1023.999980585067988, 129.087876462782702 ], [ 1020.34729556638797, 127.768836734787996 ], [ 1017.078742981227947, 123.799381080486796 ], [ 1016.094312084904004, 121.930433370779895 ], [ 1015.033554993480948, 120.308098999728202 ], [ 1013.033244235802954, 116.489323910937003 ], [ 1012.247573128448039, 111.896169753482397 ], [ 1012.599980586473976, 106.899999879790798 ], [ 1018.179980586441047, 106.219999881524004 ], [ 1023.999980582731951, 107.319999879489899 ] ] ] } },
{ "type": "Feature", "properties": { "feature_type": "building", "subtype": "no-damage", "uid": "182dd2c3-343b-4b83-a739-64d21aab98ef" }, "geometry": { "type": "Polygon", "coordinates": [ [ [ 1012.553708642381025, 116.651416834490803 ], [ 1014.601849181530042, 120.561503316498502 ], [ 1015.626657911099983, 122.128857845782704 ], [ 1015.883402642899, 123.269150049372001 ], [ 996.776399446367918, 123.269150049372001 ], [ 995.985543123664343, 110.773563711500998 ], [ 996.229980590589093, 107.0099998822038 ], [ 1011.393634883188952, 107.050555070671507 ], [ 1012.099980584574041, 106.959999879747798 ], [ 1011.744535301672045, 111.920864970978698 ], [ 1012.553708642381025, 116.651416834490803 ] ] ] } },
{ "type": "Feature", "properties": { "feature_type": "building", "subtype": "no-damage", "uid": "d87d303a-7612-46fe-94f5-29c3cbe633c8" }, "geometry": { "type": "Polygon", "coordinates": [ [ [ 1017.619980587155055, 95.569999881680118 ], [ 1017.859980583711945, 105.759999880607694 ], [ 1011.363998763234008, 106.550464925738098 ], [ 996.269980592039929, 106.509999880070296 ], [ 997.009980590730265, 95.129999879503586 ], [ 1017.619980587155055, 95.569999881680118 ] ] ] } },
{ "type": "Feature", "properties": { "feature_type": "building", "subtype": "no-damage", "uid": "58aa02cd-9ae6-4bd3-8e71-2a2249899ec8" }, "geometry": { "type": "Polygon", "coordinates": [ [ [ 1023.999980585067988, 106.522197295671404 ], [ 1020.786647252067951, 106.263333215241602 ], [ 1020.114047600579966, 95.628410565810782 ], [ 1020.197384765751963, 95.628410565810782 ], [ 1020.363147614541958, 93.608323951628279 ], [ 1023.999980587637992, 93.379369806869391 ], [ 1023.999980585067988, 106.522197295671404 ] ] ] } },
{ "type": "Feature", "properties": { "feature_type": "building", "subtype": "no-damage", "uid": "dd1b485b-27be-46dc-bad7-0a8d3bcc6646" }, "geometry": { "type": "Polygon", "coordinates": [ [ [ 994.463850304060657, 83.763060197768255 ], [ 994.463850301724506, 88.509915954798288 ], [ 996.939980587432046, 88.60999987919206 ], [ 995.484505736926621, 110.772863866679501 ], [ 996.277390730031584, 123.269150049372001 ], [ 995.841969715868345, 123.269150049372001 ], [ 982.213899963123822, 122.656652535711899 ], [ 977.926417346949734, 121.584781879331203 ], [ 976.088924794057107, 120.206662466120505 ], [ 973.638934724701699, 119.594164948722593 ], [ 971.035820277632297, 121.431657500916202 ], [ 969.657700863722084, 123.575398809939799 ], [ 967.973332692514873, 124.187896327337597 ], [ 965.523342622458586, 124.034771948922597 ], [ 965.063969490017257, 123.8816475667699 ], [ 962.767103797207938, 123.8816475667699 ], [ 960.776486867769336, 123.575398809939799 ], [ 957.254626146005648, 122.656652535711899 ], [ 953.885889802656834, 121.737906257746204 ], [ 949.445282802461179, 121.431657500916202 ], [ 946.3827952187454, 121.431657500916202 ], [ 943.320307635263248, 121.125408740348405 ], [ 940.410944428560811, 122.8097769141269 ], [ 935.225585918156412, 123.159702389797999 ], [ 933.478165536766483, 117.834230742727996 ], [ 933.228534050507051, 108.597865854840805 ], [ 940.800689049378207, 108.514655360355405 ], [ 939.885373606768439, 106.600813987189596 ], [ 937.222637788375437, 101.358552834605007 ], [ 936.973006301415126, 97.44765959378789 ], [ 938.803637180794453, 92.954292891572535 ], [ 941.466373002691626, 88.710557672813579 ], [ 956.860314479685258, 88.544136683842638 ], [ 956.943524974637853, 85.964611354793078 ], [ 967.511257773347779, 85.964611354793078 ], [ 967.589980593930704, 82.619999880992552 ], [ 975.323302899880218, 82.538065162972543 ], [ 994.463850304060657, 83.763060197768255 ] ] ] } },
{ "type": "Feature", "properties": { "feature_type": "building", "subtype": "major-damage", "uid": "10acee8b-a094-4ce0-ad43-f27974af7ff8" }, "geometry": { "type": "Polygon", "coordinates": [ [ [ 1023.999980583199999, 68.149802668867693 ], [ 1023.999980582731951, 88.489999879278045 ], [ 1022.336552196469029, 88.783110426751136 ], [ 1018.518342149454043, 89.394024036815892 ], [ 1015.483649489478012, 89.697493302813797 ], [ 1010.827731777278018, 89.397111516481999 ], [ 1008.329745840949954, 87.633827322668495 ], [ 1006.70998058968803, 84.669999880769467 ], [ 1007.632546920626055, 84.222433333013342 ], [ 1007.479422540108999, 75.341219336351116 ], [ 1005.488805613239947, 74.881846197368304 ], [ 1005.488805610670056, 65.541259061723267 ], [ 1023.999980583199999, 68.149802668867693 ] ] ] } },
{ "type": "Feature", "properties": { "feature_type": "building", "subtype": "no-damage", "uid": "f89b2ffd-3ae6-44eb-aa18-4f8c3ffd6b19" }, "geometry": { "type": "Polygon", "coordinates": [ [ [ 975.3233028987122, 69.063119783957603 ], [ 975.323302898478573, 82.039999880162256 ], [ 966.9289769979315, 82.131936890648603 ], [ 966.934658450944426, 82.246305587588239 ], [ 962.39167020811476, 82.246305587588239 ], [ 960.860426416957694, 80.102564278564628 ], [ 943.404247180013158, 79.796315517996845 ], [ 943.404247182582822, 71.068225899749649 ], [ 946.922918041520347, 69.71681333833692 ], [ 960.694094797544153, 69.71681333833692 ], [ 960.694094798945798, 65.42743041049566 ], [ 973.179561588522574, 66.613129718103934 ], [ 975.3233028987122, 69.063119783957603 ] ] ] } },
{ "type": "Feature", "properties": { "feature_type": "building", "subtype": "no-damage", "uid": "78070606-d7f3-4e04-b181-d291d3bd2baa" }, "geometry": { "type": "Polygon", "coordinates": [ [ [ 987.675797611007852, 146.464307272139308 ], [ 992.269528987048602, 146.004934133156411 ], [ 996.250762845692179, 145.239312237343597 ], [ 1000.538245463735052, 145.392436615758612 ], [ 1012.941320188225973, 144.473690341530698 ], [ 1017.535051561230034, 151.670536168152097 ], [ 1018.147549079327973, 158.867381994773609 ], [ 1012.94132018682501, 162.389242717007903 ], [ 990.125787675457445, 163.461113373388514 ], [ 986.757051333743902, 155.498645647216506 ], [ 987.675797609138954, 149.986167994373602 ], [ 987.675797611007852, 146.464307272139308 ] ] ] } },
{ "type": "Feature", "properties": { "feature_type": "building", "subtype": "major-damage", "uid": "db8ebfd8-06e2-4fb2-9fbf-e4d54a05af47" }, "geometry": { "type": "Polygon", "coordinates": [ [ [ 1023.999980583899969, 163.161195128940506 ], [ 1023.999980582966032, 185.856228683086812 ], [ 997.370238474120015, 188.009916188746388 ], [ 994.041818695638881, 185.84644333212421 ], [ 991.46229336939507, 176.277236466295193 ], [ 993.376134743026228, 169.370765424001206 ], [ 995.040344629463561, 164.627767238329511 ], [ 1023.999980583899969, 163.161195128940506 ] ] ] } },
{ "type": "Feature", "properties": { "feature_type": "building", "subtype": "major-damage", "uid": "9d31d0de-8bfa-432f-81d1-bccfe3ebd71c" }, "geometry": { "type": "Polygon", "coordinates": [ [ [ 989.483107124784283, 230.824988076324388 ], [ 984.906529926452663, 232.988460932946595 ], [ 965.851326691167515, 232.82203994397571 ], [ 964.436748286317652, 199.537842149787792 ], [ 966.433800153032507, 198.372895226991204 ], [ 965.684905703364848, 181.314743857469892 ], [ 969.799980594836825, 181.249999880087188 ], [ 969.801224841225689, 181.399717423569712 ], [ 975.334558173807181, 181.233050753700013 ], [ 975.329980591647427, 181.179999878891493 ], [ 988.567791681240124, 180.482638912615187 ], [ 989.483107124784283, 230.824988076324388 ] ] ] } },
{ "type": "Feature", "properties": { "feature_type": "building", "subtype": "no-damage", "uid": "cb7a9825-d39f-4307-80e9-9865d62b1599" }, "geometry": { "type": "Polygon", "coordinates": [ [ [ 986.404318825087216, 178.901639517391288 ], [ 974.338797129378008, 179.484112978789597 ], [ 974.279980594503286, 180.759999879192492 ], [ 970.439980592119355, 180.879999879106492 ], [ 970.347464062704034, 179.827112249063788 ], [ 967.908402693988023, 180.082274774663489 ], [ 966.779617711527408, 159.425509637804311 ], [ 975.170902073764637, 158.431857873965811 ], [ 985.322582396777079, 158.431857873965811 ], [ 986.404318825087216, 178.901639517391288 ] ] ] } },
{ "type": "Feature", "properties": { "feature_type": "building", "subtype": "no-damage", "uid": "442ec8ff-1788-4cca-94c8-187a849b9c81" }, "geometry": { "type": "Polygon", "coordinates": [ [ [ 826.169980618316799, 236.289999880515808 ], [ 826.003197310758424, 236.435456914287187 ], [ 828.213481052451584, 239.087797400770711 ], [ 828.78421782281896, 246.024444321860898 ], [ 827.181202290592182, 247.367511391322893 ], [ 825.076418307662038, 250.641619806777612 ], [ 827.409980615869586, 268.619999882266995 ], [ 808.385274939748001, 268.937244819753516 ], [ 805.901947985669949, 237.331265368761109 ], [ 805.889980619085918, 236.189999879341599 ], [ 825.539980616432786, 235.029999881418689 ], [ 826.169980618316799, 236.289999880515808 ] ] ] } },
{ "type": "Feature", "properties": { "feature_type": "building", "subtype": "no-damage", "uid": "9b15b975-51cf-4318-a036-e69770db96a5" }, "geometry": { "type": "Polygon", "coordinates": [ [ [ 836.618049221188244, 247.508666579843094 ], [ 836.935527017762638, 256.398044766194175 ], [ 838.218226404103916, 259.906964975011022 ], [ 839.088226400676263, 265.550889877507927 ], [ 828.477647589795311, 268.598609325155223 ], [ 827.919980618774161, 268.609999881028216 ], [ 825.595800917538327, 250.758320024042888 ], [ 827.560641758740189, 247.701900938400797 ], [ 829.303762192476938, 246.241448679273986 ], [ 828.698829571152942, 238.889190659171987 ], [ 826.789980618728464, 236.599999881539588 ], [ 829.10598903279606, 236.376311893575888 ], [ 831.990773869938266, 235.823906286880487 ], [ 834.929980615768727, 235.499999879835997 ], [ 836.618049221188244, 247.508666579843094 ] ] ] } },
{ "type": "Feature", "properties": { "feature_type": "building", "subtype": "no-damage", "uid": "4337a5f9-6b5c-4c75-b0ee-03605e054288" }, "geometry": { "type": "Polygon", "coordinates": [ [ [ 859.249980610153898, 239.679999881824301 ], [ 856.508863848127817, 240.240924078418089 ], [ 857.299013333654329, 261.010567717214485 ], [ 855.605835864869164, 263.832530168462995 ], [ 847.102599760214389, 262.277413433461618 ], [ 847.102599757411099, 259.906964975011022 ], [ 841.23291786459481, 261.487263949803207 ], [ 838.799980615795107, 260.049999882178611 ], [ 837.432380244903584, 256.301009471515783 ], [ 837.116805284360566, 247.464910639845101 ], [ 835.429980613696785, 235.449999881117691 ], [ 837.359980617295491, 235.22999988002951 ], [ 837.37570894873727, 235.377477911112692 ], [ 858.86882925157613, 233.411371270141814 ], [ 859.249980610153898, 239.679999881824301 ] ] ] } },
{ "type": "Feature", "properties": { "feature_type": "building", "subtype": "no-damage", "uid": "f1d89f76-3b68-4f85-9a51-e2a0d9d20e4a" }, "geometry": { "type": "Polygon", "coordinates": [ [ [ 928.344257709254975, 237.517978717862604 ], [ 931.77694421212766, 237.587154964797207 ], [ 931.966944207630718, 242.101075174762599 ], [ 933.709980601577513, 244.289999881012704 ], [ 932.312509168793781, 245.180170831620501 ], [ 930.881149177501925, 245.55432197637441 ], [ 921.970071083045354, 245.55432197637441 ], [ 923.379980601202874, 255.199999879424411 ], [ 904.48222550528817, 255.705278309315986 ], [ 902.901926528628564, 253.560586847264204 ], [ 891.388319731685669, 254.350736330922587 ], [ 887.889086293580021, 244.07879300972391 ], [ 887.249980605324708, 235.26999988124669 ], [ 890.157480024513461, 237.3544854804652 ], [ 899.809904425531158, 237.606287855362098 ], [ 903.315987985232596, 237.516388276979995 ], [ 903.06639197398863, 231.7756800625138 ], [ 928.510393437351127, 231.204821054405187 ], [ 928.344257709254975, 237.517978717862604 ] ] ] } },
{ "type": "Feature", "properties": { "feature_type": "building", "subtype": "no-damage", "uid": "b70c4dea-0a0c-4032-a230-7bd73a767770" }, "geometry": { "type": "Polygon", "coordinates": [ [ [ 934.04998059954255, 244.709999880711791 ], [ 934.28214897618318, 254.915128821919893 ], [ 923.889980603640197, 255.189999881923399 ], [ 922.548713610941832, 246.054321978507886 ], [ 930.945418364306761, 246.054321978507886 ], [ 932.515481678043898, 245.643914399436113 ], [ 934.019980599330438, 244.679999880733192 ], [ 934.04998059954255, 244.709999880711791 ] ] ] } },
{ "type": "Feature", "properties": { "feature_type": "building", "subtype": "no-damage", "uid": "8558cbd1-0bee-4a9d-bee0-e4408b29a4a3" }, "geometry": { "type": "Polygon", "coordinates": [ [ [ 896.933995218968448, 217.998355043870589 ], [ 903.858029947777254, 217.414400305690208 ], [ 904.216873502242947, 219.638340815654487 ], [ 906.991133863805544, 221.179596576725913 ], [ 906.033020453320432, 224.097487424239404 ], [ 907.557049832875919, 228.069200352626012 ], [ 908.739980603298022, 231.149999879215386 ], [ 902.544683919931686, 231.287259225774505 ], [ 902.794350878169666, 237.029599250303193 ], [ 899.810015872683039, 237.106120660892003 ], [ 890.324026542762113, 236.858660068876105 ], [ 887.209980606210024, 234.6199998792207 ], [ 886.986058310788621, 231.549279732011598 ], [ 884.869980610458811, 232.289999882136186 ], [ 883.13201056321509, 218.798227705114613 ], [ 892.616926813223472, 218.382222604659091 ], [ 892.366500927888524, 216.378815548141802 ], [ 896.76722187526002, 216.080461584214106 ], [ 896.933995218968448, 217.998355043870589 ] ] ] } },
{ "type": "Feature", "properties": { "feature_type": "building", "subtype": "no-damage", "uid": "e74df47e-dde0-4273-b471-48ff6480e2cc" }, "geometry": { "type": "Polygon", "coordinates": [ [ [ 931.756944207781316, 237.087252341706005 ], [ 928.857324757429865, 237.028008809420498 ], [ 929.024031009611349, 230.693171311086587 ], [ 926.139980602960122, 230.759999879494899 ], [ 923.451159943130961, 226.668867125160205 ], [ 922.517141641234502, 223.635372055840492 ], [ 922.32998060102193, 221.669999882270787 ], [ 931.069980602537385, 221.189999878877103 ], [ 931.756944207781316, 237.087252341706005 ] ] ] } },
{ "type": "Feature", "properties": { "feature_type": "building", "subtype": "no-damage", "uid": "02c2ae7e-5289-41b4-9465-56687ce7654c" }, "geometry": { "type": "Polygon", "coordinates": [ [ [ 922.024130098236583, 223.733301803915992 ], [ 922.994234881334592, 226.883998192819007 ], [ 925.549980600190906, 230.769999880733593 ], [ 909.269980603073463, 231.139999881714402 ], [ 908.023927680222869, 227.890244752608993 ], [ 906.563565523716761, 224.084452458420913 ], [ 907.079980603944023, 222.509999881668904 ], [ 921.829980602159367, 221.699999882249301 ], [ 922.024130098236583, 223.733301803915992 ] ] ] } },
{ "type": "Feature", "properties": { "feature_type": "building", "subtype": "no-damage", "uid": "77453831-8a99-44b2-994f-1571bd658afe" }, "geometry": { "type": "Polygon", "coordinates": [ [ [ 931.819980599663154, 220.609999881784489 ], [ 931.050105796679873, 220.669977298385504 ], [ 931.049980597957415, 220.689999880481309 ], [ 907.249980604912253, 221.999999882034388 ], [ 907.595046469749491, 220.943124125512298 ], [ 906.019980606962918, 220.069999882171487 ], [ 908.692023173491179, 211.78158746464851 ], [ 929.249980599949822, 211.189999881059208 ], [ 931.819980599663154, 220.609999881784489 ] ] ] } },
{ "type": "Feature", "properties": { "feature_type": "building", "subtype": "no-damage", "uid": "46d07f0f-2783-4594-a692-ea468926337c" }, "geometry": { "type": "Polygon", "coordinates": [ [ [ 860.406249316811454, 220.918688149394001 ], [ 865.392580594424089, 220.918688149394001 ], [ 866.219980612238601, 230.009999880032296 ], [ 863.806363825604421, 230.033737977374386 ], [ 861.826778533382708, 232.941253877145613 ], [ 859.36998061403915, 233.449999880059096 ], [ 859.336808346124485, 232.866474763875686 ], [ 838.319980614737801, 234.789999881590688 ], [ 838.213352192534444, 233.953635204472505 ], [ 836.699980617769143, 217.589999881456691 ], [ 841.976032793297122, 217.442969006055307 ], [ 842.409078809408697, 216.081967230986493 ], [ 859.639980614079036, 214.45999987871599 ], [ 860.406249316811454, 220.918688149394001 ] ] ] } },
{ "type": "Feature", "properties": { "feature_type": "building", "subtype": "no-damage", "uid": "13b2fb04-d52b-48fd-ae26-dfa10a40c2b3" }, "geometry": { "type": "Polygon", "coordinates": [ [ [ 878.529980608155597, 206.299999880825595 ], [ 880.303010545154734, 209.427910478346291 ], [ 882.909980606881504, 212.199999879089603 ], [ 882.469284160749794, 212.256104493088401 ], [ 882.269987229349908, 216.109178492992413 ], [ 883.789980607729603, 218.269999879723599 ], [ 882.566487732406699, 218.322550650187509 ], [ 884.389980604729431, 232.459999880768493 ], [ 882.809553883954209, 233.016700204866709 ], [ 881.329980607158745, 233.239999880209609 ], [ 876.669980608088622, 232.499999881985701 ], [ 876.435456242315809, 229.907447051361686 ], [ 866.719980612035556, 229.999999878793489 ], [ 865.84918418072732, 220.418688150998207 ], [ 860.850256121962161, 220.418688150998207 ], [ 860.044394843041118, 213.649453393478097 ], [ 860.039980608730502, 213.649999879296388 ], [ 859.845005434162658, 210.379585950627188 ], [ 862.699419151789812, 210.220855110181901 ], [ 862.459980613457105, 206.099999882214803 ], [ 878.529980608155597, 206.299999880825595 ] ] ] } },
{ "type": "Feature", "properties": { "feature_type": "building", "subtype": "no-damage", "uid": "924994a2-e2e5-4538-900b-dfbb41180c40" }, "geometry": { "type": "Polygon", "coordinates": [ [ [ 896.359380880394951, 175.580886204249907 ], [ 902.429898842365787, 187.047420138034909 ], [ 907.384560555374833, 188.243372965797391 ], [ 916.574257849144033, 188.995257288788991 ], [ 926.729980600122872, 188.429999879925788 ], [ 927.381827512883092, 203.270848530530287 ], [ 929.489319819826278, 202.823804704114309 ], [ 931.439980597443991, 207.669999882335702 ], [ 931.10278311401828, 207.900658778929994 ], [ 928.578477609937408, 208.71204269104021 ], [ 929.11998059809639, 210.689999878925704 ], [ 908.32465671088255, 211.291951578319896 ], [ 905.569980605416958, 219.819999881104707 ], [ 904.671832078228135, 219.319116130428711 ], [ 904.277820532822943, 216.877221237105914 ], [ 898.669980602892565, 217.34999988162869 ], [ 897.629980603015838, 210.679999881424692 ], [ 901.884883356724458, 209.586690275560386 ], [ 900.678992641764921, 204.826595349387105 ], [ 901.776605484015136, 202.265498711627203 ], [ 901.071801380510465, 196.755212089106294 ], [ 896.519673414151498, 195.565150478487311 ], [ 891.561851436220763, 198.406828928383391 ], [ 890.61713297593019, 197.517682145304889 ], [ 883.894804803123861, 195.020817393687594 ], [ 881.669629918113969, 200.997001360405392 ], [ 879.029980608886945, 205.209999880360698 ], [ 878.169980610983544, 182.909999880143602 ], [ 884.066982011593041, 182.636942216531793 ], [ 883.443124577885442, 178.715552637761789 ], [ 883.277683749829407, 172.925123789885902 ], [ 884.019980607953926, 166.609999879364807 ], [ 895.999980605042083, 166.309999879579692 ], [ 896.359380880394951, 175.580886204249907 ] ] ] } },
{ "type": "Feature", "properties": { "feature_type": "building", "subtype": "no-damage", "uid": "8e3c15e0-9c68-4961-98c8-6952da24d992" }, "geometry": { "type": "Polygon", "coordinates": [ [ [ 890.348156621772773, 197.951152492659105 ], [ 891.48900398434489, 199.024891183547595 ], [ 896.59097007333412, 196.100593544087587 ], [ 900.618678944060889, 197.1535564146063 ], [ 901.263358611382728, 202.193779239420991 ], [ 900.152725290516287, 204.785256979701813 ], [ 901.277761079861762, 209.226187726999399 ], [ 896.734695029670888, 210.39107646083761 ], [ 896.749980605671908, 210.459999880336397 ], [ 883.489980608645737, 212.129999881631591 ], [ 883.509686900645988, 212.113189312842309 ], [ 880.708530996935792, 209.1293493246487 ], [ 879.069980607300863, 206.239999880868595 ], [ 879.059980611201468, 206.099999882214803 ], [ 882.1204117513239, 201.21925210576731 ], [ 884.189048850657855, 195.663483890034797 ], [ 890.348156621772773, 197.951152492659105 ] ] ] } },
{ "type": "Feature", "properties": { "feature_type": "building", "subtype": "no-damage", "uid": "70d1443c-3d73-42a4-87c6-0d1eedb52001" }, "geometry": { "type": "Polygon", "coordinates": [ [ [ 898.169980606132526, 217.389999879108188 ], [ 897.388913180327791, 217.458213421722093 ], [ 897.222844544225723, 215.548424135046901 ], [ 891.80472714232144, 215.915754127002998 ], [ 892.053564227169318, 217.906450805788296 ], [ 884.379980606761137, 218.239999879745113 ], [ 882.778244980722775, 215.962451001543201 ], [ 882.946989078261026, 212.700065145701586 ], [ 897.158947056305578, 210.916137364879489 ], [ 898.169980606132526, 217.389999879108188 ] ] ] } },
{ "type": "Feature", "properties": { "feature_type": "building", "subtype": "no-damage", "uid": "efcbd270-22a9-4bd8-9163-15702d81a665" }, "geometry": { "type": "Polygon", "coordinates": [ [ [ 877.373526337057569, 245.624029055520111 ], [ 877.963924641060089, 250.599999881474787 ], [ 864.410358707130513, 251.303016887013001 ], [ 863.168695231142692, 238.886382103762486 ], [ 859.739980614085084, 239.579999880650092 ], [ 859.399980612849504, 233.959999879693612 ], [ 862.126436477507355, 233.389560584863602 ], [ 864.07262213648653, 230.531100391540804 ], [ 875.979598198303506, 230.41203063377489 ], [ 877.373526337057569, 245.624029055520111 ] ] ] } },
{ "type": "Feature", "properties": { "feature_type": "building", "subtype": "no-damage", "uid": "fd76919e-d5cd-4382-aed4-7598629e6b7d" }, "geometry": { "type": "Polygon", "coordinates": [ [ [ 835.19000923926319, 217.633231347119988 ], [ 836.199980613299999, 217.599999878957789 ], [ 837.716397889971176, 234.009664394846595 ], [ 837.805938930244565, 234.681222224813297 ], [ 831.916302660469, 235.329082212774608 ], [ 829.035111411531147, 235.880799688689791 ], [ 826.640706209599102, 236.108838280573906 ], [ 825.837493341004688, 234.513389555566192 ], [ 825.659980616346616, 234.599999880480908 ], [ 825.009980618526129, 219.019999879186088 ], [ 827.348862606867556, 218.029042206557506 ], [ 830.735217547941829, 217.916163708358113 ], [ 831.976881028368211, 217.351771217360806 ], [ 835.19000923926319, 217.633231347119988 ] ] ] } },
{ "type": "Feature", "properties": { "feature_type": "building", "subtype": "no-damage", "uid": "78795a31-d174-47a4-a676-f563b0a2e5f8" }, "geometry": { "type": "Polygon", "coordinates": [ [ [ 818.049980617913775, 234.969999881461689 ], [ 805.889980620253937, 235.689999880945692 ], [ 805.789069490507586, 220.851004657805987 ], [ 817.189980619075982, 219.879999881061707 ], [ 818.049980617913775, 234.969999881461689 ] ] ] } },
{ "type": "Feature", "properties": { "feature_type": "building", "subtype": "no-damage", "uid": "274c88fd-45f5-41eb-976b-5df582aa7966" }, "geometry": { "type": "Polygon", "coordinates": [ [ [ 825.156298511457294, 234.555999003392088 ], [ 818.549980620981273, 234.939999881483203 ], [ 817.689980619573703, 219.839999879844413 ], [ 824.414021661393804, 219.270705686751398 ], [ 824.519980614828569, 219.229999879035688 ], [ 825.156298511457294, 234.555999003392088 ] ] ] } },
{ "type": "Feature", "properties": { "feature_type": "building", "subtype": "no-damage", "uid": "c0227434-dc33-402b-a894-3d0f324081ee" }, "geometry": { "type": "Polygon", "coordinates": [ [ [ 860.950931842555065, 206.078881263544901 ], [ 861.959980612024879, 206.089999880976109 ], [ 862.171071335267243, 209.74946346571349 ], [ 859.315522636971195, 209.908257421443409 ], [ 859.561453786199195, 213.966121434986604 ], [ 842.032912375088472, 215.61514797977631 ], [ 841.607195995405959, 216.953113737486092 ], [ 835.266422914731834, 217.130892423958187 ], [ 831.829980615345562, 215.949999880140098 ], [ 831.525367036271632, 213.0623882932573 ], [ 831.75112402846537, 210.24042584200879 ], [ 833.557180001056395, 208.547248372754893 ], [ 835.250357470775953, 205.499528925107512 ], [ 835.250357466337391, 204.935136434110291 ], [ 835.189980613869011, 204.879999880597211 ], [ 848.514789495102491, 204.787240581039214 ], [ 856.364300721110794, 204.445957481361205 ], [ 859.119980612271775, 202.989999881951491 ], [ 860.950931842555065, 206.078881263544901 ] ] ] } },
{ "type": "Feature", "properties": { "feature_type": "building", "subtype": "no-damage", "uid": "47618c14-508a-4ffe-9670-679d3dc0f059" }, "geometry": { "type": "Polygon", "coordinates": [ [ [ 836.070614603097283, 168.000092100591587 ], [ 839.055006137757118, 167.819219886808497 ], [ 839.055006140560408, 172.114934979107801 ], [ 844.616826736344137, 171.934062765324711 ], [ 846.016586764911381, 170.91815628152969 ], [ 849.177184710755114, 169.902249801472408 ], [ 854.25671711734401, 169.337857310475101 ], [ 857.530193563022294, 169.337857310475101 ], [ 858.759980613464563, 169.429999881081812 ], [ 859.938201897752947, 201.570520102522892 ], [ 859.359980609763511, 202.289999881207194 ], [ 856.229835981692645, 203.951331409688407 ], [ 848.502114488664006, 204.287319299207098 ], [ 834.609980614908181, 204.389999879702401 ], [ 832.879909009057087, 202.903323470257988 ], [ 831.525367032767576, 200.871510506405713 ], [ 831.52276966532952, 200.871510506405713 ], [ 831.443087224986357, 199.440492859745689 ], [ 826.153744569244509, 199.357846878143391 ], [ 826.723990836323992, 192.840746663720296 ], [ 820.599980617485585, 187.579999879289005 ], [ 824.231659403986441, 187.268204004345108 ], [ 823.804915195202284, 185.134482940098195 ], [ 826.185792755239618, 184.395589903829091 ], [ 825.719980619340504, 172.159999879125508 ], [ 827.167727195788189, 172.138113527270093 ], [ 827.290057713148371, 170.853643090197295 ], [ 831.08404938946353, 170.853643090197295 ], [ 831.439980613756575, 168.249999880681401 ], [ 831.910553668102466, 168.226182367820513 ], [ 831.910553672307401, 165.784407474273308 ], [ 835.98017849690666, 165.60353526049019 ], [ 836.070614603097283, 168.000092100591587 ] ] ] } },
{ "type": "Feature", "properties": { "feature_type": "building", "subtype": "no-damage", "uid": "f7cb92a0-bdd1-43d5-9355-4bef719b83e8" }, "geometry": { "type": "Polygon", "coordinates": [ [ [ 826.203524477889914, 193.052814625440988 ], [ 825.608823821473152, 199.84939352495519 ], [ 829.841639476232444, 200.046047034261107 ], [ 829.606432569686262, 205.160893430509191 ], [ 829.832189563281645, 213.965416278852899 ], [ 820.350395729254615, 214.868444260710703 ], [ 807.708003956158564, 216.110107740904709 ], [ 806.579218972529929, 202.113173986599605 ], [ 801.048172571041164, 202.000295488400212 ], [ 800.596658576608547, 189.732000719981812 ], [ 813.003763286634808, 189.039730771753312 ], [ 815.176210379786312, 188.037062885229091 ], [ 819.899980616041148, 187.639999879246005 ], [ 826.203524477889914, 193.052814625440988 ] ] ] } },
{ "type": "Feature", "properties": { "feature_type": "building", "subtype": "no-damage", "uid": "dbdc8d65-2729-4f11-83fd-e1789ab940ae" }, "geometry": { "type": "Polygon", "coordinates": [ [ [ 825.671557941376818, 184.031654969222899 ], [ 823.22622682009353, 184.790550833692294 ], [ 823.631587554995235, 186.817354493718796 ], [ 815.046411755301278, 187.546284517311108 ], [ 812.89191313147478, 188.540668494700412 ], [ 804.999980622138423, 188.609999879796788 ], [ 803.418621030423992, 173.103399990456808 ], [ 803.409980620008923, 172.519999878867509 ], [ 825.219980619777175, 172.169999880364202 ], [ 825.671557941376818, 184.031654969222899 ] ] ] } },
{ "type": "Feature", "properties": { "feature_type": "building", "subtype": "no-damage", "uid": "18e3fdcb-6cda-48fa-9150-5cd79c655411" }, "geometry": { "type": "Polygon", "coordinates": [ [ [ 827.574619603966994, 165.879176116905313 ], [ 831.073853044408679, 165.879176116905313 ], [ 831.019980615926784, 167.879999879700591 ], [ 830.986160109775369, 167.870897258500406 ], [ 830.647603858760704, 170.353643091801501 ], [ 826.835414306407415, 170.353643091801501 ], [ 826.712384140456379, 171.645459840011313 ], [ 803.38998061846587, 172.029999881710495 ], [ 803.079985534891534, 158.316316748755611 ], [ 807.595125454221488, 158.316316748755611 ], [ 807.36936845992534, 154.929961806509908 ], [ 812.448900868383134, 154.026933824651991 ], [ 819.786003243630944, 154.252690821050891 ], [ 827.348862610605238, 153.801176828253091 ], [ 827.574619603966994, 165.879176116905313 ] ] ] } },
{ "type": "Feature", "properties": { "feature_type": "building", "subtype": "no-damage", "uid": "2ec3f2ea-dbd2-4b61-9d23-a9a5f6f92be2" }, "geometry": { "type": "Polygon", "coordinates": [ [ [ 875.751403830974937, 182.551609555635508 ], [ 877.670920673048499, 183.00326057730021 ], [ 878.556351858649805, 205.803113563573106 ], [ 861.237976719776611, 205.582497319438289 ], [ 859.591574945583602, 202.804194322462592 ], [ 860.444650698061423, 201.7378496286521 ], [ 859.259980611626247, 169.439999882320507 ], [ 863.061239962175023, 169.224978812275708 ], [ 866.899108894878623, 168.209072332218398 ], [ 867.350622885807184, 161.323483949527599 ], [ 874.989980610228486, 161.159999880778287 ], [ 875.751403830974937, 182.551609555635508 ] ] ] } },
{ "type": "Feature", "properties": { "feature_type": "building", "subtype": "no-damage", "uid": "31fa4d72-8f93-4545-bce1-d0a32a093a15" }, "geometry": { "type": "Polygon", "coordinates": [ [ [ 921.193666437185357, 160.759091462268088 ], [ 935.642114186142976, 160.42045596766971 ], [ 936.759980600479139, 181.99999987954979 ], [ 935.952492856914773, 182.522572233813491 ], [ 926.526971840045007, 183.901916773529905 ], [ 926.699980599209994, 187.929999881530108 ], [ 916.580696590727143, 188.494113332401099 ], [ 907.464085102383024, 187.7482087546542 ], [ 902.766329455086975, 186.614267736823592 ], [ 896.854536219571742, 175.447547170560796 ], [ 896.499980607642328, 166.299999882078708 ], [ 896.449980604719144, 165.009999879265393 ], [ 896.429980608081905, 164.699999881979409 ], [ 901.32705079194659, 164.371203397174895 ], [ 909.567181143211087, 162.113633436923692 ], [ 909.45430264874949, 158.050007509219114 ], [ 921.193666439988647, 157.711372014620707 ], [ 921.193666437185357, 160.759091462268088 ] ] ] } },
{ "type": "Feature", "properties": { "feature_type": "building", "subtype": "no-damage", "uid": "2d0b19e4-769d-4884-829c-9330ac450f2d" }, "geometry": { "type": "Polygon", "coordinates": [ [ [ 946.919980596615005, 199.789999881752806 ], [ 943.450471922902125, 201.327835262363209 ], [ 943.629980598819998, 205.999999881040509 ], [ 932.625560821486147, 206.885473643108895 ], [ 931.869980601651832, 207.389999881290407 ], [ 929.796281643925909, 202.247566506560901 ], [ 927.855322657311831, 202.659285078976808 ], [ 927.0464063915, 184.331227552270803 ], [ 936.132959047784425, 183.001488138938214 ], [ 937.459980600755557, 182.139999881941293 ], [ 946.36557149849375, 181.302978100927788 ], [ 946.919980596615005, 199.789999881752806 ] ] ] } },
{ "type": "Feature", "properties": { "feature_type": "building", "subtype": "no-damage", "uid": "acebf3f5-bafa-4192-8bae-8651942b0991" }, "geometry": { "type": "Polygon", "coordinates": [ [ [ 944.139980596585247, 219.64999987873469 ], [ 932.329980602100477, 220.569999880567309 ], [ 929.186659351569006, 209.04175003039461 ], [ 931.322141540538837, 208.355345041766412 ], [ 932.794941634077645, 207.373478309936189 ], [ 943.649980597326135, 206.499999879436302 ], [ 944.139980596585247, 219.64999987873469 ] ] ] } },
{ "type": "Feature", "properties": { "feature_type": "building", "subtype": "no-damage", "uid": "ba4e1bb4-0aa0-4f34-865a-1f8625655ac1" }, "geometry": { "type": "Polygon", "coordinates": [ [ [ 944.380706046543992, 225.979039629303486 ], [ 945.315879016426493, 226.541896156811902 ], [ 945.225111408519524, 226.541896156811902 ], [ 945.149980596483374, 243.579999879029714 ], [ 934.379980602342584, 244.309999879752496 ], [ 932.459500129926255, 241.916379548722688 ], [ 931.570282576462205, 221.130919162048002 ], [ 944.159980595792149, 220.149999880868194 ], [ 944.380706046543992, 225.979039629303486 ] ] ] } },
{ "type": "Feature", "properties": { "feature_type": "building", "subtype": "no-damage", "uid": "db5de5ae-7eda-478e-a268-9baa2f632d4d" }, "geometry": { "type": "Polygon", "coordinates": [ [ [ 965.309677830208557, 241.062494302585293 ], [ 959.778631428719791, 247.835204183338902 ], [ 945.781697671157872, 248.286718176136702 ], [ 945.668819172958479, 243.545821259235396 ], [ 945.649980596747582, 243.5499998790512 ], [ 945.719980595139987, 226.789999881093792 ], [ 947.645879011639863, 227.938143407802187 ], [ 964.689980594454255, 223.989999881854288 ], [ 965.309677830208557, 241.062494302585293 ] ] ] } },
{ "type": "Feature", "properties": { "feature_type": "building", "subtype": "no-damage", "uid": "c16a9048-3b19-47cc-a12a-00a1e3723a3b" }, "geometry": { "type": "Polygon", "coordinates": [ [ [ 954.141817322621137, 209.875913028402096 ], [ 964.149980596477008, 209.4599998798071 ], [ 964.180892848448707, 209.961571335162091 ], [ 964.669980592444062, 223.489999879720813 ], [ 947.729942048371868, 227.40548604140119 ], [ 944.870139845568929, 225.68960471925061 ], [ 943.962881423560134, 201.647256473619393 ], [ 947.089980598517627, 200.259999880170113 ], [ 953.479980598604584, 199.949999879146304 ], [ 954.141817322621137, 209.875913028402096 ] ] ] } },
{ "type": "Feature", "properties": { "feature_type": "building", "subtype": "no-damage", "uid": "c29b6f52-f4b4-4289-882a-14dd7e04cc16" }, "geometry": { "type": "Polygon", "coordinates": [ [ [ 965.673088617998019, 198.069223234071302 ], [ 963.593058152486265, 199.199674573953388 ], [ 964.129980593298683, 208.959999881411306 ], [ 954.608027889405889, 209.356053749271609 ], [ 953.979980596532641, 199.929999880406513 ], [ 954.041309359462502, 199.927930277672488 ], [ 953.476916871035542, 182.883277075720088 ], [ 955.639980595886641, 182.719999879033907 ], [ 955.642939589497928, 182.729804681135903 ], [ 961.065805150878987, 182.544934263957202 ], [ 964.539980592225788, 181.719999882242291 ], [ 965.220908084241501, 181.609851720006588 ], [ 965.673088617998019, 198.069223234071302 ] ] ] } },
{ "type": "Feature", "properties": { "feature_type": "building", "subtype": "no-damage", "uid": "1009d0ff-bc01-454b-80a7-460e524cf007" }, "geometry": { "type": "Polygon", "coordinates": [ [ [ 963.629980595370625, 181.419999878719494 ], [ 960.99890859505706, 182.046924363071099 ], [ 956.399980598456068, 182.199999881898293 ], [ 955.847365331119136, 159.404549483874689 ], [ 963.184467699825859, 159.178792487475789 ], [ 963.629980595370625, 181.419999878719494 ] ] ] } },
{ "type": "Feature", "properties": { "feature_type": "building", "subtype": "no-damage", "uid": "30e302f5-a505-4b63-bbaa-8133147d95eb" }, "geometry": { "type": "Polygon", "coordinates": [ [ [ 657.393947194087673, 278.057071625565186 ], [ 660.999980644170819, 278.599999881345127 ], [ 661.267266960061306, 283.816999913115126 ], [ 662.276490648219806, 287.119913802826375 ], [ 663.740243639376899, 290.18464662841501 ], [ 665.61172506790831, 292.877754045689528 ], [ 667.709980644183929, 295.419999879259478 ], [ 666.696651012837492, 298.900567548029585 ], [ 655.365446950098999, 300.891184478638309 ], [ 647.709227984502263, 299.666189443842484 ], [ 649.699844917444921, 294.459960547829724 ], [ 648.749980647510029, 260.199999882070983 ], [ 651.289853622408373, 258.215055548861983 ], [ 655.817918085944143, 257.793840249145774 ], [ 657.393947194087673, 278.057071625565186 ] ] ] } },
{ "type": "Feature", "properties": { "feature_type": "building", "subtype": "no-damage", "uid": "1a526d5f-05a5-4470-85d1-7310ac8b2720" }, "geometry": { "type": "Polygon", "coordinates": [ [ [ 661.59524342973441, 280.992207773339828 ], [ 674.659118734095955, 279.913144516171826 ], [ 677.109108802049718, 281.750637068365279 ], [ 678.640352592272279, 292.775592377788882 ], [ 668.129980645284149, 295.139999881952008 ], [ 666.010360208079874, 292.575216079616894 ], [ 664.173961240278686, 289.932593171601582 ], [ 662.743758797593614, 286.938106816768197 ], [ 661.763388127365488, 283.729620980386414 ], [ 661.59524342973441, 280.992207773339828 ] ] ] } },
{ "type": "Feature", "properties": { "feature_type": "building", "subtype": "no-damage", "uid": "d31be138-94dc-4614-9853-aeb95613dc49" }, "geometry": { "type": "Polygon", "coordinates": [ [ [ 707.744090325889147, 265.968474179496184 ], [ 708.909980637825697, 269.559999879101611 ], [ 709.822396021459326, 275.709190499475199 ], [ 698.644316336668567, 277.240434291100996 ], [ 700.941182025973831, 285.356026391950309 ], [ 690.222475475726924, 286.427897048330976 ], [ 688.819980641339725, 276.95999988002842 ], [ 693.252717518108739, 276.656091580432985 ], [ 693.229980639109726, 276.489999881611084 ], [ 699.441733423309415, 276.296166567001478 ], [ 696.176769046127561, 266.930874006123474 ], [ 696.169980637934486, 266.869999882275124 ], [ 701.400017562784228, 264.604794987224693 ], [ 707.744090325889147, 265.968474179496184 ] ] ] } },
{ "type": "Feature", "properties": { "feature_type": "building", "subtype": "no-damage", "uid": "ec131dc2-4f09-491c-ac66-9a44314d80c4" }, "geometry": { "type": "Polygon", "coordinates": [ [ [ 743.069980633092882, 261.159999881383101 ], [ 743.509759460320311, 267.134225259643074 ], [ 722.378595120627551, 269.5842153254967 ], [ 721.039980636207929, 268.249999881286215 ], [ 718.994451282879254, 264.544411993434608 ], [ 718.845355952063301, 262.009791455061873 ], [ 729.885200292509126, 260.826877371961416 ], [ 729.87998063399175, 260.779999879163597 ], [ 738.355013359666714, 260.444086542379011 ], [ 743.069980633092882, 261.159999881383101 ] ] ] } },
{ "type": "Feature", "properties": { "feature_type": "building", "subtype": "no-damage", "uid": "82054c02-7733-4a53-8e8f-1bb9591800f5" }, "geometry": { "type": "Polygon", "coordinates": [ [ [ 679.453213846737299, 233.963592139602696 ], [ 686.284746802916857, 234.978105609338002 ], [ 686.24124161404643, 234.978105609338002 ], [ 691.294346129770361, 248.453050984615288 ], [ 695.619980637550498, 247.729999881039504 ], [ 696.759736270346139, 249.763255256772311 ], [ 698.832306391060911, 253.162270259448007 ], [ 700.19998063441983, 256.469999879760223 ], [ 695.079980638872371, 257.2999998816573 ], [ 695.070733113878305, 257.231789688048309 ], [ 690.959980641517291, 257.569999881463787 ], [ 690.811642358655263, 256.298445931689287 ], [ 683.145590807485519, 250.849083985795687 ], [ 674.176710367116243, 251.215160739789496 ], [ 666.929980643809131, 252.72999988368619 ], [ 666.845782626018263, 251.140827642194012 ], [ 656.131752146611575, 251.489251399445493 ], [ 655.929980644304692, 257.279999879179798 ], [ 651.097563116470269, 257.730784364542217 ], [ 648.739980647205698, 259.569999878784813 ], [ 648.329980648278593, 244.799999880647306 ], [ 652.285442504723619, 242.096749964970087 ], [ 667.205557645336398, 241.870687614835902 ], [ 672.930906537009719, 236.612714139033812 ], [ 671.298454868724548, 232.259509690269311 ], [ 677.764146475625466, 231.925077364888011 ], [ 679.453213846737299, 233.963592139602696 ] ] ] } },
{ "type": "Feature", "properties": { "feature_type": "building", "subtype": "no-damage", "uid": "0e9046e6-1c98-4b6b-89be-aff1bdebc4f5" }, "geometry": { "type": "Polygon", "coordinates": [ [ [ 719.469231916027525, 243.246822092340096 ], [ 725.929980635502375, 241.139999879532212 ], [ 724.761075491092924, 248.688807029132107 ], [ 726.539980635609709, 250.439999880343493 ], [ 719.659980636030014, 252.879999879840909 ], [ 718.147872540603203, 250.244873412568296 ], [ 713.167013982084541, 252.26541037819041 ], [ 708.605730383489117, 253.48175267227171 ], [ 706.257280816866341, 250.023126946593806 ], [ 705.949980634420967, 244.619999880776192 ], [ 708.444276605913842, 243.859319609738009 ], [ 711.200515435836792, 245.237439022948706 ], [ 712.884883607744769, 242.021827057544414 ], [ 718.397361259647823, 240.796832022748703 ], [ 719.469231916027525, 243.246822092340096 ] ] ] } },
{ "type": "Feature", "properties": { "feature_type": "building", "subtype": "no-damage", "uid": "bf6fd4f2-5bf4-468e-87e5-ca0ca30c713f" }, "geometry": { "type": "Polygon", "coordinates": [ [ [ 730.279980632614524, 254.099999881458501 ], [ 729.081936191102841, 256.581114809227472 ], [ 729.239980634840322, 260.38999987944311 ], [ 722.719980633600699, 261.089999880187293 ], [ 719.541640549692488, 253.449892759869499 ], [ 726.895274091510942, 250.841947959267912 ], [ 726.859980633900591, 250.749999881367188 ], [ 730.279980632614524, 254.099999881458501 ] ] ] } },
{ "type": "Feature", "properties": { "feature_type": "building", "subtype": "no-damage", "uid": "eefc5517-abb4-47ac-8b93-d220a5865562" }, "geometry": { "type": "Polygon", "coordinates": [ [ [ 744.887878873062505, 251.668662950019495 ], [ 744.96998063134015, 252.129999880378392 ], [ 730.819980631292651, 253.929999879088513 ], [ 725.294424303638834, 248.511428944932305 ], [ 726.459980633642544, 240.959999879661211 ], [ 726.9723264985372, 240.796832022748703 ], [ 741.212893769146262, 240.031210126935889 ], [ 744.887878873062505, 251.668662950019495 ] ] ] } },
{ "type": "Feature", "properties": { "feature_type": "building", "subtype": "no-damage", "uid": "021ecf48-19e0-4062-8004-ae052e898eb2" }, "geometry": { "type": "Polygon", "coordinates": [ [ [ 746.419122666088469, 260.549876950419502 ], [ 743.779980633206378, 260.78999988040232 ], [ 743.787230192304946, 260.760078813775692 ], [ 738.382770649152008, 259.942597537578422 ], [ 729.739978504832834, 260.284475597676476 ], [ 729.586824772166665, 256.685362910853883 ], [ 730.665460617735903, 254.451045801071302 ], [ 745.049980628868752, 252.619999881273202 ], [ 746.419122666088469, 260.549876950419502 ] ] ] } },
{ "type": "Feature", "properties": { "feature_type": "building", "subtype": "no-damage", "uid": "81763228-9fd2-4c78-ba42-2b6f5e1150e1" }, "geometry": { "type": "Polygon", "coordinates": [ [ [ 716.139980636375526, 268.029999880197977 ], [ 709.089980636762107, 268.489999881114215 ], [ 708.131058582017204, 265.54023347880451 ], [ 701.348334712983956, 264.082264798276924 ], [ 696.109980638211141, 266.3499998814018 ], [ 695.139980640464614, 257.799999880053122 ], [ 713.048327019117778, 254.895809770045901 ], [ 716.139980636375526, 268.029999880197977 ] ] ] } },
{ "type": "Feature", "properties": { "feature_type": "building", "subtype": "no-damage", "uid": "39da00fc-eddf-46d5-bda6-631b534c1453" }, "geometry": { "type": "Polygon", "coordinates": [ [ [ 695.686300065888986, 267.042870400380991 ], [ 698.745333270063838, 275.817465637335374 ], [ 693.169980635882212, 275.98999987947758 ], [ 691.019980638437232, 258.069999879859608 ], [ 694.62886314058369, 257.769961975769206 ], [ 695.686300065888986, 267.042870400380991 ] ] ] } },
{ "type": "Feature", "properties": { "feature_type": "building", "subtype": "no-damage", "uid": "79376c97-60cf-4d87-9dbc-490950f33855" }, "geometry": { "type": "Polygon", "coordinates": [ [ [ 690.341550280594333, 256.577737087462822 ], [ 692.264207608697916, 275.027387581669927 ], [ 688.494619956294855, 275.785257996569214 ], [ 681.847847491163975, 276.895911500236423 ], [ 673.979980638983989, 276.819999881374713 ], [ 673.424060752844753, 268.917523621925284 ], [ 671.664074608310102, 267.408964071334424 ], [ 671.457696193186621, 266.308279171985873 ], [ 672.448484013149368, 265.482622657374009 ], [ 672.081555371245372, 262.547193509057024 ], [ 669.593754973965702, 261.386219989826884 ], [ 669.256820694143812, 256.416439380612474 ], [ 667.09710330418261, 256.167241219504376 ], [ 666.94998064068011, 253.239999879582996 ], [ 674.238611456417175, 251.713050483915396 ], [ 682.99520803008113, 251.355638379039192 ], [ 690.341550280594333, 256.577737087462822 ] ] ] } },
{ "type": "Feature", "properties": { "feature_type": "building", "subtype": "no-damage", "uid": "ec1846b4-54d7-4829-8716-ec9f1ec9103a" }, "geometry": { "type": "Polygon", "coordinates": [ [ [ 666.618885614230294, 256.615379654682215 ], [ 668.786113940779842, 256.865444460486913 ], [ 669.114863616607408, 261.714502200557774 ], [ 671.619692886582243, 262.883422526920981 ], [ 671.91844819939331, 265.273465025673886 ], [ 670.912184150305052, 266.11201840077149 ], [ 671.205068702561107, 267.674069324957998 ], [ 672.939923322908612, 269.161087572106283 ], [ 673.479980638953407, 276.809999880135877 ], [ 670.447119189617069, 276.783033002036973 ], [ 661.429980642538453, 278.159999879168481 ], [ 657.861618322695563, 277.621999594240776 ], [ 656.299980641780962, 257.479999881528272 ], [ 656.423320900439876, 257.487146811010291 ], [ 656.615192168491717, 251.973794092368507 ], [ 666.370943324547966, 251.656533893736196 ], [ 666.618885614230294, 256.615379654682215 ] ] ] } },
{ "type": "Feature", "properties": { "feature_type": "building", "subtype": "no-damage", "uid": "2b92982a-e1de-4d72-aa71-efbf291641d6" }, "geometry": { "type": "Polygon", "coordinates": [ [ [ 659.193556428458919, 219.1227659415338 ], [ 666.849775390084346, 219.735263458931712 ], [ 666.849775393354776, 224.635243598114414 ], [ 676.343486903667895, 224.941492354944501 ], [ 676.349980638918623, 224.849999879992112 ], [ 676.763213848278156, 226.058791768005705 ], [ 676.723272168708718, 226.058791768005705 ], [ 677.21865125018644, 231.452624235408393 ], [ 670.590437087689793, 231.795462899223793 ], [ 672.344340358610225, 236.472538287726394 ], [ 667.007596450109304, 241.373629638661299 ], [ 652.127788113519614, 241.599081277587203 ], [ 648.309980644399502, 244.19999988107719 ], [ 647.709227983567871, 222.491502285353107 ], [ 650.006093673340274, 220.500885354744497 ], [ 648.168601123484677, 219.888387837346698 ], [ 648.627974261766212, 215.907153976129507 ], [ 657.815437015950351, 215.907153976129507 ], [ 659.193556428458919, 219.1227659415338 ] ] ] } },
{ "type": "Feature", "properties": { "feature_type": "building", "subtype": "no-damage", "uid": "e677aa1c-a574-42e3-b96a-b3886c671848" }, "geometry": { "type": "Polygon", "coordinates": [ [ [ 707.889980634819835, 211.849999880586296 ], [ 708.389980634616904, 217.649999881413692 ], [ 708.138027849784976, 217.675050751258709 ], [ 707.984903472304495, 221.043787095077988 ], [ 704.922415883916528, 222.268782129873699 ], [ 704.922415884383781, 225.331269716862892 ], [ 708.597400987599258, 227.781259782716603 ], [ 707.984903469033952, 233.140613057144492 ], [ 688.439980639587702, 234.789999881590688 ], [ 679.828274950387595, 233.5138101952721 ], [ 676.459980642499659, 223.619999880873507 ], [ 676.955984423401219, 218.050895288890899 ], [ 683.080959594570459, 217.591522149908087 ], [ 682.92998064175049, 213.56999988059971 ], [ 684.791402722556995, 211.859895853363611 ], [ 697.598796192930649, 211.133235232785893 ], [ 699.176587852676903, 210.276719758268911 ], [ 705.103313035824499, 210.188261171430497 ], [ 707.889980634819835, 211.849999880586296 ] ] ] } },
{ "type": "Feature", "properties": { "feature_type": "building", "subtype": "no-damage", "uid": "efcefcd6-427f-41eb-942b-ca8d747162f4" }, "geometry": { "type": "Polygon", "coordinates": [ [ [ 703.544296473977738, 198.840752097815908 ], [ 706.649980637967815, 198.499999878939406 ], [ 707.469980635354887, 206.48999988193529 ], [ 707.426428020081858, 206.498751874294101 ], [ 707.839980633999176, 211.239999879777514 ], [ 705.237853515406186, 209.686197416108087 ], [ 699.046140335618929, 209.778611046790388 ], [ 697.458668243184661, 210.640381610688308 ], [ 685.369980639376649, 211.329999879713 ], [ 685.853237196952591, 210.879545110600702 ], [ 685.369980638208631, 199.069999882268689 ], [ 703.489980636886912, 198.239999880371613 ], [ 703.544296473977738, 198.840752097815908 ] ] ] } },
{ "type": "Feature", "properties": { "feature_type": "building", "subtype": "no-damage", "uid": "a7f605b6-9d52-4073-9c16-cc5321084929" }, "geometry": { "type": "Polygon", "coordinates": [ [ [ 684.869980640747826, 198.819999881201909 ], [ 684.858189794001873, 198.823016736486807 ], [ 685.344164882393102, 210.668659538197204 ], [ 682.279980639725068, 213.489999881902889 ], [ 664.093536565767977, 214.375910184503795 ], [ 660.699980642517176, 212.679999878745605 ], [ 659.239980646212416, 189.129999884407908 ], [ 681.399980638409829, 188.159999880119301 ], [ 684.869980640747826, 198.819999881201909 ] ] ] } },
{ "type": "Feature", "properties": { "feature_type": "building", "subtype": "no-damage", "uid": "25ad4814-cc7a-46b0-a1dd-dcb22b37889f" }, "geometry": { "type": "Polygon", "coordinates": [ [ [ 660.189980644051161, 212.549999881330592 ], [ 651.231088708134848, 212.844666392877997 ], [ 646.331108568956779, 211.466546979667299 ], [ 646.943606086354066, 195.388487152645894 ], [ 652.09450504017434, 190.112662479568712 ], [ 657.760107074930829, 189.193916205340798 ], [ 658.739980644546563, 189.149999879409904 ], [ 660.189980644051161, 212.549999881330592 ] ] ] } },
{ "type": "Feature", "properties": { "feature_type": "building", "subtype": "no-damage", "uid": "b9e07fe2-775d-4115-ac5f-2ace44863854" }, "geometry": { "type": "Polygon", "coordinates": [ [ [ 698.950565096301602, 181.231448482906387 ], [ 702.166177057497862, 184.140811687742911 ], [ 703.439980639336795, 197.739999881975791 ], [ 685.318098100960469, 198.571950709068489 ], [ 681.919980641618622, 188.139999881379595 ], [ 682.260007755636366, 188.122045548960102 ], [ 682.106883374885456, 181.8439460003043 ], [ 687.619361028657408, 180.772075343923603 ], [ 693.28496306458203, 180.312702208678502 ], [ 698.950565096301602, 181.231448482906387 ] ] ] } },
{ "type": "Feature", "properties": { "feature_type": "building", "subtype": "no-damage", "uid": "00df3e0a-9249-4385-a26e-a689aecd2489" }, "geometry": { "type": "Polygon", "coordinates": [ [ [ 725.594207085561493, 215.837558199065114 ], [ 708.889980636749897, 217.599999878957789 ], [ 707.959980638118054, 206.839999880438597 ], [ 725.339980633200298, 205.28999987905749 ], [ 725.594207085561493, 215.837558199065114 ] ] ] } },
{ "type": "Feature", "properties": { "feature_type": "building", "subtype": "no-damage", "uid": "3c434457-3362-40ee-90b1-8d23ffca3cde" }, "geometry": { "type": "Polygon", "coordinates": [ [ [ 724.981709566996187, 182.456443517702212 ], [ 725.287958327096476, 203.281359098015798 ], [ 725.319980634927788, 204.789999880661696 ], [ 707.958964848006531, 206.337890894862909 ], [ 707.149980634260714, 198.439999878982405 ], [ 707.678654709400917, 198.381378962570807 ], [ 706.147410916842205, 184.140811687742911 ], [ 707.984903469968458, 181.997070378719286 ], [ 724.981709566996187, 182.456443517702212 ] ] ] } },
{ "type": "Feature", "properties": { "feature_type": "building", "subtype": "no-damage", "uid": "24eb1218-f797-4294-afe5-211ac89424de" }, "geometry": { "type": "Polygon", "coordinates": [ [ [ 732.61652778876919, 179.983864967681797 ], [ 735.682019474172648, 180.432075174723593 ], [ 738.51117628433974, 180.432075174723593 ], [ 740.674649139791882, 179.7663912188398 ], [ 747.331488699790953, 178.684654790528697 ], [ 750.659908478505713, 183.094810998258595 ], [ 749.41175105888874, 183.094810998258595 ], [ 747.497909689229004, 183.427652976200505 ], [ 747.331488695352391, 184.426178910026096 ], [ 748.912488093611728, 188.087440667386801 ], [ 749.162119574731832, 190.833386985407287 ], [ 750.992750455746432, 198.738383961526893 ], [ 749.911014025567511, 198.821594456012406 ], [ 743.753437436452032, 199.154436433954288 ], [ 737.09659787972339, 199.237646928439688 ], [ 733.259120044482074, 200.593457428367401 ], [ 729.690863868421388, 203.564592641684186 ], [ 726.9479216532593, 190.742461344467614 ], [ 732.61652778876919, 179.983864967681797 ] ] ] } },
{ "type": "Feature", "properties": { "feature_type": "building", "subtype": "no-damage", "uid": "00f209e2-0ee7-45c2-a1e6-95ed75221b2e" }, "geometry": { "type": "Polygon", "coordinates": [ [ [ 733.440038118792813, 216.027013011348402 ], [ 735.246094086478024, 216.252770007747188 ], [ 736.713514558864517, 215.801256014949502 ], [ 739.422598514480569, 214.672471032955002 ], [ 743.59910294038059, 211.28611609444701 ], [ 758.386186180665618, 210.270209610651989 ], [ 758.837700170192534, 226.073199336148207 ], [ 733.552916616291327, 227.427741310803896 ], [ 733.440038118792813, 216.027013011348402 ] ] ] } },
{ "type": "Feature", "properties": { "feature_type": "building", "subtype": "no-damage", "uid": "8833c072-3279-4611-b9b1-113322a4de45" }, "geometry": { "type": "Polygon", "coordinates": [ [ [ 730.532702748978068, 204.361634911708393 ], [ 734.33579336109301, 200.926585327593813 ], [ 737.893523291765632, 199.94514258874139 ], [ 748.566713074672748, 199.761122074972889 ], [ 750.406918212588948, 203.1348314890773 ], [ 750.28423786696203, 205.649778508087394 ], [ 748.873413930096717, 208.594106724644689 ], [ 744.272901092898451, 209.023487922191691 ], [ 743.782179721136686, 208.287405867117997 ], [ 738.629605343100934, 208.410086210876187 ], [ 738.138883976712123, 209.5142092934868 ], [ 734.949195076846536, 209.5142092934868 ], [ 733.906412163079153, 208.287405867117997 ], [ 733.35435062597935, 207.73534432581269 ], [ 732.06620702773273, 207.060602444486904 ], [ 731.698166002065022, 206.81524176070829 ], [ 731.146104463096322, 206.2018400493927 ], [ 730.532702748978068, 204.361634911708393 ] ] ] } },
{ "type": "Feature", "properties": { "feature_type": "building", "subtype": "no-damage", "uid": "072bb1e5-4f91-4c75-b669-ab3676d93d65" }, "geometry": { "type": "Polygon", "coordinates": [ [ [ 726.187001851521813, 229.186914466671794 ], [ 746.398046513154441, 228.132044352872498 ], [ 746.279374497597814, 236.52401683842271 ], [ 727.993057819907904, 237.765680318616489 ], [ 726.299880348786701, 234.717960870969193 ], [ 726.187001851521813, 229.186914466671794 ] ] ] } },
{ "type": "Feature", "properties": { "feature_type": "building", "subtype": "no-damage", "uid": "7f981884-79c9-41d3-8d9c-8a454742fc19" }, "geometry": { "type": "Polygon", "coordinates": [ [ [ 766.709980627343043, 268.619999882266995 ], [ 767.15028223127581, 277.077739440000983 ], [ 753.675336854843636, 278.30273447479658 ], [ 752.739980626231954, 270.109999879953421 ], [ 758.894666871662253, 268.866396855028711 ], [ 766.689980624865598, 268.549999881071187 ], [ 766.709980627343043, 268.619999882266995 ] ] ] } },
{ "type": "Feature", "properties": { "feature_type": "building", "subtype": "no-damage", "uid": "6b8a16b6-353d-438e-b8de-5698e54e3c5d" }, "geometry": { "type": "Polygon", "coordinates": [ [ [ 764.215077668120216, 255.355560012201607 ], [ 765.048625586681965, 262.60742688531019 ], [ 766.549980628080789, 268.05999988017652 ], [ 758.834656330843472, 268.368410322421482 ], [ 752.689980628681724, 269.609999881557599 ], [ 750.969980630305372, 254.449999879961808 ], [ 756.523072830244246, 251.141936364618914 ], [ 763.44718949123137, 250.977076445459488 ], [ 763.439980625484509, 250.799999880085494 ], [ 764.215077668120216, 255.355560012201607 ] ] ] } },
{ "type": "Feature", "properties": { "feature_type": "building", "subtype": "no-damage", "uid": "4b8ba452-2b8b-4c9d-9f61-3df125e64865" }, "geometry": { "type": "Polygon", "coordinates": [ [ [ 762.636745454564561, 246.051706973896813 ], [ 763.389980627233513, 250.479999881560701 ], [ 756.380041694445026, 250.645200165758894 ], [ 750.8999806265399, 253.899999879109998 ], [ 749.847227376717456, 244.615371032865909 ], [ 750.809980629407846, 242.219999878758301 ], [ 754.542679876318061, 240.586752360690298 ], [ 761.109980627935101, 239.859999881695387 ], [ 762.636745454564561, 246.051706973896813 ] ] ] } },
{ "type": "Feature", "properties": { "feature_type": "building", "subtype": "no-damage", "uid": "d8619597-5148-49e7-b7ce-0c3b0b88a6a4" }, "geometry": { "type": "Polygon", "coordinates": [ [ [ 771.589980627734803, 265.569999881960712 ], [ 771.43776485188846, 267.430903547525872 ], [ 767.129980625172834, 268.269999880025978 ], [ 765.540938467849514, 262.511907628289578 ], [ 765.539980627715295, 262.459999881697513 ], [ 770.670290676561649, 261.121513634071505 ], [ 771.589980627734803, 265.569999881960712 ] ] ] } },
{ "type": "Feature", "properties": { "feature_type": "building", "subtype": "no-damage", "uid": "455a7b58-5b82-43cb-bf6e-37c5b8719d62" }, "geometry": { "type": "Polygon", "coordinates": [ [ [ 798.847028738128529, 262.377799029927985 ], [ 784.606461467986719, 264.215291582121608 ], [ 779.247108192629639, 265.440286616917319 ], [ 771.744013609652711, 263.60279406472381 ], [ 771.729980625454004, 263.789999881990411 ], [ 771.269980628042276, 261.55202259029511 ], [ 771.278236474311029, 261.55202259029511 ], [ 770.869980628952248, 251.279999879741609 ], [ 773.459203529340925, 251.160362645073604 ], [ 776.983237528851191, 250.824740357737113 ], [ 781.868647625498056, 249.417079821746313 ], [ 789.341655461890355, 250.172777244601605 ], [ 791.699251732484072, 247.899380840804213 ], [ 797.879980621796562, 246.859999881662901 ], [ 798.847028738128529, 262.377799029927985 ] ] ] } },
{ "type": "Feature", "properties": { "feature_type": "building", "subtype": "no-damage", "uid": "1dd8cf3a-95a2-49a9-9065-2019e9f87c48" }, "geometry": { "type": "Polygon", "coordinates": [ [ [ 797.77515807941279, 245.227868550263707 ], [ 797.849980623686974, 246.359999879529397 ], [ 791.463592535084217, 247.432028985699503 ], [ 789.161401112860972, 249.651999284117494 ], [ 781.82294093459177, 248.909907802496605 ], [ 776.889512682430109, 250.331404079011804 ], [ 773.423865152409462, 250.661465747558992 ], [ 770.849980625073158, 250.779999881345788 ], [ 770.850230879550054, 250.680680457002211 ], [ 770.449980625282365, 250.779999881345788 ], [ 769.559980623896308, 244.919999880561306 ], [ 769.697428020018151, 244.918622243516893 ], [ 769.669980623973174, 238.039999880507708 ], [ 784.454695316591824, 235.183448145227288 ], [ 795.859980619430416, 234.6799998791777 ], [ 797.77515807941279, 245.227868550263707 ] ] ] } },
{ "type": "Feature", "properties": { "feature_type": "building", "subtype": "no-damage", "uid": "91628de8-4000-4643-b7cc-4076b16e2e7d" }, "geometry": { "type": "Polygon", "coordinates": [ [ [ 794.253297357649103, 224.862326105195109 ], [ 795.631416769223279, 233.43729134502729 ], [ 795.769980620195838, 234.179999880781907 ], [ 784.395943905329887, 234.685550364985005 ], [ 769.659980624136097, 237.529999880873191 ], [ 769.619980624320533, 228.039999878952102 ], [ 782.235223228192922, 225.847740199338887 ], [ 793.899980622627822, 224.229999881682289 ], [ 794.253297357649103, 224.862326105195109 ] ] ] } },
{ "type": "Feature", "properties": { "feature_type": "building", "subtype": "no-damage", "uid": "2977a601-72f0-4a5f-aaa5-c11b09cdf787" }, "geometry": { "type": "Polygon", "coordinates": [ [ [ 764.079980624869563, 210.889999881274207 ], [ 764.021626714499803, 210.89359686940989 ], [ 764.419980628207554, 217.889999881241806 ], [ 764.380814305855324, 217.891050724939788 ], [ 765.239980626529018, 226.979999882203487 ], [ 759.859980628209087, 227.779999880384395 ], [ 758.881565753187488, 202.199917972687899 ], [ 763.729980628235467, 201.799999880312413 ], [ 764.079980624869563, 210.889999881274207 ] ] ] } },
{ "type": "Feature", "properties": { "feature_type": "building", "subtype": "no-damage", "uid": "4bae297d-b90b-47bc-9d18-69a9a3148a69" }, "geometry": { "type": "Polygon", "coordinates": [ [ [ 784.14708832479937, 209.090515038741586 ], [ 784.339980621856512, 209.359999878632806 ], [ 764.579980629805846, 210.849999880056913 ], [ 764.22998062639715, 201.749999881594192 ], [ 782.768968913458821, 200.209301042079289 ], [ 784.14708832479937, 209.090515038741586 ] ] ] } },
{ "type": "Feature", "properties": { "feature_type": "building", "subtype": "no-damage", "uid": "44fbccca-ec57-44e6-93cd-83c8103d2866" }, "geometry": { "type": "Polygon", "coordinates": [ [ [ 788.8399806228324, 215.659999881593791 ], [ 764.919980625901985, 217.83999987878579 ], [ 764.548937223741973, 211.355247630672494 ], [ 784.679980623325719, 209.839999882026603 ], [ 788.8399806228324, 215.659999881593791 ] ] ] } },
{ "type": "Feature", "properties": { "feature_type": "building", "subtype": "no-damage", "uid": "e0e674c1-7cfb-4c91-a29f-8a16d03bfd85" }, "geometry": { "type": "Polygon", "coordinates": [ [ [ 790.272063495034217, 217.66548027857371 ], [ 793.639980624527539, 223.7599998795273 ], [ 782.158000677426116, 225.353665098758711 ], [ 769.619980627123823, 227.529999879317586 ], [ 769.612905440071131, 226.323654028157392 ], [ 765.739980627493992, 226.899999879769013 ], [ 764.925831686057791, 218.343352802855094 ], [ 789.169980624230902, 216.129999880011098 ], [ 790.272063495034217, 217.66548027857371 ] ] ] } },
{ "type": "Feature", "properties": { "feature_type": "building", "subtype": "no-damage", "uid": "4f980158-806c-460a-b79a-737f62a94c2f" }, "geometry": { "type": "Polygon", "coordinates": [ [ [ 769.19998062555635, 244.519999879602011 ], [ 763.129980628432349, 245.989999882286412 ], [ 763.126609918879922, 245.949850738223802 ], [ 761.507850837984051, 239.39099787923189 ], [ 761.429980625057851, 239.409999882017786 ], [ 760.079980626026554, 233.469999878798802 ], [ 759.879980627883242, 228.279999878780188 ], [ 769.115534778373558, 226.90324558869861 ], [ 769.19998062555635, 244.519999879602011 ] ] ] } },
{ "type": "Feature", "properties": { "feature_type": "building", "subtype": "no-damage", "uid": "e42e47c1-86a5-4e8d-b44a-6339c616f6a2" }, "geometry": { "type": "Polygon", "coordinates": [ [ [ 769.959980625322487, 250.889999880021008 ], [ 764.199980629922834, 252.259999881531087 ], [ 763.219980629769452, 246.489999880682092 ], [ 769.074854914465391, 245.060864894261897 ], [ 769.959980625322487, 250.889999880021008 ] ] ] } },
{ "type": "Feature", "properties": { "feature_type": "building", "subtype": "no-damage", "uid": "1b2a601a-759c-4a8f-b5ed-77eeb6a59c17" }, "geometry": { "type": "Polygon", "coordinates": [ [ [ 770.739980623828274, 260.589999881791584 ], [ 765.479980626356792, 261.959999879564009 ], [ 764.710276492264825, 255.285148464664189 ], [ 764.279980626283418, 252.749999878688186 ], [ 770.374524174390672, 251.307568924601298 ], [ 770.739980623828274, 260.589999881791584 ] ] ] } },
{ "type": "Feature", "properties": { "feature_type": "building", "subtype": "no-damage", "uid": "93c71211-0e00-43d8-8f32-ff161013fb5d" }, "geometry": { "type": "Polygon", "coordinates": [ [ [ 760.911772122626758, 239.375998490361212 ], [ 754.412155612946776, 240.098178101406489 ], [ 751.069980627975383, 241.559999879231299 ], [ 751.378471168341662, 240.787261550063789 ], [ 751.225346787590752, 236.040405793033699 ], [ 759.719980625817698, 234.139999879564613 ], [ 760.911772122626758, 239.375998490361212 ] ] ] } },
{ "type": "Feature", "properties": { "feature_type": "building", "subtype": "no-damage", "uid": "3a1e321e-0468-4704-aeea-f642611cabf3" }, "geometry": { "type": "Polygon", "coordinates": [ [ [ 774.269980624721597, 190.939999880619013 ], [ 774.25764418710969, 190.928710647092004 ], [ 770.419775256274988, 190.815832148892497 ], [ 767.936448296823983, 192.396131123684796 ], [ 767.823569802829525, 194.879458080334899 ], [ 766.469027822802218, 196.459757051389403 ], [ 764.211457865356579, 197.137028040586102 ], [ 763.534186878262972, 199.507476499036812 ], [ 759.131925455029887, 200.071868990034005 ], [ 758.689980629048591, 190.049999878764993 ], [ 771.78372386074966, 187.813661599735099 ], [ 774.269980624721597, 190.939999880619013 ] ] ] } },
{ "type": "Feature", "properties": { "feature_type": "building", "subtype": "no-damage", "uid": "b001b6c8-a37e-479d-aeaa-a7271ec1bcdc" }, "geometry": { "type": "Polygon", "coordinates": [ [ [ 784.868222997523503, 182.575701795283805 ], [ 782.384896046715994, 184.268879264537787 ], [ 782.610653041946648, 191.605981636288703 ], [ 776.853849641489546, 192.396131123684796 ], [ 775.439980622714074, 191.589999878907292 ], [ 771.990667597974721, 187.27104981743301 ], [ 758.669980625169501, 189.549999880369199 ], [ 758.129980626958627, 177.139999879294692 ], [ 767.63214775251754, 174.922917820921498 ], [ 784.039980626276702, 174.189999880162588 ], [ 784.868222997523503, 182.575701795283805 ] ] ] } },
{ "type": "Feature", "properties": { "feature_type": "building", "subtype": "no-damage", "uid": "9b42a485-80d0-42b5-98d8-8e4d4426d438" }, "geometry": { "type": "Polygon", "coordinates": [ [ [ 783.989980622886378, 173.689999881766909 ], [ 767.563477858008127, 174.425496044150009 ], [ 758.109980625415574, 176.62999987966009 ], [ 757.777383475469833, 169.030282030038791 ], [ 759.244803949958737, 168.465889539041598 ], [ 765.001607350649465, 168.014375546243798 ], [ 767.710691301593329, 164.966656102334213 ], [ 783.062167034510367, 164.289385113137513 ], [ 783.989980622886378, 173.689999881766909 ] ] ] } },
{ "type": "Feature", "properties": { "feature_type": "building", "subtype": "no-damage", "uid": "99fec223-c8b8-4eef-acc7-99f99357416e" }, "geometry": { "type": "Polygon", "coordinates": [ [ [ 591.405007443786531, 178.593551222495989 ], [ 599.214350785228476, 177.368556195175813 ], [ 607.483067263083171, 176.296685538795089 ], [ 611.770549883228682, 192.987242879476611 ], [ 610.545554850303006, 195.28410857065299 ], [ 592.476878096662062, 197.121601119108789 ], [ 591.405007443786531, 178.593551222495989 ] ] ] } },
{ "type": "Feature", "properties": { "feature_type": "building", "subtype": "no-damage", "uid": "9057f26d-27e1-456d-8fba-1a54d3f9fd56" }, "geometry": { "type": "Polygon", "coordinates": [ [ [ 595.998738819593768, 206.002815115771 ], [ 606.104947851976249, 203.705949424594593 ], [ 607.176818505786173, 207.840307671702305 ], [ 622.795505188903689, 206.768437011583899 ], [ 624.020500225099909, 222.846496838605191 ], [ 596.151863197541388, 224.377740633968699 ], [ 595.998738819593768, 206.002815115771 ] ] ] } },
{ "type": "Feature", "properties": { "feature_type": "building", "subtype": "no-damage", "uid": "1ba48077-a724-486c-8e84-cbe95bc3e6b3" }, "geometry": { "type": "Polygon", "coordinates": [ [ [ 570.426967481807765, 184.412277639644401 ], [ 573.336330692247998, 183.340406987001501 ], [ 576.551942652743378, 183.340406987001501 ], [ 577.011315794529082, 181.196665674240194 ], [ 582.830042204196388, 181.196665674240194 ], [ 583.44253972276158, 183.493531365416487 ], [ 584.973783511115357, 183.493531365416487 ], [ 587.576897962856947, 208.452805185362394 ], [ 572.723833172047421, 210.443422119708714 ], [ 571.651962516602225, 207.993432050117292 ], [ 570.426967481807765, 184.412277639644401 ] ] ] } },
{ "type": "Feature", "properties": { "feature_type": "building", "subtype": "no-damage", "uid": "4e8e8c2a-f474-4ab9-87d1-1a7d2bf7f086" }, "geometry": { "type": "Polygon", "coordinates": [ [ [ 573.30895264485082, 211.586025084279214 ], [ 588.886185370895987, 209.215576625828504 ], [ 594.868745760977163, 209.892847615025204 ], [ 595.140720629618954, 224.014764030540789 ], [ 593.015472107624532, 225.461741748281014 ], [ 591.297186073416356, 224.240854297769687 ], [ 589.081501446399443, 222.703440473137988 ], [ 573.029092414063143, 223.833891816757699 ], [ 571.310806377285303, 218.272071224239113 ], [ 573.30895264485082, 211.586025084279214 ] ] ] } },
{ "type": "Feature", "properties": { "feature_type": "building", "subtype": "no-damage", "uid": "febf078c-9345-41e9-b4bc-d5e0877ce3d8" }, "geometry": { "type": "Polygon", "coordinates": [ [ [ 570.389980657483193, 215.499999884200292 ], [ 569.417992187671643, 216.750779516171889 ], [ 563.999824282980626, 216.750779516171889 ], [ 563.999824285316663, 222.168947422269895 ], [ 556.436964918575995, 225.442423866316091 ], [ 551.357432506614032, 226.11969485551279 ], [ 547.632442069773674, 222.620461415067695 ], [ 545.939264602857406, 216.186387028912407 ], [ 550.341526024688847, 215.734873036114607 ], [ 550.729980662869025, 207.939999885879899 ], [ 561.708642587642998, 206.096492192152311 ], [ 570.389980657483193, 215.499999884200292 ] ] ] } },
{ "type": "Feature", "properties": { "feature_type": "building", "subtype": "no-damage", "uid": "12099e6b-c746-4b6c-8974-99b579399d05" }, "geometry": { "type": "Polygon", "coordinates": [ [ [ 571.336926657060417, 214.267452559521786 ], [ 570.699980658039522, 215.099999883240997 ], [ 561.892537563256269, 205.558553161120187 ], [ 550.759980662847511, 207.429999882507587 ], [ 550.889980659327989, 204.729999884442407 ], [ 564.064104004573437, 202.058094014821506 ], [ 565.766906562667714, 199.548700770819806 ], [ 570.119980658144186, 199.469999883228013 ], [ 571.336926657060417, 214.267452559521786 ] ] ] } },
{ "type": "Feature", "properties": { "feature_type": "building", "subtype": "no-damage", "uid": "32adb90c-5960-40ec-b8b7-1d4b846afd4c" }, "geometry": { "type": "Polygon", "coordinates": [ [ [ 570.079980656226212, 198.969999884832191 ], [ 565.498662215084551, 199.053538525721791 ], [ 563.764892701491931, 201.608567286335187 ], [ 550.759980662847511, 204.239999879809886 ], [ 546.729414088383919, 198.690219834162207 ], [ 549.21274104362999, 193.610687422662494 ], [ 553.389245471866047, 193.610687422662494 ], [ 554.179394957158934, 189.321304494821305 ], [ 569.19223519547802, 188.079641018365095 ], [ 570.079980656226212, 198.969999884832191 ] ] ] } },
{ "type": "Feature", "properties": { "feature_type": "building", "subtype": "no-damage", "uid": "b0712b47-a9c7-453d-8a46-bf35ec48ce37" }, "geometry": { "type": "Polygon", "coordinates": [ [ [ 529.365853100801473, 200.955760422090691 ], [ 532.706261241856055, 201.277985396988299 ], [ 534.512317211877416, 200.262078916930989 ], [ 537.334279659619028, 199.923443422332696 ], [ 543.429718555842214, 200.487835913329889 ], [ 544.558503532929763, 218.774152591738499 ], [ 537.328320818555881, 220.40255659293129 ], [ 531.050221269205394, 221.015054110329203 ], [ 529.365853100801473, 200.955760422090691 ] ] ] } },
{ "type": "Feature", "properties": { "feature_type": "building", "subtype": "no-damage", "uid": "1f322f10-b71a-4229-b3c8-aaef0f619a95" }, "geometry": { "type": "Polygon", "coordinates": [ [ [ 586.821037410810504, 279.853086443126017 ], [ 589.189461976842722, 284.671605389645492 ], [ 589.760327627828815, 295.844261708087686 ], [ 587.890020561375309, 296.623556315918108 ], [ 586.710267937869162, 297.621808535880689 ], [ 585.799211960041589, 298.608209640793973 ], [ 584.306862842235319, 299.373696234570502 ], [ 582.308769148858914, 299.48090921836598 ], [ 580.199544550963424, 298.479066738178972 ], [ 578.377550469951757, 297.275874509529672 ], [ 576.61421574812357, 292.684439752068727 ], [ 573.627785329251765, 290.112791330890389 ], [ 573.252904794567712, 279.586938729529606 ], [ 579.170968458711855, 277.811519626149789 ], [ 584.299980657469291, 277.639999885770692 ], [ 586.821037410810504, 279.853086443126017 ] ] ] } },
{ "type": "Feature", "properties": { "feature_type": "building", "subtype": "no-damage", "uid": "6902025f-1e3e-48f7-9baa-9d416d5cbd7d" }, "geometry": { "type": "Polygon", "coordinates": [ [ [ 617.248684902639866, 266.919929929403224 ], [ 633.326744726141442, 266.154308033590326 ], [ 631.578420148497798, 277.503965097582523 ], [ 633.444250073968078, 281.712501266746472 ], [ 633.606400263261094, 284.226415626108121 ], [ 628.394551033110588, 284.861171332074491 ], [ 619.710247684668389, 285.640994032360993 ], [ 620.625563125409371, 296.791200293414022 ], [ 618.409137464970172, 301.248894330972121 ], [ 616.084274991221719, 296.664574515512072 ], [ 614.726496248518174, 282.747342418147298 ], [ 589.659980654246169, 284.499999879608993 ], [ 587.225777488641711, 279.5430417762459 ], [ 584.909980654306196, 277.509999884618026 ], [ 584.628067914351618, 273.889764082638123 ], [ 584.449980656894468, 273.899999885958891 ], [ 584.97591078606672, 272.39662125326322 ], [ 585.477462419078734, 264.455387013635402 ], [ 585.799980653589728, 257.499999884005774 ], [ 592.349980654807837, 257.039999879351797 ], [ 592.349358645380448, 257.079161414608222 ], [ 605.239980654591363, 256.2199998786935 ], [ 605.253864041109864, 256.397200140456675 ], [ 609.580809751780407, 255.731516184572911 ], [ 617.248684902639866, 266.919929929403224 ] ] ] } },
{ "type": "Feature", "properties": { "feature_type": "building", "subtype": "no-damage", "uid": "70f615b8-d750-400d-b970-3714ec71e622" }, "geometry": { "type": "Polygon", "coordinates": [ [ [ 636.699980648525411, 289.529999882234222 ], [ 637.018030537161962, 298.039357710695981 ], [ 629.362665048711165, 298.122568205181494 ], [ 629.059980646142662, 289.129999881275012 ], [ 631.383470462202013, 288.728974755927879 ], [ 636.699980648525411, 289.529999882234222 ] ] ] } },
{ "type": "Feature", "properties": { "feature_type": "building", "subtype": "no-damage", "uid": "99181b55-4066-490b-bd1d-722681f075d7" }, "geometry": { "type": "Polygon", "coordinates": [ [ [ 615.581058177706723, 296.655934711076213 ], [ 615.119980649214995, 300.119999882121078 ], [ 614.028984747794311, 299.191966092473876 ], [ 591.227528153577737, 302.239685543859025 ], [ 590.059980654737842, 302.4299998804658 ], [ 587.100989350506325, 300.285588848975181 ], [ 587.024851117600178, 298.686686010506321 ], [ 587.170125978452347, 297.887674290184975 ], [ 588.153846208763071, 297.055295631467288 ], [ 590.27764287153434, 296.170380353326095 ], [ 589.709980657636606, 284.99999988174261 ], [ 614.276101100615506, 283.280124613469184 ], [ 615.581058177706723, 296.655934711076213 ] ] ] } },
{ "type": "Feature", "properties": { "feature_type": "building", "subtype": "no-damage", "uid": "1198039c-3e43-4698-b9fa-f1651e2ed5df" }, "geometry": { "type": "Polygon", "coordinates": [ [ [ 569.086940474254106, 282.773348614036706 ], [ 568.72288571134095, 284.302378605097999 ], [ 566.20705504517673, 285.600871856010087 ], [ 564.835685756008388, 287.063665760969172 ], [ 565.905928942996525, 291.255451576151074 ], [ 569.533855148598491, 292.079980264807375 ], [ 570.169980657796827, 302.159999884396996 ], [ 567.523043568159778, 302.352564042058475 ], [ 557.677647198765385, 301.700910524980202 ], [ 553.077134362968877, 300.351426762328572 ], [ 552.377730579923877, 282.946634427425977 ], [ 552.759980661568079, 281.599999882932991 ], [ 554.777891888054342, 280.721446289830112 ], [ 567.209980659297912, 279.989999881594883 ], [ 569.086940474254106, 282.773348614036706 ] ] ] } },
{ "type": "Feature", "properties": { "feature_type": "building", "subtype": "no-damage", "uid": "07804120-b81d-40b7-b4e6-db33e1b90bdf" }, "geometry": { "type": "Polygon", "coordinates": [ [ [ 566.677112581719939, 274.554190946961512 ], [ 567.026482610134508, 279.503599713247411 ], [ 554.659993715000496, 280.22749174594702 ], [ 552.649980663827364, 281.099999884537283 ], [ 551.926216588060925, 280.011793477978074 ], [ 551.474702593861934, 278.431494503185888 ], [ 551.474702597132477, 274.399999884354713 ], [ 566.549980657902552, 273.829999881025401 ], [ 566.677112581719939, 274.554190946961512 ] ] ] } },
{ "type": "Feature", "properties": { "feature_type": "building", "subtype": "no-damage", "uid": "8fb81efc-51b0-40ec-9381-228e1bfdf78b" }, "geometry": { "type": "Polygon", "coordinates": [ [ [ 565.939980661299273, 270.21999988236638 ], [ 566.46998065686978, 273.329999878891897 ], [ 551.474702595497206, 273.899999885958891 ], [ 551.474702593394682, 273.690597586284582 ], [ 551.248945596996009, 272.336055611628922 ], [ 550.910310105434974, 269.852728654978819 ], [ 550.910310107537384, 268.272429680186576 ], [ 551.81333809126329, 267.595158694727616 ], [ 563.552701882969586, 265.337588734476412 ], [ 563.552701883903978, 265.239999885934878 ], [ 565.939980661299273, 270.21999988236638 ] ] ] } },
{ "type": "Feature", "properties": { "feature_type": "building", "subtype": "no-damage", "uid": "e389091e-9d2f-434e-9acb-463eac8a57c4" }, "geometry": { "type": "Polygon", "coordinates": [ [ [ 584.978186742721164, 264.428144810712524 ], [ 584.481212446580571, 272.296904519586121 ], [ 583.877637889218136, 274.032181363799509 ], [ 570.999566887066862, 275.672699967479275 ], [ 568.679766066836123, 275.363393188021973 ], [ 567.150324430852038, 271.580037558941683 ], [ 563.552701882969586, 264.079999884274287 ], [ 563.552701883436725, 263.080018770487527 ], [ 565.245879353623536, 261.95123379223071 ], [ 569.083748284925491, 260.596691810099628 ], [ 571.00268275221174, 259.467906831842924 ], [ 573.373131210192923, 258.677757348184514 ], [ 573.06998065774053, 258.3799998846211 ], [ 585.299980657063202, 257.529999883984317 ], [ 584.978186742721164, 264.428144810712524 ] ] ] } },
{ "type": "Feature", "properties": { "feature_type": "building", "subtype": "no-damage", "uid": "602d90f4-9084-454e-9d47-219e10ae71d1" }, "geometry": { "type": "Polygon", "coordinates": [ [ [ 606.085968987599017, 253.9840958003781 ], [ 605.170653545923642, 255.315463715883311 ], [ 605.199980649869985, 255.719999880297706 ], [ 592.709980653615048, 256.549999882194811 ], [ 592.482781644104875, 246.957760202240195 ], [ 605.845968984500701, 246.941638085675692 ], [ 606.085968987599017, 253.9840958003781 ] ] ] } },
{ "type": "Feature", "properties": { "feature_type": "building", "subtype": "no-damage", "uid": "13dd7deb-0cad-46b1-830f-32bc3c1f7be8" }, "geometry": { "type": "Polygon", "coordinates": [ [ [ 619.779980647584352, 246.369999880768091 ], [ 606.249980652620707, 246.569999883116708 ], [ 606.249896877975857, 246.441638419937703 ], [ 605.416701510616235, 246.441638419937703 ], [ 604.199980655181889, 226.0999998853259 ], [ 618.879980651033407, 225.299999879669713 ], [ 619.779980647584352, 246.369999880768091 ] ] ] } },
{ "type": "Feature", "properties": { "feature_type": "building", "subtype": "no-damage", "uid": "16f176c0-78ed-405e-ad12-18546b5200e4" }, "geometry": { "type": "Polygon", "coordinates": [ [ [ 633.628642654787086, 246.162309322481605 ], [ 620.279980650184598, 246.359999883267108 ], [ 619.379980647793445, 225.279999880929893 ], [ 633.212590182827398, 224.527580756259511 ], [ 633.628642654787086, 246.162309322481605 ] ] ] } },
{ "type": "Feature", "properties": { "feature_type": "building", "subtype": "no-damage", "uid": "dc919edc-c797-4e2e-8304-4ab34c45f28c" }, "geometry": { "type": "Polygon", "coordinates": [ [ [ 604.91759439063253, 246.441638419937703 ], [ 592.462781640225671, 246.457760536502207 ], [ 591.989980654598867, 226.759999881115306 ], [ 603.69998065561856, 226.129999885304386 ], [ 604.91759439063253, 246.441638419937703 ] ] ] } },
{ "type": "Feature", "properties": { "feature_type": "building", "subtype": "no-damage", "uid": "f7138046-f371-4fba-94df-d88e26443b5b" }, "geometry": { "type": "Polygon", "coordinates": [ [ [ 591.479980654030442, 226.519999885024987 ], [ 592.211308906590943, 256.544516197072426 ], [ 572.609980660562428, 257.909999882466082 ], [ 571.454196742906674, 256.758822878793922 ], [ 570.551168761984172, 255.517159406075507 ], [ 570.099654770121219, 253.936860431283208 ], [ 569.761019271785472, 251.905047463693109 ], [ 569.761019273887882, 249.873234503578487 ], [ 569.422383777187406, 247.164150546791802 ], [ 569.759980659336975, 244.129999883619206 ], [ 570.642470354876195, 243.331588300472106 ], [ 572.254798075735721, 242.467841307937988 ], [ 574.659215555709579, 242.936995936809808 ], [ 576.528613274852091, 243.684755025962602 ], [ 575.78998065828057, 224.859999884968602 ], [ 588.597403759497524, 224.250915650085091 ], [ 591.479980654030442, 226.519999885024987 ] ] ] } },
{ "type": "Feature", "properties": { "feature_type": "building", "subtype": "no-damage", "uid": "f4053fbf-9bc9-4ea3-9293-5ba6fe41b906" }, "geometry": { "type": "Polygon", "coordinates": [ [ [ 575.998799865757178, 242.934313182130609 ], [ 574.80118902365291, 242.455268844914713 ], [ 572.175712467246626, 241.942980738671793 ], [ 570.352990600957924, 242.919438876346504 ], [ 569.299980658421077, 243.859999883812691 ], [ 568.180720300265307, 243.213403117286589 ], [ 567.277692319809944, 238.698263196784211 ], [ 564.568608362792247, 235.199029760076797 ], [ 563.891337377100399, 232.715702803426694 ], [ 564.245355803848156, 225.416378906443697 ], [ 575.289980658483614, 224.889999884947088 ], [ 575.998799865757178, 242.934313182130609 ] ] ] } },
{ "type": "Feature", "properties": { "feature_type": "building", "subtype": "no-damage", "uid": "b56c9687-01aa-4b15-851d-1f43018399e5" }, "geometry": { "type": "Polygon", "coordinates": [ [ [ 625.950651946605262, 260.507832265904483 ], [ 626.760853606525416, 265.008952594489813 ], [ 626.789980647849347, 265.599999881939311 ], [ 617.665363418204151, 266.339130133151912 ], [ 612.872249733801141, 258.064226318935994 ], [ 622.503695153716762, 256.572030551487785 ], [ 625.047548337183798, 256.534176383978718 ], [ 625.950651946605262, 260.507832265904483 ] ] ] } },
{ "type": "Feature", "properties": { "feature_type": "building", "subtype": "no-damage", "uid": "82adb8c0-8772-4d15-b2c1-ea8b07237734" }, "geometry": { "type": "Polygon", "coordinates": [ [ [ 637.335216737411884, 256.436376387412679 ], [ 637.109126470416868, 266.15825791936868 ], [ 633.672554395459429, 265.479987113944389 ], [ 629.964673998893204, 265.344332949869397 ], [ 627.289980651617725, 265.559999884459728 ], [ 627.258381570296137, 264.950577781340087 ], [ 626.4407332998627, 260.408087387131388 ], [ 625.559980647563975, 256.529999879717309 ], [ 625.578522799706775, 256.526812494304295 ], [ 625.397650583587733, 255.938977799509189 ], [ 637.335216737411884, 256.436376387412679 ] ] ] } },
{ "type": "Feature", "properties": { "feature_type": "building", "subtype": "no-damage", "uid": "e14f6e39-2f53-4dee-aa6d-c2e98e7bff71" }, "geometry": { "type": "Polygon", "coordinates": [ [ [ 559.119980659340513, 245.629999882544297 ], [ 560.967424493815201, 250.644523984496999 ], [ 562.259980658177597, 253.319999882017498 ], [ 562.180201765748734, 258.270652508304579 ], [ 560.682412868048687, 260.267704379693612 ], [ 548.866522655561994, 262.181545752859392 ], [ 547.784786225616699, 255.857548171963714 ], [ 544.206734965548321, 255.857548171963714 ], [ 543.124998531865231, 252.612338890768086 ], [ 542.459314576916654, 249.117498122378407 ], [ 542.497141410883842, 245.669338171246892 ], [ 546.172126514800198, 245.822462549661992 ], [ 545.865877757503199, 244.750591893281296 ], [ 558.115828097972781, 243.372472480070599 ], [ 559.119980659340513, 245.629999882544297 ] ] ] } },
{ "type": "Feature", "properties": { "feature_type": "building", "subtype": "no-damage", "uid": "e8f310f8-b0f9-4217-a74e-e09804bcd8f0" }, "geometry": { "type": "Polygon", "coordinates": [ [ [ 566.091095007496392, 252.196286414603009 ], [ 562.699980659419225, 253.079999882189412 ], [ 561.428206144881642, 250.448861040540493 ], [ 559.519980659832186, 245.259999885301312 ], [ 559.683886932588734, 244.790552409133994 ], [ 563.428359184197575, 244.041657955027006 ], [ 566.091095007496392, 252.196286414603009 ] ] ] } },
{ "type": "Feature", "properties": { "feature_type": "building", "subtype": "no-damage", "uid": "97b88bd1-af6e-4543-a75c-e815c3b836d9" }, "geometry": { "type": "Polygon", "coordinates": [ [ [ 515.166183897321389, 254.552077314411491 ], [ 515.730576386449229, 249.585423401111314 ], [ 520.019959308913371, 248.343759924655103 ], [ 520.810108795607903, 243.03847051675649 ], [ 538.532032982768328, 240.442265061906994 ], [ 538.983546977668084, 249.246787906512907 ], [ 539.209303972197972, 251.73011486316301 ], [ 544.288836381356532, 259.744488224110626 ], [ 544.175957885259663, 265.162656130208575 ], [ 525.889641205233715, 267.645983083120882 ], [ 525.551005714373446, 264.146749646413525 ], [ 520.358594804912968, 263.920992650014625 ], [ 516.520725869873218, 261.889179686162322 ], [ 515.166183897321389, 254.552077314411491 ] ] ] } },
{ "type": "Feature", "properties": { "feature_type": "building", "subtype": "no-damage", "uid": "6473fe5c-cca7-43e7-89eb-356ecce95a86" }, "geometry": { "type": "Polygon", "coordinates": [ [ [ 527.204055947791971, 294.576015775178007 ], [ 526.413906461564693, 289.496483363678294 ], [ 527.429812946526795, 284.416950952178581 ], [ 534.089644327672772, 284.191193955779681 ], [ 534.202522823536128, 280.127568028075075 ], [ 539.169176736364193, 278.998783046080575 ], [ 540.523718713821836, 283.739679962981882 ], [ 546.280522112176527, 283.852558461181388 ], [ 550.7956620326745, 294.576015775178007 ], [ 550.231269545882697, 302.25175363778942 ], [ 532.735102354186552, 306.315379569231823 ], [ 527.204055947791971, 294.576015775178007 ] ] ] } },
{ "type": "Feature", "properties": { "feature_type": "building", "subtype": "no-damage", "uid": "b21903b4-383d-4085-92fe-88d2acc7be22" }, "geometry": { "type": "Polygon", "coordinates": [ [ [ 526.857820912581928, 270.309927198432092 ], [ 541.532025652098014, 268.616749729178196 ], [ 543.789595615617486, 276.518244588188622 ], [ 526.857820913049068, 279.453085537636525 ], [ 525.051764942093314, 276.179609093590216 ], [ 526.857820912581928, 270.309927198432092 ] ] ] } },
{ "type": "Feature", "properties": { "feature_type": "building", "subtype": "no-damage", "uid": "9a73bb74-460c-46f3-8abd-d467fc8c4b86" }, "geometry": { "type": "Polygon", "coordinates": [ [ [ 488.649039715247909, 289.71610425443339 ], [ 488.523986528005196, 286.893123249724113 ], [ 500.672718719134195, 286.976333744209512 ], [ 501.837665642630384, 291.96896341333769 ], [ 503.137665642943489, 291.96896341333769 ], [ 503.17099897355348, 294.568963413966515 ], [ 502.237665638917179, 294.702296747619528 ], [ 502.504332309493577, 299.235630080611486 ], [ 503.30433230720638, 299.268963413090319 ], [ 503.404332308380617, 304.202296747041487 ], [ 502.604332306462823, 304.502296746826573 ], [ 502.645973469539285, 308.566813427577017 ], [ 491.358123670163081, 309.244084413035921 ], [ 488.761918214381694, 304.277430499735715 ], [ 488.649039715247909, 289.71610425443339 ] ] ] } },
{ "type": "Feature", "properties": { "feature_type": "building", "subtype": "no-damage", "uid": "67fe895c-eb73-46dc-9c9d-8cdec5296a53" }, "geometry": { "type": "Polygon", "coordinates": [ [ [ 486.893593563938509, 273.064568145891087 ], [ 490.222013344288428, 272.23246320103641 ], [ 497.294905375546477, 272.14925270655101 ], [ 501.788272076355781, 276.143356441853484 ], [ 502.121114055932594, 280.80314413303978 ], [ 489.140276920183283, 282.883406495176473 ], [ 485.895067631515474, 277.308303364650101 ], [ 486.893593563938509, 273.064568145891087 ] ] ] } },
{ "type": "Feature", "properties": { "feature_type": "building", "subtype": "no-damage", "uid": "5e13a566-b0a5-4270-8fbd-87ff89449771" }, "geometry": { "type": "Polygon", "coordinates": [ [ [ 511.984619370056691, 263.5977974467487 ], [ 505.550544981104395, 266.87127389079501 ], [ 497.896582966746678, 267.232018502133485 ], [ 496.992221891524707, 271.165989166866609 ], [ 485.423625780475788, 272.025132186074018 ], [ 482.760889956943288, 268.530291417684282 ], [ 480.715388693345687, 262.133969951446602 ], [ 480.943032413829485, 255.357667089402298 ], [ 481.281667907960411, 251.632676656296013 ], [ 488.844527274934592, 251.632676656296013 ], [ 489.521798265298685, 248.133443215850889 ], [ 492.039980668227997, 247.22999988264371 ], [ 499.32789899744489, 246.464512193712693 ], [ 499.319980669000074, 246.419999883224108 ], [ 510.291441898468292, 246.214508750198007 ], [ 511.984619370056691, 263.5977974467487 ] ] ] } },
{ "type": "Feature", "properties": { "feature_type": "building", "subtype": "no-damage", "uid": "03384794-93ca-4af5-a330-d2f343cc9025" }, "geometry": { "type": "Polygon", "coordinates": [ [ [ 512.43613335958355, 227.025164086193797 ], [ 516.048245295421339, 230.072883533841207 ], [ 520.224749720854106, 239.554677367643791 ], [ 499.342227588550827, 242.828153807952305 ], [ 498.229980667835491, 246.079999885959609 ], [ 493.929980670843179, 246.529999885637096 ], [ 494.601330675391807, 243.844060291747297 ], [ 495.052844668189209, 238.313013887449898 ], [ 494.036938183927873, 232.894845981351892 ], [ 494.036938186264024, 228.944098551846707 ], [ 495.504358658183207, 227.476678078991597 ], [ 495.38998066878321, 226.379999882633513 ], [ 512.609980668107369, 226.0999998853259 ], [ 512.43613335958355, 227.025164086193797 ] ] ] } },
{ "type": "Feature", "properties": { "feature_type": "building", "subtype": "no-damage", "uid": "c13d2953-6b71-4550-8626-0eb7af1b7595" }, "geometry": { "type": "Polygon", "coordinates": [ [ [ 516.612637789221253, 223.525930645748701 ], [ 512.887647355651438, 224.654715627743201 ], [ 512.709980669982315, 225.599999883192396 ], [ 495.339980671466719, 225.879999884237691 ], [ 495.278601663887002, 225.219108118740394 ], [ 494.488452179762078, 223.413052147549308 ], [ 492.682396209273577, 218.785033728847395 ], [ 492.456639214276493, 216.866099263194513 ], [ 492.230882216008979, 214.83428629934221 ], [ 492.230882219746718, 212.463837840891614 ], [ 492.669980669411189, 210.779999882598901 ], [ 493.724518742559383, 210.1199037673818 ], [ 515.319980668343078, 210.009999884396592 ], [ 516.612637789221253, 223.525930645748701 ] ] ] } },
{ "type": "Feature", "properties": { "feature_type": "building", "subtype": "no-damage", "uid": "ac2ae234-61d7-44d8-b80f-d299342276e8" }, "geometry": { "type": "Polygon", "coordinates": [ [ [ 500.809648067010983, 197.225240606392589 ], [ 509.839927904736498, 197.33811910459201 ], [ 512.43613336005069, 197.676754599190389 ], [ 514.355067825701781, 199.934324559441592 ], [ 515.26998066915769, 209.509999886000799 ], [ 493.578721444901589, 209.6206124535355 ], [ 492.429980670985117, 210.339999884160108 ], [ 489.521798266233191, 210.544903371500908 ], [ 488.844527275168275, 195.64494163160029 ], [ 497.084657629236176, 195.193427642540314 ], [ 497.197536128837214, 193.048736176750793 ], [ 500.132377077347826, 193.048736176750793 ], [ 500.809648067010983, 197.225240606392589 ] ] ] } },
{ "type": "Feature", "properties": { "feature_type": "building", "subtype": "no-damage", "uid": "67002930-90fb-43a9-a5cf-d7b1c119c645" }, "geometry": { "type": "Polygon", "coordinates": [ [ [ 493.433732298590712, 245.635138123054787 ], [ 492.268269047606225, 246.432560348138708 ], [ 488.771879287411025, 247.720703944517794 ], [ 487.913116893485721, 250.665032161075004 ], [ 480.184255323628804, 251.094413358622091 ], [ 480.184255324096, 252.873278322558491 ], [ 476.744934939839823, 252.855678797760987 ], [ 475.413567031344087, 241.289420064280705 ], [ 475.819980671301096, 240.019999882826596 ], [ 493.00998066971232, 239.029999883535993 ], [ 493.433732298590712, 245.635138123054787 ] ] ] } },
{ "type": "Feature", "properties": { "feature_type": "building", "subtype": "no-damage", "uid": "51627ae8-3db9-4330-b9f2-6a9577059092" }, "geometry": { "type": "Polygon", "coordinates": [ [ [ 489.20126048706021, 221.283090161775107 ], [ 489.876002371188576, 222.019172216848887 ], [ 492.206928873858317, 222.87793461194309 ], [ 493.249711784822409, 223.736697010775003 ], [ 494.047134010139189, 225.8222628285003 ], [ 493.924453669651712, 226.803705567352694 ], [ 492.26826904830699, 227.662467966184693 ], [ 492.969980669663073, 238.529999885140199 ], [ 475.989980670867681, 239.509999883192108 ], [ 476.245671973628305, 238.709894735231188 ], [ 473.333304669676579, 226.894004518294508 ], [ 475.247146038401979, 214.828482817901403 ], [ 489.446621174576308, 214.044949962271289 ], [ 489.20126048706021, 221.283090161775107 ] ] ] } },
{ "type": "Feature", "properties": { "feature_type": "building", "subtype": "no-damage", "uid": "1a4b03a6-1a69-40e1-a2a7-a3bab66c3876" }, "geometry": { "type": "Polygon", "coordinates": [ [ [ 461.054567890734916, 283.498135234691688 ], [ 464.270179857537585, 286.101249682698096 ], [ 468.557662474646179, 310.448025988983886 ], [ 450.029612586928579, 312.285518541177396 ], [ 444.249980676122277, 287.46999988495628 ], [ 461.049980676448627, 283.429999885359507 ], [ 461.054567890734916, 283.498135234691688 ] ] ] } },
{ "type": "Feature", "properties": { "feature_type": "building", "subtype": "no-damage", "uid": "7e3a6b58-867c-4f45-a801-74eed135030e" }, "geometry": { "type": "Polygon", "coordinates": [ [ [ 465.801423646358614, 276.148165029655217 ], [ 460.442070372870376, 277.679408821281015 ], [ 460.989980678827692, 282.929999883225889 ], [ 444.139980677213487, 286.989999885300222 ], [ 443.751513036877327, 285.335627786885311 ], [ 440.535901069840918, 268.185697307220892 ], [ 463.504557960791089, 263.898214685436017 ], [ 465.801423646358614, 276.148165029655217 ] ] ] } },
{ "type": "Feature", "properties": { "feature_type": "building", "subtype": "no-damage", "uid": "4764557b-e4ca-46b6-ba36-8bc49c101d74" }, "geometry": { "type": "Polygon", "coordinates": [ [ [ 378.089980690579125, 329.839999885742486 ], [ 377.913118792534817, 329.848184573134915 ], [ 378.525616311800889, 338.270025430814314 ], [ 347.441367322345513, 341.79188615678629 ], [ 340.550770255130487, 312.392005332902784 ], [ 348.36011359633892, 311.473259058674785 ], [ 348.309980691234728, 311.389999884012525 ], [ 374.869980691410092, 309.549999884085082 ], [ 378.089980690579125, 329.839999885742486 ] ] ] } },
{ "type": "Feature", "properties": { "feature_type": "building", "subtype": "no-damage", "uid": "f210e88d-fa72-4a90-a121-16742000569a" }, "geometry": { "type": "Polygon", "coordinates": [ [ [ 401.919940867682783, 299.907995861723009 ], [ 402.089940866548488, 304.275261936900222 ], [ 406.429980683247777, 304.18999988543419 ], [ 407.466123989198024, 321.273219333302677 ], [ 405.475507061161125, 321.42634371171772 ], [ 406.088004580193626, 329.235687055737003 ], [ 396.134919925758709, 330.766930847362801 ], [ 395.828671167293692, 326.785696986145581 ], [ 390.163069137676473, 327.398194503543493 ], [ 389.799980687393827, 327.89999988464092 ], [ 389.256703839601414, 315.804885820946822 ], [ 387.56437237016911, 310.953535619813692 ], [ 387.349980688762514, 302.179999883136816 ], [ 390.761625733932988, 300.517528799707691 ], [ 394.086103346446919, 301.747130110270973 ], [ 396.928298242501398, 299.730088571223973 ], [ 401.919940867682783, 299.907995861723009 ] ] ] } },
{ "type": "Feature", "properties": { "feature_type": "building", "subtype": "no-damage", "uid": "592b47f9-bc0d-46ae-9f77-9bf28aa6adeb" }, "geometry": { "type": "Polygon", "coordinates": [ [ [ 401.89998068486301, 299.399999882637019 ], [ 396.776830733750103, 299.224466229189204 ], [ 394.011986978706318, 301.18661340832108 ], [ 390.734628764315914, 299.97443982159939 ], [ 387.199980685833225, 301.6999998834807 ], [ 381.777880856551121, 302.61917631046299 ], [ 377.905070023904102, 302.163551507721081 ], [ 374.701470018758585, 303.66143720067862 ], [ 374.719980688247176, 303.709999885778075 ], [ 374.454975522818586, 303.589917932427625 ], [ 373.864192379012309, 302.159600844495174 ], [ 373.254692372752913, 300.234863977605016 ], [ 373.620051402266824, 298.651641508512114 ], [ 375.089298939684625, 297.455742354531822 ], [ 374.709980688877408, 292.989999884738495 ], [ 379.759980686499603, 293.149999885869818 ], [ 379.763314766312078, 293.345340177883088 ], [ 401.649980685431785, 292.859999883585772 ], [ 401.89998068486301, 299.399999882637019 ] ] ] } },
{ "type": "Feature", "properties": { "feature_type": "building", "subtype": "no-damage", "uid": "49720a13-e1f3-4f1b-abd5-b49f64a7e819" }, "geometry": { "type": "Polygon", "coordinates": [ [ [ 387.066485225400299, 311.044298807856705 ], [ 388.760508702882476, 315.900499436925088 ], [ 389.329980687575301, 328.559999884168008 ], [ 388.631825339978491, 329.54193581256709 ], [ 378.589980691544099, 329.82999988450382 ], [ 375.364728697132591, 309.510714304830685 ], [ 375.39426171184499, 309.510714304830685 ], [ 375.049980689879305, 304.049999883042688 ], [ 377.987956907018201, 302.676751219797382 ], [ 381.790883936274383, 303.124154402651072 ], [ 386.8469663697295, 302.26354462399928 ], [ 387.066485225400299, 311.044298807856705 ] ] ] } },
{ "type": "Feature", "properties": { "feature_type": "building", "subtype": "no-damage", "uid": "2d958887-e5e2-4e44-9d84-3f1a96b18064" }, "geometry": { "type": "Polygon", "coordinates": [ [ [ 374.20998068814589, 292.979999883499772 ], [ 374.568835557183206, 297.23468155617428 ], [ 373.171416426201688, 298.37211573177882 ], [ 372.736775458002683, 300.255559930190827 ], [ 373.39394211934399, 302.330823065417974 ], [ 374.069825640101499, 303.96717264403128 ], [ 374.555862500297508, 304.179813771476915 ], [ 374.863872787862817, 309.046376273713008 ], [ 348.009980693085197, 310.909999884356523 ], [ 343.460133460898589, 303.663915714655616 ], [ 340.244521500169583, 293.251457922629925 ], [ 342.169980695251127, 291.969999885469406 ], [ 374.20998068814589, 292.979999883499772 ] ] ] } },
{ "type": "Feature", "properties": { "feature_type": "building", "subtype": "no-damage", "uid": "08b63d7f-90d6-4727-be1f-047532aaad35" }, "geometry": { "type": "Polygon", "coordinates": [ [ [ 434.41601474112781, 287.892104648202007 ], [ 435.028512258524984, 290.342094717793373 ], [ 436.40663167266888, 291.873338509419227 ], [ 437.019129189832483, 298.304562440227699 ], [ 435.181636636005521, 299.223308714455584 ], [ 435.189980682389717, 299.309999882701618 ], [ 419.384922682937372, 299.930522142610926 ], [ 419.559980684260779, 303.229999886122073 ], [ 406.394253334220025, 303.663915714655616 ], [ 406.399980683269291, 303.689999883300572 ], [ 402.57087095183482, 303.766098792265382 ], [ 401.929980686476824, 291.239999884746624 ], [ 415.245265660815789, 291.961277282870412 ], [ 419.148958246737493, 291.527533662705082 ], [ 428.007499483957474, 289.156938120897621 ], [ 428.486629724921499, 287.719547400340389 ], [ 433.579980681053087, 287.46999988495628 ], [ 434.41601474112781, 287.892104648202007 ] ] ] } },
{ "type": "Feature", "properties": { "feature_type": "building", "subtype": "no-damage", "uid": "84395f67-bb44-42a6-97a5-c51caf285cb2" }, "geometry": { "type": "Polygon", "coordinates": [ [ [ 436.406631671734374, 311.626383437089885 ], [ 439.469119255917406, 311.167010298107073 ], [ 439.469119255450209, 316.220114815704903 ], [ 437.019129187730016, 316.985736711517688 ], [ 437.325377946895912, 326.632572607730594 ], [ 420.941069367498983, 327.398194503543493 ], [ 419.911827209914179, 300.410145543687406 ], [ 435.239980682042415, 299.809999884835122 ], [ 436.406631671734374, 311.626383437089885 ] ] ] } },
{ "type": "Feature", "properties": { "feature_type": "building", "subtype": "no-damage", "uid": "8328533a-4132-4296-a025-1f5671c4a0e5" }, "geometry": { "type": "Polygon", "coordinates": [ [ [ 432.57852219173941, 286.973358373974122 ], [ 432.669980678357717, 287.019999885278821 ], [ 428.120576379153988, 287.236568606689616 ], [ 427.618263883836221, 288.743506102689707 ], [ 419.05619650293869, 291.034763571365488 ], [ 415.231027521573196, 291.459782346294503 ], [ 401.919980685004418, 290.73999988261312 ], [ 401.759980687611119, 283.909999885015509 ], [ 411.320911484415092, 283.31163517907089 ], [ 412.844262181000317, 283.202824417231625 ], [ 413.581146359164791, 285.474883977554214 ], [ 419.089609011488221, 285.010314838941326 ], [ 419.150701117330527, 283.54410425387249 ], [ 425.526952085888411, 283.176243624067183 ], [ 425.649615595851401, 280.968300416697275 ], [ 432.149980682857915, 280.599999886141518 ], [ 432.57852219173941, 286.973358373974122 ] ] ] } },
{ "type": "Feature", "properties": { "feature_type": "building", "subtype": "no-damage", "uid": "937e426a-9943-4e80-9d9d-0cbfbc6ed946" }, "geometry": { "type": "Polygon", "coordinates": [ [ [ 434.41601474112781, 272.426542342316225 ], [ 435.641009772184589, 279.470263786784926 ], [ 432.119149048552003, 280.082761304182725 ], [ 432.119980677740102, 280.099999884008014 ], [ 425.17518148518252, 280.494236236499717 ], [ 425.052484311834291, 282.702785355834521 ], [ 418.66997967322078, 283.071006777365199 ], [ 418.608391441378785, 284.549124408853686 ], [ 413.934385676015893, 284.943317665335087 ], [ 413.19910574496879, 282.676204558932511 ], [ 411.287406854172218, 282.812754480871774 ], [ 401.739980686068009, 283.409999882881891 ], [ 401.519980686148017, 274.059999883352418 ], [ 415.939180832879515, 273.343043848898503 ], [ 415.939980681563213, 273.329999882629579 ], [ 421.400442503911677, 273.804661755526922 ], [ 427.67854205022519, 272.120293581748399 ], [ 434.41601474112781, 272.426542342316225 ] ] ] } },
{ "type": "Feature", "properties": { "feature_type": "building", "subtype": "no-damage", "uid": "28980249-6992-4448-875d-52ac08499686" }, "geometry": { "type": "Polygon", "coordinates": [ [ [ 361.009980692011084, 274.409999885593379 ], [ 361.363029929479183, 274.425048758252615 ], [ 361.519980690710725, 274.409999885593379 ], [ 373.134558327146578, 274.428770556620577 ], [ 373.467830382620775, 277.094946996679084 ], [ 379.515111069471686, 277.012107535295286 ], [ 379.676259401503728, 292.643495877207272 ], [ 342.509980696253024, 291.479999884574625 ], [ 341.622640913378973, 285.442114578610585 ], [ 342.235138424702427, 277.785895616744085 ], [ 344.838252874341492, 274.417159272924778 ], [ 346.789980696141015, 273.669999883631874 ], [ 361.009980692011084, 274.409999885593379 ] ] ] } },
{ "type": "Feature", "properties": { "feature_type": "building", "subtype": "no-damage", "uid": "289211af-e5f2-420b-bced-74f5eab79ac4" }, "geometry": { "type": "Polygon", "coordinates": [ [ [ 413.591099160367207, 256.348482515294791 ], [ 414.339980680998224, 272.919999884169272 ], [ 393.891203586159577, 273.935717642573479 ], [ 393.584584235411228, 269.888342229885097 ], [ 375.949980687364587, 270.679999883282676 ], [ 375.56998068888322, 260.419999883159278 ], [ 376.779011479890926, 260.271312506260472 ], [ 376.891396021841899, 256.675007175036626 ], [ 389.63998068766432, 256.049999883798876 ], [ 413.591099160367207, 256.348482515294791 ] ] ] } },
{ "type": "Feature", "properties": { "feature_type": "building", "subtype": "no-damage", "uid": "67e11e8a-ae7f-4db4-b599-a53e33255d56" }, "geometry": { "type": "Polygon", "coordinates": [ [ [ 368.460068027881903, 259.945218414160991 ], [ 373.47998069069439, 259.749999886131206 ], [ 373.456489364733272, 260.670015160322691 ], [ 375.069980687918189, 260.479999883116307 ], [ 375.497682101889893, 272.077568828733888 ], [ 375.137804384741628, 272.437446544948102 ], [ 361.349154241046278, 273.923648356307694 ], [ 347.939980694459223, 273.229999885193081 ], [ 348.819486736255726, 272.885915477561298 ], [ 349.278859871033092, 264.464074619881899 ], [ 343.153884705470489, 263.851577102483986 ], [ 343.449980695422823, 258.909999882995407 ], [ 367.442309426229883, 258.475122658346322 ], [ 368.460068027881903, 259.945218414160991 ] ] ] } },
{ "type": "Feature", "properties": { "feature_type": "building", "subtype": "no-damage", "uid": "90e4d839-88eb-4c57-87dc-3226ac7ca27c" }, "geometry": { "type": "Polygon", "coordinates": [ [ [ 355.10177738873449, 246.296428558418711 ], [ 373.799980688751589, 247.369999885035213 ], [ 373.489980690765094, 259.249999883997702 ], [ 368.715042214945413, 259.435103995179588 ], [ 367.700987848074874, 257.970358801546524 ], [ 343.829980697174676, 258.39999988336092 ], [ 345.297626013791216, 256.807855654277716 ], [ 345.144501631404921, 246.08914910542191 ], [ 354.17998069161689, 245.48999988389059 ], [ 355.10177738873449, 246.296428558418711 ] ] ] } },
{ "type": "Feature", "properties": { "feature_type": "building", "subtype": "no-damage", "uid": "f10fd021-3fb1-419c-a5d8-2d2542e7b996" }, "geometry": { "type": "Polygon", "coordinates": [ [ [ 383.382210122811273, 229.417791067266393 ], [ 390.209980686788072, 229.099999883176196 ], [ 390.374360202936373, 236.029829265852101 ], [ 390.283488989865816, 236.029829265852101 ], [ 390.222148821490919, 237.501993372261893 ], [ 390.404360203148485, 237.501993372261893 ], [ 390.589980684802299, 245.48999988389059 ], [ 388.631825340445687, 246.395397862251912 ], [ 388.919980687012924, 255.589999882882694 ], [ 376.406053209717584, 256.198166520353823 ], [ 376.292680758073288, 259.826085062681273 ], [ 373.971277971440202, 260.104653397815696 ], [ 374.299980691585517, 247.399999885013699 ], [ 374.872307774584726, 247.432665935762401 ], [ 378.474269824399414, 246.352077319041513 ], [ 378.879980688221224, 230.79999988444979 ], [ 379.544341191275691, 230.320819052861992 ], [ 379.43146269517888, 228.514763081670907 ], [ 381.237518659359978, 227.950370594411396 ], [ 383.382210122811273, 229.417791067266393 ] ] ] } },
{ "type": "Feature", "properties": { "feature_type": "building", "subtype": "no-damage", "uid": "823cabe8-6874-4f8c-80fc-1a64380cd1c1" }, "geometry": { "type": "Polygon", "coordinates": [ [ [ 412.519228505389208, 246.395397862251912 ], [ 407.619248368080093, 250.989129240866902 ], [ 396.44116868655982, 251.295378001434699 ], [ 392.459934823711308, 248.386014792860493 ], [ 391.109980684974289, 246.239999883353107 ], [ 390.904227530401101, 237.501993372261893 ], [ 391.93967361167762, 237.501993372261893 ], [ 396.900541824374216, 238.739178900385411 ], [ 406.394253337023315, 237.207935105021903 ], [ 411.906730988225604, 236.748561969776802 ], [ 412.519228505389208, 246.395397862251912 ] ] ] } },
{ "type": "Feature", "properties": { "feature_type": "building", "subtype": "no-damage", "uid": "87fb0317-c502-4515-a396-34568fb84235" }, "geometry": { "type": "Polygon", "coordinates": [ [ [ 407.274716406698815, 220.6099998855222 ], [ 407.274716403428272, 221.798909550623307 ], [ 405.679871955130807, 226.828803584905813 ], [ 406.047912981966476, 235.355087380788603 ], [ 390.869980686781673, 235.999999885707297 ], [ 390.70998068705228, 229.079999884436404 ], [ 390.719312496423925, 229.0791555726681 ], [ 390.709980687986672, 228.869999884586889 ], [ 390.669835035429912, 227.308175515341986 ], [ 390.599980689778818, 227.309999885704798 ], [ 390.154920004492794, 220.387511226261608 ], [ 389.929980690181708, 219.279999885229387 ], [ 406.870173941876089, 219.056250520024889 ], [ 407.274716406698815, 220.6099998855222 ] ] ] } },
{ "type": "Feature", "properties": { "feature_type": "building", "subtype": "no-damage", "uid": "9c209be9-d7b2-45bf-b1b1-4c61c774a4c9" }, "geometry": { "type": "Polygon", "coordinates": [ [ [ 412.611311295699522, 206.341186409025596 ], [ 412.488630958248791, 207.506649661646406 ], [ 412.059249754628411, 210.696338565720112 ], [ 412.733991642260889, 212.659224043424899 ], [ 412.549971124287708, 215.664892429992392 ], [ 407.559980684461607, 219.729999884906903 ], [ 407.255121845450617, 218.551073438643414 ], [ 389.829980689708293, 218.779999883095911 ], [ 389.026135022032179, 214.856464821964209 ], [ 386.664418889416595, 206.525206922794013 ], [ 392.307714637345327, 206.034485555236614 ], [ 401.263379633569684, 205.911805211478509 ], [ 412.611311295699522, 206.341186409025596 ] ] ] } },
{ "type": "Feature", "properties": { "feature_type": "building", "subtype": "no-damage", "uid": "e0df543b-3482-4ca3-93fb-ba2a6d21a488" }, "geometry": { "type": "Polygon", "coordinates": [ [ [ 371.909980690107773, 226.639999884938987 ], [ 371.868603325634922, 227.047342608815796 ], [ 374.906520929122109, 227.412854532219512 ], [ 378.189799216387826, 227.950370594411396 ], [ 378.419980688239775, 229.139999884393404 ], [ 377.983777358610382, 245.977209733951298 ], [ 374.813029524874821, 246.928434084820509 ], [ 355.301842602298677, 245.807101501912911 ], [ 354.359980695692684, 244.979999884255989 ], [ 355.449980692418706, 226.349999882654998 ], [ 371.909980690107773, 226.639999884938987 ] ] ] } },
{ "type": "Feature", "properties": { "feature_type": "building", "subtype": "no-damage", "uid": "384a4b22-f229-4eec-abe7-cdda4ab4de3f" }, "geometry": { "type": "Polygon", "coordinates": [ [ [ 380.898883167331689, 219.484483240666009 ], [ 372.432995818033191, 221.177660709919991 ], [ 371.959980687658003, 226.139999882805512 ], [ 355.479980696134874, 225.849999884259205 ], [ 355.556959423186925, 224.498611625557601 ], [ 353.413218116267785, 216.995517042106087 ], [ 354.944461904621619, 210.564293111297502 ], [ 369.15951937585902, 210.567081897860589 ], [ 369.723911865687626, 208.648147428470111 ], [ 380.447369175235224, 208.535268930270604 ], [ 380.898883167331689, 219.484483240666009 ] ] ] } },
{ "type": "Feature", "properties": { "feature_type": "building", "subtype": "no-damage", "uid": "41d4fd0a-2f60-40bf-8902-9feabff072a5" }, "geometry": { "type": "Polygon", "coordinates": [ [ [ 27.49427973516044, 516.91223647823756 ], [ 17.93917851731884, 517.950834439309915 ], [ 15.446543416260729, 505.279939339643477 ], [ 15.009980746546271, 505.249999883392377 ], [ 16.874733482471431, 503.571414663449389 ], [ 26.609980743517749, 503.079999883701475 ], [ 27.49427973516044, 516.91223647823756 ] ] ] } },
{ "type": "Feature", "properties": { "feature_type": "building", "subtype": "no-damage", "uid": "f0cca11e-88c0-42a6-b08a-fbe3acfc561a" }, "geometry": { "type": "Polygon", "coordinates": [ [ [ 23.46231259058526, 452.874664359488577 ], [ 25.452929522359931, 454.252783772699274 ], [ 28.515417103739601, 498.811978145638591 ], [ 26.581417452113151, 498.745495096596812 ], [ 26.58141744930985, 502.57999988530571 ], [ 16.672208532811329, 503.081005912034016 ], [ 14.34865986644933, 505.172199717368414 ], [ 14.369980745292381, 505.199999884674128 ], [ 4.347218031202947, 504.449060975270925 ], [ 1.390955468560294, 465.503989316658988 ], [ 1.390953166119496, 454.076506520579414 ], [ 6.838010523651777, 454.367358844584089 ], [ 8.090670238931621, 452.886942820258298 ], [ 20.94998074415286, 452.119999884087008 ], [ 23.46231259058526, 452.874664359488577 ] ] ] } },
{ "type": "Feature", "properties": { "feature_type": "building", "subtype": "no-damage", "uid": "de57c855-5254-407a-8627-4d1973440629" }, "geometry": { "type": "Polygon", "coordinates": [ [ [ 20.369980747060861, 451.649999885669672 ], [ 7.847226088558073, 452.400586525368624 ], [ 6.616558843686114, 453.855011450490679 ], [ 1.390953050717127, 453.578247701921725 ], [ 1.390947857610499, 433.983002127884617 ], [ 5.087387080114508, 432.202873157589977 ], [ 18.56233245210807, 431.590375640192121 ], [ 20.369980747060861, 451.649999885669672 ] ] ] } },
{ "type": "Feature", "properties": { "feature_type": "building", "subtype": "no-damage", "uid": "df41edc3-eb03-4b6b-b8a9-f30c1d9eac89" }, "geometry": { "type": "Polygon", "coordinates": [ [ [ 27.772684949045299, 499.64198251320272 ], [ 29.389592871978671, 499.469328932862823 ], [ 28.711988608214948, 486.99014595320449 ], [ 84.941063682662474, 482.09403945761278 ], [ 89.802698240439412, 483.287597907668385 ], [ 92.173146697252491, 485.770924864318488 ], [ 92.850417687850168, 503.718606051866516 ], [ 31.842309771542048, 508.821247396334002 ], [ 29.08400850387719, 503.756825391718792 ], [ 27.772684949045299, 499.64198251320272 ] ] ] } },
{ "type": "Feature", "properties": { "feature_type": "building", "subtype": "no-damage", "uid": "84e42248-86c9-437e-9955-07daf6046f67" }, "geometry": { "type": "Polygon", "coordinates": [ [ [ 102.197182119833101, 472.183874921181314 ], [ 108.518378008717207, 470.942211440987307 ], [ 116.081237379429297, 470.49069745192719 ], [ 127.481965675836705, 473.0869029067768 ], [ 128.046358165198086, 496.001238003887295 ], [ 102.761574609895305, 496.678508993083881 ], [ 102.197182119833101, 472.183874921181314 ] ] ] } },
{ "type": "Feature", "properties": { "feature_type": "building", "subtype": "no-damage", "uid": "c38bce27-94da-4390-8fae-746c73c10cf8" }, "geometry": { "type": "Polygon", "coordinates": [ [ [ 108.066864020592007, 460.444511127127384 ], [ 116.306994375127104, 460.444511127127384 ], [ 118.903199825301996, 461.460417607184695 ], [ 118.451685837644007, 467.330099506080501 ], [ 107.953985521458193, 467.442978004280008 ], [ 107.276714534598298, 463.830866065635291 ], [ 108.066864020592007, 460.444511127127384 ] ] ] } },
{ "type": "Feature", "properties": { "feature_type": "building", "subtype": "no-damage", "uid": "b73c95ec-4270-4800-bfeb-796ff9e95576" }, "geometry": { "type": "Polygon", "coordinates": [ [ [ 81.266169627010783, 561.465361938679621 ], [ 99.053119671652951, 561.775673617675352 ], [ 101.965486973969405, 564.271988452239498 ], [ 101.799065990138004, 569.431039110338588 ], [ 107.457379609304198, 569.431039110338588 ], [ 112.033956804365303, 573.092300867699237 ], [ 111.867535817263402, 589.235136797880386 ], [ 94.300751076156814, 589.282447452304041 ], [ 94.300751076857637, 593.582447454206431 ], [ 95.434084408469275, 594.61578078721459 ], [ 95.455334696103378, 597.280267422614202 ], [ 86.728250347204707, 597.551575743288822 ], [ 86.773468403687346, 587.829694218808186 ], [ 78.453346538136302, 587.196641466829647 ], [ 78.676351789095577, 586.30153543994777 ], [ 81.279466235230601, 579.870311509139128 ], [ 81.266169627010783, 561.465361938679621 ] ] ] } },
{ "type": "Feature", "properties": { "feature_type": "building", "subtype": "no-damage", "uid": "098486b5-a3d3-456a-88f0-fc2c7384bdd7" }, "geometry": { "type": "Polygon", "coordinates": [ [ [ 12.15504797709402, 673.726534484606532 ], [ 14.49801209415298, 676.980401343137373 ], [ 22.613604200367391, 678.052271999517984 ], [ 21.05783281505742, 694.090085942586143 ], [ 22.739980745360249, 693.769999882861043 ], [ 24.909489172537171, 696.532945210994285 ], [ 40.095348284314603, 697.702092391317365 ], [ 56.116521774051662, 698.943169208848531 ], [ 60.909980740008187, 699.609999884905733 ], [ 62.597120082564572, 700.451527710757546 ], [ 62.597120083265388, 709.030293562702354 ], [ 20.26768332696124, 704.740910638598734 ], [ 19.703290840636718, 698.645471743304142 ], [ 19.3646553430018, 694.017453324602229 ], [ 16.65557139182431, 694.807602811998322 ], [ 14.05936593954698, 694.807602811998322 ], [ 11.576038982198479, 694.356088819200522 ], [ 9.88286151084368, 692.324275855348219 ], [ 9.639980748997893, 692.199999882740144 ], [ 9.253181866871859, 691.323568257948409 ], [ 9.746779348347642, 684.054223556746706 ], [ 10.36365385919699, 673.121847825678401 ], [ 12.15504797709402, 673.726534484606532 ] ] ] } },
{ "type": "Feature", "properties": { "feature_type": "building", "subtype": "no-damage", "uid": "6b88acec-e84b-4465-9060-d562651b6a86" }, "geometry": { "type": "Polygon", "coordinates": [ [ [ 32.44998074368791, 688.949999883823125 ], [ 33.767714313790037, 690.567205321308506 ], [ 36.459912843024362, 691.152465872341168 ], [ 44.491480167457809, 692.185095959194882 ], [ 48.083738712053098, 688.70509549073472 ], [ 62.419980738535337, 693.129999885811458 ], [ 61.355456604007117, 695.259116804796122 ], [ 60.63998073809946, 699.059999884054037 ], [ 56.170167102818041, 698.445826877497666 ], [ 40.13384715019783, 697.203576742116525 ], [ 25.166916395818159, 696.051284684307234 ], [ 22.899980747425779, 693.169999883290984 ], [ 23.315402775072819, 686.978740567234127 ], [ 32.44998074368791, 688.949999883823125 ] ] ] } },
{ "type": "Feature", "properties": { "feature_type": "building", "subtype": "no-damage", "uid": "416ccf0c-ffc3-4f3e-9ace-bdda2e748128" }, "geometry": { "type": "Polygon", "coordinates": [ [ [ 49.164578818335428, 677.988706606444907 ], [ 56.614559690147338, 679.681884075698804 ], [ 64.403176050483452, 682.842482021545607 ], [ 62.822877079196857, 692.324275855348219 ], [ 62.649980740161297, 692.679999886133942 ], [ 47.948446447005693, 688.140013956951634 ], [ 44.316481119224648, 691.658480365644095 ], [ 36.545058721915048, 690.659297488645393 ], [ 34.04484634706192, 690.115773057683555 ], [ 32.979980747668293, 688.809999885169418 ], [ 36.635065540635424, 677.085678620849308 ], [ 40.924448466370023, 676.747043126250901 ], [ 49.164578818335428, 677.988706606444907 ] ] ] } },
{ "type": "Feature", "properties": { "feature_type": "building", "subtype": "no-damage", "uid": "169c58b5-e21a-44b9-9bc7-65f03acb2b00" }, "geometry": { "type": "Polygon", "coordinates": [ [ [ 9.329980750076897, 681.099999883218743 ], [ 9.247237320518011, 684.030523105806765 ], [ 8.746037618245106, 691.41182777336337 ], [ 9.169980747777757, 692.389999883849896 ], [ 9.092712024616363, 693.34018233540553 ], [ 8.866955029619337, 693.904574826402836 ], [ 1.390893000136358, 693.523887276488836 ], [ 1.390901977926769, 680.721669640219829 ], [ 9.329980750076897, 681.099999883218743 ] ] ] } },
{ "type": "Feature", "properties": { "feature_type": "building", "subtype": "no-damage", "uid": "e4596dc4-776c-43a4-ae2c-2fe9b358d146" }, "geometry": { "type": "Polygon", "coordinates": [ [ [ 86.573144199640225, 784.588026089030905 ], [ 93.635610320628658, 782.926269356547891 ], [ 97.374562969412523, 784.588026089030905 ], [ 101.944393992379801, 785.418904457141252 ], [ 106.514225010908405, 787.288380782586273 ], [ 104.852468276324601, 798.505238738993967 ], [ 95.920525832462673, 799.751556289290647 ], [ 85.326826654016941, 798.297519146031959 ], [ 86.573144199640225, 784.588026089030905 ] ] ] } },
{ "type": "Feature", "properties": { "feature_type": "building", "subtype": "no-damage", "uid": "993fe945-4829-4965-b8cb-ad6a8fbffdb8" }, "geometry": { "type": "Polygon", "coordinates": [ [ [ 70.578735639228427, 804.321387308291037 ], [ 100.490356850056898, 806.190863633735944 ], [ 99.451758891788856, 827.378261992516968 ], [ 89.065779303968853, 827.378261992516968 ], [ 88.027181344299137, 823.0161505664787 ], [ 72.240492373111422, 823.0161505664787 ], [ 70.578735639228427, 804.321387308291037 ] ] ] } },
{ "type": "Feature", "properties": { "feature_type": "building", "subtype": "no-damage", "uid": "1caac39c-3084-4c15-983e-57c2eb9aea10" }, "geometry": { "type": "Polygon", "coordinates": [ [ [ 139.24478780291011, 427.68866081423522 ], [ 141.321983719446195, 426.650062853162808 ], [ 142.360581676779788, 425.819184485052403 ], [ 142.983740453329204, 424.57286693475578 ], [ 153.785159221466301, 424.15742775256939 ], [ 155.031476771761703, 440.774995092350082 ], [ 159.601307789356014, 440.359555910163806 ], [ 163.54798003343771, 448.66833958005418 ], [ 145.268655962827211, 450.745535498461209 ], [ 144.43777759378321, 445.760265297274486 ], [ 140.491105352971914, 446.175704479460819 ], [ 139.660226986030409, 439.528677542053515 ], [ 139.24478780291011, 427.68866081423522 ] ] ] } },
{ "type": "Feature", "properties": { "feature_type": "building", "subtype": "no-damage", "uid": "455ff9a7-ffda-4433-9fb5-58b59325e359" }, "geometry": { "type": "Polygon", "coordinates": [ [ [ 189.932104185508592, 440.675791885200908 ], [ 193.260523963055306, 446.666947488154676 ], [ 194.591891877157593, 452.325261113166675 ], [ 179.614002867918799, 454.322312980818026 ], [ 171.95863738086959, 446.084474026756425 ], [ 170.969980725432009, 437.739999885669988 ], [ 189.539980719582502, 434.799999884038982 ], [ 189.932104185508592, 440.675791885200908 ] ] ] } },
{ "type": "Feature", "properties": { "feature_type": "building", "subtype": "no-damage", "uid": "43727254-7dc8-444d-8110-7a365ad7d3b6" }, "geometry": { "type": "Polygon", "coordinates": [ [ [ 189.516051709811194, 414.38127562779249 ], [ 190.431367151953708, 419.540326285891581 ], [ 191.263472096340394, 427.278902273040273 ], [ 191.679524569701812, 434.018952326363319 ], [ 189.749980719899014, 434.389999885578675 ], [ 189.7323772237649, 434.260017623685826 ], [ 170.909980723139, 437.239999883536484 ], [ 170.627269464431293, 434.85105727121811 ], [ 173.622847269642989, 434.268583809819688 ], [ 170.700187452851793, 414.002979304680309 ], [ 180.030055344083507, 412.217802771170284 ], [ 187.851841819869804, 411.552118815286519 ], [ 189.516051709811194, 414.38127562779249 ] ] ] } },
{ "type": "Feature", "properties": { "feature_type": "building", "subtype": "no-damage", "uid": "ef04b9dc-5405-4ba3-bb55-910cb658ceed" }, "geometry": { "type": "Polygon", "coordinates": [ [ [ 218.829980712893189, 446.74999988419728 ], [ 217.033740774278613, 452.292418398677285 ], [ 205.301061057445395, 455.371206694639682 ], [ 201.919980715059808, 448.229999884382721 ], [ 209.907317832433108, 444.401900194429288 ], [ 215.739980713241607, 441.779999885266875 ], [ 218.829980712893189, 446.74999988419728 ] ] ] } },
{ "type": "Feature", "properties": { "feature_type": "building", "subtype": "no-damage", "uid": "77056826-04b5-4310-a5b1-64532614ecd2" }, "geometry": { "type": "Polygon", "coordinates": [ [ [ 213.270870056755712, 437.806199428000014 ], [ 215.479980713973305, 441.349999884329122 ], [ 209.696805266184896, 443.948330813479288 ], [ 201.70998071964911, 447.779999884705092 ], [ 201.300876128174195, 446.928011961916582 ], [ 198.172527397384414, 442.08213843766481 ], [ 198.295207743712211, 438.156367482255121 ], [ 199.059980718202212, 435.859999884525394 ], [ 200.577357619539413, 435.189692373354887 ], [ 209.839980717319492, 432.419999884498623 ], [ 213.270870056755712, 437.806199428000014 ] ] ] } },
{ "type": "Feature", "properties": { "feature_type": "building", "subtype": "no-damage", "uid": "3b0c43d9-a01f-4b39-9877-e7783c669ff3" }, "geometry": { "type": "Polygon", "coordinates": [ [ [ 253.230305872152087, 436.066371974010679 ], [ 219.269980716938193, 446.509999884369279 ], [ 213.694073579977612, 437.539915291048601 ], [ 210.289980716529413, 432.209999884649108 ], [ 209.879980714331708, 428.539999886033002 ], [ 214.537425943921903, 428.078164503405617 ], [ 216.451267316385014, 422.170219394937192 ], [ 229.01605198344501, 420.089957032800498 ], [ 246.906308289160108, 416.678326758896276 ], [ 253.230305872152087, 436.066371974010679 ] ] ] } },
{ "type": "Feature", "properties": { "feature_type": "building", "subtype": "no-damage", "uid": "ec9b5067-0803-4d22-800b-61abbf530071" }, "geometry": { "type": "Polygon", "coordinates": [ [ [ 205.800324023890511, 418.425747143091087 ], [ 209.299980717706887, 427.919999883985383 ], [ 209.75932336523411, 431.926346081993813 ], [ 200.403586963652202, 434.719765010216804 ], [ 198.67998071551591, 435.479999886043572 ], [ 197.375105175104494, 435.702760633255309 ], [ 194.001395757732894, 428.46462043375152 ], [ 194.369436787839106, 421.103799890489483 ], [ 194.949980717880806, 420.519999883058574 ], [ 198.243022821653199, 419.914425009002287 ], [ 205.539980714954112, 417.729999885057907 ], [ 205.800324023890511, 418.425747143091087 ] ] ] } },
{ "type": "Feature", "properties": { "feature_type": "building", "subtype": "no-damage", "uid": "330d49f4-0439-4dbd-8f0f-25ff8018c60d" }, "geometry": { "type": "Polygon", "coordinates": [ [ [ 205.369980715154014, 417.259999882902775 ], [ 198.125680293020707, 419.427628129357799 ], [ 195.159980717730093, 419.969999885944617 ], [ 194.124076099855699, 416.135246026217203 ], [ 201.390167818033802, 413.433117473963023 ], [ 203.720061662456601, 412.767433518079201 ], [ 205.369980715154014, 417.259999882902775 ] ] ] } },
{ "type": "Feature", "properties": { "feature_type": "building", "subtype": "no-damage", "uid": "38568bef-4101-49af-bf01-89d674372687" }, "geometry": { "type": "Polygon", "coordinates": [ [ [ 327.910475693266903, 404.0345751450036 ], [ 333.422953346805286, 416.743898624467988 ], [ 342.916664856651209, 438.181311722179487 ], [ 303.104326254329976, 444.765660031403115 ], [ 298.051221739306811, 441.243799309168821 ], [ 292.998117220545907, 434.965699756775223 ], [ 291.349980703684309, 425.219999885920174 ], [ 291.891222445407607, 424.650907556333891 ], [ 313.379137732747893, 420.537986273976003 ], [ 309.389980700862623, 405.789999886138276 ], [ 309.524894360637518, 404.99597914355968 ], [ 324.110378060060327, 404.027648274290982 ], [ 324.099980699963226, 403.939999884972224 ], [ 327.910475693266903, 404.0345751450036 ] ] ] } },
{ "type": "Feature", "properties": { "feature_type": "building", "subtype": "no-damage", "uid": "76b9415a-57aa-46a5-84ec-4d3057db881a" }, "geometry": { "type": "Polygon", "coordinates": [ [ [ 286.389980701792524, 425.959999884144111 ], [ 265.168398977023401, 430.05953455517988 ], [ 261.899980705504674, 425.209999884681508 ], [ 259.107132895201175, 415.211723555343326 ], [ 283.149980706920701, 410.259999882935176 ], [ 286.389980701792524, 425.959999884144111 ] ] ] } },
{ "type": "Feature", "properties": { "feature_type": "building", "subtype": "no-damage", "uid": "8b5ee8db-6b82-4949-b571-35f3e73c68b2" }, "geometry": { "type": "Polygon", "coordinates": [ [ [ 254.410773650683097, 384.128405838917786 ], [ 255.482644305661097, 385.506525252128597 ], [ 257.473261235800521, 385.965898387373727 ], [ 260.688873200734406, 400.053341283786494 ], [ 265.38998070471348, 399.609999883091291 ], [ 264.187477017528522, 401.464980575771108 ], [ 263.46131530872708, 405.337843030191095 ], [ 259.58451181596962, 406.027052541219689 ], [ 260.785919362625009, 409.030571408678725 ], [ 257.465589091446191, 411.105777827612599 ], [ 258.739980709796782, 414.779999885925918 ], [ 258.48153936249679, 414.830139589724809 ], [ 261.229980705206685, 424.689999883808184 ], [ 254.127168167514213, 427.237886682380918 ], [ 252.593663889694113, 421.717271276803274 ], [ 249.4653151577362, 422.821394355676091 ], [ 247.379749335574388, 414.847172101098579 ], [ 249.4653151561009, 413.436348164699098 ], [ 249.219954473023307, 411.044081489447194 ], [ 250.623505671499998, 409.932371090699291 ], [ 248.930328202014095, 402.143754726150576 ], [ 242.270496818298312, 385.550615516996118 ], [ 242.160823306008609, 383.822157078350074 ], [ 254.104524892451707, 380.912793873513579 ], [ 254.410773650683097, 384.128405838917786 ] ] ] } },
{ "type": "Feature", "properties": { "feature_type": "building", "subtype": "no-damage", "uid": "5f25f218-78e6-4755-bd05-1c357ec6179a" }, "geometry": { "type": "Polygon", "coordinates": [ [ [ 276.147032572851685, 399.435029710913682 ], [ 279.474809066520777, 400.433362658338012 ], [ 281.829216932469819, 401.569973352535385 ], [ 283.469215993278908, 403.288067611835174 ], [ 283.05998070651799, 409.299999883623173 ], [ 282.957730137678027, 409.322990225939009 ], [ 283.049980704578502, 409.769999885778191 ], [ 259.239980707491327, 414.669999883512787 ], [ 258.068902883138321, 411.318330527875673 ], [ 261.40541216985622, 409.233012226273786 ], [ 260.276925871387903, 406.41179647974991 ], [ 263.889066878344011, 405.769638079010974 ], [ 264.660694070513216, 401.654293062826014 ], [ 266.019980705195906, 399.549999883134376 ], [ 270.488833472549402, 399.134595005820813 ], [ 274.109980705386818, 398.459999882669479 ], [ 276.147032572851685, 399.435029710913682 ] ] ] } },
{ "type": "Feature", "properties": { "feature_type": "building", "subtype": "no-damage", "uid": "e5e86360-f6d2-402d-afac-5e84ded26d91" }, "geometry": { "type": "Polygon", "coordinates": [ [ [ 312.755902475964717, 420.148200692792386 ], [ 292.209980701354084, 424.079999882999402 ], [ 289.159980701985205, 409.279999884883409 ], [ 293.514848722156387, 409.101530813780812 ], [ 298.940165746638399, 406.931404004172691 ], [ 302.129980699998328, 406.349999884491183 ], [ 308.969980702565579, 406.119999885901905 ], [ 312.755902475964717, 420.148200692792386 ] ] ] } },
{ "type": "Feature", "properties": { "feature_type": "building", "subtype": "no-damage", "uid": "ae7ee191-06ba-469f-8b86-008f28615ff8" }, "geometry": { "type": "Polygon", "coordinates": [ [ [ 320.254256727202915, 386.119022769526509 ], [ 321.769980697508004, 403.679999882666721 ], [ 309.096777142584074, 404.523301167280408 ], [ 308.913883047516606, 405.62066575263708 ], [ 303.209980702260225, 405.809999884878096 ], [ 303.450668006596516, 403.001555900802373 ], [ 301.67605416927239, 397.255187288882723 ], [ 300.89044446181822, 396.207707681122884 ], [ 298.059247857535979, 393.376511074268308 ], [ 299.599980699633306, 385.369999883328205 ], [ 320.254256727202915, 386.119022769526509 ] ] ] } },
{ "type": "Feature", "properties": { "feature_type": "building", "subtype": "no-damage", "uid": "0f83df2d-bbeb-431f-ac63-97b6559fb548" }, "geometry": { "type": "Polygon", "coordinates": [ [ [ 296.979351079423111, 380.453420734530823 ], [ 299.099980703106894, 385.299999885870079 ], [ 297.518226799249874, 393.542596800199874 ], [ 300.511764808477722, 396.536134803590414 ], [ 301.223944001293205, 397.485707063481982 ], [ 302.944170937027593, 403.055965701586103 ], [ 302.71499334104368, 405.729704295392992 ], [ 298.800781771673428, 406.448641112937082 ], [ 293.408734509083615, 408.605460016573488 ], [ 283.578588321035909, 409.00833486155841 ], [ 283.983111534921193, 403.10229597223298 ], [ 282.128269828278405, 401.159128470434325 ], [ 279.656469018046096, 399.965845319038579 ], [ 276.327405951949686, 398.967126398811615 ], [ 274.359980703416511, 398.029999885469522 ], [ 273.091947916348374, 396.378356179399418 ], [ 271.254455368828815, 391.7846248007844 ], [ 272.632574782972597, 385.659649630543583 ], [ 276.154435503101013, 383.669032699934974 ], [ 276.460684261565973, 381.678415769326477 ], [ 282.891908190966717, 381.831540147741521 ], [ 282.891908192835501, 379.228425699735112 ], [ 296.979351079423111, 380.453420734530823 ] ] ] } },
{ "type": "Feature", "properties": { "feature_type": "building", "subtype": "no-damage", "uid": "289a804a-7bc4-44ae-8621-f541c4e77675" }, "geometry": { "type": "Polygon", "coordinates": [ [ [ 162.209311301494495, 492.271666307892986 ], [ 177.827997987415387, 493.649785721103683 ], [ 179.206117402259991, 494.874780755899394 ], [ 178.440495502943691, 508.502850513329406 ], [ 159.606196854892289, 507.277855478533695 ], [ 158.993699336327012, 501.306004686707979 ], [ 158.993699339597498, 496.406024547525192 ], [ 162.209311301494495, 492.271666307892986 ] ] ] } },
{ "type": "Feature", "properties": { "feature_type": "building", "subtype": "no-damage", "uid": "b8b833a0-8cea-47be-865a-14f65def5f4f" }, "geometry": { "type": "Polygon", "coordinates": [ [ [ 191.609192122078895, 542.037089573107437 ], [ 190.384197085415508, 537.137109437662389 ], [ 190.843570223930698, 532.084004920064558 ], [ 196.202923500455796, 521.824671510191592 ], [ 221.774694832635191, 524.887159093443074 ], [ 221.315321693652805, 533.155875576445169 ], [ 224.07156052451009, 535.758990024451577 ], [ 221.621570453285898, 538.974601989855955 ], [ 219.477829145665993, 541.424592055709581 ], [ 215.037222145003113, 544.02770650371599 ], [ 212.587232076582211, 546.937069712290167 ], [ 198.499789184621704, 545.405825916926688 ], [ 197.734167289276797, 542.649587090505293 ], [ 191.609192122078895, 542.037089573107437 ] ] ] } },
{ "type": "Feature", "properties": { "feature_type": "building", "subtype": "no-damage", "uid": "aaef9297-44f6-4886-bbf3-dca2b24a0b7b" }, "geometry": { "type": "Polygon", "coordinates": [ [ [ 160.984316271605792, 553.215169260946027 ], [ 169.099908367307791, 553.368293639361013 ], [ 169.865530264054399, 547.85581598651811 ], [ 187.015460742767488, 549.693308538711676 ], [ 185.790465707272205, 573.58071170601454 ], [ 175.99050543428919, 576.183826154021062 ], [ 171.703022819983886, 574.346333601827496 ], [ 168.640535232997593, 570.671348501178159 ], [ 161.290565028435509, 571.130721636423232 ], [ 159.453072477645406, 565.005746466182472 ], [ 158.687450580431687, 557.962025017976089 ], [ 160.984316271605792, 553.215169260946027 ] ] ] } },
{ "type": "Feature", "properties": { "feature_type": "building", "subtype": "no-damage", "uid": "68f78491-d1b5-4e4b-8f74-5f483439e2c8" }, "geometry": { "type": "Polygon", "coordinates": [ [ [ 200.309980715592104, 603.429999882809511 ], [ 200.392618805914907, 613.348449445956817 ], [ 201.557565726374207, 617.67539515920123 ], [ 199.560513861294595, 637.313071857772115 ], [ 162.115791349878009, 635.399230484606278 ], [ 161.782949374038907, 623.749761256640568 ], [ 162.531843822538491, 617.67539515920123 ], [ 163.863211732202302, 615.345501313608111 ], [ 167.524473492596286, 615.012659335666285 ], [ 167.940525959883786, 612.682765490073052 ], [ 170.43684079678161, 609.10471422719786 ], [ 190.490569962854408, 609.437556205139799 ], [ 190.49056996168639, 603.169999884241747 ], [ 200.309980715592104, 603.429999882809511 ] ] ] } },
{ "type": "Feature", "properties": { "feature_type": "building", "subtype": "no-damage", "uid": "1086996a-a683-4b85-8b15-2a081adcbad0" }, "geometry": { "type": "Polygon", "coordinates": [ [ [ 203.887459573366698, 600.034770328281638 ], [ 203.38819660598719, 602.94713763527318 ], [ 200.889980715954607, 603.149999885501984 ], [ 200.898590766435802, 602.946859155806237 ], [ 190.359980719772807, 602.659999884607259 ], [ 188.393580158313, 598.386861151283142 ], [ 189.159202053657907, 591.955637220474614 ], [ 203.887459572432306, 591.713720879734751 ], [ 203.887459573366698, 600.034770328281638 ] ] ] } },
{ "type": "Feature", "properties": { "feature_type": "building", "subtype": "no-damage", "uid": "6e7599f3-4029-43d8-a74c-aec4ab41c121" }, "geometry": { "type": "Polygon", "coordinates": [ [ [ 366.447044082400225, 716.770818285656333 ], [ 366.637999566772521, 715.84935942967536 ], [ 382.83180476179291, 717.812244903642409 ], [ 384.975093968482611, 718.14893769886703 ], [ 383.750098938360225, 731.470758695729273 ], [ 382.065730766452191, 733.15512686950774 ], [ 368.897034152222773, 732.083256216864811 ], [ 364.915800289607887, 730.398888046824027 ], [ 366.447044082400225, 716.770818285656333 ] ] ] } },
{ "type": "Feature", "properties": { "feature_type": "building", "subtype": "no-damage", "uid": "d4903acb-2353-4caa-8cd4-39a8184ec798" }, "geometry": { "type": "Polygon", "coordinates": [ [ [ 370.073049154621515, 709.531321799013767 ], [ 382.647784244754121, 710.512764537866133 ], [ 383.07716544113282, 716.340080800970441 ], [ 369.827688469908594, 715.235957718359828 ], [ 368.539544874465207, 713.334412410665209 ], [ 368.600885044241807, 711.43286710297059 ], [ 370.073049154621515, 709.531321799013767 ] ] ] } },
{ "type": "Feature", "properties": { "feature_type": "building", "subtype": "no-damage", "uid": "726dbf3b-b531-4e1a-8189-2f501aa04118" }, "geometry": { "type": "Polygon", "coordinates": [ [ [ 396.062133219447617, 715.937357053662822 ], [ 397.643132614202727, 714.689199632643067 ], [ 399.057711017417375, 714.689199636380749 ], [ 401.886867834826376, 714.855620625351776 ], [ 403.051814752949724, 715.188462603293601 ], [ 406.380234534467718, 715.52130458123554 ], [ 407.96123392805481, 717.268724961692669 ], [ 406.713076514044474, 736.15750720989422 ], [ 397.726343109388893, 735.991086220923307 ], [ 394.980396792071872, 734.410086825699409 ], [ 396.062133219447617, 715.937357053662822 ] ] ] } },
{ "type": "Feature", "properties": { "feature_type": "building", "subtype": "no-damage", "uid": "66fef676-cc79-4065-94ef-e01986a93b5d" }, "geometry": { "type": "Polygon", "coordinates": [ [ [ 470.819980677069225, 719.00999988097135 ], [ 471.240982916912515, 732.865099895774392 ], [ 472.563429546183215, 736.948912140512448 ], [ 463.354279067011078, 736.948912140512448 ], [ 460.904288999758194, 731.130185727101775 ], [ 461.057413376304225, 719.952106039263185 ], [ 461.210537756587996, 718.573986626052374 ], [ 470.819980677069225, 719.00999988097135 ] ] ] } },
{ "type": "Feature", "properties": { "feature_type": "building", "subtype": "no-damage", "uid": "97d88e24-62d9-43ce-a250-d7fdefd8d902" }, "geometry": { "type": "Polygon", "coordinates": [ [ [ 483.691842773370183, 714.1399998794775 ], [ 483.691842776640726, 734.06999988139296 ], [ 482.954199612042828, 734.498922070921026 ], [ 473.069980674987505, 736.899999880610949 ], [ 471.738593135007022, 732.778971569647069 ], [ 471.316746787802515, 718.919999881035892 ], [ 471.316746787101579, 717.348991591256777 ], [ 473.919861235105486, 714.899001525403037 ], [ 477.13547320097382, 713.827130869022426 ], [ 481.576080198599811, 713.827130869022426 ], [ 483.691842773370183, 714.1399998794775 ] ] ] } },
{ "type": "Feature", "properties": { "feature_type": "building", "subtype": "no-damage", "uid": "2cfab55f-8e45-4eab-8a71-394b9e63e314" }, "geometry": { "type": "Polygon", "coordinates": [ [ [ 502.400995775155423, 711.989638316828859 ], [ 502.400995773520208, 733.273927036125315 ], [ 493.979154915615425, 733.120802657710328 ], [ 484.791692163300127, 733.427051418278097 ], [ 484.191842777605814, 733.779999879108914 ], [ 484.191842773868018, 714.219999881912031 ], [ 484.638567784885311, 714.286504008005181 ], [ 484.638567781381084, 711.836513938413759 ], [ 502.400995775155423, 711.989638316828859 ] ] ] } },
{ "type": "Feature", "properties": { "feature_type": "building", "subtype": "no-damage", "uid": "eee5835a-0a15-4ed4-906f-10265c55d268" }, "geometry": { "type": "Polygon", "coordinates": [ [ [ 357.452610526590206, 490.106656261807018 ], [ 357.854203418512782, 489.208957966916785 ], [ 358.038223933916299, 488.656896425611478 ], [ 359.633068382914587, 487.859474200527472 ], [ 360.062449584199101, 486.448650264127991 ], [ 360.001109412787173, 485.160506667749019 ], [ 358.222244449787013, 483.013600676275701 ], [ 358.467605134967073, 481.602776739876219 ], [ 359.203687188404899, 480.130612629728716 ], [ 360.123789753975586, 479.333190404644711 ], [ 360.18512992585471, 478.229067322034098 ], [ 360.18512992585471, 477.431645096950092 ], [ 361.411933349418973, 476.450202358097727 ], [ 363.252138484064687, 476.08216133056078 ], [ 364.785642761884787, 475.100718591708414 ], [ 366.135126527805483, 474.609997224151073 ], [ 367.975331666889815, 474.73267756790932 ], [ 369.99955731366839, 476.940923729392807 ], [ 371.226360737933589, 476.756903215624277 ], [ 372.207803473748072, 476.879583559382581 ], [ 373.311926555890523, 477.615665610718622 ], [ 374.293369293807473, 478.351747665792288 ], [ 374.845430836046717, 478.229067322034098 ], [ 375.888213748178828, 477.922366468245173 ], [ 376.808316313516002, 478.535768179560819 ], [ 378.391354757410227, 479.953550278936518 ], [ 378.165597759376283, 492.370185062186977 ], [ 376.133784793657128, 494.85351201883708 ], [ 362.35259066413289, 496.691004571030589 ], [ 359.443227459065724, 496.231631432047777 ], [ 357.452610526590206, 490.106656261807018 ] ] ] } },
{ "type": "Feature", "properties": { "feature_type": "building", "subtype": "no-damage", "uid": "b68b2315-9ec1-4717-b577-89ef649604ef" }, "geometry": { "type": "Polygon", "coordinates": [ [ [ 358.934659261536012, 412.688134997591305 ], [ 360.35998069138742, 415.919999885109007 ], [ 360.393057878261914, 416.397886681427224 ], [ 353.91820042741648, 416.997395326675303 ], [ 353.095185473978006, 409.485141502911176 ], [ 357.039980692912991, 409.199999886186617 ], [ 358.934659261536012, 412.688134997591305 ] ] ] } },
{ "type": "Feature", "properties": { "feature_type": "building", "subtype": "no-damage", "uid": "5d662119-4877-4e71-9e57-ed351ef19904" }, "geometry": { "type": "Polygon", "coordinates": [ [ [ 377.223715028482673, 404.822549229520916 ], [ 377.439980689254526, 404.809999884348827 ], [ 378.089306271889825, 412.686577220718618 ], [ 360.629980694464109, 415.289999885560405 ], [ 359.383878715794879, 412.467667526266609 ], [ 357.339980691062522, 408.699999884053113 ], [ 357.16347721315492, 407.818072415307995 ], [ 354.341514760273924, 408.156707909906288 ], [ 354.228636261607392, 403.641567989403882 ], [ 356.824841715286425, 402.851418502007789 ], [ 356.75998069069999, 400.859999884687511 ], [ 358.857480755461779, 398.888414795152016 ], [ 376.660543152786886, 397.58176801081521 ], [ 377.223715028482673, 404.822549229520916 ] ] ] } },
{ "type": "Feature", "properties": { "feature_type": "building", "subtype": "no-damage", "uid": "47e382bf-d147-491c-923a-653dcbb8fdde" }, "geometry": { "type": "Polygon", "coordinates": [ [ [ 390.659079253794516, 403.290530849715481 ], [ 390.809980687292011, 403.269999884206413 ], [ 391.195309362152727, 408.667008019242985 ], [ 390.030362439357191, 410.497638897923309 ], [ 389.364678478568408, 411.246533348292473 ], [ 387.117995131434213, 411.4129543372635 ], [ 382.957470404361516, 411.163322853807074 ], [ 379.878682108869327, 410.664059886894279 ], [ 379.12978765990249, 403.091904888716499 ], [ 377.592209510708017, 403.091904888716499 ], [ 377.359980687754614, 400.069999884007586 ], [ 390.1863402189162, 398.957089663176475 ], [ 390.659079253794516, 403.290530849715481 ] ] ] } },
{ "type": "Feature", "properties": { "feature_type": "building", "subtype": "no-damage", "uid": "3e92fd7b-3280-4c12-b11e-2cf21222be6e" }, "geometry": { "type": "Polygon", "coordinates": [ [ [ 401.180568697829585, 364.898287919885888 ], [ 401.180568698063212, 377.879125059619184 ], [ 407.670987266521877, 377.795914565133728 ], [ 409.501618142630775, 381.207544839038007 ], [ 409.085565669503012, 396.601486318849879 ], [ 404.259356988883212, 397.766433241646382 ], [ 404.59219896682481, 400.845221537608779 ], [ 400.681305731618124, 402.259799943861822 ], [ 394.856571116239309, 402.010168460405396 ], [ 391.109980689412794, 402.779999883311575 ], [ 390.630343450331225, 398.416593887508611 ], [ 377.319980689807778, 399.569999885611821 ], [ 377.120434458920784, 397.046669642281074 ], [ 373.359980688911605, 397.319999883486389 ], [ 371.449980692462475, 378.969999882930722 ], [ 372.056895631447787, 378.960861487930288 ], [ 376.633472826275295, 377.712704070648272 ], [ 378.630524695326187, 376.714178136822625 ], [ 380.793997552413487, 376.298125664395286 ], [ 383.207101892489788, 375.549231214026122 ], [ 383.290312382536683, 370.639812039383287 ], [ 385.953048206536323, 369.641286105557697 ], [ 394.107676666805219, 369.72449660004321 ], [ 393.774834691199715, 364.482235447458606 ], [ 401.180568697829585, 364.898287919885888 ] ] ] } },
{ "type": "Feature", "properties": { "feature_type": "building", "subtype": "no-damage", "uid": "c9d87fd5-3a34-4479-97f2-a10d62a1cd72" }, "geometry": { "type": "Polygon", "coordinates": [ [ [ 372.859980690049099, 397.359999884703711 ], [ 358.643721270428102, 398.402758685217123 ], [ 356.739980691025778, 400.199999885160423 ], [ 353.411045306671781, 400.369757906983011 ], [ 351.519552307626611, 399.690820556160986 ], [ 351.089980695936617, 394.329999883137191 ], [ 360.16993677990979, 394.184560861479724 ], [ 359.501249126480786, 379.891362335416375 ], [ 362.009980692305874, 379.119999882823208 ], [ 370.949980690796679, 378.979999884169388 ], [ 372.859980690049099, 397.359999884703711 ] ] ] } },
{ "type": "Feature", "properties": { "feature_type": "building", "subtype": "no-damage", "uid": "d70aa469-c897-49e1-9ae9-4781abe14bca" }, "geometry": { "type": "Polygon", "coordinates": [ [ [ 359.492110966490202, 376.298125664395286 ], [ 360.324215910643318, 377.21344110373542 ], [ 360.657057891621719, 377.962335554104584 ], [ 361.109980689914721, 378.86999988549411 ], [ 358.983709837718322, 379.528149544920382 ], [ 359.646390100260589, 393.692940129149974 ], [ 351.049980695887427, 393.829999884741426 ], [ 350.955159818031575, 392.579475180809027 ], [ 349.261982352049813, 376.776485459050491 ], [ 353.41774486858958, 375.882073191967891 ], [ 359.492110966490202, 376.298125664395286 ] ] ] } },
{ "type": "Feature", "properties": { "feature_type": "building", "subtype": "no-damage", "uid": "c929ea5f-40e6-4a92-8519-0b08fe009429" }, "geometry": { "type": "Polygon", "coordinates": [ [ [ 381.452236305738893, 434.967235952003193 ], [ 385.064348241810308, 434.177086468344783 ], [ 396.352198040252119, 432.935422988150776 ], [ 397.819618516843377, 434.741478955604293 ], [ 397.368104523812519, 444.900543778603605 ], [ 383.258292270387301, 445.352057771401292 ], [ 381.677993301203173, 440.046768363502792 ], [ 381.452236305738893, 434.967235952003193 ] ] ] } },
{ "type": "Feature", "properties": { "feature_type": "building", "subtype": "no-damage", "uid": "9cb2758f-bae3-4c03-aaa7-8f2bbfe8827e" }, "geometry": { "type": "Polygon", "coordinates": [ [ [ 380.41315575531911, 435.533919846285414 ], [ 380.745997736998277, 440.276918031957109 ], [ 372.674579772616482, 441.025812482326273 ], [ 370.760738398284502, 438.113445175334903 ], [ 372.092106310985173, 435.783551329741726 ], [ 376.086210046283782, 435.201077868343475 ], [ 375.836578560958799, 432.787973528264786 ], [ 380.163524271862912, 432.538342044808417 ], [ 380.41315575531911, 435.533919846285414 ] ] ] } },
{ "type": "Feature", "properties": { "feature_type": "building", "subtype": "no-damage", "uid": "50801b63-15c1-4529-9708-35ce1b388550" }, "geometry": { "type": "Polygon", "coordinates": [ [ [ 423.713519184556787, 404.466229449654293 ], [ 432.027982330660791, 404.466229449654293 ], [ 432.259980683168408, 407.969999883330274 ], [ 432.23553281266328, 407.972288079644215 ], [ 432.468900015983422, 412.931341179869321 ], [ 427.901459665933317, 413.053139587883379 ], [ 427.324573793139109, 419.334785799897475 ], [ 429.065431795425923, 424.992574311423027 ], [ 436.11998067751739, 436.849999883815883 ], [ 414.4872150296992, 438.338881758690093 ], [ 414.825850519858591, 431.114657881400888 ], [ 410.084953602494693, 431.114657881400888 ], [ 410.084953607166881, 428.518452426551391 ], [ 403.65087921587849, 428.631330924750785 ], [ 403.650879221485127, 417.117724127095926 ], [ 407.262991155687587, 417.004845628896476 ], [ 406.924355660388812, 407.974565787891606 ], [ 406.946184826398678, 402.898428949548418 ], [ 422.429980680488313, 402.239999883698601 ], [ 423.713519184556787, 404.466229449654293 ] ] ] } },
{ "type": "Feature", "properties": { "feature_type": "building", "subtype": "no-damage", "uid": "2fb9e8b6-59a9-46b9-b475-7176eb3dc2d3" }, "geometry": { "type": "Polygon", "coordinates": [ [ [ 450.289980678173492, 431.999999884799479 ], [ 450.495455892447126, 435.85555480203999 ], [ 436.679980681009113, 436.809999882598675 ], [ 433.719980679239484, 431.829999886167286 ], [ 437.044359768265281, 429.554227086875073 ], [ 445.670017602070573, 429.252630658366172 ], [ 450.289980678173492, 431.999999884799479 ] ] ] } },
{ "type": "Feature", "properties": { "feature_type": "building", "subtype": "no-damage", "uid": "0dd4f324-c449-42c0-b620-22b8003048c0" }, "geometry": { "type": "Polygon", "coordinates": [ [ [ 442.116157802225018, 413.92461602742128 ], [ 447.939980676511425, 414.579999883577273 ], [ 450.156820401586799, 429.534358910346384 ], [ 450.259980678895886, 431.399999885229477 ], [ 445.799449261504321, 428.7477995336655 ], [ 436.881818132499575, 429.059604816472188 ], [ 433.459980679270416, 431.399999885229477 ], [ 429.525703314055477, 424.78827294225249 ], [ 427.831511730128511, 419.282150298864622 ], [ 428.358748939710324, 413.541122953395586 ], [ 432.992334262187626, 413.417560681368798 ], [ 432.739980681655879, 408.119999883222818 ], [ 441.93998067661181, 407.199999885128022 ], [ 442.116157802225018, 413.92461602742128 ] ] ] } },
{ "type": "Feature", "properties": { "feature_type": "building", "subtype": "no-damage", "uid": "25701851-9be6-470a-9b74-d10374340f5e" }, "geometry": { "type": "Polygon", "coordinates": [ [ [ 451.205570495056179, 413.973337932282277 ], [ 450.784072039507691, 414.295761675847473 ], [ 447.969377686027087, 414.295761675847473 ], [ 447.995472904332189, 414.085232978029808 ], [ 442.604615490631375, 413.476587784219419 ], [ 442.439980679679309, 407.149999882671978 ], [ 442.519502215012608, 407.140378188154727 ], [ 442.339502215608888, 402.564684145697527 ], [ 450.675570496215187, 402.564684145697527 ], [ 451.205570495056179, 413.973337932282277 ] ] ] } },
{ "type": "Feature", "properties": { "feature_type": "building", "subtype": "no-damage", "uid": "ee6d783a-0b56-46e6-a6d1-0085abe70a68" }, "geometry": { "type": "Polygon", "coordinates": [ [ [ 469.523545226780925, 409.144259166227926 ], [ 469.44035608710692, 414.135607549478721 ], [ 469.774205620476721, 419.143350529706481 ], [ 470.509980674410485, 426.159999882754789 ], [ 470.136314548061819, 426.148003968100682 ], [ 467.765866087744712, 426.486639462699088 ], [ 459.412857234075773, 426.712396459097988 ], [ 453.543175338456194, 425.470732982641778 ], [ 452.640147354496776, 424.003312506048985 ], [ 451.398483877808189, 420.391200571142122 ], [ 450.889980675173319, 414.849999883383873 ], [ 451.717117861988925, 414.210656093174691 ], [ 451.289980677533777, 404.989999884219799 ], [ 457.358352640402018, 404.930336470457974 ], [ 463.824834376490685, 404.302522709463403 ], [ 464.617926586931276, 402.716338288580573 ], [ 469.019980674623127, 402.549999884722411 ], [ 469.523545226780925, 409.144259166227926 ] ] ] } },
{ "type": "Feature", "properties": { "feature_type": "building", "subtype": "no-damage", "uid": "e0b192f8-8456-4787-a65b-ba511c21437c" }, "geometry": { "type": "Polygon", "coordinates": [ [ [ 529.19998066624828, 417.649999882623376 ], [ 527.704348532776294, 418.472266101751472 ], [ 527.591470037380191, 420.052565076543772 ], [ 526.688442050617482, 421.745742542059986 ], [ 527.365713039112734, 425.922246971701782 ], [ 524.543750589035085, 426.599517957160799 ], [ 519.125582685979225, 425.583611480841228 ], [ 516.190741738403062, 420.05256507280609 ], [ 514.239980668650787, 413.68999988546102 ], [ 514.872681318888681, 408.40156020279619 ], [ 514.969980666803281, 404.929999884262827 ], [ 522.503629626155657, 403.495466825393009 ], [ 523.029029516948412, 399.467400989436612 ], [ 522.849980666210399, 394.989999882664222 ], [ 528.869980664382524, 393.949999884655426 ], [ 529.19998066624828, 417.649999882623376 ] ] ] } },
{ "type": "Feature", "properties": { "feature_type": "building", "subtype": "no-damage", "uid": "6ee0c8ed-d474-4545-8fe5-7da927b32e87" }, "geometry": { "type": "Polygon", "coordinates": [ [ [ 545.052796124693032, 393.018297914356481 ], [ 545.489675468788164, 404.847646443462281 ], [ 547.729908561434286, 406.714507349408279 ], [ 549.30625466867366, 410.326967192090308 ], [ 549.359980663696319, 410.299999884152498 ], [ 549.290867058289336, 411.822132057865417 ], [ 548.874814583526359, 413.486341943836976 ], [ 546.628131234056127, 417.314024690168708 ], [ 542.966869479268667, 418.146129638761124 ], [ 540.470554645407788, 420.392812986130991 ], [ 540.470554647043059, 420.476023480616504 ], [ 529.961918492090831, 417.230602625295376 ], [ 529.699980666045235, 417.379999879079094 ], [ 529.36998066371234, 393.879999883459618 ], [ 537.597620031866654, 393.301619279695217 ], [ 540.149798775613135, 392.876256151570999 ], [ 544.61998066102376, 390.319999879781108 ], [ 545.052796124693032, 393.018297914356481 ] ] ] } },
{ "type": "Feature", "properties": { "feature_type": "building", "subtype": "no-damage", "uid": "81e8ceb8-4d1c-4c38-8644-6fd9a222deec" }, "geometry": { "type": "Polygon", "coordinates": [ [ [ 568.558939284166513, 387.018447502553215 ], [ 568.641495911629477, 408.648283254997978 ], [ 570.919980659127532, 412.689999881194012 ], [ 570.675964137530059, 416.398709250828517 ], [ 569.094964742541265, 417.230814199420877 ], [ 569.011754249223941, 419.810339528470479 ], [ 552.95212881331031, 420.476023480616504 ], [ 550.539024473234122, 415.733025298682378 ], [ 549.729980661873469, 410.139999879283494 ], [ 549.764524361969507, 410.126994964802691 ], [ 549.709980663600959, 410.009999881868509 ], [ 549.457288047260135, 408.244080794990225 ], [ 549.409980659611278, 409.309999884861895 ], [ 548.14087047181647, 406.406121475253087 ], [ 545.981103560455949, 404.606315711345701 ], [ 545.551316246085548, 392.968997577310972 ], [ 545.329980661604395, 391.589999880116977 ], [ 563.867931762861986, 388.915797748163982 ], [ 564.194561597145821, 386.792703831156587 ], [ 568.558939284166513, 387.018447502553215 ] ] ] } },
{ "type": "Feature", "properties": { "feature_type": "building", "subtype": "no-damage", "uid": "51215c7a-4687-4d77-b2ba-c5818261632f" }, "geometry": { "type": "Polygon", "coordinates": [ [ [ 597.429764486950603, 383.173737503831774 ], [ 596.93513561852285, 399.406557656996199 ], [ 597.622340458170243, 402.063749707684394 ], [ 597.709980656256789, 402.039999881350127 ], [ 598.218637809390316, 410.490764142360092 ], [ 595.88874396169706, 415.316972822517414 ], [ 585.903484624384873, 415.982656778401122 ], [ 584.069980655609811, 413.33999987948232 ], [ 585.050745669050229, 409.583025187219789 ], [ 584.126346565335552, 385.800757320009211 ], [ 582.060694549191908, 385.387626917807893 ], [ 582.299980655010927, 378.189999883489577 ], [ 583.896882320144528, 376.87885222733081 ], [ 587.02168205289729, 376.702807170384972 ], [ 589.098677405488274, 376.659536436145515 ], [ 597.429764486950603, 383.173737503831774 ] ] ] } },
{ "type": "Feature", "properties": { "feature_type": "building", "subtype": "no-damage", "uid": "dbfdb2a1-dfbc-4b3e-9812-6c61d1579257" }, "geometry": { "type": "Polygon", "coordinates": [ [ [ 621.329878002060354, 385.838096364980288 ], [ 626.115343045413624, 388.3958449249007 ], [ 626.279980646580043, 388.089999880133178 ], [ 632.112253056696773, 394.222479523495224 ], [ 625.221655989715487, 403.869315419708073 ], [ 621.087297751956157, 399.122459658940272 ], [ 618.637307684002394, 395.141225797723109 ], [ 619.249805202801326, 392.844360110284526 ], [ 618.331058923668479, 389.016250627482293 ], [ 614.349825067594679, 389.169375005897393 ], [ 612.206083756003409, 391.925613836056584 ], [ 612.206083758573072, 397.8974646278823 ], [ 613.890451928845891, 400.347454693735983 ], [ 597.929980653607117, 401.249999880670316 ], [ 597.437077146850129, 399.350456130361124 ], [ 597.759980655442291, 388.829999882094683 ], [ 598.003651143501997, 388.94258058050832 ], [ 598.644604556616059, 387.500435398196828 ], [ 601.035058892083157, 385.588071926644204 ], [ 611.501008809678524, 384.599163273078375 ], [ 621.329878002060354, 385.838096364980288 ] ] ] } },
{ "type": "Feature", "properties": { "feature_type": "building", "subtype": "no-damage", "uid": "0058511f-188d-4578-9c24-e60bde96bd79" }, "geometry": { "type": "Polygon", "coordinates": [ [ [ 547.50121863437198, 349.713485988643299 ], [ 550.939980660148649, 349.2499998793092 ], [ 550.956332051786717, 349.357036397463617 ], [ 552.339980662570269, 349.259999880547923 ], [ 556.627502359266373, 383.754575424914606 ], [ 556.39998065833322, 389.489999885359509 ], [ 545.249980661038876, 391.099999882959878 ], [ 545.015520477905852, 389.653761259928899 ], [ 544.929980663215247, 389.669999881492799 ], [ 543.470067376372981, 380.510761837730115 ], [ 540.019980664013019, 370.479999885276698 ], [ 540.52802711925392, 370.452941623451977 ], [ 540.278027120990714, 359.55042065544319 ], [ 540.316197817576267, 359.55042065544319 ], [ 540.26998066367787, 359.059999883492821 ], [ 540.267677069791262, 358.910756041040315 ], [ 540.25998066337354, 358.909999879862482 ], [ 539.509980665780631, 350.909999883103296 ], [ 539.702780821754686, 350.752240381131628 ], [ 540.526803909502178, 349.104194212643392 ], [ 542.556845816782015, 349.011919576873311 ], [ 547.50121863437198, 349.713485988643299 ] ] ] } },
{ "type": "Feature", "properties": { "feature_type": "building", "subtype": "no-damage", "uid": "0556643f-ff26-4863-affd-0cc963a2a5f1" }, "geometry": { "type": "Polygon", "coordinates": [ [ [ 578.212471558911034, 348.438290119497879 ], [ 579.129980655961845, 347.269999884465676 ], [ 578.659579391125021, 354.171224920059274 ], [ 580.50739567436608, 356.429667038156595 ], [ 574.763587344380767, 375.460898827854919 ], [ 573.449980655754757, 377.389999881570986 ], [ 573.126158726515541, 377.377931413867714 ], [ 568.771462223933668, 379.607536021636918 ], [ 568.549980657557626, 386.519999880012278 ], [ 563.769090659147309, 386.270028311846715 ], [ 563.430036538249055, 388.47388010808379 ], [ 556.909980661705049, 389.419999880426019 ], [ 557.128721740680135, 383.733431569101413 ], [ 552.839980659797561, 349.21999988306851 ], [ 557.23443160347324, 348.897663258480691 ], [ 574.843735214160574, 347.213295084702224 ], [ 578.212471558911034, 348.438290119497879 ] ] ] } },
{ "type": "Feature", "properties": { "feature_type": "building", "subtype": "no-damage", "uid": "5645f906-a5f0-4644-bf5c-32fe166fab84" }, "geometry": { "type": "Polygon", "coordinates": [ [ [ 636.859108814189426, 340.169573636495784 ], [ 625.989980646866002, 387.759999880369719 ], [ 621.484079364912418, 385.353576988008172 ], [ 615.32998065093318, 384.579999878910712 ], [ 615.34932859918672, 384.530441705873102 ], [ 610.758666222313877, 382.621453392003502 ], [ 603.670559150431359, 381.258355876264886 ], [ 600.533219890117834, 380.889257138822586 ], [ 598.610826652627679, 381.498796460847814 ], [ 597.19287954982417, 382.184899900748292 ], [ 597.319980653966923, 382.459999881675685 ], [ 589.266344381461408, 376.155934878371909 ], [ 587.002406584573805, 376.203100247286216 ], [ 583.70624270513963, 376.388799621644182 ], [ 582.119980653972107, 377.689999881356073 ], [ 580.495070247401713, 377.579819395243817 ], [ 574.039980656888815, 377.399999879072027 ], [ 575.219914570976357, 375.679410151458512 ], [ 581.06302042782238, 356.319171158770075 ], [ 579.171884055271335, 354.00778225786712 ], [ 579.679980655645068, 346.559999882482714 ], [ 580.968710390001888, 344.916429397263585 ], [ 583.112451695285699, 339.250827362268012 ], [ 585.562441766977145, 334.350847223085225 ], [ 586.989980656395687, 330.859999881273893 ], [ 589.314032566093374, 330.282861788190701 ], [ 594.839980656758826, 329.549999879720815 ], [ 636.859108814189426, 340.169573636495784 ] ] ] } },
{ "type": "Feature", "properties": { "feature_type": "building", "subtype": "no-damage", "uid": "396ea465-c750-42f4-beea-f47d7d834a64" }, "geometry": { "type": "Polygon", "coordinates": [ [ [ 594.239980655320437, 329.129999880021785 ], [ 589.221196261618047, 329.790788629981989 ], [ 587.219980657554402, 330.279999880443597 ], [ 587.246809936081945, 330.216488983453019 ], [ 583.41870045632038, 330.063364605037918 ], [ 580.815586008783725, 328.99149395239499 ], [ 580.049964111569921, 325.010260087440088 ], [ 591.228043797995952, 324.244638191627189 ], [ 594.239980655320437, 329.129999880021785 ] ] ] } },
{ "type": "Feature", "properties": { "feature_type": "building", "subtype": "no-damage", "uid": "963e370d-c6d3-4c1c-a33c-be73338ff729" }, "geometry": { "type": "Polygon", "coordinates": [ [ [ 580.471334349479321, 378.079356718908912 ], [ 581.795819179191085, 378.16898819375848 ], [ 581.547150750234096, 385.794820106377983 ], [ 583.642023456724587, 386.213794649031399 ], [ 584.548255231454846, 409.528666660596627 ], [ 583.699980659301559, 412.799999879869176 ], [ 583.656801277017053, 412.737447493467812 ], [ 574.670067871660649, 413.652762932807889 ], [ 571.569980660218562, 412.829999879847719 ], [ 569.140994696976463, 408.516010961566508 ], [ 569.057130332665452, 386.543547607362996 ], [ 569.049980657354581, 386.539999878751985 ], [ 569.261609046310241, 379.918306764717613 ], [ 573.240245871575326, 377.881244703063317 ], [ 580.471334349479321, 378.079356718908912 ] ] ] } },
{ "type": "Feature", "properties": { "feature_type": "building", "subtype": "no-damage", "uid": "0883871f-ae15-4973-8a2a-99b9bf2fe786" }, "geometry": { "type": "Polygon", "coordinates": [ [ [ 514.479980666843403, 404.529999879565821 ], [ 514.37350673453966, 408.364902284101788 ], [ 513.799980666007514, 413.199999884566182 ], [ 509.079396363758917, 415.876060650639715 ], [ 498.76998067071861, 416.439999885982218 ], [ 498.700688773789977, 410.126939874421282 ], [ 497.379980671170927, 404.51999988580252 ], [ 512.18998066560539, 400.659999886076719 ], [ 514.479980666843403, 404.529999879565821 ] ] ] } },
{ "type": "Feature", "properties": { "feature_type": "building", "subtype": "no-damage", "uid": "50a13f47-a612-443e-bd23-5c346600e2db" }, "geometry": { "type": "Polygon", "coordinates": [ [ [ 520.195873735749728, 388.408305446691088 ], [ 522.335476220084274, 395.083865191056077 ], [ 522.349980664077407, 395.079999878861997 ], [ 522.52772950572114, 399.444896600425011 ], [ 522.054603463156582, 403.072196257131679 ], [ 514.998942758895055, 404.419906729219178 ], [ 512.425719597632565, 400.077592649753228 ], [ 512.339980668768249, 400.129999883964672 ], [ 509.339980667650423, 391.11999988543738 ], [ 513.255620386429769, 388.65981295965679 ], [ 519.819980668384574, 387.709999885389095 ], [ 520.195873735749728, 388.408305446691088 ] ] ] } },
{ "type": "Feature", "properties": { "feature_type": "building", "subtype": "no-damage", "uid": "85ed9f0c-40e4-4427-b7a5-614c0d54153e" }, "geometry": { "type": "Polygon", "coordinates": [ [ [ 511.842650591093786, 400.228158519324381 ], [ 497.259980668920889, 404.039999886146518 ], [ 496.339980669425302, 400.119999882725892 ], [ 496.365068302867599, 400.151840725236923 ], [ 497.695097001205511, 399.154319205045113 ], [ 497.559980671041728, 393.839999885980092 ], [ 497.671121360700624, 394.155371593516122 ], [ 502.081277563753986, 392.574372202029906 ], [ 502.049980666807585, 392.479999885708821 ], [ 508.869980668532776, 391.309999879071711 ], [ 511.842650591093786, 400.228158519324381 ] ] ] } },
{ "type": "Feature", "properties": { "feature_type": "building", "subtype": "no-damage", "uid": "8fd68c69-8569-4ed4-963e-638263bccebe" }, "geometry": { "type": "Polygon", "coordinates": [ [ [ 495.252399204776282, 364.527396769660072 ], [ 497.909980669778292, 364.049999884900728 ], [ 501.609980666967601, 392.209999885902221 ], [ 497.549980672372726, 393.669999883610103 ], [ 497.439283481962491, 389.177592002215476 ], [ 488.319980669729318, 390.409999883454418 ], [ 488.315466577327811, 390.241166003806825 ], [ 476.129980671857425, 390.349999883497276 ], [ 476.562282004888402, 374.961723682612501 ], [ 476.209980671955691, 374.999999884529586 ], [ 475.549980674298126, 356.429999882885511 ], [ 478.352771416798873, 356.107619908121876 ], [ 478.309980675354609, 355.389999884876715 ], [ 484.474698167332008, 353.364759716709784 ], [ 494.499980668798912, 353.109999882772684 ], [ 495.252399204776282, 364.527396769660072 ] ] ] } },
{ "type": "Feature", "properties": { "feature_type": "building", "subtype": "no-damage", "uid": "ba8b47a3-2c36-49b1-8a36-090ba1383213" }, "geometry": { "type": "Polygon", "coordinates": [ [ [ 514.556339663547988, 368.25189849475629 ], [ 516.879980665822018, 374.479999879918523 ], [ 515.500108503203137, 379.687598578696679 ], [ 519.569980666150059, 387.239999883234077 ], [ 513.079109129608128, 388.18017059708319 ], [ 508.917377721953926, 390.797050157495107 ], [ 502.078008732534784, 391.965803089684414 ], [ 498.399980670672619, 363.959999884965214 ], [ 515.169980665180219, 360.949999885876082 ], [ 514.556339663547988, 368.25189849475629 ] ] ] } },
{ "type": "Feature", "properties": { "feature_type": "building", "subtype": "no-damage", "uid": "8f4fb553-bcd2-4b37-93ed-cbbf7018daf5" }, "geometry": { "type": "Polygon", "coordinates": [ [ [ 542.983109854528038, 380.632213175220386 ], [ 544.450306488367119, 389.842947617333209 ], [ 539.979380873230298, 392.397762258427917 ], [ 537.53892995065678, 392.804504078896173 ], [ 529.217130530151508, 393.38703004042992 ], [ 522.678874764101579, 394.517098939662674 ], [ 520.657952521597053, 388.211821536819002 ], [ 516.034142374349813, 379.624745555573384 ], [ 517.349980668443891, 374.679999886004794 ], [ 537.266199806912596, 372.003997148167286 ], [ 536.857981460081987, 370.616054767493722 ], [ 539.499980665709927, 370.499999884016518 ], [ 542.983109854528038, 380.632213175220386 ] ] ] } },
{ "type": "Feature", "properties": { "feature_type": "building", "subtype": "no-damage", "uid": "9aac6e02-0464-4863-9e98-e4036208031b" }, "geometry": { "type": "Polygon", "coordinates": [ [ [ 537.451440611032922, 352.654234694683623 ], [ 539.049980662061444, 351.299999882823784 ], [ 539.749980662805115, 358.879999879883997 ], [ 535.857905425043896, 358.656346136989384 ], [ 532.779980662822823, 352.219999880918692 ], [ 535.285368318141991, 346.847995150311988 ], [ 535.419980662797343, 346.759999884831188 ], [ 537.451440611032922, 352.654234694683623 ] ] ] } },
{ "type": "Feature", "properties": { "feature_type": "building", "subtype": "no-damage", "uid": "64530d23-9fb7-4047-aa5a-8417ae4bd0af" }, "geometry": { "type": "Polygon", "coordinates": [ [ [ 550.839980662011385, 348.759999885889897 ], [ 547.503116543843475, 349.208747040066726 ], [ 542.580822695175812, 348.510313457823486 ], [ 540.210864603588334, 348.618038824401879 ], [ 539.301554358052272, 350.436659312205393 ], [ 537.686227898678339, 351.801331671285425 ], [ 535.849980663734755, 346.489999881287019 ], [ 538.367466098959085, 344.898096552547599 ], [ 537.259980665993453, 337.699999883848022 ], [ 548.20009322513431, 335.728966636295922 ], [ 550.839980662011385, 348.759999885889897 ] ] ] } },
{ "type": "Feature", "properties": { "feature_type": "building", "subtype": "no-damage", "uid": "04d593fc-5ad2-4cbd-b39f-902648d3bceb" }, "geometry": { "type": "Polygon", "coordinates": [ [ [ 527.335912649958686, 353.952034925866485 ], [ 532.315070891456912, 353.221758385558019 ], [ 532.509980663016563, 352.809999882987711 ], [ 535.534090095465331, 359.138495894968628 ], [ 539.778209874395088, 359.383348957830606 ], [ 540.017122794881629, 369.975154901078383 ], [ 536.198223946630833, 370.144883738716317 ], [ 536.622110544186967, 371.586098174286292 ], [ 517.304484803650212, 374.183426005483284 ], [ 515.063987634406885, 368.182094298209279 ], [ 515.679980668551934, 360.859999885940624 ], [ 516.630491824833939, 360.691915447034887 ], [ 515.056267116369554, 352.128133023859789 ], [ 515.149980669243746, 348.139999883842279 ], [ 526.329980666283063, 347.499999879317272 ], [ 527.335912649958686, 353.952034925866485 ] ] ] } },
{ "type": "Feature", "properties": { "feature_type": "building", "subtype": "no-damage", "uid": "3e7db1e0-3b7b-4288-a9dd-7724591ff459" }, "geometry": { "type": "Polygon", "coordinates": [ [ [ 536.689980663131905, 337.329999882867185 ], [ 537.823351141224521, 344.650671775446824 ], [ 534.894112145408371, 346.503863789333877 ], [ 531.97575313991922, 352.766175819148827 ], [ 527.75388571029157, 353.385383045229503 ], [ 526.83998066498259, 347.469999883076525 ], [ 526.979709851418647, 347.465160664589177 ], [ 527.307560630624494, 343.268670716168117 ], [ 525.549980667777163, 338.319999885895527 ], [ 526.609555749496053, 337.413334813812128 ], [ 535.643894129236628, 336.494588539584186 ], [ 536.689980663131905, 337.329999882867185 ] ] ] } },
{ "type": "Feature", "properties": { "feature_type": "building", "subtype": "no-damage", "uid": "42f099ad-f85b-4347-a434-11528f705416" }, "geometry": { "type": "Polygon", "coordinates": [ [ [ 526.800794988204643, 343.335769395268983 ], [ 526.515244053525748, 346.990821361404983 ], [ 515.159980665343141, 347.639999885446514 ], [ 515.240844117183315, 344.498950289908123 ], [ 513.55998066898303, 340.059999884648676 ], [ 517.115844235445252, 338.638329848607782 ], [ 521.556451237509691, 338.485205470192795 ], [ 525.029980665736275, 338.349999885874013 ], [ 526.800794988204643, 343.335769395268983 ] ] ] } },
{ "type": "Feature", "properties": { "feature_type": "building", "subtype": "no-damage", "uid": "b4a81b48-b614-4ea3-80e9-52502e329579" }, "geometry": { "type": "Polygon", "coordinates": [ [ [ 514.738627488763086, 344.584523514752675 ], [ 514.555163464843645, 352.167703231144628 ], [ 516.047947311552321, 360.288447375936016 ], [ 495.71472353602968, 363.936466936593206 ], [ 494.999980672333606, 353.099999885271814 ], [ 498.261278890507583, 353.020095194915712 ], [ 496.909980671819596, 342.769999883952721 ], [ 500.578411275998178, 341.700817435597116 ], [ 503.640898861582798, 341.700817435597116 ], [ 506.856510829319973, 342.313314949257176 ], [ 508.847127757590613, 340.475822400801292 ], [ 512.522112861974051, 340.475822400801292 ], [ 513.099980667599993, 340.249999885758427 ], [ 514.738627488763086, 344.584523514752675 ] ] ] } },
{ "type": "Feature", "properties": { "feature_type": "building", "subtype": "no-damage", "uid": "f2edab99-5dd3-40e1-baa1-59d3a94d9f43" }, "geometry": { "type": "Polygon", "coordinates": [ [ [ 496.499980668220417, 343.469999884697017 ], [ 497.692755595055019, 352.534152049853219 ], [ 484.388496791504792, 352.866758524731324 ], [ 478.269980675071793, 354.879999885242114 ], [ 477.616689361725889, 344.637007899419586 ], [ 482.585243230899209, 343.71690533057739 ], [ 487.001735551292086, 342.367421564188078 ], [ 493.840938592337523, 341.700817435597116 ], [ 496.499980668220417, 343.469999884697017 ] ] ] } },
{ "type": "Feature", "properties": { "feature_type": "building", "subtype": "no-damage", "uid": "48560f48-b757-4eab-bd64-24251c0e65c0" }, "geometry": { "type": "Polygon", "coordinates": [ [ [ 465.041954269958012, 354.144734430417088 ], [ 472.709475669804704, 354.02205409039658 ], [ 475.04998067543562, 356.359999885427499 ], [ 475.709980675662791, 375.049999883247779 ], [ 460.120771638415476, 376.674381008298781 ], [ 457.019980679028777, 374.369999884980984 ], [ 457.190412359613617, 352.427209640228682 ], [ 464.796593587113989, 351.875148098923376 ], [ 465.041954269958012, 354.144734430417088 ] ] ] } },
{ "type": "Feature", "properties": { "feature_type": "building", "subtype": "no-damage", "uid": "220758d5-32dc-4ef7-8098-d2926e3ef1a1" }, "geometry": { "type": "Polygon", "coordinates": [ [ [ 459.978912179603412, 377.191863394816608 ], [ 476.046409241510389, 375.518165781994924 ], [ 475.629980671826786, 390.349999879759594 ], [ 474.143280914428715, 390.366583575900279 ], [ 472.149980674557526, 391.509999885157924 ], [ 470.004279199289385, 390.019840663972275 ], [ 454.476058731868591, 389.153724781302287 ], [ 451.199980674795086, 390.639999885781378 ], [ 450.295434110588019, 390.69986994360471 ], [ 450.238690825536025, 387.749219011567277 ], [ 449.429980676765979, 383.839999884424628 ], [ 450.126944124395322, 375.609218068391726 ], [ 457.012532500304701, 375.157704075593927 ], [ 457.009980677790111, 374.989999883290807 ], [ 459.978912179603412, 377.191863394816608 ] ] ] } },
{ "type": "Feature", "properties": { "feature_type": "building", "subtype": "no-damage", "uid": "7954c9e8-69b6-4730-bdbf-15a9ac876ea7" }, "geometry": { "type": "Polygon", "coordinates": [ [ [ 497.188646453508909, 398.909157114260722 ], [ 496.229980667713278, 399.629999885568907 ], [ 496.217486264347826, 399.594736105990478 ], [ 492.638563597716711, 400.847359039919979 ], [ 491.189980669460908, 401.199999885689692 ], [ 490.183821106238724, 400.779902600391608 ], [ 488.599980668905403, 399.629999885568907 ], [ 488.468772540903785, 395.821291875293298 ], [ 488.507884711745419, 395.821291875293298 ], [ 488.339980672206707, 390.909999885587922 ], [ 496.953738606596573, 389.747750900123776 ], [ 497.188646453508909, 398.909157114260722 ] ] ] } },
{ "type": "Feature", "properties": { "feature_type": "building", "subtype": "no-damage", "uid": "93326e0d-6755-4eb9-ab34-699921223bc1" }, "geometry": { "type": "Polygon", "coordinates": [ [ [ 498.201320377702473, 410.187764693892177 ], [ 498.269980670921598, 416.469999885960817 ], [ 496.775640077551827, 416.553331636098676 ], [ 491.019980670361576, 416.21999988489398 ], [ 491.339980668418775, 401.679999885345808 ], [ 492.780397325538218, 401.327457738036628 ], [ 495.85831421633651, 400.25018682637301 ], [ 498.201320377702473, 410.187764693892177 ] ] ] } },
{ "type": "Feature", "properties": { "feature_type": "building", "subtype": "no-damage", "uid": "36c57710-b758-477e-bcdd-aaec48956182" }, "geometry": { "type": "Polygon", "coordinates": [ [ [ 487.999980670503987, 395.569999883494518 ], [ 478.260209796360584, 396.232227868265909 ], [ 473.552686802740595, 396.141698583538926 ], [ 471.409980673531095, 396.369999885413108 ], [ 471.634128062675927, 395.727965995888212 ], [ 472.349980671766389, 391.979999883575204 ], [ 474.27898710955418, 390.865402212854178 ], [ 487.832558817807126, 390.74545910116899 ], [ 487.999980670503987, 395.569999883494518 ] ] ] } },
{ "type": "Feature", "properties": { "feature_type": "building", "subtype": "no-damage", "uid": "52dae17b-b9b4-4d6e-99d1-fd036b7807a8" }, "geometry": { "type": "Polygon", "coordinates": [ [ [ 488.414174156996694, 408.854988839577118 ], [ 487.885923705266407, 409.77971133810928 ], [ 484.685667361600395, 409.77971133810928 ], [ 482.541609424219018, 406.958582475085905 ], [ 469.853865460410418, 406.871752487600986 ], [ 469.506178923864809, 402.401747351427275 ], [ 469.472058624316617, 402.401747351427275 ], [ 469.852939910747011, 400.88726960850579 ], [ 471.229980674361116, 396.88999988254858 ], [ 473.574600086331884, 396.642212437382682 ], [ 478.272432242829211, 396.732555366438817 ], [ 487.973351407410007, 396.071129057165876 ], [ 488.414174156996694, 408.854988839577118 ] ] ] } },
{ "type": "Feature", "properties": { "feature_type": "building", "subtype": "no-damage", "uid": "70e205dc-1d0d-488a-b06e-cf5e13255d92" }, "geometry": { "type": "Polygon", "coordinates": [ [ [ 482.292329627848574, 407.456915297031628 ], [ 484.4376546241445, 410.279711340242784 ], [ 487.84692357400661, 410.279711336505102 ], [ 488.942676399877485, 417.292529435542008 ], [ 488.987023717916486, 417.289999882881318 ], [ 488.987023713477925, 423.551798513251185 ], [ 485.939304270505716, 423.664677011450578 ], [ 479.279472886556391, 424.341948000647278 ], [ 479.166594386488214, 426.486639462699088 ], [ 471.009980673973928, 426.179999885232291 ], [ 470.272468037865679, 419.100638630740491 ], [ 469.940633616520472, 414.12312227271201 ], [ 470.023865462312983, 409.129211317706392 ], [ 469.883865465061092, 407.371741153203686 ], [ 482.292329627848574, 407.456915297031628 ] ] ] } },
{ "type": "Feature", "properties": { "feature_type": "building", "subtype": "no-damage", "uid": "fede71c8-6184-4380-a750-2b12e957375d" }, "geometry": { "type": "Polygon", "coordinates": [ [ [ 469.835236757658606, 390.511189162579626 ], [ 471.852037740697995, 391.911745401620408 ], [ 471.149716111527425, 395.59893395804022 ], [ 469.373174333250915, 400.744779101504093 ], [ 469.047973563885876, 402.045582178965219 ], [ 464.303038901228717, 402.228079669261092 ], [ 463.501286661035692, 403.831584148714285 ], [ 457.331693132075827, 404.430573806612983 ], [ 451.26998067599078, 404.489999885823977 ], [ 451.177117863777994, 402.564684145697527 ], [ 451.34600577719749, 402.564684145697527 ], [ 451.219980675870886, 391.179999885394409 ], [ 454.570691293147718, 389.659780251323525 ], [ 469.835236757658606, 390.511189162579626 ] ] ] } },
{ "type": "Feature", "properties": { "feature_type": "building", "subtype": "no-damage", "uid": "b3a51754-f983-4550-bcda-3fccdc9039d8" }, "geometry": { "type": "Polygon", "coordinates": [ [ [ 441.576987591670104, 388.177903414279513 ], [ 446.092972116880901, 387.944328102642373 ], [ 449.739669322430075, 387.804908135920925 ], [ 449.805606377865672, 391.23363500455531 ], [ 450.723479661667511, 391.172443454108304 ], [ 450.840600530614722, 402.064684143564023 ], [ 442.319502215000284, 402.064684143564023 ], [ 441.576987591670104, 388.177903414279513 ] ] ] } },
{ "type": "Feature", "properties": { "feature_type": "building", "subtype": "no-damage", "uid": "54a4402e-d217-4677-bd6d-acde875ed6dd" }, "geometry": { "type": "Polygon", "coordinates": [ [ [ 442.001134790903677, 406.690015778315285 ], [ 432.739477340204814, 407.622006465719721 ], [ 432.495758873493116, 403.966229451258528 ], [ 424.003015115831488, 403.966229451258528 ], [ 422.499980684019988, 401.339999884343513 ], [ 422.340126303859392, 386.589172030396412 ], [ 424.753230641132404, 384.675330657230518 ], [ 424.779980684719987, 383.75999988572778 ], [ 441.081134792809792, 383.701117832909688 ], [ 442.001134790903677, 406.690015778315285 ] ] ] } },
{ "type": "Feature", "properties": { "feature_type": "building", "subtype": "no-damage", "uid": "7b7af184-e153-42b0-a7c4-b9d2380681fc" }, "geometry": { "type": "Polygon", "coordinates": [ [ [ 441.619980679021808, 379.02999988288758 ], [ 433.356150445652816, 379.25801281526509 ], [ 433.231734097041908, 378.013849325417198 ], [ 432.239980679055577, 378.109999884792785 ], [ 431.953505944203926, 371.09407814788932 ], [ 440.645150290835488, 369.965293165894821 ], [ 441.619980679021808, 379.02999988288758 ] ] ] } },
{ "type": "Feature", "properties": { "feature_type": "building", "subtype": "no-damage", "uid": "4e0fe2a4-cd5c-4426-9e46-58f0e91f750c" }, "geometry": { "type": "Polygon", "coordinates": [ [ [ 418.295207681473585, 361.047891823089401 ], [ 423.600497090768613, 360.935013324890008 ], [ 423.713375586631912, 362.289555299545611 ], [ 427.438366024172979, 362.063798303146712 ], [ 427.54998068351108, 379.02999988288758 ], [ 424.712095982326218, 381.325259490787289 ], [ 424.319980681935419, 381.599999883537919 ], [ 410.631594511822016, 381.600875169862775 ], [ 409.09826117434568, 378.700875169449091 ], [ 409.152049345315106, 357.774415379043091 ], [ 418.069450690681492, 357.435779884444798 ], [ 418.295207681473585, 361.047891823089401 ] ] ] } },
{ "type": "Feature", "properties": { "feature_type": "building", "subtype": "no-damage", "uid": "4f52780d-c49b-4932-9029-a0e5cfdb1a66" }, "geometry": { "type": "Polygon", "coordinates": [ [ [ 574.224461890555631, 329.787199285501174 ], [ 581.731504636685372, 329.981872792902209 ], [ 583.531504635393844, 330.681872797384187 ], [ 585.898171299323963, 330.615206128688783 ], [ 585.831504632731139, 332.415206123661278 ], [ 584.431504632645556, 335.64853946007662 ], [ 574.198171303280787, 335.34853946029159 ], [ 574.224461890555631, 329.787199285501174 ] ] ] } },
{ "type": "Feature", "properties": { "feature_type": "building", "subtype": "no-damage", "uid": "96bf1266-99e4-41ae-b73d-58e598222efb" }, "geometry": { "type": "Polygon", "coordinates": [ [ [ 406.657412612350527, 463.820570368951905 ], [ 408.90409596625932, 462.822044435126315 ], [ 416.393040467608216, 462.738833940640802 ], [ 416.476250958823073, 465.734411742117686 ], [ 417.141934919378286, 465.484780258661317 ], [ 418.639723819648225, 465.401569764175917 ], [ 420.636775683793417, 465.567990753146773 ], [ 420.636775685428574, 462.073149984757094 ], [ 424.048405958395108, 462.073149984757094 ], [ 424.298037440449605, 485.95456190208688 ], [ 422.134564586632791, 488.450876736651026 ], [ 422.3009855728003, 490.947191571215114 ], [ 401.415151461172684, 491.446454538127909 ], [ 401.498361958227804, 481.461195199871497 ], [ 402.580098384435416, 480.462669266045907 ], [ 406.740623106602413, 480.129827288104025 ], [ 406.657412612350527, 463.820570368951905 ] ] ] } },
{ "type": "Feature", "properties": { "feature_type": "building", "subtype": "no-damage", "uid": "29d7c267-d734-4ee6-a378-ffdab0d04cbb" }, "geometry": { "type": "Polygon", "coordinates": [ [ [ 456.263554917246324, 466.800369431512422 ], [ 463.939292779850291, 464.768556467660119 ], [ 466.535498234697286, 465.784462947717373 ], [ 467.438526221693621, 468.042032907968576 ], [ 470.599124165201317, 467.590518915170776 ], [ 471.502152150095128, 486.779863582912697 ], [ 457.843853890401817, 490.617732514218403 ], [ 456.263554917246324, 466.800369431512422 ] ] ] } },
{ "type": "Feature", "properties": { "feature_type": "building", "subtype": "no-damage", "uid": "1dfaf123-f839-4821-b16f-af7f5baf1105" }, "geometry": { "type": "Polygon", "coordinates": [ [ [ 474.324114601807992, 456.64130460851311 ], [ 476.02550853825619, 454.999023811585175 ], [ 484.257422427230722, 454.609491640923011 ], [ 484.257422424427375, 458.673117572365413 ], [ 488.998319340156115, 458.78599607056492 ], [ 490.239982817545524, 459.463267056023824 ], [ 491.255889300405101, 462.285229511010016 ], [ 493.287702264956181, 463.865528482064519 ], [ 493.287702265423377, 467.364761918771876 ], [ 492.836188273560481, 467.703397409632487 ], [ 491.820281789065689, 468.380668402566926 ], [ 491.368767800006083, 470.41248136268149 ], [ 493.287702264021789, 474.137471803263281 ], [ 494.529365743280096, 492.085152987073513 ], [ 487.079384871935417, 493.213937969068013 ], [ 476.243049066291007, 492.423788485409489 ], [ 474.324114601807992, 456.64130460851311 ] ] ] } },
{ "type": "Feature", "properties": { "feature_type": "building", "subtype": "no-damage", "uid": "2d2907bb-0b81-441e-884f-b6d8b79b57ab" }, "geometry": { "type": "Polygon", "coordinates": [ [ [ 518.507915797698388, 458.740257011396409 ], [ 522.489149657509984, 458.280883868675801 ], [ 527.542254174869299, 455.677769424407074 ], [ 529.226622347244529, 454.45277438961142 ], [ 530.145368620537056, 454.759023146441507 ], [ 531.064114893362444, 457.515261976600584 ], [ 532.289109927689765, 459.965252042454324 ], [ 535.65784627314099, 460.730873938267223 ], [ 537.189090063130038, 463.333988390011427 ], [ 537.189090067802226, 464.405859046391981 ], [ 535.964095034642924, 466.549600351677896 ], [ 537.035965688452848, 468.693341660701492 ], [ 536.117219411188898, 476.655809386873614 ], [ 532.7484830659713, 478.340177556914284 ], [ 524.326642209935358, 478.340177556914284 ], [ 519.426662071925421, 478.340177556914284 ], [ 518.507915797698388, 458.740257011396409 ] ] ] } },
{ "type": "Feature", "properties": { "feature_type": "building", "subtype": "no-damage", "uid": "4c0a39e5-db32-4d3d-a5a6-f3b403f345ca" }, "geometry": { "type": "Polygon", "coordinates": [ [ [ 504.037165684425418, 453.74021668613392 ], [ 511.016028873023288, 452.491280468252228 ], [ 512.33863620920431, 459.953592287894423 ], [ 505.340169331357799, 461.533891258948927 ], [ 504.037165684425418, 453.74021668613392 ] ] ] } },
{ "type": "Feature", "properties": { "feature_type": "building", "subtype": "no-damage", "uid": "fe957ce7-7533-456a-8c26-f7221ec4613b" }, "geometry": { "type": "Polygon", "coordinates": [ [ [ 542.538601176853604, 468.319512311950916 ], [ 551.907516514082886, 468.432390810150309 ], [ 551.794638013781082, 463.57861539504961 ], [ 559.583254374584385, 463.239979900451317 ], [ 560.034768368316236, 468.545269308349816 ], [ 561.953702836069624, 469.786932788543709 ], [ 563.308244810490351, 471.480110257797719 ], [ 564.437029789680423, 474.640708203644522 ], [ 563.195366311123053, 479.720240615144121 ], [ 554.729478961357245, 480.284633102403575 ], [ 554.503721968462742, 482.090689073594774 ], [ 551.117367027855607, 483.332352550050985 ], [ 550.778731531855897, 487.05734298689498 ], [ 545.58632062543245, 486.492950495897674 ], [ 545.473442122093729, 482.655081560854285 ], [ 542.087087184523511, 481.639175080796974 ], [ 541.184059201031232, 479.833119113343628 ], [ 540.732545209401906, 478.139941640351879 ], [ 540.732545208000261, 475.543736185502325 ], [ 541.071180704467224, 471.931624250595519 ], [ 542.538601176853604, 468.319512311950916 ] ] ] } },
{ "type": "Feature", "properties": { "feature_type": "building", "subtype": "no-damage", "uid": "537f8817-edc6-43b5-9699-d36790290cf1" }, "geometry": { "type": "Polygon", "coordinates": [ [ [ 544.472571876501775, 492.043874660259917 ], [ 571.337654401923146, 495.655986598904519 ], [ 569.192962940107122, 513.265032291854141 ], [ 550.455132270320632, 510.781705335203981 ], [ 542.102123420856742, 507.508228891157728 ], [ 544.472571876501775, 492.043874660259917 ] ] ] } },
{ "type": "Feature", "properties": { "feature_type": "building", "subtype": "no-damage", "uid": "9c780c3e-6190-4b64-8fd7-b42c46377a83" }, "geometry": { "type": "Polygon", "coordinates": [ [ [ 547.340955181311756, 511.858894857828091 ], [ 557.908687975816633, 512.61920746345811 ], [ 557.953906028327992, 517.186230880169774 ], [ 560.305244820821486, 517.231448933615525 ], [ 560.305244820587859, 521.120201544902898 ], [ 557.999124085511426, 521.120201544902898 ], [ 558.158319463010571, 526.420731389047546 ], [ 562.318844181907025, 526.33752089456209 ], [ 562.402054681298182, 531.662992541632207 ], [ 547.507376170282441, 532.328676497515858 ], [ 547.340955181311756, 511.858894857828091 ] ] ] } },
{ "type": "Feature", "properties": { "feature_type": "building", "subtype": "no-damage", "uid": "52771524-6a50-4c62-b268-7daadfc6b982" }, "geometry": { "type": "Polygon", "coordinates": [ [ [ 574.913858873433696, 508.114398976061977 ], [ 591.055484086504293, 507.550006485064728 ], [ 591.958512070230086, 532.157519055166858 ], [ 575.252494367330883, 532.609033047964658 ], [ 574.913858873433696, 508.114398976061977 ] ] ] } },
{ "type": "Feature", "properties": { "feature_type": "building", "subtype": "no-damage", "uid": "3296b4ea-b915-46ab-a6ab-7a14ac067d6e" }, "geometry": { "type": "Polygon", "coordinates": [ [ [ 616.959075741783977, 498.039308325298123 ], [ 616.988656699406192, 498.039308325298123 ], [ 616.988656699406192, 501.73784983230388 ], [ 613.605729718672706, 502.399898529449104 ], [ 613.483049374914685, 507.245772053700875 ], [ 608.14645448124179, 507.245772053700875 ], [ 608.207794653588053, 508.717936163848378 ], [ 606.667589517559122, 508.807283171390111 ], [ 602.167589521722562, 509.040616506217418 ], [ 602.800922854238024, 518.940616506598644 ], [ 592.600922857819342, 519.640616503605315 ], [ 591.859829046970617, 506.862648999852524 ], [ 582.293162378395323, 507.229315664595219 ], [ 581.627232746752838, 497.477143984005181 ], [ 583.870266613324816, 496.660783091945916 ], [ 589.278948749268579, 495.911888641576581 ], [ 616.719980651648939, 494.129999881393474 ], [ 616.959075741783977, 498.039308325298123 ] ] ] } },
{ "type": "Feature", "properties": { "feature_type": "building", "subtype": "no-damage", "uid": "0656314c-24ef-415d-aaf3-def90b7e229a" }, "geometry": { "type": "Polygon", "coordinates": [ [ [ 626.058600593641359, 490.421222582279995 ], [ 626.474653069338842, 496.994851646632128 ], [ 617.429980651061555, 497.629999881377273 ], [ 617.219980650511502, 494.099999881414988 ], [ 617.487306377712798, 494.081257762896314 ], [ 617.487306375610274, 492.759999879883424 ], [ 617.78409574364639, 492.563216510673897 ], [ 622.483065916782721, 492.182218931126215 ], [ 622.523065916598284, 490.421222582279995 ], [ 626.058600593641359, 490.421222582279995 ] ] ] } },
{ "type": "Feature", "properties": { "feature_type": "building", "subtype": "no-damage", "uid": "c1587a46-700a-4c6b-85b5-fef0cb7d6d8c" }, "geometry": { "type": "Polygon", "coordinates": [ [ [ 609.824140467698498, 473.344360296798072 ], [ 610.081057364881758, 475.485334442018427 ], [ 616.881427391548527, 475.141011907437189 ], [ 618.845389259857029, 475.141011907437189 ], [ 620.83998065134017, 477.319999880980106 ], [ 622.199980650208545, 489.369999882312584 ], [ 622.049905836408357, 489.368990710550293 ], [ 621.993923752393925, 491.720238262989426 ], [ 617.61454859021967, 492.075322734777615 ], [ 617.059980653118032, 492.449999878859614 ], [ 592.857000012140247, 494.164468257381827 ], [ 592.029259283313309, 475.321340049974708 ], [ 596.690640002820373, 474.639192621989594 ], [ 602.098684302625884, 473.890386486670877 ], [ 608.374739560439366, 472.982010069398882 ], [ 609.824140467698498, 473.344360296798072 ] ] ] } },
{ "type": "Feature", "properties": { "feature_type": "building", "subtype": "no-damage", "uid": "fb2afb7e-2798-45f2-be78-b0661de08af4" }, "geometry": { "type": "Polygon", "coordinates": [ [ [ 586.200773745185415, 454.723920448013473 ], [ 588.197825610732252, 456.720972315664824 ], [ 590.569980653437483, 478.189999880356709 ], [ 570.473377003513406, 479.43621073345372 ], [ 569.059411882830659, 455.63923588735372 ], [ 571.056463750012767, 450.979448196167425 ], [ 585.535089788134314, 449.398448800943413 ], [ 586.200773745185415, 454.723920448013473 ] ] ] } },
{ "type": "Feature", "properties": { "feature_type": "building", "subtype": "no-damage", "uid": "41c5145d-6a50-4cb0-8e6c-620c5ccb0ffc" }, "geometry": { "type": "Polygon", "coordinates": [ [ [ 605.755239944813184, 446.319660504981073 ], [ 612.055999460053158, 446.153239516010103 ], [ 612.079237525235499, 446.339999881999177 ], [ 612.079237525936378, 448.150291383661397 ], [ 612.329980651217056, 448.139999880709411 ], [ 614.585999460651692, 464.321476344162022 ], [ 615.368132085134562, 464.209743112159572 ], [ 616.040722660016058, 470.487255160901384 ], [ 622.8799806517452, 470.779999881928802 ], [ 623.229443781605369, 473.862334179671507 ], [ 622.147707358901926, 477.024332970119417 ], [ 621.299980650854309, 477.079999881151991 ], [ 619.065340120793962, 474.641011909041481 ], [ 616.868777265533822, 474.641011909041481 ], [ 610.521889163976425, 474.962373330344121 ], [ 610.279543097985083, 472.942822751290919 ], [ 608.400524229566486, 472.473068033835375 ], [ 602.028584320461505, 473.395322495243704 ], [ 596.619264346510818, 474.144305260663486 ], [ 592.519980655308814, 474.759999881568604 ], [ 590.552294366849196, 440.738763857798119 ], [ 605.339187470984598, 439.662820946143484 ], [ 605.755239944813184, 446.319660504981073 ] ] ] } },
{ "type": "Feature", "properties": { "feature_type": "building", "subtype": "no-damage", "uid": "11ab639f-e945-493b-b326-62acec6e8b4d" }, "geometry": { "type": "Polygon", "coordinates": [ [ [ 633.547545098494425, 450.729816712710885 ], [ 634.046808063771437, 452.061184624478528 ], [ 634.795702517877658, 467.787968082232226 ], [ 633.547545100830462, 469.78501994988352 ], [ 622.813391311748205, 470.201072422310915 ], [ 622.819980650386583, 470.279999879795184 ], [ 616.492064857697756, 470.006406367940485 ], [ 615.810113455355236, 463.641526640770678 ], [ 615.011947110420465, 463.755550405167298 ], [ 612.829980649145114, 448.109999880730925 ], [ 622.230917850584092, 447.651028416748488 ], [ 621.898075872642494, 443.324082703504075 ], [ 633.131492624432212, 443.823345670416984 ], [ 633.547545098494425, 450.729816712710885 ] ] ] } },
{ "type": "Feature", "properties": { "feature_type": "building", "subtype": "no-damage", "uid": "6650a547-91db-4828-8d3b-f52f5b241591" }, "geometry": { "type": "Polygon", "coordinates": [ [ [ 506.404893960215986, 485.096980143315193 ], [ 518.961093057982566, 486.168850799695917 ], [ 522.636078158394753, 490.609457799895779 ], [ 520.492336848438754, 495.968811074323696 ], [ 505.945520822401704, 494.590691661112999 ], [ 506.404893960215986, 485.096980143315193 ] ] ] } },
{ "type": "Feature", "properties": { "feature_type": "building", "subtype": "no-damage", "uid": "b1d5db78-b676-4922-916a-1ce48498e4a2" }, "geometry": { "type": "Polygon", "coordinates": [ [ [ 503.616053710711583, 483.486668800400594 ], [ 503.699264204729786, 475.332040337086823 ], [ 513.434892059053027, 476.164145281941614 ], [ 513.351681564100431, 484.152352752546619 ], [ 503.616053710711583, 483.486668800400594 ] ] ] } },
{ "type": "Feature", "properties": { "feature_type": "building", "subtype": "no-damage", "uid": "90b5278a-e090-4b7b-848a-33f7e432f555" }, "geometry": { "type": "Polygon", "coordinates": [ [ [ 727.187765813400233, 383.24045573823048 ], [ 729.569980635304432, 394.089999879571508 ], [ 729.373155026725385, 394.095727529975079 ], [ 730.840575495374082, 396.804811479286286 ], [ 734.565565930112029, 397.030568475685186 ], [ 737.16177138916396, 398.272231955879079 ], [ 738.403434866553312, 400.529801916130282 ], [ 738.516313361482162, 404.254792349236709 ], [ 737.839042375323061, 405.835091324028895 ], [ 738.629191861550339, 407.076754800485105 ], [ 739.645098340205095, 410.350231244531415 ], [ 736.032986404367307, 411.140380731927507 ], [ 727.905734548031546, 409.785838753534108 ], [ 726.325435578380166, 405.722212825829388 ], [ 725.986800083081334, 402.787371876381599 ], [ 722.036052654514492, 402.222979385384292 ], [ 720.568632179324709, 400.755558912529182 ], [ 720.681510676823223, 397.933596461280786 ], [ 719.439847200368263, 396.917689977485793 ], [ 717.52091273331564, 396.917689977485793 ], [ 712.55425882235636, 396.691932981086893 ], [ 709.393660877914272, 394.998755511832883 ], [ 709.393660873242084, 390.370737093131027 ], [ 708.942146886051319, 383.372270215978517 ], [ 705.330034946709475, 378.179859306279411 ], [ 704.099980634424696, 377.029999881828985 ], [ 725.679980633501373, 375.609999881600572 ], [ 727.187765813400233, 383.24045573823048 ] ] ] } },
{ "type": "Feature", "properties": { "feature_type": "building", "subtype": "no-damage", "uid": "4e8cc262-1428-4782-b852-39331e1ad6c3" }, "geometry": { "type": "Polygon", "coordinates": [ [ [ 749.172832041699735, 378.956749620208996 ], [ 753.519980626606639, 379.969999879722309 ], [ 752.940789972262564, 380.151534512450723 ], [ 753.63299396546654, 387.073574435152977 ], [ 757.679980628215958, 393.149999878999097 ], [ 756.238237550277859, 393.869970533576179 ], [ 753.980667588160031, 396.579054486625182 ], [ 754.432181582826274, 402.335857883583799 ], [ 754.770817074153683, 408.544175277077898 ], [ 745.966294230490803, 409.221446262536915 ], [ 745.514780238861476, 398.497988952277979 ], [ 741.789789807861325, 397.594960966682493 ], [ 741.229980631765557, 394.23999987946388 ], [ 741.355555634883672, 394.232033639880001 ], [ 740.265555639792865, 382.079779125469315 ], [ 740.395811885599642, 382.079779125469315 ], [ 740.47659703856732, 373.920478841579779 ], [ 748.017871393802011, 373.84192390107529 ], [ 749.172832041699735, 378.956749620208996 ] ] ] } },
{ "type": "Feature", "properties": { "feature_type": "building", "subtype": "no-damage", "uid": "5fc6053d-809f-4114-a12b-bef6f12045f7" }, "geometry": { "type": "Polygon", "coordinates": [ [ [ 726.397903520219529, 362.180501155510626 ], [ 726.949988672989321, 371.013863633474614 ], [ 733.907850972723736, 371.460698827357419 ], [ 737.010259532263262, 370.338551049587124 ], [ 736.889980631453568, 366.299999879550626 ], [ 752.626125614440184, 365.311710530231096 ], [ 754.093546086826564, 366.327617014026089 ], [ 770.348049803235881, 364.63443954103451 ], [ 772.718498259581679, 368.133672981479492 ], [ 773.395769246675286, 371.181392429126902 ], [ 773.170012253079904, 374.116233378574805 ], [ 773.199980626735282, 374.32999988002598 ], [ 767.471497440812868, 375.959726072797707 ], [ 766.480255217478998, 374.307655701273973 ], [ 758.412878549232687, 375.973744363985418 ], [ 758.832890830640167, 378.325813117817006 ], [ 754.429980627433224, 379.689999882414725 ], [ 754.431626100295261, 379.670370838284327 ], [ 749.591546009072886, 378.541018816702092 ], [ 748.41661281137965, 373.337743219637616 ], [ 739.981472228690222, 373.425609268103983 ], [ 739.90998063201198, 380.999999880230121 ], [ 733.368929022567386, 380.569744667185716 ], [ 727.329980630682144, 381.389999879950608 ], [ 726.179980635400852, 375.569999880383421 ], [ 727.366882478214961, 375.493507295157315 ], [ 722.389980636874384, 361.919999878951501 ], [ 726.397903520219529, 362.180501155510626 ] ] ] } },
{ "type": "Feature", "properties": { "feature_type": "building", "subtype": "no-damage", "uid": "030b1d53-eb82-45fb-be4b-217955c9967f" }, "geometry": { "type": "Polygon", "coordinates": [ [ [ 775.427582215664984, 389.016195118475423 ], [ 758.495807513330192, 392.74118555158168 ], [ 758.129980630696309, 392.919999880409819 ], [ 754.118117490195232, 386.899871909881085 ], [ 753.478953569063265, 380.508232718646013 ], [ 759.402742930647833, 378.672692352181286 ], [ 758.990650262996496, 376.364973418564318 ], [ 766.234004576790994, 374.869063287090228 ], [ 767.239814225311534, 376.545412694985203 ], [ 773.279980628702447, 374.829999882159484 ], [ 775.427582215664984, 389.016195118475423 ] ] ] } },
{ "type": "Feature", "properties": { "feature_type": "building", "subtype": "no-damage", "uid": "d60136b8-6004-4be3-ba41-cf3eb9bf0730" }, "geometry": { "type": "Polygon", "coordinates": [ [ [ 739.711194021103211, 381.485728019932196 ], [ 740.789980633327218, 393.54999987995842 ], [ 730.079980629799024, 394.059999879592908 ], [ 727.677216636377239, 383.13815480256352 ], [ 727.429980635126867, 381.879999880845389 ], [ 733.386455155195563, 381.071960058418313 ], [ 739.711194021103211, 381.485728019932196 ] ] ] } },
{ "type": "Feature", "properties": { "feature_type": "building", "subtype": "no-damage", "uid": "853e071b-9d68-4357-ba0c-4fc2165a6e56" }, "geometry": { "type": "Polygon", "coordinates": [ [ [ 721.035300721347312, 361.826922950957623 ], [ 721.839980631351068, 361.879999881471974 ], [ 726.667395867572054, 375.038567079828795 ], [ 703.60998063890338, 376.559999879674024 ], [ 702.282315503036443, 374.567747367634922 ], [ 701.492166016108285, 371.632906421924702 ], [ 701.379287518376145, 368.810943970676192 ], [ 702.282315499298761, 364.747318039233903 ], [ 702.409980639530772, 362.809999880805492 ], [ 704.404136701038283, 362.914061402497282 ], [ 711.909705476710769, 362.497085359767425 ], [ 721.039980631769367, 361.739999879080472 ], [ 721.035300721347312, 361.826922950957623 ] ] ] } },
{ "type": "Feature", "properties": { "feature_type": "building", "subtype": "no-damage", "uid": "33355422-e594-4691-826c-5050a6244736" }, "geometry": { "type": "Polygon", "coordinates": [ [ [ 731.404967986137194, 356.507187685625183 ], [ 734.226930438317254, 357.071580172884694 ], [ 734.904201427513271, 359.10339314047468 ], [ 735.017079923843767, 363.054140569979893 ], [ 736.371621901768549, 366.327617014026089 ], [ 736.389405157417059, 366.327617014026089 ], [ 736.499405159596336, 369.991626076638283 ], [ 733.835837629084381, 370.955044120331024 ], [ 727.421542612201279, 370.543116915381916 ], [ 726.869504685398397, 361.71051009026462 ], [ 722.129980631298622, 361.399999881815972 ], [ 721.453929012973504, 354.749965280198296 ], [ 719.08998063597187, 351.479999878957074 ], [ 722.137342637157872, 350.334688167542993 ], [ 729.189980631683625, 350.299999882294514 ], [ 731.404967986137194, 356.507187685625183 ] ] ] } },
{ "type": "Feature", "properties": { "feature_type": "building", "subtype": "no-damage", "uid": "2a07301c-f404-4be4-bada-42d6fb8b4815" }, "geometry": { "type": "Polygon", "coordinates": [ [ [ 727.2599806318226, 321.889999880226185 ], [ 728.134389570549274, 338.191397952211503 ], [ 728.814491332680518, 345.301552730194317 ], [ 730.259980633874875, 347.959999880233624 ], [ 729.339980632510333, 349.789999878922174 ], [ 722.044958331525891, 349.835196477806107 ], [ 718.789980635719871, 351.0599998792581 ], [ 717.003854260583012, 348.58832331415789 ], [ 715.369980633034515, 348.739999879674713 ], [ 714.456936885601408, 340.918112868092976 ], [ 712.680996771828518, 337.611189894458221 ], [ 711.699917244414451, 323.446854236647994 ], [ 710.709917241620701, 321.401974797925277 ], [ 710.748202853035764, 321.401974797925277 ], [ 711.876987832225836, 317.789862859280788 ], [ 725.422407594654373, 317.451227364682381 ], [ 727.2599806318226, 321.889999880226185 ] ] ] } },
{ "type": "Feature", "properties": { "feature_type": "building", "subtype": "no-damage", "uid": "34dbc8f2-5c46-4750-a95f-916b3a225e6c" }, "geometry": { "type": "Polygon", "coordinates": [ [ [ 715.161299286536746, 349.266067197035227 ], [ 716.76618053681409, 349.113221361628405 ], [ 720.969997210670385, 354.933890601495591 ], [ 721.603279616166901, 361.187554405772175 ], [ 711.875069985009418, 361.998238540340083 ], [ 704.402749747705343, 362.413367442464789 ], [ 702.439980634603444, 362.319999879910824 ], [ 702.508072496631826, 361.24808460252649 ], [ 702.28231550327007, 357.635972663881887 ], [ 703.92998063882942, 351.159999880432281 ], [ 710.260429128309397, 350.504725644379675 ], [ 712.873356428548277, 350.069237760850399 ], [ 715.149980635917814, 349.10999988065538 ], [ 715.161299286536746, 349.266067197035227 ] ] ] } },
{ "type": "Feature", "properties": { "feature_type": "building", "subtype": "no-damage", "uid": "6046c26f-7dc5-457a-8b61-534c08ed0067" }, "geometry": { "type": "Polygon", "coordinates": [ [ [ 746.643565221555718, 346.686758357224221 ], [ 747.6594717006775, 350.185991793931578 ], [ 736.484500398332671, 353.910982230775573 ], [ 734.92998062974516, 348.41999988114992 ], [ 744.029980628432668, 346.309999881415877 ], [ 746.643565221555718, 346.686758357224221 ] ] ] } },
{ "type": "Feature", "properties": { "feature_type": "building", "subtype": "no-damage", "uid": "3b179270-a74a-4c8e-b49f-3da023e287d0" }, "geometry": { "type": "Polygon", "coordinates": [ [ [ 743.144331779712275, 342.961767920380225 ], [ 743.449980628303706, 345.929999879196373 ], [ 734.789980630157061, 347.929999880255082 ], [ 734.791322926277076, 347.928421833680375 ], [ 730.809662203145763, 347.928421833680375 ], [ 729.302500513048358, 345.15233552653342 ], [ 729.099980631981794, 343.019999881281592 ], [ 736.290537399259279, 342.803331754979581 ], [ 743.239980627987165, 341.499999879879113 ], [ 743.144331779712275, 342.961767920380225 ] ] ] } },
{ "type": "Feature", "properties": { "feature_type": "building", "subtype": "no-damage", "uid": "a82ed678-0432-49e9-9cae-3b5a1e5ba010" }, "geometry": { "type": "Polygon", "coordinates": [ [ [ 742.241303796453735, 316.548199382824578 ], [ 743.031453281980248, 320.950460805127591 ], [ 745.063266248633795, 322.982273768979894 ], [ 746.417808221886503, 336.640572032424302 ], [ 743.389980632318156, 340.959999880266025 ], [ 736.236439773799134, 342.304748748172301 ], [ 729.049980631161134, 342.519999879148088 ], [ 728.633118507623635, 338.154250933045489 ], [ 727.773118504113654, 322.079245783384295 ], [ 732.420874468062266, 322.079245783384295 ], [ 731.969360477834698, 316.322442386425678 ], [ 742.241303796453735, 316.548199382824578 ] ] ] } },
{ "type": "Feature", "properties": { "feature_type": "building", "subtype": "no-damage", "uid": "2916b1ea-b0c0-4571-b203-3dd4cca3cf64" }, "geometry": { "type": "Polygon", "coordinates": [ [ [ 711.207816346186519, 323.578192823057122 ], [ 712.189622297409755, 337.753016251946292 ], [ 713.971412111506197, 341.070831766499907 ], [ 714.86410903916908, 348.688512238822625 ], [ 712.733344693894196, 349.585676173085915 ], [ 710.193697616564464, 350.008950684650813 ], [ 703.638098867286999, 350.682890744706583 ], [ 703.669980639327491, 351.009999880539908 ], [ 699.919980636878904, 351.46999988145609 ], [ 698.179414890625821, 329.050755687418587 ], [ 698.009980635991269, 329.059999878825977 ], [ 698.549980637939825, 322.289999881185508 ], [ 710.169980637622416, 321.439999880548612 ], [ 711.207816346186519, 323.578192823057122 ] ] ] } },
{ "type": "Feature", "properties": { "feature_type": "building", "subtype": "no-damage", "uid": "22803a3d-189a-4968-aba0-40077ec37c5a" }, "geometry": { "type": "Polygon", "coordinates": [ [ [ 695.246026874767153, 327.637453693045018 ], [ 697.699980639639989, 329.329999882370316 ], [ 699.41998063591393, 351.529999881413119 ], [ 697.979980638115308, 351.709999881284091 ], [ 697.711009941010047, 348.964623742543381 ], [ 688.992828948927922, 349.7789593314277 ], [ 689.139980636593691, 352.189999880940206 ], [ 685.631447713693888, 352.040323101125523 ], [ 678.119980640919152, 353.609999881168619 ], [ 677.381595962367214, 351.079889521561881 ], [ 676.127049480251912, 349.28768026486631 ], [ 675.914381442328931, 347.628869565187188 ], [ 676.490066514222235, 345.060428485154716 ], [ 677.516114753545367, 341.89306217445062 ], [ 678.581438368123827, 340.271917541090488 ], [ 678.441428173881036, 336.444972132735586 ], [ 677.515409132531545, 333.898419774278295 ], [ 676.701484164668273, 332.541878167167397 ], [ 676.50998063864813, 332.029999880435525 ], [ 679.062098418406435, 331.859913988800827 ], [ 683.146016017093871, 331.231618972826823 ], [ 684.77646467682041, 329.475751183774094 ], [ 688.639980639132773, 327.119999881462093 ], [ 688.650194179140613, 327.190225443363715 ], [ 691.676773243088064, 326.745140287635593 ], [ 695.246026874767153, 327.637453693045018 ] ] ] } },
{ "type": "Feature", "properties": { "feature_type": "building", "subtype": "no-damage", "uid": "5ed1ef68-9c77-4645-bed2-070096a57bb7" }, "geometry": { "type": "Polygon", "coordinates": [ [ [ 687.957764313364123, 322.60287755195759 ], [ 688.559980642071309, 326.589999879349989 ], [ 684.457255141309588, 329.084708641850682 ], [ 682.898014898367251, 330.763890436912504 ], [ 679.007710246456327, 331.362398843569622 ], [ 676.349980641488401, 331.539999879540687 ], [ 676.03687670801844, 329.769808800649287 ], [ 675.156970709174971, 327.917375127035712 ], [ 674.849980644199945, 327.419999881247122 ], [ 674.40132648984968, 321.740610292523684 ], [ 676.433139457437733, 320.160311317731384 ], [ 685.829980641460565, 320.049999880298799 ], [ 687.957764313364123, 322.60287755195759 ] ] ] } },
{ "type": "Feature", "properties": { "feature_type": "building", "subtype": "no-damage", "uid": "4274a3de-6a79-421d-8aff-801419d6c350" }, "geometry": { "type": "Polygon", "coordinates": [ [ [ 698.219980637008575, 320.129999878995477 ], [ 697.548939970613901, 328.618293244736606 ], [ 695.455254879018753, 327.174372491846611 ], [ 691.701984996217334, 326.23605502231328 ], [ 689.070250437727964, 326.62307480770221 ], [ 688.431312392672794, 322.390110283648426 ], [ 686.479325779190958, 320.047432819531991 ], [ 687.269475264016592, 311.242909974926022 ], [ 697.767175578099909, 310.791395982128279 ], [ 698.219980637008575, 320.129999878995477 ] ] ] } },
{ "type": "Feature", "properties": { "feature_type": "building", "subtype": "no-damage", "uid": "a66fe3c6-2c96-4312-8b75-ed4878518ba6" }, "geometry": { "type": "Polygon", "coordinates": [ [ [ 697.519980640236327, 352.149999879722884 ], [ 697.315661590675518, 356.732944682024083 ], [ 690.091437717131157, 357.297337169283594 ], [ 689.865680717461942, 354.475374718035084 ], [ 689.779980638081156, 354.499999879284928 ], [ 689.724183690303562, 352.218268142682973 ], [ 689.639980636857786, 352.209999879680026 ], [ 689.521190260285948, 350.231783360711006 ], [ 697.262380781785168, 349.508705124963626 ], [ 697.519980640236327, 352.149999879722884 ] ] ] } },
{ "type": "Feature", "properties": { "feature_type": "building", "subtype": "no-damage", "uid": "13437432-7dce-4de4-a07d-0ff99859aadf" }, "geometry": { "type": "Polygon", "coordinates": [ [ [ 665.725485858804859, 371.031996281710803 ], [ 666.449886957987019, 374.291801228501299 ], [ 665.145873114454048, 378.482329761498704 ], [ 665.825600106923162, 390.150976478606594 ], [ 666.379980644126022, 407.209999878891324 ], [ 647.227321128421067, 408.380599219090925 ], [ 646.7355612521377, 371.454046373200811 ], [ 652.401163284090899, 371.30092199478571 ], [ 652.699980646466656, 370.299999881667873 ], [ 652.780084322511925, 370.300469370277824 ], [ 665.609980640551385, 370.089999881818414 ], [ 665.725485858804859, 371.031996281710803 ] ] ] } },
{ "type": "Feature", "properties": { "feature_type": "building", "subtype": "no-damage", "uid": "e64f0416-e41a-45c1-944f-aecfc55e35f8" }, "geometry": { "type": "Polygon", "coordinates": [ [ [ 689.234945510909824, 352.697469285087777 ], [ 689.279980639452219, 354.639999881676374 ], [ 687.382353760580713, 355.152645707231784 ], [ 687.720989258682835, 362.151112584384407 ], [ 696.412633602511164, 359.216271638674186 ], [ 697.428540085604368, 366.214738515826696 ], [ 691.107344196253052, 367.682158988681692 ], [ 688.511138743274842, 368.810943970676192 ], [ 685.463419296097754, 369.601093454334716 ], [ 687.720989256813937, 372.648812901982012 ], [ 688.624017241941374, 374.341990371236022 ], [ 697.541418582402002, 374.003354880375412 ], [ 697.089904593809592, 380.211672270131714 ], [ 696.739980636123846, 381.359999879972122 ], [ 685.314196740943999, 382.573589381816419 ], [ 686.619980640737936, 403.71999988014619 ], [ 685.935402346405908, 403.763290401920813 ], [ 684.251034174264305, 403.303917262938 ], [ 681.341670966160109, 402.997668506107914 ], [ 678.126059004263084, 404.375787919318725 ], [ 677.513561482193722, 406.519529228342321 ], [ 666.94797931456651, 407.13202674574012 ], [ 666.86998064058173, 407.139999881433312 ], [ 666.325131069440999, 390.128373891990123 ], [ 665.650316087022134, 378.544050017389225 ], [ 666.96685501693446, 374.313271361854277 ], [ 666.219092005503512, 370.948337816718777 ], [ 666.119980645791998, 370.079999880579692 ], [ 678.107506984283305, 369.879748063719887 ], [ 678.022463251206887, 369.029310775004774 ], [ 679.930157541719154, 368.863424314858491 ], [ 678.809980641358493, 353.979999882149286 ], [ 685.672315995097392, 352.542572348703516 ], [ 689.234945510909824, 352.697469285087777 ] ] ] } },
{ "type": "Feature", "properties": { "feature_type": "building", "subtype": "no-damage", "uid": "53b5ac65-8775-48e5-8f49-927d47038b9e" }, "geometry": { "type": "Polygon", "coordinates": [ [ [ 696.347860133749236, 382.632126061039287 ], [ 697.879103923504658, 385.235240509045809 ], [ 697.879103924906303, 388.450852474450016 ], [ 698.797850201469373, 391.819588818269324 ], [ 698.797850199366962, 393.96333012729292 ], [ 698.032228307759738, 394.728952023105819 ], [ 700.941591510958119, 399.47580778387362 ], [ 702.166586544584561, 402.844544127692927 ], [ 696.807233272965277, 403.457041645090726 ], [ 690.529133724549183, 403.457041645090726 ], [ 687.119980639600499, 403.679999878928982 ], [ 685.84271608253141, 383.020185293791826 ], [ 696.579980639431369, 381.879999880845389 ], [ 696.347860133749236, 382.632126061039287 ] ] ] } },
{ "type": "Feature", "properties": { "feature_type": "building", "subtype": "no-damage", "uid": "bfb827c5-5174-45b8-87ab-fe28c61eed4e" }, "geometry": { "type": "Polygon", "coordinates": [ [ [ 674.219980642082305, 327.359999881290207 ], [ 674.717697201591477, 328.157935625426489 ], [ 675.556077244665175, 329.92294624242561 ], [ 675.87053761338143, 331.71986263375652 ], [ 676.248011390219176, 332.757915521871894 ], [ 677.061936355980038, 334.114457132720474 ], [ 677.944639463906469, 336.541890671986778 ], [ 678.075937586834016, 340.130706054902589 ], [ 677.061230737302367, 341.674825177697528 ], [ 676.007248510880117, 344.928422478719426 ], [ 675.407264185709096, 347.605275617085113 ], [ 675.646776686681847, 349.473473101127183 ], [ 676.92444120990865, 351.298708135044194 ], [ 677.769980639145615, 354.209999880738621 ], [ 673.818700930932209, 355.294645151454404 ], [ 670.205725187333996, 352.092234835874081 ], [ 667.721823004772205, 351.663975839001125 ], [ 664.04998064447409, 351.049999881757117 ], [ 662.567793518259236, 331.27007081434698 ], [ 663.539980642270393, 328.339999879341974 ], [ 664.355140168330195, 327.610292187681807 ], [ 666.303042218197902, 326.742725722456612 ], [ 669.208915583426119, 326.25575021302609 ], [ 674.219980642082305, 327.359999881290207 ] ] ] } },
{ "type": "Feature", "properties": { "feature_type": "building", "subtype": "no-damage", "uid": "29bdf79c-01fd-40f6-bf0e-418e8228451a" }, "geometry": { "type": "Polygon", "coordinates": [ [ [ 663.644830962752053, 351.49137404115271 ], [ 667.638245876958877, 352.156943196441318 ], [ 669.98055237875451, 352.560789144422927 ], [ 673.690100148935926, 355.848797398709223 ], [ 678.354087888565005, 354.562180092577421 ], [ 679.394533746897991, 368.408113500004788 ], [ 677.474545295053645, 368.575069017800502 ], [ 677.555922553284177, 369.3888416187948 ], [ 652.84998064262129, 369.799999879534425 ], [ 652.860536422372434, 369.769678203160026 ], [ 647.65430753150406, 368.23843440779649 ], [ 647.194934392988898, 357.213479102110625 ], [ 650.869919493401085, 355.222862171502072 ], [ 651.089980645363767, 353.7099998823428 ], [ 651.890222112956849, 353.367709730194576 ], [ 662.287886329219532, 352.011492658842087 ], [ 663.649980645851315, 351.46999988145609 ], [ 663.644830962752053, 351.49137404115271 ] ] ] } },
{ "type": "Feature", "properties": { "feature_type": "building", "subtype": "no-damage", "uid": "20e9e499-693c-4d85-b2ea-fed8dc15d100" }, "geometry": { "type": "Polygon", "coordinates": [ [ [ 659.952878748367539, 324.675451238233791 ], [ 661.758934713249573, 324.675451238233791 ], [ 663.069980640816652, 328.189999879449374 ], [ 662.061679486675416, 331.207274081415903 ], [ 663.543925956339535, 350.970560325557074 ], [ 662.160714462399483, 351.523844922666513 ], [ 651.758074018171897, 352.880711065535706 ], [ 651.169980643359622, 353.129999881512504 ], [ 651.176168253734886, 353.07912085874068 ], [ 647.348058771403771, 350.476006410734328 ], [ 647.19493439112, 319.544881798962706 ], [ 650.922598906904341, 319.708797324933585 ], [ 653.744561354412212, 319.031526339474681 ], [ 659.727121752436119, 318.918647841275174 ], [ 659.952878748367539, 324.675451238233791 ] ] ] } },
{ "type": "Feature", "properties": { "feature_type": "building", "subtype": "no-damage", "uid": "fc66aca6-3234-44e5-b47e-8c72e0b1b2b4" }, "geometry": { "type": "Polygon", "coordinates": [ [ [ 802.828786591976836, 347.862637717454277 ], [ 801.913471153104751, 348.278690189881615 ], [ 802.911997086462179, 356.682950132914073 ], [ 781.859741982593391, 358.68000200056531 ], [ 781.209980621922114, 356.429999879147772 ], [ 781.290292261680747, 356.380989907546109 ], [ 781.10998062378485, 356.079999880644493 ], [ 781.039924492418436, 355.845051671402928 ], [ 780.959980622257262, 355.839999880816492 ], [ 778.987944742100922, 352.598561836924716 ], [ 777.149980624523891, 338.459999880811608 ], [ 779.388666929219426, 337.713186848136274 ], [ 783.844255587669409, 337.408009541101876 ], [ 796.104726827874288, 335.621307704104993 ], [ 797.409980621277327, 334.909999882109503 ], [ 801.08136620825087, 334.216116621837216 ], [ 802.828786591976836, 347.862637717454277 ] ] ] } },
{ "type": "Feature", "properties": { "feature_type": "building", "subtype": "no-damage", "uid": "68e750ef-b10b-439c-8ca3-6398e1b74fdc" }, "geometry": { "type": "Polygon", "coordinates": [ [ [ 778.505752817871894, 352.768025961149988 ], [ 780.369980622992102, 355.819999882076672 ], [ 779.090621603556315, 355.785715663974884 ], [ 773.122640066766962, 356.682950132914073 ], [ 772.289980627543969, 351.519999880174396 ], [ 772.327405825289702, 351.512162495045118 ], [ 771.282093823975288, 343.933650498940722 ], [ 773.776519028367829, 343.979003686225099 ], [ 773.039980626071383, 339.439999878863375 ], [ 776.092484462528319, 338.811914336411519 ], [ 776.669980624401092, 338.619999881942817 ], [ 778.505752817871894, 352.768025961149988 ] ] ] } },
{ "type": "Feature", "properties": { "feature_type": "building", "subtype": "no-damage", "uid": "9311ccd4-108d-430f-b26f-561447cb1d5d" }, "geometry": { "type": "Polygon", "coordinates": [ [ [ 770.171215482853768, 340.034785104192792 ], [ 772.549980623775468, 339.539999880037726 ], [ 773.186501376277874, 343.468193451693594 ], [ 770.706940686923076, 343.423110532086525 ], [ 771.75998062823578, 351.0599998792581 ], [ 759.39290847621055, 352.106372936213177 ], [ 757.562277596597596, 351.357478485844013 ], [ 753.984226335828339, 326.311119645717611 ], [ 757.840722454466913, 324.57550717216759 ], [ 767.909980627416417, 322.809999882058719 ], [ 770.171215482853768, 340.034785104192792 ] ] ] } },
{ "type": "Feature", "properties": { "feature_type": "building", "subtype": "no-damage", "uid": "864a87b9-c718-472b-9e30-68afa7b5b807" }, "geometry": { "type": "Polygon", "coordinates": [ [ [ 781.154305470833265, 302.814723272702111 ], [ 782.105582558949095, 305.14006727101588 ], [ 783.13196659487221, 310.956243492028818 ], [ 788.528357404317376, 316.179536472008692 ], [ 789.205628392578888, 319.678769912453788 ], [ 792.930618826615955, 319.453012916054888 ], [ 796.316973768157595, 319.340134417855495 ], [ 793.94652530573785, 327.015872284204704 ], [ 796.669980623287756, 334.739999879739514 ], [ 795.943960400594733, 335.139454658232694 ], [ 783.791043504861477, 336.91048274910861 ], [ 779.29096717573043, 337.218707153389687 ], [ 775.962411155407722, 338.328225826597986 ], [ 770.597088633852081, 339.436281567796073 ], [ 768.409980623709203, 322.719999882123204 ], [ 772.501023363958097, 321.999219983147327 ], [ 770.783498571902442, 309.792525915633519 ], [ 772.317002855329179, 309.48582506184448 ], [ 771.911736006095339, 303.472422980625709 ], [ 778.791703120671855, 302.818766373693222 ], [ 781.154305470833265, 302.814723272702111 ] ] ] } },
{ "type": "Feature", "properties": { "feature_type": "building", "subtype": "no-damage", "uid": "f1cf6255-feaa-4d0b-aa42-ebf315fc5405" }, "geometry": { "type": "Polygon", "coordinates": [ [ [ 798.665918581245819, 302.20536466237769 ], [ 802.751048154072919, 303.988658685157077 ], [ 801.848020170347127, 313.696209515358589 ], [ 789.559980621147815, 315.989999881962092 ], [ 783.594085637925104, 310.697805295867397 ], [ 782.588656710932355, 305.00037471922542 ], [ 781.508120832628151, 302.359064800501187 ], [ 778.819980621846071, 301.989999882027007 ], [ 778.853043293718883, 300.978561239746625 ], [ 785.53912195074281, 300.487839868451488 ], [ 785.600462125658737, 303.125467231219886 ], [ 786.949945888309003, 303.125467231219886 ], [ 789.710253591328751, 299.322376615830706 ], [ 797.500455330261389, 299.015675762041781 ], [ 798.665918581245819, 302.20536466237769 ] ] ] } },
{ "type": "Feature", "properties": { "feature_type": "building", "subtype": "no-damage", "uid": "2f6b6bfe-bd77-4fe2-9791-337d141a792e" }, "geometry": { "type": "Polygon", "coordinates": [ [ [ 809.859980618183954, 390.49999987965208 ], [ 812.031856042337154, 390.652251614316299 ], [ 810.564435565512213, 409.615839281921581 ], [ 796.680380310120995, 409.502960783722074 ], [ 792.842511379286179, 407.696904816268727 ], [ 784.376624031856522, 407.58402631806922 ], [ 781.893297074508041, 392.232550585370802 ], [ 786.309980623635511, 391.529999880159892 ], [ 786.323820221729534, 391.612158024642781 ], [ 793.430446022811452, 390.815725822937623 ], [ 802.493929167250485, 390.448287317245672 ], [ 809.859980618183954, 390.49999987965208 ] ] ] } },
{ "type": "Feature", "properties": { "feature_type": "building", "subtype": "no-damage", "uid": "587f1d2b-d6f6-4a4a-8338-49cf652d4251" }, "geometry": { "type": "Polygon", "coordinates": [ [ [ 786.505121330521206, 376.99854953477228 ], [ 786.566812685359878, 379.466203788127586 ], [ 800.519980620836691, 379.409999881369515 ], [ 801.593595946824735, 380.257942524070984 ], [ 801.83895662756629, 381.484745950439788 ], [ 806.991531008405332, 382.343508345534019 ], [ 808.659980619512226, 389.989999880017592 ], [ 802.485635780871235, 389.948212818444176 ], [ 793.392428254922947, 390.316856367826119 ], [ 786.859950988036985, 391.04999988050389 ], [ 786.859950986401714, 389.071952639524113 ], [ 780.853934891613676, 389.173339704294108 ], [ 780.05651266629684, 377.396026838065211 ], [ 782.571459682968452, 376.905305470507813 ], [ 782.569980626397069, 376.779999880762205 ], [ 786.505121330521206, 376.99854953477228 ] ] ] } },
{ "type": "Feature", "properties": { "feature_type": "building", "subtype": "no-damage", "uid": "56bf1798-7999-4cb6-80c0-ebedd9234b46" }, "geometry": { "type": "Polygon", "coordinates": [ [ [ 800.060091667836559, 366.763104863915885 ], [ 801.777616459658589, 367.683207432758081 ], [ 805.458026729650783, 367.560527088999777 ], [ 805.703387417166937, 377.006913453724792 ], [ 801.470915605636378, 377.252274137503491 ], [ 801.164214746708353, 378.847118587671503 ], [ 800.92143183929727, 378.903821727883496 ], [ 787.054416702258436, 378.964115442289085 ], [ 786.993427715441499, 376.524556001382393 ], [ 782.579980623430856, 376.279999882366383 ], [ 782.69414002859537, 368.44036184463522 ], [ 786.503913838385301, 368.480629657841973 ], [ 787.055975376886749, 367.989908290284689 ], [ 788.650819830790851, 366.824445037663793 ], [ 790.307004447463328, 365.965682638831879 ], [ 792.453910439868991, 365.290940757506121 ], [ 799.75339080984304, 365.290940757506121 ], [ 800.060091667836559, 366.763104863915885 ] ] ] } },
{ "type": "Feature", "properties": { "feature_type": "building", "subtype": "destroyed", "uid": "4c45b645-2341-4e45-8712-a840c8c161dd" }, "geometry": { "type": "Polygon", "coordinates": [ [ [ 804.930694036989507, 518.93546174906578 ], [ 809.806138755911775, 521.654459765498245 ], [ 809.879980622063044, 521.529999881693698 ], [ 810.328427598090116, 523.821737039240816 ], [ 809.571786370973086, 526.186240868406685 ], [ 807.207282542043004, 528.172424082962493 ], [ 804.74819856319823, 528.645324850290763 ], [ 803.613236728713105, 529.591126381209619 ], [ 803.234916110599215, 539.427462308745817 ], [ 796.989980624148302, 540.129999879578577 ], [ 793.029940361841682, 538.530668275052449 ], [ 789.066915630733774, 536.887462898635249 ], [ 786.105278615049201, 537.874675240156762 ], [ 784.899980624413729, 538.739999879328707 ], [ 779.589877832745628, 538.576240930545168 ], [ 780.59998062391719, 523.43999987907921 ], [ 780.684816130003924, 523.444584412479685 ], [ 781.132766061718144, 516.426702173401168 ], [ 783.267566350234119, 516.380293470258039 ], [ 783.269980625271842, 516.269999880479304 ], [ 804.930694036989507, 518.93546174906578 ] ] ] } },
{ "type": "Feature", "properties": { "feature_type": "building", "subtype": "destroyed", "uid": "3aef73dd-b2a9-41ae-ac8b-56a535194dcd" }, "geometry": { "type": "Polygon", "coordinates": [ [ [ 756.034858587341319, 503.521204159595982 ], [ 760.370409674697157, 504.220486591209919 ], [ 766.574347428888473, 504.98726541493312 ], [ 771.04782208847314, 505.756143874039196 ], [ 780.079980622110043, 506.039999880334392 ], [ 781.782355453469336, 506.537462118017686 ], [ 781.889980626962938, 506.529999881229173 ], [ 782.439980623375618, 515.899999879498523 ], [ 780.663019146537863, 515.936795929689765 ], [ 780.209980623262595, 523.009999881879139 ], [ 777.603694614921324, 523.254256119194338 ], [ 772.023465581898222, 522.781355355603864 ], [ 767.105297616499683, 520.322271373719786 ], [ 765.686595321524464, 515.120362948059551 ], [ 764.457053327780272, 514.931202642623361 ], [ 759.917205976290688, 515.120362948059551 ], [ 756.417740315445258, 514.552882031750869 ], [ 753.202015109483341, 513.89082095898641 ], [ 752.50998062787653, 514.349999881855183 ], [ 752.899980631568042, 502.799999878918527 ], [ 756.034858587341319, 503.521204159595982 ] ] ] } },
{ "type": "Feature", "properties": { "feature_type": "building", "subtype": "destroyed", "uid": "1c914415-f05e-4ede-a903-3f3f113dead7" }, "geometry": { "type": "Polygon", "coordinates": [ [ [ 802.838150378317209, 507.476473997715118 ], [ 807.100729407738186, 509.329769228976602 ], [ 811.899980617187339, 514.549999880465975 ], [ 811.652549744318662, 515.782424020824124 ], [ 810.612168056477799, 517.011966013634947 ], [ 809.571786372841871, 517.20112631907125 ], [ 809.288045913753422, 518.525248464600168 ], [ 809.789980617922652, 521.069999880777459 ], [ 805.088781704053758, 518.45112696355659 ], [ 782.926272601300525, 515.727767791595966 ], [ 782.389980621854079, 506.479999882510981 ], [ 784.930835468612372, 506.251236660927304 ], [ 802.838150378317209, 507.476473997715118 ] ] ] } },
{ "type": "Feature", "properties": { "feature_type": "building", "subtype": "destroyed", "uid": "c41ac41b-1c46-4897-85ba-b7ab41b3a7a2" }, "geometry": { "type": "Polygon", "coordinates": [ [ [ 782.785494831791311, 490.393073983917191 ], [ 785.094928019014674, 491.066658660740927 ], [ 793.456124392339689, 492.111808209626815 ], [ 807.269980620665365, 491.789999879332527 ], [ 808.342244380032184, 492.988607114840818 ], [ 807.774763465125716, 501.027920129519714 ], [ 812.220030661094029, 503.581584264121886 ], [ 812.976671887510292, 509.161813300654501 ], [ 812.019980617101282, 513.93999987965708 ], [ 807.397169904599764, 508.913441783071676 ], [ 802.95837484752019, 506.983530890657789 ], [ 784.925231567159699, 505.7496842418239 ], [ 781.831421473245314, 506.030939704779826 ], [ 780.11998062729856, 505.529999880699904 ], [ 777.818237181889117, 497.146998044629811 ], [ 780.429980623182587, 489.249999882398583 ], [ 782.785494831791311, 490.393073983917191 ] ] ] } },
{ "type": "Feature", "properties": { "feature_type": "building", "subtype": "major-damage", "uid": "49fa3c46-d41e-4c3b-9521-c64e43badc3e" }, "geometry": { "type": "Polygon", "coordinates": [ [ [ 796.127894844986486, 476.259073200401019 ], [ 814.58882302522386, 476.259073200401019 ], [ 814.64882302354556, 483.93254840286022 ], [ 812.284319196250749, 486.486212537462393 ], [ 810.581876436580501, 487.337433915663098 ], [ 806.420349700635143, 490.836899581184127 ], [ 806.839980618793561, 491.299999882175484 ], [ 793.481491946376877, 491.611088044379301 ], [ 785.196581363772793, 490.575474222253604 ], [ 784.519980622194566, 490.379999880342893 ], [ 782.496053020490194, 486.582915992860876 ], [ 783.353412224389785, 484.353782058561478 ], [ 785.024092422433682, 483.960680835546896 ], [ 785.089980622486337, 474.2599998794351 ], [ 795.939359445483774, 473.902380685707612 ], [ 796.127894844986486, 476.259073200401019 ] ] ] } },
{ "type": "Feature", "properties": { "feature_type": "building", "subtype": "major-damage", "uid": "128e48e0-d10a-4bf9-9c51-e5c5dbaae81d" }, "geometry": { "type": "Polygon", "coordinates": [ [ [ 808.609777982642981, 454.418310868932508 ], [ 810.249980617670531, 454.819999882152217 ], [ 812.18973904446716, 457.63926582761809 ], [ 815.027143634183972, 463.219494864150818 ], [ 815.216303940320813, 466.529800224235487 ], [ 814.554242872696364, 471.447968188003699 ], [ 814.588823025924626, 475.759073202005197 ], [ 796.589492294091542, 475.759073202005197 ], [ 796.419980622688513, 473.579999881168192 ], [ 796.949980620595056, 454.209999881343379 ], [ 808.609777982642981, 454.418310868932508 ] ] ] } },
{ "type": "Feature", "properties": { "feature_type": "building", "subtype": "major-damage", "uid": "2f0461ab-dc2a-4f92-8c49-5a3560fe9302" }, "geometry": { "type": "Polygon", "coordinates": [ [ [ 787.124552188171947, 441.471473928520425 ], [ 789.752519219753822, 442.07792786026971 ], [ 791.609980623492334, 443.999999879938287 ], [ 788.82782425099515, 448.662803880701119 ], [ 790.621710509926743, 451.577869057745886 ], [ 796.459980621569571, 454.119999881407921 ], [ 795.919980624760456, 473.399999881297276 ], [ 785.089980622719963, 473.759999881039278 ], [ 785.299980622569251, 441.349999880591326 ], [ 787.124552188171947, 441.471473928520425 ] ] ] } },
{ "type": "Feature", "properties": { "feature_type": "building", "subtype": "no-damage", "uid": "eaed5e8c-1064-4660-9e10-83be519b1e42" }, "geometry": { "type": "Polygon", "coordinates": [ [ [ 805.947448935176112, 424.441632074052222 ], [ 805.959980618646341, 424.419999880264015 ], [ 806.78998062194421, 434.24999987944949 ], [ 804.191348311799516, 434.44538524473171 ], [ 804.519980620613978, 439.039999882246718 ], [ 801.480853864271353, 438.994542034824576 ], [ 801.621032617224046, 443.059725866484712 ], [ 792.049980621697159, 443.7299998801318 ], [ 790.008739467639884, 441.623914683856015 ], [ 787.198427350943689, 440.975381119829592 ], [ 785.299980625372541, 440.839999880956782 ], [ 785.309426376829947, 440.114363057873277 ], [ 783.939980622766484, 436.639999880228686 ], [ 784.47775417707885, 435.034609227070973 ], [ 788.166380145229141, 432.197204630576778 ], [ 785.801876318868835, 423.684990848569612 ], [ 804.150426023722275, 423.306670237697119 ], [ 805.947448935176112, 424.441632074052222 ] ] ] } },
{ "type": "Feature", "properties": { "feature_type": "building", "subtype": "no-damage", "uid": "5b44fe56-4b1a-435c-badf-84f7e8380a59" }, "geometry": { "type": "Polygon", "coordinates": [ [ [ 805.769980619405601, 439.55999987938219 ], [ 809.289967181925931, 439.62901494050999 ], [ 809.951221225829499, 445.580301329106874 ], [ 815.149980617970073, 445.859999882343175 ], [ 817.107907002623961, 449.410792503765208 ], [ 816.351265778543734, 453.666899394768791 ], [ 813.797601643943949, 454.423540620251515 ], [ 811.259980618269537, 454.549999882345674 ], [ 808.67459917635847, 453.919371144523893 ], [ 796.773954192955784, 453.710587898668109 ], [ 790.9652445360922, 451.182090753924172 ], [ 789.412497476151202, 448.658876780115975 ], [ 792.056735001142101, 444.229778930178782 ], [ 802.137368197132787, 443.524839547297006 ], [ 801.998660838641513, 439.502326185619495 ], [ 805.769980619405601, 439.55999987938219 ] ] ] } },
{ "type": "Feature", "properties": { "feature_type": "building", "subtype": "no-damage", "uid": "28e39e42-a401-42e3-9dff-88f2a501a829" }, "geometry": { "type": "Polygon", "coordinates": [ [ [ 814.419980618416048, 434.789999879062577 ], [ 814.270502411271764, 434.940029074352879 ], [ 815.878365016355247, 435.318349685225428 ], [ 815.049980621234454, 445.349999878970891 ], [ 810.401342250821585, 445.103697997761685 ], [ 809.738474153168681, 439.137885091548526 ], [ 805.018450535434795, 439.043484618918114 ], [ 804.72522953714838, 434.905794564303278 ], [ 807.150082460305612, 434.719267417625872 ], [ 814.419980618416048, 434.789999879062577 ] ] ] } },
{ "type": "Feature", "properties": { "feature_type": "building", "subtype": "no-damage", "uid": "e7f583ba-aade-4c22-802c-a69d4a3fdc3a" }, "geometry": { "type": "Polygon", "coordinates": [ [ [ 816.162105474275677, 426.711555750499997 ], [ 816.162105475910948, 430.873082488785485 ], [ 815.689204709050387, 433.521326776105809 ], [ 814.909980619076691, 434.299999881905478 ], [ 807.28522219098636, 434.217640782183992 ], [ 806.419980619328499, 423.869999879412092 ], [ 808.122792458903746, 421.793387786731898 ], [ 815.689204709050387, 421.793387786731898 ], [ 816.162105474275677, 426.711555750499997 ] ] ] } },
{ "type": "Feature", "properties": { "feature_type": "building", "subtype": "major-damage", "uid": "d45a494f-0836-4c1a-9473-64d6d18011aa" }, "geometry": { "type": "Polygon", "coordinates": [ [ [ 750.807219661823979, 426.900716055936186 ], [ 760.265234973105635, 426.995296208654281 ], [ 760.718135740058415, 438.156995330948916 ], [ 760.619233496215202, 438.156995330948916 ], [ 760.66969211422861, 444.060653683376302 ], [ 759.058566660160523, 445.567835563283325 ], [ 760.267313469297505, 452.767762208938507 ], [ 762.380257165986563, 458.075889053675212 ], [ 763.317545137755133, 461.233069605506216 ], [ 761.097382250305259, 464.159647962085216 ], [ 759.63634242258513, 471.72574705132331 ], [ 760.466872233956565, 474.840233832171918 ], [ 760.879954034005664, 482.17243581376971 ], [ 762.832406423364887, 485.549650761267173 ], [ 766.139980628219291, 488.419999880501507 ], [ 765.829079708929953, 491.175422596316707 ], [ 753.28998062965286, 491.309999879676525 ], [ 753.297386820135898, 491.074682057669975 ], [ 742.999691813172262, 490.448470873962776 ], [ 743.281267999636725, 488.055073277915994 ], [ 732.077156057877687, 488.20075629101882 ], [ 732.079980631322996, 478.819999879905197 ], [ 732.158380535051379, 478.821964691681217 ], [ 732.399980633818814, 470.039999879967183 ], [ 737.379093096318343, 471.771707447564381 ], [ 737.570988017650961, 444.330733517327303 ], [ 735.140988015189691, 437.209952747063028 ], [ 735.485234853291445, 437.209952747063028 ], [ 736.809356997417581, 423.590410695851517 ], [ 750.050578436342107, 423.306670237697119 ], [ 750.807219661823979, 426.900716055936186 ] ] ] } },
{ "type": "Feature", "properties": { "feature_type": "building", "subtype": "no-damage", "uid": "4bdc0ab5-2ec4-4ebb-a2fb-573fe0777082" }, "geometry": { "type": "Polygon", "coordinates": [ [ [ 728.675463827458771, 437.115372594344876 ], [ 734.609980630987025, 437.199999882319219 ], [ 737.070407641116276, 444.411979181348215 ], [ 736.88398195134323, 471.070852852560392 ], [ 732.45072852842884, 469.533831493166076 ], [ 732.409980630852601, 469.49999988035421 ], [ 732.455613662575615, 467.824339133996773 ], [ 727.859980634195267, 467.639999881687004 ], [ 728.469980634069088, 436.939999880013715 ], [ 728.675463827458771, 437.115372594344876 ] ] ] } },
{ "type": "Feature", "properties": { "feature_type": "building", "subtype": "major-damage", "uid": "37842a84-e4a8-4d12-9780-7620a8d2cd7c" }, "geometry": { "type": "Polygon", "coordinates": [ [ [ 784.808809785209519, 440.207485283399592 ], [ 784.526662825867334, 483.564068708023228 ], [ 782.981617809305817, 483.927608710491313 ], [ 781.947373956742581, 486.616642739960014 ], [ 783.849980626568822, 490.179999881732215 ], [ 782.966167197637674, 489.924936757285991 ], [ 780.589980624547366, 488.769999879004786 ], [ 780.902902192838837, 487.82126661209378 ], [ 766.45998062604292, 488.02999988078102 ], [ 763.223350588505582, 485.226883393363892 ], [ 761.372459970255363, 482.02534286590992 ], [ 760.963197341542923, 474.760931147854308 ], [ 760.149038282309107, 471.707834674907019 ], [ 761.566203975111193, 464.368940899559391 ], [ 763.868935466407265, 461.333522111051593 ], [ 762.853155413618197, 457.911947191668673 ], [ 760.751583884345678, 452.6323894509718 ], [ 759.596090448470363, 445.749667670615224 ], [ 761.171549669344131, 444.275850976109894 ], [ 761.119980629641077, 438.679999878766921 ], [ 765.6563037011598, 439.290716118074727 ], [ 771.898593806713166, 440.425677954429716 ], [ 771.9931739598984, 437.399113056237013 ], [ 783.559980621948966, 437.029999879949173 ], [ 784.808809785209519, 440.207485283399592 ] ] ] } },
{ "type": "Feature", "properties": { "feature_type": "building", "subtype": "destroyed", "uid": "48b49335-8a0c-4fad-b114-2487e3a440b6" }, "geometry": { "type": "Polygon", "coordinates": [ [ [ 777.29607142100997, 497.13346445086961 ], [ 779.597020757718724, 505.52516203395902 ], [ 771.098282393603768, 505.257485234294279 ], [ 766.647401525293162, 504.492490084545409 ], [ 760.440907375943425, 503.725395303151004 ], [ 756.130989045913452, 503.030247184318398 ], [ 752.919980626570009, 502.289999879283926 ], [ 753.269980629044312, 491.809999881809972 ], [ 766.277124798074055, 491.670709375055083 ], [ 766.625835579706859, 488.53231234082449 ], [ 780.20745777889033, 488.331598712649281 ], [ 777.29607142100997, 497.13346445086961 ] ] ] } },
{ "type": "Feature", "properties": { "feature_type": "building", "subtype": "destroyed", "uid": "c14f0e86-6cd2-4e51-b70a-688664620f86" }, "geometry": { "type": "Polygon", "coordinates": [ [ [ 731.256620911670325, 505.227148483660585 ], [ 732.059219291380828, 505.227148483660585 ], [ 736.834227767147581, 505.073115953073284 ], [ 740.749323516067079, 505.225652151307827 ], [ 741.627089074043852, 505.502841275814092 ], [ 743.470844916503779, 507.609990808988073 ], [ 745.901653205103798, 507.223271308974574 ], [ 747.88883124368158, 506.329041188880524 ], [ 749.38383959534201, 506.955980175619004 ], [ 752.212572095758901, 508.087473175599882 ], [ 752.219980627461609, 508.059999880132921 ], [ 751.999980630812161, 514.689999879119682 ], [ 750.364610513926323, 515.782424020824124 ], [ 750.364610511356659, 521.362653057356738 ], [ 725.490030239291741, 523.348836271912546 ], [ 725.490030236488451, 518.139999880385176 ], [ 725.735683067672767, 518.133588225653739 ], [ 725.460653468174542, 509.974376776359179 ], [ 727.244398010589634, 509.974376776359179 ], [ 727.349980635262114, 504.349999880299606 ], [ 731.256620911670325, 505.227148483660585 ] ] ] } },
{ "type": "Feature", "properties": { "feature_type": "building", "subtype": "destroyed", "uid": "c730d7eb-50f7-4478-9674-32a3e2a02120" }, "geometry": { "type": "Polygon", "coordinates": [ [ [ 721.284136682540634, 498.523803605134106 ], [ 724.404572930693234, 500.70810897973081 ], [ 725.595340093176901, 501.601184351010374 ], [ 726.979980633347282, 503.929999880600519 ], [ 726.859400000661253, 503.922772698348524 ], [ 726.753816841026378, 509.474376777963414 ], [ 724.943515561000822, 509.474376777963414 ], [ 725.219980635388879, 517.699999881946383 ], [ 719.720640899197406, 518.241508002708201 ], [ 719.189980632941115, 510.369999882215325 ], [ 720.24132803170869, 510.279967625682275 ], [ 720.019980634837339, 496.569999880890919 ], [ 721.284136682540634, 498.523803605134106 ] ] ] } },
{ "type": "Feature", "properties": { "feature_type": "building", "subtype": "destroyed", "uid": "4b45ced4-74ef-49a1-ad52-6d5e155d52cb" }, "geometry": { "type": "Polygon", "coordinates": [ [ [ 742.441306112689631, 490.915438621391274 ], [ 752.781183257734597, 491.544214933459727 ], [ 752.239980631107187, 507.559999881737099 ], [ 749.573381950367434, 506.49328063762232 ], [ 747.881805619844158, 505.7839099158831 ], [ 745.757261486113862, 506.739954777908224 ], [ 743.665175390594868, 507.07278665650739 ], [ 741.911174340461571, 505.068214019238326 ], [ 740.835871865237209, 504.728644817617521 ], [ 736.8359024410139, 504.572801854657314 ], [ 732.051156874434355, 504.72714848526482 ], [ 731.311859436959708, 504.72714848526482 ], [ 727.537721712312759, 503.882933468050112 ], [ 725.974283455415389, 501.260391876797314 ], [ 724.698017316663481, 500.303192269695501 ], [ 721.650870316632904, 498.170189368877686 ], [ 720.009980636635532, 495.629999880318621 ], [ 719.961328026692399, 492.700091603785381 ], [ 720.032087704165974, 492.700091603785381 ], [ 719.989980636260498, 489.689999880837377 ], [ 724.24998063367093, 488.949999878875815 ], [ 724.24986898304644, 488.979689811843286 ], [ 742.717502142104877, 488.56777234367712 ], [ 742.441306112689631, 490.915438621391274 ] ] ] } },
{ "type": "Feature", "properties": { "feature_type": "building", "subtype": "major-damage", "uid": "25b4e4b8-a4d9-4c8d-a1cd-8ed0a01ab852" }, "geometry": { "type": "Polygon", "coordinates": [ [ [ 731.942451068947662, 468.30459943280789 ], [ 731.67220327315556, 478.303767871987418 ], [ 709.059980637250874, 477.469999880872592 ], [ 708.699980636574765, 470.04999988120602 ], [ 720.537691656342076, 469.776343911906906 ], [ 727.847949693754117, 468.216822200247691 ], [ 727.849980632022152, 468.139999880082826 ], [ 731.942451068947662, 468.30459943280789 ] ] ] } },
{ "type": "Feature", "properties": { "feature_type": "building", "subtype": "destroyed", "uid": "e83f3fe7-a29f-48cb-905d-0930351da208" }, "geometry": { "type": "Polygon", "coordinates": [ [ [ 708.176847316532758, 470.066051201453718 ], [ 708.197441780443569, 470.066051201453718 ], [ 709.189980633731352, 490.379999880342893 ], [ 703.501537055866834, 490.691968412182518 ], [ 700.408855766959277, 488.759042608102675 ], [ 695.269980639982009, 491.999999879181985 ], [ 694.793889588399111, 485.205640274693224 ], [ 685.449980642278319, 483.279999879201114 ], [ 695.18495790896884, 481.454266811641105 ], [ 693.781372418234128, 477.095764495192327 ], [ 692.839980637520739, 467.799999879080474 ], [ 696.229200499184913, 467.652652743251792 ], [ 696.219980637119988, 467.539999880512823 ], [ 704.286149339940607, 467.89591450181581 ], [ 704.475949430973856, 464.764212995325806 ], [ 707.636847316920239, 464.764212995325806 ], [ 708.176847316532758, 470.066051201453718 ] ] ] } },
{ "type": "Feature", "properties": { "feature_type": "building", "subtype": "destroyed", "uid": "34ac6284-f1e7-49ee-b132-b1e002fbe7a3" }, "geometry": { "type": "Polygon", "coordinates": [ [ [ 703.370696946021667, 491.199817165878017 ], [ 712.001709403284394, 490.730740401367711 ], [ 713.326383091076309, 492.906990025256675 ], [ 719.458105905836419, 492.535370462749995 ], [ 719.733959566556791, 509.822199822430377 ], [ 719.159980636700311, 509.869999880081821 ], [ 719.153159980086002, 509.823874373419017 ], [ 713.667511100014508, 509.634714067982827 ], [ 713.667511096977591, 505.662347635133472 ], [ 710.262625587214984, 505.851507940569718 ], [ 710.640946199722293, 510.013034678855206 ], [ 701.088350729648823, 510.675095751619722 ], [ 699.858808742212204, 508.594332384345819 ], [ 696.439980636339101, 508.50999987981038 ], [ 695.309980638162301, 492.569999882511411 ], [ 700.410248433410288, 489.349536842544808 ], [ 703.370696946021667, 491.199817165878017 ] ] ] } },
{ "type": "Feature", "properties": { "feature_type": "building", "subtype": "major-damage", "uid": "58c79030-828a-4e3f-8901-660f79a273d4" }, "geometry": { "type": "Polygon", "coordinates": [ [ [ 693.289255476740777, 477.198766333458025 ], [ 694.535088030824113, 481.067404268755411 ], [ 683.703818708777135, 483.098267266465882 ], [ 671.227274138697567, 480.836036657709712 ], [ 668.849980641029788, 468.859999879566885 ], [ 692.339980640994213, 467.819999881557976 ], [ 693.289255476740777, 477.198766333458025 ] ] ] } },
{ "type": "Feature", "properties": { "feature_type": "building", "subtype": "major-damage", "uid": "20107866-5196-406c-a91f-bb5f9f5cd54b" }, "geometry": { "type": "Polygon", "coordinates": [ [ [ 667.560380572371173, 477.468165912022926 ], [ 667.459002268836912, 483.83872180612309 ], [ 659.986561095456295, 483.83872180612309 ], [ 658.517544655721849, 477.925399661141626 ], [ 660.004394924908411, 475.095587864032382 ], [ 665.135296361373435, 474.558064857140891 ], [ 667.560380572371173, 477.468165912022926 ] ] ] } },
{ "type": "Feature", "properties": { "feature_type": "building", "subtype": "destroyed", "uid": "08403f6f-e307-4119-aedf-ef0b66079ed0" }, "geometry": { "type": "Polygon", "coordinates": [ [ [ 694.321811228114939, 485.61882203702271 ], [ 696.010913683649619, 509.547773466158674 ], [ 696.219980640390418, 509.529999879079526 ], [ 696.453923228711801, 514.836622489905267 ], [ 688.0362896012997, 514.552882031750869 ], [ 687.569980637175149, 503.659999880793976 ], [ 687.509980639320702, 496.889999879415711 ], [ 687.56746964443937, 496.880674915693874 ], [ 685.681967511082007, 483.837410958550379 ], [ 694.321811228114939, 485.61882203702271 ] ] ] } },
{ "type": "Feature", "properties": { "feature_type": "building", "subtype": "destroyed", "uid": "2a54fe8d-5276-4c41-b311-03f30ddebea8" }, "geometry": { "type": "Polygon", "coordinates": [ [ [ 679.206351096463322, 494.98594010079529 ], [ 685.734971076292027, 494.844013579656973 ], [ 687.009416588717158, 496.691959575630392 ], [ 687.069980636910941, 503.389999880987489 ], [ 682.776940695119833, 503.612773699035984 ], [ 681.85683812627849, 502.508650616425314 ], [ 679.403231275645794, 502.815351473951978 ], [ 680.07797316257745, 511.464315609855191 ], [ 664.865610711547902, 511.893696807402421 ], [ 664.681590196378011, 507.661224998203807 ], [ 662.469400569367963, 507.302792216836792 ], [ 660.32565926244888, 503.474682734034673 ], [ 659.866286123466466, 494.440344355219679 ], [ 657.8099806466156, 493.979999881500987 ], [ 673.288075115320112, 492.400797361908417 ], [ 673.289980641114425, 492.389999878902586 ], [ 679.136623790599515, 492.266575233779292 ], [ 679.206351096463322, 494.98594010079529 ] ] ] } },
{ "type": "Feature", "properties": { "feature_type": "building", "subtype": "major-damage", "uid": "72c6ab7b-43b5-4d4c-a910-223c9c303c9e" }, "geometry": { "type": "Polygon", "coordinates": [ [ [ 670.005678420861955, 485.980880265590827 ], [ 673.562322586472078, 487.329952190357915 ], [ 672.852671029796852, 491.942687302327215 ], [ 656.259980643834297, 493.639999880498692 ], [ 654.353808466424084, 493.215349324161821 ], [ 653.979980643601493, 486.869999879120428 ], [ 656.895670567022648, 485.981556439377187 ], [ 658.917620879011452, 484.338721808256594 ], [ 667.479280794232409, 484.338721808256594 ], [ 670.005678420861955, 485.980880265590827 ] ] ] } },
{ "type": "Feature", "properties": { "feature_type": "building", "subtype": "no-damage", "uid": "d2711735-72da-449a-8e45-3a7ea34140bd" }, "geometry": { "type": "Polygon", "coordinates": [ [ [ 723.000654640316043, 435.791250452553584 ], [ 727.16218138023271, 435.791250452553584 ], [ 727.979980632941192, 436.50999987907602 ], [ 727.355930408829295, 467.810535123050101 ], [ 720.479165476866001, 469.277578309583589 ], [ 708.627490614337489, 469.555351940083312 ], [ 708.137490614143985, 464.764212995325806 ], [ 708.174995010386624, 464.764212995325806 ], [ 708.270661999727167, 459.215527681784977 ], [ 711.118311627991375, 458.361232791809812 ], [ 710.449016904368932, 440.4815023583933 ], [ 710.319980635412321, 440.489999882453503 ], [ 710.232333964514282, 433.994227543434079 ], [ 721.109051574742466, 433.143006161495578 ], [ 723.000654640316043, 435.791250452553584 ] ] ] } },
{ "type": "Feature", "properties": { "feature_type": "building", "subtype": "no-damage", "uid": "61348ac3-97f5-4e02-ae0a-0349fbc8aacb" }, "geometry": { "type": "Polygon", "coordinates": [ [ [ 709.959980635203465, 440.919999879653574 ], [ 710.604194270146309, 457.993452676415473 ], [ 707.77703470986603, 458.841600542841775 ], [ 707.683541393069731, 464.264212996929984 ], [ 704.005335027538422, 464.264212996929984 ], [ 703.81681450723238, 467.374801595999372 ], [ 696.199980638380225, 467.039999882116888 ], [ 695.84301963529299, 460.057762394338795 ], [ 700.900403076516568, 459.299154876939724 ], [ 701.940464373272903, 456.308978646426283 ], [ 704.948550139526105, 455.001115268818126 ], [ 704.279980638266807, 439.689999880535026 ], [ 709.959980635203465, 440.919999879653574 ] ] ] } },
{ "type": "Feature", "properties": { "feature_type": "building", "subtype": "no-damage", "uid": "e6f1d0a4-9730-4ca0-9411-c6798552e1d1" }, "geometry": { "type": "Polygon", "coordinates": [ [ [ 678.569980642465111, 457.399999880303426 ], [ 683.529980638283064, 467.709999879145016 ], [ 652.869980647668513, 469.059999881915417 ], [ 651.23998064432169, 457.909999879938027 ], [ 656.928724415286297, 457.211305875194626 ], [ 678.569980642465111, 457.399999880303426 ] ] ] } },
{ "type": "Feature", "properties": { "feature_type": "building", "subtype": "no-damage", "uid": "02609fde-b4df-44b6-b53e-1b8ea82be7f7" }, "geometry": { "type": "Polygon", "coordinates": [ [ [ 688.328483933151688, 460.833437602612889 ], [ 695.359980638515708, 460.359999880674195 ], [ 695.704280319923214, 467.175259566319028 ], [ 684.069980638362836, 467.68999988040531 ], [ 678.909980641130915, 456.969999879365673 ], [ 679.423392730009482, 455.654174041017086 ], [ 682.61998064259592, 454.739999879717686 ], [ 688.328483933151688, 460.833437602612889 ] ] ] } },
{ "type": "Feature", "properties": { "feature_type": "building", "subtype": "no-damage", "uid": "42b4d83b-c127-4d5f-89cd-ee12d40b361b" }, "geometry": { "type": "Polygon", "coordinates": [ [ [ 699.544776663927109, 434.561708459742817 ], [ 700.206837734588476, 438.817815350746287 ], [ 703.769980635128718, 439.579999881859692 ], [ 704.433990858118477, 454.679622077632587 ], [ 701.540188625126802, 455.937796962558991 ], [ 700.527419312698498, 458.849508731763422 ], [ 695.320649707064604, 459.630524171137495 ], [ 695.329980635733932, 459.859999882278373 ], [ 688.531222411302224, 460.318634905836916 ], [ 682.959980638458433, 454.379999879975685 ], [ 684.309445687937, 452.697577096735472 ], [ 684.229980642297164, 438.429999881437823 ], [ 684.884852927224074, 438.439494739873908 ], [ 688.195158286371111, 437.682853514391297 ], [ 693.113326249200099, 436.737051983472497 ], [ 693.018746094613221, 434.27796800158842 ], [ 699.544776663927109, 434.561708459742817 ] ] ] } },
{ "type": "Feature", "properties": { "feature_type": "building", "subtype": "no-damage", "uid": "1469f6a1-51e6-4873-b80c-709c9218739d" }, "geometry": { "type": "Polygon", "coordinates": [ [ [ 683.729980641565817, 438.429999881437823 ], [ 683.808481081782702, 452.523392322248412 ], [ 682.400297323597556, 454.28362202185042 ], [ 679.047358420890077, 455.241604567217507 ], [ 678.40288029703197, 456.898834017088404 ], [ 656.900194453441031, 456.711037634970523 ], [ 651.169980643125996, 457.419999879043189 ], [ 651.138196504293433, 457.231120191054572 ], [ 648.228833298058134, 457.690493330037384 ], [ 646.391340747034405, 446.206164881631025 ], [ 662.31627619095309, 444.828045468420328 ], [ 662.185616179120302, 439.763616885402882 ], [ 665.023020770238873, 438.344914587155813 ], [ 676.940120066205395, 438.344914587155813 ], [ 683.729980641565817, 438.429999881437823 ] ] ] } },
{ "type": "Feature", "properties": { "feature_type": "building", "subtype": "major-damage", "uid": "bd731d1d-e339-48c6-9d3c-593b2ac1d2b0" }, "geometry": { "type": "Polygon", "coordinates": [ [ [ 836.481220228286588, 466.155420035212785 ], [ 843.354858061128198, 466.29569836008659 ], [ 852.969980614815881, 466.699999881114707 ], [ 851.89193023443454, 472.622027700522608 ], [ 853.706770837230238, 478.544139129180678 ], [ 853.83998061255636, 478.499999881380404 ], [ 854.342983403266317, 481.159129529442907 ], [ 830.863733313433045, 480.389318051056307 ], [ 823.037316615420195, 480.774223788380823 ], [ 822.524108965576943, 469.227051612581988 ], [ 825.988260618079607, 468.200636306820684 ], [ 825.988260619014, 466.789999881050221 ], [ 834.47998061515716, 465.389999879561628 ], [ 836.481220228286588, 466.155420035212785 ] ] ] } },
{ "type": "Feature", "properties": { "feature_type": "building", "subtype": "major-damage", "uid": "b9fabbb9-ea87-4980-8c0d-7284b0031f62" }, "geometry": { "type": "Polygon", "coordinates": [ [ [ 855.305951810826286, 455.866747881873096 ], [ 873.04998060796072, 456.149999882445115 ], [ 875.496309482011839, 460.160530953489115 ], [ 875.583973798025568, 469.299816030350712 ], [ 875.423574506798445, 469.299816030350712 ], [ 875.423574507265585, 469.429999879158515 ], [ 875.33778722550926, 469.407945452862577 ], [ 872.830329346058647, 474.864069319769499 ], [ 867.18288561343843, 474.933790848973786 ], [ 866.346227283544977, 480.511513054497811 ], [ 857.491593287190085, 480.650956109168703 ], [ 857.07326412107534, 476.955715147308183 ], [ 853.699980613902767, 476.819999878846488 ], [ 852.405621525563333, 472.591810564678383 ], [ 853.469980611809547, 466.719999879854527 ], [ 853.500969849309399, 466.724407308462219 ], [ 853.509980613727521, 466.509999880005012 ], [ 853.529705196069017, 466.409350384950812 ], [ 853.51096985241702, 466.409350384950812 ], [ 854.09998061089027, 454.119999881407921 ], [ 855.305951810826286, 455.866747881873096 ] ] ] } },
{ "type": "Feature", "properties": { "feature_type": "building", "subtype": "major-damage", "uid": "7e5365eb-33e2-4a09-bc54-2b337dc47208" }, "geometry": { "type": "Polygon", "coordinates": [ [ [ 853.649980610278703, 453.349999879467873 ], [ 853.64092310533124, 453.344533653275619 ], [ 853.025316905068053, 466.203863154113208 ], [ 843.370514869965859, 465.7959137744636 ], [ 836.578733304192838, 465.657305986257882 ], [ 834.949980615209256, 465.029999879819627 ], [ 835.845621183763456, 450.355264274204899 ], [ 835.929980616063403, 447.409999879986572 ], [ 853.516713556364834, 447.27212432402041 ], [ 853.649980610278703, 453.349999879467873 ] ] ] } },
{ "type": "Feature", "properties": { "feature_type": "building", "subtype": "no-damage", "uid": "696ad137-b3df-47c8-ac41-51340a3bc72a" }, "geometry": { "type": "Polygon", "coordinates": [ [ [ 848.185978825852089, 424.662083200289828 ], [ 849.888421582719047, 424.851243505726075 ], [ 849.699261272844524, 422.581319829278186 ], [ 853.649980614950891, 422.649999881532324 ], [ 853.939980613964167, 435.519999879785416 ], [ 853.865250078784356, 435.515777894842699 ], [ 853.375860188024944, 440.759240981327196 ], [ 853.506713557462149, 446.772139347555708 ], [ 835.93998061379807, 446.909999881590807 ], [ 836.103432167579172, 440.816257855261995 ], [ 833.819980618434101, 433.259999880158887 ], [ 833.904375701889876, 433.268877135015202 ], [ 833.904375703758774, 429.201930549447809 ], [ 834.850177234209468, 426.932006872999978 ], [ 836.363459683771566, 422.202999218405807 ], [ 848.09139866892906, 421.635518298359386 ], [ 848.185978825852089, 424.662083200289828 ] ] ] } },
{ "type": "Feature", "properties": { "feature_type": "building", "subtype": "major-damage", "uid": "cbbd2fc3-559e-435e-8bcd-ed27e1a85e08" }, "geometry": { "type": "Polygon", "coordinates": [ [ [ 834.460294354345137, 464.884716011274918 ], [ 825.029980614929855, 466.439999878809203 ], [ 823.422222356482052, 466.276107612723081 ], [ 820.856184094417245, 460.88742726027931 ], [ 820.689980620691586, 456.589999880883909 ], [ 825.563731959350434, 456.679878827004188 ], [ 825.410369821218069, 452.896946035943586 ], [ 828.608693889801657, 453.192175950268791 ], [ 829.698285608362539, 451.687501671342602 ], [ 835.2699806179387, 451.589999881975018 ], [ 834.460294354345137, 464.884716011274918 ] ] ] } },
{ "type": "Feature", "properties": { "feature_type": "building", "subtype": "no-damage", "uid": "06239d82-46d8-4d69-9335-1e08940c7f7b" }, "geometry": { "type": "Polygon", "coordinates": [ [ [ 826.527123757412937, 431.661014531331773 ], [ 826.621703909897406, 432.985136676860918 ], [ 828.797047431288888, 432.795976367686876 ], [ 833.27998061555104, 433.209999881440581 ], [ 835.601428505354647, 440.883637723683023 ], [ 835.346031842364027, 450.333314444505277 ], [ 835.299980618150812, 451.0899998798414 ], [ 829.439933396310948, 451.191773111776172 ], [ 828.370870980203563, 452.668097407262223 ], [ 824.887646523225271, 452.346568995460302 ], [ 825.042663543717595, 456.170322215420981 ], [ 820.669980616111616, 456.089999882488087 ], [ 820.471278355224285, 450.751576127566409 ], [ 820.471278358027575, 433.302515948312077 ], [ 823.216818399433919, 432.890556524142823 ], [ 824.35178023672222, 431.566434378613678 ], [ 826.527123757412937, 431.661014531331773 ] ] ] } },
{ "type": "Feature", "properties": { "feature_type": "building", "subtype": "major-damage", "uid": "88fd69d6-0082-4ebb-ab16-e754c709ae9b" }, "geometry": { "type": "Polygon", "coordinates": [ [ [ 958.182696916738337, 454.549411593771026 ], [ 962.627964113173789, 454.265671135616685 ], [ 962.35998059503595, 463.829999880679509 ], [ 961.326979233998145, 467.024263861700319 ], [ 959.517045658393386, 469.40575540930098 ], [ 958.76998059465302, 474.329999880630908 ], [ 946.076437316036618, 474.600404059716027 ], [ 946.076437313233328, 478.85651095071961 ], [ 939.834147207212709, 479.140251412611576 ], [ 937.829980597998201, 464.04999988176769 ], [ 938.725197692184452, 460.612947454489017 ], [ 939.360552647847612, 458.353907613790113 ], [ 939.429980598095995, 455.449999881700819 ], [ 939.567390194568816, 455.447424564291623 ], [ 939.284289860977196, 449.407950809654324 ], [ 939.429980598095995, 447.079999880223113 ], [ 944.042237630749014, 447.347315779768223 ], [ 951.649123709758328, 446.858800157970222 ], [ 957.732696914725125, 446.858800157970222 ], [ 958.182696916738337, 454.549411593771026 ] ] ] } },
{ "type": "Feature", "properties": { "feature_type": "building", "subtype": "no-damage", "uid": "9da021ae-c8bb-452e-818d-6fced1319257" }, "geometry": { "type": "Polygon", "coordinates": [ [ [ 957.89895645858428, 433.647197749625377 ], [ 957.993536607564579, 439.32200693513829 ], [ 960.736361052739653, 440.362388622512981 ], [ 961.682162579219039, 442.348571837068789 ], [ 962.060483192193601, 445.280556586281193 ], [ 957.929796150031393, 446.3588001595744 ], [ 951.63308518141946, 446.3588001595744 ], [ 944.040678252726821, 446.846385924210381 ], [ 939.459980597607228, 446.579999881827291 ], [ 940.189980597161366, 434.979999880172272 ], [ 946.4547579283103, 435.160480196852916 ], [ 946.549338080561142, 433.647197749625377 ], [ 947.495139610544584, 433.174296982297108 ], [ 949.954223591959021, 432.606816062250687 ], [ 953.737429719835632, 432.228495451378308 ], [ 957.89895645858428, 433.647197749625377 ] ] ] } },
{ "type": "Feature", "properties": { "feature_type": "building", "subtype": "no-damage", "uid": "d023721e-5d05-43a8-9af6-240f806154e4" }, "geometry": { "type": "Polygon", "coordinates": [ [ [ 936.902162463142645, 420.973457225594927 ], [ 936.902162461741, 423.243380902042702 ], [ 939.550406751628429, 423.054220596606513 ], [ 939.729980601618422, 434.279999879427976 ], [ 938.783558019533416, 449.404050508582998 ], [ 939.047938608883101, 454.998891047466486 ], [ 929.770699468580005, 454.998891047466486 ], [ 925.879980600654903, 454.939999882066218 ], [ 924.101965322407864, 449.615790387440995 ], [ 924.152480323355803, 445.726135092278412 ], [ 925.126172695837568, 441.31889594621822 ], [ 925.569980599631435, 437.559999882061277 ], [ 926.120025007034201, 437.146663415146293 ], [ 925.930864696225171, 431.282693920459394 ], [ 924.985063169278533, 429.201930549447809 ], [ 925.363383780617824, 423.33796105476091 ], [ 929.430330364779593, 423.054220596606513 ], [ 929.33575021042634, 420.878877072876776 ], [ 936.902162463142645, 420.973457225594927 ] ] ] } },
{ "type": "Feature", "properties": { "feature_type": "building", "subtype": "major-damage", "uid": "007c7b9f-046b-40d3-8ae5-d861b8684e79" }, "geometry": { "type": "Polygon", "coordinates": [ [ [ 979.099980591200392, 464.577206825092901 ], [ 979.841551980271674, 466.93941165590951 ], [ 979.274071065832459, 474.884144517870311 ], [ 964.614147329596562, 475.262465132480486 ], [ 964.519567175009684, 478.85651095071961 ], [ 959.790559516682379, 478.85651095071961 ], [ 959.506819062266004, 474.316663601561572 ], [ 959.279980597090344, 474.319999879392128 ], [ 959.992297596454023, 469.606756461327507 ], [ 961.776409837916844, 467.259240350596315 ], [ 962.679980595429356, 464.479999878967817 ], [ 979.099980591200392, 464.577206825092901 ] ] ] } },
{ "type": "Feature", "properties": { "feature_type": "building", "subtype": "major-damage", "uid": "e0fe3ddb-3da1-4fb9-9812-36d6799fe1f6" }, "geometry": { "type": "Polygon", "coordinates": [ [ [ 977.666208463085127, 430.431472542258689 ], [ 978.612009989564399, 442.821472604397115 ], [ 977.477048152743237, 443.294373367987589 ], [ 977.571628306162097, 447.266739800836888 ], [ 979.274071066766851, 447.266739800836888 ], [ 979.084910755724195, 452.657808531933426 ], [ 977.949948918202267, 453.319869600960089 ], [ 978.079109225083016, 459.10544706404221 ], [ 975.119840060212141, 459.10544706404221 ], [ 975.119840060679394, 459.269999880209411 ], [ 964.708727479511253, 459.089258942929007 ], [ 964.803307632229235, 436.484602342381891 ], [ 969.05941452743366, 436.295442036945587 ], [ 968.870254219661547, 430.242312233084817 ], [ 977.666208463085127, 430.431472542258689 ] ] ] } },
{ "type": "Feature", "properties": { "feature_type": "building", "subtype": "major-damage", "uid": "5b1f8791-a549-4332-a583-694298c0dbd2" }, "geometry": { "type": "Polygon", "coordinates": [ [ [ 933.591857104229121, 467.412312419499983 ], [ 935.578040315278827, 472.141320077831892 ], [ 935.010559399437966, 473.560022376079019 ], [ 928.389948676705103, 473.560022376079019 ], [ 920.918116583715118, 473.087121608750692 ], [ 913.162544022525935, 473.560022376079019 ], [ 910.514299740113984, 475.167884979762391 ], [ 907.582314990670852, 473.560022376079019 ], [ 907.269980602951136, 471.589999881348376 ], [ 909.489980601358184, 466.279999881415677 ], [ 935.989980600875924, 465.119999879755085 ], [ 933.591857104229121, 467.412312419499983 ] ] ] } },
{ "type": "Feature", "properties": { "feature_type": "building", "subtype": "major-damage", "uid": "02f35244-07c2-44e9-ad28-f7ce069fa342" }, "geometry": { "type": "Polygon", "coordinates": [ [ [ 929.766601386536081, 455.498891045862308 ], [ 938.925310272814727, 455.498891045862308 ], [ 938.862117594354004, 458.279368903746217 ], [ 938.242485051673043, 460.482506827466409 ], [ 937.379980600189924, 463.789999879462187 ], [ 936.539980601727166, 464.599999878881817 ], [ 909.539980603814115, 465.779999879282116 ], [ 908.829980606503909, 460.969999881482977 ], [ 908.85850600177946, 461.028412195263286 ], [ 912.55755131417834, 459.055588026281384 ], [ 914.206107063553077, 460.558682969116603 ], [ 916.453861154519359, 461.513978461416627 ], [ 918.290163025943912, 459.733322097621226 ], [ 918.984420062342679, 458.642346755575375 ], [ 921.279428221325361, 457.644517119466798 ], [ 925.019261235072918, 455.982369117819701 ], [ 925.609980598979746, 455.429999879223317 ], [ 929.766601386536081, 455.498891045862308 ] ] ] } },
{ "type": "Feature", "properties": { "feature_type": "building", "subtype": "major-damage", "uid": "7a7f5b55-bb4e-45a5-82ac-4ab449a7f45e" }, "geometry": { "type": "Polygon", "coordinates": [ [ [ 924.985063167643261, 437.997884793347112 ], [ 925.019980599480959, 437.969999880521584 ], [ 924.632564214693843, 441.235391367249122 ], [ 923.653188552339088, 445.668354880726895 ], [ 923.600910502904071, 449.693764761518025 ], [ 925.362382250174505, 454.978180013145902 ], [ 924.739475674290475, 455.559559486245291 ], [ 921.078208783864056, 457.186789216467389 ], [ 918.644736444879413, 458.244820667449289 ], [ 917.899890722652458, 459.415292517465218 ], [ 916.344021809258152, 460.924013893014376 ], [ 914.480053730486247, 460.131827459418673 ], [ 912.633645633679521, 458.448337722870292 ], [ 908.759980606242721, 460.509999880566681 ], [ 908.043742354904794, 455.686908443608104 ], [ 907.964769751265862, 453.554648136013384 ], [ 905.595832961304268, 453.770006027730403 ], [ 905.215033445862559, 452.675207407985909 ], [ 908.175855353820111, 452.607916004124604 ], [ 908.531563460947268, 441.936672866921299 ], [ 908.989980601561228, 439.869999880405999 ], [ 910.135979123401739, 438.659945866111627 ], [ 914.486666167119211, 438.659945866111627 ], [ 914.581246321472463, 436.484602342381891 ], [ 916.378269229422244, 435.255060349571011 ], [ 923.566360869631126, 435.065900044134821 ], [ 924.985063167643261, 437.997884793347112 ] ] ] } },
{ "type": "Feature", "properties": { "feature_type": "building", "subtype": "major-damage", "uid": "a805b54a-f548-4b0d-9b6c-c0eb4fbeb923" }, "geometry": { "type": "Polygon", "coordinates": [ [ [ 904.629980602042224, 418.749999880589201 ], [ 904.16588454446412, 430.786580173013192 ], [ 903.011841015082268, 432.488571651018276 ], [ 903.689112007315202, 442.534757975818195 ], [ 903.966891543659358, 448.393795847892193 ], [ 904.336337250706492, 452.688336519711527 ], [ 904.844991906102905, 456.925976691775077 ], [ 905.766352382497416, 462.51091627548908 ], [ 907.109980604156135, 470.659999882014688 ], [ 899.33190900311206, 472.346323665281489 ], [ 892.530243572699874, 473.898512409494685 ], [ 888.239980606016047, 468.879999882044388 ], [ 888.364615621559665, 468.796824047515884 ], [ 886.017956955575528, 465.229902873160825 ], [ 884.18998060518436, 459.789999881082622 ], [ 885.942600916659444, 458.775079780118688 ], [ 888.127026204828212, 457.999961127103688 ], [ 890.911369550576751, 455.58197874848878 ], [ 890.268254435694985, 449.86539996407032 ], [ 889.224076053114686, 444.087612902869409 ], [ 888.699980605530186, 430.279999881048411 ], [ 890.274146966883677, 430.242312233084817 ], [ 890.084986660513209, 428.729029785857222 ], [ 895.570635545256778, 428.729029785857222 ], [ 895.38147523608302, 417.568571712791993 ], [ 903.137047792366502, 417.284831254637709 ], [ 904.629980602042224, 418.749999880589201 ] ] ] } },
{ "type": "Feature", "properties": { "feature_type": "building", "subtype": "major-damage", "uid": "e1bf90c1-5d8b-4e98-9ea9-8b9b8ca0851c" }, "geometry": { "type": "Polygon", "coordinates": [ [ [ 877.600406451041863, 430.526052694976784 ], [ 888.199980608069268, 430.289999882287191 ], [ 888.725788000514171, 444.14190339535719 ], [ 889.773255441032006, 449.937889909217006 ], [ 890.385127824727988, 455.376755535846428 ], [ 887.870635076869121, 457.560393972583881 ], [ 885.732325655527461, 458.319148928423999 ], [ 884.094595771366812, 459.263993092498481 ], [ 880.849042642039763, 454.801357534822216 ], [ 875.798142204113788, 451.884640382669318 ], [ 873.439980610250586, 451.819999880564183 ], [ 873.468285381191549, 448.183420643635884 ], [ 872.905955338916442, 446.70730427799009 ], [ 872.212707550903247, 439.0815786252561 ], [ 872.149980607905718, 434.66999987914852 ], [ 873.09696714782126, 433.778267892368717 ], [ 873.179980607945254, 431.809999879951988 ], [ 873.438879709957064, 431.850174836768076 ], [ 873.34429955677183, 427.40490764032819 ], [ 877.600406449640218, 427.215747334892001 ], [ 877.600406451041863, 430.526052694976784 ] ] ] } },
{ "type": "Feature", "properties": { "feature_type": "building", "subtype": "no-damage", "uid": "e945a8e9-3769-4407-8370-306ad00d846a" }, "geometry": { "type": "Polygon", "coordinates": [ [ [ 871.713051057706025, 439.108037703027378 ], [ 872.414233821306084, 446.821048116418808 ], [ 872.967448218499385, 448.273235906336993 ], [ 872.90044341478756, 455.64376449312158 ], [ 855.57180273989718, 455.370872511804009 ], [ 854.153293779866544, 453.307586752097222 ], [ 853.876374924906486, 440.777008670270675 ], [ 854.319980613146299, 435.969999879462875 ], [ 870.636779225004034, 436.07444328488242 ], [ 871.649980610211173, 435.129999880064815 ], [ 871.713051057706025, 439.108037703027378 ] ] ] } },
{ "type": "Feature", "properties": { "feature_type": "building", "subtype": "no-damage", "uid": "6ccb1869-8e52-4cc2-aa58-8dca1d7f7b34" }, "geometry": { "type": "Polygon", "coordinates": [ [ [ 872.766818638290601, 431.341224757612622 ], [ 872.70478658902573, 431.341224757612622 ], [ 872.606526829887002, 433.552069369307389 ], [ 870.441027312829078, 435.573202252208091 ], [ 854.439327809421684, 435.47256263223278 ], [ 854.149980611477304, 422.659999879033307 ], [ 854.901169695929866, 422.675899981996281 ], [ 855.090330002300334, 422.013838909231822 ], [ 872.493078177637585, 421.351777840204988 ], [ 872.766818638290601, 431.341224757612622 ] ] ] } },
{ "type": "Feature", "properties": { "feature_type": "building", "subtype": "no-damage", "uid": "5454271e-9d1b-4bd5-9d1d-d2edc09e9fb8" }, "geometry": { "type": "Polygon", "coordinates": [ [ [ 824.068039773662463, 422.865060287432527 ], [ 831.35071156588856, 422.581319829278186 ], [ 831.350711565654933, 428.634449629401388 ], [ 824.162619928482968, 428.823609938575373 ], [ 824.068039773662463, 422.865060287432527 ] ] ] } },
{ "type": "Feature", "properties": { "feature_type": "building", "subtype": "destroyed", "uid": "724e55c5-344b-40b5-abe0-0f98cb57688c" }, "geometry": { "type": "Polygon", "coordinates": [ [ [ 829.723410509528208, 519.379785720108885 ], [ 846.627292584365819, 520.530946146954875 ], [ 846.973672093297409, 523.879281388906406 ], [ 847.09998061560168, 523.869999880016962 ], [ 846.65695855405454, 534.612915551031165 ], [ 828.822992638194023, 533.714802158957127 ], [ 825.230539071303383, 530.8921600727856 ], [ 824.97393524953543, 522.937441461545063 ], [ 827.364846645197645, 519.456503787548513 ], [ 829.729980614516307, 519.319999880785531 ], [ 829.723410509528208, 519.379785720108885 ] ] ] } },
{ "type": "Feature", "properties": { "feature_type": "building", "subtype": "destroyed", "uid": "4beaf387-e2b5-4f23-a532-98adf4bb26a0" }, "geometry": { "type": "Polygon", "coordinates": [ [ [ 850.746033087268302, 499.53999988250041 ], [ 851.009980615443624, 510.239999881062488 ], [ 849.768098253632388, 511.57990316139211 ], [ 850.839980613073749, 522.539999879724064 ], [ 847.309980614983829, 522.309999881134786 ], [ 847.08131544219691, 520.060707195550322 ], [ 830.309980614878896, 518.919999879826264 ], [ 829.97554989718833, 509.709878309328872 ], [ 831.019831200460885, 499.093018416347775 ], [ 850.746033087268302, 499.53999988250041 ] ] ] } },
{ "type": "Feature", "properties": { "feature_type": "building", "subtype": "destroyed", "uid": "3d07ab66-0dba-4621-865d-488ada126cee" }, "geometry": { "type": "Polygon", "coordinates": [ [ [ 860.75998061405403, 523.489999881535141 ], [ 863.336207252336294, 527.941216069188954 ], [ 862.694697688104952, 530.122348594399 ], [ 856.279602035979906, 530.8921600727856 ], [ 852.558846556336334, 524.605366332005588 ], [ 852.859980610767707, 523.11999988055436 ], [ 860.75998061405403, 523.489999881535141 ] ] ] } },
{ "type": "Feature", "properties": { "feature_type": "building", "subtype": "destroyed", "uid": "66123029-f332-4b7f-8e31-d13d6ca28518" }, "geometry": { "type": "Polygon", "coordinates": [ [ [ 867.955076123118488, 522.552535720482865 ], [ 861.299980614133801, 523.009999881879139 ], [ 851.340870661354643, 522.551487893131821 ], [ 850.287580824153451, 511.755267050946088 ], [ 851.35998061534815, 510.599999880804603 ], [ 866.819980608771175, 509.669999881471028 ], [ 867.955076123118488, 522.552535720482865 ] ] ] } },
{ "type": "Feature", "properties": { "feature_type": "building", "subtype": "destroyed", "uid": "b55925e8-34c5-417b-b530-03b15b2b815c" }, "geometry": { "type": "Polygon", "coordinates": [ [ [ 859.22741780464969, 487.535246756238678 ], [ 866.425453164315059, 487.535246756238678 ], [ 866.415453164010728, 488.039321103036514 ], [ 866.799980613301955, 509.169999879337524 ], [ 851.490154162508702, 510.095553405750593 ], [ 851.332655911645134, 485.356215933375609 ], [ 858.997417808163163, 485.356215933375609 ], [ 859.22741780464969, 487.535246756238678 ] ] ] } },
{ "type": "Feature", "properties": { "feature_type": "building", "subtype": "destroyed", "uid": "dde90698-dfda-4698-bd5b-4f538c638675" }, "geometry": { "type": "Polygon", "coordinates": [ [ [ 866.435453166488173, 487.035246754105174 ], [ 859.678361938210287, 487.035246754105174 ], [ 859.401562820917775, 484.359521968714773 ], [ 859.359980609296258, 484.359999882164914 ], [ 859.401910664917864, 481.60426945410768 ], [ 866.546027933439404, 481.60426945410768 ], [ 866.435453166488173, 487.035246754105174 ] ] ] } },
{ "type": "Feature", "properties": { "feature_type": "building", "subtype": "destroyed", "uid": "4dd7a832-2155-4e02-af5b-568c3aef638a" }, "geometry": { "type": "Polygon", "coordinates": [ [ [ 907.375471303562563, 530.187099090380343 ], [ 882.745164940559675, 531.01920403523502 ], [ 882.429980606992331, 521.039999880798973 ], [ 882.495653227476055, 521.045094303917381 ], [ 882.819980610683842, 513.689999882328038 ], [ 904.265395035885376, 512.794521166530672 ], [ 906.359980601891039, 511.979999879815693 ], [ 908.54041822869408, 511.714369314606074 ], [ 907.375471303562563, 530.187099090380343 ] ] ] } },
{ "type": "Feature", "properties": { "feature_type": "building", "subtype": "destroyed", "uid": "6028fedf-a6d5-4f7d-afdd-77359da6d682" }, "geometry": { "type": "Polygon", "coordinates": [ [ [ 906.044103395767593, 499.316005636271086 ], [ 905.799980601669859, 511.659999881291014 ], [ 904.161549994788743, 512.298427352390945 ], [ 882.849980610195075, 513.189999880194591 ], [ 882.91133738366284, 511.733769206073475 ], [ 883.493693007560864, 506.492568566690693 ], [ 883.889980606801259, 498.979999880409878 ], [ 904.879156472972227, 498.816742669358291 ], [ 906.044103395767593, 499.316005636271086 ] ] ] } },
{ "type": "Feature", "properties": { "feature_type": "building", "subtype": "destroyed", "uid": "1f1e16bd-ebd2-4c29-b15f-9b2dbdf114ab" }, "geometry": { "type": "Polygon", "coordinates": [ [ [ 881.580218020100347, 489.580377781471213 ], [ 884.076532857231655, 489.4971672869857 ], [ 883.589980610287057, 498.649999880646419 ], [ 883.410833300069498, 498.63704257735202 ], [ 882.995162810186457, 506.451647753614623 ], [ 882.412571515494051, 511.694969419400991 ], [ 882.019980609700497, 520.529999881164372 ], [ 872.094221653671752, 520.451471235580357 ], [ 871.511748187368312, 518.038366895501781 ], [ 872.593484620817776, 512.629684753946208 ], [ 871.761379675963894, 507.470634095847117 ], [ 871.511748188769957, 499.316005636271086 ], [ 871.844590166244302, 490.994956187724085 ], [ 877.419693298634229, 490.828535198753173 ], [ 877.336482800878343, 488.082588880732715 ], [ 881.580218021969245, 488.082588880732715 ], [ 881.580218020100347, 489.580377781471213 ] ] ] } },
{ "type": "Feature", "properties": { "feature_type": "building", "subtype": "destroyed", "uid": "9cb47f35-01fc-4013-a51a-6b4b8308e310" }, "geometry": { "type": "Polygon", "coordinates": [ [ [ 906.969980602699252, 550.02999987995986 ], [ 907.079113129004554, 565.350680025941074 ], [ 888.679917953115364, 566.253708011536673 ], [ 888.341282462722234, 555.868886192138461 ], [ 887.449980606271424, 550.559999882071907 ], [ 900.725414124669214, 549.690008288846911 ], [ 906.969980602699252, 550.02999987995986 ] ] ] } },
{ "type": "Feature", "properties": { "feature_type": "building", "subtype": "destroyed", "uid": "8b46550b-0354-4bc8-9f77-7a145fb08d51" }, "geometry": { "type": "Polygon", "coordinates": [ [ [ 903.791091211454727, 532.141627163993462 ], [ 905.631296344231487, 535.02461521054056 ], [ 906.735419428709974, 539.379767363497308 ], [ 906.966234630571648, 548.983297813185345 ], [ 906.969980601764746, 549.529999881564095 ], [ 900.722751180885894, 549.189102590228799 ], [ 887.359980608204864, 550.069999881177068 ], [ 886.108904871742197, 542.611753667389735 ], [ 885.609641909034735, 533.625020262958969 ], [ 890.848315095187218, 532.632348535288543 ], [ 895.080786902279215, 532.26430750775171 ], [ 897.841094608569392, 531.957606650225102 ], [ 901.214804022203225, 531.896266480214877 ], [ 903.791091211454727, 532.141627163993462 ] ] ] } },
{ "type": "Feature", "properties": { "feature_type": "building", "subtype": "destroyed", "uid": "e699f9d6-127a-4296-998d-d9c87339c8f9" }, "geometry": { "type": "Polygon", "coordinates": [ [ [ 934.154124136576911, 518.158444471972189 ], [ 926.165916664110682, 517.992023483001276 ], [ 926.581969135836857, 522.235758701760233 ], [ 911.209409487891662, 523.034484687683516 ], [ 909.50940948545167, 520.967818021667085 ], [ 909.009409486822733, 516.001151355237084 ], [ 909.176076155991382, 511.834484686987821 ], [ 909.426763335651685, 508.991530830661191 ], [ 910.599980605233895, 508.929999879509523 ], [ 910.601562551193865, 508.945241424600795 ], [ 925.785367146410636, 508.67590564532469 ], [ 926.968471240445751, 506.342830293765587 ], [ 933.60998059993608, 506.089999879052812 ], [ 934.154124136576911, 518.158444471972189 ] ] ] } },
{ "type": "Feature", "properties": { "feature_type": "building", "subtype": "destroyed", "uid": "95be90c3-2a43-45c5-928c-2459d8436f5a" }, "geometry": { "type": "Polygon", "coordinates": [ [ [ 924.83454875281177, 494.776295521555198 ], [ 933.07238770639799, 494.277032554642403 ], [ 933.579980598789575, 505.589999880656876 ], [ 926.65543424852649, 505.854610176788185 ], [ 925.475556841419348, 508.181322516415378 ], [ 911.049980600939648, 508.439999882352424 ], [ 909.996940730176561, 507.140062290891876 ], [ 908.332730839767919, 503.811642511473224 ], [ 907.776397389380918, 500.684240630023623 ], [ 908.166309848461083, 496.905171469179209 ], [ 910.412993202369876, 493.576751689760385 ], [ 924.668127766644261, 493.444927609787726 ], [ 924.83454875281177, 494.776295521555198 ] ] ] } },
{ "type": "Feature", "properties": { "feature_type": "building", "subtype": "destroyed", "uid": "f899e072-0374-456b-96f2-06c018388689" }, "geometry": { "type": "Polygon", "coordinates": [ [ [ 861.087741957357821, 543.146478337821691 ], [ 862.668040927943593, 543.259356836021084 ], [ 865.828638873320074, 543.259356836021084 ], [ 868.424844329101575, 542.694964345023891 ], [ 871.924077765338325, 543.033599839622298 ], [ 876.326339187403391, 543.259356836021084 ], [ 875.87482519437242, 560.416888536173019 ], [ 861.539255945950231, 560.98128102343253 ], [ 861.087741957357821, 543.146478337821691 ] ] ] } },
{ "type": "Feature", "properties": { "feature_type": "building", "subtype": "destroyed", "uid": "c04fc821-edf8-4116-bc90-06d06904c208" }, "geometry": { "type": "Polygon", "coordinates": [ [ [ 847.880957685556041, 539.082852406379288 ], [ 855.330938553863803, 538.405581420920385 ], [ 856.121088041259213, 545.291169799873501 ], [ 857.588508518084154, 545.178291301673994 ], [ 857.927144010579696, 554.321449640878313 ], [ 855.782452549931691, 556.014627110132324 ], [ 853.073368596885302, 556.46614110293001 ], [ 848.896864167714853, 556.014627110132324 ], [ 847.880957685556041, 539.082852406379288 ] ] ] } },
{ "type": "Feature", "properties": { "feature_type": "building", "subtype": "destroyed", "uid": "5fbf5c69-5bd0-482b-9cd0-30b19761a56c" }, "geometry": { "type": "Polygon", "coordinates": [ [ [ 827.676140848286764, 544.659845609061335 ], [ 831.19800157121847, 543.434850574265624 ], [ 835.638608567676442, 544.200472470078466 ], [ 839.772966808706201, 547.722333192312817 ], [ 838.394847395263241, 551.39731829669995 ], [ 836.710479221719993, 552.775437709910648 ], [ 834.413613532414729, 554.459805879951432 ], [ 833.341742880940842, 558.900412880151407 ], [ 827.829265228570534, 560.584781053929873 ], [ 827.676140848286764, 544.659845609061335 ] ] ] } },
{ "type": "Feature", "properties": { "feature_type": "building", "subtype": "destroyed", "uid": "40506876-a545-42ed-a7c2-54ba1dcf9165" }, "geometry": { "type": "Polygon", "coordinates": [ [ [ 838.309980614900724, 582.579999879061575 ], [ 836.581896543879225, 587.457396329583503 ], [ 839.192262858094637, 591.491598820629747 ], [ 850.839980614942647, 593.399999881275448 ], [ 847.448086859819227, 603.652989629437343 ], [ 836.882504693593773, 601.202999559845921 ], [ 835.810634035578914, 606.409228455858738 ], [ 819.273201078935131, 601.509248316676008 ], [ 818.048206044374297, 599.824880146635223 ], [ 817.588832905859135, 595.384273146435248 ], [ 819.273201079402384, 590.943666146235273 ], [ 824.785678728268635, 591.862412424200897 ], [ 828.460663834520915, 581.296830253760163 ], [ 838.309980614900724, 582.579999879061575 ] ] ] } },
{ "type": "Feature", "properties": { "feature_type": "building", "subtype": "destroyed", "uid": "792adbe8-6a84-404a-97b9-0dd79eca2860" }, "geometry": { "type": "Polygon", "coordinates": [ [ [ 854.79805706695106, 581.44995463217515 ], [ 850.999980615139293, 592.919999881619447 ], [ 839.491648245884107, 591.033900931590665 ], [ 837.135360651943529, 587.392365556287814 ], [ 838.819980614534757, 582.649999880257383 ], [ 839.02624599957835, 582.674949666970861 ], [ 840.404365417693612, 579.918710840549466 ], [ 854.79805706695106, 581.44995463217515 ] ] ] } },
{ "type": "Feature", "properties": { "feature_type": "building", "subtype": "destroyed", "uid": "e63c5e79-0a1d-44d2-8da3-3c73ff3b1d3c" }, "geometry": { "type": "Polygon", "coordinates": [ [ [ 935.524697544894025, 535.709957671331267 ], [ 937.186454279244231, 535.086798896182927 ], [ 941.756285296838428, 535.086798896182927 ], [ 948.611031822528957, 535.294518489144934 ], [ 951.519106106707454, 534.255920528072579 ], [ 962.320524877647813, 534.671359710258798 ], [ 962.320524878348579, 542.356984608738571 ], [ 967.098075489138296, 542.356984608738571 ], [ 968.759832223488502, 544.226460934183592 ], [ 968.759832224422894, 551.496646646739237 ], [ 960.451048555007901, 551.288927053777229 ], [ 959.20473100261006, 556.481916847925959 ], [ 948.611031825098735, 556.689636440887966 ], [ 948.40331223283772, 552.53524460407391 ], [ 935.524697547230062, 554.40472092951893 ], [ 935.524697544894025, 535.709957671331267 ] ] ] } },
{ "type": "Feature", "properties": { "feature_type": "building", "subtype": "destroyed", "uid": "4fbff543-a39f-49e1-9c00-60dee0920b85" }, "geometry": { "type": "Polygon", "coordinates": [ [ [ 968.538729298127009, 531.440927688462921 ], [ 972.263719735901873, 529.74775021920891 ], [ 978.020523133322058, 529.634871721009404 ], [ 978.47203712284886, 532.231077175859014 ], [ 981.632635066590069, 532.569712670457307 ], [ 990.550036412423765, 532.343955674058407 ], [ 991.79169989028037, 556.274197254963951 ], [ 970.909177758210603, 558.644645713414548 ], [ 968.538729298127009, 531.440927688462921 ] ] ] } },
{ "type": "Feature", "properties": { "feature_type": "building", "subtype": "destroyed", "uid": "8b9eb00e-8a8a-4b94-9a12-3c99d9170c20" }, "geometry": { "type": "Polygon", "coordinates": [ [ [ 999.47468274821631, 530.305023331521397 ], [ 1004.221538505943045, 529.080028296725686 ], [ 1010.040264917479021, 528.161282022497744 ], [ 1023.999980587170967, 527.823721057583384 ], [ 1023.999980583199999, 554.722426022507079 ], [ 1015.705866947095956, 556.336167807847914 ], [ 1007.59027484929095, 555.723670290450059 ], [ 1000.546553404596011, 553.886177741994288 ], [ 999.47468274821631, 530.305023331521397 ] ] ] } },
{ "type": "Feature", "properties": { "feature_type": "building", "subtype": "destroyed", "uid": "f940128c-bf37-4b62-a325-c8b22aab4269" }, "geometry": { "type": "Polygon", "coordinates": [ [ [ 963.670851959933088, 497.392298457535276 ], [ 963.053646085429705, 507.02071009914232 ], [ 965.409980594404828, 513.029999879063325 ], [ 963.890115618681762, 513.051593047227584 ], [ 963.478533528490516, 515.65827962373703 ], [ 965.419980592373122, 520.609999879861221 ], [ 965.500394719247424, 523.172442780171878 ], [ 944.279237088608284, 522.833807285573585 ], [ 944.7307510830409, 510.078537011462402 ], [ 942.473181123025483, 509.965658513263008 ], [ 942.473181119287801, 500.032350686662483 ], [ 945.859536062698226, 499.806593690263583 ], [ 945.972414561131131, 492.24373432211388 ], [ 964.249980595081524, 491.309999879676525 ], [ 963.670851959933088, 497.392298457535276 ] ] ] } },
{ "type": "Feature", "properties": { "feature_type": "building", "subtype": "destroyed", "uid": "7008f600-61fa-4227-a919-bcec37a0a708" }, "geometry": { "type": "Polygon", "coordinates": [ [ [ 994.735925702416239, 504.886126101763296 ], [ 995.1874396933448, 506.917939065615599 ], [ 997.445009652425711, 509.401266022265702 ], [ 997.896523648493599, 512.561863968112561 ], [ 977.465515505483495, 514.142162939167065 ], [ 977.039980590887581, 513.659999882349553 ], [ 978.775072250038193, 511.60443758554311 ], [ 978.581174169703331, 508.631333676950476 ], [ 976.32148050964031, 504.173019161499212 ], [ 976.621593086071812, 501.171893412132704 ], [ 976.807502331085402, 497.019920296851808 ], [ 976.005847692796806, 493.689970280144507 ], [ 975.709980592464831, 490.719999881345188 ], [ 976.901123013785991, 490.663435347321581 ], [ 995.193233210001267, 489.843617859949177 ], [ 994.735925702416239, 504.886126101763296 ] ] ] } },
{ "type": "Feature", "properties": { "feature_type": "building", "subtype": "destroyed", "uid": "743a6adf-4eed-443f-8089-ef47250c91c7" }, "geometry": { "type": "Polygon", "coordinates": [ [ [ 975.511649867170149, 493.773409157320827 ], [ 976.304839685121806, 497.068197625063874 ], [ 976.122707903066157, 501.135807451876872 ], [ 975.809418762576001, 504.268698819403596 ], [ 978.088897772504311, 508.766049297382324 ], [ 978.263040715734746, 511.436241134387728 ], [ 976.709980592525994, 513.279999880130049 ], [ 976.675366019256217, 513.239134953571465 ], [ 975.019980593894388, 513.139999881476342 ], [ 975.019857917204263, 512.926539761635695 ], [ 965.9499805944846, 513.029999879063325 ], [ 963.559741981554566, 506.941623291075928 ], [ 964.169339529447484, 497.431901519454186 ], [ 964.74998059487848, 491.279999879697982 ], [ 975.209980593135128, 490.749999881323674 ], [ 975.511649867170149, 493.773409157320827 ] ] ] } },
{ "type": "Feature", "properties": { "feature_type": "building", "subtype": "destroyed", "uid": "c872e7c8-bcb5-4a74-8f0d-4ec0d8cf9b1e" }, "geometry": { "type": "Polygon", "coordinates": [ [ [ 974.869310052972537, 519.447452347065564 ], [ 965.502988752865122, 519.447452347065564 ], [ 963.993616935456089, 515.601982038287701 ], [ 964.318116900804966, 513.546815604313792 ], [ 974.8693100506365, 513.429999880022592 ], [ 974.869310052972537, 519.447452347065564 ] ] ] } },
{ "type": "Feature", "properties": { "feature_type": "building", "subtype": "destroyed", "uid": "192442e1-31f0-411c-a9e3-5c29fa1e1150" }, "geometry": { "type": "Polygon", "coordinates": [ [ [ 1019.426826587079972, 520.377588022208442 ], [ 1018.75994495083205, 523.348242586057836 ], [ 1017.769980587514056, 526.679999880495188 ], [ 1001.921675783695036, 527.570239825834619 ], [ 1000.792890801468047, 524.071006385389524 ], [ 1000.454255307570975, 519.555866464887117 ], [ 1009.823170643164985, 519.104352472089317 ], [ 1010.109980586158031, 515.77999987958458 ], [ 1019.436826590188048, 515.210089364952637 ], [ 1019.426826587079972, 520.377588022208442 ] ] ] } },
{ "type": "Feature", "properties": { "feature_type": "building", "subtype": "destroyed", "uid": "32fb8faa-dba9-4e39-9f91-713d854fa8ab" }, "geometry": { "type": "Polygon", "coordinates": [ [ [ 1018.322994430573999, 491.109508212774472 ], [ 1018.388136737223022, 495.213473351777111 ], [ 1019.487464062250979, 495.15239961079692 ], [ 1019.436826591121985, 514.711004796086627 ], [ 1010.149980588309973, 515.269999879949978 ], [ 1010.161806140566, 515.153605042584104 ], [ 1000.454255309439986, 515.379362038983004 ], [ 1000.454255306636014, 490.094578479684174 ], [ 1018.099980584941022, 489.869999880708292 ], [ 1018.322994430573999, 491.109508212774472 ] ] ] } },
{ "type": "Feature", "properties": { "feature_type": "building", "subtype": "destroyed", "uid": "20d2ec03-ec24-40c4-9d61-a0d609fa3493" }, "geometry": { "type": "Polygon", "coordinates": [ [ [ 1023.999980583667025, 487.159737530236328 ], [ 1023.999980585067988, 526.330321098647232 ], [ 1018.299980587756977, 526.649999880516702 ], [ 1019.244091226336991, 523.474296371881564 ], [ 1019.926693357645036, 520.43361415885829 ], [ 1019.988736226466017, 494.623780146206627 ], [ 1018.879817393750955, 494.685386748984513 ], [ 1018.822279351501948, 491.060490313450487 ], [ 1018.51481498839496, 489.369999882312584 ], [ 1018.514814989796946, 487.272616028435721 ], [ 1020.998141948546959, 486.933980533837428 ], [ 1023.999980583667025, 487.159737530236328 ] ] ] } },
{ "type": "Feature", "properties": { "feature_type": "building", "subtype": "no-damage", "uid": "55149412-0669-43b0-8029-c3af8b85b307" }, "geometry": { "type": "Polygon", "coordinates": [ [ [ 820.549369877190088, 297.686109050457617 ], [ 821.469472447432963, 297.808789390478125 ], [ 821.53081261674231, 299.464974014393988 ], [ 832.809980618068607, 298.679999879415277 ], [ 833.619980616552994, 333.069999882182117 ], [ 831.89821361330371, 333.724724175017514 ], [ 820.271728316993517, 335.643658640670424 ], [ 817.111130371617037, 334.966387651473724 ], [ 811.467205471928878, 334.063359665878124 ], [ 810.564177488903965, 322.211117373624802 ], [ 811.241448477866356, 317.470220456723496 ], [ 811.467205475433047, 315.099771998272786 ], [ 809.7740280029102, 314.535379507275593 ], [ 808.758121520985014, 295.458913341470918 ], [ 820.426689534833599, 294.619100490142216 ], [ 820.549369877190088, 297.686109050457617 ] ] ] } },
{ "type": "Feature", "properties": { "feature_type": "building", "subtype": "no-damage", "uid": "a6338c13-937c-4280-a800-757e32527ae8" }, "geometry": { "type": "Polygon", "coordinates": [ [ [ 842.847427919483607, 300.877081247568924 ], [ 849.620137799529743, 301.328595240366724 ], [ 851.651950764548133, 320.292182907971892 ], [ 853.570885228797465, 320.405061406171399 ], [ 854.4739132157938, 329.999733738173518 ], [ 852.554978746405141, 329.548219745375718 ], [ 850.184530290526482, 329.773976741774618 ], [ 843.298941914616989, 329.322462748976818 ], [ 839.348194480443567, 330.902761723769004 ], [ 834.119980614481051, 332.879999881072308 ], [ 833.309980615996665, 298.649999879436677 ], [ 833.704269580755408, 298.619511287317721 ], [ 841.605764443963039, 298.619511287317721 ], [ 842.847427919483607, 300.877081247568924 ] ] ] } },
{ "type": "Feature", "properties": { "feature_type": "building", "subtype": "no-damage", "uid": "53a3c0e7-a5f4-4f1f-a502-80f3e15f28a5" }, "geometry": { "type": "Polygon", "coordinates": [ [ [ 852.173968058643709, 301.413977743873374 ], [ 856.444423229234303, 301.235374884514499 ], [ 856.361212733580828, 296.242745215386321 ], [ 870.257365312407046, 295.909903237444382 ], [ 870.673417784133221, 300.236848950688909 ], [ 872.67046965061445, 302.150690323854576 ], [ 874.667521520833475, 320.540209605143389 ], [ 876.747783882033787, 321.039472572056297 ], [ 876.664573388015583, 325.366418285300711 ], [ 877.746309814456822, 328.694838064719477 ], [ 880.407644790584868, 331.497828986883007 ], [ 877.412066991446977, 343.230508709334174 ], [ 855.777338426647589, 344.062613654188908 ], [ 855.557394170043381, 338.10955441234222 ], [ 854.934571196167894, 326.68793591054731 ], [ 854.067904530927763, 319.554602576926584 ], [ 852.834571194871501, 319.621269241884193 ], [ 852.173968058643709, 301.413977743873374 ] ] ] } },
{ "type": "Feature", "properties": { "feature_type": "building", "subtype": "no-damage", "uid": "72a64bbc-42b7-418d-978c-0f0514b285de" }, "geometry": { "type": "Polygon", "coordinates": [ [ [ 879.609978491125389, 288.258526783266404 ], [ 888.527379833922168, 288.258526783266404 ], [ 888.640258329084531, 294.241087180361603 ], [ 879.722856987222258, 294.35396567856111 ], [ 879.609978491125389, 288.258526783266404 ] ] ] } },
{ "type": "Feature", "properties": { "feature_type": "building", "subtype": "no-damage", "uid": "68ec7bfd-f896-4001-8044-fe34f49f79b2" }, "geometry": { "type": "Polygon", "coordinates": [ [ [ 877.075113206522133, 297.963548509334714 ], [ 880.788043192619853, 297.745225619579116 ], [ 880.849383364031723, 296.273061509431614 ], [ 888.394224416849738, 296.273061509431614 ], [ 888.762265441349427, 298.665328188421313 ], [ 890.479790235974633, 298.726668358431482 ], [ 891.215872289178833, 328.599331725288778 ], [ 889.356302041462072, 331.230681184204684 ], [ 884.970150837136202, 331.592425611770921 ], [ 880.855307962361735, 330.552410378780507 ], [ 878.820495548894087, 328.381943805907895 ], [ 878.006570585002123, 325.668860587948416 ], [ 877.075113206522133, 297.963548509334714 ] ] ] } },
{ "type": "Feature", "properties": { "feature_type": "building", "subtype": "no-damage", "uid": "d1099342-e1f6-4999-8d77-13f9687f358c" }, "geometry": { "type": "Polygon", "coordinates": [ [ [ 902.189119343683842, 291.62428530863798 ], [ 914.379997128654736, 291.511406810438586 ], [ 916.524688594442182, 324.020414243288826 ], [ 913.702726140860364, 328.648432661990682 ], [ 910.767885190714537, 328.761311160190075 ], [ 903.769418317773784, 323.117386261431022 ], [ 902.189119343683842, 291.62428530863798 ] ] ] } },
{ "type": "Feature", "properties": { "feature_type": "building", "subtype": "no-damage", "uid": "4f2d010d-7b51-4c9d-803c-1d075d54027c" }, "geometry": { "type": "Polygon", "coordinates": [ [ [ 909.933678979426304, 281.98415540580578 ], [ 916.257676562184656, 281.734523922349524 ], [ 916.257676558446974, 287.39283754736141 ], [ 909.93367898012707, 287.476048041846923 ], [ 909.933678979426304, 281.98415540580578 ] ] ] } },
{ "type": "Feature", "properties": { "feature_type": "building", "subtype": "no-damage", "uid": "dded9760-e89a-4164-a58c-9686a5553f40" }, "geometry": { "type": "Polygon", "coordinates": [ [ [ 971.858126937113866, 320.396936115023721 ], [ 954.095698947310893, 322.234428667217287 ], [ 953.059980598906009, 320.039999879060019 ], [ 951.579980595918755, 305.9299998804496 ], [ 953.499980599213245, 305.519999881989293 ], [ 953.494410780472094, 305.562996319280217 ], [ 959.06868736862009, 306.018039307193419 ], [ 963.761046005215121, 304.759113819091624 ], [ 969.400323324898864, 302.052260706911625 ], [ 972.159980591663839, 301.429999879936474 ], [ 971.858126937113866, 320.396936115023721 ] ] ] } },
{ "type": "Feature", "properties": { "feature_type": "building", "subtype": "no-damage", "uid": "93655499-66f8-48d4-b62d-777106b6947f" }, "geometry": { "type": "Polygon", "coordinates": [ [ [ 974.001868247069751, 300.031393669955207 ], [ 972.929980593135951, 300.74999988166968 ], [ 969.235158677606591, 301.576922749933317 ], [ 963.586586202119179, 304.288237540113528 ], [ 959.022907995946525, 305.512639008661779 ], [ 954.089980597310273, 305.109999879791303 ], [ 951.52497123333751, 282.01868108864852 ], [ 955.599980594903059, 281.669999880391117 ], [ 955.646370355704903, 281.926231848626173 ], [ 963.052104364904494, 280.511653442373188 ], [ 963.009980592389297, 280.29999987888101 ], [ 973.08312197447799, 278.900229329073682 ], [ 974.001868247069751, 300.031393669955207 ] ] ] } },
{ "type": "Feature", "properties": { "feature_type": "building", "subtype": "no-damage", "uid": "6e5ebf7d-e23e-4cfe-93e3-e071fc0110d2" }, "geometry": { "type": "Polygon", "coordinates": [ [ [ 962.058166670438254, 280.189999880205676 ], [ 955.769980597506446, 281.389999879345794 ], [ 955.473818358884955, 275.531492985254374 ], [ 962.058166667634964, 274.918995467856519 ], [ 962.058166670438254, 280.189999880205676 ] ] ] } },
{ "type": "Feature", "properties": { "feature_type": "building", "subtype": "no-damage", "uid": "a430f318-1088-4056-ba4b-6f99fbda6791" }, "geometry": { "type": "Polygon", "coordinates": [ [ [ 952.479980597375402, 319.349999879554389 ], [ 931.280166437578941, 321.468806771404388 ], [ 928.983300748507304, 315.037582840595917 ], [ 929.748922644786603, 310.137602701413016 ], [ 929.719980600702797, 309.829999881392723 ], [ 949.112869233156516, 307.927041211444021 ], [ 951.119980598740653, 306.259999880213115 ], [ 952.479980597375402, 319.349999879554389 ] ] ] } },
{ "type": "Feature", "properties": { "feature_type": "building", "subtype": "no-damage", "uid": "60e6693a-9471-4098-be56-064d2ac3694d" }, "geometry": { "type": "Polygon", "coordinates": [ [ [ 950.929980595061352, 305.759999881817407 ], [ 948.910931305214604, 307.444468675248913 ], [ 929.659980602614723, 309.329999879259219 ], [ 928.064554472177747, 294.212667256544421 ], [ 928.159122149292216, 292.742138398907287 ], [ 949.267401274256486, 290.710325435054983 ], [ 950.929980595061352, 305.759999881817407 ] ] ] } },
{ "type": "Feature", "properties": { "feature_type": "building", "subtype": "no-damage", "uid": "3b375a42-de15-4c0a-a7f1-1a4660b27cc2" }, "geometry": { "type": "Polygon", "coordinates": [ [ [ 916.982307191540485, 286.088269773621391 ], [ 916.61959265568089, 285.609062916229618 ], [ 916.686259326712388, 281.409062919239318 ], [ 917.595708899818533, 281.119715909349111 ], [ 918.761172153139114, 281.18105607935928 ], [ 920.417356776118936, 281.855797964422891 ], [ 922.686943110880975, 282.653220189506783 ], [ 922.38024225475624, 290.198061242799611 ], [ 918.883852496429881, 290.504762100326218 ], [ 918.025090097131624, 288.112495425074201 ], [ 916.982307191540485, 286.088269773621391 ] ] ] } },
{ "type": "Feature", "properties": { "feature_type": "building", "subtype": "no-damage", "uid": "ca7da24e-83e4-46d3-9e42-acc3d5704c71" }, "geometry": { "type": "Polygon", "coordinates": [ [ [ 918.590517012919122, 380.854447100803725 ], [ 920.274885182724688, 379.476327683855175 ], [ 922.112377739354997, 379.016954548610215 ], [ 961.005970065113047, 376.413840100603693 ], [ 965.446577063439804, 396.77938254567232 ], [ 960.24034817257143, 399.076248233111016 ], [ 948.296646590566866, 399.994994507338788 ], [ 948.756019729782906, 404.282477129123777 ], [ 940.487303248424155, 404.894974646521575 ], [ 940.181054489024632, 400.454367646321714 ], [ 922.418626493381453, 401.066865163719513 ], [ 919.049890154237573, 400.6074920247367 ], [ 918.590517012919122, 380.854447100803725 ] ] ] } },
{ "type": "Feature", "properties": { "feature_type": "building", "subtype": "major-damage", "uid": "5d6cf695-bf12-40b2-ba11-77bceead64b2" }, "geometry": { "type": "Polygon", "coordinates": [ [ [ 965.293452687594709, 378.710705788042276 ], [ 977.084029891184286, 378.251332652797316 ], [ 977.390278645677995, 388.663790441085212 ], [ 965.905950202188592, 388.816914823237994 ], [ 965.293452687594709, 378.710705788042276 ] ] ] } },
{ "type": "Feature", "properties": { "feature_type": "building", "subtype": "no-damage", "uid": "37cf4ad0-a372-457b-bd07-1e7ab6f7762a" }, "geometry": { "type": "Polygon", "coordinates": [ [ [ 811.286342460900983, 338.708766853814382 ], [ 818.52565547972813, 337.29418844756151 ], [ 819.274549930096555, 337.127767458590483 ], [ 820.273075866724525, 337.127767458590483 ], [ 821.770864762555789, 337.127767458590483 ], [ 822.769390696380469, 336.961346469619627 ], [ 824.516811080339949, 337.210977953075997 ], [ 826.264231467336458, 338.375924875872613 ], [ 826.763494434248742, 342.869291578087882 ], [ 823.185443170909821, 343.534975533971703 ], [ 822.519759214092346, 344.616711962282807 ], [ 813.20018383453214, 345.86486937956488 ], [ 811.70239493286067, 341.787555149776779 ], [ 811.286342460900983, 338.708766853814382 ] ] ] } },
{ "type": "Feature", "properties": { "feature_type": "building", "subtype": "no-damage", "uid": "ee6e1648-cb09-4866-ade7-63361a0d90bc" }, "geometry": { "type": "Polygon", "coordinates": [ [ [ 825.233045705614018, 350.835025406236582 ], [ 836.972409498721959, 349.819118922441476 ], [ 841.939063411550137, 350.270632915239275 ], [ 844.422390365861702, 351.060782402635482 ], [ 845.212539853257113, 363.59029568408539 ], [ 842.729212898478295, 366.073622640735607 ], [ 832.344391080725472, 366.750893629932193 ], [ 829.183793134648113, 365.622108647937807 ], [ 827.942129654689097, 363.59029568408539 ], [ 825.571681199277577, 360.091062243640295 ], [ 825.233045705614018, 350.835025406236582 ] ] ] } },
{ "type": "Feature", "properties": { "feature_type": "building", "subtype": "no-damage", "uid": "eabc04ce-db65-4760-a489-755e2ce1534f" }, "geometry": { "type": "Polygon", "coordinates": [ [ [ 858.488027348893979, 383.342718466836175 ], [ 861.187176515187957, 384.409823952870227 ], [ 863.325454487515003, 388.448793460700983 ], [ 863.659980608858291, 397.399999882183181 ], [ 863.029975025611179, 399.278063971669212 ], [ 861.223919056757836, 400.858362942723716 ], [ 857.386050120783693, 401.535633931920415 ], [ 855.354237160671119, 406.163652350622328 ], [ 844.517901347084035, 406.163652350622328 ], [ 843.839980611711326, 380.399999880660005 ], [ 858.249980612662398, 379.589999881240487 ], [ 858.488027348893979, 383.342718466836175 ] ] ] } },
{ "type": "Feature", "properties": { "feature_type": "building", "subtype": "no-damage", "uid": "ad791849-d6e6-44c2-ba12-dcfe3bb81b69" }, "geometry": { "type": "Polygon", "coordinates": [ [ [ 882.163111690960022, 368.842511693623123 ], [ 884.96514153611372, 368.394186917725278 ], [ 885.176704719693703, 376.327806361435478 ], [ 882.219958187312614, 376.441527381031221 ], [ 883.686199364520348, 389.524910187947228 ], [ 881.341333431829867, 389.524910187947228 ], [ 881.449980607773455, 396.199999879305324 ], [ 870.931469882744977, 402.100026422917608 ], [ 867.432236446040974, 400.293970455464205 ], [ 864.149980610687066, 397.219999882312209 ], [ 863.820905488497033, 388.31601289972582 ], [ 861.542691135992527, 384.012719129179914 ], [ 858.96658558352965, 382.994258790013191 ], [ 858.749980612225841, 379.559999881261888 ], [ 861.117143982905304, 379.430506331116874 ], [ 857.619843477955897, 374.097123060152683 ], [ 860.261841263480505, 366.869907673116074 ], [ 859.199980613304547, 364.909999879300813 ], [ 860.578478656081757, 363.797387379763222 ], [ 862.040094168755672, 361.636738354647207 ], [ 862.280094172788381, 360.292363846420983 ], [ 868.233048926427273, 360.405340123599672 ], [ 881.289980610847238, 360.099999881501617 ], [ 882.163111690960022, 368.842511693623123 ] ] ] } },
{ "type": "Feature", "properties": { "feature_type": "building", "subtype": "no-damage", "uid": "70ff60be-a922-49dc-9678-b44903ee8011" }, "geometry": { "type": "Polygon", "coordinates": [ [ [ 903.924656485882565, 352.234226617753109 ], [ 905.163452676933503, 364.171717180467112 ], [ 906.829980603111153, 392.579999879407524 ], [ 904.569262291015775, 393.182625076374507 ], [ 895.764739445717623, 394.424288556568513 ], [ 883.799618655977383, 394.875802549366199 ], [ 881.939980608667724, 395.919999881997796 ], [ 881.849332925781823, 390.024910190080675 ], [ 884.24536391349227, 390.024910190080675 ], [ 882.776764140320438, 376.920481452102308 ], [ 885.689699508231115, 376.808445479036891 ], [ 885.449748702985062, 367.810290215256373 ], [ 882.607853642376881, 368.264993424954184 ], [ 881.78998061041068, 360.089999880262781 ], [ 883.175221495199139, 360.060520755186474 ], [ 882.889980607674602, 356.209999881797273 ], [ 884.115893463210682, 356.511668141973701 ], [ 886.412759149245403, 354.521051211365091 ], [ 889.781495494463115, 354.367926832950104 ], [ 891.006490529257576, 351.917936763358682 ], [ 893.150231838746322, 351.917936763358682 ], [ 895.906470664931476, 350.386692971732884 ], [ 902.269980603112685, 346.499999878788003 ], [ 903.924656485882565, 352.234226617753109 ] ] ] } },
{ "type": "Feature", "properties": { "feature_type": "building", "subtype": "no-damage", "uid": "779362f8-1eb7-4ad4-a303-425dc5f121ac" }, "geometry": { "type": "Polygon", "coordinates": [ [ [ 914.215986257199575, 379.043338920400515 ], [ 914.299980604759298, 378.999999879171412 ], [ 914.615448613937019, 391.03793361432281 ], [ 910.100308694373439, 391.71520460351951 ], [ 907.319980601435759, 392.449999881992483 ], [ 906.119980604165676, 371.959999881724286 ], [ 910.898244435238553, 371.854898303419077 ], [ 914.215986257199575, 379.043338920400515 ] ] ] } },
{ "type": "Feature", "properties": { "feature_type": "building", "subtype": "no-damage", "uid": "12d7e5e8-2b81-4e14-b2c3-b21b162e7a3c" }, "geometry": { "type": "Polygon", "coordinates": [ [ [ 925.445333680823978, 345.154226850827911 ], [ 926.878176528555514, 346.630489178511993 ], [ 927.29172250356612, 347.560967625790909 ], [ 934.209980597169533, 347.189999882031316 ], [ 934.143428772520451, 348.031225867612591 ], [ 936.965391222130847, 349.837281835065994 ], [ 936.739634224797783, 353.449393769972914 ], [ 956.380492877609186, 351.756216300718791 ], [ 958.299427342793024, 360.673617647262006 ], [ 955.590343393250805, 372.864495434113621 ], [ 914.309980602260225, 378.049999881098074 ], [ 911.21499788898393, 371.348045706715084 ], [ 906.089980606056088, 371.459999879590782 ], [ 905.661939847912663, 364.131265093504226 ], [ 904.47998060588759, 352.72999988055318 ], [ 907.135204170610109, 350.986443238706499 ], [ 914.442385497452733, 350.755203323419607 ], [ 914.578049764140815, 347.182710918863677 ], [ 919.985927240476826, 347.005403462782908 ], [ 921.530076902147812, 344.825427465546113 ], [ 924.237209189476857, 344.52933487225431 ], [ 925.445333680823978, 345.154226850827911 ] ] ] } },
{ "type": "Feature", "properties": { "feature_type": "building", "subtype": "no-damage", "uid": "1bf4ecc9-ed56-401d-a748-7bea7fa1620f" }, "geometry": { "type": "Polygon", "coordinates": [ [ [ 907.360348321090214, 340.26117912914691 ], [ 907.776400789779473, 342.091810007827291 ], [ 915.681397767526619, 341.675757535399896 ], [ 915.679980600031286, 341.529999879857485 ], [ 919.732494118434374, 341.666602821476715 ], [ 920.128248907037232, 345.940754539046111 ], [ 920.129980599485748, 345.939999880435209 ], [ 919.721414448368478, 346.513807339658115 ], [ 914.096086840963039, 346.698244311143526 ], [ 913.960442788144746, 350.270204377183688 ], [ 906.97871917474356, 350.491144996354478 ], [ 904.419980602426563, 352.169999882200386 ], [ 904.417409082315999, 352.138514071575116 ], [ 902.489980603266304, 345.429999880800608 ], [ 902.201297659959209, 340.011547645690484 ], [ 907.360348321090214, 340.26117912914691 ] ] ] } },
{ "type": "Feature", "properties": { "feature_type": "building", "subtype": "no-damage", "uid": "df8356f3-553f-463a-b1fe-31f189f41655" }, "geometry": { "type": "Polygon", "coordinates": [ [ [ 929.827181827472941, 330.442340779861524 ], [ 933.179980599465921, 329.419999882305774 ], [ 935.266818221617314, 334.329436968143796 ], [ 934.637211029542414, 337.372538411031314 ], [ 932.276126484750762, 337.96280954793059 ], [ 933.293571682534548, 341.269506441315173 ], [ 936.509942935957042, 342.41821046284872 ], [ 939.619980600373651, 346.029999880370724 ], [ 934.256307266748422, 346.676683889219191 ], [ 934.259980596822174, 346.689999879897812 ], [ 927.608885199109864, 347.04347645934871 ], [ 927.298942314082979, 346.346104978841993 ], [ 925.747393628789837, 344.747539661000417 ], [ 924.332871010005988, 344.01589002872538 ], [ 921.252092430351354, 344.352850187412116 ], [ 920.569980602129021, 345.309999880886608 ], [ 920.189769084653562, 341.182073748836615 ], [ 915.679980600031286, 341.029999881461777 ], [ 915.598187271406005, 331.690498197143484 ], [ 919.42587001586503, 329.360604351550421 ], [ 928.246182431082502, 329.027762373608482 ], [ 929.827181827472941, 330.442340779861524 ] ] ] } },
{ "type": "Feature", "properties": { "feature_type": "building", "subtype": "no-damage", "uid": "b370c851-8251-4839-94e7-1b46eb5f8654" }, "geometry": { "type": "Polygon", "coordinates": [ [ [ 958.863819836826565, 327.035825232417324 ], [ 957.283520861101465, 327.261582228816224 ], [ 957.847913351397324, 335.163077091564276 ], [ 961.911539280966849, 335.163077091564276 ], [ 962.363053272362549, 343.290328950711228 ], [ 940.21998059830787, 345.959999879174916 ], [ 936.8025824602488, 341.991793549434078 ], [ 933.697757827824148, 340.882927610716422 ], [ 932.909147060492387, 338.319942605205199 ], [ 935.063202431993773, 337.781428763847828 ], [ 935.788137213405207, 334.27757732238058 ], [ 933.659980599121582, 329.269999882413288 ], [ 937.573722225747929, 328.071335403592116 ], [ 937.573722225981555, 324.881646503256093 ], [ 958.552060768931483, 323.164121709330004 ], [ 958.863819836826565, 327.035825232417324 ] ] ] } },
{ "type": "Feature", "properties": { "feature_type": "building", "subtype": "no-damage", "uid": "3c3c9497-666e-4f93-bb12-46b4c899f8f2" }, "geometry": { "type": "Polygon", "coordinates": [ [ [ 882.278400911018934, 356.052295006728627 ], [ 882.379980607806942, 356.079999880644493 ], [ 882.638196482237618, 359.572780521442098 ], [ 868.231959565202715, 359.9052321422256 ], [ 862.369980610951984, 359.799999881716587 ], [ 862.810037356753583, 357.273726973275302 ], [ 860.40048637734435, 355.181222174596826 ], [ 859.977977452808204, 354.505207895712203 ], [ 862.211531873467948, 353.799874922536787 ], [ 862.139980613998205, 353.419999880058811 ], [ 867.142952942729153, 353.520569369033012 ], [ 870.839467606845687, 352.24989245110271 ], [ 874.628083687074877, 349.150115658015125 ], [ 876.249980607455541, 346.7099998823752 ], [ 881.359654633988612, 345.486712836287893 ], [ 882.278400911018934, 356.052295006728627 ] ] ] } },
{ "type": "Feature", "properties": { "feature_type": "building", "subtype": "no-damage", "uid": "723189d9-995a-42ab-be7e-9d2615e4e40e" }, "geometry": { "type": "Polygon", "coordinates": [ [ [ 875.769980607799994, 346.529999878766489 ], [ 874.253559582654134, 348.81051399795939 ], [ 870.592194794809188, 351.806176096428715 ], [ 867.064485589119045, 353.018826135148515 ], [ 862.049980609624299, 352.909999880424323 ], [ 861.466419725948754, 349.735626842436773 ], [ 858.269980611168535, 349.099999879416714 ], [ 859.497986926892963, 347.968503231412626 ], [ 862.135614288257102, 345.146855358613607 ], [ 875.017050235215265, 344.47211347355011 ], [ 875.769980607799994, 346.529999878766489 ] ] ] } },
{ "type": "Feature", "properties": { "feature_type": "building", "subtype": "no-damage", "uid": "48aecb1b-968f-4056-8084-0a23c7f8d304" }, "geometry": { "type": "Polygon", "coordinates": [ [ [ 859.714861722953287, 366.909894992220416 ], [ 857.064019063916589, 374.161305641917806 ], [ 860.223558117330981, 378.979602698180884 ], [ 843.819980612504423, 379.889999881025517 ], [ 843.456443539014231, 366.033867475690386 ], [ 848.189980613262151, 365.989999882264613 ], [ 848.208665647788507, 366.144895790773603 ], [ 858.769980613301641, 365.169999881606316 ], [ 859.714861722953287, 366.909894992220416 ] ] ] } },
{ "type": "Feature", "properties": { "feature_type": "building", "subtype": "no-damage", "uid": "faa69c85-9001-4145-82cf-670f1bb3070f" }, "geometry": { "type": "Polygon", "coordinates": [ [ [ 861.03577822963689, 350.159400497750028 ], [ 861.640149843599829, 353.455972960911879 ], [ 859.211851253780765, 354.222804094146284 ], [ 860.016145754911463, 355.509675296704188 ], [ 862.268447786681918, 357.465621793455909 ], [ 861.566226859627932, 361.444873694198407 ], [ 860.206194503009783, 363.455356312008405 ], [ 858.699207071658293, 364.672538466223273 ], [ 848.162619381438617, 365.647020563985507 ], [ 848.169980611719097, 365.709999881219289 ], [ 846.354719615144745, 363.39311050905502 ], [ 846.128962619914091, 351.315111220402798 ], [ 848.150055256820565, 350.115409222885887 ], [ 850.480981761592716, 349.686028025338828 ], [ 853.916031352712253, 349.440667341560072 ], [ 857.189980610074713, 349.389999881700703 ], [ 861.03577822963689, 350.159400497750028 ] ] ] } },
{ "type": "Feature", "properties": { "feature_type": "building", "subtype": "no-damage", "uid": "7889cf0c-c834-4e39-bd2c-8c1e1e326776" }, "geometry": { "type": "Polygon", "coordinates": [ [ [ 881.559421407680929, 331.944217884761713 ], [ 890.546154808832398, 331.861007390276313 ], [ 894.54025854459826, 340.265267333308714 ], [ 892.459996178725874, 340.598109311250596 ], [ 891.544680743124218, 341.180582772648791 ], [ 893.042469643160416, 345.424317987670122 ], [ 886.052788104051729, 345.757159965611891 ], [ 884.887841185227671, 342.511950680678581 ], [ 882.30831585337728, 341.929477223018125 ], [ 880.228053491242576, 337.352900026317286 ], [ 881.559421407680929, 331.944217884761713 ] ] ] } },
{ "type": "Feature", "properties": { "feature_type": "building", "subtype": "no-damage", "uid": "a4fc5577-1234-486c-ab93-7d8a9614cb0f" }, "geometry": { "type": "Polygon", "coordinates": [ [ [ 529.508016946211683, 581.157418547418729 ], [ 532.170752767875229, 581.407050030875212 ], [ 532.420384252966642, 576.247999372776007 ], [ 547.231852271132198, 576.913683328659772 ], [ 546.233326338709162, 598.798043378338321 ], [ 530.756174365361403, 598.215569916940012 ], [ 530.839384859846746, 593.222940247811835 ], [ 529.008753980701044, 593.139729753326378 ], [ 529.508016946211683, 581.157418547418729 ] ] ] } },
{ "type": "Feature", "properties": { "feature_type": "building", "subtype": "no-damage", "uid": "f6a3d1ca-00dc-4d04-bbbb-c3c13d7122a7" }, "geometry": { "type": "Polygon", "coordinates": [ [ [ 606.194592677992318, 612.0720108979325 ], [ 604.031119822306664, 609.076433096455617 ], [ 603.032593889416376, 595.762753978780438 ], [ 625.665848385704294, 595.762753978780438 ], [ 626.747584815649589, 610.158169524766663 ], [ 606.194592677992318, 612.0720108979325 ] ] ] } },
{ "type": "Feature", "properties": { "feature_type": "building", "subtype": "no-damage", "uid": "3097f1c4-40b5-49a2-aa84-5447a0c763f2" }, "geometry": { "type": "Polygon", "coordinates": [ [ [ 630.456862755234511, 687.593563845117956 ], [ 637.459840899292544, 687.967149123930767 ], [ 637.293419910321745, 694.37435719931193 ], [ 630.38694886920257, 694.291146704826474 ], [ 630.456862755234511, 687.593563845117956 ] ] ] } },
{ "type": "Feature", "properties": { "feature_type": "building", "subtype": "no-damage", "uid": "2f5777d9-e43d-4855-8633-f254a6225acb" }, "geometry": { "type": "Polygon", "coordinates": [ [ [ 586.193689203065446, 707.895007837215985 ], [ 601.658043430444081, 708.007886335415378 ], [ 601.545164934113586, 720.5373996168654 ], [ 585.403539718473326, 720.3116426204665 ], [ 583.823240741112954, 713.538932739712891 ], [ 586.193689203065446, 707.895007837215985 ] ] ] } },
{ "type": "Feature", "properties": { "feature_type": "building", "subtype": "no-damage", "uid": "17e3838e-73c6-405e-99d6-d011072070d5" }, "geometry": { "type": "Polygon", "coordinates": [ [ [ 655.162451485822544, 711.168484277524499 ], [ 653.356395517436454, 729.567679457870213 ], [ 626.378434493114923, 725.052539537367807 ], [ 626.659980649967338, 718.479999882597099 ], [ 626.674687847046584, 718.48669743618666 ], [ 628.326002263433224, 711.798874051145731 ], [ 630.055525305755964, 709.597662900337809 ], [ 632.449980646046242, 709.409999880375153 ], [ 655.162451485822544, 711.168484277524499 ] ] ] } },
{ "type": "Feature", "properties": { "feature_type": "building", "subtype": "no-damage", "uid": "d2b345bf-d76a-440a-8dff-523c199d7fa8" }, "geometry": { "type": "Polygon", "coordinates": [ [ [ 619.944360108367619, 696.72003653042168 ], [ 621.750416076286456, 695.70413005036437 ], [ 624.2337430312989, 696.155644039424374 ], [ 627.168583982145606, 696.72003653042168 ], [ 629.764789432554039, 697.848821512416066 ], [ 629.426153942160909, 701.686690443721886 ], [ 630.893574413145757, 704.960166887768082 ], [ 631.570845400005624, 708.346521830013785 ], [ 630.599980649787653, 709.049999880633095 ], [ 629.7981101973877, 709.115986955520384 ], [ 627.866371487960009, 711.574563499636497 ], [ 626.359980649948966, 717.679999880678565 ], [ 623.556472042803648, 722.68209107891721 ], [ 613.736042714645919, 720.0858856240676 ], [ 611.817108251798231, 716.473773685422998 ], [ 613.736042714645919, 696.381401035823274 ], [ 617.00951915985695, 695.70413005036437 ], [ 618.13830414091592, 695.70413005036437 ], [ 619.944360108367619, 696.72003653042168 ] ] ] } },
{ "type": "Feature", "properties": { "feature_type": "building", "subtype": "no-damage", "uid": "03bbf5df-5eea-42ea-8c3b-2a8aadf080ac" }, "geometry": { "type": "Polygon", "coordinates": [ [ [ 704.012468217130163, 648.35885895257536 ], [ 723.306140004397662, 650.808849022166669 ], [ 725.296756935004282, 648.818232091558116 ], [ 736.627960995406625, 651.421346539564524 ], [ 734.024846549505241, 654.33070974440102 ], [ 738.924826684011009, 655.249456022366644 ], [ 730.502985825872656, 670.102520810854685 ], [ 724.99050817513762, 674.39000343263956 ], [ 715.649921040202457, 671.633764602480369 ], [ 715.649921038333673, 668.418152640813901 ], [ 699.112488080288244, 665.202540675409523 ], [ 700.031234355916922, 658.465067984033226 ], [ 700.796856254065119, 652.340092813792467 ], [ 704.012468217130163, 648.35885895257536 ] ] ] } },
{ "type": "Feature", "properties": { "feature_type": "building", "subtype": "no-damage", "uid": "41016722-d42f-4dab-aa3e-fa9266a5f5d5" }, "geometry": { "type": "Polygon", "coordinates": [ [ [ 889.317029364613177, 766.309068048788163 ], [ 900.118448135553535, 767.970824785008858 ], [ 900.118448136254301, 776.902767230047516 ], [ 889.317029368350859, 776.902767230047516 ], [ 889.317029364613177, 766.309068048788163 ] ] ] } },
{ "type": "Feature", "properties": { "feature_type": "building", "subtype": "no-damage", "uid": "3649825f-a16c-4ea5-875a-f03fbd01dc82" }, "geometry": { "type": "Polygon", "coordinates": [ [ [ 583.6091938109696, 810.4820254437833 ], [ 600.019041562210759, 810.689745036745308 ], [ 599.811321965978436, 833.123460945823012 ], [ 582.362876261374936, 832.084862988488339 ], [ 583.6091938109696, 810.4820254437833 ] ] ] } },
{ "type": "Feature", "properties": { "feature_type": "building", "subtype": "no-damage", "uid": "45d61ebb-fb60-4bb9-8af4-35874629e44a" }, "geometry": { "type": "Polygon", "coordinates": [ [ [ 626.899980648393466, 813.769999879101533 ], [ 629.929980648088076, 833.749999879735242 ], [ 621.414159510428817, 834.992937271268033 ], [ 615.805730533164819, 833.746619720971353 ], [ 614.351693388505964, 815.67501523793203 ], [ 621.414159510195191, 813.182380137338669 ], [ 626.899980648393466, 813.769999879101533 ] ] ] } },
{ "type": "Feature", "properties": { "feature_type": "building", "subtype": "no-damage", "uid": "8a2d0151-67a8-485d-99c6-20e4fdf58fff" }, "geometry": { "type": "Polygon", "coordinates": [ [ [ 659.219125203347062, 818.998528706635739 ], [ 659.529980645692831, 818.709999881791191 ], [ 657.205648500963775, 825.083741901689791 ], [ 658.479980641774091, 829.599999881463077 ], [ 630.429980646950639, 833.67999988227723 ], [ 627.399980650526459, 813.74999988036177 ], [ 635.123652562977895, 811.312903811893648 ], [ 640.939801131568402, 810.689745036745308 ], [ 657.14192928774537, 809.443427482710945 ], [ 659.219125203347062, 818.998528706635739 ] ] ] } },
{ "type": "Feature", "properties": { "feature_type": "building", "subtype": "no-damage", "uid": "97e2ee3b-1258-47d2-a01c-5e5bb31707e7" }, "geometry": { "type": "Polygon", "coordinates": [ [ [ 677.083010090603693, 826.891873194339723 ], [ 658.979980644374336, 829.529999880267383 ], [ 657.730722466030556, 825.10347691790048 ], [ 660.339980643009199, 817.969999879829629 ], [ 661.919479896198936, 816.505893606042378 ], [ 675.628972953653829, 816.090454420118363 ], [ 677.083010090603693, 826.891873194339723 ] ] ] } },
{ "type": "Feature", "properties": { "feature_type": "building", "subtype": "no-damage", "uid": "7c5ea8fd-3a9f-443f-9361-d4f30cec1c42" }, "geometry": { "type": "Polygon", "coordinates": [ [ [ 672.26109641005246, 838.042489259952731 ], [ 682.307282734375349, 832.850078350253625 ], [ 686.935301151437443, 842.783386176854037 ], [ 676.663357832818406, 847.524283093755344 ], [ 672.26109641005246, 838.042489259952731 ] ] ] } },
{ "type": "Feature", "properties": { "feature_type": "building", "subtype": "no-damage", "uid": "9b8fa310-f9ce-41ea-bedf-e1a55f16c9c8" }, "geometry": { "type": "Polygon", "coordinates": [ [ [ 614.76893060408463, 847.741503405911885 ], [ 614.462681850291801, 864.278936368178393 ], [ 605.119980655611926, 865.139999880914047 ], [ 602.35904770652553, 862.929748555137053 ], [ 598.769980652069989, 861.319999882405455 ], [ 601.818525875385831, 857.340140167194249 ], [ 601.562579731488199, 852.050586462005413 ], [ 600.782323685259826, 849.969903680159405 ], [ 598.669980656969642, 847.729999880930563 ], [ 602.518980267820098, 846.669632749531161 ], [ 614.76893060408463, 847.741503405911885 ] ] ] } },
{ "type": "Feature", "properties": { "feature_type": "building", "subtype": "no-damage", "uid": "a0e5e2de-2213-41b3-af74-59e4a89e90b0" }, "geometry": { "type": "Polygon", "coordinates": [ [ [ 590.575278682311364, 841.769652614086112 ], [ 593.649980652317595, 844.27999987966507 ], [ 594.319514220533165, 849.168675509224158 ], [ 593.356104223236571, 852.299757995535288 ], [ 590.60500237047188, 854.967493120734389 ], [ 590.013054134621711, 857.335286087498162 ], [ 588.655974594084, 859.809960535172991 ], [ 587.569980658860686, 860.269999879420197 ], [ 573.884721347252707, 859.685204989563317 ], [ 560.103527210486732, 856.163344267328966 ], [ 558.299980658683012, 843.029999881806702 ], [ 563.19582611831504, 842.441828679308742 ], [ 567.309980659537587, 841.619999879079387 ], [ 590.575278682311364, 841.769652614086112 ] ] ] } },
{ "type": "Feature", "properties": { "feature_type": "building", "subtype": "no-damage", "uid": "71f9aee4-0169-4ffb-bce7-7aff821213f6" }, "geometry": { "type": "Polygon", "coordinates": [ [ [ 566.789980658664831, 841.20999988061908 ], [ 563.116678132976404, 841.947756325959062 ], [ 558.23998065872604, 842.539999880911864 ], [ 557.50041276622062, 837.175921235471151 ], [ 566.228502380487953, 836.716548096488282 ], [ 566.789980658664831, 841.20999988061908 ] ] ] } },
{ "type": "Feature", "properties": { "feature_type": "building", "subtype": "no-damage", "uid": "db58ee61-b575-4510-b013-a02ef6866319" }, "geometry": { "type": "Polygon", "coordinates": [ [ [ 643.553419207964794, 850.808368818698682 ], [ 646.589980647191055, 849.539999880879463 ], [ 648.76824343294254, 851.563801173057186 ], [ 650.409980644294251, 866.619999881099375 ], [ 647.602789694944477, 867.10550185084594 ], [ 642.749014281250197, 867.33125884724484 ], [ 638.519980644805514, 866.349999881292888 ], [ 639.100257015855163, 858.641999437042955 ], [ 637.159726138158703, 851.907215798418406 ], [ 635.299033409438266, 848.829999882634183 ], [ 635.299033407569368, 843.73965275720002 ], [ 643.099980647047801, 843.169999880460523 ], [ 643.553419207964794, 850.808368818698682 ] ] ] } },
{ "type": "Feature", "properties": { "feature_type": "building", "subtype": "no-damage", "uid": "f7b365ba-8044-407b-ac99-9a423990ab8c" }, "geometry": { "type": "Polygon", "coordinates": [ [ [ 632.702827955525663, 848.141914183240715 ], [ 635.02998064723181, 849.359999881008434 ], [ 636.697603445447498, 852.109270157306128 ], [ 638.594941500221239, 858.694149283789898 ], [ 638.029980645079149, 866.229999881378831 ], [ 637.895238862416363, 866.20247386525034 ], [ 628.187688035962083, 866.541109359848747 ], [ 626.946024556937459, 863.380511417739626 ], [ 624.575576098956276, 858.752492995300031 ], [ 625.591482583451125, 853.560082085600925 ], [ 627.284660053871448, 850.173727147093018 ], [ 628.977837522189361, 847.351764695844508 ], [ 632.702827955525663, 848.141914183240715 ] ] ] } },
{ "type": "Feature", "properties": { "feature_type": "building", "subtype": "no-damage", "uid": "1571f585-5b31-4f69-b52f-4a4e7a135fd7" }, "geometry": { "type": "Polygon", "coordinates": [ [ [ 653.585350086427297, 847.803278688642308 ], [ 663.970171903946493, 846.674493706647922 ], [ 668.711068823646542, 846.787372204847316 ], [ 668.25955483131645, 850.399484143491918 ], [ 669.839853799098819, 853.221446594740314 ], [ 671.30727427335421, 855.704773551390417 ], [ 671.984545265119891, 858.978249991698931 ], [ 671.194395778658986, 863.606268410400844 ], [ 668.372433326245186, 864.057782403198644 ], [ 665.437592381472314, 865.073688886993637 ], [ 664.534564396812129, 864.057782403198644 ], [ 659.229274988918746, 864.96081038879413 ], [ 654.262621075623315, 865.18656738519303 ], [ 651.553537124445825, 866.42823086164924 ], [ 650.89998064308611, 866.53999988240264 ], [ 649.245084724206777, 851.323899800672848 ], [ 646.989980647682728, 849.229999879855768 ], [ 645.53998064467396, 842.989999880589494 ], [ 646.13536921741877, 842.949503273541609 ], [ 651.8921726162406, 842.385110782544302 ], [ 653.585350086427297, 847.803278688642308 ] ] ] } },
{ "type": "Feature", "properties": { "feature_type": "building", "subtype": "no-damage", "uid": "150536c8-6f86-49e1-9ebc-b7171c3b5c94" }, "geometry": { "type": "Polygon", "coordinates": [ [ [ 627.539980647544894, 867.719999879065313 ], [ 625.60188494579711, 868.440157891024455 ], [ 625.414772334165491, 883.596279446047902 ], [ 627.859980651442243, 887.169999881324657 ], [ 616.567748567158446, 887.469085614013466 ], [ 616.454870068024661, 866.586563480755331 ], [ 616.485975205712748, 865.798866500220811 ], [ 626.519308535999585, 865.765533167741978 ], [ 627.539980647544894, 867.719999879065313 ] ] ] } },
{ "type": "Feature", "properties": { "feature_type": "building", "subtype": "no-damage", "uid": "e8ab60eb-0e1a-400e-8e7c-5d4fd79c4e04" }, "geometry": { "type": "Polygon", "coordinates": [ [ [ 642.302460738063701, 868.528932540190681 ], [ 643.379980647391903, 868.979999881900085 ], [ 643.263708309641402, 876.840334208612717 ], [ 644.349980649109852, 877.599999880706832 ], [ 643.193291307356503, 877.762517903606067 ], [ 642.859460680585812, 882.626907025074502 ], [ 644.239980647631455, 886.729999879148068 ], [ 628.449980646502468, 887.149999882584893 ], [ 625.916685565784974, 883.444393833110098 ], [ 626.097613980288315, 868.789192191286475 ], [ 628.079980646456534, 868.049999882566567 ], [ 642.302460738063701, 868.528932540190681 ] ] ] } },
{ "type": "Feature", "properties": { "feature_type": "building", "subtype": "no-damage", "uid": "3fe87b46-de9c-43de-af3e-aa8c3fd8454b" }, "geometry": { "type": "Polygon", "coordinates": [ [ [ 650.205540976130123, 886.566057632155662 ], [ 644.759980643832023, 886.709999880408304 ], [ 643.365109718879239, 882.561729164684266 ], [ 643.664331843852892, 878.201635349575554 ], [ 645.407736887164901, 877.958369528100548 ], [ 645.37998064751423, 877.779999880577861 ], [ 649.859980643676636, 877.479999880792775 ], [ 650.205540976130123, 886.566057632155662 ] ] ] } },
{ "type": "Feature", "properties": { "feature_type": "building", "subtype": "no-damage", "uid": "de6c4ea6-cd19-4f1f-adf2-38a248beab01" }, "geometry": { "type": "Polygon", "coordinates": [ [ [ 649.839980647039397, 876.97999988239701 ], [ 644.81375125144848, 877.315036490093462 ], [ 643.767729219534999, 876.58282106663205 ], [ 643.879980645086448, 869.139999879293669 ], [ 649.540600935457974, 868.95831373773774 ], [ 649.839980647039397, 876.97999988239701 ] ] ] } },
{ "type": "Feature", "properties": { "feature_type": "building", "subtype": "no-damage", "uid": "2c1e8c4f-3c07-4e9b-9ac7-57541139cd17" }, "geometry": { "type": "Polygon", "coordinates": [ [ [ 676.037654962909869, 869.088735575198825 ], [ 679.239980639492501, 868.839999879508582 ], [ 679.292564395410977, 875.133095296094666 ], [ 678.069731370513068, 876.763539327113222 ], [ 676.759160832494786, 877.943052817287821 ], [ 677.629980641893667, 883.179999880446076 ], [ 657.398504204256596, 886.812570900603873 ], [ 654.902189368994073, 882.152783209417635 ], [ 655.318241843757164, 873.498891782928808 ], [ 657.8145566743475, 872.333944860132192 ], [ 662.307923376091253, 871.002576948364663 ], [ 664.055343758882714, 869.920840520053616 ], [ 665.636343152703489, 869.338367058655308 ], [ 668.798341944082722, 868.839104091742456 ], [ 674.70628705394688, 868.256630630344148 ], [ 676.037654962909869, 869.088735575198825 ] ] ] } },
{ "type": "Feature", "properties": { "feature_type": "building", "subtype": "no-damage", "uid": "6ddf5aaf-9e22-44e2-954a-90ef6dcda3a6" }, "geometry": { "type": "Polygon", "coordinates": [ [ [ 686.106124793539379, 881.653520242504783 ], [ 678.119980643956069, 883.089999880510504 ], [ 677.297430751087063, 878.131291088627904 ], [ 678.440467056226112, 877.102558413581164 ], [ 679.779980643309955, 875.30999988110193 ], [ 684.105532586067625, 874.421617403711707 ], [ 685.309980639419791, 874.169999881918784 ], [ 686.106124793539379, 881.653520242504783 ] ] ] } },
{ "type": "Feature", "properties": { "feature_type": "building", "subtype": "no-damage", "uid": "63c2637b-a223-43a6-83ed-06b7dd0387ee" }, "geometry": { "type": "Polygon", "coordinates": [ [ [ 687.27107171843727, 868.256630630344148 ], [ 687.770334683947908, 874.164575738812573 ], [ 685.309980641989455, 873.839999882155212 ], [ 685.269743632338191, 873.665560134776229 ], [ 684.003626581604408, 873.932111093219191 ], [ 679.789980639876489, 874.799999881467329 ], [ 679.749980640528179, 869.339999881642143 ], [ 683.110546992766217, 868.173420135858692 ], [ 687.27107171843727, 868.256630630344148 ] ] ] } },
{ "type": "Feature", "properties": { "feature_type": "building", "subtype": "no-damage", "uid": "a5ba71ee-dc32-4df6-83e8-b193ec9b85ee" }, "geometry": { "type": "Polygon", "coordinates": [ [ [ 588.788948035168914, 880.309069417336787 ], [ 598.835134362061467, 880.760583410134586 ], [ 601.882853808537789, 881.324975901131779 ], [ 606.84950771832905, 881.663611395730072 ], [ 610.5744981561038, 883.582545861382982 ], [ 611.364647641630313, 889.113592265680381 ], [ 610.461619654400351, 892.274190211527184 ], [ 607.526778707525068, 894.983274164576187 ], [ 601.092704319974359, 895.096152659037898 ], [ 597.141956890473011, 893.290096691584495 ], [ 593.868480449700542, 892.387068709726691 ], [ 593.416966455267925, 892.387068709726691 ], [ 592.062424480613572, 889.113592265680381 ], [ 590.820760999953677, 888.323442778284289 ], [ 588.563191040639026, 887.420414796426485 ], [ 587.095770567084628, 886.065872818033085 ], [ 586.982892066081945, 883.582545861382982 ], [ 587.208649064115889, 881.550732897530679 ], [ 588.788948035168914, 880.309069417336787 ] ] ] } },
{ "type": "Feature", "properties": { "feature_type": "building", "subtype": "no-damage", "uid": "f1d2c66e-d873-4d38-af58-6af7069e17a0" }, "geometry": { "type": "Polygon", "coordinates": [ [ [ 589.804854520131016, 925.234711633437541 ], [ 591.159396495719761, 926.815010608229727 ], [ 593.868480450167681, 927.492281593688745 ], [ 593.642723451666598, 937.53846791848855 ], [ 589.579097525834754, 937.651346416688057 ], [ 587.773041555813393, 941.714972348130459 ], [ 573.550350804656091, 942.618000329988263 ], [ 570.389752862550154, 939.570280886078649 ], [ 570.163995866618734, 928.169552582885444 ], [ 572.97998065687068, 925.559999882471061 ], [ 583.992952836997233, 924.834095886549562 ], [ 583.989980655978684, 924.789999880531013 ], [ 589.804854520131016, 925.234711633437541 ] ] ] } },
{ "type": "Feature", "properties": { "feature_type": "building", "subtype": "no-damage", "uid": "68531332-4f28-4399-a5a0-c60733e9a8ac" }, "geometry": { "type": "Polygon", "coordinates": [ [ [ 581.462583297220363, 918.02517895434778 ], [ 582.359980654967899, 919.719999880426371 ], [ 582.459980655207687, 924.429999880788955 ], [ 573.229980659338821, 925.039999881597737 ], [ 572.647322820463046, 923.767291160582431 ], [ 573.437472306923951, 918.687758749082832 ], [ 575.209980659086114, 916.909999879948145 ], [ 579.134663630153227, 916.861219120812962 ], [ 581.462583297220363, 918.02517895434778 ] ] ] } },
{ "type": "Feature", "properties": { "feature_type": "building", "subtype": "no-damage", "uid": "8bec094a-ff87-43bd-8213-ca872e067608" }, "geometry": { "type": "Polygon", "coordinates": [ [ [ 598.157863369828533, 904.126432503780507 ], [ 599.060891357292007, 906.271123965832317 ], [ 599.512405347519689, 908.52869392608352 ], [ 599.173769851987231, 912.253684362927515 ], [ 596.690442896274021, 918.800637247282225 ], [ 582.679980658164595, 919.239999880770256 ], [ 581.828752755993037, 917.649246688488347 ], [ 579.249458727634874, 916.359599673023126 ], [ 575.349980657506194, 916.409999881552267 ], [ 575.243528272974004, 901.643105547130403 ], [ 598.383620369264122, 901.078713056133211 ], [ 598.157863369828533, 904.126432503780507 ] ] ] } },
{ "type": "Feature", "properties": { "feature_type": "building", "subtype": "no-damage", "uid": "f020c32c-c080-4439-b48d-0b524ec5fa15" }, "geometry": { "type": "Polygon", "coordinates": [ [ [ 676.513828667585358, 929.857840568678284 ], [ 677.049980642465584, 930.209999879138991 ], [ 676.981334181411853, 931.73101321613342 ], [ 675.401035212694978, 938.616601595086536 ], [ 678.335876160037515, 948.211273927088541 ], [ 652.712457111071103, 948.211273927088541 ], [ 652.71245710780056, 933.569999880469027 ], [ 653.794495871396521, 930.894681599224441 ], [ 662.411021261132532, 929.518431016657814 ], [ 663.753478358754364, 930.160475715693678 ], [ 665.977084329862123, 931.176981301312139 ], [ 668.743268671248643, 930.598012487465326 ], [ 670.810696460041868, 929.199458392633346 ], [ 673.706238275593478, 929.081273015086026 ], [ 676.513828667585358, 929.857840568678284 ] ] ] } },
{ "type": "Feature", "properties": { "feature_type": "building", "subtype": "no-damage", "uid": "d5adf119-a993-4c65-a8b7-0701496b5323" }, "geometry": { "type": "Polygon", "coordinates": [ [ [ 678.674511653233822, 916.718172978033408 ], [ 676.416941691115994, 923.603761356986411 ], [ 677.207091180847442, 926.65148080463382 ], [ 677.069980640738095, 929.629999882046377 ], [ 676.722458966522481, 929.39677297530227 ], [ 673.764073271032544, 928.578496082464312 ], [ 670.64827831065179, 928.705671384957895 ], [ 668.544574456990176, 930.128765166662788 ], [ 666.035504078918962, 930.653919431688792 ], [ 663.965298073158237, 929.707539543340204 ], [ 662.486107292143515, 929.000100475986756 ], [ 653.436663381852554, 930.445497766219091 ], [ 652.359980645464702, 933.109999879552674 ], [ 645.036719242626873, 933.64994768178633 ], [ 644.24656975990365, 920.781798905738015 ], [ 642.969980648464798, 920.359999881213639 ], [ 642.129980648834021, 914.049999880751557 ], [ 642.779149286816391, 914.009089024984405 ], [ 642.239980647509128, 911.949999882256407 ], [ 645.616120520078198, 910.587767549762361 ], [ 654.919980645340956, 910.749999879378606 ], [ 654.857148574055145, 912.541668548391499 ], [ 677.771483671376927, 910.509855584539196 ], [ 678.674511653233822, 916.718172978033408 ] ] ] } },
{ "type": "Feature", "properties": { "feature_type": "building", "subtype": "no-damage", "uid": "4df0e868-375c-4dcb-8804-26ea814a6c94" }, "geometry": { "type": "Polygon", "coordinates": [ [ [ 642.439980645652554, 920.17999988134261 ], [ 642.214756794651748, 920.104527916541315 ], [ 639.279915844973061, 919.765892425680704 ], [ 636.683710394097375, 919.088621436484004 ], [ 635.893560905767572, 916.266658985235608 ], [ 638.828401852409343, 914.234846021383305 ], [ 641.629980647635421, 914.06999987949132 ], [ 642.439980645652554, 920.17999988134261 ] ] ] } },
{ "type": "Feature", "properties": { "feature_type": "building", "subtype": "no-damage", "uid": "a37268b5-1404-43c1-9604-047b30349ec0" }, "geometry": { "type": "Polygon", "coordinates": [ [ [ 674.159371734137494, 901.705332739933283 ], [ 662.645764935559328, 906.107594162236296 ], [ 662.307129439326104, 907.349257642430189 ], [ 654.970027070152014, 909.493949104481885 ], [ 654.939980644080606, 910.259999882221564 ], [ 645.52349197561, 910.086022891803282 ], [ 642.109980644954817, 911.459999881361682 ], [ 642.101878294116318, 911.412883570134795 ], [ 634.764775924007836, 911.638640566533695 ], [ 633.635990948321933, 904.414416692982286 ], [ 632.620084464060596, 904.753052187580579 ], [ 632.168570471263251, 900.125033765140984 ], [ 633.071598458493213, 898.99624878688428 ], [ 632.732962961325597, 897.190192819430877 ], [ 656.663204539404319, 891.772024913332871 ], [ 663.323035925923364, 890.530361433138978 ], [ 672.127558768418339, 890.078847440341178 ], [ 674.159371734137494, 901.705332739933283 ] ] ] } },
{ "type": "Feature", "properties": { "feature_type": "building", "subtype": "no-damage", "uid": "74f317b0-acbc-487f-8db6-d1d16aa31aa0" }, "geometry": { "type": "Polygon", "coordinates": [ [ [ 643.315945160897741, 925.967673709295241 ], [ 643.745326359378851, 927.071796791905854 ], [ 643.683986187032588, 928.23726004078901 ], [ 643.070584478521027, 929.770764320946682 ], [ 642.273162253437818, 930.568186546030688 ], [ 640.310276773866008, 930.445506206010236 ], [ 638.592751982744858, 929.525403637168097 ], [ 638.102030614253522, 928.175919870778785 ], [ 638.10203061542154, 925.879999880995797 ], [ 643.139980648031383, 925.389999880101072 ], [ 643.315945160897741, 925.967673709295241 ] ] ] } },
{ "type": "Feature", "properties": { "feature_type": "building", "subtype": "no-damage", "uid": "4d03c44c-0ad2-4993-b8aa-f4abecbd8766" }, "geometry": { "type": "Polygon", "coordinates": [ [ [ 642.273162254839463, 921.612521556338493 ], [ 642.947904134295641, 922.409943781422498 ], [ 643.070584475250485, 923.514066860295316 ], [ 643.070584478988167, 924.899999879206234 ], [ 637.879980646121226, 925.399999881339795 ], [ 637.733989588118675, 925.108911310463327 ], [ 637.672649413669888, 923.575407034043337 ], [ 638.102030610982979, 921.551181382590585 ], [ 639.32883403688345, 921.060460015033186 ], [ 640.800998144927007, 921.060460015033186 ], [ 642.273162254839463, 921.612521556338493 ] ] ] } },
{ "type": "Feature", "properties": { "feature_type": "building", "subtype": "no-damage", "uid": "e1b90f61-2f60-4457-a5d1-b1c65b2909c0" }, "geometry": { "type": "Polygon", "coordinates": [ [ [ 682.367728802802162, 929.315520721665962 ], [ 704.943428400620064, 929.089763725267062 ], [ 707.426755361239088, 944.892753447025484 ], [ 701.557073461648201, 947.037444912814976 ], [ 688.914681687617758, 951.101070840519583 ], [ 687.56013971156176, 949.295014873066179 ], [ 684.625298763518344, 943.199575977771474 ], [ 683.722270778624534, 937.555651075274568 ], [ 682.367728802802162, 929.315520721665962 ] ] ] } },
{ "type": "Feature", "properties": { "feature_type": "building", "subtype": "no-damage", "uid": "da8cbe5a-d7ae-4a8b-b2de-71c92c4fd59d" }, "geometry": { "type": "Polygon", "coordinates": [ [ [ 681.108874909256997, 924.551639872653254 ], [ 682.346077957514808, 923.463141624247555 ], [ 683.205220977422186, 923.463141624247555 ], [ 683.838273725662361, 923.463141624247555 ], [ 684.742634801585154, 923.553577731139171 ], [ 685.601777819857261, 923.824886051813792 ], [ 686.460920837895856, 924.503156857238082 ], [ 686.86788332054266, 925.769262357457364 ], [ 686.822665263592739, 927.397112288980679 ], [ 686.777447212249513, 928.16581919755879 ], [ 683.657401513748255, 928.84409000298308 ], [ 681.758243259683468, 928.527563628862708 ], [ 681.108874905752941, 926.881533718246374 ], [ 681.108874909256997, 924.551639872653254 ] ] ] } },
{ "type": "Feature", "properties": { "feature_type": "building", "subtype": "no-damage", "uid": "03d251de-c19f-48a2-8831-4bb9d34b1b51" }, "geometry": { "type": "Polygon", "coordinates": [ [ [ 606.336252265039775, 928.476035770051226 ], [ 625.638475426290142, 927.460129286256233 ], [ 627.218774395007017, 939.763885571307242 ], [ 608.142308232491473, 941.005549051501134 ], [ 606.336252265039775, 928.476035770051226 ] ] ] } },
{ "type": "Feature", "properties": { "feature_type": "building", "subtype": "no-damage", "uid": "e8543c16-c758-4cb1-8a60-147d9b797af0" }, "geometry": { "type": "Polygon", "coordinates": [ [ [ 607.916551240297736, 942.360091026156852 ], [ 625.864232422221562, 942.472969524356245 ], [ 630.153615345386584, 944.166146997347937 ], [ 631.733914320177291, 957.372931264256863 ], [ 628.6861948701968, 963.581248657750962 ], [ 622.02636349138686, 973.627434982550881 ], [ 612.65744815509197, 974.643341462608191 ], [ 606.787766256435475, 973.966070477149174 ], [ 603.740046812061678, 969.563809051108478 ], [ 603.852925310260957, 950.71309988170276 ], [ 604.755953293986863, 945.069174979205854 ], [ 607.916551240297736, 942.360091026156852 ] ] ] } },
{ "type": "Feature", "properties": { "feature_type": "building", "subtype": "no-damage", "uid": "00dd9200-b3e1-4317-95e1-e2be972ede53" }, "geometry": { "type": "Polygon", "coordinates": [ [ [ 638.852019724310367, 957.12399783151227 ], [ 652.173840718122733, 957.430246588342243 ], [ 656.308198959853257, 955.133380900903603 ], [ 669.170646819589024, 955.133380900903603 ], [ 671.467512506558137, 975.345798963819448 ], [ 640.536387897620102, 976.111420863370085 ], [ 639.770765999705418, 973.202057654795908 ], [ 639.15826848300901, 966.770833727725062 ], [ 640.383263516869079, 963.095848623337929 ], [ 638.852019724310367, 957.12399783151227 ] ] ] } },
{ "type": "Feature", "properties": { "feature_type": "building", "subtype": "no-damage", "uid": "ddfa1145-0f14-4d81-88eb-8c85ee42ec44" }, "geometry": { "type": "Polygon", "coordinates": [ [ [ 623.102088201922129, 975.426488461305098 ], [ 623.601351169301665, 978.172434779325499 ], [ 625.015929577188558, 979.836644669034968 ], [ 625.015929577422185, 981.08480208631704 ], [ 625.348771551625987, 983.165064448453677 ], [ 626.763349959279253, 985.411747799561454 ], [ 627.179402429837296, 987.242378678241721 ], [ 617.943037547565723, 987.408799667212634 ], [ 618.026248040883161, 988.490536095523794 ], [ 610.454093043880789, 988.407325601038337 ], [ 606.626410298954625, 985.328537305075997 ], [ 606.293568320078634, 980.585539119404189 ], [ 606.959252274560072, 977.589961317927305 ], [ 608.706672662490973, 975.84254093373238 ], [ 623.102088201922129, 975.426488461305098 ] ] ] } },
{ "type": "Feature", "properties": { "feature_type": "building", "subtype": "no-damage", "uid": "18a1047e-c110-4e92-84db-bb1d1675e168" }, "geometry": { "type": "Polygon", "coordinates": [ [ [ 684.009980638873003, 1005.739999879835977 ], [ 684.015140354970185, 1005.778198748148952 ], [ 715.252513724008622, 1007.309442539774977 ], [ 718.315001306322642, 1011.137552022576983 ], [ 717.716562256723819, 1022.956723430699981 ], [ 713.200527938427513, 1022.956722978434982 ], [ 682.943269702795533, 1021.090636675619976 ], [ 682.809980639500509, 1016.889999881812969 ], [ 682.890198867582058, 1016.881940180325955 ], [ 682.402771445276358, 1005.671109389725984 ], [ 684.009980638873003, 1005.739999879835977 ] ] ] } },
{ "type": "Feature", "properties": { "feature_type": "building", "subtype": "no-damage", "uid": "947a4667-5c19-4f10-b8fd-c11bbf900fb2" }, "geometry": { "type": "Polygon", "coordinates": [ [ [ 676.551685233080889, 1001.732910128008029 ], [ 682.456188804137241, 1003.166860998275979 ], [ 683.749980638436682, 1003.279999881598997 ], [ 683.959980642023766, 1005.239999881439985 ], [ 681.879572281407832, 1005.148393106748017 ], [ 682.34998064278966, 1016.029999879938032 ], [ 677.890165187538742, 1014.35316398798102 ], [ 669.315199949116504, 1012.975044571031958 ], [ 663.037100400466898, 1013.740666470583051 ], [ 655.840254574319715, 1013.740666470583051 ], [ 647.112164956081074, 1009.759432609365945 ], [ 645.887169919417602, 1001.64384050477895 ], [ 675.549980641673073, 1000.829999880862033 ], [ 676.551685233080889, 1001.732910128008029 ] ] ] } },
{ "type": "Feature", "properties": { "feature_type": "building", "subtype": "no-damage", "uid": "cf82a725-8667-4e06-bf08-e7c941c5f7fc" }, "geometry": { "type": "Polygon", "coordinates": [ [ [ 687.843249836834161, 979.13455675068667 ], [ 686.924503562840755, 985.565780681495198 ], [ 707.443170380697779, 987.709521990518738 ], [ 706.983797244752282, 994.446994678157353 ], [ 703.002563383772667, 993.987621542912279 ], [ 701.011946451063523, 997.815731025714399 ], [ 702.083817108844755, 1004.246954952785018 ], [ 684.419980639669006, 1002.919999881856029 ], [ 684.432248265230783, 1002.836805455866056 ], [ 682.537310168359227, 1002.672028230213982 ], [ 676.792344519403855, 1001.276822287975961 ], [ 675.109980639263313, 999.75999987913724 ], [ 670.999568120090089, 994.238921888534378 ], [ 670.846443741675216, 978.773359582648595 ], [ 679.115160220697931, 977.450188580645886 ], [ 687.843249836834161, 979.13455675068667 ] ] ] } },
{ "type": "Feature", "properties": { "feature_type": "building", "subtype": "no-damage", "uid": "ac14e67d-4993-4048-9603-75d0f3dbbf68" }, "geometry": { "type": "Polygon", "coordinates": [ [ [ 608.778248920590158, 1010.623025151479965 ], [ 621.275591620139608, 1010.485186815815041 ], [ 621.279980650245761, 1010.439999882696952 ], [ 628.235646955020115, 1010.737945630600052 ], [ 629.02579644498519, 1012.882637092650953 ], [ 630.154581421605599, 1013.898543572708945 ], [ 631.847758893194055, 1014.237179067307011 ], [ 634.895478339903889, 1015.817478042098969 ], [ 635.683369288693598, 1022.956719472446025 ], [ 605.039243099346891, 1022.956720313434971 ], [ 604.531162371938422, 1021.912916933655993 ], [ 603.741012887112674, 1015.930356536561021 ], [ 605.547068859002934, 1010.85082412879899 ], [ 607.240246326386341, 1009.157646655806957 ], [ 608.209980651759338, 1008.329999879225966 ], [ 608.778248920590158, 1010.623025151479965 ] ] ] } },
{ "type": "Feature", "properties": { "feature_type": "building", "subtype": "no-damage", "uid": "f5f1854b-6af1-4327-9ee8-629ad0867e79" }, "geometry": { "type": "Polygon", "coordinates": [ [ [ 618.07658213576849, 990.419815984600973 ], [ 619.769759608291338, 999.675852822004686 ], [ 620.309980651564729, 1009.999999880521045 ], [ 609.168798782932868, 1010.118687205113019 ], [ 608.639980655266413, 1007.969999879484021 ], [ 608.70766680227689, 1007.915983179350974 ], [ 607.014489329987668, 999.901609818403585 ], [ 608.369031303707629, 990.306937486401466 ], [ 609.087081442329236, 989.757334024911074 ], [ 616.728932499419784, 989.712115971465323 ], [ 618.07658213576849, 990.419815984600973 ] ] ] } },
{ "type": "Feature", "properties": { "feature_type": "building", "subtype": "no-damage", "uid": "3bd07700-2ad5-4246-a631-a83ade833717" }, "geometry": { "type": "Polygon", "coordinates": [ [ [ 752.205288944292079, 862.097113903127479 ], [ 761.235568785288024, 861.758478408529186 ], [ 760.784054794826829, 876.206926155632004 ], [ 751.866653449694013, 877.448589635825897 ], [ 748.706055505719178, 872.481935722525691 ], [ 745.319980632646434, 864.539999881343988 ], [ 752.229980629868464, 860.779999879054685 ], [ 752.205288944292079, 862.097113903127479 ] ] ] } },
{ "type": "Feature", "properties": { "feature_type": "building", "subtype": "no-damage", "uid": "2c785159-2ae4-42cb-ab2b-255b1947ace1" }, "geometry": { "type": "Polygon", "coordinates": [ [ [ 752.543924438422778, 844.600946708377364 ], [ 752.239980628070271, 860.199999881962071 ], [ 744.969980630872897, 864.159999879124484 ], [ 739.706617517044492, 858.705526002591796 ], [ 732.228712212935761, 858.497806413367471 ], [ 732.644151398392182, 843.957434988256068 ], [ 749.947718986846326, 842.682012238986772 ], [ 752.543924438422778, 844.600946708377364 ] ] ] } },
{ "type": "Feature", "properties": { "feature_type": "building", "subtype": "no-damage", "uid": "17fc5030-d40b-40b4-807d-7c976b1a0287" }, "geometry": { "type": "Polygon", "coordinates": [ [ [ 779.356491546218763, 832.636393465843412 ], [ 790.589908296840463, 833.21886692724172 ], [ 790.506697801420614, 841.123863903361325 ], [ 789.258540383672539, 842.122389837186915 ], [ 779.606123027338867, 840.957442914390413 ], [ 779.356491546218763, 832.636393465843412 ] ] ] } },
{ "type": "Feature", "properties": { "feature_type": "building", "subtype": "no-damage", "uid": "8afa4db5-9fa1-4f5f-939c-cc8fb9fc4d6a" }, "geometry": { "type": "Polygon", "coordinates": [ [ [ 714.485587838421338, 869.565144047540571 ], [ 720.763687388939843, 867.7276514990848 ], [ 729.032403867028165, 868.340149016482655 ], [ 729.185528244742159, 872.780756012944835 ], [ 726.73553817889092, 875.383870460951357 ], [ 719.844941110040622, 877.680736152127679 ], [ 712.954344045629, 878.599482426355621 ], [ 714.485587838421338, 869.565144047540571 ] ] ] } },
{ "type": "Feature", "properties": { "feature_type": "building", "subtype": "no-damage", "uid": "e06544ec-d2b3-4a47-bde6-276e753a85bb" }, "geometry": { "type": "Polygon", "coordinates": [ [ [ 781.462959528180932, 863.2896755981551 ], [ 781.962222495560468, 866.118832410661071 ], [ 784.042484859330443, 871.194672574274705 ], [ 782.794327437611059, 872.94209295846963 ], [ 781.629380516684478, 874.523092353693528 ], [ 784.708168813111001, 877.269038671714043 ], [ 784.292116339749668, 881.679194879443912 ], [ 780.048381123330955, 883.093773285696898 ], [ 780.427547869048453, 909.234738424482089 ], [ 777.84802253626367, 916.057998972290534 ], [ 772.272919406443407, 918.30468232339831 ], [ 765.116816882101716, 913.561684137726502 ], [ 761.538765621332459, 919.053576773767531 ], [ 752.269980632020065, 911.379999882664833 ], [ 751.935789960836132, 908.570422006300078 ], [ 754.187276297822564, 905.418341129096234 ], [ 753.292563867776153, 885.399150461349677 ], [ 761.433318403119188, 885.738348566327431 ], [ 761.049980626109232, 881.579999880346691 ], [ 771.144858214328792, 881.845615868414825 ], [ 771.228068708814135, 881.179931912531174 ], [ 770.728805740967459, 877.768301638626895 ], [ 770.89522673133979, 868.448726256254304 ], [ 772.642647116467401, 862.956833620213274 ], [ 775.971066892145245, 861.292623730503806 ], [ 781.462959528180932, 863.2896755981551 ] ] ] } },
{ "type": "Feature", "properties": { "feature_type": "building", "subtype": "no-damage", "uid": "016fe6c7-2677-4f5f-bb95-525bbe82758e" }, "geometry": { "type": "Polygon", "coordinates": [ [ [ 760.53998062881135, 881.559999881606927 ], [ 760.882472683711967, 885.21496282252383 ], [ 752.768723504981836, 884.876889942042567 ], [ 753.680067039116466, 905.268201566156677 ], [ 751.416413457473823, 908.437316580646439 ], [ 751.789980630962873, 911.539999880058417 ], [ 750.47176985781266, 917.805419356485459 ], [ 737.074880247300371, 915.558736005377796 ], [ 736.119980633018372, 910.799999881834538 ], [ 736.365285107666523, 910.314336797298211 ], [ 734.413514106458706, 904.713602622960821 ], [ 731.179474458487448, 897.33335829667044 ], [ 730.719980632454622, 893.379999880612445 ], [ 734.1673685973293, 892.785470783132951 ], [ 733.12247161937853, 889.534680187344861 ], [ 734.323442968671543, 888.770425690937827 ], [ 733.959980631998519, 880.859999880862574 ], [ 760.53998062881135, 881.559999881606927 ] ] ] } },
{ "type": "Feature", "properties": { "feature_type": "building", "subtype": "no-damage", "uid": "61d0088a-33af-4c4a-9eee-db70425dd02b" }, "geometry": { "type": "Polygon", "coordinates": [ [ [ 730.691376853506995, 897.465263182597027 ], [ 733.947755774461484, 904.896486874720267 ], [ 735.779980632250044, 910.15999988104727 ], [ 720.099939377887722, 911.231790292133383 ], [ 718.518939978693993, 906.488792106461574 ], [ 717.187572071132763, 899.665531558653015 ], [ 715.959980632299789, 893.599999881700683 ], [ 730.219980634059311, 893.409999880590931 ], [ 730.691376853506995, 897.465263182597027 ] ] ] } },
{ "type": "Feature", "properties": { "feature_type": "building", "subtype": "no-damage", "uid": "736a71ba-8d06-4a22-be82-a2a3cc6f11f0" }, "geometry": { "type": "Polygon", "coordinates": [ [ [ 733.449980631897347, 880.659999882251782 ], [ 733.81066906891283, 888.50408158960704 ], [ 732.528313462959886, 889.320126064254509 ], [ 733.515229452597168, 892.390531360159912 ], [ 730.544786182079406, 892.902676752450702 ], [ 715.809980633108239, 893.099999879567122 ], [ 714.940888718859242, 890.345956176280424 ], [ 712.278152895793937, 887.017536396861715 ], [ 713.942362784100055, 882.690590683617188 ], [ 716.022625148337283, 879.944644365596787 ], [ 732.451978284696906, 879.515722022821706 ], [ 733.449980631897347, 880.659999882251782 ] ] ] } },
{ "type": "Feature", "properties": { "feature_type": "building", "subtype": "no-damage", "uid": "27ef0e0a-3d4e-4924-8ce7-f8df40217757" }, "geometry": { "type": "Polygon", "coordinates": [ [ [ 790.229268939471467, 911.281910339217688 ], [ 795.588622209922846, 911.741283478200558 ], [ 808.604194445503708, 914.803771061452039 ], [ 808.604194449708643, 916.335014856815519 ], [ 807.991696929040813, 919.397502440067115 ], [ 807.072950656215539, 922.153741270226305 ], [ 806.460453137883746, 924.144358200834859 ], [ 804.929209347193932, 930.116208992660518 ], [ 787.166781352485259, 926.594348266688485 ], [ 785.023040044164532, 921.694368131243436 ], [ 785.482413182446066, 917.406885509458448 ], [ 786.8605325956554, 913.425651648241342 ], [ 790.229268939471467, 911.281910339217688 ] ] ] } },
{ "type": "Feature", "properties": { "feature_type": "building", "subtype": "no-damage", "uid": "8d81ef6b-2fcf-435b-bdd4-c6effced25a0" }, "geometry": { "type": "Polygon", "coordinates": [ [ [ 775.469980627131008, 941.409999879834686 ], [ 775.464518806319234, 941.425675307933489 ], [ 782.819980626996426, 942.489999879060747 ], [ 781.809980625229286, 948.999999881871304 ], [ 781.654303700114951, 948.950507642365665 ], [ 780.888681803601912, 952.931741503582771 ], [ 761.441885634882738, 948.491134503382796 ], [ 761.901258771996254, 944.969273781148559 ], [ 762.97312943024474, 942.672408093709919 ], [ 763.799980628496655, 941.139999880028085 ], [ 766.815464211786434, 941.371579708088575 ], [ 767.062062611908345, 940.220787159701331 ], [ 775.469980627131008, 941.409999879834686 ] ] ] } },
{ "type": "Feature", "properties": { "feature_type": "building", "subtype": "no-damage", "uid": "31517635-35c8-4463-ad8e-cebbe205d9d4" }, "geometry": { "type": "Polygon", "coordinates": [ [ [ 782.419925594992606, 938.231801093509944 ], [ 783.139980624119175, 940.39999988180432 ], [ 782.889980624687951, 941.999999881903705 ], [ 775.949980623983379, 940.989999880135656 ], [ 776.093594402751933, 937.979290852626036 ], [ 778.889980622340886, 937.349999881498093 ], [ 782.419925594992606, 938.231801093509944 ] ] ] } },
{ "type": "Feature", "properties": { "feature_type": "building", "subtype": "no-damage", "uid": "00dcf390-27f1-4e2a-ac47-0933f1129af7" }, "geometry": { "type": "Polygon", "coordinates": [ [ [ 794.516751557514453, 940.681791163101252 ], [ 799.876104830068243, 941.447413058914208 ], [ 798.804234172754263, 951.706746468787173 ], [ 796.966741625701843, 951.553622090372073 ], [ 788.238652005594304, 949.869253920331289 ], [ 784.716791282896224, 949.869253920331289 ], [ 782.289980626987358, 949.139999880525011 ], [ 783.489980626827105, 941.439999879813172 ], [ 783.491796249503409, 941.447413058914208 ], [ 787.473030111183789, 940.988039919931339 ], [ 789.616771420672535, 938.844298610907799 ], [ 794.516751557514453, 940.681791163101252 ] ] ] } },
{ "type": "Feature", "properties": { "feature_type": "building", "subtype": "no-damage", "uid": "f5186730-a315-4f4b-b398-8e5e79571491" }, "geometry": { "type": "Polygon", "coordinates": [ [ [ 773.691835976753964, 921.081870613845581 ], [ 779.510562388523681, 922.306865648641292 ], [ 778.149980626220326, 936.999999879257075 ], [ 775.612722004166699, 937.574987145026739 ], [ 775.450388065100356, 940.902832928944918 ], [ 766.670786992473722, 939.660436551195744 ], [ 766.418122428019387, 940.839537848401733 ], [ 763.999980628508865, 940.649999879133361 ], [ 762.20750753162929, 939.456796128305541 ], [ 762.513756290561446, 927.972467679899182 ], [ 763.891875702602874, 926.747472648841267 ], [ 764.045000084989056, 921.081870613845581 ], [ 765.423119495862352, 920.469373096447725 ], [ 773.691835976753964, 921.081870613845581 ] ] ] } },
{ "type": "Feature", "properties": { "feature_type": "building", "subtype": "no-damage", "uid": "e9d00a31-6073-4ff7-860d-92b49a053400" }, "geometry": { "type": "Polygon", "coordinates": [ [ [ 842.121283319901067, 839.012289957340954 ], [ 848.555357707918915, 839.689560942799858 ], [ 848.442479208317991, 836.528963000690851 ], [ 854.989432096404016, 837.431990982548655 ], [ 855.779581582397782, 840.366831931996558 ], [ 863.229562450004778, 841.83425240858935 ], [ 861.649263479886145, 856.621335650290575 ], [ 857.58563754984948, 859.894812090599089 ], [ 852.731862137556732, 860.120569086997989 ], [ 837.831900395334515, 857.185728137550086 ], [ 837.154629411978704, 844.317579365239453 ], [ 842.121283319901067, 839.012289957340954 ] ] ] } }
]
}
