{
"type": "FeatureCollection",
"name": "palu-tsunami_00000060_post_disaster",
"features": [
{ "type": "Feature", "properties": { "feature_type": "building", "subtype": "no-damage", "uid": "67c136b9-0f02-45f3-a3fa-55b231f9d905" }, "geometry": { "type": "Polygon", "coordinates": [ [ [ 47.539953596990372, 7.197418186704733 ], [ 52.210948855124798, 17.123283129984301 ], [ 36.135555567941473, 24.31893536437828 ], [ 34.451466747205863, 23.859638412928621 ], [ 11.94591614930769, 31.820785565159358 ], [ 4.903362904884303, 9.468333947878646 ], [ 12.51300383848497, 7.162382149788881 ], [ 47.539953596990372, 7.197418186704733 ] ] ] } },
{ "type": "Feature", "properties": { "feature_type": "building", "subtype": "major-damage", "uid": "505de857-9fd9-481d-b3c7-536bd2566c24" }, "geometry": { "type": "Polygon", "coordinates": [ [ [ 85.147319483235279, 97.85110103024671 ], [ 52.979986834026107, 108.981855275138003 ], [ 43.749814881693538, 85.747284503468251 ], [ 65.074694902632686, 75.562267179976018 ], [ 76.767100901667916, 72.462030644819038 ], [ 85.147319483235279, 97.85110103024671 ] ] ] } },
{ "type": "Feature", "properties": { "feature_type": "building", "subtype": "destroyed", "uid": "e018b476-e720-43ba-8c1e-651113543a0a" }, "geometry": { "type": "Polygon", "coordinates": [ [ [ 93.934239654424161, 52.229844750639771 ], [ 96.843120345380342, 52.382943735702312 ], [ 99.598902051741277, 59.272397999971197 ], [ 98.221011197859937, 59.578595970096281 ], [ 100.517495951369597, 64.783961413629086 ], [ 102.201584771637997, 64.630862428566545 ], [ 104.498069524680403, 70.754821778736641 ], [ 102.967079693212497, 71.061019745123758 ], [ 108.6603764440204, 87.449028313152496 ], [ 96.18484223128452, 92.967053061018518 ], [ 93.425829856885017, 91.76748246300626 ], [ 89.895139994105421, 93.087010121567346 ], [ 87.080161978005023, 91.249222453575911 ], [ 84.817064642858185, 84.297919024829568 ], [ 81.399982639490489, 85.239999907311002 ], [ 77.059982640532638, 71.989999908391752 ], [ 73.575502283895474, 60.665246795894873 ], [ 69.879982641581691, 59.589999908161857 ], [ 65.987428602090503, 51.252557652613298 ], [ 69.798479195309739, 49.880579439371722 ], [ 68.839982638056838, 47.409999907284927 ], [ 81.992518927015851, 41.206717927061952 ], [ 89.800567094181886, 40.1350250391001 ], [ 93.934239654424161, 52.229844750639771 ] ] ] } },
{ "type": "Feature", "properties": { "feature_type": "building", "subtype": "major-damage", "uid": "3b1b82f9-5c0a-4fd7-b95b-f28eb6b085d8" }, "geometry": { "type": "Polygon", "coordinates": [ [ [ 68.169982638243567, 47.05999990474627 ], [ 68.167847120165035, 47.067040381571118 ], [ 68.209982640355946, 47.189999907931977 ], [ 68.366709381208167, 47.636875239881178 ], [ 68.389982640399936, 47.629999906637877 ], [ 69.146603151752643, 49.583841606054733 ], [ 65.30270456473734, 50.967645097773122 ], [ 70.699982639679448, 62.529999906311211 ], [ 71.536232272788695, 65.463529184205939 ], [ 35.834061033874342, 79.63310351483527 ], [ 27.642379729782121, 57.894507149360201 ], [ 38.740898935312252, 53.911619348355117 ], [ 36.522120781171729, 47.177578288431533 ], [ 64.998531745343911, 37.685441300527252 ], [ 68.169982638243567, 47.05999990474627 ] ] ] } },
{ "type": "Feature", "properties": { "feature_type": "building", "subtype": "destroyed", "uid": "601b3196-77da-47e6-811d-7b897d7d5cec" }, "geometry": { "type": "Polygon", "coordinates": [ [ [ 88.666113123408564, 99.123128901714537 ], [ 104.894605388178405, 91.008882764421259 ], [ 110.581645936010901, 98.320792043211597 ], [ 111.800297485746398, 103.195398225333903 ], [ 95.471785998667144, 111.462743343951701 ], [ 88.666113123408564, 99.123128901714537 ] ] ] } },
{ "type": "Feature", "properties": { "feature_type": "building", "subtype": "destroyed", "uid": "642a5e98-2ef2-4074-8550-89238bef325a" }, "geometry": { "type": "Polygon", "coordinates": [ [ [ 12.149982648151139, 187.079999905123401 ], [ 22.089982644972999, 198.659999905386286 ], [ 13.117507797605921, 203.642446812428489 ], [ 1.313614608612695, 191.494432009565998 ], [ 8.296313737171978, 186.008025547906414 ], [ 12.149982648151139, 187.079999905123401 ] ] ] } },
{ "type": "Feature", "properties": { "feature_type": "building", "subtype": "no-damage", "uid": "f9595431-b296-4162-b55f-707def2f6b55" }, "geometry": { "type": "Polygon", "coordinates": [ [ [ 21.369982647366928, 160.869999904902812 ], [ 31.137352982003978, 183.795515808460095 ], [ 36.539982647452533, 188.359999905436496 ], [ 36.369799595558348, 190.746217745258008 ], [ 22.539982646134259, 198.419999908131103 ], [ 12.39998264716092, 186.599999906875013 ], [ 1.31184532039598, 167.654770112602591 ], [ 1.31184375955925, 166.499760852371793 ], [ 10.540752747102349, 160.820432245801499 ], [ 19.019744550973279, 157.079700567567102 ], [ 21.369982647366928, 160.869999904902812 ] ] ] } },
{ "type": "Feature", "properties": { "feature_type": "building", "subtype": "no-damage", "uid": "c065fde6-fa5c-4373-bb5a-77049fd76087" }, "geometry": { "type": "Polygon", "coordinates": [ [ [ 38.523573290107748, 169.143852480559303 ], [ 41.901673571340623, 177.468456743960303 ], [ 46.869982641683023, 182.319999907229686 ], [ 46.725862331950793, 183.907308391625293 ], [ 36.789982646695933, 187.919999906730595 ], [ 31.550725463058239, 183.490161263013789 ], [ 21.79998264525258, 160.619999906827388 ], [ 32.119982646839752, 153.669999905010513 ], [ 38.523573290107748, 169.143852480559303 ] ] ] } },
{ "type": "Feature", "properties": { "feature_type": "building", "subtype": "no-damage", "uid": "92f5389f-193e-4e0e-9553-def1c5d9fdff" }, "geometry": { "type": "Polygon", "coordinates": [ [ [ 67.190876041464648, 138.990408681779002 ], [ 69.001167081654017, 156.747068388053009 ], [ 70.597716996012963, 161.2032029810685 ], [ 54.929124896702199, 167.577962621539399 ], [ 57.599982641851817, 172.819999905606608 ], [ 44.339982641648866, 179.239999905074512 ], [ 42.325752005347248, 177.183779382287895 ], [ 32.549982645192649, 153.379999907392488 ], [ 32.587399663431491, 153.357904873643292 ], [ 24.007386786592971, 128.650139813733603 ], [ 40.286746142903688, 123.413056814684793 ], [ 42.205680606557642, 129.395617210057594 ], [ 66.15296368615337, 123.163733352074004 ], [ 67.190876041464648, 138.990408681779002 ] ] ] } },
{ "type": "Feature", "properties": { "feature_type": "building", "subtype": "major-damage", "uid": "377f3be5-8311-49c0-8f87-0e46be4fe16f" }, "geometry": { "type": "Polygon", "coordinates": [ [ [ 112.770186940498704, 143.460044498965999 ], [ 77.207858302179503, 157.919452846326095 ], [ 77.149982637400711, 157.859999904750509 ], [ 72.335752209507703, 145.648980915426307 ], [ 68.629982638589595, 147.289999905085097 ], [ 67.769982643752783, 139.659999907306997 ], [ 70.962777926381193, 138.410349148133008 ], [ 70.196462637805169, 135.958140224689004 ], [ 100.409982638411805, 123.719999908313795 ], [ 104.954290534880798, 122.552521616151694 ], [ 112.770186940498704, 143.460044498965999 ] ] ] } },
{ "type": "Feature", "properties": { "feature_type": "building", "subtype": "major-damage", "uid": "a07062a9-8d38-4d12-91ef-3598b53ca93b" }, "geometry": { "type": "Polygon", "coordinates": [ [ [ 71.600636630489575, 127.982055065485696 ], [ 73.959982639775149, 133.889999905077786 ], [ 69.581830804428421, 135.667623818830407 ], [ 69.8099826386443, 136.3799999074391 ], [ 67.569982639965943, 137.249999907768796 ], [ 66.969982641688318, 128.599999904835101 ], [ 70.229982642718525, 127.399999907345006 ], [ 71.600636630489575, 127.982055065485696 ] ] ] } },
{ "type": "Feature", "properties": { "feature_type": "building", "subtype": "major-damage", "uid": "8e3cf35e-02c5-444c-ab54-59cbd6537ae4" }, "geometry": { "type": "Polygon", "coordinates": [ [ [ 97.999982636304352, 124.159999907019696 ], [ 74.429982641408543, 133.709999905267409 ], [ 71.987263687290437, 127.602331509646007 ], [ 70.105163997443142, 126.809868480472602 ], [ 70.079982638126211, 126.859999907913803 ], [ 65.602322821432551, 120.342904692860998 ], [ 75.471219817252162, 114.139598012122207 ], [ 89.057636059189306, 111.277852597162706 ], [ 97.999982636304352, 124.159999907019696 ] ] ] } },
{ "type": "Feature", "properties": { "feature_type": "building", "subtype": "destroyed", "uid": "3e607f46-1099-496c-9a02-9826748b38fb" }, "geometry": { "type": "Polygon", "coordinates": [ [ [ 106.016784160468006, 123.575678020524407 ], [ 115.937046000320706, 117.742318814250794 ], [ 122.516310666069401, 116.896413355917403 ], [ 127.967701382623602, 128.927068741728107 ], [ 122.892268644072402, 134.096490976300004 ], [ 113.3053401384133, 134.566438451490598 ], [ 110.955602756854205, 128.739089750156694 ], [ 108.4178863865273, 129.960953187894887 ], [ 106.016784160468006, 123.575678020524407 ] ] ] } },
{ "type": "Feature", "properties": { "feature_type": "building", "subtype": "destroyed", "uid": "b0718bcf-4986-494d-9cd6-a96871f731d4" }, "geometry": { "type": "Polygon", "coordinates": [ [ [ 118.918534080733906, 143.844555024481195 ], [ 127.008689951333594, 137.225336581074913 ], [ 131.605369425920088, 142.005883232777109 ], [ 131.421502246469402, 144.028422202530209 ], [ 124.618416623614195, 149.728304748215493 ], [ 118.918534080733906, 143.844555024481195 ] ] ] } },
{ "type": "Feature", "properties": { "feature_type": "building", "subtype": "destroyed", "uid": "d4f37a31-858e-408c-8e74-84e75bc2d0ee" }, "geometry": { "type": "Polygon", "coordinates": [ [ [ 165.698366008434789, 241.000746467853588 ], [ 168.793879996919998, 239.231881331575806 ], [ 181.505526697611799, 262.625781546705582 ], [ 151.688194700902386, 276.580970546690025 ], [ 139.342275470473993, 252.056153572393214 ], [ 141.553356891054193, 250.7295047192504 ], [ 141.111140608386592, 248.164650271086913 ], [ 143.85288157232651, 247.103331188572611 ], [ 144.383541113583391, 249.049082841094787 ], [ 145.629982630537711, 248.159999905580491 ], [ 157.189982626820893, 242.589999904801999 ], [ 164.725490181706704, 239.143438073453694 ], [ 165.698366008434789, 241.000746467853588 ] ] ] } },
{ "type": "Feature", "properties": { "feature_type": "building", "subtype": "destroyed", "uid": "303c0c72-30b2-460b-a49e-59e85bba4fb3" }, "geometry": { "type": "Polygon", "coordinates": [ [ [ 156.765597065655498, 241.796735779739294 ], [ 157.189982626820893, 242.589999904801999 ], [ 145.629982630537711, 248.159999905580491 ], [ 143.941324828112414, 240.646973439102908 ], [ 156.854040322375909, 238.259005503445792 ], [ 156.765597065655498, 241.796735779739294 ] ] ] } },
{ "type": "Feature", "properties": { "feature_type": "building", "subtype": "destroyed", "uid": "926d3932-895d-4f42-8422-337c451016ab" }, "geometry": { "type": "Polygon", "coordinates": [ [ [ 143.756047285843209, 298.094213722687527 ], [ 142.468977034594388, 287.062182987414872 ], [ 154.420343661743999, 279.891363009861493 ], [ 155.523546734710294, 284.12030812741682 ], [ 168.02651489670771, 278.788159937829505 ], [ 172.6231943717614, 287.981518881398017 ], [ 161.039562102111404, 294.049135786919294 ], [ 163.797569783358909, 298.829682438621489 ], [ 152.213937512073613, 304.897299344142823 ], [ 143.756047285843209, 298.094213722687527 ] ] ] } },
{ "type": "Feature", "properties": { "feature_type": "building", "subtype": "no-damage", "uid": "d03a9b97-13ae-416e-8411-8a1b6afc6a3c" }, "geometry": { "type": "Polygon", "coordinates": [ [ [ 45.558762919180111, 255.053415735606706 ], [ 51.359982641261588, 262.649999905270306 ], [ 40.884386968585872, 263.500240285431914 ], [ 37.607968195407317, 250.073748294471898 ], [ 46.229982641059387, 247.989999906590214 ], [ 45.558762919180111, 255.053415735606706 ] ] ] } },
{ "type": "Feature", "properties": { "feature_type": "building", "subtype": "no-damage", "uid": "588b46b5-eba0-4cd1-96b3-072b8ec998f7" }, "geometry": { "type": "Polygon", "coordinates": [ [ [ 60.999982641748112, 229.36999990834309 ], [ 60.918733745729391, 229.377729147537309 ], [ 63.419280245485353, 259.741940604584499 ], [ 51.359982641261588, 262.649999905270306 ], [ 45.558762919180111, 255.053415735606706 ], [ 46.229982641059387, 247.989999906590214 ], [ 47.07300710737529, 247.791883510103702 ], [ 40.076418895711441, 225.849664615175101 ], [ 44.639047613846202, 219.382977687899597 ], [ 59.081431216445758, 219.382977687899597 ], [ 60.999982641748112, 229.36999990834309 ] ] ] } },
{ "type": "Feature", "properties": { "feature_type": "building", "subtype": "no-damage", "uid": "81b4920c-b591-4fdb-b94c-084b8fe6c7bc" }, "geometry": { "type": "Polygon", "coordinates": [ [ [ 87.364854954352523, 229.059310956079003 ], [ 88.095801720221488, 239.877323085616098 ], [ 92.668258263535918, 239.64423423884719 ], [ 93.504211430414728, 253.5363243545996 ], [ 89.225642784401813, 253.878922377350193 ], [ 89.295879040689115, 256.343437476782299 ], [ 63.737104145496389, 257.905158959294795 ], [ 61.439982641622002, 229.689999908421413 ], [ 68.86998264098446, 229.269999907617802 ], [ 71.411211769575559, 230.191641120773397 ], [ 74.67982826055939, 228.850308760448598 ], [ 85.939982636160991, 227.419999905413107 ], [ 87.364854954352523, 229.059310956079003 ] ] ] } },
{ "type": "Feature", "properties": { "feature_type": "building", "subtype": "no-damage", "uid": "0972ea56-d52c-4fa1-90d7-e4934fce39d7" }, "geometry": { "type": "Polygon", "coordinates": [ [ [ 117.620263918548901, 197.324346391002507 ], [ 128.649579567227988, 195.916348646897688 ], [ 130.996242469084791, 204.129668810874506 ], [ 139.098147604174301, 203.964790580454405 ], [ 142.039982632113492, 225.709999907214211 ], [ 142.544838467728511, 228.749893639296602 ], [ 135.806614900598987, 229.370519493859689 ], [ 136.749982628134291, 238.649999906875308 ], [ 104.028953794876799, 240.454710541538503 ], [ 103.626042964871402, 236.648674187128989 ], [ 94.128219794091564, 237.152983380388008 ], [ 94.477082057157148, 239.304948200902004 ], [ 88.562124012281075, 239.362020349922204 ], [ 87.852423321649425, 228.85845009605049 ], [ 86.379982640240101, 227.159999906517612 ], [ 84.532316979520175, 213.516320425780208 ], [ 87.412035272439496, 213.267917532104207 ], [ 85.577527259538314, 197.493669828362414 ], [ 100.244922800748199, 194.730417028521089 ], [ 100.554498865910105, 189.25370207663039 ], [ 116.188697062283197, 187.121683531891989 ], [ 117.620263918548901, 197.324346391002507 ] ] ] } },
{ "type": "Feature", "properties": { "feature_type": "building", "subtype": "no-damage", "uid": "d213740c-98ae-4429-8c74-c9a53d90a641" }, "geometry": { "type": "Polygon", "coordinates": [ [ [ 104.179982636646301, 242.439999907451892 ], [ 94.609982639330795, 242.999999904785511 ], [ 94.477082057157148, 239.304948200902004 ], [ 94.128219794091564, 237.152983380388008 ], [ 103.626042964871402, 236.648674187128989 ], [ 104.028953794876799, 240.454710541538503 ], [ 104.179982636646301, 242.439999907451892 ] ] ] } },
{ "type": "Feature", "properties": { "feature_type": "building", "subtype": "no-damage", "uid": "82b9ce49-d4a2-45d9-b965-54384f08b21b" }, "geometry": { "type": "Polygon", "coordinates": [ [ [ 150.238878280803988, 234.636286564924688 ], [ 139.678895211702013, 235.340285433239188 ], [ 140.121111499509198, 238.302503952764795 ], [ 136.749982628134291, 238.649999906875308 ], [ 135.806614900598987, 229.370519493859689 ], [ 142.544838467728511, 228.749893639296602 ], [ 142.039982632113492, 225.709999907214211 ], [ 149.593154204784099, 225.068515603424487 ], [ 150.238878280803988, 234.636286564924688 ] ] ] } },
{ "type": "Feature", "properties": { "feature_type": "building", "subtype": "no-damage", "uid": "d96899c2-2c4d-4e7e-bf2a-bafbaa5430d6" }, "geometry": { "type": "Polygon", "coordinates": [ [ [ 74.441666493265828, 202.487004777331606 ], [ 75.849664235267653, 203.895002521436396 ], [ 75.849664235968518, 208.353662039451109 ], [ 81.716321491077679, 208.353662039451109 ], [ 82.65498665256797, 224.545636077966691 ], [ 73.239982639599219, 229.139999908170012 ], [ 71.428267108460773, 229.666267871164706 ], [ 68.909449970708394, 228.757842017070914 ], [ 62.94301826454241, 225.953633818333486 ], [ 64.351016006777854, 202.252338487893411 ], [ 74.441666493265828, 202.487004777331606 ] ] ] } },
{ "type": "Feature", "properties": { "feature_type": "building", "subtype": "no-damage", "uid": "3de92a7c-e005-4998-a508-66e8f8820b8f" }, "geometry": { "type": "Polygon", "coordinates": [ [ [ 1.311941880844277, 248.646183514229392 ], [ 3.460851701393156, 243.166209742702307 ], [ 15.04448397151042, 248.498357928551513 ], [ 23.870108556642201, 231.582577469544589 ], [ 33.615069035289523, 235.811522583361892 ], [ 35.453740823722363, 267.252810179262497 ], [ 28.83452238685933, 274.607497334864888 ], [ 5.667257848026535, 265.598005569345389 ], [ 3.644718875470526, 269.826950683162579 ], [ 1.311962128968729, 269.003181380003184 ], [ 1.311941880844277, 248.646183514229392 ] ] ] } },
{ "type": "Feature", "properties": { "feature_type": "building", "subtype": "no-damage", "uid": "ca99f14a-0822-4701-a213-f4aa4c8a0f79" }, "geometry": { "type": "Polygon", "coordinates": [ [ [ 209.199982620956405, 356.389999907876302 ], [ 204.056416396295191, 369.47489687476849 ], [ 206.168413009414792, 369.944229453644823 ], [ 201.475087206168496, 382.146876556759992 ], [ 200.067089462998609, 381.677543974145806 ], [ 195.139097363772692, 394.818856238751607 ], [ 189.976438979080399, 395.757521400242183 ], [ 146.563175255715208, 377.922883328183616 ], [ 154.541829130485411, 359.149580094634416 ], [ 151.491167354473788, 357.976248643705674 ], [ 151.021834773962297, 355.864252031286412 ], [ 152.859982627515109, 353.199999907913707 ], [ 152.921154898617203, 353.25739548118122 ], [ 156.707453684553286, 349.234453024013987 ], [ 161.639982626389695, 338.119999908429918 ], [ 209.199982620956405, 356.389999907876302 ] ] ] } },
{ "type": "Feature", "properties": { "feature_type": "building", "subtype": "no-damage", "uid": "bd91d3f0-5cae-4760-866f-a889f8acd783" }, "geometry": { "type": "Polygon", "coordinates": [ [ [ 227.699931947694409, 348.770030723017612 ], [ 225.411048821834896, 358.914913805196193 ], [ 211.299982621235898, 356.66999990841208 ], [ 161.83998262830761, 337.659999908083819 ], [ 162.228036936549501, 336.794955545918185 ], [ 227.699931947694409, 348.770030723017612 ] ] ] } },
{ "type": "Feature", "properties": { "feature_type": "building", "subtype": "no-damage", "uid": "09debeee-8b03-4202-b5c3-33604ea398c2" }, "geometry": { "type": "Polygon", "coordinates": [ [ [ 42.779982644071168, 374.649999906502615 ], [ 45.22998264361852, 387.259999905265317 ], [ 45.478033607977068, 395.250320048710591 ], [ 19.721011268156321, 394.950819787160412 ], [ 19.721011271660672, 396.747821345247701 ], [ 1.312052372478788, 396.747821334033802 ], [ 1.312041148752068, 374.359132493904724 ], [ 20.2619119308895, 374.802093175377081 ], [ 20.18998264544323, 373.449999905274581 ], [ 42.779982644071168, 374.649999906502615 ] ] ] } },
{ "type": "Feature", "properties": { "feature_type": "building", "subtype": "no-damage", "uid": "4833f400-7c97-4bec-9df6-a63704d3c8d5" }, "geometry": { "type": "Polygon", "coordinates": [ [ [ 43.429982647150283, 371.149999907281824 ], [ 37.729982647626493, 370.799999904743117 ], [ 37.799982644489681, 365.599999908143502 ], [ 45.719982644789553, 365.429999905415286 ], [ 43.429982647150283, 371.149999907281824 ] ] ] } },
{ "type": "Feature", "properties": { "feature_type": "building", "subtype": "no-damage", "uid": "c20ec867-e3eb-4ac6-822b-864b9a65bba3" }, "geometry": { "type": "Polygon", "coordinates": [ [ [ 65.003021811212619, 363.067729368892117 ], [ 75.549982639813237, 363.309999907232907 ], [ 72.152242755332736, 377.430064192115879 ], [ 74.159982637487786, 387.739999907251672 ], [ 45.429982642265649, 385.679999906514183 ], [ 43.057538363072453, 373.364875969595914 ], [ 47.528244887155267, 362.056451479186592 ], [ 65.003021811212619, 363.067729368892117 ] ] ] } },
{ "type": "Feature", "properties": { "feature_type": "building", "subtype": "no-damage", "uid": "5b942aa3-7f2b-410e-a36e-992240109cb0" }, "geometry": { "type": "Polygon", "coordinates": [ [ [ 15.56858612297075, 353.682127036232487 ], [ 38.435267373002247, 355.428564107926775 ], [ 37.230114541829231, 370.901620607681991 ], [ 20.03998264996223, 370.599999907030394 ], [ 1.312038439657212, 369.472679311953186 ], [ 1.31202809528829, 352.159921209341519 ], [ 15.56858612297075, 353.682127036232487 ] ] ] } },
{ "type": "Feature", "properties": { "feature_type": "building", "subtype": "no-damage", "uid": "5a977bcb-56a6-4550-a6f3-4f0b16c3678f" }, "geometry": { "type": "Polygon", "coordinates": [ [ [ 52.176527418756208, 344.295475421326898 ], [ 50.402143729634183, 356.951929251731485 ], [ 34.248104971169269, 354.591474920808082 ], [ 15.568586120634521, 353.029999905185377 ], [ 15.56858612133539, 345.468806872255584 ], [ 18.61924789407626, 338.663484452383614 ], [ 52.176527418756208, 344.295475421326898 ] ] ] } },
{ "type": "Feature", "properties": { "feature_type": "building", "subtype": "no-damage", "uid": "d1513158-156a-422a-be33-9f678b5413e5" }, "geometry": { "type": "Polygon", "coordinates": [ [ [ 97.946992439086657, 363.980394748043011 ], [ 94.596076205496942, 374.884302382911073 ], [ 96.093577504603545, 389.260314851348028 ], [ 74.90998263942322, 388.96999990720218 ], [ 72.663815950506063, 377.441225438642903 ], [ 76.059982639353791, 363.319999908052978 ], [ 97.946992439086657, 363.980394748043011 ] ] ] } },
{ "type": "Feature", "properties": { "feature_type": "building", "subtype": "no-damage", "uid": "65505e0a-58e0-4cb2-a8fe-50c2f2c25142" }, "geometry": { "type": "Polygon", "coordinates": [ [ [ 71.305151553795554, 331.648470476436216 ], [ 84.805141777159037, 331.648470476436216 ], [ 86.103849819812027, 333.603202979320827 ], [ 80.519982636238367, 362.919999905151712 ], [ 65.147479748082247, 362.570918139053674 ], [ 57.839982640975983, 358.159999907257998 ], [ 62.501844196084001, 328.338167672249426 ], [ 63.855151556063568, 328.338167672249426 ], [ 71.305151553795554, 331.648470476436216 ] ] ] } },
{ "type": "Feature", "properties": { "feature_type": "building", "subtype": "no-damage", "uid": "93fd249e-5f86-4515-86f9-be52a6bb6f49" }, "geometry": { "type": "Polygon", "coordinates": [ [ [ 83.809235297271726, 331.035591979015294 ], [ 71.411258779006204, 331.148470476547516 ], [ 64.19998264089466, 327.939999907107676 ], [ 66.491171131716911, 311.911527344295621 ], [ 85.499140651661847, 313.554191377838606 ], [ 83.809235297271726, 331.035591979015294 ] ] ] } },
{ "type": "Feature", "properties": { "feature_type": "building", "subtype": "destroyed", "uid": "baf8c0a4-067f-44c2-ab02-63115013db8e" }, "geometry": { "type": "Polygon", "coordinates": [ [ [ 115.9987777310496, 333.013178604214716 ], [ 115.998777736189297, 335.821556648482215 ], [ 110.719444749049401, 351.1856243913399 ], [ 114.536435295332097, 351.301290768953379 ], [ 114.340215802578101, 363.53495829215899 ], [ 80.857049615478701, 362.586371496421179 ], [ 86.576869152984941, 332.551556649434417 ], [ 115.9987777310496, 333.013178604214716 ] ] ] } },
{ "type": "Feature", "properties": { "feature_type": "building", "subtype": "major-damage", "uid": "3c18a217-93a0-4498-b58e-11aebbdd8d5d" }, "geometry": { "type": "Polygon", "coordinates": [ [ [ 142.698368624067314, 346.732048776243914 ], [ 146.350328933916586, 352.813590253638608 ], [ 146.093842675670913, 352.813590253638608 ], [ 146.093842677539897, 356.568250899600912 ], [ 131.208268159654097, 362.94613055761198 ], [ 114.649982632779995, 362.289999905815307 ], [ 114.868873672704296, 350.90493860012208 ], [ 111.235883350324301, 350.794847982671172 ], [ 116.105883349528497, 336.621616215123026 ], [ 142.110103356579003, 336.621616215123026 ], [ 145.519982628758697, 335.869999907061811 ], [ 142.698368624067314, 346.732048776243914 ] ] ] } },
{ "type": "Feature", "properties": { "feature_type": "building", "subtype": "no-damage", "uid": "3667eec0-bfba-4243-b196-eb5d4ce718b7" }, "geometry": { "type": "Polygon", "coordinates": [ [ [ 156.880893775641397, 346.586505472620217 ], [ 156.280077409991804, 348.959001716159491 ], [ 152.657054904730813, 352.813590253638608 ], [ 146.929075401572703, 352.813590253638608 ], [ 143.235051513700398, 346.654694947001985 ], [ 146.019982629581705, 335.929999908244611 ], [ 160.85773803037381, 337.090703889581505 ], [ 156.880893775641397, 346.586505472620217 ] ] ] } },
{ "type": "Feature", "properties": { "feature_type": "building", "subtype": "major-damage", "uid": "9b7c839d-df4d-49b3-b819-98ba41f00d1b" }, "geometry": { "type": "Polygon", "coordinates": [ [ [ 222.829719630072788, 335.917617346808527 ], [ 211.069982619427492, 345.499999908132622 ], [ 192.549982622144512, 341.969999906451392 ], [ 213.449982616738396, 326.07999990782082 ], [ 216.621791647959611, 332.355237099593296 ], [ 222.829719630072788, 335.917617346808527 ] ] ] } },
{ "type": "Feature", "properties": { "feature_type": "building", "subtype": "major-damage", "uid": "fa0e510d-e01d-435d-8853-9b87680289c4" }, "geometry": { "type": "Polygon", "coordinates": [ [ [ 219.5443915611188, 317.144314113259327 ], [ 213.519982620843905, 325.399999908121686 ], [ 191.889982622684101, 341.839999907003687 ], [ 168.217610008049604, 337.325615087175379 ], [ 168.621806554942509, 337.325615087175379 ], [ 207.576410752818305, 304.941667013882125 ], [ 210.861738821772292, 304.941667013882125 ], [ 219.5443915611188, 317.144314113259327 ] ] ] } },
{ "type": "Feature", "properties": { "feature_type": "building", "subtype": "no-damage", "uid": "82db7fa0-55e5-4544-b6b4-13d5da2bf02f" }, "geometry": { "type": "Polygon", "coordinates": [ [ [ 1.311991333740177, 301.764405295676681 ], [ 56.408231184987017, 307.265400925593212 ], [ 56.877563764096799, 311.020061571555516 ], [ 54.296234568363118, 323.222708670932775 ], [ 54.530900859670183, 334.252024319381292 ], [ 1.31201208555629, 328.52652044975838 ], [ 1.311991333740177, 301.764405295676681 ] ] ] } },
{ "type": "Feature", "properties": { "feature_type": "building", "subtype": "no-damage", "uid": "db419f1d-029c-4d33-b357-371517d5fa4d" }, "geometry": { "type": "Polygon", "coordinates": [ [ [ 64.856217635128985, 277.697448333033606 ], [ 62.978887315419122, 292.481424627444426 ], [ 63.917552475741303, 305.857403181488394 ], [ 42.949982643528649, 303.769999905984378 ], [ 37.165627007019808, 290.703850563280128 ], [ 39.973359332360062, 280.087112702207321 ], [ 39.94998264302923, 280.07999990684749 ], [ 41.154922307966167, 277.462782043595496 ], [ 64.856217635128985, 277.697448333033606 ] ] ] } },
{ "type": "Feature", "properties": { "feature_type": "building", "subtype": "no-damage", "uid": "293154f8-986d-4996-a38f-24449479f5ea" }, "geometry": { "type": "Polygon", "coordinates": [ [ [ 19.565623596492749, 278.749999906171695 ], [ 39.349982644050733, 280.479999906010789 ], [ 36.637341554733609, 290.74580651996348 ], [ 42.379982646776909, 303.709999904801577 ], [ 2.669650688031994, 299.756079629930809 ], [ 1.311982444843914, 291.282917770152096 ], [ 1.311973625100124, 281.348603280567318 ], [ 3.415739643829613, 278.548635399337115 ], [ 19.565623596492749, 278.749999906171695 ] ] ] } },
{ "type": "Feature", "properties": { "feature_type": "building", "subtype": "no-damage", "uid": "324d4eac-e624-4a12-86da-c51c63822041" }, "geometry": { "type": "Polygon", "coordinates": [ [ [ 19.56562359228753, 272.300123653528374 ], [ 19.565623595558261, 278.249999906282994 ], [ 1.311970522583766, 277.953430629315619 ], [ 1.31196422316727, 271.205470376459573 ], [ 19.56562359228753, 272.300123653528374 ] ] ] } },
{ "type": "Feature", "properties": { "feature_type": "building", "subtype": "destroyed", "uid": "81aa59d5-1cec-413f-9319-0d7b3963a0e6" }, "geometry": { "type": "Polygon", "coordinates": [ [ [ 234.753664582524891, 256.144366637863072 ], [ 256.812295875911616, 244.176385827923895 ], [ 260.566956525610692, 245.584383572028713 ], [ 274.4122676568918, 271.163009225450025 ], [ 249.53764087693159, 284.304321486317917 ], [ 234.753664582524891, 256.144366637863072 ] ] ] } },
{ "type": "Feature", "properties": { "feature_type": "building", "subtype": "destroyed", "uid": "527c57b6-e435-480b-a173-f8338eb1bb6f" }, "geometry": { "type": "Polygon", "coordinates": [ [ [ 251.884303779255589, 290.405645037875388 ], [ 259.862957651923182, 285.242986651546289 ], [ 283.329586691049712, 327.717585211797712 ], [ 274.646933945161777, 332.880243601864777 ], [ 251.884303779255589, 290.405645037875388 ] ] ] } },
{ "type": "Feature", "properties": { "feature_type": "building", "subtype": "destroyed", "uid": "e209f9ab-aca1-48e3-b9c1-03556d4f3f3c" }, "geometry": { "type": "Polygon", "coordinates": [ [ [ 287.318913626916185, 330.064248117393106 ], [ 292.743354600292207, 326.428694207005492 ], [ 290.838907982037483, 323.962924565835522 ], [ 298.817561856340376, 318.096267307454013 ], [ 300.521552848292174, 320.266043696805013 ], [ 307.734880886526696, 315.514938112420396 ], [ 314.070870729389696, 325.370922309940283 ], [ 316.652199924656088, 326.074921181992693 ], [ 327.979121547733087, 343.529684314103179 ], [ 319.702861697163428, 350.245549091309101 ], [ 322.049524602991823, 354.234876030447481 ], [ 311.489541533889621, 360.570865867705322 ], [ 307.734880891432795, 359.632200706214689 ], [ 287.318913626916185, 330.064248117393106 ] ] ] } },
{ "type": "Feature", "properties": { "feature_type": "building", "subtype": "no-damage", "uid": "83cfc4c5-dfb5-4e06-b52b-201cda67fde0" }, "geometry": { "type": "Polygon", "coordinates": [ [ [ 637.169982556737182, 529.999999908176733 ], [ 656.073322859426071, 543.652270039906057 ], [ 657.71250520962974, 543.652270039906057 ], [ 665.323077209090116, 549.334657686487276 ], [ 665.557743499229105, 554.731982365992508 ], [ 618.624485422845169, 617.857214486512134 ], [ 586.862457102496478, 595.642564175964139 ], [ 586.809982564523466, 594.479999907129354 ], [ 593.392092254125714, 580.043991310048227 ], [ 606.439833199861482, 564.239685381201639 ], [ 615.267430222149642, 547.320124416301724 ], [ 625.712305217063772, 533.760111264202465 ], [ 633.819982557437243, 527.889999907076572 ], [ 637.169982556737182, 529.999999908176733 ] ] ] } },
{ "type": "Feature", "properties": { "feature_type": "building", "subtype": "destroyed", "uid": "8322e6ce-0c68-4d57-9f2c-5030881fc819" }, "geometry": { "type": "Polygon", "coordinates": [ [ [ 661.627583144080063, 537.786639662107405 ], [ 657.71250520962974, 543.652270039906057 ], [ 656.073322859426071, 543.652270039906057 ], [ 637.169982556737182, 529.999999908176733 ], [ 642.873130898981344, 522.341796634968546 ], [ 661.443715968367314, 535.947967874141227 ], [ 661.627583144080063, 537.786639662107405 ] ] ] } },
{ "type": "Feature", "properties": { "feature_type": "building", "subtype": "no-damage", "uid": "d9b0fc01-0734-4915-b5e5-62ccae1cadd7" }, "geometry": { "type": "Polygon", "coordinates": [ [ [ 586.809982564523466, 594.479999907129354 ], [ 586.862457102496478, 595.642564175964139 ], [ 592.599982566522272, 600.07491666533258 ], [ 588.587200255389121, 606.123899966011095 ], [ 563.477907189495227, 587.819929315076251 ], [ 567.975739561705609, 580.511364414352443 ], [ 586.809982564523466, 594.479999907129354 ] ] ] } },
{ "type": "Feature", "properties": { "feature_type": "building", "subtype": "no-damage", "uid": "dce50eae-3aae-449f-923b-1020a8cd5745" }, "geometry": { "type": "Polygon", "coordinates": [ [ [ 589.735516201263977, 495.129454152885216 ], [ 633.399982556400118, 527.579999907818433 ], [ 625.360463995354507, 533.397521717531049 ], [ 614.844480595966616, 547.049851043777267 ], [ 606.0208284486921, 563.961851004367077 ], [ 592.95942998415012, 579.782699849470077 ], [ 586.809982564523466, 594.479999907129354 ], [ 567.975739561705609, 580.511364414352443 ], [ 563.243240898188219, 576.790613662889655 ], [ 571.221894770388531, 564.587966563512396 ], [ 561.365910571703239, 558.251976722516588 ], [ 557.376583635603083, 563.883967691459929 ], [ 549.397929766439916, 558.017310433078478 ], [ 552.917924120393195, 553.323984625625712 ], [ 544.459982572281092, 547.309999907388374 ], [ 548.991688880639458, 537.935712575238085 ], [ 559.368329660222685, 527.671861368944519 ], [ 568.51984656856223, 512.419333178484294 ], [ 580.33016186292059, 497.266475819239872 ], [ 584.407381817456439, 500.097878568152225 ], [ 588.42998256608746, 494.159999906885275 ], [ 589.735516201263977, 495.129454152885216 ] ] ] } },
{ "type": "Feature", "properties": { "feature_type": "building", "subtype": "no-damage", "uid": "db47c2ba-9ced-4813-b88f-b2043aceea98" }, "geometry": { "type": "Polygon", "coordinates": [ [ [ 556.455556821144455, 472.513791148192979 ], [ 557.479982570089192, 471.029999905081922 ], [ 575.579982568204059, 484.209999905736311 ], [ 588.019982564702332, 493.859999908447321 ], [ 584.276723557954256, 499.39840458164042 ], [ 580.226691657699803, 496.58588242777671 ], [ 568.106765369872733, 512.135976531859569 ], [ 558.971965607211928, 527.360642809662295 ], [ 548.57896275186431, 537.640678243941807 ], [ 544.039982571944847, 547.019999906032467 ], [ 544.000605084833524, 546.987994784629905 ], [ 536.960616375291693, 558.721309305130831 ], [ 509.739326693942019, 538.305342038038702 ], [ 507.861996369325993, 541.12133752251043 ], [ 479.232708942236513, 520.940036548594321 ], [ 481.110039266852482, 518.82803993617506 ], [ 480.79998258032191, 518.619999905626628 ], [ 488.661077905784623, 505.740593523190682 ], [ 501.076121378448079, 488.133804596329526 ], [ 511.727634615999023, 471.513678979366375 ], [ 521.969876898653069, 458.457633870817915 ], [ 529.479982570256198, 453.119999905256293 ], [ 556.455556821144455, 472.513791148192979 ] ] ] } },
{ "type": "Feature", "properties": { "feature_type": "building", "subtype": "destroyed", "uid": "940977a5-d3b3-40eb-93b7-c328989764ca" }, "geometry": { "type": "Polygon", "coordinates": [ [ [ 579.99055572028044, 478.21367369387832 ], [ 575.579982568204059, 484.209999905736311 ], [ 557.479982570089192, 471.029999905081922 ], [ 561.78770500886128, 464.791369632754595 ], [ 579.99055572028044, 478.21367369387832 ] ] ] } },
{ "type": "Feature", "properties": { "feature_type": "building", "subtype": "no-damage", "uid": "bf3bf789-0c6f-4c18-a5d5-40669c4bd7f2" }, "geometry": { "type": "Polygon", "coordinates": [ [ [ 529.059982573190609, 452.809999905998211 ], [ 521.621172766734389, 458.092054896379011 ], [ 511.319528411624617, 471.223821331179693 ], [ 500.661120316704398, 487.85470536095562 ], [ 488.24289422645802, 505.466007821137907 ], [ 480.389982577535022, 518.339999905090849 ], [ 448.726091196137986, 497.004074928716079 ], [ 447.318093452267192, 499.585404120011674 ], [ 429.014122802505483, 486.678758148581892 ], [ 430.656786835347077, 484.332095246724521 ], [ 430.279982587134612, 484.049999907566075 ], [ 437.972694443777073, 470.758080187859321 ], [ 452.955697449414799, 452.893730445511096 ], [ 462.2887006084473, 436.648615662040527 ], [ 479.019982579653288, 416.819999907356703 ], [ 529.059982573190609, 452.809999905998211 ] ] ] } },
{ "type": "Feature", "properties": { "feature_type": "building", "subtype": "no-damage", "uid": "3d48adaf-3f75-437f-bf59-676958c0560b" }, "geometry": { "type": "Polygon", "coordinates": [ [ [ 478.609982581538873, 416.52999990600091 ], [ 461.877556628914704, 436.360548476043789 ], [ 452.544182958874899, 452.606308171740011 ], [ 437.561718836031673, 470.470015397902387 ], [ 429.869982588552887, 483.759999906210226 ], [ 400.150169092285694, 462.038797656651298 ], [ 405.429794539718728, 454.293465411057525 ], [ 405.229982590008092, 454.149999907494077 ], [ 441.243716337653609, 402.655088434534605 ], [ 454.439982586262886, 399.149999904786284 ], [ 478.609982581538873, 416.52999990600091 ] ] ] } },
{ "type": "Feature", "properties": { "feature_type": "building", "subtype": "no-damage", "uid": "eb31b363-0027-449b-9852-ddc62db347f1" }, "geometry": { "type": "Polygon", "coordinates": [ [ [ 435.732254217184675, 386.037059400938688 ], [ 437.209982583805015, 384.039999906580192 ], [ 450.322827991083727, 393.622638589974599 ], [ 449.729982582892603, 399.879999904848091 ], [ 440.938700750997214, 402.218804596280222 ], [ 404.819982591426481, 453.859999906138228 ], [ 394.581630985535298, 446.571043895619084 ], [ 393.478427908831122, 448.225848505536192 ], [ 386.675342291349182, 443.445301853833882 ], [ 378.401319242700595, 455.212801305040614 ], [ 344.681733555896415, 429.919655705294872 ], [ 356.649714362795123, 413.72768166677929 ], [ 350.548390815444293, 408.799689569888415 ], [ 352.425721136789605, 406.45302666429302 ], [ 347.732395327936388, 402.698366018330717 ], [ 357.82304581442429, 390.730385208391624 ], [ 366.505698557742392, 397.066375049387318 ], [ 369.087027755111421, 396.597042466773075 ], [ 382.463006302610211, 406.922359246907206 ], [ 404.990970179779083, 376.181075203418914 ], [ 411.796292600583797, 375.477076331366504 ], [ 419.070947602133572, 374.773077459313981 ], [ 435.732254217184675, 386.037059400938688 ] ] ] } },
{ "type": "Feature", "properties": { "feature_type": "building", "subtype": "destroyed", "uid": "03798f86-4f38-463a-9710-98b624d9d1fe" }, "geometry": { "type": "Polygon", "coordinates": [ [ [ 456.852220354921712, 391.90371665932031 ], [ 457.060158761238597, 393.858288306076588 ], [ 453.673803821723084, 398.599185221119228 ], [ 449.729982582892603, 399.879999904848091 ], [ 450.322827991083727, 393.622638589974599 ], [ 437.209982583805015, 384.039999906580192 ], [ 440.42558002463619, 379.701069559942994 ], [ 456.852220354921712, 391.90371665932031 ] ] ] } },
{ "type": "Feature", "properties": { "feature_type": "building", "subtype": "destroyed", "uid": "d4d60337-9a9b-4614-8512-11b5ee2cdec0" }, "geometry": { "type": "Polygon", "coordinates": [ [ [ 1023.999982500454962, 660.945371899855786 ], [ 1017.429982498499044, 654.329999907635965 ], [ 1023.999982499286034, 635.629999906565899 ], [ 1023.999982500454962, 660.945371899855786 ] ] ] } },
{ "type": "Feature", "properties": { "feature_type": "building", "subtype": "destroyed", "uid": "f653314e-a619-4549-9718-2349e872a558" }, "geometry": { "type": "Polygon", "coordinates": [ [ [ 1013.938917651303996, 639.469133221429729 ], [ 1021.97998250112903, 640.959999906351186 ], [ 1016.959982502939965, 654.15999990490775 ], [ 1008.800753767822016, 653.191737694286189 ], [ 1005.199135124819009, 649.590119051748729 ], [ 1003.579982504810005, 649.279999908386458 ], [ 1008.339982502468956, 635.769999906833732 ], [ 1013.938917651303996, 639.469133221429729 ] ] ] } },
{ "type": "Feature", "properties": { "feature_type": "building", "subtype": "destroyed", "uid": "b74f29c1-1c80-4f12-9c2b-dc236b8f9d54" }, "geometry": { "type": "Polygon", "coordinates": [ [ [ 1023.999982497183964, 611.986292774541425 ], [ 1023.999982499286034, 635.629999906565899 ], [ 1021.97998250112903, 640.959999906351186 ], [ 1013.938917651303996, 639.469133221429729 ], [ 1008.339982502468956, 635.769999906833732 ], [ 1016.779982503363044, 611.789999906340995 ], [ 1016.916124785730972, 611.837808038704452 ], [ 1017.385457366242008, 609.960477711985391 ], [ 1023.999982497183964, 611.986292774541425 ] ] ] } },
{ "type": "Feature", "properties": { "feature_type": "building", "subtype": "destroyed", "uid": "fb90ac94-3ce3-45b8-bec6-b9018f2a5f80" }, "geometry": { "type": "Polygon", "coordinates": [ [ [ 1003.87015517965699, 622.956807054705109 ], [ 1011.619982502803055, 624.929999907452725 ], [ 1003.079982504688019, 649.189999908481241 ], [ 995.402732405569054, 647.717277355984493 ], [ 991.00998250208886, 644.009999906046005 ], [ 999.279982503992869, 619.799999905380105 ], [ 1003.87015517965699, 622.956807054705109 ] ] ] } },
{ "type": "Feature", "properties": { "feature_type": "building", "subtype": "destroyed", "uid": "1b9d0a57-4cc8-4d99-8b0f-8f220c66ce88" }, "geometry": { "type": "Polygon", "coordinates": [ [ [ 1004.244145101406957, 607.848481099566129 ], [ 1016.299982498572945, 611.639999905252921 ], [ 1011.619982502803055, 624.929999907452725 ], [ 1003.87015517965699, 622.956807054705109 ], [ 999.279982503992869, 619.799999905380105 ], [ 1003.569982505625035, 607.269999905702434 ], [ 1004.244145101406957, 607.848481099566129 ] ] ] } },
{ "type": "Feature", "properties": { "feature_type": "building", "subtype": "destroyed", "uid": "16498312-55a0-40f3-bf41-20ebdc08c89d" }, "geometry": { "type": "Polygon", "coordinates": [ [ [ 989.689982504569798, 609.919999906233897 ], [ 989.656653379171871, 609.96589003308145 ], [ 994.303926547025412, 613.160890336229841 ], [ 1000.499982505692969, 614.709999906587996 ], [ 993.699982504498394, 634.589999907245897 ], [ 984.741941215736574, 634.031126500885421 ], [ 980.21998250494255, 630.969999905659506 ], [ 987.670057917417921, 609.104296394272069 ], [ 989.689982504569798, 609.919999906233897 ] ] ] } },
{ "type": "Feature", "properties": { "feature_type": "building", "subtype": "destroyed", "uid": "ad037794-f4eb-48c2-af40-bac596d6317d" }, "geometry": { "type": "Polygon", "coordinates": [ [ [ 1000.156869017837948, 604.35378885542616 ], [ 1003.159982500034971, 606.919999906901808 ], [ 1000.499982505692969, 614.709999906587996 ], [ 994.303926547025412, 613.160890336229841 ], [ 989.656653379171871, 609.96589003308145 ], [ 993.241761216963368, 601.90468817865019 ], [ 1000.156869017837948, 604.35378885542616 ] ] ] } },
{ "type": "Feature", "properties": { "feature_type": "building", "subtype": "destroyed", "uid": "f57bf5b2-0017-426e-846a-2408b2054364" }, "geometry": { "type": "Polygon", "coordinates": [ [ [ 980.564063589852253, 602.192817669156057 ], [ 988.775754096835271, 602.913141399158803 ], [ 987.1699825058231, 608.529999908113382 ], [ 986.953093490267747, 608.454981694303115 ], [ 978.19998250374806, 635.609999904925644 ], [ 970.191401891927285, 634.751450227150144 ], [ 964.572876800431118, 629.276989885110424 ], [ 977.106509688129904, 601.040299703394567 ], [ 980.564063589852253, 602.192817669156057 ] ] ] } },
{ "type": "Feature", "properties": { "feature_type": "building", "subtype": "destroyed", "uid": "a5bdf85a-d9a6-459d-a3a5-47cf0cb507fc" }, "geometry": { "type": "Polygon", "coordinates": [ [ [ 964.896030688043084, 519.56165969440292 ], [ 969.824022790773256, 524.020319212417576 ], [ 979.445340693478897, 526.60164840745108 ], [ 983.434667630513559, 528.244312440994122 ], [ 993.994650694943175, 531.529640508079979 ], [ 997.749311344175112, 534.345635992551706 ], [ 997.749311340437202, 535.753633732918615 ], [ 1005.962631506982007, 539.038961800004472 ], [ 1001.738638275836024, 552.649606643486663 ], [ 998.922642796972468, 552.41494035404844 ], [ 996.316649169740685, 551.189999907870288 ], [ 996.096649172256775, 551.059999908422469 ], [ 996.086649170969395, 551.059999908422469 ], [ 995.167982148675037, 553.118939222362883 ], [ 997.514645054737116, 554.057604383853459 ], [ 987.189328278110111, 578.22823229690789 ], [ 996.341313600070748, 582.452225525484323 ], [ 990.239990048514755, 598.644199560261995 ], [ 974.752014883924858, 593.012208591318654 ], [ 973.109350853185788, 597.2362018198952 ], [ 958.909982511299859, 592.279999906123976 ], [ 956.480860090515534, 583.738899195477529 ], [ 959.327118495616446, 576.678938306249051 ], [ 960.445999960012159, 577.378239220941737 ], [ 962.582832643637744, 573.762060831721101 ], [ 959.375732786951744, 572.074113534744129 ], [ 953.587307390501792, 584.398551958410508 ], [ 956.530604472733216, 584.016970727915009 ], [ 958.799982511623398, 592.016666574867713 ], [ 956.448044237901058, 597.47086810933331 ], [ 942.133400521903354, 597.00153553045709 ], [ 935.716649181099001, 589.953333241769428 ], [ 941.263315842735324, 578.456666572952372 ], [ 944.813854395236376, 581.947060598406438 ], [ 945.088240031708665, 579.340397047246483 ], [ 949.570793922409166, 568.536292795801955 ], [ 946.527443661901657, 567.213097032151268 ], [ 935.649982512858628, 590.089999905938612 ], [ 935.093411814931301, 589.492214234794574 ], [ 928.992088263375308, 591.604210850951858 ], [ 924.533428747230914, 585.972219878270494 ], [ 918.90143777898993, 576.116235684488629 ], [ 928.879982515526422, 549.579999906658713 ], [ 929.815409700309374, 546.835256218518794 ], [ 934.0979524195659, 534.407457189526326 ], [ 936.032076977122415, 528.948311313046474 ], [ 937.439982512011056, 529.599999905275467 ], [ 938.876649177899594, 529.919999905353734 ], [ 948.008220459001564, 534.939677629190783 ], [ 958.250133140877551, 539.178789591924669 ], [ 959.972710606290093, 535.028943883977377 ], [ 953.962032782209803, 533.363334364619845 ], [ 949.012885309391891, 530.873883571199372 ], [ 947.727398073894278, 534.770672816522733 ], [ 939.159982511964131, 530.059999905621567 ], [ 939.786737623083695, 527.774979858379766 ], [ 934.858745523624179, 525.193650667084285 ], [ 940.256070204763319, 510.175008079497275 ], [ 964.896030688043084, 519.56165969440292 ] ] ] } },
{ "type": "Feature", "properties": { "feature_type": "building", "subtype": "destroyed", "uid": "c5589da2-7c9c-4f4a-a67c-b26652e413a8" }, "geometry": { "type": "Polygon", "coordinates": [ [ [ 974.842090859970085, 546.167885568611155 ], [ 976.766676408818626, 541.356421698474151 ], [ 982.598588322748924, 545.842507790031618 ], [ 989.067048163837967, 546.992456206890097 ], [ 994.606649168271588, 550.202002942067111 ], [ 989.331314647910176, 547.156306528785308 ], [ 987.081734061431348, 551.113950836275535 ], [ 979.510478643275178, 549.480934959507977 ], [ 974.842090859970085, 546.167885568611155 ] ] ] } },
{ "type": "Feature", "properties": { "feature_type": "building", "subtype": "destroyed", "uid": "8bc83e0c-4ee5-471f-999e-2f761a00b715" }, "geometry": { "type": "Polygon", "coordinates": [ [ [ 934.0979524195659, 534.407457189526326 ], [ 929.815409700309374, 546.835256218518794 ], [ 919.136104069128919, 542.793622445966776 ], [ 923.594763586908698, 530.12164276397516 ], [ 934.0979524195659, 534.407457189526326 ] ] ] } },
{ "type": "Feature", "properties": { "feature_type": "building", "subtype": "destroyed", "uid": "eceee1a1-06bd-45ac-b57e-252a99eb763c" }, "geometry": { "type": "Polygon", "coordinates": [ [ [ 750.788530879249379, 488.242099081087588 ], [ 737.822703756959982, 507.258645532973389 ], [ 729.611013245070922, 504.80954485245951 ], [ 726.441588833153446, 498.61476078415518 ], [ 734.077020364731766, 486.945516370073221 ], [ 735.517667820531528, 487.665840100075911 ], [ 739.119286469609506, 481.038861792274702 ], [ 750.788530879249379, 488.242099081087588 ] ] ] } },
{ "type": "Feature", "properties": { "feature_type": "building", "subtype": "destroyed", "uid": "c346a5cb-610e-4dcb-bb03-fa52a5234c37" }, "geometry": { "type": "Polygon", "coordinates": [ [ [ 722.707604715185767, 498.095177611305814 ], [ 716.959215507683211, 496.851278764201879 ], [ 704.316823728477175, 489.514176394704691 ], [ 711.653926103112099, 477.210420107624486 ], [ 706.010001201271962, 478.113448091620114 ], [ 703.413795745416223, 469.083168251663778 ], [ 708.154692661859258, 467.841504771333575 ], [ 708.719085151856348, 466.26120579840682 ], [ 715.040281040758487, 464.342271332883286 ], [ 716.846337008749288, 470.324831728256072 ], [ 717.975121992014238, 467.841504771333575 ], [ 734.559847007227745, 477.325533971930383 ], [ 722.707604715185767, 498.095177611305814 ] ] ] } },
{ "type": "Feature", "properties": { "feature_type": "building", "subtype": "destroyed", "uid": "d7ce516a-f485-479d-ae8d-b232538d2cdb" }, "geometry": { "type": "Polygon", "coordinates": [ [ [ 649.048222494167248, 446.511141317187878 ], [ 649.912610964750115, 445.214558606173512 ], [ 653.65829435838009, 447.951788777193315 ], [ 644.582215373571898, 463.222651833812677 ], [ 639.247939843888389, 461.965871555594276 ], [ 635.119982558222091, 457.159999907646409 ], [ 644.819982557555136, 443.739999905998786 ], [ 649.048222494167248, 446.511141317187878 ] ] ] } },
{ "type": "Feature", "properties": { "feature_type": "building", "subtype": "destroyed", "uid": "0df1beab-f92c-4466-88e6-8c0a477c46de" }, "geometry": { "type": "Polygon", "coordinates": [ [ [ 644.399982553013729, 443.459999905463121 ], [ 634.769982555917181, 456.799999908025484 ], [ 629.160021152723402, 454.669965968241684 ], [ 627.149982559895761, 449.699999905120592 ], [ 635.569982555879051, 437.819999906419582 ], [ 635.650201130044934, 437.723191819378712 ], [ 644.399982553013729, 443.459999905463121 ] ] ] } },
{ "type": "Feature", "properties": { "feature_type": "building", "subtype": "destroyed", "uid": "262ee9b9-4138-48fa-8d2b-1aa6b3b8d9ca" }, "geometry": { "type": "Polygon", "coordinates": [ [ [ 634.57998255855739, 438.349999905030813 ], [ 626.74998256026538, 449.409999907502709 ], [ 620.433634563666487, 448.830646641146586 ], [ 616.827168509389708, 444.972813955569222 ], [ 625.229982557324092, 432.029999906288197 ], [ 634.57998255855739, 438.349999905030813 ] ] ] } },
{ "type": "Feature", "properties": { "feature_type": "building", "subtype": "destroyed", "uid": "15f495c8-5310-4e86-9c7e-d3bbb1eed274" }, "geometry": { "type": "Polygon", "coordinates": [ [ [ 624.819982559676873, 431.749999905752475 ], [ 616.059982561975289, 445.109999906217183 ], [ 615.769266206646989, 445.070493857182612 ], [ 609.286352647838612, 442.333263686162809 ], [ 607.845705190870717, 435.706285378361599 ], [ 614.904877735129617, 425.04549418852622 ], [ 624.819982559676873, 431.749999905752475 ] ] ] } },
{ "type": "Feature", "properties": { "feature_type": "building", "subtype": "destroyed", "uid": "78228120-af2c-44a0-ba8f-aab31ec3ae54" }, "geometry": { "type": "Polygon", "coordinates": [ [ [ 579.521040548504516, 398.406693552222123 ], [ 568.120312249628341, 412.742262802358027 ], [ 562.25063035365838, 408.565758374976497 ], [ 562.250630350854863, 407.079999908478385 ], [ 571.799982567747634, 393.809999907918893 ], [ 573.086966164172736, 393.440039638377186 ], [ 579.521040548504516, 398.406693552222123 ] ] ] } },
{ "type": "Feature", "properties": { "feature_type": "building", "subtype": "destroyed", "uid": "56e117b3-82e1-49c7-9c11-48467e012cff" }, "geometry": { "type": "Polygon", "coordinates": [ [ [ 571.280910192677652, 392.085497664252728 ], [ 571.449982564508218, 393.439999907478011 ], [ 561.945838155188312, 406.646823909453019 ], [ 559.428667902738312, 406.646823909453019 ], [ 553.784742999496416, 403.711982958663725 ], [ 550.398388063718926, 398.858207546088977 ], [ 560.889982570338361, 384.62999990637411 ], [ 562.407089741237655, 384.861273788549681 ], [ 571.280910192677652, 392.085497664252728 ] ] ] } },
{ "type": "Feature", "properties": { "feature_type": "building", "subtype": "destroyed", "uid": "341e30c4-e010-4bf5-b1d0-d1082b51d082" }, "geometry": { "type": "Polygon", "coordinates": [ [ [ 560.620353103590674, 383.484614801403382 ], [ 560.575686079804427, 384.347185856218516 ], [ 553.235686080580876, 394.397185858092882 ], [ 545.605686081870317, 388.267185856242975 ], [ 550.505686081432259, 382.10718585567048 ], [ 552.902878330179988, 380.340782016640674 ], [ 554.558128056109354, 378.572377596566128 ], [ 560.620353103590674, 383.484614801403382 ] ] ] } },
{ "type": "Feature", "properties": { "feature_type": "building", "subtype": "destroyed", "uid": "22387654-d86f-4514-9336-35ebf94c26d1" }, "geometry": { "type": "Polygon", "coordinates": [ [ [ 551.693937305508257, 379.16509033947591 ], [ 542.136830091760316, 392.398420020855383 ], [ 537.923171271814567, 390.329452660094603 ], [ 536.342872296318319, 386.040069735180907 ], [ 544.13427905611718, 374.492889367789587 ], [ 551.693937305508257, 379.16509033947591 ] ] ] } },
{ "type": "Feature", "properties": { "feature_type": "building", "subtype": "destroyed", "uid": "ed2c7698-a983-40f4-bdb8-8f090f27763c" }, "geometry": { "type": "Polygon", "coordinates": [ [ [ 551.692715704410716, 373.558773470889889 ], [ 549.577952477230724, 376.514572719600892 ], [ 544.827952478055863, 373.49457271862849 ], [ 546.897952476809451, 370.514572720936599 ], [ 551.692715704410716, 373.558773470889889 ] ] ] } },
{ "type": "Feature", "properties": { "feature_type": "building", "subtype": "destroyed", "uid": "aab260f7-39dc-462c-86fb-ed31eac8b14f" }, "geometry": { "type": "Polygon", "coordinates": [ [ [ 544.099982568455175, 373.419999906552221 ], [ 535.529982573486677, 385.789999908059599 ], [ 531.434800394909871, 385.312787782416478 ], [ 530.844800398153211, 381.625122437338177 ], [ 539.319982573127731, 370.339999908134928 ], [ 544.099982568455175, 373.419999906552221 ] ] ] } },
{ "type": "Feature", "properties": { "feature_type": "building", "subtype": "destroyed", "uid": "83bbe9ac-82ab-4f91-ac16-7f98427ebfd5" }, "geometry": { "type": "Polygon", "coordinates": [ [ [ 534.272261720710162, 365.596539327756489 ], [ 535.242428204241037, 364.487777630423295 ], [ 540.169982570415186, 368.389999905204888 ], [ 530.609982573218986, 381.099999908430789 ], [ 524.774969013644863, 379.555984382108079 ], [ 522.285752207429709, 375.58632666029672 ], [ 531.846845512934124, 363.634960031041089 ], [ 534.272261720710162, 365.596539327756489 ] ] ] } },
{ "type": "Feature", "properties": { "feature_type": "building", "subtype": "destroyed", "uid": "f94c779f-85c6-46d6-b838-682b1b0a1ac2" }, "geometry": { "type": "Polygon", "coordinates": [ [ [ 585.701953334857421, 405.179221252802677 ], [ 597.464906494091679, 411.989352027285179 ], [ 597.98998256468542, 412.329999905440673 ], [ 597.017699675090739, 413.665279514271788 ], [ 602.939982563208218, 418.489999906013111 ], [ 592.455662823861303, 431.713338258666397 ], [ 584.835354002707618, 425.766356948973225 ], [ 588.786101429883843, 420.122432046196991 ], [ 587.657316448955157, 419.558039558535995 ], [ 584.496718504737714, 423.960300980982026 ], [ 575.917952659351499, 418.316376078205792 ], [ 573.660382698428521, 413.236843666828577 ], [ 576.595223644778116, 409.624731730846122 ], [ 574.911876004687315, 406.771199876573974 ], [ 581.279790496033115, 398.811306761455114 ], [ 585.701953334857421, 405.179221252802677 ] ] ] } },
{ "type": "Feature", "properties": { "feature_type": "building", "subtype": "destroyed", "uid": "18f3feb2-1e18-43d9-be52-31b846d561f3" }, "geometry": { "type": "Polygon", "coordinates": [ [ [ 611.010280150816243, 414.604604790317978 ], [ 606.737569889487759, 421.013953066156205 ], [ 602.939982563208218, 418.489999906013111 ], [ 597.017699675090739, 413.665279514271788 ], [ 597.98998256468542, 412.329999905440673 ], [ 602.033766497416536, 407.670141633462322 ], [ 611.010280150816243, 414.604604790317978 ] ] ] } },
{ "type": "Feature", "properties": { "feature_type": "building", "subtype": "destroyed", "uid": "61f93f57-55dc-4978-a347-fd274d5a66c2" }, "geometry": { "type": "Polygon", "coordinates": [ [ [ 512.046665610040122, 364.00903040211432 ], [ 503.129264266216808, 362.315852931655172 ], [ 501.548965295159292, 355.881778542415589 ], [ 507.870161179155389, 346.964377199991475 ], [ 510.692123633579797, 351.140881627373119 ], [ 518.480739996708053, 354.865872060887796 ], [ 512.046665610040122, 364.00903040211432 ] ] ] } },
{ "type": "Feature", "properties": { "feature_type": "building", "subtype": "destroyed", "uid": "3c67fc18-424a-455a-b872-56c21230ceb9" }, "geometry": { "type": "Polygon", "coordinates": [ [ [ 497.146703872013688, 354.978750558420018 ], [ 487.664910035623393, 351.366638622437392 ], [ 483.601284108578682, 345.496956724596885 ], [ 490.825507979140014, 335.225013404310289 ], [ 495.340647903322122, 339.62727482675632 ], [ 502.113357783287427, 343.35226526400902 ], [ 499.065638338003907, 347.528769687652527 ], [ 501.436086794589983, 348.996190163047174 ], [ 497.146703872013688, 354.978750558420018 ] ] ] } },
{ "type": "Feature", "properties": { "feature_type": "building", "subtype": "destroyed", "uid": "ae6b68c5-26c4-4517-b7e6-903b7c26ce35" }, "geometry": { "type": "Polygon", "coordinates": [ [ [ 477.618723711572216, 324.953070084023807 ], [ 481.117957149554286, 329.46821000400189 ], [ 489.470966005483092, 334.209106922782496 ], [ 481.56947114272009, 346.399984708592513 ], [ 473.78085478075991, 342.449237276275426 ], [ 469.259982579604696, 335.289999908088078 ], [ 476.879982580298474, 324.219999904795998 ], [ 477.618723711572216, 324.953070084023807 ] ] ] } },
{ "type": "Feature", "properties": { "feature_type": "building", "subtype": "destroyed", "uid": "7546bf02-cee2-44f1-8a1d-fa6e3b70245c" }, "geometry": { "type": "Polygon", "coordinates": [ [ [ 477.799982582392317, 322.009999906708401 ], [ 468.829982582653486, 335.039999906274716 ], [ 462.267247986687778, 333.531835933851312 ], [ 459.558164032599109, 327.210640042143893 ], [ 466.443752410563775, 315.809911742797283 ], [ 467.91117288292088, 317.841724705852982 ], [ 469.604350352445124, 315.358397748930486 ], [ 477.799982582392317, 322.009999906708401 ] ] ] } },
{ "type": "Feature", "properties": { "feature_type": "building", "subtype": "major-damage", "uid": "a1c76099-f635-4448-a8e5-8471e222e62b" }, "geometry": { "type": "Polygon", "coordinates": [ [ [ 1023.999982499286034, 790.719999905606642 ], [ 1023.999982499052976, 807.203076949850811 ], [ 1015.314474965962972, 817.228467440607233 ], [ 1015.613975226345019, 823.218472634231716 ], [ 1006.928467695591962, 824.715973934506906 ], [ 1002.435963796636997, 819.324969256506847 ], [ 978.775443280658578, 811.537962504794905 ], [ 979.939982504874138, 802.219999906784437 ], [ 1005.973183740061017, 812.895865505911047 ], [ 1008.499982500639021, 788.479999905058662 ], [ 1009.398407244668988, 786.950936313390343 ], [ 1023.999982499286034, 790.719999905606642 ] ] ] } },
{ "type": "Feature", "properties": { "feature_type": "building", "subtype": "major-damage", "uid": "283f00f2-9ef5-4250-89d9-0fba1f7d592b" }, "geometry": { "type": "Polygon", "coordinates": [ [ [ 994.20150824109794, 780.755613980925773 ], [ 993.976835538588148, 784.462713581917569 ], [ 1008.274292638608017, 788.861931151730914 ], [ 1005.973183740061017, 812.895865505911047 ], [ 979.939982504874138, 802.219999906784437 ], [ 983.779982508148578, 776.469999906909948 ], [ 994.20150824109794, 780.755613980925773 ] ] ] } },
{ "type": "Feature", "properties": { "feature_type": "building", "subtype": "major-damage", "uid": "68bda434-458e-4f92-8770-a2fdc2a89a9f" }, "geometry": { "type": "Polygon", "coordinates": [ [ [ 983.779982508148578, 776.469999906909948 ], [ 979.939982504874138, 802.219999906784437 ], [ 956.013423540219037, 788.775942761545707 ], [ 964.399430813627419, 769.607926134471086 ], [ 966.92506575163452, 769.537892726216796 ], [ 983.779982508148578, 776.469999906909948 ] ] ] } },
{ "type": "Feature", "properties": { "feature_type": "building", "subtype": "major-damage", "uid": "ad0e4c52-4296-4e79-ae94-e0f0362a9d4b" }, "geometry": { "type": "Polygon", "coordinates": [ [ [ 997.260490281698253, 773.743141732159529 ], [ 1000.758688467442994, 770.132098444853455 ], [ 1012.989545189789965, 774.442019385123558 ], [ 1012.029982500450046, 777.519999907049964 ], [ 1023.999982497183964, 780.319999904931478 ], [ 1023.999982499286034, 790.719999905606642 ], [ 1009.398407244668988, 786.950936313390343 ], [ 1008.274292638608017, 788.861931151730914 ], [ 993.976835538588148, 784.462713581917569 ], [ 994.20150824109794, 780.755613980925773 ], [ 966.92506575163452, 769.537892726216796 ], [ 970.629982506687611, 764.109999906222583 ], [ 997.260490281698253, 773.743141732159529 ] ] ] } },
{ "type": "Feature", "properties": { "feature_type": "building", "subtype": "major-damage", "uid": "cafd67a1-aa17-4d10-b390-c7e208b0dc09" }, "geometry": { "type": "Polygon", "coordinates": [ [ [ 1023.999982497183964, 780.319999904931478 ], [ 1012.029982500450046, 777.519999907049964 ], [ 1017.42150194782198, 774.257261523221928 ], [ 1023.999982501856039, 755.199999908131417 ], [ 1023.999982497183964, 780.319999904931478 ] ] ] } },
{ "type": "Feature", "properties": { "feature_type": "building", "subtype": "major-damage", "uid": "63daab58-c8d8-4611-af56-ef5e5e98a658" }, "geometry": { "type": "Polygon", "coordinates": [ [ [ 1023.99998249858595, 748.769999907843385 ], [ 1023.999982501856039, 755.199999908131417 ], [ 1023.848672117474052, 755.151837857148848 ], [ 1017.42150194782198, 774.257261523221928 ], [ 1012.029982500450046, 777.519999907049964 ], [ 1012.989545189789965, 774.442019385123558 ], [ 1000.758688467442994, 770.132098444853455 ], [ 997.260490281698253, 773.743141732159529 ], [ 985.249982504886702, 769.399999906465382 ], [ 992.69602213277858, 755.29404371290525 ], [ 991.900918489322407, 753.47666395643364 ], [ 997.930306234774434, 740.068129397434973 ], [ 997.949982506588185, 739.999999906282028 ], [ 1023.99998249858595, 748.769999907843385 ] ] ] } },
{ "type": "Feature", "properties": { "feature_type": "building", "subtype": "major-damage", "uid": "0ec0abe2-456c-45a7-9484-4b0a8b639ca7" }, "geometry": { "type": "Polygon", "coordinates": [ [ [ 1023.99998249858595, 748.769999907843385 ], [ 997.949982506588185, 739.999999906282028 ], [ 1000.339461978167947, 733.068894442147439 ], [ 1010.222970549982051, 735.165396258047053 ], [ 1013.217973146793952, 727.67788976414738 ], [ 1020.705479645597052, 722.286885089885232 ], [ 1023.999982501856039, 721.659239478073459 ], [ 1023.99998249858595, 748.769999907843385 ] ] ] } },
{ "type": "Feature", "properties": { "feature_type": "building", "subtype": "major-damage", "uid": "e8733ba4-35e4-4b8f-989c-7044ff8909e8" }, "geometry": { "type": "Polygon", "coordinates": [ [ [ 997.930306234774434, 740.068129397434973 ], [ 991.900918489322407, 753.47666395643364 ], [ 992.69602213277858, 755.29404371290525 ], [ 985.249982504886702, 769.399999906465382 ], [ 970.629982506687611, 764.109999906222583 ], [ 969.582787313098606, 763.06097324769928 ], [ 980.008052349682771, 749.875517015997616 ], [ 985.703084485773047, 735.204531492831393 ], [ 997.930306234774434, 740.068129397434973 ] ] ] } },
{ "type": "Feature", "properties": { "feature_type": "building", "subtype": "destroyed", "uid": "9d3c3cf5-eefa-4880-8851-b32b8f219178" }, "geometry": { "type": "Polygon", "coordinates": [ [ [ 949.27927767318306, 1011.793070613224018 ], [ 951.117949463017567, 995.428891692102184 ], [ 958.104902257613958, 998.186899374051336 ], [ 963.804784804465726, 998.003032196002323 ], [ 962.701581729163308, 1007.380258321358042 ], [ 965.091855055481005, 1007.564125499407055 ], [ 964.356386337678146, 1012.896273688994029 ], [ 961.78224583891847, 1012.896273688994029 ], [ 961.414511475344625, 1014.367211120861953 ], [ 955.163027395280324, 1014.551078298910966 ], [ 949.27927767318306, 1011.793070613224018 ] ] ] } },
{ "type": "Feature", "properties": { "feature_type": "building", "subtype": "destroyed", "uid": "cc6fefea-24dd-458e-8a1d-db0ffa20b358" }, "geometry": { "type": "Polygon", "coordinates": [ [ [ 954.795293035210875, 981.638853271142466 ], [ 959.391972511432641, 968.952017925952759 ], [ 973.733612465600913, 974.835767649687114 ], [ 970.240136067251456, 988.258071710810782 ], [ 964.907987876263974, 986.971001460729667 ], [ 954.795293035210875, 981.638853271142466 ] ] ] } },
{ "type": "Feature", "properties": { "feature_type": "building", "subtype": "destroyed", "uid": "585eb2cd-476b-4300-a321-02036c84f3f4" }, "geometry": { "type": "Polygon", "coordinates": [ [ [ 966.011190951332765, 959.207057444499242 ], [ 982.559237051900823, 926.110965238681615 ], [ 989.362322668681827, 928.317371386483728 ], [ 974.101346821932452, 961.965065126448394 ], [ 966.011190951332765, 959.207057444499242 ] ] ] } },
{ "type": "Feature", "properties": { "feature_type": "building", "subtype": "destroyed", "uid": "f6c8e096-d6fe-4989-9c62-859e945af5ab" }, "geometry": { "type": "Polygon", "coordinates": [ [ [ 954.119982507676355, 926.909999905864538 ], [ 950.62634107788449, 933.609720499973264 ], [ 956.58399746137934, 937.631138560024851 ], [ 963.809982509927295, 941.539999905822242 ], [ 960.311308404714623, 948.542761065324726 ], [ 941.740723338599196, 938.246199045986259 ], [ 943.579395127499311, 929.236707280466703 ], [ 949.279277668977784, 925.00776216291149 ], [ 954.119982507676355, 926.909999905864538 ] ] ] } },
{ "type": "Feature", "properties": { "feature_type": "building", "subtype": "destroyed", "uid": "0b78604e-0628-4bce-b307-44bbce94bd88" }, "geometry": { "type": "Polygon", "coordinates": [ [ [ 964.172519161498258, 925.743230878845566 ], [ 973.733612461162124, 929.052840098679781 ], [ 965.827323773751118, 942.107409803705423 ], [ 965.599982511182361, 942.098592882083722 ], [ 963.809982509927295, 941.539999905822242 ], [ 956.58399746137934, 937.631138560024851 ], [ 950.62634107788449, 933.609720499973264 ], [ 954.119982507676355, 926.909999905864538 ], [ 958.656503797134178, 920.962684227143313 ], [ 964.172519161498258, 925.743230878845566 ] ] ] } },
{ "type": "Feature", "properties": { "feature_type": "building", "subtype": "destroyed", "uid": "5348e836-9296-4170-bcef-dcfae5148655" }, "geometry": { "type": "Polygon", "coordinates": [ [ [ 992.168804153109591, 903.418811233236397 ], [ 981.044632474657988, 922.840778905491788 ], [ 969.736563479360257, 917.32705411820632 ], [ 970.099982506441279, 915.59999990531719 ], [ 980.439982504295358, 896.659999906991857 ], [ 992.168804153109591, 903.418811233236397 ] ] ] } },
{ "type": "Feature", "properties": { "feature_type": "building", "subtype": "destroyed", "uid": "f8e02f9c-34dc-4226-b995-28613185cc7a" }, "geometry": { "type": "Polygon", "coordinates": [ [ [ 980.3120868206762, 895.697114110511848 ], [ 968.999831144491964, 917.102752696725929 ], [ 959.219837033379008, 912.14072326667258 ], [ 968.421156049430351, 892.330731880303915 ], [ 971.081683939266895, 890.701837255436772 ], [ 980.3120868206762, 895.697114110511848 ] ] ] } },
{ "type": "Feature", "properties": { "feature_type": "building", "subtype": "major-damage", "uid": "9f862e5c-0312-4c91-9c4d-1c1564278fbf" }, "geometry": { "type": "Polygon", "coordinates": [ [ [ 1023.99998249858595, 854.648413210159106 ], [ 1023.99998249858595, 877.238265383233738 ], [ 1016.089199153208028, 872.872188881938769 ], [ 1021.749567591725054, 864.64696599619117 ], [ 1018.477167087929956, 862.258998060534054 ], [ 1023.99998249858595, 854.648413210159106 ] ] ] } },
{ "type": "Feature", "properties": { "feature_type": "building", "subtype": "destroyed", "uid": "8d6c50fb-b722-49ad-a602-9bc995e0007b" }, "geometry": { "type": "Polygon", "coordinates": [ [ [ 933.889982515231964, 884.519999905657414 ], [ 919.639066533160985, 915.696267619981995 ], [ 912.152979881110355, 914.085443268960262 ], [ 907.387535676757693, 909.665138938358268 ], [ 910.187206302811092, 903.20589783727678 ], [ 907.371210819274665, 901.563233803733851 ], [ 911.595204043644799, 894.75791138386171 ], [ 914.26158150636536, 896.277730863571719 ], [ 922.859185980126654, 880.9126002472035 ], [ 926.144514048613473, 879.739268796274814 ], [ 933.889982515231964, 884.519999905657414 ] ] ] } },
{ "type": "Feature", "properties": { "feature_type": "building", "subtype": "destroyed", "uid": "d4f3383d-120c-4a8f-a95d-1788e903e249" }, "geometry": { "type": "Polygon", "coordinates": [ [ [ 946.325815020888513, 886.779257509322974 ], [ 946.795147600465612, 890.533918155285278 ], [ 933.88850162670326, 915.643211229830172 ], [ 930.368507274385365, 916.347210098144615 ], [ 922.659982515408274, 911.359999905214522 ], [ 935.761896354418013, 881.669793612503327 ], [ 946.325815020888513, 886.779257509322974 ] ] ] } },
{ "type": "Feature", "properties": { "feature_type": "building", "subtype": "major-damage", "uid": "65bf2cc5-3736-4079-8511-e0646b305ad6" }, "geometry": { "type": "Polygon", "coordinates": [ [ [ 876.049982519788841, 897.469999906138696 ], [ 877.401171314558724, 898.12754930502399 ], [ 870.622965188327271, 909.656861013539242 ], [ 857.24698664223024, 903.320871172543548 ], [ 858.429982522258456, 900.889999906274397 ], [ 863.356547951531411, 893.333379503995388 ], [ 876.049982519788841, 897.469999906138696 ] ] ] } },
{ "type": "Feature", "properties": { "feature_type": "building", "subtype": "major-damage", "uid": "3db82cbd-dfe8-4106-9c3f-0edbee9fa913" }, "geometry": { "type": "Polygon", "coordinates": [ [ [ 879.070951645945229, 862.254270352659091 ], [ 884.233610033674609, 863.192935514149553 ], [ 882.356279710694025, 867.651595032164209 ], [ 890.804266163172201, 871.640921967564623 ], [ 876.049982519788841, 897.469999906138696 ], [ 863.356547951531411, 893.333379503995388 ], [ 858.429982522258456, 900.889999906274397 ], [ 854.430991157292169, 895.107551008566588 ], [ 858.42031809175694, 889.240893750185137 ], [ 857.304766415657696, 887.77511622914858 ], [ 874.846958415500922, 857.560944545206212 ], [ 879.070951645945229, 862.254270352659091 ] ] ] } },
{ "type": "Feature", "properties": { "feature_type": "building", "subtype": "destroyed", "uid": "bc43fe8d-cd08-4eb1-a0f3-e27d92cad973" }, "geometry": { "type": "Polygon", "coordinates": [ [ [ 833.120736048728872, 877.624925571311678 ], [ 843.446052823954005, 858.382289758886145 ], [ 850.720707827372848, 862.840949273162892 ], [ 853.536703310675648, 861.902284111672316 ], [ 862.688688635439689, 867.534275084353567 ], [ 850.720707826905596, 887.01157718621721 ], [ 839.926058467898201, 883.726249119131239 ], [ 833.120736048728872, 877.624925571311678 ] ] ] } },
{ "type": "Feature", "properties": { "feature_type": "building", "subtype": "destroyed", "uid": "f71a9ff9-b9ea-4078-a2be-32ca60aedba7" }, "geometry": { "type": "Polygon", "coordinates": [ [ [ 994.81639413411915, 957.702975512655144 ], [ 1000.578983969467004, 960.872399919433747 ], [ 994.67232939283781, 970.956932128257449 ], [ 989.053804303444167, 967.931572466731723 ], [ 994.81639413411915, 957.702975512655144 ] ] ] } },
{ "type": "Feature", "properties": { "feature_type": "building", "subtype": "no-damage", "uid": "c56312c8-0e02-45f4-bcfc-1298609c218c" }, "geometry": { "type": "Polygon", "coordinates": [ [ [ 791.765523636978173, 875.634114040271243 ], [ 770.985917268335925, 861.208636131302114 ], [ 799.448848432286809, 817.294439875489729 ], [ 806.290896697969288, 817.150375130236853 ], [ 839.349192741219213, 837.89977198335464 ], [ 813.197375537615926, 885.737651038247009 ], [ 791.765523636978173, 875.634114040271243 ] ] ] } },
{ "type": "Feature", "properties": { "feature_type": "building", "subtype": "destroyed", "uid": "62204735-327f-4737-bcf5-1d9bd3aa277b" }, "geometry": { "type": "Polygon", "coordinates": [ [ [ 871.619696505362754, 828.70134521388286 ], [ 862.702377473073966, 843.71998780146987 ], [ 841.319982529174808, 831.169999907441706 ], [ 844.659982526019235, 821.159999905109771 ], [ 850.03039778945049, 813.917368919472096 ], [ 871.619696505362754, 828.70134521388286 ] ] ] } },
{ "type": "Feature", "properties": { "feature_type": "building", "subtype": "no-damage", "uid": "d7bdf825-feef-40ba-a7ae-49efb3ac2ca2" }, "geometry": { "type": "Polygon", "coordinates": [ [ [ 844.199982525673249, 820.949999906576977 ], [ 840.63836775989023, 831.637949683563534 ], [ 837.827750691945653, 836.210666509545376 ], [ 827.033101333872651, 829.170677796497216 ], [ 835.011755209810985, 815.794699242453248 ], [ 844.199982525673249, 820.949999906576977 ] ] ] } },
{ "type": "Feature", "properties": { "feature_type": "building", "subtype": "no-damage", "uid": "d9a0056c-0b12-4f32-9147-5f1e0de5aa4a" }, "geometry": { "type": "Polygon", "coordinates": [ [ [ 668.532063655277057, 785.3090808479418 ], [ 665.450721647056525, 792.613002642299875 ], [ 671.26531853377287, 798.647018278939868 ], [ 683.839982552371339, 801.259999906549638 ], [ 680.242224830709233, 808.768657936546333 ], [ 655.174959059049684, 796.379089792461741 ], [ 662.169982551631961, 782.659999906204803 ], [ 668.532063655277057, 785.3090808479418 ] ] ] } },
{ "type": "Feature", "properties": { "feature_type": "building", "subtype": "no-damage", "uid": "fc31b932-2d5b-4731-b629-6fd5272f2e18" }, "geometry": { "type": "Polygon", "coordinates": [ [ [ 689.383096137281882, 760.138083829112702 ], [ 690.515204203156031, 758.666343338920342 ], [ 696.089982549407296, 761.369999905786017 ], [ 696.089346870204963, 761.371356553953774 ], [ 700.987548227727189, 763.820457234467767 ], [ 700.987548224690045, 765.549234184979014 ], [ 683.839982552371339, 801.259999906549638 ], [ 671.26531853377287, 798.647018278939868 ], [ 665.450721647056525, 792.613002642299875 ], [ 668.532063655277057, 785.3090808479418 ], [ 662.169982551631961, 782.659999906204803 ], [ 662.666325841169851, 781.684485716854056 ], [ 663.889982555089432, 774.589999905982836 ], [ 669.100496202359068, 768.444221545094024 ], [ 671.385046558060253, 769.129586651570889 ], [ 675.732796603397105, 761.359924495128439 ], [ 677.757652377940531, 762.575993348113684 ], [ 680.530354321915866, 757.625673162425414 ], [ 682.829982548503381, 756.749999908160135 ], [ 689.383096137281882, 760.138083829112702 ] ] ] } },
{ "type": "Feature", "properties": { "feature_type": "building", "subtype": "no-damage", "uid": "01de7760-b518-451b-9556-bdb2797ecc4b" }, "geometry": { "type": "Polygon", "coordinates": [ [ [ 699.258771274646506, 754.312184010393821 ], [ 696.089982549407296, 761.369999905786017 ], [ 690.515204203156031, 758.666343338920342 ], [ 689.383096137281882, 760.138083829112702 ], [ 682.829982548503381, 756.749999908160135 ], [ 688.309850594308273, 748.549594174110325 ], [ 699.258771274646506, 754.312184010393821 ] ] ] } },
{ "type": "Feature", "properties": { "feature_type": "building", "subtype": "no-damage", "uid": "d064ae1e-4e8f-4c06-b67c-f522be1d54c5" }, "geometry": { "type": "Polygon", "coordinates": [ [ [ 617.079982558720189, 766.989999906927096 ], [ 617.423322030314921, 768.619190829582408 ], [ 613.854287180346091, 776.471067490264545 ], [ 612.59998256206427, 776.409999905727204 ], [ 608.472567078314682, 774.015313605464598 ], [ 612.07418572342101, 765.371428852908366 ], [ 617.079982558720189, 766.989999906927096 ] ] ] } },
{ "type": "Feature", "properties": { "feature_type": "building", "subtype": "no-damage", "uid": "263c91fd-db91-4e06-9d79-34c8684f12e8" }, "geometry": { "type": "Polygon", "coordinates": [ [ [ 635.958888439212956, 763.361903115145424 ], [ 639.959982554265025, 768.899999906576681 ], [ 630.589810040501675, 784.689257464841603 ], [ 624.65915062034378, 783.565840695075735 ], [ 618.567678775867535, 782.935408631087853 ], [ 613.839982561432862, 777.829999906308103 ], [ 624.003743910368257, 756.681087054054728 ], [ 635.958888439212956, 763.361903115145424 ] ] ] } },
{ "type": "Feature", "properties": { "feature_type": "building", "subtype": "no-damage", "uid": "037a1916-5387-4083-9e6a-55d8362068aa" }, "geometry": { "type": "Polygon", "coordinates": [ [ [ 639.769469987794878, 714.99611686965784 ], [ 644.959982556187697, 715.939999906704202 ], [ 643.506110987230386, 719.639239925435049 ], [ 651.8218237050786, 723.312013042477929 ], [ 649.769982552807278, 729.479999906979401 ], [ 655.929273662732953, 729.480793470856042 ], [ 657.730007106917355, 732.324553848934556 ], [ 641.990472093411313, 765.471633032851742 ], [ 640.229982558185839, 768.429999905410455 ], [ 636.299559251458959, 762.979503216556509 ], [ 623.78346359025204, 755.985214464792875 ], [ 621.92998256002204, 759.849999908217569 ], [ 615.229982558618531, 756.989999905415402 ], [ 617.084118467440589, 751.899071861745369 ], [ 605.585470235913704, 746.736413471678247 ], [ 607.708108400007063, 741.960477604102039 ], [ 605.193364184286111, 740.949268754730497 ], [ 609.51530656056309, 731.585060275909427 ], [ 612.396601479872061, 733.169772477429774 ], [ 615.133831649255853, 728.127506374886934 ], [ 621.328615717324851, 730.720671800653804 ], [ 628.531853007537507, 715.593873485549352 ], [ 631.845342162838847, 717.034520945554732 ], [ 635.449138469550007, 710.351068485678411 ], [ 639.769469987794878, 714.99611686965784 ] ] ] } },
{ "type": "Feature", "properties": { "feature_type": "building", "subtype": "destroyed", "uid": "eb4a8359-30e5-4a46-ae73-e79c78ef43f7" }, "geometry": { "type": "Polygon", "coordinates": [ [ [ 648.844982172067489, 703.924629075205416 ], [ 654.607572000639834, 706.229665006728396 ], [ 650.020085948548058, 716.312954840911402 ], [ 645.169253532762468, 715.412085961594585 ], [ 645.149982557051771, 715.469999905537975 ], [ 640.01750371192793, 714.533016644330701 ], [ 636.629982555437209, 711.019999906902399 ], [ 642.073939118314343, 699.602686698927187 ], [ 648.844982172067489, 703.924629075205416 ] ] ] } },
{ "type": "Feature", "properties": { "feature_type": "building", "subtype": "major-damage", "uid": "548e85f7-5b18-4e5c-b56f-5fc8bd46724e" }, "geometry": { "type": "Polygon", "coordinates": [ [ [ 662.828112047251125, 736.051870414647283 ], [ 658.969982553653608, 744.329999906290027 ], [ 654.189982553186496, 741.99999990583683 ], [ 657.969982552007536, 733.479999906088892 ], [ 662.828112047251125, 736.051870414647283 ] ] ] } },
{ "type": "Feature", "properties": { "feature_type": "building", "subtype": "major-damage", "uid": "4e9b2ff6-2765-4d82-9fca-7ea0e7ad240b" }, "geometry": { "type": "Polygon", "coordinates": [ [ [ 682.290803638436842, 712.894989448575188 ], [ 684.872132832768784, 717.588315256027954 ], [ 686.280130574536997, 714.302987192680007 ], [ 691.442788966238027, 716.649650094537378 ], [ 684.168133964688195, 731.198960099510145 ], [ 681.810829509754853, 730.137641016995872 ], [ 676.15998255049476, 742.629999905173236 ], [ 662.828112047251125, 736.051870414647283 ], [ 657.969982552007536, 733.479999906088892 ], [ 658.493117098702896, 732.309289812348425 ], [ 655.939982553030063, 727.959999905673044 ], [ 667.65036932345356, 705.860362848189652 ], [ 682.290803638436842, 712.894989448575188 ] ] ] } },
{ "type": "Feature", "properties": { "feature_type": "building", "subtype": "no-damage", "uid": "a592f8b0-4fad-49e9-97cd-2b8b949f59f7" }, "geometry": { "type": "Polygon", "coordinates": [ [ [ 671.39082347715987, 745.959641392817844 ], [ 681.717551779815267, 749.062427097457203 ], [ 671.161252032150401, 768.540432969645735 ], [ 668.930662469743538, 767.871256098260233 ], [ 663.659982551411986, 774.089999906094135 ], [ 654.598700071496637, 770.87962978176563 ], [ 649.268304478682921, 764.39671621921741 ], [ 659.409982554695603, 745.099999905894265 ], [ 659.471318277479895, 745.143240797762019 ], [ 662.916493420451388, 739.768767575397874 ], [ 671.39082347715987, 745.959641392817844 ] ] ] } },
{ "type": "Feature", "properties": { "feature_type": "building", "subtype": "no-damage", "uid": "def1d6f0-2b2c-495d-bf14-94a26cad41a6" }, "geometry": { "type": "Polygon", "coordinates": [ [ [ 539.274491492027664, 804.297037185463296 ], [ 545.299104714548548, 784.942398794370774 ], [ 592.919646017400623, 795.724408146632982 ], [ 595.914648612343058, 800.216912043720413 ], [ 591.422144717593142, 816.389926073982679 ], [ 586.420882773449875, 814.809627101055753 ], [ 585.517854788052773, 817.744468048107137 ], [ 577.84211692479289, 815.825533582583603 ], [ 578.858023409357543, 812.664935636729865 ], [ 539.274491492027664, 804.297037185463296 ] ] ] } },
{ "type": "Feature", "properties": { "feature_type": "building", "subtype": "no-damage", "uid": "4c395166-695f-4730-86aa-6aadc7c87d4c" }, "geometry": { "type": "Polygon", "coordinates": [ [ [ 586.685243838480801, 894.888425567457148 ], [ 607.101211099025818, 893.949760405966686 ], [ 610.621205457885253, 896.7657558904383 ], [ 610.855871748257755, 941.117684777408726 ], [ 587.154576422963942, 941.587017360022969 ], [ 586.685243838480801, 894.888425567457148 ] ] ] } },
{ "type": "Feature", "properties": { "feature_type": "building", "subtype": "no-damage", "uid": "cba87f70-98ed-4a1f-bd4b-14cd10025c6b" }, "geometry": { "type": "Polygon", "coordinates": [ [ [ 549.607969961482922, 897.469754762490766 ], [ 549.856184954806736, 935.016361229589052 ], [ 549.709982572045419, 940.309999905871791 ], [ 549.638637380159139, 942.123016608541548 ], [ 522.856012860878423, 942.291016232075435 ], [ 522.856012858074905, 895.592424439509614 ], [ 544.914644153564268, 895.592424439509614 ], [ 549.607969961482922, 897.469754762490766 ] ] ] } },
{ "type": "Feature", "properties": { "feature_type": "building", "subtype": "destroyed", "uid": "29b29be2-f7bd-4263-904c-ff8eab6fa76f" }, "geometry": { "type": "Polygon", "coordinates": [ [ [ 555.474627217059378, 935.016361229589052 ], [ 555.359067664130407, 940.413685909094283 ], [ 549.709982572045419, 940.309999905871791 ], [ 549.856184954806736, 935.016361229589052 ], [ 555.474627217059378, 935.016361229589052 ] ] ] } },
{ "type": "Feature", "properties": { "feature_type": "building", "subtype": "destroyed", "uid": "d113a7cf-cc02-46e7-9cc0-b7c7e9b0ea14" }, "geometry": { "type": "Polygon", "coordinates": [ [ [ 564.542929381800377, 912.345892258487538 ], [ 572.466490402015438, 912.345892258487538 ], [ 572.466490401081046, 925.743913619342834 ], [ 564.254799895032534, 925.599848874089844 ], [ 564.542929381800377, 912.345892258487538 ] ] ] } },
{ "type": "Feature", "properties": { "feature_type": "building", "subtype": "no-damage", "uid": "f18a367b-015f-41d3-96ee-ad3dde782ff1" }, "geometry": { "type": "Polygon", "coordinates": [ [ [ 570.841773416583123, 976.480076099134976 ], [ 570.372440837239765, 983.285398522745027 ], [ 580.697757614100283, 983.98939739105947 ], [ 580.228425030785274, 989.621388363740834 ], [ 585.86041600066153, 990.090720942617054 ], [ 582.750823096188356, 1022.958926776778981 ], [ 555.526789347054205, 1022.958929161605056 ], [ 556.463469779769753, 1005.370341838480044 ], [ 556.349982568995415, 1005.369999907535998 ], [ 557.465794865580051, 981.877400778640208 ], [ 564.271117285683772, 982.58139965069256 ], [ 564.975116161006781, 976.010743520258643 ], [ 570.841773416583123, 976.480076099134976 ] ] ] } },
{ "type": "Feature", "properties": { "feature_type": "building", "subtype": "no-damage", "uid": "db94c3cc-ad6b-4c9f-a2bc-409b3cebbed7" }, "geometry": { "type": "Polygon", "coordinates": [ [ [ 556.310311210039458, 985.932151650196943 ], [ 553.197255167939488, 1020.840914280478955 ], [ 537.980559842226057, 1019.575184128467981 ], [ 541.454255242247541, 984.593366668866111 ], [ 556.310311210039458, 985.932151650196943 ] ] ] } },
{ "type": "Feature", "properties": { "feature_type": "building", "subtype": "no-damage", "uid": "c92b9729-84fd-45c8-b3f9-936a0c0ffd59" }, "geometry": { "type": "Polygon", "coordinates": [ [ [ 540.569821961324465, 983.285398522745027 ], [ 540.569821958287321, 986.336060296654864 ], [ 540.579982571800315, 986.339999905567538 ], [ 536.654364573003477, 1022.958931337103991 ], [ 530.749917378824648, 1022.958932103387951 ], [ 510.767203080970319, 1020.597338696666952 ], [ 514.991196308611165, 980.000070455659056 ], [ 540.569821961324465, 983.285398522745027 ] ] ] } },
{ "type": "Feature", "properties": { "feature_type": "building", "subtype": "no-damage", "uid": "fd0f3550-1af0-4246-98ea-e81d0ee3d440" }, "geometry": { "type": "Polygon", "coordinates": [ [ [ 465.229982584110076, 974.989999905477703 ], [ 465.195375169173985, 1007.613157260483945 ], [ 463.318044849464172, 1007.724978999827044 ], [ 463.079831373408922, 1012.860521090414977 ], [ 453.931393233159383, 1014.060968840822966 ], [ 446.059665764496287, 1010.97316872379497 ], [ 448.219982582406772, 974.26999990623608 ], [ 465.229982584110076, 974.989999905477703 ] ] ] } },
{ "type": "Feature", "properties": { "feature_type": "building", "subtype": "no-damage", "uid": "16f33e28-5e46-43aa-b41c-a5f0b6f8cb23" }, "geometry": { "type": "Polygon", "coordinates": [ [ [ 496.72786545310089, 975.831306780424029 ], [ 496.240623104904387, 989.248202471487616 ], [ 499.291284878579802, 989.751745717003359 ], [ 498.587286007929379, 1008.055716367937976 ], [ 476.528654712206389, 1008.75971523999101 ], [ 466.179280186670496, 995.421404695889919 ], [ 465.799280187044872, 974.871404696353011 ], [ 496.72786545310089, 975.831306780424029 ] ] ] } },
{ "type": "Feature", "properties": { "feature_type": "building", "subtype": "no-damage", "uid": "b0b98844-508b-4585-b691-ef25fb5cc934" }, "geometry": { "type": "Polygon", "coordinates": [ [ [ 484.203344689352605, 952.57840075384604 ], [ 484.649982581613074, 975.309999905555969 ], [ 477.6799825802604, 975.019999907938086 ], [ 478.499982580227083, 952.44999990720612 ], [ 484.203344689352605, 952.57840075384604 ] ] ] } },
{ "type": "Feature", "properties": { "feature_type": "building", "subtype": "no-damage", "uid": "fa3f7e39-bb44-436a-922a-3c36cd61c5d0" }, "geometry": { "type": "Polygon", "coordinates": [ [ [ 478.499982580227083, 952.44999990720612 ], [ 477.6799825802604, 975.019999907938086 ], [ 448.259982585453713, 973.76999990634738 ], [ 445.483406779980328, 972.525035438323926 ], [ 445.483406780214011, 966.893044469380584 ], [ 441.259413551171406, 967.362377051994827 ], [ 441.494079845515614, 956.33306139980823 ], [ 460.502049363591482, 956.802393982422586 ], [ 462.61404597414122, 952.109068174969707 ], [ 478.499982580227083, 952.44999990720612 ] ] ] } },
{ "type": "Feature", "properties": { "feature_type": "building", "subtype": "no-damage", "uid": "47ba0746-c679-40cc-a2d0-6c74ad03e830" }, "geometry": { "type": "Polygon", "coordinates": [ [ [ 443.6776544495184, 949.672597819857856 ], [ 444.229255982497079, 940.295371694502364 ], [ 459.85796618908239, 940.111504516453351 ], [ 459.857966187914315, 948.385527566038832 ], [ 457.83542722470321, 950.224199357742918 ], [ 443.6776544495184, 949.672597819857856 ] ] ] } },
{ "type": "Feature", "properties": { "feature_type": "building", "subtype": "no-damage", "uid": "fd522b1c-433b-42d2-8355-9626206cfb5e" }, "geometry": { "type": "Polygon", "coordinates": [ [ [ 499.389409654405824, 933.860020432883061 ], [ 455.077419536680623, 933.308418894997999 ], [ 455.077419540885785, 925.769864561346594 ], [ 458.203161579399421, 925.585997379559672 ], [ 458.203161579866617, 925.218263023461645 ], [ 454.341950821914793, 921.724786621840394 ], [ 454.341950825886386, 912.715294856320952 ], [ 473.09640306864901, 912.347560500222926 ], [ 473.096403070985275, 908.854084098601788 ], [ 495.712066072634116, 908.486349742503762 ], [ 495.895933250916585, 914.553966644287016 ], [ 499.0216752964389, 914.553966644287016 ], [ 499.389409654405824, 933.860020432883061 ] ] ] } },
{ "type": "Feature", "properties": { "feature_type": "building", "subtype": "no-damage", "uid": "967e7bc9-7718-40d4-ab3e-55f8c09e5a74" }, "geometry": { "type": "Polygon", "coordinates": [ [ [ 477.389982581240815, 855.129999906294188 ], [ 477.061853088622627, 859.115935159598507 ], [ 475.049982582070811, 884.839999905735681 ], [ 473.892176819660392, 896.785935161454518 ], [ 462.319982583749493, 896.48999990800155 ], [ 462.58627792054682, 888.981167595082866 ], [ 451.439982585529776, 888.329999907874367 ], [ 453.779982583298079, 853.359999906912549 ], [ 464.694190986918215, 851.778555241978324 ], [ 477.389982581240815, 855.129999906294188 ] ] ] } },
{ "type": "Feature", "properties": { "feature_type": "building", "subtype": "no-damage", "uid": "7a5d38a1-4593-4ec0-aeec-c35a77c06d2f" }, "geometry": { "type": "Polygon", "coordinates": [ [ [ 462.58627792054682, 888.981167595082866 ], [ 462.319982583749493, 896.48999990800155 ], [ 450.918700542707597, 896.20354767521826 ], [ 451.439982585529776, 888.329999907874367 ], [ 462.58627792054682, 888.981167595082866 ] ] ] } },
{ "type": "Feature", "properties": { "feature_type": "building", "subtype": "no-damage", "uid": "e56c631e-4057-4a0c-ba23-b40600d37370" }, "geometry": { "type": "Polygon", "coordinates": [ [ [ 489.346940929691414, 859.797846249566419 ], [ 492.472682971475706, 864.210658541432622 ], [ 491.001745539608123, 885.906985655879794 ], [ 475.049982582070811, 884.839999905735681 ], [ 477.061853088622627, 859.115935159598507 ], [ 489.346940929691414, 859.797846249566419 ] ] ] } },
{ "type": "Feature", "properties": { "feature_type": "building", "subtype": "no-damage", "uid": "794e7577-4a6a-4edd-9d76-c4de527c3e3f" }, "geometry": { "type": "Polygon", "coordinates": [ [ [ 478.131043017307491, 843.065932964870626 ], [ 477.389982581240815, 855.129999906294188 ], [ 464.694190986918215, 851.778555241978324 ], [ 453.779982583298079, 853.359999906912549 ], [ 454.596044120975023, 841.227261176904449 ], [ 478.131043017307491, 843.065932964870626 ] ] ] } },
{ "type": "Feature", "properties": { "feature_type": "building", "subtype": "no-damage", "uid": "92a75edc-b44e-43e5-a4e0-8a87cb954a0d" }, "geometry": { "type": "Polygon", "coordinates": [ [ [ 437.780374178395789, 978.871589041003745 ], [ 438.025956038519325, 999.690470074745235 ], [ 430.867927014949089, 999.280845901631778 ], [ 431.051794199305903, 1001.487252049434005 ], [ 423.513239860984072, 1001.119517689597956 ], [ 423.329372684336874, 999.096978719844856 ], [ 421.306833714350773, 998.913111541795843 ], [ 419.539299091512589, 998.872542626726613 ], [ 419.607933952209123, 989.988321668805156 ], [ 427.747957220033697, 990.341949761448404 ], [ 428.539982586475674, 978.692542623892678 ], [ 437.780374178395789, 978.871589041003745 ] ] ] } },
{ "type": "Feature", "properties": { "feature_type": "building", "subtype": "no-damage", "uid": "a538f9d4-19f5-4249-808d-c5057fe1962d" }, "geometry": { "type": "Polygon", "coordinates": [ [ [ 428.845388050102713, 962.097133039021855 ], [ 428.539982589512817, 978.649999906606581 ], [ 428.227952495354998, 982.765085342748648 ], [ 419.692111933453873, 982.330350314301654 ], [ 419.499982589406613, 998.809999907800261 ], [ 400.529842499733093, 998.135100108575671 ], [ 395.197694310147313, 995.928693960773558 ], [ 394.677694314225391, 961.778974883290061 ], [ 416.329982590150507, 961.65999990747332 ], [ 428.845388050102713, 962.097133039021855 ] ] ] } },
{ "type": "Feature", "properties": { "feature_type": "building", "subtype": "no-damage", "uid": "81881941-08f4-4679-9264-2a208dc689c0" }, "geometry": { "type": "Polygon", "coordinates": [ [ [ 404.841663405132977, 926.516487709485546 ], [ 404.727532960015196, 927.886053095755756 ], [ 415.179982591154385, 927.669999908386671 ], [ 415.294883002802123, 958.052055103253679 ], [ 413.032810666403009, 958.052055103253679 ], [ 413.032810665001307, 961.179999905486966 ], [ 394.873805826327327, 961.278982108900323 ], [ 394.000725580941889, 946.557653293805402 ], [ 393.56998259136418, 929.599999905938489 ], [ 396.179982590716975, 926.209999908263057 ], [ 404.841663405132977, 926.516487709485546 ] ] ] } },
{ "type": "Feature", "properties": { "feature_type": "building", "subtype": "no-damage", "uid": "58e6e178-b45a-4d44-8093-f271c8273dc9" }, "geometry": { "type": "Polygon", "coordinates": [ [ [ 415.09998258786419, 905.999999906706762 ], [ 415.179982591154385, 927.669999908386671 ], [ 404.727532960015196, 927.886053095755756 ], [ 404.841663405132977, 926.516487709485546 ], [ 396.179982590716975, 926.209999908263057 ], [ 396.117030209036216, 905.649909112577916 ], [ 415.09998258786419, 905.999999906706762 ] ] ] } },
{ "type": "Feature", "properties": { "feature_type": "building", "subtype": "no-damage", "uid": "e656feac-474c-4fba-9269-7e2048f5ef70" }, "geometry": { "type": "Polygon", "coordinates": [ [ [ 393.081106595891583, 930.10424390897424 ], [ 393.501106597162277, 946.57892218351833 ], [ 394.269982595273177, 959.509999906830558 ], [ 372.030429772249022, 958.603656641138627 ], [ 370.109982596378472, 952.829999908467244 ], [ 368.307635513812102, 946.086780980916501 ], [ 372.482423424022215, 932.866619257382013 ], [ 377.546445141752713, 929.629999908398872 ], [ 393.081106595891583, 930.10424390897424 ] ] ] } },
{ "type": "Feature", "properties": { "feature_type": "building", "subtype": "no-damage", "uid": "4e7c1969-05eb-46e7-9f86-5e748d71801b" }, "geometry": { "type": "Polygon", "coordinates": [ [ [ 373.501367205985616, 904.546706036807905 ], [ 373.501367203649409, 909.143385510461144 ], [ 377.546445138949309, 908.959518332412131 ], [ 377.546445139883815, 929.029999907784827 ], [ 372.06021814057442, 932.543197757408961 ], [ 367.787019599240807, 946.074993141962409 ], [ 369.209982596392194, 951.429999905788463 ], [ 357.321055462449976, 951.248969485536236 ], [ 358.056524178851078, 910.062721404444233 ], [ 365.043476976017303, 909.511119870297193 ], [ 365.04347697204571, 904.362838858758892 ], [ 373.501367205985616, 904.546706036807905 ] ] ] } },
{ "type": "Feature", "properties": { "feature_type": "building", "subtype": "no-damage", "uid": "b6721a16-b3bd-4a1e-8b7a-d0057dfddbce" }, "geometry": { "type": "Polygon", "coordinates": [ [ [ 415.974685530138288, 906.017643468675942 ], [ 421.674568075121215, 906.017643468675942 ], [ 436.200075206170311, 906.385377828511992 ], [ 435.648473668752672, 955.477914599353539 ], [ 432.522731629071018, 958.052055103253679 ], [ 415.794879185053617, 958.052055103253679 ], [ 415.599982589621675, 906.00999990752689 ], [ 415.974685530138288, 906.017643468675942 ] ] ] } },
{ "type": "Feature", "properties": { "feature_type": "building", "subtype": "no-damage", "uid": "9c6c1cba-182e-46e3-b4b5-43a68159449a" }, "geometry": { "type": "Polygon", "coordinates": [ [ [ 263.312971062154872, 962.856207938449643 ], [ 259.437535063217581, 1007.08802499789897 ], [ 249.560376331032813, 1008.614834308657009 ], [ 241.184047360439195, 1005.735035840687033 ], [ 244.309982614233093, 962.869999905783516 ], [ 263.312971062154872, 962.856207938449643 ] ] ] } },
{ "type": "Feature", "properties": { "feature_type": "building", "subtype": "no-damage", "uid": "e14f453a-169f-48db-99bb-0a2d5329d630" }, "geometry": { "type": "Polygon", "coordinates": [ [ [ 266.829982613194375, 960.439999908342998 ], [ 264.509982614496494, 962.539999904885121 ], [ 243.699982613032802, 962.359999905074687 ], [ 240.909982616439493, 960.07999990498422 ], [ 241.484732757305807, 931.942915696940304 ], [ 244.610474800258203, 929.552642371089178 ], [ 266.858403447210776, 929.184908014991152 ], [ 266.829982613194375, 960.439999908342998 ] ] ] } },
{ "type": "Feature", "properties": { "feature_type": "building", "subtype": "no-damage", "uid": "cf93cbe2-ec7f-497a-acbc-7f56103f4b6c" }, "geometry": { "type": "Polygon", "coordinates": [ [ [ 243.789936871614202, 963.087810844353953 ], [ 240.549982613314398, 1003.239999908533946 ], [ 232.644595867591789, 1005.753222126216997 ], [ 219.469982617508492, 1001.909999907858037 ], [ 220.325494884577807, 963.831505329190463 ], [ 223.818971280824599, 960.338028931307235 ], [ 240.419936873477411, 960.323516630696645 ], [ 243.789936871614202, 963.087810844353953 ] ] ] } },
{ "type": "Feature", "properties": { "feature_type": "building", "subtype": "no-damage", "uid": "b8332866-5f6f-4bf8-90c6-8a67a32f12d0" }, "geometry": { "type": "Polygon", "coordinates": [ [ [ 218.859982616541714, 986.429999905472755 ], [ 218.972214015135108, 1002.316764955152962 ], [ 219.15295591608421, 1002.316764955152962 ], [ 218.302955914591593, 1003.730683156464011 ], [ 196.97436316535979, 1002.995214440529026 ], [ 192.193816514593294, 993.617988315173989 ], [ 194.079982621934306, 986.749999905551022 ], [ 202.359982623723909, 985.759999906593748 ], [ 218.859982616541714, 986.429999905472755 ] ] ] } },
{ "type": "Feature", "properties": { "feature_type": "building", "subtype": "no-damage", "uid": "d7b3a781-3b61-4859-b507-a87442302d56" }, "geometry": { "type": "Polygon", "coordinates": [ [ [ 181.608820257512804, 983.993704879914731 ], [ 182.081121675175609, 997.111464716795126 ], [ 168.474950438810197, 999.134003682810317 ], [ 161.487997639774989, 997.111464716795126 ], [ 161.659982625693686, 983.669999907133729 ], [ 181.608820257512804, 983.993704879914731 ] ] ] } },
{ "type": "Feature", "properties": { "feature_type": "building", "subtype": "no-damage", "uid": "a2c62a3d-a58c-4741-b0ac-aa32d2663c13" }, "geometry": { "type": "Polygon", "coordinates": [ [ [ 201.571042634806503, 967.324981730811601 ], [ 201.563755648105086, 984.682453852389244 ], [ 184.358613703368889, 984.992492898497858 ], [ 182.055752893266089, 983.500886700767751 ], [ 161.66998262441129, 983.169999907245142 ], [ 152.846240228954201, 982.402090401852433 ], [ 152.662373053475108, 974.863536064463005 ], [ 161.67186481595499, 974.679668886413992 ], [ 164.429872499772387, 966.957247370975665 ], [ 201.571042634806503, 967.324981730811601 ] ] ] } },
{ "type": "Feature", "properties": { "feature_type": "building", "subtype": "no-damage", "uid": "74525131-85cd-496a-ac7a-f86e7e170c69" }, "geometry": { "type": "Polygon", "coordinates": [ [ [ 287.620882359348911, 1002.443612902643963 ], [ 260.509982615388083, 1002.619999906278963 ], [ 263.413590412987617, 964.199139085261095 ], [ 266.829982609456522, 961.109999907222004 ], [ 266.826171440515793, 961.235667657491149 ], [ 287.989982608552623, 960.379999907160254 ], [ 287.620882359348911, 1002.443612902643963 ] ] ] } },
{ "type": "Feature", "properties": { "feature_type": "building", "subtype": "no-damage", "uid": "a4abafe4-c7dc-4e09-ab03-2e1cbc590bc3" }, "geometry": { "type": "Polygon", "coordinates": [ [ [ 278.316909727390623, 943.190553316997011 ], [ 279.939982610440381, 950.959999908360146 ], [ 267.279982608982323, 951.079999906987837 ], [ 267.189982610946174, 933.959999908406758 ], [ 279.779982611102184, 933.429999906057674 ], [ 278.316909727390623, 943.190553316997011 ] ] ] } },
{ "type": "Feature", "properties": { "feature_type": "building", "subtype": "no-damage", "uid": "2e247b89-90b3-4e30-965d-e606c36c4dba" }, "geometry": { "type": "Polygon", "coordinates": [ [ [ 286.879925945188916, 930.002575707631195 ], [ 300.839982606436024, 930.059999906284588 ], [ 308.672047437765173, 930.471978265072266 ], [ 309.413993291116299, 959.348205502910446 ], [ 282.23419152499082, 959.513410760982538 ], [ 278.824669077235683, 943.176115689843414 ], [ 280.489982607420927, 932.079999907479646 ], [ 281.016176221227511, 930.288111087023253 ], [ 286.879925945188916, 930.002575707631195 ] ] ] } },
{ "type": "Feature", "properties": { "feature_type": "building", "subtype": "no-damage", "uid": "4f3ea879-a7ec-438b-bee8-f3df194513e9" }, "geometry": { "type": "Polygon", "coordinates": [ [ [ 300.506097181325572, 925.323697257271988 ], [ 300.839982606436024, 930.059999906284588 ], [ 286.879925945188916, 930.002575707631195 ], [ 286.71605876364049, 927.346236223287065 ], [ 290.209535166428793, 924.955962897435938 ], [ 300.506097181325572, 925.323697257271988 ] ] ] } },
{ "type": "Feature", "properties": { "feature_type": "building", "subtype": "no-damage", "uid": "ffb6b05a-edb1-4c93-8cf7-f9ebedca58ae" }, "geometry": { "type": "Polygon", "coordinates": [ [ [ 331.381270935684881, 957.580021249358083 ], [ 331.739982603940518, 960.539999905330319 ], [ 332.659982603230787, 995.829999906370404 ], [ 322.004044809163872, 996.008261641025115 ], [ 321.820177634619313, 991.963183705256938 ], [ 313.362287401613798, 991.963183705256938 ], [ 312.994553047852094, 968.060450446745676 ], [ 309.650040501240198, 968.032527784575109 ], [ 307.312858428667425, 962.515804998353701 ], [ 310.554072235250715, 958.499357143341172 ], [ 312.994553043646874, 958.499357143341172 ], [ 314.281623299100886, 957.212286889522147 ], [ 331.381270935684881, 957.580021249358083 ] ] ] } },
{ "type": "Feature", "properties": { "feature_type": "building", "subtype": "no-damage", "uid": "3e7854a9-93c5-40ce-a987-9de63643ba3f" }, "geometry": { "type": "Polygon", "coordinates": [ [ [ 354.569982600758124, 995.429999907207048 ], [ 354.548535476153006, 995.456660106878076 ], [ 333.159982602885805, 995.819999905550276 ], [ 332.279982600334506, 962.169999908182149 ], [ 353.629199579833994, 961.9928335412244 ], [ 354.569982600758124, 995.429999907207048 ] ] ] } },
{ "type": "Feature", "properties": { "feature_type": "building", "subtype": "no-damage", "uid": "1c690248-10ff-47c3-9612-1a5478bee432" }, "geometry": { "type": "Polygon", "coordinates": [ [ [ 326.982970945832221, 925.691431613370014 ], [ 332.866720669331301, 925.507564435321001 ], [ 333.60218938362982, 940.58467310636172 ], [ 338.516045378940476, 940.631416335496283 ], [ 338.659982602827881, 949.869999904939618 ], [ 333.703935948975698, 950.201518819349303 ], [ 333.919982601436118, 953.499999907346137 ], [ 320.626430627318427, 953.396348099087049 ], [ 320.533107379165187, 954.822013563671021 ], [ 317.859982603352478, 954.869999907564534 ], [ 317.794339882788904, 953.344850622479726 ], [ 310.639982603223586, 953.659999905516315 ], [ 308.96398741339658, 924.404361363288899 ], [ 313.928401244314614, 924.404361363288899 ], [ 313.928401241043787, 919.072213173701698 ], [ 326.61523658529552, 918.888345995652685 ], [ 326.982970945832221, 925.691431613370014 ] ] ] } },
{ "type": "Feature", "properties": { "feature_type": "building", "subtype": "no-damage", "uid": "e5d91d1f-db74-4be0-a5fb-952598d768e4" }, "geometry": { "type": "Polygon", "coordinates": [ [ [ 354.746914953878218, 949.961899231717211 ], [ 338.919825267465228, 949.489865374083706 ], [ 338.789575808180587, 940.379435391940547 ], [ 335.749982603401804, 940.229999906786702 ], [ 335.808595529094987, 940.216938750263694 ], [ 335.440861171828999, 911.53365883631227 ], [ 339.853673468833676, 909.878854226395219 ], [ 354.379180596612116, 909.511119870297193 ], [ 354.746914953878218, 949.961899231717211 ] ] ] } },
{ "type": "Feature", "properties": { "feature_type": "building", "subtype": "no-damage", "uid": "b4f1bbf5-113f-4154-a8ed-0356bf1eb83a" }, "geometry": { "type": "Polygon", "coordinates": [ [ [ 294.445217844240119, 999.605856816996948 ], [ 313.199670092375982, 1000.15745835488201 ], [ 313.199670094011424, 1010.454020374220022 ], [ 293.893616307289676, 1009.902418836335983 ], [ 294.445217844240119, 999.605856816996948 ] ] ] } },
{ "type": "Feature", "properties": { "feature_type": "building", "subtype": "no-damage", "uid": "21dab88f-2b99-445e-a8c5-4b8d265842d8" }, "geometry": { "type": "Polygon", "coordinates": [ [ [ 182.288335425718913, 957.314344464143915 ], [ 182.775058683212791, 930.186280938064328 ], [ 192.369731012696406, 930.07340243679414 ], [ 192.471344253008908, 927.963319004169762 ], [ 208.045357762035309, 927.963319004169762 ], [ 207.745857502587796, 941.74033095698212 ], [ 202.65435308917651, 941.74033095698212 ], [ 202.354852825757291, 957.314344464143915 ], [ 182.288335425718913, 957.314344464143915 ] ] ] } },
{ "type": "Feature", "properties": { "feature_type": "building", "subtype": "no-damage", "uid": "ffc351d3-f24a-4bf6-a506-13b0731f309a" }, "geometry": { "type": "Polygon", "coordinates": [ [ [ 141.343257403606088, 1022.959075447119972 ], [ 141.606233987065991, 1015.464242502884986 ], [ 167.363256322681593, 1015.763742764435051 ], [ 167.1016084233909, 1022.959060327024986 ], [ 141.343257403606088, 1022.959075447119972 ] ] ] } },
{ "type": "Feature", "properties": { "feature_type": "building", "subtype": "no-damage", "uid": "8be52b00-fd53-406e-899b-1b2c676318bf" }, "geometry": { "type": "Polygon", "coordinates": [ [ [ 204.819982622455996, 1018.699999905540039 ], [ 204.771767088109812, 1022.959039652305023 ], [ 190.761957295922713, 1022.959047143199996 ], [ 190.909982625481803, 1018.13999990820696 ], [ 204.819982622455996, 1018.699999905540039 ] ] ] } },
{ "type": "Feature", "properties": { "feature_type": "building", "subtype": "no-damage", "uid": "8d098591-88ca-47e1-be88-c11d963e5e51" }, "geometry": { "type": "Polygon", "coordinates": [ [ [ 190.739612689496511, 1017.273344031762008 ], [ 190.280673084152198, 1022.959047404857984 ], [ 171.465440128877987, 1022.959057845012012 ], [ 171.867130987307689, 1016.408955556506044 ], [ 190.739612689496511, 1017.273344031762008 ] ] ] } },
{ "type": "Feature", "properties": { "feature_type": "building", "subtype": "no-damage", "uid": "62c741aa-71d7-42d8-b260-cff510a3719f" }, "geometry": { "type": "Polygon", "coordinates": [ [ [ 75.772509794332464, 950.606380319602181 ], [ 73.933838005899631, 980.944464843470769 ], [ 48.008565783716698, 980.208996127536693 ], [ 48.539982645478609, 965.20999990705684 ], [ 49.914347458214003, 962.625292695951089 ], [ 53.284632790434799, 963.504497567014027 ], [ 54.408194459395432, 958.689233263857773 ], [ 49.978943676180577, 957.655741413101168 ], [ 48.894330168211141, 954.401900885453983 ], [ 50.319982645212683, 949.059999905792779 ], [ 75.772509794332464, 950.606380319602181 ] ] ] } },
{ "type": "Feature", "properties": { "feature_type": "building", "subtype": "no-damage", "uid": "47ba3b88-8983-4700-a051-748b768827ac" }, "geometry": { "type": "Polygon", "coordinates": [ [ [ 42.676417591561062, 946.009700845948942 ], [ 42.492550417016453, 948.583841353587104 ], [ 49.80998264473763, 949.029999907070419 ], [ 48.372602658006883, 954.417857194364842 ], [ 49.593025082494322, 958.079124468762643 ], [ 53.807659048796232, 959.062539059023266 ], [ 52.914314280244618, 962.89115950468522 ], [ 49.657621302329893, 962.041587425236912 ], [ 48.229982641548077, 964.7399999058905 ], [ 19.509153052961889, 962.373879770808799 ], [ 21.34782484279647, 944.538763417818814 ], [ 42.676417591561062, 946.009700845948942 ] ] ] } },
{ "type": "Feature", "properties": { "feature_type": "building", "subtype": "no-damage", "uid": "46f4461f-e421-42b1-a983-8dc0f6413393" }, "geometry": { "type": "Polygon", "coordinates": [ [ [ 21.8994263792796, 939.206615228231612 ], [ 27.231574564660161, 902.98478098062867 ], [ 37.16040222836515, 904.087984052660772 ], [ 37.89587094476623, 900.962242010875684 ], [ 50.214971926378489, 902.433179442743722 ], [ 49.847237570514181, 908.684663526314012 ], [ 58.488994976428877, 909.787866602084023 ], [ 57.201924727749891, 919.348959905488528 ], [ 53.708448326830563, 923.210170663207691 ], [ 53.156846787310343, 926.335912704992893 ], [ 55.363252935579077, 926.519779883041906 ], [ 54.995518581116507, 930.38099064076107 ], [ 58.672862154244221, 930.748724996859096 ], [ 57.018057548532809, 941.964622910180765 ], [ 54.995518576677668, 941.964622910180765 ], [ 54.995518579948403, 943.435560342048802 ], [ 21.8994263792796, 939.206615228231612 ] ] ] } },
{ "type": "Feature", "properties": { "feature_type": "building", "subtype": "no-damage", "uid": "d36d6474-5110-4a70-9508-6c26b660858a" }, "geometry": { "type": "Polygon", "coordinates": [ [ [ 124.865046559086196, 937.919544974412474 ], [ 103.168719450719294, 934.977670110676399 ], [ 102.249383553933001, 941.780755732131752 ], [ 72.095166216065053, 938.471146512297537 ], [ 70.072627247714266, 935.713138826610361 ], [ 66.395283670848585, 931.300326534744158 ], [ 67.185433155442794, 921.442487552020452 ], [ 70.808095964582577, 922.10696758743768 ], [ 72.830634930363516, 906.478257378511898 ], [ 85.149735919685341, 908.684663526314012 ], [ 85.701337455000356, 904.087984052660772 ], [ 130.068274987481402, 911.344041424542297 ], [ 124.865046559086196, 937.919544974412474 ] ] ] } },
{ "type": "Feature", "properties": { "feature_type": "building", "subtype": "no-damage", "uid": "cbba2015-c7d4-43ba-8040-4715f8124bda" }, "geometry": { "type": "Polygon", "coordinates": [ [ [ 132.639982630751206, 880.179999904829401 ], [ 132.081561431569014, 882.587832138808835 ], [ 140.764214178624997, 884.230496172351764 ], [ 140.060215304937401, 890.097153434471238 ], [ 142.406878208896813, 890.566486013347571 ], [ 140.294881598814413, 907.22779263447751 ], [ 97.408938261753903, 900.30873141171503 ], [ 100.869982637122405, 875.959999906366875 ], [ 111.339936443142093, 877.31491642149922 ], [ 111.703361893693597, 875.679501888410186 ], [ 132.639982630751206, 880.179999904829401 ] ] ] } },
{ "type": "Feature", "properties": { "feature_type": "building", "subtype": "no-damage", "uid": "55616a7b-f51c-42db-8814-ba7c719684a7" }, "geometry": { "type": "Polygon", "coordinates": [ [ [ 114.481589653625903, 847.387888581043853 ], [ 114.481589653392305, 847.30999990788564 ], [ 117.221791035174505, 847.638121630429282 ], [ 115.925688129015995, 855.702761955146002 ], [ 142.28574580441429, 859.17881351846313 ], [ 143.329982628573987, 860.79999990779811 ], [ 139.82554901339671, 867.569189554959848 ], [ 142.172211919458704, 868.742521005888534 ], [ 148.977534338861688, 869.211853588502777 ], [ 148.742868049423606, 879.537170364898998 ], [ 143.814875953935712, 879.067837786022665 ], [ 143.580209664497687, 881.179834398441926 ], [ 132.785560306424713, 879.537170364898998 ], [ 132.749982632763789, 879.689999905760828 ], [ 111.322969459156795, 875.086381710343289 ], [ 110.9509261961107, 876.760576400826494 ], [ 100.939982635387395, 875.469999907298302 ], [ 101.587084260442893, 870.917457309809038 ], [ 104.860271748817595, 869.91585245681722 ], [ 108.380266103471698, 846.683889708991387 ], [ 114.481589653625903, 847.387888581043853 ] ] ] } },
{ "type": "Feature", "properties": { "feature_type": "building", "subtype": "no-damage", "uid": "93062304-c592-4ef3-9e15-3bda6717c4ef" }, "geometry": { "type": "Polygon", "coordinates": [ [ [ 150.276953107270089, 841.883612611988724 ], [ 150.150865791658987, 851.611881805882376 ], [ 159.772183699738093, 851.611881805882376 ], [ 159.772183694598397, 857.94787164687807 ], [ 153.765517840485188, 861.36633068694664 ], [ 143.929982630589592, 860.79999990779811 ], [ 142.580474938279593, 858.713350334442566 ], [ 116.500965136967395, 855.274294095714708 ], [ 117.798027653070704, 847.203682888556386 ], [ 114.481589656429406, 846.809999907996939 ], [ 114.481589654560395, 841.521231318924379 ], [ 117.7499826319021, 838.039999906435582 ], [ 150.276953107270089, 841.883612611988724 ] ] ] } },
{ "type": "Feature", "properties": { "feature_type": "building", "subtype": "no-damage", "uid": "8bd19508-25bd-420f-b1ee-c36434f651d2" }, "geometry": { "type": "Polygon", "coordinates": [ [ [ 127.384304667907998, 816.689881512062243 ], [ 142.899074789079208, 819.00984713730918 ], [ 147.023593822897595, 817.966417436984898 ], [ 150.228575601712095, 818.657185856046567 ], [ 148.038869177838592, 830.022583091599472 ], [ 158.129519665261114, 831.430580831966267 ], [ 157.104406389813789, 846.233784474353342 ], [ 150.706927286519289, 846.1554270932088 ], [ 150.724519168228909, 841.433012238167862 ], [ 117.779982634829693, 837.539999906546882 ], [ 115.185588527547097, 834.950575188490461 ], [ 116.124253686701195, 812.422611308978958 ], [ 116.569982634650898, 812.329999906103694 ], [ 127.384304667907998, 816.689881512062243 ] ] ] } },
{ "type": "Feature", "properties": { "feature_type": "building", "subtype": "no-damage", "uid": "6ef66fdf-114c-4c7e-b3f8-2951b7198023" }, "geometry": { "type": "Polygon", "coordinates": [ [ [ 163.761510635137313, 788.017317106486416 ], [ 161.649514017812606, 804.209291145002112 ], [ 157.190854502369007, 803.974624855563889 ], [ 156.956188213865403, 818.758601149974766 ], [ 151.169982629788791, 818.359999907228371 ], [ 147.188010675493587, 816.606382162349519 ], [ 142.831534425132105, 818.494188539251127 ], [ 127.516448941866201, 816.204082297714081 ], [ 117.299982630974498, 812.089999905110517 ], [ 117.532251430572003, 800.923963077916142 ], [ 119.878914333363198, 801.627961949968608 ], [ 119.878914334998598, 798.342633886620547 ], [ 118.236250303792303, 798.107967593444414 ], [ 119.796645378326104, 786.773857276661147 ], [ 125.5423751461866, 784.591732285345188 ], [ 163.761510635137313, 788.017317106486416 ] ] ] } },
{ "type": "Feature", "properties": { "feature_type": "building", "subtype": "no-damage", "uid": "e5dbb272-4e65-4daf-8195-4895cde56196" }, "geometry": { "type": "Polygon", "coordinates": [ [ [ 85.34998264103973, 778.239999906291587 ], [ 114.585804345727396, 782.174021736470308 ], [ 116.240608955176796, 783.828826350125382 ], [ 114.769671519337507, 798.722067839379179 ], [ 72.664087556656071, 791.183513505727774 ], [ 72.82334250981971, 789.169999905577811 ], [ 72.823342512856811, 791.016731130189896 ], [ 73.323342508072898, 791.016731130189896 ], [ 73.323342509241016, 778.099999906023754 ], [ 85.34998264103973, 778.239999906291587 ] ] ] } },
{ "type": "Feature", "properties": { "feature_type": "building", "subtype": "no-damage", "uid": "714122ae-677d-4303-ac80-f178ce71652d" }, "geometry": { "type": "Polygon", "coordinates": [ [ [ 90.866938266206219, 754.777812080075932 ], [ 90.683071089558993, 777.393475084768056 ], [ 85.839982639407282, 777.749999907223128 ], [ 73.323342512044491, 777.599999906135054 ], [ 73.323342512511744, 758.670703073403388 ], [ 73.111821910437314, 758.670703073403388 ], [ 73.399556270487295, 753.674609004305808 ], [ 90.866938266206219, 754.777812080075932 ] ] ] } },
{ "type": "Feature", "properties": { "feature_type": "building", "subtype": "no-damage", "uid": "674a37a5-41ce-416a-9d53-093fd9f47b17" }, "geometry": { "type": "Polygon", "coordinates": [ [ [ 72.823342512623185, 760.099999906292965 ], [ 72.823342512155946, 784.219999907053648 ], [ 56.85151017132101, 785.115896600206497 ], [ 56.851510170853757, 768.75171767534664 ], [ 53.541900952655872, 768.935584857133563 ], [ 54.277369664150861, 759.558358731778185 ], [ 72.823342512623185, 760.099999906292965 ] ] ] } },
{ "type": "Feature", "properties": { "feature_type": "building", "subtype": "no-damage", "uid": "e07951a2-63c7-42b3-961a-9e71e09b9281" }, "geometry": { "type": "Polygon", "coordinates": [ [ [ 110.9084607674599, 833.472964655113969 ], [ 23.93928515103741, 819.315191881794249 ], [ 25.41022257799899, 809.937965756438757 ], [ 35.339050239367737, 798.538200661330166 ], [ 111.276195123090602, 808.834762680668632 ], [ 112.930999733941704, 810.673434472372719 ], [ 110.9084607674599, 833.472964655113969 ] ] ] } },
{ "type": "Feature", "properties": { "feature_type": "building", "subtype": "no-damage", "uid": "0f50dcab-6dc7-4ee3-95ae-744296d181c9" }, "geometry": { "type": "Polygon", "coordinates": [ [ [ 25.314906472851831, 783.089716150934805 ], [ 22.969982645421648, 812.449999908469294 ], [ 1.311909867220859, 809.192882914222082 ], [ 1.31194151896191, 780.217016472145019 ], [ 25.314906472851831, 783.089716150934805 ] ] ] } },
{ "type": "Feature", "properties": { "feature_type": "building", "subtype": "no-damage", "uid": "734e0f96-5e5e-48e0-af61-79c13b6b7e26" }, "geometry": { "type": "Polygon", "coordinates": [ [ [ 36.68320065361403, 758.432110463541335 ], [ 36.13159911946714, 768.912539664666838 ], [ 37.602536548531319, 768.728672482879915 ], [ 36.358009019474601, 797.04567184625671 ], [ 23.323315983591659, 812.166666571834867 ], [ 25.851608773303781, 782.649779320209632 ], [ 20.65691151052263, 781.698790500238033 ], [ 22.74998264536789, 757.739999907117408 ], [ 36.68320065361403, 758.432110463541335 ] ] ] } },
{ "type": "Feature", "properties": { "feature_type": "building", "subtype": "no-damage", "uid": "4b028756-41f7-4379-bd1b-60e3003a698a" }, "geometry": { "type": "Polygon", "coordinates": [ [ [ 22.15769352420028, 755.674102781592183 ], [ 19.856647742937032, 781.63419064475795 ], [ 1.311942064004882, 779.687705471395475 ], [ 1.311967551830905, 753.771320771296814 ], [ 22.15769352420028, 755.674102781592183 ] ] ] } },
{ "type": "Feature", "properties": { "feature_type": "building", "subtype": "no-damage", "uid": "b866138c-ea15-4152-9ff4-74214f6f3a0f" }, "geometry": { "type": "Polygon", "coordinates": [ [ [ 138.179982631871212, 750.579999906767625 ], [ 135.749982633029589, 780.559999905924656 ], [ 132.048672114264207, 783.81323820524301 ], [ 116.5354474032155, 782.153793681187949 ], [ 120.606063757048204, 753.348981278785004 ], [ 133.495233294949486, 754.891995626817106 ], [ 133.772423716946491, 750.572506578431671 ], [ 137.265900114361386, 750.388639400382658 ], [ 138.179982631871212, 750.579999906767625 ] ] ] } },
{ "type": "Feature", "properties": { "feature_type": "building", "subtype": "no-damage", "uid": "9258294a-654b-4a17-86ce-092646ce7078" }, "geometry": { "type": "Polygon", "coordinates": [ [ [ 149.380298805788811, 751.880411945321157 ], [ 162.08796926497979, 752.411178366397735 ], [ 160.759236070794088, 771.343351014990617 ], [ 146.640890982276289, 770.046768300238114 ], [ 146.06463199892849, 776.385617117533457 ], [ 136.689982632091187, 775.129999905414024 ], [ 138.669982629537913, 750.689999908313098 ], [ 149.380298805788811, 751.880411945321157 ] ] ] } },
{ "type": "Feature", "properties": { "feature_type": "building", "subtype": "no-damage", "uid": "13b13cfb-f580-4805-b0a2-477bc723948b" }, "geometry": { "type": "Polygon", "coordinates": [ [ [ 96.959982637451972, 744.599999906005678 ], [ 96.857786535241175, 744.936579955349544 ], [ 120.139982632369296, 752.049999907711253 ], [ 117.131259086412001, 765.353863952811707 ], [ 113.593528814091101, 764.911647669676768 ], [ 112.178436702592805, 766.149853264697413 ], [ 93.428466255203389, 761.727690422133946 ], [ 96.751114037390764, 744.568698132537293 ], [ 96.959982637451972, 744.599999906005678 ] ] ] } },
{ "type": "Feature", "properties": { "feature_type": "building", "subtype": "no-damage", "uid": "058d7ad1-338d-4972-a248-dba7003b502d" }, "geometry": { "type": "Polygon", "coordinates": [ [ [ 118.793020148226304, 733.18758321269911 ], [ 118.648955400169896, 734.916360159472447 ], [ 129.039982629404307, 736.969999908227578 ], [ 133.699982632645487, 748.969999905556051 ], [ 132.520385774921408, 754.210013593887879 ], [ 121.712828678357596, 751.972667990458376 ], [ 97.989982637353208, 744.759999907913766 ], [ 98.623955731752702, 744.856827623043159 ], [ 99.488344207942575, 738.950173045244696 ], [ 103.089962855618793, 739.52643202625643 ], [ 103.954351327837003, 733.475712703204977 ], [ 104.962804551382405, 733.475712703204977 ], [ 105.539063529824205, 730.018158802182484 ], [ 118.793020148226304, 733.18758321269911 ] ] ] } },
{ "type": "Feature", "properties": { "feature_type": "building", "subtype": "no-damage", "uid": "1d4a22d7-01be-4357-b004-9dcdf9d66b2c" }, "geometry": { "type": "Polygon", "coordinates": [ [ [ 145.069982631335392, 728.869999905545228 ], [ 159.789982625820898, 732.649999905301797 ], [ 159.52998262762631, 744.729999905453383 ], [ 156.311621860046898, 750.495396805087921 ], [ 133.93547788174709, 747.930542356924434 ], [ 129.599982631410114, 737.029999905672412 ], [ 129.453811338759607, 733.18758321269911 ], [ 133.299982630211588, 727.599999906052176 ], [ 145.069982631335392, 728.869999905545228 ] ] ] } },
{ "type": "Feature", "properties": { "feature_type": "building", "subtype": "no-damage", "uid": "104c0edd-1801-41fc-a877-d5d583cbf632" }, "geometry": { "type": "Polygon", "coordinates": [ [ [ 171.088522880384687, 727.424993376415614 ], [ 178.291760170830997, 728.289381851671237 ], [ 174.402012035686113, 747.305928303557039 ], [ 169.071616437031906, 744.712762877790169 ], [ 160.03998262529791, 744.409999905375116 ], [ 161.868379145884688, 733.18758321269911 ], [ 162.732767620906486, 725.840281174895267 ], [ 171.088522880384687, 727.424993376415614 ] ] ] } },
{ "type": "Feature", "properties": { "feature_type": "building", "subtype": "no-damage", "uid": "18db6e23-5ec2-4b64-97c8-0e95fa40fe45" }, "geometry": { "type": "Polygon", "coordinates": [ [ [ 139.746868170625191, 718.910028386918952 ], [ 145.300933376152813, 721.662403543870141 ], [ 145.069982631335392, 728.869999905545228 ], [ 133.299982630211588, 727.599999906052176 ], [ 134.805001455646305, 720.33280784593137 ], [ 139.746868170625191, 718.910028386918952 ] ] ] } },
{ "type": "Feature", "properties": { "feature_type": "building", "subtype": "no-damage", "uid": "90049ea3-4d41-4ac8-a05b-4ffbe30dd1f1" }, "geometry": { "type": "Polygon", "coordinates": [ [ [ 136.368919134728486, 707.832187943518079 ], [ 132.739982633345392, 727.77999990586261 ], [ 131.758847268413007, 727.713122870659504 ], [ 118.360825911766696, 726.992799140656757 ], [ 106.979710991698099, 722.094597779628884 ], [ 110.869459128945607, 705.671216757247976 ], [ 115.047336755297195, 706.679669977756475 ], [ 115.479530994326694, 703.366180821986973 ], [ 136.368919134728486, 707.832187943518079 ] ] ] } },
{ "type": "Feature", "properties": { "feature_type": "building", "subtype": "no-damage", "uid": "cce91f2d-8e74-424e-b2a0-22cc25816276" }, "geometry": { "type": "Polygon", "coordinates": [ [ [ 80.86557474660502, 718.30527796651495 ], [ 82.018092713767956, 700.297184735137648 ], [ 98.153344248442025, 701.593767449890152 ], [ 96.712696790773293, 719.60186067752943 ], [ 80.86557474660502, 718.30527796651495 ] ] ] } },
{ "type": "Feature", "properties": { "feature_type": "building", "subtype": "no-damage", "uid": "8ccdb809-b8eb-4003-81b5-9e2b9f99798d" }, "geometry": { "type": "Polygon", "coordinates": [ [ [ 75.928948804126435, 698.656147268685686 ], [ 71.700003687506907, 749.77122300928022 ], [ 62.690511923158049, 749.403488649444284 ], [ 62.138910383871441, 752.713097873016409 ], [ 54.784223230607331, 752.345363513180359 ], [ 53.789982640336802, 750.039999907336437 ], [ 55.721584181595972, 696.141328118549836 ], [ 75.928948804126435, 698.656147268685686 ] ] ] } },
{ "type": "Feature", "properties": { "feature_type": "building", "subtype": "no-damage", "uid": "4583703e-ed37-4796-b380-679cb3c9e8a4" }, "geometry": { "type": "Polygon", "coordinates": [ [ [ 53.789982640336802, 750.039999907336437 ], [ 50.923012469852097, 749.77122300928022 ], [ 41.913520703867889, 749.219621471395271 ], [ 41.913520707138609, 747.013215323593158 ], [ 37.13297405683943, 747.013215323593158 ], [ 37.132974053335083, 740.945598421809791 ], [ 34.374966373956553, 740.945598421809791 ], [ 34.926567909505181, 733.407044084420477 ], [ 31.80082586491741, 733.407044084420477 ], [ 32.610825866400262, 724.203099609221795 ], [ 36.048098824514938, 724.203099609221795 ], [ 36.207853574841181, 718.931192792852016 ], [ 33.482176884577882, 718.419676177484348 ], [ 33.909982644123232, 709.359999905328209 ], [ 38.627132665807238, 710.125059300889802 ], [ 38.954152911406688, 705.873796123514921 ], [ 36.329982644948167, 705.509999907306678 ], [ 36.769982644822058, 696.819999904830411 ], [ 44.119926855874603, 697.369077014866548 ], [ 55.151957586004393, 698.104545730800623 ], [ 55.721584181595972, 696.141328118549836 ], [ 53.789982640336802, 750.039999907336437 ] ] ] } },
{ "type": "Feature", "properties": { "feature_type": "building", "subtype": "no-damage", "uid": "05d2372a-88c6-4c8c-8a33-e6b1b099b93e" }, "geometry": { "type": "Polygon", "coordinates": [ [ [ 31.749982645931659, 696.43999990730731 ], [ 33.589982647783003, 700.709999906132452 ], [ 32.168560226622297, 718.513802591428657 ], [ 21.439982645164608, 718.269999907157398 ], [ 21.51349267741335, 715.923603335770395 ], [ 15.543372027901039, 715.923603335770395 ], [ 15.42998265035434, 718.129999906889566 ], [ 7.309982651640961, 717.939999906259004 ], [ 7.554561121061896, 715.194316634123084 ], [ 2.606013423996192, 715.353947204830433 ], [ 2.139982649326377, 717.829999908451441 ], [ 1.31199857839622, 717.810009883457155 ], [ 1.312016236106412, 694.157840619377453 ], [ 31.749982645931659, 696.43999990730731 ] ] ] } },
{ "type": "Feature", "properties": { "feature_type": "building", "subtype": "no-damage", "uid": "46ab9a6f-b78b-4788-860b-0a938e48bbbd" }, "geometry": { "type": "Polygon", "coordinates": [ [ [ 1.311886526625848, 828.861020961713962 ], [ 20.39299353482296, 831.663351913776637 ], [ 14.10348808268704, 874.491889061275174 ], [ 1.311827316456177, 873.948604865118796 ], [ 1.311886526625848, 828.861020961713962 ] ] ] } },
{ "type": "Feature", "properties": { "feature_type": "building", "subtype": "no-damage", "uid": "59c91fcf-1d1c-453e-9e5b-0204fe585ba6" }, "geometry": { "type": "Polygon", "coordinates": [ [ [ 419.485657161673089, 829.547857124452889 ], [ 421.881659237253189, 822.359850888365486 ], [ 418.886656643478887, 821.461350111190768 ], [ 418.587156383096897, 810.379840497378382 ], [ 423.379160537060727, 803.491334522841157 ], [ 426.074662874891885, 804.389835303753785 ], [ 428.470664953041876, 796.902328806116202 ], [ 440.450675344492879, 801.095332445391364 ], [ 441.349176123536381, 797.50132932921656 ], [ 462.314194301450073, 803.491334522841157 ], [ 456.324189111331577, 828.0503558241777 ], [ 449.735183393673879, 830.146857643815338 ], [ 448.83668261416318, 837.634364137715011 ], [ 426.673663395422295, 833.14186024062758 ], [ 419.485657161673089, 829.547857124452889 ] ] ] } },
{ "type": "Feature", "properties": { "feature_type": "building", "subtype": "no-damage", "uid": "88c55626-b905-4f87-b08f-7a8af9b1cb90" }, "geometry": { "type": "Polygon", "coordinates": [ [ [ 390.879982591991791, 857.079999905486375 ], [ 390.737374877197283, 857.877523766818172 ], [ 402.236023104519006, 859.285521507184967 ], [ 400.82802535948008, 870.549503448809674 ], [ 394.961368102034726, 870.314837155633654 ], [ 394.726701812596616, 872.192167482352716 ], [ 399.420027620281701, 872.192167482352716 ], [ 398.481362459024979, 881.109486514644004 ], [ 391.910706327191178, 881.344152807820137 ], [ 391.910706326957609, 890.965470712163892 ], [ 378.534727779225079, 887.680142648815945 ], [ 377.830728907640207, 891.669469584216358 ], [ 363.516085195146673, 888.384141517130388 ], [ 365.459982597228077, 871.989999905979744 ], [ 368.839982598054007, 856.719999905865507 ], [ 379.905340574082913, 858.101339319285103 ], [ 380.219982594994121, 856.199999908074574 ], [ 390.879982591991791, 857.079999905486375 ] ] ] } },
{ "type": "Feature", "properties": { "feature_type": "building", "subtype": "no-damage", "uid": "0affd3ea-6542-41bd-ba19-9a444bea449e" }, "geometry": { "type": "Polygon", "coordinates": [ [ [ 329.95880566859779, 819.157585848791086 ], [ 329.958805672102073, 820.565583592895905 ], [ 339.466384773319305, 821.453449642997384 ], [ 338.031869076180897, 875.141231033484246 ], [ 334.182798896005011, 874.77349667364831 ], [ 334.182798899042098, 881.109486514644004 ], [ 328.316141638793283, 880.170821353153428 ], [ 327.612142768376373, 887.914808938254055 ], [ 315.644161959842279, 887.445476355639812 ], [ 315.174829375359195, 879.701488774277209 ], [ 308.604173245861602, 880.170821353153428 ], [ 307.900174374743926, 852.010866504698697 ], [ 299.921520503010811, 836.99222392084971 ], [ 304.614846309060624, 823.381579077367633 ], [ 305.318845179010225, 818.922919559352977 ], [ 329.95880566859779, 819.157585848791086 ] ] ] } },
{ "type": "Feature", "properties": { "feature_type": "building", "subtype": "no-damage", "uid": "8ea95906-9a7f-49bd-bf7e-8f69ca7d29e1" }, "geometry": { "type": "Polygon", "coordinates": [ [ [ 361.404088578756387, 838.400221661216619 ], [ 372.009982598945385, 837.269999906831345 ], [ 365.269982595195927, 870.499999907133883 ], [ 362.108087449173297, 870.080170866195431 ], [ 361.873421160669693, 872.192167482352716 ], [ 356.006763902990713, 871.488168610300249 ], [ 355.718634409915126, 874.427415354857658 ], [ 344.977448251274495, 873.600165222719511 ], [ 345.446780835757579, 865.386845058742665 ], [ 338.989982599053803, 864.439999907286733 ], [ 342.202112961735395, 840.042885694759548 ], [ 350.374772933348027, 840.042885694759548 ], [ 352.486769543430512, 834.410894725816206 ], [ 361.404088578756387, 838.400221661216619 ] ] ] } },
{ "type": "Feature", "properties": { "feature_type": "building", "subtype": "no-damage", "uid": "148f0e97-ef67-4185-b8ce-4f97d1d526ef" }, "geometry": { "type": "Polygon", "coordinates": [ [ [ 402.119982591934786, 835.819658156006199 ], [ 406.460016329823588, 837.461556499726044 ], [ 401.532024233401273, 856.704192312151463 ], [ 391.206707455606193, 855.296194571784667 ], [ 390.969982594233272, 856.589999906417802 ], [ 369.576773867416478, 854.824480811603848 ], [ 372.579525729604597, 836.919182679056235 ], [ 372.46998259648791, 836.899999906390349 ], [ 373.137403096917978, 830.421567790415793 ], [ 402.119982591934786, 835.819658156006199 ] ] ] } },
{ "type": "Feature", "properties": { "feature_type": "building", "subtype": "no-damage", "uid": "1293b308-9d6f-4a55-bb02-7b667aa65367" }, "geometry": { "type": "Polygon", "coordinates": [ [ [ 398.012029877345412, 783.957642287288081 ], [ 400.358692780837487, 784.192308580464214 ], [ 401.062691650787087, 782.549644546921286 ], [ 408.806679232614783, 783.722975997849971 ], [ 408.572012942475908, 786.538971482321699 ], [ 410.918675849005126, 787.242970354374052 ], [ 403.878687134323627, 811.648264556866593 ], [ 398.246696167250718, 809.770934233885441 ], [ 397.308031004825921, 815.637591492267006 ], [ 387.686713100484781, 813.994927458724078 ], [ 387.452046809177773, 815.872257785443139 ], [ 406.806504358137488, 819.056786920199897 ], [ 405.521351170435878, 826.43224085127747 ], [ 402.236023106154278, 826.197574561839247 ], [ 401.820237467084723, 828.901748306967875 ], [ 407.868014074862515, 829.71756891836344 ], [ 406.694682620663514, 836.288225048797358 ], [ 402.999982593551579, 835.809999906707731 ], [ 375.65998259808498, 830.829999905723184 ], [ 373.841401970371919, 829.013570046310974 ], [ 374.82731911527361, 822.885473023331542 ], [ 370.241087195611783, 822.373616308625628 ], [ 370.737193248246115, 818.192147215878776 ], [ 375.953398582790612, 819.157585848791086 ], [ 385.105383906853774, 779.968315351887782 ], [ 398.012029877345412, 783.957642287288081 ] ] ] } },
{ "type": "Feature", "properties": { "feature_type": "building", "subtype": "no-damage", "uid": "15aca03d-6d09-4d9e-a838-c5068bf2c03f" }, "geometry": { "type": "Polygon", "coordinates": [ [ [ 309.749982604758372, 789.509999907296447 ], [ 333.249982602090085, 794.769999905078748 ], [ 332.882734418014991, 796.693956069936917 ], [ 328.819108485129675, 803.015151957906369 ], [ 328.254715996300718, 808.884833855746933 ], [ 330.060771964524974, 809.33634784961373 ], [ 328.071501718055117, 819.083083579713161 ], [ 316.42612457637, 817.860105605960143 ], [ 316.793858932234286, 816.205300996043093 ], [ 302.039982607196521, 813.539999908151799 ], [ 304.162021941010778, 802.93289495293061 ], [ 302.8826213643801, 797.266978102183543 ], [ 306.729982605422208, 789.409999906571102 ], [ 309.749982604758372, 789.509999907296447 ] ] ] } },
{ "type": "Feature", "properties": { "feature_type": "building", "subtype": "no-damage", "uid": "52c41ca6-d375-4442-af99-2a3f46ed28ba" }, "geometry": { "type": "Polygon", "coordinates": [ [ [ 335.930453864233016, 780.55233085180987 ], [ 333.249982602090085, 794.769999905078748 ], [ 309.749982604758372, 789.509999907296447 ], [ 312.096780794550909, 779.577194324673201 ], [ 312.677483269343327, 776.150069429363839 ], [ 335.930453864233016, 780.55233085180987 ] ] ] } },
{ "type": "Feature", "properties": { "feature_type": "building", "subtype": "no-damage", "uid": "728669e1-d534-48e8-a129-319cd5229e9f" }, "geometry": { "type": "Polygon", "coordinates": [ [ [ 297.986968540651503, 765.918896063468537 ], [ 299.341510517579081, 768.402223016653011 ], [ 310.967995813388598, 770.885549973575507 ], [ 306.729982605422208, 789.409999906571102 ], [ 302.8826213643801, 797.266978102183543 ], [ 304.162021941010778, 802.93289495293061 ], [ 302.039982607196521, 813.539999908151799 ], [ 298.664239530750592, 817.730126658767972 ], [ 267.759264063040519, 810.419797300922028 ], [ 273.153698979376827, 784.430969737248006 ], [ 278.571866885218128, 785.785511715110374 ], [ 283.764277795527676, 762.871176615147078 ], [ 297.986968540651503, 765.918896063468537 ] ] ] } },
{ "type": "Feature", "properties": { "feature_type": "building", "subtype": "no-damage", "uid": "eaf401a0-fda6-4d12-92f3-4a3c7d23cfff" }, "geometry": { "type": "Polygon", "coordinates": [ [ [ 282.854889031561527, 847.808184337629655 ], [ 300.525404356954198, 847.808184337629655 ], [ 300.525404352515409, 867.87470174187888 ], [ 283.753389810371289, 868.174202003429059 ], [ 282.854889031561527, 847.808184337629655 ] ] ] } },
{ "type": "Feature", "properties": { "feature_type": "building", "subtype": "no-damage", "uid": "25df777b-7a0d-4148-ba7c-1865f4cd1055" }, "geometry": { "type": "Polygon", "coordinates": [ [ [ 266.029982614634321, 887.049999907561187 ], [ 269.266440484648911, 890.47288524790963 ], [ 269.090231653996227, 902.292747643220309 ], [ 268.588780889190389, 909.831301980609737 ], [ 263.440499883026973, 911.486106590526788 ], [ 256.63741426554509, 909.831301980609737 ], [ 257.372882977040092, 888.870443582096641 ], [ 258.476086051875313, 887.031771794130464 ], [ 266.029982614634321, 887.049999907561187 ] ] ] } },
{ "type": "Feature", "properties": { "feature_type": "building", "subtype": "no-damage", "uid": "77e4c405-846c-41ed-9dcd-864d7257d52f" }, "geometry": { "type": "Polygon", "coordinates": [ [ [ 286.423897243109877, 870.851460047319733 ], [ 286.056162888180097, 880.596420532511161 ], [ 290.101240823947194, 881.331889248445236 ], [ 290.468975177942525, 888.318842047949602 ], [ 286.240030062491087, 888.318842047949602 ], [ 286.791631603646692, 905.234622506956498 ], [ 278.517608552661784, 905.234622506956498 ], [ 278.333741371809424, 902.292747643220309 ], [ 269.090231653996227, 902.292747643220309 ], [ 269.266440484648911, 890.47288524790963 ], [ 266.029982614634321, 887.049999907561187 ], [ 266.56624192317588, 870.299858513172694 ], [ 286.423897243109877, 870.851460047319733 ] ] ] } },
{ "type": "Feature", "properties": { "feature_type": "building", "subtype": "no-damage", "uid": "2c9baad2-683d-4d94-8874-046886dc462b" }, "geometry": { "type": "Polygon", "coordinates": [ [ [ 244.134446100510587, 882.618959498526351 ], [ 243.977497665473805, 871.02781591738983 ], [ 231.842263856537187, 871.211683095438843 ], [ 231.813784076578997, 863.008406389938841 ], [ 231.669719333428702, 846.585025363819909 ], [ 249.677812559894903, 846.440960618567033 ], [ 249.677812560829409, 851.627291466362749 ], [ 263.65209290222532, 851.771356211615739 ], [ 265.463038848340716, 882.067357964379198 ], [ 244.134446100510587, 882.618959498526351 ] ] ] } },
{ "type": "Feature", "properties": { "feature_type": "building", "subtype": "no-damage", "uid": "772c5683-636d-4020-83df-6c5eb62620d3" }, "geometry": { "type": "Polygon", "coordinates": [ [ [ 202.828149606361592, 839.422946976548246 ], [ 192.5028328297347, 841.065611010091288 ], [ 187.879982620886608, 839.169999905660688 ], [ 187.809507022283213, 817.598981969089209 ], [ 193.223156559737191, 818.755988565805637 ], [ 201.889484447908387, 817.364315679651099 ], [ 202.828149606361592, 839.422946976548246 ] ] ] } },
{ "type": "Feature", "properties": { "feature_type": "building", "subtype": "no-damage", "uid": "cb9105e0-1b26-4527-9b52-6be7f1cee8bb" }, "geometry": { "type": "Polygon", "coordinates": [ [ [ 187.879982620886608, 839.169999905660688 ], [ 180.769518311105998, 839.657613269724379 ], [ 181.00418460661831, 818.302980841141675 ], [ 187.809507022283213, 817.598981969089209 ], [ 187.879982620886608, 839.169999905660688 ] ] ] } },
{ "type": "Feature", "properties": { "feature_type": "building", "subtype": "no-damage", "uid": "6f046369-0bae-423b-8285-d4a2f1abe4df" }, "geometry": { "type": "Polygon", "coordinates": [ [ [ 194.145496863277202, 736.169779201372762 ], [ 218.785457352864796, 739.689773557896842 ], [ 217.142793320023202, 752.127086946712211 ], [ 192.737499122910691, 748.841758883364264 ], [ 194.145496863277202, 736.169779201372762 ] ] ] } },
{ "type": "Feature", "properties": { "feature_type": "building", "subtype": "no-damage", "uid": "09d61355-53ad-400a-9547-bcde72e5a3e7" }, "geometry": { "type": "Polygon", "coordinates": [ [ [ 189.217504767088514, 770.431057597647168 ], [ 205.1748125107882, 770.196391308208945 ], [ 204.940146221583802, 781.225706956657632 ], [ 189.452171056760193, 781.225706956657632 ], [ 189.217504767088514, 770.431057597647168 ] ] ] } },
{ "type": "Feature", "properties": { "feature_type": "building", "subtype": "no-damage", "uid": "d5bd558e-469d-466b-860c-42d410141634" }, "geometry": { "type": "Polygon", "coordinates": [ [ [ 278.511643424827412, 832.218954079221362 ], [ 278.511643423192027, 843.802586352378967 ], [ 254.057308629372386, 843.067117636444891 ], [ 254.229982615722605, 832.299999906666812 ], [ 278.511643424827412, 832.218954079221362 ] ] ] } },
{ "type": "Feature", "properties": { "feature_type": "building", "subtype": "no-damage", "uid": "bd5eb31f-23e4-470d-abcf-51dd07c15cf6" }, "geometry": { "type": "Polygon", "coordinates": [ [ [ 266.939982609366496, 831.909999908323584 ], [ 253.039682987695187, 831.785111390548423 ], [ 253.039982616015891, 831.919999905405803 ], [ 252.789982611399097, 831.92999990622593 ], [ 252.569681273136297, 818.796650018097694 ], [ 267.295745511976179, 818.796650018097694 ], [ 266.939982609366496, 831.909999908323584 ] ] ] } },
{ "type": "Feature", "properties": { "feature_type": "building", "subtype": "no-damage", "uid": "adb767b3-dc33-422a-9981-edfcc34cf152" }, "geometry": { "type": "Polygon", "coordinates": [ [ [ 251.009982615169406, 832.029999906951161 ], [ 250.931566591793313, 832.035086901172349 ], [ 250.9315665931951, 842.515516098559942 ], [ 225.006294364003509, 843.250984814493904 ], [ 225.006294364003509, 837.918836628644613 ], [ 218.754810285107311, 837.918836628644613 ], [ 218.754810282303907, 833.506024333040386 ], [ 205.332506226323602, 833.6898915110894 ], [ 205.332506226790912, 824.680399745569957 ], [ 210.296920055138997, 825.048134101667983 ], [ 210.113052878958996, 818.796650018097694 ], [ 250.782681623403192, 818.796650018097694 ], [ 251.009982615169406, 832.029999906951161 ] ] ] } },
{ "type": "Feature", "properties": { "feature_type": "building", "subtype": "no-damage", "uid": "9bc30bb5-e752-40f5-8281-ad1b4bdf0952" }, "geometry": { "type": "Polygon", "coordinates": [ [ [ 241.958496559136705, 777.957048515586621 ], [ 241.723830268530492, 784.527704646020538 ], [ 247.039982613148112, 784.929999905475142 ], [ 244.399465043388403, 808.87336497790227 ], [ 247.379982612296601, 815.239999905530567 ], [ 247.079386185927206, 817.648511059800398 ], [ 236.468807372112508, 817.084118568401436 ], [ 236.4688073697763, 814.826548610281293 ], [ 232.292302947068407, 814.713670112749128 ], [ 232.06654594990141, 816.632604578272549 ], [ 221.1173316406867, 815.616698096744813 ], [ 221.794602631253099, 804.215969793660179 ], [ 216.614537198431293, 804.005006751622204 ], [ 218.726533811550894, 777.018383354096045 ], [ 241.958496559136705, 777.957048515586621 ] ] ] } },
{ "type": "Feature", "properties": { "feature_type": "building", "subtype": "no-damage", "uid": "c887c65f-07ce-4224-ab21-ae3f34a4d62d" }, "geometry": { "type": "Polygon", "coordinates": [ [ [ 266.833123337695213, 786.40503496900169 ], [ 265.027067365499079, 808.843988214908563 ], [ 260.173291951991189, 808.505352718573931 ], [ 259.721777961862472, 815.729576594276978 ], [ 247.379982612296601, 815.239999905530567 ], [ 244.399465043388403, 808.87336497790227 ], [ 247.039982613148112, 784.929999905475142 ], [ 266.833123337695213, 786.40503496900169 ] ] ] } },
{ "type": "Feature", "properties": { "feature_type": "building", "subtype": "no-damage", "uid": "5bd415d0-ac1f-4f19-97cb-85caee9fd8d4" }, "geometry": { "type": "Polygon", "coordinates": [ [ [ 405.07214497121339, 882.366951910709531 ], [ 415.554654061688893, 882.66645217225971 ], [ 414.955653546531778, 890.453458927709676 ], [ 404.772644713868488, 889.854458408347227 ], [ 405.07214497121339, 882.366951910709531 ] ] ] } },
{ "type": "Feature", "properties": { "feature_type": "building", "subtype": "no-damage", "uid": "7b5c5dc7-b57a-458a-b198-271ef9e38d28" }, "geometry": { "type": "Polygon", "coordinates": [ [ [ 544.54310838369679, 627.337182369843731 ], [ 543.306868717790849, 628.829366129028585 ], [ 549.323655033528667, 632.669330559430932 ], [ 546.74998256875233, 636.30999990626492 ], [ 540.834578903938223, 632.725962502497623 ], [ 529.060851535690745, 643.565267067230138 ], [ 525.86776208498361, 654.834994532731685 ], [ 534.039982569968629, 660.639999905558398 ], [ 531.120804323277639, 664.662219693216571 ], [ 520.640375125659375, 657.123665355827256 ], [ 523.582249989862021, 652.343118704125004 ], [ 513.837289504906835, 643.517494116654461 ], [ 516.779164367941348, 632.301596203332906 ], [ 530.385335608511923, 617.592221888390213 ], [ 544.54310838369679, 627.337182369843731 ] ] ] } },
{ "type": "Feature", "properties": { "feature_type": "building", "subtype": "no-damage", "uid": "d298702d-1ebd-4d10-9ae5-f1edf8a2065f" }, "geometry": { "type": "Polygon", "coordinates": [ [ [ 546.74998256875233, 636.30999990626492 ], [ 553.920334506713402, 641.862689506737411 ], [ 539.394827372860846, 661.720344829480496 ], [ 534.039982569968629, 660.639999905558398 ], [ 525.86776208498361, 654.834994532731685 ], [ 529.060851535690745, 643.565267067230138 ], [ 540.834578903938223, 632.725962502497623 ], [ 546.74998256875233, 636.30999990626492 ] ] ] } },
{ "type": "Feature", "properties": { "feature_type": "building", "subtype": "no-damage", "uid": "567d0520-3e4f-4cfa-9720-ca4f863e5f06" }, "geometry": { "type": "Polygon", "coordinates": [ [ [ 590.47457425248092, 678.777258933280336 ], [ 590.658441431464439, 681.351399437180476 ], [ 581.281215303775298, 698.634914256023421 ], [ 591.945511682946858, 704.518663983495685 ], [ 584.406957348363107, 717.205499328685391 ], [ 581.465082485094968, 715.550694718768227 ], [ 574.294262505207371, 726.766592632089896 ], [ 557.194614870959754, 717.573233684783418 ], [ 548.368990285827977, 711.50561678300005 ], [ 573.191059431773851, 673.628977925480058 ], [ 579.62641069596134, 677.674055861248348 ], [ 582.56828555899574, 673.261243565644122 ], [ 590.47457425248092, 678.777258933280336 ] ] ] } },
{ "type": "Feature", "properties": { "feature_type": "building", "subtype": "no-damage", "uid": "40f3a5c5-e27f-4f40-89a2-1a0a36a3b907" }, "geometry": { "type": "Polygon", "coordinates": [ [ [ 557.378482051111291, 660.390541042405403 ], [ 567.307309708508456, 665.722689231992717 ], [ 568.042778422573292, 667.561361019958781 ], [ 558.11395076307349, 682.086868153114551 ], [ 563.694375060649236, 686.114242910005828 ], [ 561.888618062628893, 689.295756903489178 ], [ 559.401021015023275, 687.419016342701866 ], [ 548.185123105442699, 704.518663983495685 ], [ 528.879069323393537, 692.751164532289067 ], [ 528.695202141606615, 689.625422490503979 ], [ 550.943130785522158, 655.242260030867214 ], [ 557.378482051111291, 660.390541042405403 ] ] ] } },
{ "type": "Feature", "properties": { "feature_type": "building", "subtype": "destroyed", "uid": "d41cb6ca-e897-4102-bf26-7a59050d88e3" }, "geometry": { "type": "Polygon", "coordinates": [ [ [ 524.836861836227854, 720.308822639601885 ], [ 529.916394247603534, 712.181570779903268 ], [ 543.010300014134828, 720.534579634666329 ], [ 538.04364610216021, 727.984560505433706 ], [ 524.836861836227854, 720.308822639601885 ] ] ] } },
{ "type": "Feature", "properties": { "feature_type": "building", "subtype": "no-damage", "uid": "26033c03-a7d0-4c18-a5c1-3b68a470c8f6" }, "geometry": { "type": "Polygon", "coordinates": [ [ [ 610.853362945363415, 711.814056272599942 ], [ 619.239982562285036, 714.279999905130012 ], [ 620.315123631314918, 715.357401692323833 ], [ 613.949069977416002, 729.559856891274308 ], [ 607.504392624284264, 727.480928711110778 ], [ 605.799982561570914, 706.579999905349041 ], [ 610.853362945363415, 711.814056272599942 ] ] ] } },
{ "type": "Feature", "properties": { "feature_type": "building", "subtype": "no-damage", "uid": "01c89c7e-7d95-4474-8a9f-b348b3a8975c" }, "geometry": { "type": "Polygon", "coordinates": [ [ [ 615.099815589590207, 696.34359134213787 ], [ 625.719982557794197, 697.579999907352658 ], [ 626.934342075653831, 698.62548841136595 ], [ 620.315123631314918, 715.357401692323833 ], [ 610.853362945363415, 711.814056272599942 ], [ 605.799982561570914, 706.579999905349041 ], [ 605.120732730469285, 698.216908537782615 ], [ 607.449982558820125, 689.08999990632708 ], [ 615.099815589590207, 696.34359134213787 ] ] ] } },
{ "type": "Feature", "properties": { "feature_type": "building", "subtype": "no-damage", "uid": "aec3f56b-497f-4e71-8c2e-2e9508ae4020" }, "geometry": { "type": "Polygon", "coordinates": [ [ [ 631.898755903768347, 687.409590498044395 ], [ 625.719982557794197, 697.579999907352658 ], [ 615.099815589590207, 696.34359134213787 ], [ 607.449982558820125, 689.08999990632708 ], [ 611.591097272232105, 672.833284249761505 ], [ 631.898755903768347, 687.409590498044395 ] ] ] } },
{ "type": "Feature", "properties": { "feature_type": "building", "subtype": "no-damage", "uid": "ca496e50-340a-4ae9-a73b-eaff4ebd0cee" }, "geometry": { "type": "Polygon", "coordinates": [ [ [ 417.496797079546809, 732.966595458111215 ], [ 426.69015602287908, 719.360424215200624 ], [ 447.283280062484891, 731.495658026243177 ], [ 447.283280058046103, 734.805267246077392 ], [ 438.089921115881907, 746.756633875333023 ], [ 417.496797079546809, 732.966595458111215 ] ] ] } },
{ "type": "Feature", "properties": { "feature_type": "building", "subtype": "no-damage", "uid": "d1b265f3-c24a-49a1-8b81-8e6a3268b55a" }, "geometry": { "type": "Polygon", "coordinates": [ [ [ 301.170903434189313, 711.190576742180951 ], [ 293.084396419060397, 732.155594927342804 ], [ 288.591892522441526, 730.658093627067728 ], [ 287.094391227306517, 734.85109726634289 ], [ 283.799888369645828, 733.694766457496712 ], [ 282.901387588966998, 737.846099863155132 ], [ 269.489982613610778, 732.739999905207014 ], [ 273.839982611753385, 714.039999907874744 ], [ 274.215880053774924, 714.185579338993193 ], [ 278.408883691413621, 706.69807284509352 ], [ 282.601887327650388, 703.10406972891883 ], [ 301.170903434189313, 711.190576742180951 ] ] ] } },
{ "type": "Feature", "properties": { "feature_type": "building", "subtype": "no-damage", "uid": "e8ab454a-4d77-4476-80b4-e7c1d683f854" }, "geometry": { "type": "Polygon", "coordinates": [ [ [ 274.215880053774924, 714.185579338993193 ], [ 269.489982613610778, 732.739999905207014 ], [ 221.949982615778197, 714.659999906391135 ], [ 228.729982619771107, 696.5199999063924 ], [ 274.215880053774924, 714.185579338993193 ] ] ] } },
{ "type": "Feature", "properties": { "feature_type": "building", "subtype": "no-damage", "uid": "9c935499-3fb8-4dbd-9a98-59e0413119e9" }, "geometry": { "type": "Polygon", "coordinates": [ [ [ 228.729982619771107, 696.5199999063924 ], [ 221.949982615778197, 714.659999906391135 ], [ 200.239315901084694, 706.398572583543341 ], [ 207.127821874685509, 688.129056737381461 ], [ 228.729982619771107, 696.5199999063924 ] ] ] } },
{ "type": "Feature", "properties": { "feature_type": "building", "subtype": "no-damage", "uid": "673942b8-6a99-42f9-ad38-e9e1040376c9" }, "geometry": { "type": "Polygon", "coordinates": [ [ [ 303.024366622613911, 736.619163497182626 ], [ 309.275850701977276, 717.68084406842263 ], [ 331.523779347294521, 730.183812235563323 ], [ 330.236709096980178, 732.2063512015784 ], [ 331.891513707364027, 732.574085561414449 ], [ 325.823896806750497, 745.444788084653055 ], [ 303.024366622613911, 736.619163497182626 ] ] ] } },
{ "type": "Feature", "properties": { "feature_type": "building", "subtype": "no-damage", "uid": "55625781-d9fc-485b-858e-0d352fdaa914" }, "geometry": { "type": "Polygon", "coordinates": [ [ [ 328.214170131199182, 752.431740884157421 ], [ 329.133506022845779, 741.767444504982905 ], [ 337.039794714929315, 731.654749667431361 ], [ 366.826277695764816, 745.812522444489105 ], [ 367.377879234817783, 749.857600380257281 ], [ 361.861863866248484, 763.27990444138095 ], [ 328.214170131199182, 752.431740884157421 ] ] ] } },
{ "type": "Feature", "properties": { "feature_type": "building", "subtype": "destroyed", "uid": "1fcd1073-b725-4ebd-8ed1-2685a66edae7" }, "geometry": { "type": "Polygon", "coordinates": [ [ [ 306.15010866089392, 713.084164594769391 ], [ 322.146553225445984, 688.813696976422193 ], [ 330.60444345728331, 693.594243628124445 ], [ 314.424131712813221, 717.313109708586694 ], [ 306.15010866089392, 713.084164594769391 ] ] ] } },
{ "type": "Feature", "properties": { "feature_type": "building", "subtype": "no-damage", "uid": "7ef94b55-a457-494b-8cfa-dd743167bc78" }, "geometry": { "type": "Polygon", "coordinates": [ [ [ 393.639229226467876, 738.99406562254228 ], [ 407.889982591826197, 743.80999990849898 ], [ 407.644791411402593, 744.157717830834031 ], [ 405.438385266404623, 747.099592694570219 ], [ 407.093189875386713, 748.202795770340231 ], [ 396.24502632167048, 761.625099831463899 ], [ 384.109792515070126, 757.763889073744735 ], [ 380.259982592901224, 752.829999908135733 ], [ 389.868873790128987, 736.390274287576858 ], [ 388.439982592797378, 733.539999907271635 ], [ 393.639229226467876, 738.99406562254228 ] ] ] } },
{ "type": "Feature", "properties": { "feature_type": "building", "subtype": "no-damage", "uid": "492f5b02-ac73-4687-b729-8f2262dd7ae4" }, "geometry": { "type": "Polygon", "coordinates": [ [ [ 426.206152510422612, 678.366872210239876 ], [ 430.069982588601817, 679.559999905981499 ], [ 430.02411710900401, 679.634046183652231 ], [ 446.539982585267126, 689.419999907225474 ], [ 433.202329279356491, 708.303617943067138 ], [ 429.892720054850827, 707.384282049084163 ], [ 409.851197559437708, 741.031975789048829 ], [ 408.189982593067612, 743.379999906875241 ], [ 393.916215896777373, 738.559901629051751 ], [ 387.968751846754515, 732.315064376526038 ], [ 387.879982593595116, 732.399999907226402 ], [ 387.279982593448381, 731.209999906818439 ], [ 420.679982587124982, 677.549999905606683 ], [ 426.206152510422612, 678.366872210239876 ] ] ] } },
{ "type": "Feature", "properties": { "feature_type": "building", "subtype": "no-damage", "uid": "fc71e012-4f4e-4c81-88d9-9b8659f25e71" }, "geometry": { "type": "Polygon", "coordinates": [ [ [ 386.559982592571714, 730.879999905920045 ], [ 389.300564056437281, 736.371688809117472 ], [ 379.929982594105525, 752.409999907332121 ], [ 379.513113041418194, 751.880139346272472 ], [ 321.962686049032413, 718.232445606307692 ], [ 323.43362348090011, 710.142289731033316 ], [ 335.384990108750628, 700.397329249579798 ], [ 386.559982592571714, 730.879999905920045 ] ] ] } },
{ "type": "Feature", "properties": { "feature_type": "building", "subtype": "no-damage", "uid": "74d22bc8-f3bd-4e08-993c-d4e63be23556" }, "geometry": { "type": "Polygon", "coordinates": [ [ [ 457.105062534590388, 666.749635505877109 ], [ 448.095570768138998, 685.136353400489952 ], [ 427.739982589784574, 678.349999907671304 ], [ 428.380164883102225, 669.874508917841467 ], [ 442.089982583595713, 658.449999905373147 ], [ 457.105062534590388, 666.749635505877109 ] ] ] } },
{ "type": "Feature", "properties": { "feature_type": "building", "subtype": "no-damage", "uid": "0a6f6075-c9e6-4291-b75d-711fa7d8d9f4" }, "geometry": { "type": "Polygon", "coordinates": [ [ [ 441.476352324734478, 658.107878096455579 ], [ 441.619982584532124, 658.189999906477624 ], [ 427.897401986103489, 669.625957193091722 ], [ 427.259982585929322, 678.189999905763216 ], [ 426.317486628344511, 677.8779089637369 ], [ 420.569982587915774, 677.029999907815636 ], [ 378.961511501430721, 650.201589402968239 ], [ 380.616316114851713, 639.537293027531632 ], [ 392.199948383333606, 628.50526229225909 ], [ 441.476352324734478, 658.107878096455579 ] ] ] } },
{ "type": "Feature", "properties": { "feature_type": "building", "subtype": "no-damage", "uid": "be82b009-5e26-4e96-8185-fd6e872bf37a" }, "geometry": { "type": "Polygon", "coordinates": [ [ [ 385.405887023174785, 622.055853349600739 ], [ 388.400889621621616, 625.050855950151004 ], [ 359.948364949810184, 675.06739933373683 ], [ 344.374351441951887, 671.473396213824117 ], [ 336.769982599679508, 666.719999907045803 ], [ 365.318534504459024, 613.186478638927156 ], [ 385.405887023174785, 622.055853349600739 ] ] ] } },
{ "type": "Feature", "properties": { "feature_type": "building", "subtype": "major-damage", "uid": "7dae0611-5d18-4201-85c3-19240e8f94f4" }, "geometry": { "type": "Polygon", "coordinates": [ [ [ 354.439982598507015, 628.249999906863195 ], [ 336.349982599343207, 666.45999990815028 ], [ 334.790343129118185, 665.483391020199633 ], [ 328.201337416366584, 663.087388939011817 ], [ 321.612331703147788, 658.295384784112116 ], [ 338.849982601823115, 624.429999907564024 ], [ 343.475850664076575, 627.147357766050504 ], [ 346.171352998870589, 623.852854907688084 ], [ 354.439982598507015, 628.249999906863195 ] ] ] } },
{ "type": "Feature", "properties": { "feature_type": "building", "subtype": "major-damage", "uid": "c81c9e1b-37d1-4a80-9d5f-e8a90300bf51" }, "geometry": { "type": "Polygon", "coordinates": [ [ [ 342.277849623015811, 615.466847636613693 ], [ 338.384346247628116, 624.152355169238263 ], [ 338.419982599965806, 624.169999904930592 ], [ 327.359982604271977, 644.179999905036311 ], [ 318.059982603167725, 640.459999906462485 ], [ 321.489982603188082, 629.969999905882105 ], [ 331.495840272158318, 610.974343739526262 ], [ 342.277849623015811, 615.466847636613693 ] ] ] } },
{ "type": "Feature", "properties": { "feature_type": "building", "subtype": "destroyed", "uid": "23d8aaab-3c75-4236-a0c7-3e948e9b26cb" }, "geometry": { "type": "Polygon", "coordinates": [ [ [ 319.216329624296918, 592.704827893364495 ], [ 332.094840793856918, 595.400330228626558 ], [ 319.815330139921173, 633.137362963413125 ], [ 320.099982604133515, 632.589999907691208 ], [ 317.459982603021103, 640.689999906635535 ], [ 316.221327025616517, 642.421871015400143 ], [ 301.54581429563342, 641.223869976675246 ], [ 301.545814300072323, 640.924369715124953 ], [ 295.569982607835016, 635.489999906297953 ], [ 303.682884557252578, 609.266038253526517 ], [ 303.579982603601081, 609.229999905714749 ], [ 304.540816892912119, 605.583339061526203 ], [ 301.845314559052611, 604.984338542163755 ], [ 303.342815859327175, 598.994333348539158 ], [ 306.93681897433288, 600.192334387264168 ], [ 311.728823129464786, 588.511824254089333 ], [ 319.216329624296918, 592.704827893364495 ] ] ] } },
{ "type": "Feature", "properties": { "feature_type": "building", "subtype": "destroyed", "uid": "5ca7e232-8168-4f37-ae3d-132ef274c199" }, "geometry": { "type": "Polygon", "coordinates": [ [ [ 297.65998260729441, 627.029999907732758 ], [ 295.159982605982577, 635.119999905857071 ], [ 294.95680858615259, 634.93436452150047 ], [ 288.39998261133951, 633.839999905543891 ], [ 291.559982607672794, 625.769999905321924 ], [ 297.65998260729441, 627.029999907732758 ] ] ] } },
{ "type": "Feature", "properties": { "feature_type": "building", "subtype": "destroyed", "uid": "2d787f5f-4d67-4dfa-a08a-41844f0bbadf" }, "geometry": { "type": "Polygon", "coordinates": [ [ [ 302.589982606980413, 611.10999990664186 ], [ 297.809982608382313, 626.549999905746404 ], [ 291.749982606200717, 625.299999907893721 ], [ 297.949982609584595, 609.489999908348182 ], [ 302.589982606980413, 611.10999990664186 ] ] ] } },
{ "type": "Feature", "properties": { "feature_type": "building", "subtype": "no-damage", "uid": "a8169a5e-6904-49ec-9d06-d531ac95cb18" }, "geometry": { "type": "Polygon", "coordinates": [ [ [ 308.134820011889417, 583.120819579827184 ], [ 297.053310404621527, 609.177342181438917 ], [ 297.479982606549527, 609.329999906440094 ], [ 287.889982611097992, 633.759999906458802 ], [ 287.76880235263701, 633.736363482775573 ], [ 287.53998260715781, 634.329999908350487 ], [ 274.941591713908508, 635.687066448628798 ], [ 247.79998261496911, 625.109999907263159 ], [ 247.935267804064495, 624.751355688600711 ], [ 244.341264686722695, 621.756353091788469 ], [ 267.10328443043278, 567.546806068927367 ], [ 308.134820011889417, 583.120819579827184 ] ] ] } },
{ "type": "Feature", "properties": { "feature_type": "building", "subtype": "no-damage", "uid": "552e2b66-f92e-4013-9c16-907757b7c44b" }, "geometry": { "type": "Polygon", "coordinates": [ [ [ 274.873891795581812, 636.197298711935673 ], [ 287.32998260815782, 634.84999990614142 ], [ 282.377797674171177, 647.513375431850022 ], [ 283.875298972343273, 650.508378028662264 ], [ 279.981795597890084, 660.092386342199575 ], [ 264.40778208769558, 657.696384264749668 ], [ 239.848760790103711, 646.015874131574833 ], [ 247.619982617027688, 625.579999908429386 ], [ 274.873891795581812, 636.197298711935673 ] ] ] } },
{ "type": "Feature", "properties": { "feature_type": "building", "subtype": "destroyed", "uid": "65010712-9861-4203-a7c6-d3e8a307ba53" }, "geometry": { "type": "Polygon", "coordinates": [ [ [ 313.489883209037998, 648.628795671292551 ], [ 323.418710870173072, 652.673873607060727 ], [ 314.593086283172397, 674.00246636167185 ], [ 300.565640755627612, 667.434675932148139 ], [ 302.33450589097032, 661.420534465813375 ], [ 306.314452449463204, 663.189399605829067 ], [ 308.219982605669372, 658.289999907202969 ], [ 312.399982603653712, 648.249999906148673 ], [ 313.489883209037998, 648.628795671292551 ] ] ] } },
{ "type": "Feature", "properties": { "feature_type": "building", "subtype": "destroyed", "uid": "2fc18243-ac39-437b-b62e-134a0ecd4cb1" }, "geometry": { "type": "Polygon", "coordinates": [ [ [ 311.651211422240522, 643.664381837803262 ], [ 309.812539631471509, 647.341725417473413 ], [ 312.399982603653712, 648.249999906148673 ], [ 308.219982605669372, 658.289999907202969 ], [ 298.531445848020894, 657.617474422629243 ], [ 295.701261630397823, 650.984230160653055 ], [ 298.619889106610287, 642.759007274905457 ], [ 302.776722179244928, 644.527872411183239 ], [ 303.83804125825452, 641.6092449342691 ], [ 311.651211422240522, 643.664381837803262 ] ] ] } },
{ "type": "Feature", "properties": { "feature_type": "building", "subtype": "major-damage", "uid": "65f97f7e-58ae-45e9-8a1f-2837e67fcfd3" }, "geometry": { "type": "Polygon", "coordinates": [ [ [ 409.929982589521217, 592.439999908032064 ], [ 416.17085020390482, 596.180959004453484 ], [ 402.794871655237785, 619.412921752279317 ], [ 387.541562779151491, 612.842265621845399 ], [ 401.179982590770692, 591.609999907244969 ], [ 402.660283962983101, 589.940009189971875 ], [ 409.929982589521217, 592.439999908032064 ] ] ] } },
{ "type": "Feature", "properties": { "feature_type": "building", "subtype": "major-damage", "uid": "514ab3c4-4553-4d12-ba12-29148c385ae4" }, "geometry": { "type": "Polygon", "coordinates": [ [ [ 420.439982589869828, 574.029999908317791 ], [ 409.299982588783223, 591.689999906330058 ], [ 402.50710534324088, 589.358712955925967 ], [ 400.959982593987718, 591.109999907356269 ], [ 389.143791747376099, 584.915979222546639 ], [ 400.469982592115684, 565.739999905004879 ], [ 403.804343458032122, 564.561834718639147 ], [ 405.092100162284794, 563.531629355984364 ], [ 405.229982589073586, 563.159999906476401 ], [ 420.439982589869828, 574.029999908317791 ] ] ] } },
{ "type": "Feature", "properties": { "feature_type": "building", "subtype": "destroyed", "uid": "40d94bec-9554-4396-9243-82c33f8724c9" }, "geometry": { "type": "Polygon", "coordinates": [ [ [ 411.477524396453191, 553.002361568411743 ], [ 425.322835528668804, 562.389013183317275 ], [ 422.741506337373892, 570.367667057856011 ], [ 420.699982587830789, 573.599999906694052 ], [ 405.399982588764715, 562.669999907407828 ], [ 408.659982590028619, 553.629999906130934 ], [ 409.606161042491578, 551.689423736829553 ], [ 411.477524396453191, 553.002361568411743 ] ] ] } },
{ "type": "Feature", "properties": { "feature_type": "building", "subtype": "destroyed", "uid": "4307be06-7b22-4c4b-a5fd-a2d51066a57d" }, "geometry": { "type": "Polygon", "coordinates": [ [ [ 406.929982592058877, 556.939999908459185 ], [ 404.669486767106889, 563.229407649320592 ], [ 403.558102274167595, 564.118515244232981 ], [ 400.179982590059126, 565.309999907119163 ], [ 393.855354930951705, 561.298967217799031 ], [ 398.409982592313327, 551.93999990583427 ], [ 398.65694673537962, 551.576545239297388 ], [ 406.929982592058877, 556.939999908459185 ] ] ] } },
{ "type": "Feature", "properties": { "feature_type": "building", "subtype": "major-damage", "uid": "95b61c27-70f4-4816-a89e-7046c18b64a7" }, "geometry": { "type": "Polygon", "coordinates": [ [ [ 383.756984995016921, 547.174283813113448 ], [ 396.669982595392412, 554.359999906192684 ], [ 393.210177772963277, 561.482020448812591 ], [ 396.149982591527419, 563.339999906286835 ], [ 381.789104592710203, 589.328791518150865 ], [ 358.070238515525318, 578.11289360482931 ], [ 363.77998259775211, 564.449999907609595 ], [ 365.283388574217724, 562.421306711650118 ], [ 368.662234658097191, 561.806971059483317 ], [ 379.309982594421285, 544.999999904837523 ], [ 383.756984995016921, 547.174283813113448 ] ] ] } },
{ "type": "Feature", "properties": { "feature_type": "building", "subtype": "major-damage", "uid": "75477ff5-4ea4-4ee1-a288-021a4c317b5e" }, "geometry": { "type": "Polygon", "coordinates": [ [ [ 385.224405471812872, 530.694023102389679 ], [ 379.02998259388562, 544.50999990576895 ], [ 368.357239803632524, 561.354227400079026 ], [ 364.999730606204821, 561.964683617198716 ], [ 363.889982596026812, 563.459999904914412 ], [ 356.047699545772787, 559.358441354118327 ], [ 358.989574409274496, 554.577894702416074 ], [ 352.370355969841626, 551.084418304532846 ], [ 354.209027753134706, 548.142543440796771 ], [ 344.574291226316689, 542.109098323273201 ], [ 356.399982599219527, 524.459999906120743 ], [ 359.262350924936982, 525.275855198415911 ], [ 363.551733854054817, 519.067537804240715 ], [ 385.224405471812872, 530.694023102389679 ] ] ] } },
{ "type": "Feature", "properties": { "feature_type": "building", "subtype": "major-damage", "uid": "03d730eb-28f0-4772-bbe5-341008d58344" }, "geometry": { "type": "Polygon", "coordinates": [ [ [ 353.609982600056298, 527.749999906808739 ], [ 334.247971450539808, 556.936228627879814 ], [ 334.309982602115497, 556.979999908001673 ], [ 334.167505256086201, 557.152035206316214 ], [ 340.418989339654786, 559.54230853216734 ], [ 338.580317547484015, 563.21965211183749 ], [ 350.531684176502722, 568.735667479473818 ], [ 343.544731380971825, 586.01918229831665 ], [ 334.902973973421808, 581.422502824663525 ], [ 331.041763213367517, 588.961057162052839 ], [ 323.135474520816672, 585.467580760431701 ], [ 326.445083742752615, 578.480627960927336 ], [ 313.206646860382477, 573.148479775078044 ], [ 314.493717116070172, 563.771253649722553 ], [ 317.435591979805508, 558.806839816233264 ], [ 313.942115577718027, 555.681097774448176 ], [ 318.513213141772212, 545.593984843924545 ], [ 336.348015831521479, 518.841780809176385 ], [ 353.609982600056298, 527.749999906808739 ] ] ] } },
{ "type": "Feature", "properties": { "feature_type": "building", "subtype": "major-damage", "uid": "b150a465-cefa-411c-a0fe-d662e3b0b878" }, "geometry": { "type": "Polygon", "coordinates": [ [ [ 275.442297899318817, 566.695815571331991 ], [ 268.959384335370714, 548.543657594701813 ], [ 281.493017223303127, 525.349233515528795 ], [ 307.568736217573473, 535.001571484855617 ], [ 308.000930454266722, 540.18790233638947 ], [ 316.356685708137888, 543.78952098266484 ], [ 306.848412485935626, 568.856786757602094 ], [ 298.636721977550906, 575.48376506540319 ], [ 275.442297899318817, 566.695815571331991 ] ] ] } },
{ "type": "Feature", "properties": { "feature_type": "building", "subtype": "destroyed", "uid": "833938fd-b0c9-4c7f-8079-9b896d2b7b13" }, "geometry": { "type": "Polygon", "coordinates": [ [ [ 335.223020788322515, 500.042012165389792 ], [ 318.09238159299349, 534.068624275964112 ], [ 301.665741265511485, 525.38597152937291 ], [ 302.699982606656874, 523.519999907526085 ], [ 325.299982603768683, 495.079999907577587 ], [ 335.223020788322515, 500.042012165389792 ] ] ] } },
{ "type": "Feature", "properties": { "feature_type": "building", "subtype": "destroyed", "uid": "a74e5779-1e16-441b-b1a3-04307ff80bd5" }, "geometry": { "type": "Polygon", "coordinates": [ [ [ 328.183032079014311, 489.482029099555518 ], [ 325.299982603768683, 495.079999907577587 ], [ 302.699982606656874, 523.519999907526085 ], [ 273.271120130897202, 510.132662656085813 ], [ 279.841776264366388, 497.930015552970474 ], [ 277.729779651246872, 496.052685229989379 ], [ 282.188439165989621, 488.308697644888809 ], [ 288.289762714741983, 492.767357162903522 ], [ 293.217754810697102, 486.666033615083791 ], [ 289.932426747350007, 483.146039258559711 ], [ 295.79908400946789, 473.524721350477989 ], [ 299.553744654728177, 475.871384256073384 ], [ 304.012404172274387, 470.474059576568209 ], [ 328.183032079014311, 489.482029099555518 ] ] ] } },
{ "type": "Feature", "properties": { "feature_type": "building", "subtype": "un-classified", "uid": "ed2f435f-140b-4ac8-a4af-dcca4b40e025" }, "geometry": { "type": "Polygon", "coordinates": [ [ [ 5.920358348160049, 40.105039263359302 ], [ 14.562115757812711, 35.876094149542077 ], [ 17.320123439994731, 42.311445411161408 ], [ 8.862233213764361, 46.172656168880607 ], [ 5.920358348160049, 40.105039263359302 ] ] ] } },
{ "type": "Feature", "properties": { "feature_type": "building", "subtype": "destroyed", "uid": "4939ff5a-c7b0-4787-b530-f9026f29c56e" }, "geometry": { "type": "Polygon", "coordinates": [ [ [ 76.170172428926961, 284.585525293104126 ], [ 92.718218529261364, 284.953259649202209 ], [ 91.615015456295112, 297.088493456506797 ], [ 80.215250368198397, 297.088493456506797 ], [ 79.847516007427998, 289.366071944806379 ], [ 75.9863052529806, 289.182204763019286 ], [ 76.170172428926961, 284.585525293104126 ] ] ] } },
{ "type": "Feature", "properties": { "feature_type": "building", "subtype": "destroyed", "uid": "52f30cad-af92-4a80-888e-c1761eff7cd0" }, "geometry": { "type": "Polygon", "coordinates": [ [ [ 44.102487311923419, 417.005832708940886 ], [ 50.441336127114333, 416.71770321469711 ], [ 51.017595113032023, 428.386947628779126 ], [ 51.109982640616437, 428.379999905979389 ], [ 50.869982643594902, 443.719999908096611 ], [ 50.009141889720247, 444.954393400150877 ], [ 45.399070027376361, 444.810328654898001 ], [ 45.543134773330131, 449.276335776429107 ], [ 43.814357820483117, 449.564465266934917 ], [ 43.958422565268783, 459.504932730505686 ], [ 31.712919175318149, 459.216803236261796 ], [ 31.5799826436707, 449.959999907754082 ], [ 31.782076191853928, 449.961918866452777 ], [ 32.517544905451523, 411.717545652834872 ], [ 32.50018626008162, 411.717545652834872 ], [ 32.72137239535919, 410.234789652148777 ], [ 44.246552056709078, 410.0907249068959 ], [ 44.102487311923419, 417.005832708940886 ] ] ] } },
{ "type": "Feature", "properties": { "feature_type": "building", "subtype": "no-damage", "uid": "0c73e562-6de8-45ca-940d-a801d2e0f76d" }, "geometry": { "type": "Polygon", "coordinates": [ [ [ 90.493088057450208, 421.750456860044494 ], [ 91.090124553829995, 445.147398288799025 ], [ 86.313457840167061, 447.403494080664927 ], [ 60.381803590448662, 447.403494080664927 ], [ 59.517415114258782, 442.505292719636998 ], [ 59.499982643250583, 442.529999907688591 ], [ 57.369982644949538, 427.859999908188399 ], [ 60.381803589280537, 420.463386606225527 ], [ 70.610400546391404, 420.607451351478403 ], [ 70.322271049344153, 417.29396219944681 ], [ 84.584680890123536, 417.005832708940886 ], [ 90.493088057450208, 421.750456860044494 ] ] ] } },
{ "type": "Feature", "properties": { "feature_type": "building", "subtype": "destroyed", "uid": "ef5c9641-988c-4b17-af28-f2630b31991d" }, "geometry": { "type": "Polygon", "coordinates": [ [ [ 59.119982644559457, 443.349999907655615 ], [ 58.364897147563099, 444.954393400150877 ], [ 51.44978935112696, 445.242522890656801 ], [ 51.359982644065063, 444.869999905224006 ], [ 51.60998264541108, 428.369999905159318 ], [ 56.91998264191929, 428.249999906531627 ], [ 59.119982644559457, 443.349999907655615 ] ] ] } },
{ "type": "Feature", "properties": { "feature_type": "building", "subtype": "destroyed", "uid": "a99d3bb7-37b6-4b74-8fdb-549750bd5431" }, "geometry": { "type": "Polygon", "coordinates": [ [ [ 31.449982646091978, 441.099999906287621 ], [ 31.42478968247611, 439.191803567605405 ], [ 23.12033522109423, 439.191803567605405 ], [ 23.18286599579978, 435.119049750546083 ], [ 17.137752681278968, 435.299500893614606 ], [ 15.357566438749521, 432.500820885614303 ], [ 12.280724826515661, 423.99425878132439 ], [ 17.32072482611181, 415.251160837404996 ], [ 26.089603314264799, 415.251160837404996 ], [ 26.27347049161289, 412.860887511553926 ], [ 31.999982645408689, 412.639999908436778 ], [ 31.449982646091978, 441.099999906287621 ] ] ] } },
{ "type": "Feature", "properties": { "feature_type": "building", "subtype": "un-classified", "uid": "f7d183cd-0e1d-4996-9099-7c98b11414c0" }, "geometry": { "type": "Polygon", "coordinates": [ [ [ 15.425306940466561, 415.251160837404996 ], [ 16.751473214944959, 415.251160837404996 ], [ 11.731473217222669, 423.945739503617972 ], [ 14.90611568365131, 432.722692218171005 ], [ 16.868468886250671, 435.807761933904999 ], [ 22.674751986516501, 435.634440051960723 ], [ 22.62039624475878, 439.191803567605405 ], [ 16.58612086302135, 439.191803567605405 ], [ 16.589982649236049, 439.259999904902884 ], [ 14.14362172055182, 436.40683448771648 ], [ 1.312067457062838, 436.406834476502581 ], [ 1.312060315668258, 415.618895189765112 ], [ 4.761010563163973, 415.618895193503022 ], [ 4.761010563397596, 412.677020333504913 ], [ 15.42530693696221, 412.677020333504913 ], [ 15.425306940466561, 415.251160837404996 ] ] ] } },
{ "type": "Feature", "properties": { "feature_type": "building", "subtype": "un-classified", "uid": "a28ffcf0-bed6-4cec-a084-ac8f02142bdb" }, "geometry": { "type": "Polygon", "coordinates": [ [ [ 13.913654254281139, 436.906834487605181 ], [ 16.60998265087629, 440.049999906147491 ], [ 16.874250352125419, 450.428853742190483 ], [ 1.312071418378151, 450.78036319743461 ], [ 1.31206761031967, 436.906834476391282 ], [ 13.913654254281139, 436.906834487605181 ] ] ] } },
{ "type": "Feature", "properties": { "feature_type": "building", "subtype": "major-damage", "uid": "3f81d080-a650-48f5-a27a-623889a0313c" }, "geometry": { "type": "Polygon", "coordinates": [ [ [ 131.177877536834188, 433.949254282365814 ], [ 131.929982632797106, 434.039999906663127 ], [ 135.509982628765812, 443.399999908018287 ], [ 135.0390882945523, 451.600503457306672 ], [ 130.994010360420589, 455.27784703697688 ], [ 120.329713979613601, 455.27784703697688 ], [ 119.961979622114001, 451.232769101208703 ], [ 109.929982636299101, 451.959999907308827 ], [ 110.334475952899098, 444.969999905949294 ], [ 110.6229719515119, 416.665739463522925 ], [ 131.729479071915591, 416.665739463522925 ], [ 131.177877536834188, 433.949254282365814 ] ] ] } },
{ "type": "Feature", "properties": { "feature_type": "building", "subtype": "major-damage", "uid": "0c47dc23-daa3-484f-b995-819bcf3b4329" }, "geometry": { "type": "Polygon", "coordinates": [ [ [ 110.334475952899098, 444.969999905949294 ], [ 93.668973041964122, 444.613550661540387 ], [ 94.404441759066074, 416.665739463522925 ], [ 110.6229719515119, 416.665739463522925 ], [ 110.334475952899098, 444.969999905949294 ] ] ] } },
{ "type": "Feature", "properties": { "feature_type": "building", "subtype": "destroyed", "uid": "917a58d0-eefa-40e4-af96-5e4d4c9573c1" }, "geometry": { "type": "Polygon", "coordinates": [ [ [ 202.150608590807195, 408.023982054101509 ], [ 204.724749094005688, 412.069059989869686 ], [ 198.289397834023589, 443.142613229672293 ], [ 186.629982621165311, 442.619999907593922 ], [ 186.844598028629292, 438.885321552762775 ], [ 185.234426978308903, 436.250496191490811 ], [ 183.264542559527996, 430.200136902379825 ], [ 188.416534825662211, 422.615259394142925 ], [ 189.318462119089304, 414.79855618942338 ], [ 184.519982625672611, 414.54999990808642 ], [ 184.867093776174301, 406.736911804020508 ], [ 202.150608590807195, 408.023982054101509 ] ] ] } },
{ "type": "Feature", "properties": { "feature_type": "building", "subtype": "destroyed", "uid": "cbda7c44-3b5b-4330-a13e-e2e31c7b0bf8" }, "geometry": { "type": "Polygon", "coordinates": [ [ [ 183.5499826227489, 414.949999907249719 ], [ 183.552010721338206, 414.995750787182317 ], [ 188.760759419241708, 415.269895457189875 ], [ 187.933909762391608, 422.43592581858411 ], [ 182.713240332469894, 430.121911370704481 ], [ 184.777168800628203, 436.461120221940178 ], [ 186.336422151011391, 439.012625708463872 ], [ 186.129982620809386, 442.599999905953609 ], [ 185.970296848439688, 442.591011691787287 ], [ 160.429982626911709, 441.529999907911304 ], [ 155.808464609151088, 427.849423687845274 ], [ 160.2499826289704, 417.919999907859392 ], [ 160.228891801735898, 418.504411251488989 ], [ 178.431742514556788, 419.975348683357083 ], [ 178.983344047769208, 414.643200497507792 ], [ 183.5499826227489, 414.949999907249719 ] ] ] } },
{ "type": "Feature", "properties": { "feature_type": "building", "subtype": "major-damage", "uid": "f041fbfe-f5e6-492f-a272-7451175dfce8" }, "geometry": { "type": "Polygon", "coordinates": [ [ [ 160.389982626901997, 412.859999907789813 ], [ 160.279982628627295, 416.719999906631415 ], [ 160.240022992635687, 416.705503701726116 ], [ 155.272101545967786, 427.824185049955474 ], [ 159.899982625029992, 441.49999990545092 ], [ 137.429361622038101, 440.568472722034187 ], [ 135.590689828932796, 442.039410153902281 ], [ 135.579982632404011, 442.179999905149998 ], [ 132.499982633286805, 434.109999904927975 ], [ 132.648814966365592, 434.133121460414827 ], [ 132.648814968234603, 432.478316850497777 ], [ 135.039088292216093, 432.478316850497777 ], [ 134.7499826316172, 411.599999905378922 ], [ 160.389982626901997, 412.859999907789813 ] ] ] } },
{ "type": "Feature", "properties": { "feature_type": "building", "subtype": "major-damage", "uid": "f8cc2e10-463d-4e0c-a590-3ccbb9aeea0f" }, "geometry": { "type": "Polygon", "coordinates": [ [ [ 160.5966261606373, 406.001443088086376 ], [ 160.389982626901997, 412.859999907789813 ], [ 134.7499826316172, 411.599999905378922 ], [ 134.671353935183589, 405.817575906299396 ], [ 160.5966261606373, 406.001443088086376 ] ] ] } },
{ "type": "Feature", "properties": { "feature_type": "building", "subtype": "destroyed", "uid": "a96f9085-ccaa-4d1d-8d95-84cd74717f35" }, "geometry": { "type": "Polygon", "coordinates": [ [ [ 172.189982622776597, 444.819999904861277 ], [ 168.756263132940205, 459.984032692496726 ], [ 171.228123841913913, 466.781649646673372 ], [ 181.579982625187796, 468.339999905008028 ], [ 180.633662018135198, 479.344643700449581 ], [ 176.023590155557713, 480.785291160455017 ], [ 139.143015223164809, 477.615866753676301 ], [ 142.168374884689712, 448.082593853469973 ], [ 150.524130145335988, 443.04032775092719 ], [ 172.189982622776597, 444.819999904861277 ] ] ] } },
{ "type": "Feature", "properties": { "feature_type": "building", "subtype": "destroyed", "uid": "0ae9781a-9c80-4a20-941b-4a9c25c5eece" }, "geometry": { "type": "Polygon", "coordinates": [ [ [ 182.074309477673012, 445.633493176694117 ], [ 183.370892192191405, 447.506334872458183 ], [ 181.579982625187796, 468.339999905008028 ], [ 171.228123841913913, 466.781649646673372 ], [ 168.756263132940205, 459.984032692496726 ], [ 172.189982622776597, 444.819999904861277 ], [ 182.074309477673012, 445.633493176694117 ] ] ] } },
{ "type": "Feature", "properties": { "feature_type": "building", "subtype": "no-damage", "uid": "29a146c3-3e06-4200-b281-99f71e39e0e8" }, "geometry": { "type": "Polygon", "coordinates": [ [ [ 102.589982632870303, 527.479999907093088 ], [ 93.297446971198283, 527.353609468625109 ], [ 92.677611337831124, 532.498241618151042 ], [ 74.245063426695765, 532.198741360338886 ], [ 74.891462928937216, 492.543345236102994 ], [ 103.192886329940293, 492.543345236102994 ], [ 102.976253250958493, 500.629852249365115 ], [ 102.589982632870303, 527.479999907093088 ] ] ] } },
{ "type": "Feature", "properties": { "feature_type": "building", "subtype": "destroyed", "uid": "7479b4e0-8e8a-4d0c-bcc3-9cd753ac348a" }, "geometry": { "type": "Polygon", "coordinates": [ [ [ 102.976253250958493, 500.629852249365115 ], [ 110.232493582058893, 500.309516874744475 ], [ 110.232493579021806, 527.584875628151508 ], [ 102.589982632870303, 527.479999907093088 ], [ 102.976253250958493, 500.629852249365115 ] ] ] } },
{ "type": "Feature", "properties": { "feature_type": "building", "subtype": "no-damage", "uid": "5227e67b-bc75-4440-a6f1-cce058a6c246" }, "geometry": { "type": "Polygon", "coordinates": [ [ [ 118.836838969038098, 544.239875708211684 ], [ 117.365901539039399, 529.714368571318005 ], [ 122.330315367854794, 519.417806551979425 ], [ 127.846330737124902, 519.417806551979425 ], [ 128.030197914473007, 517.763001942062374 ], [ 135.936486605622008, 517.579134764013361 ], [ 136.120353782736402, 519.601673733766461 ], [ 144.026642477623398, 519.050072195881398 ], [ 144.210509658943096, 522.727415775551663 ], [ 150.829728097675087, 522.727415775551663 ], [ 150.278126559322999, 544.423742886260698 ], [ 118.836838969038098, 544.239875708211684 ] ] ] } },
{ "type": "Feature", "properties": { "feature_type": "building", "subtype": "no-damage", "uid": "95325fc2-6fc1-47a2-bf98-7444cfb09c78" }, "geometry": { "type": "Polygon", "coordinates": [ [ [ 68.704573100900163, 488.36480692608842 ], [ 70.347237132340069, 470.295502564591573 ], [ 85.83521229342567, 471.938166598134615 ], [ 84.8965471342716, 480.855485634163927 ], [ 88.181875199487649, 481.090151923602093 ], [ 87.008543748559262, 490.007470959631405 ], [ 68.704573100900163, 488.36480692608842 ] ] ] } },
{ "type": "Feature", "properties": { "feature_type": "building", "subtype": "destroyed", "uid": "92cc3266-d57e-446e-8a4b-1d6b9eed4895" }, "geometry": { "type": "Polygon", "coordinates": [ [ [ 160.459092630736393, 504.556780964604116 ], [ 158.347096022756489, 498.220791123608308 ], [ 161.867090372971802, 492.3541338652268 ], [ 171.723074570722588, 493.996797895031818 ], [ 169.141745379427704, 501.271452897518088 ], [ 170.315076827552588, 504.791447254042225 ], [ 160.459092630736393, 504.556780964604116 ] ] ] } },
{ "type": "Feature", "properties": { "feature_type": "building", "subtype": "destroyed", "uid": "8e1880cf-898e-4de2-a38e-1fd9d60ea387" }, "geometry": { "type": "Polygon", "coordinates": [ [ [ 172.896406023987197, 498.690123706222607 ], [ 176.642692953067893, 481.785283280588374 ], [ 182.133287419321704, 482.759932252886415 ], [ 181.810177874564914, 484.902592346496078 ], [ 186.736781075339195, 486.211355394687587 ], [ 183.221722798978789, 501.506119190694221 ], [ 172.896406023987197, 498.690123706222607 ] ] ] } },
{ "type": "Feature", "properties": { "feature_type": "building", "subtype": "no-damage", "uid": "f164027e-122f-4f7d-8ebe-57a6834ae313" }, "geometry": { "type": "Polygon", "coordinates": [ [ [ 75.6899826414828, 614.219999907519423 ], [ 79.228644921632366, 615.520823635041666 ], [ 88.835764907223464, 615.749564585483199 ], [ 86.509982636884331, 629.039999908107688 ], [ 85.730506185160976, 633.500054511851317 ], [ 76.434333894455762, 633.500054511851317 ], [ 67.449326105423168, 630.505051911301052 ], [ 70.743828962383006, 612.535036326689351 ], [ 75.6899826414828, 614.219999907519423 ] ] ] } },
{ "type": "Feature", "properties": { "feature_type": "building", "subtype": "no-damage", "uid": "53d6084b-1c3a-47a7-b333-0b3afedfdd8d" }, "geometry": { "type": "Polygon", "coordinates": [ [ [ 92.369982637148084, 625.259999908351119 ], [ 94.851336269846129, 625.59564205204822 ], [ 94.104849220315756, 629.606551134126335 ], [ 86.509982636884331, 629.039999908107688 ], [ 87.301347146783328, 625.131364414287304 ], [ 92.369982637148084, 625.259999908351119 ] ] ] } },
{ "type": "Feature", "properties": { "feature_type": "building", "subtype": "no-damage", "uid": "19af2c8a-9063-4d9d-9d94-6eb48f287691" }, "geometry": { "type": "Polygon", "coordinates": [ [ [ 92.899982638328893, 618.859999906785561 ], [ 92.369982637148084, 625.259999908351119 ], [ 87.301347146783328, 625.131364414287304 ], [ 88.428468643713572, 618.154242909734762 ], [ 92.899982638328893, 618.859999906785561 ] ] ] } },
{ "type": "Feature", "properties": { "feature_type": "building", "subtype": "no-damage", "uid": "59a735d8-9dfb-44d0-a7a7-127f8f2ecdd3" }, "geometry": { "type": "Polygon", "coordinates": [ [ [ 113.871866364177393, 593.966020218977292 ], [ 113.382818287214405, 598.314459370811733 ], [ 117.465869482920994, 599.357024893239441 ], [ 113.912030745456093, 619.61804421008685 ], [ 92.899982638328893, 618.859999906785561 ], [ 88.428468643713572, 618.154242909734762 ], [ 88.835764907223464, 615.749564585483199 ], [ 79.228644921632366, 615.520823635041666 ], [ 75.6899826414828, 614.219999907519423 ], [ 80.926837793410911, 589.174016064077705 ], [ 113.871866364177393, 593.966020218977292 ] ] ] } },
{ "type": "Feature", "properties": { "feature_type": "building", "subtype": "no-damage", "uid": "5c834d05-7f82-494f-9607-e980c9fcce6a" }, "geometry": { "type": "Polygon", "coordinates": [ [ [ 128.275186202007887, 605.029695895931241 ], [ 136.661193474248108, 581.668675633319481 ], [ 147.742703087356489, 585.562179011044464 ], [ 151.636206462276903, 574.181169135681898 ], [ 165.113718150731899, 579.272673552131664 ], [ 164.215217371454912, 584.663678230131723 ], [ 213.632760229123107, 601.435692776018527 ], [ 212.434759193202012, 613.415703170743541 ], [ 209.439756591951692, 620.603709403093035 ], [ 195.363244388106096, 616.111205506005604 ], [ 194.464743604623806, 619.106208106555869 ], [ 189.373239191913314, 617.3092065447305 ], [ 187.276737373210807, 625.395713561730645 ], [ 177.69272906294691, 622.40071096118038 ], [ 176.794228279230992, 625.096213300180466 ], [ 161.819215294706595, 621.202709922455483 ], [ 163.017216332496588, 619.405708364368138 ], [ 142.351698410759695, 612.517202389830913 ], [ 142.651198668805506, 609.821700050830827 ], [ 128.275186202007887, 605.029695895931241 ] ] ] } },
{ "type": "Feature", "properties": { "feature_type": "building", "subtype": "no-damage", "uid": "bddaa811-c513-47f2-b276-9fe466625717" }, "geometry": { "type": "Polygon", "coordinates": [ [ [ 193.849982622695791, 546.989999907310107 ], [ 193.5662428290847, 547.825146276257897 ], [ 218.724264645571594, 560.404157186607449 ], [ 208.840756075392903, 587.359180569131809 ], [ 186.378236593466511, 578.673673032769216 ], [ 189.073738931764893, 572.683667839144732 ], [ 170.80422308841159, 564.896661083694767 ], [ 178.909982622082396, 543.479999907269075 ], [ 181.740224016418694, 541.165427535725485 ], [ 193.849982622695791, 546.989999907310107 ] ] ] } },
{ "type": "Feature", "properties": { "feature_type": "building", "subtype": "major-damage", "uid": "03d35b07-a5ce-4d57-85c6-a9e73c075887" }, "geometry": { "type": "Polygon", "coordinates": [ [ [ 234.99998261487849, 531.859999907463703 ], [ 229.805774254241186, 541.835141082633299 ], [ 238.126947557639994, 545.768808840936117 ], [ 234.597778413111087, 556.810154070432645 ], [ 221.120266724889689, 550.820148873070139 ], [ 219.622765425783086, 553.216150954257955 ], [ 204.647752435651711, 547.825146276257897 ], [ 205.54625321726499, 545.339640642637733 ], [ 196.039982624515886, 541.629999905064437 ], [ 196.947539685485992, 537.976689893599087 ], [ 194.583139516321097, 535.316739704455927 ], [ 196.951814068996612, 531.171559239141743 ], [ 196.056208194700389, 529.081812191952167 ], [ 205.88998261816181, 513.589999908017262 ], [ 234.99998261487849, 531.859999907463703 ] ] ] } },
{ "type": "Feature", "properties": { "feature_type": "building", "subtype": "major-damage", "uid": "58b5e840-1405-45a8-bfee-554400cb87f3" }, "geometry": { "type": "Polygon", "coordinates": [ [ [ 205.469982621797186, 513.329999905383829 ], [ 195.492766696053792, 529.036410887115721 ], [ 196.394162378442701, 531.139667475463284 ], [ 193.970832775519, 535.380494284961401 ], [ 196.398436763822303, 538.11154877008039 ], [ 195.232451561862888, 542.775489583526223 ], [ 195.249982619767195, 542.779999905929799 ], [ 194.0099826222677, 546.509999905323639 ], [ 181.669977378850007, 540.576871585349409 ], [ 179.059982622469391, 542.709999907664837 ], [ 178.899982625000206, 542.689999906024582 ], [ 189.287656587739008, 517.819300323502944 ], [ 188.899982620434997, 517.619999905849227 ], [ 198.119982620118009, 508.719999904840222 ], [ 205.469982621797186, 513.329999905383829 ] ] ] } },
{ "type": "Feature", "properties": { "feature_type": "building", "subtype": "major-damage", "uid": "bddea17c-0789-4566-b52d-f2b1944b4ebf" }, "geometry": { "type": "Polygon", "coordinates": [ [ [ 224.602927192156102, 482.158396678622012 ], [ 230.703741867951209, 482.343269849468982 ], [ 246.956341573522508, 491.839170802742387 ], [ 250.798837235348088, 487.996675141382923 ], [ 265.989982612521885, 494.219999908068075 ], [ 262.451302569765289, 506.793610686846819 ], [ 251.66929321890791, 503.199607570672015 ], [ 242.684285423100192, 521.169623155283716 ], [ 248.369982614057108, 523.869999906326825 ], [ 244.919982617536107, 530.939999906771391 ], [ 238.191781529051212, 527.758628872008671 ], [ 236.128483393627789, 531.719500166570015 ], [ 199.398483401356913, 508.659500166769476 ], [ 201.567115240883908, 498.86139655553518 ], [ 212.998448982634898, 488.885543947198983 ], [ 217.320650037287294, 479.646668453394227 ], [ 224.602927192156102, 482.158396678622012 ] ] ] } },
{ "type": "Feature", "properties": { "feature_type": "building", "subtype": "destroyed", "uid": "d6ac47ce-6b20-4e0c-8073-677095b45f8a" }, "geometry": { "type": "Polygon", "coordinates": [ [ [ 266.879982612622598, 467.58287840594852 ], [ 274.431312954441182, 470.853579513885506 ], [ 265.989982612521885, 494.219999908068075 ], [ 251.819982612447006, 488.419999907116619 ], [ 259.155763082424926, 471.358478962750496 ], [ 256.454489224293127, 470.638139267871509 ], [ 256.868829452856119, 468.263839651188619 ], [ 258.359982610540726, 464.928398368058708 ], [ 266.879982612622598, 467.58287840594852 ] ] ] } },
{ "type": "Feature", "properties": { "feature_type": "building", "subtype": "destroyed", "uid": "e3b3bcac-346c-40e9-99bf-b0f44f854296" }, "geometry": { "type": "Polygon", "coordinates": [ [ [ 256.868829452856119, 468.263839651188619 ], [ 256.454489224293127, 470.638139267871509 ], [ 259.155763082424926, 471.358478962750496 ], [ 251.819982612447006, 488.419999907116619 ], [ 250.798837235348088, 487.996675141382923 ], [ 246.956341573522508, 491.839170802742387 ], [ 230.703741867951209, 482.343269849468982 ], [ 224.602927192156102, 482.158396678622012 ], [ 212.769982621244708, 478.849999907228607 ], [ 221.779982620759597, 455.469999907349688 ], [ 230.780053027885799, 459.801040745526109 ], [ 232.303699373680189, 455.230101698796886 ], [ 234.409982617654691, 455.829999906970613 ], [ 256.868829452856119, 468.263839651188619 ] ] ] } },
{ "type": "Feature", "properties": { "feature_type": "building", "subtype": "destroyed", "uid": "734db0ff-fbc4-47d6-b47a-85ae013caaad" }, "geometry": { "type": "Polygon", "coordinates": [ [ [ 273.928401495731407, 447.770742863049179 ], [ 266.535072186542607, 466.389183002045002 ], [ 259.055072190088197, 464.607581464209488 ], [ 265.945072187916992, 443.779183001770491 ], [ 273.928401495731407, 447.770742863049179 ] ] ] } },
{ "type": "Feature", "properties": { "feature_type": "building", "subtype": "destroyed", "uid": "261dffb8-f479-4836-92b3-453d0ac5d093" }, "geometry": { "type": "Polygon", "coordinates": [ [ [ 243.219982612214608, 437.4499999059787 ], [ 245.125465084987212, 440.315609019125418 ], [ 263.979982612848517, 447.769999907568774 ], [ 258.359982610540726, 464.928398368058708 ], [ 256.868829452856119, 468.263839651188619 ], [ 234.409982617654691, 455.829999906970613 ], [ 236.629982618897998, 446.489999907255708 ], [ 236.993780489158496, 446.594058470361176 ], [ 239.389782566841291, 435.812049118099026 ], [ 243.219982612214608, 437.4499999059787 ] ] ] } },
{ "type": "Feature", "properties": { "feature_type": "building", "subtype": "destroyed", "uid": "df6bfea0-1bfc-41d7-a3b8-54bb791365bd" }, "geometry": { "type": "Polygon", "coordinates": [ [ [ 251.449982615276895, 429.159999906403812 ], [ 265.214008873731473, 434.793598206836691 ], [ 266.045305685238191, 440.3045530151864 ], [ 265.249982612574684, 444.099999905619711 ], [ 263.979982612848517, 447.769999907568774 ], [ 246.006382676375608, 441.930734250268586 ], [ 243.219982612214608, 437.4499999059787 ], [ 246.877289060972487, 428.923543143561687 ], [ 251.449982615276895, 429.159999906403812 ] ] ] } },
{ "type": "Feature", "properties": { "feature_type": "building", "subtype": "destroyed", "uid": "1c409fb1-055b-4943-90cb-30dc4b5a5a68" }, "geometry": { "type": "Polygon", "coordinates": [ [ [ 236.993780489158496, 446.594058470361176 ], [ 234.409982617654691, 455.829999906970613 ], [ 232.303699373680189, 455.230101698796886 ], [ 230.780053027885799, 459.801040745526109 ], [ 221.779982620759597, 455.469999907349688 ], [ 223.259982620420288, 451.639999907230617 ], [ 228.907273479169305, 453.183064183348222 ], [ 230.404774776874206, 444.797056912273774 ], [ 236.993780489158496, 446.594058470361176 ] ] ] } },
{ "type": "Feature", "properties": { "feature_type": "building", "subtype": "destroyed", "uid": "c25ea6b5-34b0-42c5-a6d0-d9437ca837e7" }, "geometry": { "type": "Polygon", "coordinates": [ [ [ 271.360470219719389, 431.486351504615186 ], [ 266.045305685238191, 440.3045530151864 ], [ 265.214008873731473, 434.793598206836691 ], [ 252.793849793142101, 430.570937337089106 ], [ 254.364795552533792, 424.431039246474427 ], [ 271.360470219719389, 431.486351504615186 ] ] ] } },
{ "type": "Feature", "properties": { "feature_type": "building", "subtype": "destroyed", "uid": "fd138005-6ca7-49d2-97ef-8cec3d74118a" }, "geometry": { "type": "Polygon", "coordinates": [ [ [ 215.489982620974814, 470.379999907843228 ], [ 210.959465418125887, 482.155719737797426 ], [ 206.069982619841198, 482.699999905250081 ], [ 204.339982617899892, 482.07999990673369 ], [ 204.118427499744513, 481.182010540131898 ], [ 203.632386394251, 481.299330805670081 ], [ 203.769982622316292, 481.879999905283114 ], [ 193.865743086196005, 478.341086007785179 ], [ 194.464743606726387, 471.153079771697776 ], [ 199.739982622850107, 465.319999907773479 ], [ 215.489982620974814, 470.379999907843228 ] ] ] } },
{ "type": "Feature", "properties": { "feature_type": "building", "subtype": "destroyed", "uid": "b6941d76-3c75-4075-a243-c061d856481d" }, "geometry": { "type": "Polygon", "coordinates": [ [ [ 222.769982619950213, 451.499999906962728 ], [ 215.66998262031791, 469.919999907497072 ], [ 200.10998262259011, 464.909999907790109 ], [ 200.155248543705312, 464.863574316523 ], [ 197.459746206341293, 459.173069380710672 ], [ 207.0437545140353, 447.193058989723625 ], [ 222.769982619950213, 451.499999906962728 ] ] ] } },
{ "type": "Feature", "properties": { "feature_type": "building", "subtype": "no-damage", "uid": "86de258a-11cd-4069-bcd2-b115145c24b2" }, "geometry": { "type": "Polygon", "coordinates": [ [ [ 204.289982619172605, 484.009999908023474 ], [ 206.275214379206489, 492.248189596417092 ], [ 200.201759562573301, 498.321644409781186 ], [ 198.673171565169696, 507.493172403549977 ], [ 188.429982621371494, 517.379999904855936 ], [ 180.429982626191702, 513.2799999050211 ], [ 192.967242306218111, 480.737088085234973 ], [ 204.289982619172605, 484.009999908023474 ] ] ] } },
{ "type": "Feature", "properties": { "feature_type": "building", "subtype": "no-damage", "uid": "7477652d-f5ba-4632-a4b0-2e94fac33490" }, "geometry": { "type": "Polygon", "coordinates": [ [ [ 178.979982623384387, 513.09999990521078 ], [ 188.647917871557894, 518.053399652373514 ], [ 178.389982622889789, 542.609999906939493 ], [ 163.316716596383003, 540.337639782358224 ], [ 177.393228802331294, 512.783615880471302 ], [ 178.979982623384387, 513.09999990521078 ] ] ] } },
{ "type": "Feature", "properties": { "feature_type": "building", "subtype": "destroyed", "uid": "cdeec430-8c9f-4658-a1dd-676454df7837" }, "geometry": { "type": "Polygon", "coordinates": [ [ [ 214.640256640361798, 424.642740676191579 ], [ 216.736758458129799, 415.058732362654382 ], [ 227.81826807100461, 417.754234701654411 ], [ 224.224264951560087, 427.038742753641372 ], [ 214.640256640361798, 424.642740676191579 ] ] ] } },
{ "type": "Feature", "properties": { "feature_type": "building", "subtype": "destroyed", "uid": "998dfa49-9304-4ab0-89c8-75f8443cba00" }, "geometry": { "type": "Polygon", "coordinates": [ [ [ 212.4528287061367, 116.724159218060606 ], [ 202.959250689331896, 128.255457165024012 ], [ 194.089982623455313, 121.569999907671004 ], [ 203.897915850354991, 109.951486514088998 ], [ 212.4528287061367, 116.724159218060606 ] ] ] } },
{ "type": "Feature", "properties": { "feature_type": "building", "subtype": "destroyed", "uid": "7779da67-bacd-41b4-8d4b-2eb9dda051b3" }, "geometry": { "type": "Polygon", "coordinates": [ [ [ 186.29794407451439, 107.604823608493703 ], [ 188.879273265575705, 105.023494417198094 ], [ 198.77998262378361, 113.799999905887105 ], [ 192.674076142297309, 120.121895172064995 ], [ 173.391298104256407, 105.962159578688699 ], [ 177.84995762320429, 101.0341674780597 ], [ 186.29794407451439, 107.604823608493703 ] ] ] } },
{ "type": "Feature", "properties": { "feature_type": "building", "subtype": "no-damage", "uid": "7b1f89b0-c4e0-4495-a3d7-23b20de19e2f" }, "geometry": { "type": "Polygon", "coordinates": [ [ [ 247.253329751407392, 672.254927825649133 ], [ 219.09337490623119, 660.052280726271874 ], [ 222.144036679205698, 649.961630239313763 ], [ 251.477322976478405, 660.756279598324227 ], [ 247.253329751407392, 672.254927825649133 ] ] ] } },
{ "type": "Feature", "properties": { "feature_type": "building", "subtype": "no-damage", "uid": "8aa45b01-cd77-4b31-800a-7ebc6b3c62b8" }, "geometry": { "type": "Polygon", "coordinates": [ [ [ 170.485473008536786, 711.293776928721627 ], [ 180.841535740723998, 713.833943259964144 ], [ 177.519779770322202, 722.040634486566091 ], [ 167.94530667542611, 718.71887851522888 ], [ 170.485473008536786, 711.293776928721627 ] ] ] } },
{ "type": "Feature", "properties": { "feature_type": "building", "subtype": "destroyed", "uid": "7a80e90e-f790-4888-ad97-8e9c8d66c964" }, "geometry": { "type": "Polygon", "coordinates": [ [ [ 833.061160110835885, 880.177696477070413 ], [ 853.729522904337728, 890.74152634919858 ], [ 848.983454407817021, 899.621267404328592 ], [ 860.168204335992073, 905.260637114091082 ], [ 853.7192851696974, 918.714873170680676 ], [ 824.121748401121522, 901.087677771418612 ], [ 828.531691872271836, 887.043344961380512 ], [ 833.061160110835885, 880.177696477070413 ] ] ] } }
]
}
