{
"type": "FeatureCollection",
"name": "santa-rosa-wildfire_00000150_post_disaster",
"features": [
{ "type": "Feature", "properties": { "feature_type": "building", "subtype": "no-damage", "uid": "da95a6bc-ea02-4b47-b464-33992cfd2ccc" }, "geometry": { "type": "Polygon", "coordinates": [ [ [ 364.333599898148805, 61.201679924528463 ], [ 390.739689583627978, 61.980056249328463 ], [ 390.267511228060016, 89.968661376423341 ], [ 364.807678846006183, 90.206651148380928 ], [ 364.333599898148805, 61.201679924528463 ] ] ] } },
{ "type": "Feature", "properties": { "feature_type": "building", "subtype": "no-damage", "uid": "6dabe7c2-f834-4887-92b4-a5d34219b3ab" }, "geometry": { "type": "Polygon", "coordinates": [ [ [ 397.263817901305913, 67.013739528890483 ], [ 407.037867898307582, 67.041402924750741 ], [ 407.497164852090179, 60.908363362929407 ], [ 417.424313833122994, 60.463848403611287 ], [ 417.424313832603275, 60.825373167032467 ], [ 417.966600978514521, 92.278027536857238 ], [ 396.649521373541688, 91.610304803814429 ], [ 397.263817901305913, 67.013739528890483 ] ] ] } },
{ "type": "Feature", "properties": { "feature_type": "building", "subtype": "no-damage", "uid": "8e9446ea-1638-4be1-a777-3e6a39f549a1" }, "geometry": { "type": "Polygon", "coordinates": [ [ [ 432.669610180091411, 61.467440348083628 ], [ 444.691770030202974, 60.895481959064917 ], [ 445.678572128025621, 92.905205466017222 ], [ 424.529373503497709, 91.720958395571614 ], [ 423.931759562747516, 69.863492240087737 ], [ 432.608353870819087, 69.697511852451967 ], [ 432.669610180091411, 61.467440348083628 ] ] ] } },
{ "type": "Feature", "properties": { "feature_type": "building", "subtype": "no-damage", "uid": "7534e263-049b-4f3d-a6ee-ce7482436749" }, "geometry": { "type": "Polygon", "coordinates": [ [ [ 448.666142049906512, 65.896434015935341 ], [ 476.937527782914685, 66.355730969328263 ], [ 476.581548537196625, 90.353434112493773 ], [ 463.465889704228402, 89.842853818654646 ], [ 463.260756351019722, 97.336872267264951 ], [ 449.534203644067588, 96.639504791893359 ], [ 448.666142049906512, 65.896434015935341 ] ] ] } },
{ "type": "Feature", "properties": { "feature_type": "building", "subtype": "no-damage", "uid": "0d5ff30c-93d6-467c-9270-604302a563e3" }, "geometry": { "type": "Polygon", "coordinates": [ [ [ 482.037098794767473, 66.404942258828086 ], [ 492.123275145344394, 66.491892054046446 ], [ 492.21022494446089, 59.883707548843176 ], [ 503.687598035683095, 59.535908363811679 ], [ 503.426748649118622, 91.881232532239267 ], [ 501.861652314918103, 93.79412804575442 ], [ 481.776249405214287, 93.968027638270172 ], [ 482.037098794767473, 66.404942258828086 ] ] ] } },
{ "type": "Feature", "properties": { "feature_type": "building", "subtype": "no-damage", "uid": "34362d94-e89f-48de-8133-c98981e5259c" }, "geometry": { "type": "Polygon", "coordinates": [ [ [ 507.868491122214209, 69.804657388028247 ], [ 518.299898760243877, 69.47174012210408 ], [ 517.634064231254456, 61.592698184075203 ], [ 529.286168511568576, 61.148808494790281 ], [ 530.284920303103604, 92.332058995534936 ], [ 508.423353229662098, 92.997893521146139 ], [ 507.868491122214209, 69.804657388028247 ] ] ] } },
{ "type": "Feature", "properties": { "feature_type": "building", "subtype": "no-damage", "uid": "ee471bd9-1f71-410d-bc78-f281ba4dadeb" }, "geometry": { "type": "Polygon", "coordinates": [ [ [ 534.723817170742905, 66.031595051975899 ], [ 560.02552932028857, 66.142567469099518 ], [ 561.024281113772759, 90.556500246711423 ], [ 547.374673246230373, 91.168683585120348 ], [ 546.486893872338669, 96.549011012556036 ], [ 534.50187232778967, 94.329562580684737 ], [ 534.723817170742905, 66.031595051975899 ] ] ] } },
{ "type": "Feature", "properties": { "feature_type": "building", "subtype": "no-damage", "uid": "ef6b69ed-8a12-4dc8-9cf7-7b81b1a0c568" }, "geometry": { "type": "Polygon", "coordinates": [ [ [ 566.970966907557226, 66.443079319124138 ], [ 576.736540018936353, 65.777244789354839 ], [ 576.625567596225324, 59.784734015194047 ], [ 586.058223437392371, 60.006678859836512 ], [ 588.499616715724414, 94.075212320142725 ], [ 565.528325424268587, 93.07646052444926 ], [ 566.970966907557226, 66.443079319124138 ] ] ] } },
{ "type": "Feature", "properties": { "feature_type": "building", "subtype": "no-damage", "uid": "3b630e78-04b3-4589-82db-9a5db3151002" }, "geometry": { "type": "Polygon", "coordinates": [ [ [ 590.941009996135449, 68.662527750995437 ], [ 600.04074857475689, 68.884472595637902 ], [ 600.706583102446984, 60.450568544963353 ], [ 610.694101055089959, 60.561540968324103 ], [ 612.358687379122784, 63.446823929964687 ], [ 613.246466752494712, 70.660031344461416 ], [ 613.135494330823235, 91.633819045707995 ], [ 591.939761791178853, 90.96798450970158 ], [ 590.941009996135449, 68.662527750995437 ] ] ] } },
{ "type": "Feature", "properties": { "feature_type": "building", "subtype": "no-damage", "uid": "e63b3285-8938-4e21-8723-2ebb74a442e9" }, "geometry": { "type": "Polygon", "coordinates": [ [ [ 617.086560036429091, 67.399453682553471 ], [ 644.829665463137417, 66.067784620935839 ], [ 645.717444837418839, 86.15379295192875 ], [ 632.511726656042811, 86.708655056258252 ], [ 631.734919703952528, 95.919366055904774 ], [ 619.195036052865248, 95.253531530293557 ], [ 617.086560036429091, 67.399453682553471 ] ] ] } },
{ "type": "Feature", "properties": { "feature_type": "building", "subtype": "no-damage", "uid": "7c6c1f59-2bce-4c0d-bbc4-a2cb722285dd" }, "geometry": { "type": "Polygon", "coordinates": [ [ [ 661.598275909631184, 61.713314451057812 ], [ 672.584545658617117, 62.379148982906152 ], [ 673.361352607588742, 91.453923464745046 ], [ 651.388813115724247, 92.452675258359463 ], [ 651.055895848500768, 67.261935531775592 ], [ 659.711744742645237, 67.150963114651972 ], [ 661.598275909631184, 61.713314451057812 ] ] ] } },
{ "type": "Feature", "properties": { "feature_type": "building", "subtype": "no-damage", "uid": "37151232-f06a-43cb-bae9-0679de83c23e" }, "geometry": { "type": "Polygon", "coordinates": [ [ [ 677.199297357660953, 69.957714861631658 ], [ 686.850724729547437, 69.957714861631658 ], [ 686.850724731366654, 62.132233206739102 ], [ 695.371804755929361, 61.958333616302397 ], [ 696.849951290883268, 91.260414920901965 ], [ 690.676515763463271, 91.260414920901965 ], [ 690.067867187969114, 94.738406764979828 ], [ 675.895050415742389, 93.608059416746016 ], [ 677.199297357660953, 69.957714861631658 ] ] ] } },
{ "type": "Feature", "properties": { "feature_type": "building", "subtype": "no-damage", "uid": "d790e523-0dbf-4af5-a937-be5cb994d65e" }, "geometry": { "type": "Polygon", "coordinates": [ [ [ 698.95844530481304, 57.498475477469327 ], [ 711.305316360562756, 57.846274662500832 ], [ 711.392266154481717, 63.15021222695453 ], [ 729.912572733623279, 62.802413046081121 ], [ 729.130024571070976, 85.235460447348103 ], [ 717.217902494661416, 85.931058819490147 ], [ 716.08755514811719, 92.452293533633153 ], [ 701.30608980130603, 91.408895976459604 ], [ 702.87118612926929, 66.193455092861583 ], [ 699.827943265182512, 66.541254277893074 ], [ 698.95844530481304, 57.498475477469327 ] ] ] } },
{ "type": "Feature", "properties": { "feature_type": "building", "subtype": "no-damage", "uid": "902f09bb-d4da-41c5-b8f6-817744401528" }, "geometry": { "type": "Polygon", "coordinates": [ [ [ 738.704034644327407, 55.443065937857043 ], [ 767.745266558583694, 55.877814918106893 ], [ 767.658316761026413, 63.877196165515187 ], [ 771.571057586912048, 63.355497392126033 ], [ 770.440710240497765, 78.571711717503192 ], [ 743.486273431492009, 77.1805149773772 ], [ 743.834072614574325, 67.529087606266884 ], [ 738.44318525633355, 67.268238216453739 ], [ 738.704034644327407, 55.443065937857043 ] ] ] } },
{ "type": "Feature", "properties": { "feature_type": "building", "subtype": "no-damage", "uid": "51e9b80d-1023-4e12-be00-83e66ea3c8fc" }, "geometry": { "type": "Polygon", "coordinates": [ [ [ 244.239258869221203, 138.452437276593997 ], [ 262.882625713799712, 138.119520012748893 ], [ 262.327763601284175, 133.347705876844998 ], [ 268.098329533009405, 133.236733453484192 ], [ 268.542219219825313, 138.008547591467192 ], [ 276.310288735010374, 137.453685482979608 ], [ 275.977371471165384, 133.12576103428151 ], [ 284.635265457698495, 132.86614368937029 ], [ 283.745440991678095, 156.429969590760209 ], [ 242.907589806564488, 156.54094200996289 ], [ 244.239258869221203, 138.452437276593997 ] ] ] } },
{ "type": "Feature", "properties": { "feature_type": "building", "subtype": "no-damage", "uid": "12ef66f1-6bcf-4707-9666-70648557444a" }, "geometry": { "type": "Polygon", "coordinates": [ [ [ 0.000295521895819, 202.116941635103387 ], [ 3.702729993775579, 202.858891230376997 ], [ 4.146619678512435, 197.643187409346211 ], [ 15.35483427006163, 196.977352877497907 ], [ 12.913440993288861, 230.158106965471404 ], [ 0.000299742352636, 229.63805506630851 ], [ 0.000295521895819, 202.116941635103387 ] ] ] } },
{ "type": "Feature", "properties": { "feature_type": "building", "subtype": "no-damage", "uid": "db765a36-1e56-44b3-a02d-e96d14143ffe" }, "geometry": { "type": "Polygon", "coordinates": [ [ [ 60.122864108167043, 305.468626483052219 ], [ 98.646783273740226, 303.627409754873327 ], [ 99.248477381530137, 325.288126255266377 ], [ 59.697967939506171, 327.421595122965584 ], [ 60.122864108167043, 305.468626483052219 ] ] ] } },
{ "type": "Feature", "properties": { "feature_type": "building", "subtype": "no-damage", "uid": "4219cd50-ed1f-4660-b0bd-707463848aae" }, "geometry": { "type": "Polygon", "coordinates": [ [ [ 98.646783273740226, 303.627409754873327 ], [ 123.156928742499503, 303.288108690417289 ], [ 122.742911735555396, 324.540716879544789 ], [ 99.248477381530137, 325.288126255266377 ], [ 98.646783273740226, 303.627409754873327 ] ] ] } },
{ "type": "Feature", "properties": { "feature_type": "building", "subtype": "no-damage", "uid": "56dc42c2-3768-4807-b4b7-b4a9ae477507" }, "geometry": { "type": "Polygon", "coordinates": [ [ [ 121.103605148986702, 361.354969603404527 ], [ 141.174826577797404, 359.509340042501776 ], [ 140.02130810288341, 392.730672065983697 ], [ 123.641345788600006, 393.422783147424013 ], [ 121.103605148986702, 361.354969603404527 ] ] ] } },
{ "type": "Feature", "properties": { "feature_type": "building", "subtype": "no-damage", "uid": "8d09b310-c3b3-4a2c-a360-53dd0ede8a17" }, "geometry": { "type": "Polygon", "coordinates": [ [ [ 172.392946847882911, 324.278232661479194 ], [ 185.049846260067596, 323.991493715094691 ], [ 185.049846260327513, 320.992345685124917 ], [ 202.583327049784714, 321.223049381017404 ], [ 202.58332704783561, 329.528382387407589 ], [ 218.040474589204507, 330.912604554446318 ], [ 213.195697003011503, 368.467834210053297 ], [ 190.93607181616261, 368.199773681192482 ], [ 184.975132593091502, 369.746548561716622 ], [ 171.669031972634514, 371.055047419358687 ], [ 172.392946847882911, 324.278232661479194 ] ] ] } },
{ "type": "Feature", "properties": { "feature_type": "building", "subtype": "no-damage", "uid": "5091b135-c441-4ff5-9ce9-865265f4d603" }, "geometry": { "type": "Polygon", "coordinates": [ [ [ 277.957988225828387, 295.273936272039521 ], [ 290.275927037470979, 295.384908695400213 ], [ 290.394116259163582, 303.321484462105673 ], [ 300.052812179355385, 303.168385478334528 ], [ 299.746614211682981, 318.516515767928013 ], [ 290.275927037470979, 319.033346549997589 ], [ 289.414866959102085, 326.315399817049297 ], [ 280.123998067562809, 326.552751923720677 ], [ 280.1126860323796, 319.133006937005689 ], [ 277.403126117860779, 318.467172407236376 ], [ 277.957988225828387, 295.273936272039521 ] ] ] } },
{ "type": "Feature", "properties": { "feature_type": "building", "subtype": "no-damage", "uid": "ace35899-1514-4787-b96b-9de8d21825c6" }, "geometry": { "type": "Polygon", "coordinates": [ [ [ 228.273440246663796, 554.597899372977963 ], [ 252.284589091371288, 555.029397077540125 ], [ 252.100935667244414, 577.230856588895222 ], [ 228.263686413883192, 578.264500306531204 ], [ 228.273440246663796, 554.597899372977963 ] ] ] } },
{ "type": "Feature", "properties": { "feature_type": "building", "subtype": "no-damage", "uid": "c1770a51-5083-453a-87a3-299d50340abb" }, "geometry": { "type": "Polygon", "coordinates": [ [ [ 186.536725925393995, 519.232798600388037 ], [ 210.447919866024904, 518.97194921265384 ], [ 209.758824050975988, 536.539059307483853 ], [ 185.232478983475488, 536.014109258406847 ], [ 186.536725925393995, 519.232798600388037 ] ] ] } },
{ "type": "Feature", "properties": { "feature_type": "building", "subtype": "no-damage", "uid": "c8983530-87c3-4d3c-aff3-098a4aea7a71" }, "geometry": { "type": "Polygon", "coordinates": [ [ [ 181.691291012927195, 578.13789447326451 ], [ 212.123719666919101, 577.616195699875334 ], [ 211.758092538129006, 614.088819793976768 ], [ 182.456011231070988, 614.001869996679375 ], [ 182.369061437152112, 602.611446702490525 ], [ 181.691291012927195, 578.13789447326451 ] ] ] } },
{ "type": "Feature", "properties": { "feature_type": "building", "subtype": "no-damage", "uid": "a448d18c-29c8-4b24-9363-3a695003df0a" }, "geometry": { "type": "Polygon", "coordinates": [ [ [ 68.56395666464698, 597.67885462588049 ], [ 104.561172275762502, 597.939704013614573 ], [ 103.604724516276505, 613.934133833201372 ], [ 68.042257890738242, 613.938466504273038 ], [ 68.56395666464698, 597.67885462588049 ] ] ] } },
{ "type": "Feature", "properties": { "feature_type": "building", "subtype": "no-damage", "uid": "55d1dcf2-840f-4379-b8a4-fbf09bf09084" }, "geometry": { "type": "Polygon", "coordinates": [ [ [ 261.676992421537989, 595.978444017192942 ], [ 297.188167363301488, 597.08816823208906 ], [ 297.743029472438593, 589.985933245111141 ], [ 312.613333980836217, 589.985933245111141 ], [ 313.612085774450179, 618.283900777978147 ], [ 276.769241770030078, 618.172928354617397 ], [ 276.547296930845221, 622.167935537391259 ], [ 262.009909688111804, 622.611825222518064 ], [ 261.676992421537989, 595.978444017192942 ] ] ] } },
{ "type": "Feature", "properties": { "feature_type": "building", "subtype": "no-damage", "uid": "75752d6d-875e-41e9-bd2a-7a0d330cfbcc" }, "geometry": { "type": "Polygon", "coordinates": [ [ [ 245.943160566501291, 750.867190638578336 ], [ 272.201999006094013, 750.258542065812662 ], [ 271.854199822491921, 756.171128203032026 ], [ 288.113811701398504, 756.866726573094979 ], [ 287.852962313534476, 780.864870313240885 ], [ 268.376207975296722, 780.256221738396221 ], [ 265.767714092109316, 773.387187841300715 ], [ 265.68076429312282, 767.213752318426373 ], [ 245.856210770243393, 767.039852723831586 ], [ 245.943160566501291, 750.867190638578336 ] ] ] } },
{ "type": "Feature", "properties": { "feature_type": "building", "subtype": "no-damage", "uid": "2507dc73-8f1c-4ed1-a172-375b09320c6c" }, "geometry": { "type": "Polygon", "coordinates": [ [ [ 195.475060135639097, 733.315686632953316 ], [ 226.081388379807805, 732.098389485343091 ], [ 226.690036949974399, 758.444177721332949 ], [ 195.388110335872909, 758.705027109067032 ], [ 195.475060135639097, 733.315686632953316 ] ] ] } },
{ "type": "Feature", "properties": { "feature_type": "building", "subtype": "no-damage", "uid": "0b8c1e66-df27-4487-9b26-a6d69836c0dc" }, "geometry": { "type": "Polygon", "coordinates": [ [ [ 368.609858589481519, 854.605596348041672 ], [ 404.172325219047877, 855.648993896899015 ], [ 404.780973792073212, 876.169145788808919 ], [ 367.392561447199228, 874.777949052840995 ], [ 368.609858589481519, 854.605596348041672 ] ] ] } },
{ "type": "Feature", "properties": { "feature_type": "building", "subtype": "no-damage", "uid": "00c21e90-7410-4da6-85ed-afb32cf046b2" }, "geometry": { "type": "Polygon", "coordinates": [ [ [ 125.180342251952098, 926.595814687693633 ], [ 161.631526000503612, 925.442296212389351 ], [ 162.323637086231713, 940.899443756102642 ], [ 125.180342255330601, 941.822258533435388 ], [ 125.180342251952098, 926.595814687693633 ] ] ] } },
{ "type": "Feature", "properties": { "feature_type": "building", "subtype": "no-damage", "uid": "0ebc4450-8d18-4035-b091-093d10d29458" }, "geometry": { "type": "Polygon", "coordinates": [ [ [ 169.658744871451404, 927.446227713358326 ], [ 208.388120045586305, 926.447475919743965 ], [ 207.477181092537307, 941.568996215183006 ], [ 170.102634557747592, 942.205559799959815 ], [ 169.658744871451404, 927.446227713358326 ] ] ] } },
{ "type": "Feature", "properties": { "feature_type": "building", "subtype": "no-damage", "uid": "ab2faff6-7c2e-4ffa-bfda-0e02a71a0540" }, "geometry": { "type": "Polygon", "coordinates": [ [ [ 132.80845711857171, 966.92956908255826 ], [ 146.014175298648411, 967.595403614406564 ], [ 146.347092565741889, 960.715113467913056 ], [ 161.217397069981388, 960.23342872710441 ], [ 161.661286760045812, 967.706376033609217 ], [ 168.991577959057906, 968.675856884310178 ], [ 169.362290274946389, 981.902321907270903 ], [ 132.475539852647586, 982.827896335285459 ], [ 132.80845711857171, 966.92956908255826 ] ] ] } },
{ "type": "Feature", "properties": { "feature_type": "building", "subtype": "no-damage", "uid": "70a26c45-3dd6-4085-8a42-2c64cdba5da2" }, "geometry": { "type": "Polygon", "coordinates": [ [ [ 133.791194597345992, 1005.467605577314998 ], [ 148.55052668342239, 1005.578577998596984 ], [ 149.882195743740112, 1011.238171506833055 ], [ 169.191397117308099, 1011.23817150475395 ], [ 170.078319172316498, 1022.980175548627017 ], [ 133.371749512367387, 1022.979439105939946 ], [ 133.791194597345992, 1005.467605577314998 ] ] ] } },
{ "type": "Feature", "properties": { "feature_type": "building", "subtype": "no-damage", "uid": "37638ecf-ea57-489a-83f9-443d5d85572f" }, "geometry": { "type": "Polygon", "coordinates": [ [ [ 181.480064979280201, 999.533636701455407 ], [ 201.01732256462509, 999.851918489685772 ], [ 201.65388614433391, 1014.669792474588007 ], [ 182.508087721395214, 1015.455123534249992 ], [ 181.731280766706107, 1015.122206264166948 ], [ 181.480064979280201, 999.533636701455407 ] ] ] } },
{ "type": "Feature", "properties": { "feature_type": "building", "subtype": "no-damage", "uid": "12d272dc-4a15-47e1-ba83-6f990bc5ccbf" }, "geometry": { "type": "Polygon", "coordinates": [ [ [ 207.798110968974811, 976.054266450837872 ], [ 225.709768976000703, 975.271718281398421 ], [ 224.899305804815697, 984.868918015355462 ], [ 207.972010563569512, 985.766330987866354 ], [ 207.798110968974811, 976.054266450837872 ] ] ] } },
{ "type": "Feature", "properties": { "feature_type": "building", "subtype": "no-damage", "uid": "ccc9dad4-e2a7-440b-afcb-fed2ce4730ea" }, "geometry": { "type": "Polygon", "coordinates": [ [ [ 220.494873161559497, 999.464507770595333 ], [ 229.039749628704897, 999.020618081310431 ], [ 228.706832362131109, 993.361024575152896 ], [ 254.452434199142488, 993.693941841077049 ], [ 255.118268725013309, 1007.121604866061034 ], [ 240.026019377300912, 1006.566742759652016 ], [ 239.91504695536949, 1013.668977746630048 ], [ 219.829038629061699, 1012.892170795578977 ], [ 220.494873161559497, 999.464507770595333 ] ] ] } },
{ "type": "Feature", "properties": { "feature_type": "building", "subtype": "no-damage", "uid": "b47b829b-0395-460d-999e-45621733ca37" }, "geometry": { "type": "Polygon", "coordinates": [ [ [ 413.249083511911692, 1009.494806564777946 ], [ 444.078781553116187, 1009.473132681147035 ], [ 443.909874483333397, 1022.983298356104001 ], [ 412.848297364605628, 1022.983154390708023 ], [ 413.249083511911692, 1009.494806564777946 ] ] ] } },
{ "type": "Feature", "properties": { "feature_type": "building", "subtype": "no-damage", "uid": "24583471-2e55-4fe5-9f43-9dc33b6078f0" }, "geometry": { "type": "Polygon", "coordinates": [ [ [ 492.669122634452492, 1016.684222226753036 ], [ 492.843022229047278, 994.077275224654045 ], [ 500.297770143512821, 993.937777461329347 ], [ 500.030241894689823, 990.477931752008772 ], [ 519.275760255698174, 990.773182971012943 ], [ 519.971358625890844, 1017.72761977976802 ], [ 492.669122634452492, 1016.684222226753036 ] ] ] } },
{ "type": "Feature", "properties": { "feature_type": "building", "subtype": "no-damage", "uid": "176bfdab-d8d0-4d5d-ab36-b14044142fa4" }, "geometry": { "type": "Polygon", "coordinates": [ [ [ 483.889918115660521, 962.544410977378334 ], [ 505.75148518962169, 963.099273083786784 ], [ 506.631937156207982, 970.175195451859736 ], [ 520.936774789194715, 970.883355728890024 ], [ 521.503303013079631, 987.879202419196531 ], [ 483.625884182494815, 987.063292087482637 ], [ 483.889918115660521, 962.544410977378334 ] ] ] } },
{ "type": "Feature", "properties": { "feature_type": "building", "subtype": "no-damage", "uid": "567aba1c-eb59-40c5-9e2b-eee9fe1e7ec5" }, "geometry": { "type": "Polygon", "coordinates": [ [ [ 502.099711374614117, 933.917389177265477 ], [ 521.644935069473149, 934.625549456374756 ], [ 519.94535039820812, 959.694423326032165 ], [ 489.777722524120293, 959.127895101497302 ], [ 490.344250745926274, 935.900237957939794 ], [ 500.541758759093, 936.041870014593314 ], [ 502.099711374614117, 933.917389177265477 ] ] ] } },
{ "type": "Feature", "properties": { "feature_type": "building", "subtype": "no-damage", "uid": "80543f75-3011-4414-88a6-69da1db4e2db" }, "geometry": { "type": "Polygon", "coordinates": [ [ [ 485.953657017087608, 905.732610086180216 ], [ 519.378822175882533, 905.874242138675527 ], [ 519.662086287630018, 925.985994056647087 ], [ 508.189889771469382, 924.852937611735456 ], [ 508.614785936751787, 930.376587785877177 ], [ 483.687544128044806, 931.934540398670151 ], [ 485.953657017087608, 905.732610086180216 ] ] ] } },
{ "type": "Feature", "properties": { "feature_type": "building", "subtype": "no-damage", "uid": "516cc757-a850-4abe-b451-247ce6efb8d0" }, "geometry": { "type": "Polygon", "coordinates": [ [ [ 494.497437844677279, 877.568488829735429 ], [ 517.886933010489884, 877.133739847406446 ], [ 518.14778239939335, 879.916133325579494 ], [ 518.930330564674478, 902.61003012289666 ], [ 493.627939882618591, 901.04493379233395 ], [ 494.497437844677279, 877.568488829735429 ] ] ] } },
{ "type": "Feature", "properties": { "feature_type": "building", "subtype": "no-damage", "uid": "f7d7bf9c-95ce-46fe-8a01-87e7dce37ec7" }, "geometry": { "type": "Polygon", "coordinates": [ [ [ 496.20230063496092, 846.775814567412795 ], [ 519.243996614053003, 845.732417020634443 ], [ 519.939594985674944, 874.512799549765873 ], [ 496.115350840782128, 874.773648931262869 ], [ 496.20230063496092, 846.775814567412795 ] ] ] } },
{ "type": "Feature", "properties": { "feature_type": "building", "subtype": "no-damage", "uid": "47914b0e-1a05-45b1-91dc-f9df75d9675a" }, "geometry": { "type": "Polygon", "coordinates": [ [ [ 496.250723250891781, 806.09422285787241 ], [ 519.77687664966561, 805.206443483460589 ], [ 522.440214770301054, 833.171493752482434 ], [ 495.25197145935681, 835.168997341790373 ], [ 496.250723250891781, 806.09422285787241 ] ] ] } },
{ "type": "Feature", "properties": { "feature_type": "building", "subtype": "no-damage", "uid": "c70e514b-e94c-4a1b-9af0-b1c5dad149b4" }, "geometry": { "type": "Polygon", "coordinates": [ [ [ 495.062820677513173, 773.112742696844521 ], [ 525.691209061053314, 772.335935741635353 ], [ 524.692457266399629, 799.413206636245491 ], [ 496.838379422307924, 800.079041163935699 ], [ 495.062820677513173, 773.112742696844521 ] ] ] } },
{ "type": "Feature", "properties": { "feature_type": "building", "subtype": "no-damage", "uid": "80c064ac-cd88-44df-a84b-0bf47755267c" }, "geometry": { "type": "Polygon", "coordinates": [ [ [ 494.729903412238798, 740.930740404564403 ], [ 521.141339774601192, 741.374630089691323 ], [ 520.031615554377936, 770.338432154406519 ], [ 495.395737940318611, 769.672597620479223 ], [ 494.729903412238798, 740.930740404564403 ] ] ] } },
{ "type": "Feature", "properties": { "feature_type": "building", "subtype": "no-damage", "uid": "352cfa83-9ecb-41dc-9abb-f868bf815136" }, "geometry": { "type": "Polygon", "coordinates": [ [ [ 497.672427371980007, 706.805463904446583 ], [ 522.366169480490839, 707.24021288261747 ], [ 521.061922536883003, 737.324842350419317 ], [ 494.976983692664703, 736.62924398451446 ], [ 497.672427371980007, 706.805463904446583 ] ] ] } },
{ "type": "Feature", "properties": { "feature_type": "building", "subtype": "no-damage", "uid": "6346d493-85c7-4d8e-99c2-ec4603fb7083" }, "geometry": { "type": "Polygon", "coordinates": [ [ [ 495.86069423133938, 674.576191269176206 ], [ 523.270882390434394, 676.24077759671809 ], [ 520.27462700348508, 703.429020908451662 ], [ 493.974163062144385, 703.539993331812411 ], [ 495.86069423133938, 674.576191269176206 ] ] ] } },
{ "type": "Feature", "properties": { "feature_type": "building", "subtype": "no-damage", "uid": "2d97ebb3-b7e2-48c9-a0ac-2b61b6fe10c1" }, "geometry": { "type": "Polygon", "coordinates": [ [ [ 492.827546881356284, 637.973688204985706 ], [ 506.477154749288388, 637.640770943219536 ], [ 506.477154749678277, 643.855226557864739 ], [ 520.792597149068683, 643.633281713222232 ], [ 521.347459258465619, 663.719290040057103 ], [ 490.941015716319384, 663.497345195414596 ], [ 492.827546881356284, 637.973688204985706 ] ] ] } },
{ "type": "Feature", "properties": { "feature_type": "building", "subtype": "no-damage", "uid": "4fdd5648-4c8a-4e59-bd79-ae7d108941b4" }, "geometry": { "type": "Polygon", "coordinates": [ [ [ 435.912057578523388, 640.145329628478066 ], [ 449.225470821433078, 640.995121964240866 ], [ 448.942206709815423, 636.887792346238598 ], [ 463.671940505225791, 637.595952623268886 ], [ 463.24704433942361, 645.385715691391852 ], [ 480.809419255298224, 644.677555416440669 ], [ 479.817994863921911, 664.930939388986644 ], [ 437.045114027462773, 665.922363775165763 ], [ 435.912057578523388, 640.145329628478066 ] ] ] } },
{ "type": "Feature", "properties": { "feature_type": "building", "subtype": "no-damage", "uid": "6f1cc5f5-f8c1-4844-b8b0-e65baeb7d35d" }, "geometry": { "type": "Polygon", "coordinates": [ [ [ 371.752736324354487, 646.518772136303483 ], [ 386.624102175768712, 646.660404195035994 ], [ 387.190630402252395, 635.754735899247976 ], [ 402.203628309800081, 636.604528232931671 ], [ 402.203628311619184, 642.411442522459424 ], [ 415.941937717342512, 642.977970742836078 ], [ 415.941937720071223, 664.930939386907539 ], [ 370.76131193232851, 664.081147051144853 ], [ 371.752736324354487, 646.518772136303483 ] ] ] } },
{ "type": "Feature", "properties": { "feature_type": "building", "subtype": "no-damage", "uid": "38757545-cb41-4c18-a503-ca81917bd1b7" }, "geometry": { "type": "Polygon", "coordinates": [ [ [ 390.551677964021394, 562.409148822102225 ], [ 414.912391551442227, 562.125884708795297 ], [ 415.337287719193512, 593.568201088357227 ], [ 389.276989459857873, 595.126153699071097 ], [ 390.268413851494188, 578.271939067497101 ], [ 389.135357404503907, 576.997250565932063 ], [ 388.710461236232788, 569.349119554462504 ], [ 391.684734407893075, 569.207487495729993 ], [ 390.551677964021394, 562.409148822102225 ] ] ] } },
{ "type": "Feature", "properties": { "feature_type": "building", "subtype": "no-damage", "uid": "b7a42581-65a4-438e-bdbd-2faf49869c11" }, "geometry": { "type": "Polygon", "coordinates": [ [ [ 426.781153133598991, 568.92964627441529 ], [ 438.394981705373709, 569.354542440217642 ], [ 438.394981704593988, 567.08842955039438 ], [ 453.266347560036195, 566.663533384592142 ], [ 454.824300174127984, 595.273208643558746 ], [ 438.536613762936724, 595.414840698133162 ], [ 438.961509930817897, 588.474869965772882 ], [ 427.064417245086815, 586.775285300484597 ], [ 426.781153133598991, 568.92964627441529 ] ] ] } },
{ "type": "Feature", "properties": { "feature_type": "building", "subtype": "no-damage", "uid": "cd3dc369-6fd3-4a0c-981d-a503fa6f1099" }, "geometry": { "type": "Polygon", "coordinates": [ [ [ 458.28200716487612, 565.443646065708435 ], [ 469.934111439212984, 565.332673644426677 ], [ 469.934111442721417, 572.323936208043847 ], [ 488.022616179072372, 572.656853473967999 ], [ 488.688450709361291, 593.96355844113873 ], [ 458.614924428331278, 593.186751488008667 ], [ 458.28200716487612, 565.443646065708435 ] ] ] } },
{ "type": "Feature", "properties": { "feature_type": "building", "subtype": "no-damage", "uid": "cb164952-768f-4277-a074-56c8e6d39812" }, "geometry": { "type": "Polygon", "coordinates": [ [ [ 494.015049979791172, 560.343365424581293 ], [ 516.986341272156665, 560.454337845862938 ], [ 516.764396429723206, 591.19369865732267 ], [ 490.907822174288924, 590.527864127553357 ], [ 494.015049979791172, 560.343365424581293 ] ] ] } },
{ "type": "Feature", "properties": { "feature_type": "building", "subtype": "no-damage", "uid": "f25436de-68e2-4a9d-b52e-04ecbe38e81e" }, "geometry": { "type": "Polygon", "coordinates": [ [ [ 520.602779184469341, 568.195147228280234 ], [ 532.949650238139952, 568.629896204372017 ], [ 534.166947380162355, 566.195301911230558 ], [ 549.730960894203804, 565.673603135762278 ], [ 551.383007021673507, 593.497537905017566 ], [ 533.906097994247489, 593.497537905017566 ], [ 533.471349013478061, 587.584951765719211 ], [ 519.472431834806571, 587.063252988171939 ], [ 520.602779184469341, 568.195147228280234 ] ] ] } },
{ "type": "Feature", "properties": { "feature_type": "building", "subtype": "no-damage", "uid": "91d5fd9f-041d-4665-9567-2d6cb5756f6e" }, "geometry": { "type": "Polygon", "coordinates": [ [ [ 554.39349866956411, 566.277022304729826 ], [ 565.957821557044099, 566.277022304729826 ], [ 566.13172115254838, 564.190227194540853 ], [ 581.000136293408559, 562.799030458572929 ], [ 583.501294394183105, 592.634639109010777 ], [ 567.502531903010549, 590.808693390713984 ], [ 568.545929456025647, 585.243906438526096 ], [ 555.503460032552084, 584.809157458276331 ], [ 554.39349866956411, 566.277022304729826 ] ] ] } },
{ "type": "Feature", "properties": { "feature_type": "building", "subtype": "no-damage", "uid": "757c7af5-f2f3-4002-a626-17828887d91b" }, "geometry": { "type": "Polygon", "coordinates": [ [ [ 588.301296438809345, 574.768438940422016 ], [ 587.866547462587846, 556.682881337495473 ], [ 615.081833654259867, 556.422031951840381 ], [ 617.34252835826328, 583.20256916184303 ], [ 601.343765864362013, 584.159016921719171 ], [ 601.691565047184326, 574.681489141045631 ], [ 588.301296438809345, 574.768438940422016 ] ] ] } },
{ "type": "Feature", "properties": { "feature_type": "building", "subtype": "no-damage", "uid": "dce59092-923c-4e28-a985-469c6c7075f4" }, "geometry": { "type": "Polygon", "coordinates": [ [ [ 367.559047438285006, 497.562574770479216 ], [ 370.555302823934994, 498.006464453526974 ], [ 370.7772476653289, 494.011457274911209 ], [ 383.982965848654089, 493.678540008987113 ], [ 384.870745222285905, 497.340629923757717 ], [ 400.184939414640723, 497.562574768400111 ], [ 400.628829101456574, 535.737087830682867 ], [ 365.117654161642179, 536.291949937091431 ], [ 367.559047438285006, 497.562574770479216 ] ] ] } },
{ "type": "Feature", "properties": { "feature_type": "building", "subtype": "no-damage", "uid": "8bfaa0c9-6faa-4b33-886e-39e8c9cddc86" }, "geometry": { "type": "Polygon", "coordinates": [ [ [ 406.732312295337579, 495.787016017497592 ], [ 416.386912982056572, 495.787016017497592 ], [ 416.608857822930815, 492.124926104805979 ], [ 441.799597551194779, 493.456595166423597 ], [ 440.911818174054588, 524.084983552443532 ], [ 431.257217486425986, 524.306928395006935 ], [ 430.813327803898176, 532.851804866963221 ], [ 407.509119247038086, 531.742080649988111 ], [ 406.177450188019691, 510.990237793383926 ], [ 406.732312295337579, 495.787016017497592 ] ] ] } },
{ "type": "Feature", "properties": { "feature_type": "building", "subtype": "no-damage", "uid": "d4f511d7-19dd-4ada-9b3a-50ed356665c5" }, "geometry": { "type": "Polygon", "coordinates": [ [ [ 447.407305683162519, 494.217369585412484 ], [ 481.390633389906611, 496.024993400439314 ], [ 481.932920535428025, 533.623568735949902 ], [ 458.072286186411702, 533.081281590818094 ], [ 454.637800936770418, 540.492539226399003 ], [ 443.430533288909373, 541.396351134951942 ], [ 447.407305683162519, 494.217369585412484 ] ] ] } },
{ "type": "Feature", "properties": { "feature_type": "building", "subtype": "no-damage", "uid": "b633ace2-0751-4cd6-8761-87a307f82d17" }, "geometry": { "type": "Polygon", "coordinates": [ [ [ 488.679493579282791, 496.500198650614777 ], [ 500.751651325245007, 496.205755777991783 ], [ 500.751651325375008, 491.789112703200487 ], [ 519.301552249419274, 492.37799844428838 ], [ 517.240452146126927, 538.311086450809057 ], [ 488.385050709388679, 537.133314962396184 ], [ 488.679493579282791, 496.500198650614777 ] ] ] } },
{ "type": "Feature", "properties": { "feature_type": "building", "subtype": "no-damage", "uid": "b4596cec-c90c-4d02-866a-9de9ba25cb38" }, "geometry": { "type": "Polygon", "coordinates": [ [ [ 525.938521103681182, 492.512589236320707 ], [ 557.933462614078394, 492.331826854609972 ], [ 559.018036905770941, 515.288649294432275 ], [ 550.52220497616122, 514.746362153458563 ], [ 550.341442598868639, 532.822600291252911 ], [ 528.469194444509981, 534.087936961147989 ], [ 525.938521103681182, 492.512589236320707 ] ] ] } },
{ "type": "Feature", "properties": { "feature_type": "building", "subtype": "no-damage", "uid": "a19f69b9-ebfa-4608-96db-2e6a72a90dfd" }, "geometry": { "type": "Polygon", "coordinates": [ [ [ 565.163957870674835, 496.489361627716505 ], [ 576.732750284035887, 497.031648770769209 ], [ 576.913512667045893, 493.235638763163024 ], [ 594.085938899139819, 493.59716352450522 ], [ 595.712800334014787, 499.743084494348977 ], [ 596.435849857218614, 499.743084494348977 ], [ 596.797374619080301, 536.618610300938258 ], [ 563.898621203638868, 534.991748871780032 ], [ 565.163957870674835, 496.489361627716505 ] ] ] } },
{ "type": "Feature", "properties": { "feature_type": "building", "subtype": "no-damage", "uid": "7041035f-3768-41c2-8cbb-4026725ded46" }, "geometry": { "type": "Polygon", "coordinates": [ [ [ 610.090787346996422, 492.222109746876924 ], [ 639.165561832852973, 494.219613338263912 ], [ 639.720423939261423, 517.74576673522688 ], [ 635.170554648651205, 518.633546109638587 ], [ 635.170554650080589, 529.175926170902812 ], [ 608.204256179490699, 529.397871013466215 ], [ 610.090787346996422, 492.222109746876924 ] ] ] } },
{ "type": "Feature", "properties": { "feature_type": "building", "subtype": "no-damage", "uid": "7103324e-e4b9-4131-b20f-6dfbacdf853b" }, "geometry": { "type": "Polygon", "coordinates": [ [ [ 648.215187209703117, 496.354062543236182 ], [ 648.326159633713473, 488.14210333928321 ], [ 682.949555200935606, 487.809186073359001 ], [ 683.6153897346029, 530.644540844026778 ], [ 648.88102174077153, 528.868982097282355 ], [ 648.215187209703117, 496.354062543236182 ] ] ] } },
{ "type": "Feature", "properties": { "feature_type": "building", "subtype": "no-damage", "uid": "3292bddf-5f6b-4869-9ea3-20e4123798ab" }, "geometry": { "type": "Polygon", "coordinates": [ [ [ 687.055534805899242, 496.132117698593675 ], [ 719.459481940471278, 494.245586528488502 ], [ 718.793647408233369, 530.533568422745134 ], [ 687.721369335668328, 529.756761473773167 ], [ 687.055534805899242, 496.132117698593675 ] ] ] } },
{ "type": "Feature", "properties": { "feature_type": "building", "subtype": "no-damage", "uid": "3c45e4c0-86df-4c15-87af-a82fe405c4a4" }, "geometry": { "type": "Polygon", "coordinates": [ [ [ 589.058403413752444, 608.932357891184097 ], [ 615.991119566511998, 608.674785634113618 ], [ 617.356370945569665, 631.80290222045096 ], [ 588.608378450550276, 630.988422762894061 ], [ 589.058403413752444, 608.932357891184097 ] ] ] } },
{ "type": "Feature", "properties": { "feature_type": "building", "subtype": "no-damage", "uid": "e703f44b-5772-4f0f-87df-92d11c45ae5c" }, "geometry": { "type": "Polygon", "coordinates": [ [ [ 587.473577879509548, 635.115646408488715 ], [ 614.100404361300662, 635.25727846306313 ], [ 615.233460810629822, 656.643718882599728 ], [ 606.310641294869697, 655.935558603490449 ], [ 606.169009242114498, 662.16736905674145 ], [ 596.396397392540962, 662.167369054662458 ], [ 595.971501227518388, 652.819653373746405 ], [ 586.198889381843173, 652.819653373746405 ], [ 587.473577879509548, 635.115646408488715 ] ] ] } },
{ "type": "Feature", "properties": { "feature_type": "building", "subtype": "no-damage", "uid": "f22f4ed3-727f-4274-835f-3f0d16a7e4d3" }, "geometry": { "type": "Polygon", "coordinates": [ [ [ 627.98034582796538, 623.785081944819353 ], [ 655.456964643569904, 624.634874280582153 ], [ 655.315332586136833, 655.935558601411458 ], [ 627.555449659694318, 653.811077766162612 ], [ 627.98034582796538, 623.785081944819353 ] ] ] } },
{ "type": "Feature", "properties": { "feature_type": "building", "subtype": "no-damage", "uid": "5fc034a1-fe8a-43ee-b97e-92c42f09c1c6" }, "geometry": { "type": "Polygon", "coordinates": [ [ [ 658.714501924898627, 629.025468009812244 ], [ 688.173969519227626, 629.450364175614482 ], [ 687.890705410598684, 665.708170448129749 ], [ 673.302603666254299, 664.716746059871639 ], [ 672.594443387665024, 652.111493098795222 ], [ 665.22957648755596, 652.111493096716231 ], [ 665.087944434410929, 648.429059648674411 ], [ 659.705926316015052, 648.42905964659542 ], [ 658.714501924898627, 629.025468009812244 ] ] ] } },
{ "type": "Feature", "properties": { "feature_type": "building", "subtype": "no-damage", "uid": "2a1d8baa-1913-4f6c-b751-d4bbbed36a56" }, "geometry": { "type": "Polygon", "coordinates": [ [ [ 692.162400539386567, 625.359057235011733 ], [ 718.73447060847343, 624.636007704011377 ], [ 720.722856805340143, 656.088662075915181 ], [ 706.80415343636912, 656.450186835178215 ], [ 706.804153438188337, 650.665790630834522 ], [ 701.200519614777591, 651.208077778045322 ], [ 700.658232469386121, 648.590358591260951 ], [ 692.162400539516511, 648.496642054465497 ], [ 692.162400539386567, 625.359057235011733 ] ] ] } },
{ "type": "Feature", "properties": { "feature_type": "building", "subtype": "no-damage", "uid": "e676ed10-5397-4cdd-a131-865421d30b5d" }, "geometry": { "type": "Polygon", "coordinates": [ [ [ 676.617171151018738, 584.382095287505877 ], [ 712.591713313332662, 582.6825106139014 ], [ 714.716194147281385, 612.283610269442306 ], [ 676.050642926484102, 614.124826993463216 ], [ 676.617171151018738, 584.382095287505877 ] ] ] } },
{ "type": "Feature", "properties": { "feature_type": "building", "subtype": "no-damage", "uid": "60bc9f21-9ffb-41bc-bfbb-225def5c0887" }, "geometry": { "type": "Polygon", "coordinates": [ [ [ 687.664471497868817, 569.793993543676038 ], [ 687.664471498258649, 550.248769850239455 ], [ 691.488537002692624, 549.965505739011519 ], [ 693.89628195228704, 542.317374725462969 ], [ 708.626015748866848, 538.918205390728076 ], [ 711.17539275602428, 549.823873682358112 ], [ 717.690467319981053, 550.956930127269629 ], [ 717.407203205764631, 572.060106437657396 ], [ 687.664471497868817, 569.793993543676038 ] ] ] } },
{ "type": "Feature", "properties": { "feature_type": "building", "subtype": "no-damage", "uid": "2ecc8a37-8ef6-44b3-b05c-3f31aedac2f3" }, "geometry": { "type": "Polygon", "coordinates": [ [ [ 630.036456062812817, 552.180155474058665 ], [ 656.38001842934807, 535.892469062861437 ], [ 660.487348046309307, 548.497722026016845 ], [ 635.701738292696405, 561.811135266202541 ], [ 630.036456062812817, 552.180155474058665 ] ] ] } },
{ "type": "Feature", "properties": { "feature_type": "building", "subtype": "no-damage", "uid": "b659d624-ac9f-4658-87e8-a7f4b149aa06" }, "geometry": { "type": "Polygon", "coordinates": [ [ [ 252.493840271140414, 186.793322956194913 ], [ 261.4912843615665, 187.254730347979887 ], [ 261.491284360656891, 197.636396604928194 ], [ 252.49384027230991, 196.482878131702904 ], [ 252.493840271140414, 186.793322956194913 ] ] ] } },
{ "type": "Feature", "properties": { "feature_type": "building", "subtype": "no-damage", "uid": "481e4c90-51f6-4800-ba83-bf87889605cd" }, "geometry": { "type": "Polygon", "coordinates": [ [ [ 368.424403199215817, 146.019675035492014 ], [ 399.44182340607739, 146.586203262105897 ], [ 399.441823405557727, 167.972643677484399 ], [ 371.540308424151021, 166.697955175919304 ], [ 371.681940479634875, 158.341663889498591 ], [ 367.857874974161405, 156.925343331280089 ], [ 368.424403199215817, 146.019675035492014 ] ] ] } },
{ "type": "Feature", "properties": { "feature_type": "building", "subtype": "no-damage", "uid": "84262616-9221-4a4d-b4d1-7bced725dc2f" }, "geometry": { "type": "Polygon", "coordinates": [ [ [ 412.755236649766687, 144.886618592659488 ], [ 443.489392747349598, 144.461722422699012 ], [ 442.639600414575796, 166.6979551800774 ], [ 412.471972536849705, 166.981219289226289 ], [ 410.347491698353224, 156.07555099551729 ], [ 414.738085429010994, 155.509022770982511 ], [ 412.755236649766687, 144.886618592659488 ] ] ] } },
{ "type": "Feature", "properties": { "feature_type": "building", "subtype": "no-damage", "uid": "0dbb42dc-0809-4aa6-98f3-e30ad9d02079" }, "geometry": { "type": "Polygon", "coordinates": [ [ [ 418.914012810381905, 169.986449943434508 ], [ 443.497696679223623, 171.432548997119198 ], [ 441.690072864197418, 194.750896198283613 ], [ 411.141230405665226, 194.027846673520287 ], [ 410.779705645492697, 182.459054262753909 ], [ 418.371725663691109, 182.097529501411714 ], [ 418.914012810381905, 169.986449943434508 ] ] ] } },
{ "type": "Feature", "properties": { "feature_type": "building", "subtype": "no-damage", "uid": "60ce309a-43b7-43df-af30-e23c65ffa9de" }, "geometry": { "type": "Polygon", "coordinates": [ [ [ 367.577496485415395, 169.444162798302699 ], [ 396.318715129960822, 169.986449943434508 ], [ 396.137952750459306, 194.02784667144121 ], [ 369.927407446222901, 195.1124209617048 ], [ 369.385120302130815, 186.797351415491903 ], [ 365.950635051839811, 185.893539511097003 ], [ 367.577496485415395, 169.444162798302699 ] ] ] } },
{ "type": "Feature", "properties": { "feature_type": "building", "subtype": "no-damage", "uid": "5c933829-9892-4414-b90d-8f3167c9b4cb" }, "geometry": { "type": "Polygon", "coordinates": [ [ [ 368.119783627818208, 198.185381444547687 ], [ 392.884229886556682, 197.8238566811265 ], [ 392.70346750107791, 208.6695995692086 ], [ 400.837774667656277, 209.392649089813887 ], [ 400.476249905144812, 219.8768672144748 ], [ 371.011981734926792, 220.419154359606608 ], [ 370.831219350617516, 213.007896719867603 ], [ 367.215971722773986, 213.550183864999411 ], [ 368.119783627818208, 198.185381444547687 ] ] ] } },
{ "type": "Feature", "properties": { "feature_type": "building", "subtype": "no-damage", "uid": "149414c3-d16a-4f6b-99cd-623f04f380cd" }, "geometry": { "type": "Polygon", "coordinates": [ [ [ 368.662070772430127, 223.672877222081013 ], [ 401.199299427958806, 223.130590079028309 ], [ 401.199299427309086, 245.183600614455713 ], [ 371.1927441135187, 243.918263942481502 ], [ 370.831219350097683, 239.218442026322407 ], [ 367.035209339504206, 238.856917264980211 ], [ 368.662070772430127, 223.672877222081013 ] ] ] } },
{ "type": "Feature", "properties": { "feature_type": "building", "subtype": "no-damage", "uid": "4253b1b4-48bc-4385-b6a1-194e0fdc8578" }, "geometry": { "type": "Polygon", "coordinates": [ [ [ 370.333843044398975, 247.601008448585986 ], [ 403.617376146410493, 248.592432841002193 ], [ 403.334112032454016, 271.395193818757321 ], [ 373.874644439034512, 269.553977088499323 ], [ 373.024852101972726, 262.614006360297083 ], [ 366.651409594149527, 263.180534584832003 ], [ 370.333843044398975, 247.601008448585986 ] ] ] } },
{ "type": "Feature", "properties": { "feature_type": "building", "subtype": "no-damage", "uid": "0358d5e8-6869-4ab8-a247-db46e7947f3b" }, "geometry": { "type": "Polygon", "coordinates": [ [ [ 367.278154626323726, 274.753412052676481 ], [ 402.969432675720725, 275.17830821847889 ], [ 400.42005567168178, 297.414540973778173 ], [ 371.952012463921278, 297.839437139580582 ], [ 371.527116299288707, 289.624777905655208 ], [ 367.561418737291604, 289.483145851080792 ], [ 367.278154626323726, 274.753412052676481 ] ] ] } },
{ "type": "Feature", "properties": { "feature_type": "building", "subtype": "no-damage", "uid": "ffaac76f-9e3e-4c64-97e7-b4b2126c2488" }, "geometry": { "type": "Polygon", "coordinates": [ [ [ 369.476320700806525, 300.708706284701975 ], [ 391.670805041601398, 301.374540814471288 ], [ 392.780529255847398, 311.47303118852949 ], [ 401.658322993984484, 311.251086345966087 ], [ 401.880267836547887, 320.35082492433088 ], [ 373.027438196503113, 321.238604296663709 ], [ 373.138410617135094, 315.024148684097611 ], [ 368.588541325745325, 314.358314154328184 ], [ 369.476320700806525, 300.708706284701975 ] ] ] } },
{ "type": "Feature", "properties": { "feature_type": "building", "subtype": "no-damage", "uid": "b4a7c328-48f2-43bb-9a94-06a65d048dc9" }, "geometry": { "type": "Polygon", "coordinates": [ [ [ 368.536964914204873, 325.7633951387038 ], [ 394.621903759722727, 326.024244526437883 ], [ 395.491401721651414, 337.762467009816191 ], [ 400.360590306503184, 338.371115582581922 ], [ 400.708389486596786, 347.066095195895116 ], [ 371.928006959814695, 348.631191530615922 ], [ 372.536655535178909, 339.936211913144575 ], [ 366.624069395882714, 340.89265966886262 ], [ 368.536964914204873, 325.7633951387038 ] ] ] } },
{ "type": "Feature", "properties": { "feature_type": "building", "subtype": "no-damage", "uid": "5b5861ea-3c33-418a-815f-957c88a06221" }, "geometry": { "type": "Polygon", "coordinates": [ [ [ 374.594475354549616, 354.330088367295389 ], [ 403.200958290635128, 352.678042241514277 ], [ 403.20095829024541, 368.502905141736221 ], [ 395.810225618204072, 369.807152082485686 ], [ 395.723275818827688, 376.067537406815575 ], [ 377.11601944550722, 376.676185977502087 ], [ 368.421039828039113, 376.415336587689012 ], [ 367.116792885860605, 360.416574097030491 ], [ 375.898722296857898, 361.025222671875099 ], [ 374.594475354549616, 354.330088367295389 ] ] ] } },
{ "type": "Feature", "properties": { "feature_type": "building", "subtype": "no-damage", "uid": "eaffcf8d-03dc-4108-8071-b1f9ba5b5c7b" }, "geometry": { "type": "Polygon", "coordinates": [ [ [ 377.900362307424075, 385.805356312738525 ], [ 405.093717008162514, 385.2388280923617 ], [ 404.952084953068379, 394.161647605396411 ], [ 400.278227115990489, 394.869807882426585 ], [ 401.269651504897979, 406.908532621047186 ], [ 367.986118400807413, 409.174645512949382 ], [ 366.286533732790872, 393.028591156326627 ], [ 376.059145580285417, 393.028591158405675 ], [ 375.492617355360892, 385.238828096519796 ], [ 377.900362307424075, 385.805356312738525 ] ] ] } },
{ "type": "Feature", "properties": { "feature_type": "building", "subtype": "no-damage", "uid": "0e7ed7c0-0417-4586-80cd-c05fa1a800ec" }, "geometry": { "type": "Polygon", "coordinates": [ [ [ 376.780171646269309, 411.020580231591396 ], [ 413.32124203441731, 410.87894817701698 ], [ 413.321242031558597, 435.806189990020926 ], [ 398.308244123751024, 435.806189987941877 ], [ 397.741715901945099, 439.771887553448721 ], [ 384.853198827826191, 440.0551516646766 ], [ 384.286670602641891, 437.647406714041779 ], [ 374.797322867414721, 435.947822044595284 ], [ 376.780171646269309, 411.020580231591396 ] ] ] } },
{ "type": "Feature", "properties": { "feature_type": "building", "subtype": "no-damage", "uid": "14b9f94a-81f5-4cda-869c-576da49bc00b" }, "geometry": { "type": "Polygon", "coordinates": [ [ [ 419.5141573792705, 414.067765850336286 ], [ 450.10668142357838, 415.200822295247917 ], [ 449.965049365105813, 438.428479436726377 ], [ 432.261042395566392, 438.428479436726377 ], [ 432.544306506924215, 430.497084318186978 ], [ 419.514157378880725, 430.355452265691611 ], [ 419.5141573792705, 414.067765850336286 ] ] ] } },
{ "type": "Feature", "properties": { "feature_type": "building", "subtype": "no-damage", "uid": "59b5ebd7-a90c-435a-ac88-be95c9b7bafc" }, "geometry": { "type": "Polygon", "coordinates": [ [ [ 422.979416252351086, 362.561349562306418 ], [ 452.941970109630574, 363.338156515436481 ], [ 451.721273472933376, 379.318185240294781 ], [ 438.404582866377382, 380.094992193424787 ], [ 437.183886231239626, 394.299462167380625 ], [ 421.869692036675815, 393.411682792968804 ], [ 422.979416252351086, 362.561349562306418 ] ] ] } },
{ "type": "Feature", "properties": { "feature_type": "building", "subtype": "no-damage", "uid": "bee3db6a-4da9-4aed-bf68-0f99227fd5db" }, "geometry": { "type": "Polygon", "coordinates": [ [ [ 414.113207632444301, 330.655242950147112 ], [ 422.327866863508007, 314.934084763484691 ], [ 423.954293501282223, 306.682846512229219 ], [ 446.971844566964421, 314.650820652256812 ], [ 430.259261989580978, 348.925778144097706 ], [ 422.469498922110517, 341.41927918928161 ], [ 424.027451535552586, 333.629516121158588 ], [ 414.113207632444301, 330.655242950147112 ] ] ] } },
{ "type": "Feature", "properties": { "feature_type": "building", "subtype": "no-damage", "uid": "1601a5eb-7e98-42ff-951c-3db3c47a507a" }, "geometry": { "type": "Polygon", "coordinates": [ [ [ 436.632704495455073, 339.153166297379414 ], [ 451.079174183016107, 313.376132148612726 ], [ 454.903239687320081, 313.376132148612726 ], [ 456.602824356376175, 311.81817953374059 ], [ 465.384011814963173, 313.23450009403831 ], [ 464.959115647081887, 316.067141206317274 ], [ 471.899086377880394, 317.341829707882425 ], [ 458.727305195522376, 348.642514030790721 ], [ 436.632704495455073, 339.153166297379414 ] ] ] } },
{ "type": "Feature", "properties": { "feature_type": "building", "subtype": "no-damage", "uid": "4785b187-28db-47d8-bdca-80bbded73d61" }, "geometry": { "type": "Polygon", "coordinates": [ [ [ 418.046767816271824, 276.941461919953781 ], [ 441.98258523685098, 277.791254253637589 ], [ 443.398905794809082, 291.52956365962558 ], [ 437.025463284906891, 292.379355997467428 ], [ 437.733623564535776, 298.044638226183508 ], [ 417.19697548063931, 298.611166448639324 ], [ 418.046767816271824, 276.941461919953781 ] ] ] } },
{ "type": "Feature", "properties": { "feature_type": "building", "subtype": "no-damage", "uid": "f9c390e3-6eec-4896-99f6-ff42d02f398f" }, "geometry": { "type": "Polygon", "coordinates": [ [ [ 410.681900914473488, 248.615050765977998 ], [ 439.999736457346785, 248.898314881363888 ], [ 440.56626467746338, 256.404813836179983 ], [ 445.523386631226572, 257.821134392319493 ], [ 438.441783844554379, 269.15169885390992 ], [ 413.656174084574388, 269.718227076365679 ], [ 413.939438198920811, 263.911312788916973 ], [ 408.699052137308286, 261.928464006163722 ], [ 410.681900914473488, 248.615050765977998 ] ] ] } },
{ "type": "Feature", "properties": { "feature_type": "building", "subtype": "no-damage", "uid": "9d19642d-437f-47ea-b3ea-ff3f965f5257" }, "geometry": { "type": "Polygon", "coordinates": [ [ [ 422.295729484948708, 222.8380166192903 ], [ 439.716472343650082, 222.979648675943793 ], [ 440.141368511661312, 246.773834044036107 ], [ 411.531693252444995, 246.915466098610608 ], [ 411.248429138748293, 233.460420799692287 ], [ 420.312880708173282, 233.035524633889992 ], [ 422.295729484948708, 222.8380166192903 ] ] ] } },
{ "type": "Feature", "properties": { "feature_type": "building", "subtype": "no-damage", "uid": "9956aef6-4bbf-4406-a1a6-3686e854f178" }, "geometry": { "type": "Polygon", "coordinates": [ [ [ 408.541059775026213, 197.261961054531099 ], [ 441.832786283619782, 196.374181680119307 ], [ 441.055979333348716, 220.011307498364005 ], [ 405.655776808838709, 220.566169606851588 ], [ 408.541059775026213, 197.261961054531099 ] ] ] } },
{ "type": "Feature", "properties": { "feature_type": "building", "subtype": "no-damage", "uid": "1197c83f-501f-4e91-abe1-49272b94272d" }, "geometry": { "type": "Polygon", "coordinates": [ [ [ 505.727000679519108, 144.604825077779594 ], [ 522.439583255473053, 144.463193023205207 ], [ 523.572639701164007, 175.622245287381105 ], [ 499.070294057739375, 175.622245289460096 ], [ 498.7870299485906, 163.1586243850372 ], [ 494.962964442857185, 163.300256437532596 ], [ 495.10459649496272, 144.604825079858699 ], [ 505.727000679519108, 144.604825077779594 ] ] ] } },
{ "type": "Feature", "properties": { "feature_type": "building", "subtype": "no-damage", "uid": "c17ef22e-663c-4832-bd2b-519dbef0582c" }, "geometry": { "type": "Polygon", "coordinates": [ [ [ 495.601147335182191, 178.735916092938709 ], [ 524.342365979207898, 180.001252762833701 ], [ 524.16160359632795, 191.389282791889514 ], [ 529.222950276945994, 191.389282789810494 ], [ 529.222950278375379, 201.541246208291597 ], [ 500.647858986659912, 201.013594093859496 ], [ 500.843256392443209, 193.377668988626993 ], [ 495.239622570721679, 193.016144223126787 ], [ 495.601147335182191, 178.735916092938709 ] ] ] } },
{ "type": "Feature", "properties": { "feature_type": "building", "subtype": "no-damage", "uid": "2158f5ef-261c-45e5-92c9-d1e2bfafb59b" }, "geometry": { "type": "Polygon", "coordinates": [ [ [ 501.204781157033722, 204.223411872551111 ], [ 526.149989794104158, 204.584936635972213 ], [ 527.957613606531595, 224.288036209161902 ], [ 497.408771148779124, 224.288036209161902 ], [ 496.685721620897482, 213.623055704869387 ], [ 501.610211007356213, 212.538481416684903 ], [ 501.204781157033722, 204.223411872551111 ] ] ] } },
{ "type": "Feature", "properties": { "feature_type": "building", "subtype": "no-damage", "uid": "f12c164d-e12d-40ee-a718-f89d0d9723d9" }, "geometry": { "type": "Polygon", "coordinates": [ [ [ 504.265819619651609, 230.966416892723203 ], [ 524.511206339005298, 230.785654511012609 ], [ 525.776543007990426, 249.04265503467559 ], [ 532.103226358503093, 249.584942179807399 ], [ 532.060780966748894, 261.88966551712258 ], [ 497.577611508706525, 262.419071256310815 ], [ 497.577611510005909, 244.885120265727295 ], [ 499.927522466135486, 243.981308355095308 ], [ 499.565997702454581, 240.185298349568086 ], [ 503.723532477508684, 238.558436914172802 ], [ 504.265819619651609, 230.966416892723203 ] ] ] } },
{ "type": "Feature", "properties": { "feature_type": "building", "subtype": "no-damage", "uid": "c98c399e-7f77-41e5-85f8-84d5024005ab" }, "geometry": { "type": "Polygon", "coordinates": [ [ [ 539.011584723226065, 227.687914932000297 ], [ 548.500932457803515, 228.396075215267587 ], [ 548.500932460142508, 221.597736541639904 ], [ 560.822921310246443, 221.7393685941353 ], [ 560.539657201227556, 254.314741418608804 ], [ 539.719745003504613, 255.589429920173899 ], [ 539.011584723226065, 227.687914932000297 ] ] ] } },
{ "type": "Feature", "properties": { "feature_type": "building", "subtype": "no-damage", "uid": "03861564-ee21-4b55-ae42-d5d340d041d7" }, "geometry": { "type": "Polygon", "coordinates": [ [ [ 565.537847718604098, 232.210642249248508 ], [ 572.319931819309318, 232.297592046545788 ], [ 572.841630594647427, 222.124465895809209 ], [ 585.101551853359638, 222.559214876059087 ], [ 584.405953484076576, 252.469944755503292 ], [ 565.450897924945139, 253.252492918705599 ], [ 565.537847718604098, 232.210642249248508 ] ] ] } },
{ "type": "Feature", "properties": { "feature_type": "building", "subtype": "no-damage", "uid": "9017f005-8462-4dd3-b084-5f5d0b269471" }, "geometry": { "type": "Polygon", "coordinates": [ [ [ 539.57466647958347, 148.001023063302995 ], [ 550.338991379119193, 149.110747280278105 ], [ 553.113301924544771, 152.883809616330495 ], [ 560.770399018708076, 152.328947507842912 ], [ 559.216785117516224, 183.6231704277902 ], [ 547.453708418649057, 181.514694415121596 ], [ 547.564680841100198, 172.525928258038505 ], [ 538.686887103092999, 172.414955838835795 ], [ 539.57466647958347, 148.001023063302995 ] ] ] } },
{ "type": "Feature", "properties": { "feature_type": "building", "subtype": "no-damage", "uid": "86fb73b4-e7e3-40ae-a402-35cc1969f244" }, "geometry": { "type": "Polygon", "coordinates": [ [ [ 564.543461358397394, 147.668105799457805 ], [ 586.516000852730826, 148.222967907945389 ], [ 585.517249058856805, 182.735391053378493 ], [ 575.862648372657645, 182.735391053378493 ], [ 575.085841418098425, 176.964825123860209 ], [ 564.210544092343412, 176.188018172809109 ], [ 564.543461358397394, 147.668105799457805 ] ] ] } },
{ "type": "Feature", "properties": { "feature_type": "building", "subtype": "no-damage", "uid": "0014e1d5-271a-4921-91e4-45b5a955cd32" }, "geometry": { "type": "Polygon", "coordinates": [ [ [ 588.933062237382501, 149.7371633213466 ], [ 603.80336674694945, 147.739659736196813 ], [ 604.913090963664445, 152.400501444581892 ], [ 611.682408685365431, 151.401749648888398 ], [ 611.460463839683484, 182.585000147554013 ], [ 600.363221672014788, 182.585000147554013 ], [ 600.252249249043871, 177.147351479801813 ], [ 588.378200131493827, 177.702213590368387 ], [ 588.933062237382501, 149.7371633213466 ] ] ] } },
{ "type": "Feature", "properties": { "feature_type": "building", "subtype": "no-damage", "uid": "93afaf79-8239-430a-8ca6-5baf998f3ff7" }, "geometry": { "type": "Polygon", "coordinates": [ [ [ 616.323960342893315, 149.607093653138691 ], [ 638.629417106139385, 149.829038497781113 ], [ 637.963582574941029, 183.00979258575461 ], [ 626.977312827514424, 182.787847741112188 ], [ 626.97731282972336, 172.356440101129692 ], [ 616.323960343932868, 171.246715882075506 ], [ 616.323960342893315, 149.607093653138691 ] ] ] } },
{ "type": "Feature", "properties": { "feature_type": "building", "subtype": "no-damage", "uid": "6f77d722-81ab-4d63-9b07-20f9f5594a31" }, "geometry": { "type": "Polygon", "coordinates": [ [ [ 641.514700067129297, 148.164452172318391 ], [ 655.941114887801291, 148.719314280805889 ], [ 656.939866685703464, 153.158211148706613 ], [ 663.709184408184001, 152.159459355092196 ], [ 662.59946019211884, 182.787847741112188 ], [ 651.835135287125695, 183.00979258575461 ], [ 651.613190444952124, 175.907557594618709 ], [ 641.29275522807427, 176.240474858463813 ], [ 641.514700067129297, 148.164452172318391 ] ] ] } },
{ "type": "Feature", "properties": { "feature_type": "building", "subtype": "no-damage", "uid": "19b91773-41e6-4265-95a7-508989bca53d" }, "geometry": { "type": "Polygon", "coordinates": [ [ [ 667.962896240380815, 149.40919592152531 ], [ 689.20770460234678, 147.992875363306695 ], [ 689.349336661079178, 183.117625190910388 ], [ 678.287117289146067, 184.696256915267497 ], [ 667.150601196156686, 187.886422149263012 ], [ 665.579631735450903, 176.246559886075602 ], [ 669.095952686071655, 171.928692783894405 ], [ 667.962896240380815, 149.40919592152531 ] ] ] } },
{ "type": "Feature", "properties": { "feature_type": "building", "subtype": "no-damage", "uid": "cdc1e6ab-102a-4c20-9407-43f3c19b2c98" }, "geometry": { "type": "Polygon", "coordinates": [ [ [ 702.650738825239387, 147.762145878967686 ], [ 730.268989697497318, 148.753570263067786 ], [ 730.552253808205364, 162.7751437865208 ], [ 725.028603636014736, 162.916775845253397 ], [ 724.886971581570265, 174.813868520983391 ], [ 702.650738828747762, 174.247340300606595 ], [ 702.650738825239387, 147.762145878967686 ] ] ] } },
{ "type": "Feature", "properties": { "feature_type": "building", "subtype": "no-damage", "uid": "6f278003-6033-4509-b774-d23562a8e652" }, "geometry": { "type": "Polygon", "coordinates": [ [ [ 701.659314438670776, 178.637934029836714 ], [ 727.436348584959433, 177.646509637420507 ], [ 726.869820361724123, 199.174582111531493 ], [ 696.702192487246521, 199.882742394798811 ], [ 695.994032204239261, 189.401970266892192 ], [ 700.101361824448986, 189.2603382102387 ], [ 701.659314438670776, 178.637934029836714 ] ] ] } },
{ "type": "Feature", "properties": { "feature_type": "building", "subtype": "no-damage", "uid": "fbb2dbd5-43bb-4f33-af2b-238e74e8c3c0" }, "geometry": { "type": "Polygon", "coordinates": [ [ [ 696.670129586236271, 205.330732011291786 ], [ 726.412861296470965, 205.472364065866287 ], [ 726.271229239817558, 213.687023299791605 ], [ 728.820606244895885, 213.970287411019513 ], [ 729.528766522965384, 224.592691593500604 ], [ 705.168052935154719, 226.575540372095901 ], [ 706.159477324322097, 217.369456749912388 ], [ 694.262384639890456, 216.094768248347293 ], [ 696.670129586236271, 205.330732011291786 ] ] ] } },
{ "type": "Feature", "properties": { "feature_type": "building", "subtype": "no-damage", "uid": "2b1fcfa0-942c-4ba4-96eb-d6a6524b6774" }, "geometry": { "type": "Polygon", "coordinates": [ [ [ 590.003282144070454, 221.430937539230712 ], [ 613.140866965205078, 221.069412775809496 ], [ 610.429431245004707, 256.860364298372303 ], [ 588.55718309558381, 255.052740485424493 ], [ 590.003282144070454, 221.430937539230712 ] ] ] } },
{ "type": "Feature", "properties": { "feature_type": "building", "subtype": "no-damage", "uid": "d3c480e7-4fd8-4388-bcc8-7b1b1b463a92" }, "geometry": { "type": "Polygon", "coordinates": [ [ [ 616.394589830407199, 226.492284218811108 ], [ 626.698045574653179, 227.215333747732501 ], [ 626.698045574393291, 223.600086113520689 ], [ 639.532174655180143, 223.600086117678813 ], [ 635.193877498805364, 253.787403813450311 ], [ 615.310015542742804, 254.329690958582091 ], [ 616.394589830407199, 226.492284218811108 ] ] ] } },
{ "type": "Feature", "properties": { "feature_type": "building", "subtype": "no-damage", "uid": "fcedb1bb-444e-44be-8bb0-19d58da74c0d" }, "geometry": { "type": "Polygon", "coordinates": [ [ [ 642.424372755142031, 232.276680423154687 ], [ 652.185541354516317, 231.91515566389171 ], [ 652.004778971246537, 223.419323733889087 ], [ 664.115858527400292, 222.696274211204809 ], [ 663.935096145040006, 255.052740483345389 ], [ 640.616748944273922, 255.23350286505601 ], [ 642.424372755142031, 232.276680423154687 ] ] ] } },
{ "type": "Feature", "properties": { "feature_type": "building", "subtype": "no-damage", "uid": "f8201b77-7592-4823-9e5b-6123f47e10ca" }, "geometry": { "type": "Polygon", "coordinates": [ [ [ 667.731106154853933, 227.757620888706214 ], [ 676.40770046396517, 228.661432795180104 ], [ 678.396086655764179, 222.877036592915402 ], [ 689.964879069125232, 222.877036592915402 ], [ 689.964879070814391, 253.968166195160904 ], [ 686.349631442581199, 255.414265246766604 ], [ 667.369581389223868, 253.787403813450311 ], [ 667.731106154853933, 227.757620888706214 ] ] ] } },
{ "type": "Feature", "properties": { "feature_type": "building", "subtype": "no-damage", "uid": "18addb4b-5704-475b-8985-5ccc7a2498dc" }, "geometry": { "type": "Polygon", "coordinates": [ [ [ 704.245107202166878, 232.276680425233792 ], [ 718.344572950509473, 231.192106137049308 ], [ 724.309731537861012, 234.265066621971187 ], [ 726.117355352237496, 241.314799494130995 ], [ 731.540226794717341, 246.556908555421899 ], [ 731.90175155553959, 258.306463349977889 ], [ 702.256721006599605, 257.944938584477825 ], [ 704.245107202166878, 232.276680425233792 ] ] ] } },
{ "type": "Feature", "properties": { "feature_type": "building", "subtype": "no-damage", "uid": "841549e8-15a1-4ae1-ad6d-ce1915a881d0" }, "geometry": { "type": "Polygon", "coordinates": [ [ [ 479.302221261585828, 312.105976752395406 ], [ 498.282271308835902, 310.840640080421224 ], [ 499.72837036096081, 348.981502561063621 ], [ 478.398409353163117, 349.523789704116325 ], [ 479.302221261585828, 312.105976752395406 ] ] ] } },
{ "type": "Feature", "properties": { "feature_type": "building", "subtype": "no-damage", "uid": "d152831a-ac02-488a-949b-16d48dc3bc78" }, "geometry": { "type": "Polygon", "coordinates": [ [ [ 469.120621614329821, 364.802125837772678 ], [ 497.319553115172994, 361.729165352850828 ], [ 496.958028354090914, 394.085631624991379 ], [ 482.31627546061668, 392.639532575464727 ], [ 481.412463555442628, 379.624641113092707 ], [ 468.39757209086622, 380.528453017487493 ], [ 469.120621614329821, 364.802125837772678 ] ] ] } },
{ "type": "Feature", "properties": { "feature_type": "building", "subtype": "no-damage", "uid": "c17c7289-4fdb-4358-9972-e09167d7a30a" }, "geometry": { "type": "Polygon", "coordinates": [ [ [ 469.504352803768995, 413.261687559274719 ], [ 500.804275951166574, 412.746398077639583 ], [ 500.945908007170317, 431.725093548620521 ], [ 495.422257829392208, 432.291621773155327 ], [ 484.437552131675886, 437.682465554011912 ], [ 468.980404590177216, 439.066687725208681 ], [ 469.504352803768995, 413.261687559274719 ] ] ] } },
{ "type": "Feature", "properties": { "feature_type": "building", "subtype": "no-damage", "uid": "603db581-d96d-4ae5-8284-4ec220e8117c" }, "geometry": { "type": "Polygon", "coordinates": [ [ [ 508.045403127244981, 410.85180755438148 ], [ 540.337511842168283, 411.276703724341928 ], [ 540.762408008490183, 426.431333690627525 ], [ 526.599202435015741, 426.289701631895014 ], [ 523.341665150178642, 441.444331598180611 ], [ 508.895195463916991, 441.019435434457307 ], [ 508.045403127244981, 410.85180755438148 ] ] ] } },
{ "type": "Feature", "properties": { "feature_type": "building", "subtype": "no-damage", "uid": "14b41e7f-f08f-4b8f-923c-db654d88777a" }, "geometry": { "type": "Polygon", "coordinates": [ [ [ 508.895195465996096, 362.27201243409678 ], [ 531.839588496238434, 360.430795710075927 ], [ 533.539173165814191, 380.117651460165973 ], [ 524.333089541035292, 382.525396406642699 ], [ 523.341665149528922, 394.280857034035421 ], [ 510.169883963792472, 393.714328809500614 ], [ 508.895195465996096, 362.27201243409678 ] ] ] } },
{ "type": "Feature", "properties": { "feature_type": "building", "subtype": "no-damage", "uid": "f56a2cd7-2b7a-42b7-9c85-a5b965b4eeb2" }, "geometry": { "type": "Polygon", "coordinates": [ [ [ 504.646233792381508, 314.825273756644606 ], [ 525.607778043639428, 313.408953198425991 ], [ 526.174306264145912, 349.1002312484855 ], [ 503.654809399315923, 347.967174803573926 ], [ 504.646233792381508, 314.825273756644606 ] ] ] } },
{ "type": "Feature", "properties": { "feature_type": "building", "subtype": "no-damage", "uid": "a9f5e566-00d9-488d-bb96-70a1e6dceb80" }, "geometry": { "type": "Polygon", "coordinates": [ [ [ 530.140003824583573, 313.408953196347113 ], [ 530.281635884095749, 308.593463303393719 ], [ 553.934189193187194, 310.434680023256476 ], [ 551.809708357419368, 346.692486299929783 ], [ 529.856739716344464, 345.842693968325079 ], [ 530.140003824583573, 313.408953196347113 ] ] ] } },
{ "type": "Feature", "properties": { "feature_type": "building", "subtype": "no-damage", "uid": "e4c2c463-2c4a-49fd-8b35-8c46d8386765" }, "geometry": { "type": "Polygon", "coordinates": [ [ [ 556.200302085218595, 315.533434033674894 ], [ 564.556593377093805, 315.816698146981821 ], [ 565.123121599809224, 309.726519746226188 ], [ 577.445110450562993, 310.576312081988988 ], [ 577.161846334267466, 346.692486299929783 ], [ 556.200302085868316, 346.409222186622912 ], [ 556.200302085218595, 315.533434033674894 ] ] ] } },
{ "type": "Feature", "properties": { "feature_type": "building", "subtype": "no-damage", "uid": "6724dbe9-89c4-4740-8e5c-39e23427e4fb" }, "geometry": { "type": "Polygon", "coordinates": [ [ [ 582.543864456431606, 313.83384936630739 ], [ 588.492410797153184, 315.250169922447014 ], [ 588.350778742448824, 310.151415916186579 ], [ 604.35520103968372, 310.151415916186579 ], [ 605.488257488752993, 347.967174803573926 ], [ 582.402232397829152, 347.825542746920519 ], [ 582.543864456431606, 313.83384936630739 ] ] ] } },
{ "type": "Feature", "properties": { "feature_type": "building", "subtype": "no-damage", "uid": "19d6b127-97f7-4df6-b113-41a8b1e0b610" }, "geometry": { "type": "Polygon", "coordinates": [ [ [ 607.187842157679142, 315.250169924526006 ], [ 630.557131355282877, 314.400377586684215 ], [ 630.982027524463547, 346.550854241197328 ], [ 607.896002437047969, 345.559429855018209 ], [ 607.187842157679142, 315.250169924526006 ] ] ] } },
{ "type": "Feature", "properties": { "feature_type": "building", "subtype": "no-damage", "uid": "e7f67ba3-509f-4864-ba09-5846bf75a7dd" }, "geometry": { "type": "Polygon", "coordinates": [ [ [ 633.673036582686905, 314.683641699991085 ], [ 656.794079349313733, 312.417528806009784 ], [ 657.750486062128402, 335.078657729190581 ], [ 645.003601041934303, 337.769666786895186 ], [ 644.861968988009608, 344.143109294720603 ], [ 633.673036582556961, 344.568005464680994 ], [ 633.673036582686905, 314.683641699991085 ] ] ] } },
{ "type": "Feature", "properties": { "feature_type": "building", "subtype": "no-damage", "uid": "6e5be492-302d-4296-8642-7a8518b56994" }, "geometry": { "type": "Polygon", "coordinates": [ [ [ 659.733334838773999, 314.117113477535327 ], [ 665.648409406448081, 315.182949480080708 ], [ 671.414937626616279, 311.017251921443574 ], [ 680.269982925009344, 312.275896753514473 ], [ 681.54467142696376, 346.83411835658319 ], [ 674.463068639381845, 346.267590132048383 ], [ 673.330012191612013, 339.327619399688217 ], [ 660.583127173366961, 339.185987340955592 ], [ 659.733334838773999, 314.117113477535327 ] ] ] } },
{ "type": "Feature", "properties": { "feature_type": "building", "subtype": "no-damage", "uid": "61ab6902-9656-448a-96e7-cba3cb448233" }, "geometry": { "type": "Polygon", "coordinates": [ [ [ 685.312970716576388, 314.284055595011523 ], [ 693.380596481613452, 314.716249835034773 ], [ 693.524661225948876, 310.394307459750678 ], [ 707.787071066668091, 311.979019662774078 ], [ 706.058294115671515, 346.410493916293092 ], [ 684.880776475253924, 344.969846459944222 ], [ 685.312970716576388, 314.284055595011523 ] ] ] } },
{ "type": "Feature", "properties": { "feature_type": "building", "subtype": "no-damage", "uid": "a95d0b20-7297-468b-adc3-6422cf175950" }, "geometry": { "type": "Polygon", "coordinates": [ [ [ 711.964948696445731, 315.580638308844186 ], [ 727.956135481014826, 310.538372204346103 ], [ 733.718725314075186, 313.275602376606685 ], [ 732.278077856557275, 334.309055268408372 ], [ 721.041027682356003, 336.181896966859711 ], [ 720.608833443502363, 346.554558665046613 ], [ 710.236171746748482, 345.546105442483679 ], [ 711.964948696445731, 315.580638308844186 ] ] ] } },
{ "type": "Feature", "properties": { "feature_type": "building", "subtype": "no-damage", "uid": "3289a05a-ed48-4516-8164-78c088cc3592" }, "geometry": { "type": "Polygon", "coordinates": [ [ [ 563.863219822271731, 361.015589797282928 ], [ 590.707827946386715, 362.302660048443272 ], [ 590.156226407038162, 395.950353794475916 ], [ 567.908297760688583, 394.663283541236524 ], [ 568.459899296658591, 379.77004204807929 ], [ 561.289079316573407, 379.58617486963908 ], [ 563.863219822271731, 361.015589797282928 ] ] ] } },
{ "type": "Feature", "properties": { "feature_type": "building", "subtype": "no-damage", "uid": "2fe787f0-7892-4090-ba17-a87a0a372396" }, "geometry": { "type": "Polygon", "coordinates": [ [ [ 596.591577673362849, 363.038128766362092 ], [ 626.37806065537859, 362.854261587921883 ], [ 627.481263728228328, 379.77004204807929 ], [ 610.749350450155475, 380.32164358547891 ], [ 613.323490955074021, 395.582619435516392 ], [ 594.936773058306017, 393.192346107477817 ], [ 596.591577673362849, 363.038128766362092 ] ] ] } },
{ "type": "Feature", "properties": { "feature_type": "building", "subtype": "no-damage", "uid": "4f1d1135-3db2-4860-acae-e2a8fc873e45" }, "geometry": { "type": "Polygon", "coordinates": [ [ [ 558.510080277493898, 409.286015517895692 ], [ 589.051806395871154, 410.006339247109679 ], [ 589.051806396131042, 441.412453839177317 ], [ 571.331842659135987, 441.700583330447103 ], [ 571.764036898249515, 425.853461285659819 ], [ 557.357562312025379, 424.556878575985309 ], [ 558.510080277493898, 409.286015517895692 ] ] ] } },
{ "type": "Feature", "properties": { "feature_type": "building", "subtype": "no-damage", "uid": "5e94af68-67b1-41f7-a7a4-a8891b6ad066" }, "geometry": { "type": "Polygon", "coordinates": [ [ [ 591.431614742595229, 412.455203468171419 ], [ 625.746678143802455, 412.116567973913675 ], [ 625.069407153858037, 436.159688053734897 ], [ 605.767183993001709, 435.595295567463495 ], [ 605.992940988393684, 427.355165209272286 ], [ 593.802063203437683, 430.967277148020912 ], [ 591.431614742595229, 412.455203468171419 ] ] ] } },
{ "type": "Feature", "properties": { "feature_type": "building", "subtype": "no-damage", "uid": "d3f4ee0a-145c-4e38-bc7e-9b67ca12ccb5" }, "geometry": { "type": "Polygon", "coordinates": [ [ [ 643.555564666811506, 412.99412831673169 ], [ 673.355488144844458, 411.188072349436425 ], [ 674.484273125702998, 428.797118038361589 ], [ 662.744909332440784, 429.248632032784201 ], [ 662.067638344445413, 440.310724838964688 ], [ 640.394966722876461, 437.150126894638674 ], [ 643.555564666811506, 412.99412831673169 ] ] ] } },
{ "type": "Feature", "properties": { "feature_type": "building", "subtype": "no-damage", "uid": "31378c03-e28e-4950-9afb-b256c2296fff" }, "geometry": { "type": "Polygon", "coordinates": [ [ [ 641.751404009478392, 362.207455272542802 ], [ 672.005000637625358, 362.207455272542802 ], [ 672.725324366839118, 393.181375626666181 ], [ 658.751044020898007, 393.901699351722073 ], [ 657.022267071070928, 379.351160022846614 ], [ 643.336116213930495, 379.927419005386128 ], [ 641.751404009478392, 362.207455272542802 ] ] ] } },
{ "type": "Feature", "properties": { "feature_type": "building", "subtype": "no-damage", "uid": "c4dee956-e121-4770-9a75-63d18d604d41" }, "geometry": { "type": "Polygon", "coordinates": [ [ [ 684.472979180340189, 382.939636775546717 ], [ 713.574057838340764, 383.515895760165279 ], [ 713.574057837431269, 391.007262543575223 ], [ 722.938266317080092, 391.871651019463627 ], [ 723.082331063494507, 409.591614756464992 ], [ 690.811827995030285, 406.422190346260209 ], [ 691.388086980038565, 392.736039495352088 ], [ 683.464525959207094, 392.591974746598623 ], [ 684.472979180340189, 382.939636775546717 ] ] ] } },
{ "type": "Feature", "properties": { "feature_type": "building", "subtype": "no-damage", "uid": "b835abaa-c3fc-47eb-aeb0-04fcfd448cc8" }, "geometry": { "type": "Polygon", "coordinates": [ [ [ 692.396540203380709, 353.982622864469874 ], [ 723.946719542371284, 353.550428624446681 ], [ 723.658590049152508, 356.719853034651578 ], [ 730.573697847811331, 356.86391777924689 ], [ 731.726215813279964, 367.956903208726885 ], [ 724.811108014361253, 367.812838464131517 ], [ 723.3704605555439, 377.753305926453208 ], [ 700.320101220573861, 377.17704694183459 ], [ 701.472619188381373, 362.050248632498494 ], [ 692.108410711331317, 363.058701850903219 ], [ 692.396540203380709, 353.982622864469874 ] ] ] } },
{ "type": "Feature", "properties": { "feature_type": "building", "subtype": "no-damage", "uid": "4f2b0926-7cb7-4fcc-ab64-d3a29cecc3ec" }, "geometry": { "type": "Polygon", "coordinates": [ [ [ 679.707064032156268, 418.023819243732476 ], [ 718.988781348621274, 417.798062249639827 ], [ 716.505454390212776, 442.744210316227111 ], [ 680.948727514738948, 441.502546835203191 ], [ 679.707064032156268, 418.023819243732476 ] ] ] } },
{ "type": "Feature", "properties": { "feature_type": "building", "subtype": "no-damage", "uid": "52eda21b-3bf1-4e0b-aadb-ca632231b2fa" }, "geometry": { "type": "Polygon", "coordinates": [ [ [ 604.36232031180873, 738.083942096301143 ], [ 575.804060308302155, 738.422577588479726 ], [ 574.675275326534006, 716.637027468297447 ], [ 578.400265761937817, 715.508242489517556 ], [ 579.416172245230314, 708.84841110452885 ], [ 602.894899834093735, 710.993102570239898 ], [ 604.36232031180873, 738.083942096301143 ] ] ] } },
{ "type": "Feature", "properties": { "feature_type": "building", "subtype": "no-damage", "uid": "08e9630b-f319-47ff-8075-641ec7e7f5ba" }, "geometry": { "type": "Polygon", "coordinates": [ [ [ 608.764581730270152, 708.284018614099409 ], [ 635.855421259700165, 709.525682093044225 ], [ 633.936486793669928, 743.95362399260955 ], [ 607.861553750521011, 744.856651977296679 ], [ 608.764581730270152, 708.284018614099409 ] ] ] } },
{ "type": "Feature", "properties": { "feature_type": "building", "subtype": "no-damage", "uid": "1b745d78-4d12-4a2d-8fbe-4c2020fc7349" }, "geometry": { "type": "Polygon", "coordinates": [ [ [ 638.451626714895156, 708.735532608522021 ], [ 665.542466242635896, 709.299925098951462 ], [ 667.009886716322626, 738.083942096301143 ], [ 639.016019205714201, 738.648334584651479 ], [ 638.451626714895156, 708.735532608522021 ] ] ] } },
{ "type": "Feature", "properties": { "feature_type": "building", "subtype": "no-damage", "uid": "9a4fff0f-8cac-43bd-8650-6a91ff8d2c98" }, "geometry": { "type": "Polygon", "coordinates": [ [ [ 669.041699680308739, 708.396897114264334 ], [ 698.841623158211746, 709.525682095123216 ], [ 698.390109167427568, 737.519549603792598 ], [ 669.606092172167337, 738.648334582572488 ], [ 669.041699680308739, 708.396897114264334 ] ] ] } },
{ "type": "Feature", "properties": { "feature_type": "building", "subtype": "no-damage", "uid": "61af8e36-1e50-4726-9f73-5a0607e480f1" }, "geometry": { "type": "Polygon", "coordinates": [ [ [ 702.115099604130819, 710.315831581724524 ], [ 713.854463400901523, 711.557495060669339 ], [ 714.193098893339879, 707.155233635319519 ], [ 732.47941557311276, 708.171140113934484 ], [ 733.946836049788203, 738.422577590558831 ], [ 702.679492091311545, 738.986970080988272 ], [ 702.115099604130819, 710.315831581724524 ] ] ] } },
{ "type": "Feature", "properties": { "feature_type": "building", "subtype": "no-damage", "uid": "c308da55-7965-4d3a-9f33-c6b7a438dffd" }, "geometry": { "type": "Polygon", "coordinates": [ [ [ 575.86463600693105, 755.729492073443225 ], [ 605.664559485743666, 755.955249069614979 ], [ 605.100166996354005, 780.224126147687002 ], [ 593.135046207179812, 780.224126149765993 ], [ 592.683532211457987, 783.271845589768986 ], [ 580.379775928935828, 783.271845591847978 ], [ 579.58962644025587, 778.305191680226699 ], [ 575.52600051202387, 778.530948676398566 ], [ 575.86463600693105, 755.729492073443225 ] ] ] } },
{ "type": "Feature", "properties": { "feature_type": "building", "subtype": "no-damage", "uid": "cf9d2bd3-f5c4-412c-8890-74ac76146a21" }, "geometry": { "type": "Polygon", "coordinates": [ [ [ 609.728185415924827, 758.099940533246922 ], [ 635.803118462062343, 758.664333021597372 ], [ 635.46448296845449, 779.659733657257448 ], [ 625.192539648229285, 781.127154134453122 ], [ 608.712278935750987, 781.691546622803571 ], [ 609.728185415924827, 758.099940533246922 ] ] ] } },
{ "type": "Feature", "properties": { "feature_type": "building", "subtype": "no-damage", "uid": "4e8b27e3-c4e6-478d-b147-c7c61f839a0b" }, "geometry": { "type": "Polygon", "coordinates": [ [ [ 640.205379884292142, 755.277978079020613 ], [ 667.296219409304058, 754.60070709258423 ], [ 668.312125894935434, 782.820331601583462 ], [ 652.057622177849225, 782.030182114982154 ], [ 650.928837197640405, 785.416537057559026 ], [ 642.688706841011367, 785.416537059638017 ], [ 642.801585340526572, 778.530948676398566 ], [ 639.189473403728357, 777.402163693460579 ], [ 640.205379884292142, 755.277978079020613 ] ] ] } },
{ "type": "Feature", "properties": { "feature_type": "building", "subtype": "no-damage", "uid": "17df495d-df61-4a4e-b3c8-d80aabfdf25b" }, "geometry": { "type": "Polygon", "coordinates": [ [ [ 671.246966841009566, 757.648426540903415 ], [ 698.112049371409171, 756.971155554467032 ], [ 699.466591348699239, 782.255939109074916 ], [ 682.986330639469429, 783.271845591847978 ], [ 682.083302654782642, 788.464256503799106 ], [ 669.892424864369104, 786.883957530596604 ], [ 671.246966841009566, 757.648426540903415 ] ] ] } },
{ "type": "Feature", "properties": { "feature_type": "building", "subtype": "no-damage", "uid": "11f69ede-47fd-48c8-89f0-7e33e5579bae" }, "geometry": { "type": "Polygon", "coordinates": [ [ [ 708.889229897277801, 754.972341008109993 ], [ 731.01341551002065, 755.4238550004535 ], [ 731.803564995192346, 768.969274760365579 ], [ 737.447489899225047, 769.307910258781362 ], [ 738.011882390304095, 783.530601007208816 ], [ 709.002108396143285, 784.659385988067697 ], [ 708.889229897277801, 754.972341008109993 ] ] ] } },
{ "type": "Feature", "properties": { "feature_type": "building", "subtype": "no-damage", "uid": "2d085278-d8d6-4059-a3db-733b909674dc" }, "geometry": { "type": "Polygon", "coordinates": [ [ [ 595.987395536111421, 1013.26690772401605 ], [ 589.042362260419623, 1012.296500921720963 ], [ 575.423280980037134, 1011.68580482239804 ], [ 575.279216231283726, 998.143718711927136 ], [ 582.626518272044791, 996.703071257657257 ], [ 583.058712507000223, 984.889762098963274 ], [ 612.963875042809832, 984.655240455170201 ], [ 614.032632862931564, 977.974654298093014 ], [ 629.879754902905461, 978.983107520655835 ], [ 629.447560668859524, 999.58436617451332 ], [ 601.852574969431544, 1000.924570122498949 ], [ 595.51477676443983, 1006.573359548190979 ], [ 595.987395536111421, 1013.26690772401605 ] ] ] } },
{ "type": "Feature", "properties": { "feature_type": "building", "subtype": "no-damage", "uid": "d000b398-aca0-4388-859f-eb5e53de17cd" }, "geometry": { "type": "Polygon", "coordinates": [ [ [ 634.353191671044897, 982.626000527506108 ], [ 659.073582738982736, 982.626000523348011 ], [ 658.847825743330759, 1010.394111044161946 ], [ 638.416817602525384, 1009.378204557231015 ], [ 635.36909815368756, 1000.460803216760951 ], [ 634.353191671044897, 982.626000527506108 ] ] ] } },
{ "type": "Feature", "properties": { "feature_type": "building", "subtype": "no-damage", "uid": "a382ec73-1013-4748-a51f-afcfb9d3c9f9" }, "geometry": { "type": "Polygon", "coordinates": [ [ [ 666.236745504502323, 978.993534888967247 ], [ 680.068983374375421, 978.449496100407146 ], [ 680.181861874280344, 984.996448987309918 ], [ 713.236774358069056, 984.842863083406314 ], [ 717.285557768432568, 1012.89779170392103 ], [ 697.339393570985862, 1013.441830490402026 ], [ 692.383849641608663, 1000.542218026316959 ], [ 666.534673597230267, 999.013736447671931 ], [ 666.236745504502323, 978.993534888967247 ] ] ] } },
{ "type": "Feature", "properties": { "feature_type": "building", "subtype": "no-damage", "uid": "25b92e2d-4bc5-4da7-b2a0-084f62d3efdf" }, "geometry": { "type": "Polygon", "coordinates": [ [ [ 776.773926747714768, 1003.519986652431953 ], [ 801.250223778830446, 1002.966302373647977 ], [ 801.818552288857745, 1022.981075374969009 ], [ 776.556691169352121, 1022.981466590524974 ], [ 776.773926747714768, 1003.519986652431953 ] ] ] } },
{ "type": "Feature", "properties": { "feature_type": "building", "subtype": "no-damage", "uid": "ce38f3d0-9e24-46e6-af98-cd42bf55be3c" }, "geometry": { "type": "Polygon", "coordinates": [ [ [ 776.332617562934161, 973.368508774492398 ], [ 799.993502670479302, 973.194911104725406 ], [ 799.99350267138891, 995.961328071828689 ], [ 776.176139587877969, 996.026727295600381 ], [ 776.332617562934161, 973.368508774492398 ] ] ] } },
{ "type": "Feature", "properties": { "feature_type": "building", "subtype": "no-damage", "uid": "f8fa901b-abaa-4344-b8c6-1447a9c69f9f" }, "geometry": { "type": "Polygon", "coordinates": [ [ [ 770.10250043427493, 937.382067642288803 ], [ 784.776705174001222, 935.688890173079471 ], [ 784.889583676245138, 930.496479261128343 ], [ 805.997862803746443, 930.383600767200505 ], [ 810.513002727830326, 964.021393182243628 ], [ 769.876743437063737, 967.85926211092692 ], [ 767.167659485472086, 949.798702427579087 ], [ 770.10250043427493, 937.382067642288803 ] ] ] } },
{ "type": "Feature", "properties": { "feature_type": "building", "subtype": "no-damage", "uid": "abac7f2e-c319-4838-8a33-af8ec34c3d51" }, "geometry": { "type": "Polygon", "coordinates": [ [ [ 749.21997829839745, 909.839714121805059 ], [ 760.507828101265432, 900.01928479456933 ], [ 758.701772132931296, 896.181415863807047 ], [ 764.119940037283982, 889.973098469082856 ], [ 768.183565964606487, 893.246574911494804 ], [ 777.778238297226153, 884.893566059375758 ], [ 802.950143359846379, 903.17988274305344 ], [ 767.506294975571564, 934.221469700041894 ], [ 754.412389208137711, 920.676049933892727 ], [ 755.992688177701439, 915.935153018443316 ], [ 749.21997829839745, 909.839714121805059 ] ] ] } },
{ "type": "Feature", "properties": { "feature_type": "building", "subtype": "no-damage", "uid": "caf7aae5-6109-4c78-9a88-1d95e94e62f7" }, "geometry": { "type": "Polygon", "coordinates": [ [ [ 718.423222303786929, 920.954436494362426 ], [ 718.865438587401172, 902.381352556053912 ], [ 720.722746980165766, 901.850693016860305 ], [ 721.872509317900381, 893.625470131291081 ], [ 744.690869583653807, 894.775232468636204 ], [ 744.956199354160049, 922.457971859222766 ], [ 718.423222303786929, 920.954436494362426 ] ] ] } },
{ "type": "Feature", "properties": { "feature_type": "building", "subtype": "no-damage", "uid": "fd76ea20-4701-42ff-9ce1-074bf489040e" }, "geometry": { "type": "Polygon", "coordinates": [ [ [ 689.325390803150299, 894.952118984472918 ], [ 711.347761756604996, 893.448583615454481 ], [ 714.708605514619308, 903.265785126920832 ], [ 714.885492030325963, 923.873063969283407 ], [ 688.175628464246188, 922.811744888816975 ], [ 689.325390803150299, 894.952118984472918 ] ] ] } },
{ "type": "Feature", "properties": { "feature_type": "building", "subtype": "no-damage", "uid": "23b1c517-1ebc-419f-8a03-7996d092ca35" }, "geometry": { "type": "Polygon", "coordinates": [ [ [ 661.7310946690626, 894.156129674642784 ], [ 685.610774018660436, 894.598345956957701 ], [ 685.257000991145446, 921.927312317950054 ], [ 659.077796963609558, 922.546415118180562 ], [ 659.343126736194904, 903.708001411314854 ], [ 662.173310954106114, 902.292909301254213 ], [ 661.7310946690626, 894.156129674642784 ] ] ] } },
{ "type": "Feature", "properties": { "feature_type": "building", "subtype": "no-damage", "uid": "ecad4e69-e909-4025-af38-57f54142a165" }, "geometry": { "type": "Polygon", "coordinates": [ [ [ 630.510625004115468, 894.863675725515009 ], [ 657.308931828893037, 894.952118986551909 ], [ 656.601385772953449, 922.634858372980261 ], [ 628.034213814239024, 922.104198831707549 ], [ 630.510625004115468, 894.863675725515009 ] ] ] } },
{ "type": "Feature", "properties": { "feature_type": "building", "subtype": "no-damage", "uid": "c3fe1161-6f39-4a3a-b605-0250cca10f5d" }, "geometry": { "type": "Polygon", "coordinates": [ [ [ 601.509951261467222, 886.73753765020092 ], [ 624.85897106537459, 886.737537646042938 ], [ 625.124300837310216, 923.706819002665043 ], [ 600.448632177492755, 923.176159465550427 ], [ 601.509951261467222, 886.73753765020092 ] ] ] } },
{ "type": "Feature", "properties": { "feature_type": "building", "subtype": "no-damage", "uid": "c2fb1a94-27f8-4c84-be3b-fd9d9bb0e847" }, "geometry": { "type": "Polygon", "coordinates": [ [ [ 571.88146022137721, 896.643182412309102 ], [ 596.026469339142409, 895.758749843521173 ], [ 595.761139567986334, 924.060592030180146 ], [ 572.412119761870031, 923.52993249306553 ], [ 571.88146022137721, 896.643182412309102 ] ] ] } },
{ "type": "Feature", "properties": { "feature_type": "building", "subtype": "no-damage", "uid": "b97ea397-ec05-41d0-88e7-c9f120f636af" }, "geometry": { "type": "Polygon", "coordinates": [ [ [ 578.743884408552617, 837.850247692918288 ], [ 588.737972428315516, 837.496474665403071 ], [ 589.268631973356378, 841.122648195354373 ], [ 593.248578527702762, 843.15684310356653 ], [ 604.038655861973325, 843.245286358366229 ], [ 604.657758661034222, 867.390295473801189 ], [ 574.763937850827688, 866.682749420849973 ], [ 573.702618768022717, 846.340800349123811 ], [ 578.478554636227045, 845.014151495941974 ], [ 578.743884408552617, 837.850247692918288 ] ] ] } },
{ "type": "Feature", "properties": { "feature_type": "building", "subtype": "no-damage", "uid": "2ba266b0-25cf-4763-8ce8-e5b3ac155dcc" }, "geometry": { "type": "Polygon", "coordinates": [ [ [ 608.903034987836122, 837.850247690839183 ], [ 620.665988147903022, 838.557793750027599 ], [ 620.931317919188928, 842.979956591888026 ], [ 635.436012039898401, 843.775945901718046 ], [ 637.027990663066362, 864.913884283274228 ], [ 610.937229896827148, 863.498792175292579 ], [ 608.107045675537506, 863.410348918413774 ], [ 608.903034987836122, 837.850247690839183 ] ] ] } },
{ "type": "Feature", "properties": { "feature_type": "building", "subtype": "no-damage", "uid": "2479bc0a-b510-42c1-9493-349ee47c0568" }, "geometry": { "type": "Polygon", "coordinates": [ [ [ 640.565720935487889, 844.12971892923315 ], [ 643.661234925594727, 844.218162184032963 ], [ 643.307461898729343, 839.442226314657432 ], [ 649.675376390491465, 839.176896546100124 ], [ 655.424188086181289, 842.803070076051313 ], [ 669.486665921457529, 843.333729615245034 ], [ 670.371098489855171, 868.540057813225417 ], [ 641.450153507523964, 867.744068505474502 ], [ 640.565720935487889, 844.12971892923315 ] ] ] } },
{ "type": "Feature", "properties": { "feature_type": "building", "subtype": "no-damage", "uid": "66d4b8f5-e540-483f-9139-fe9c583d5cdb" }, "geometry": { "type": "Polygon", "coordinates": [ [ [ 675.323920876494981, 838.115577461475596 ], [ 688.855739172837502, 837.584917920202884 ], [ 690.270831279908975, 840.945761683675869 ], [ 701.945341184136623, 844.660378472584966 ], [ 703.006660264862489, 864.206338228243908 ], [ 675.589250644402455, 863.233462408814376 ], [ 675.323920876494981, 838.115577461475596 ] ] ] } },
{ "type": "Feature", "properties": { "feature_type": "building", "subtype": "no-damage", "uid": "9efeb63a-5463-413f-ab42-10ce7bd00a0c" }, "geometry": { "type": "Polygon", "coordinates": [ [ [ 710.11538116346469, 836.801806725191682 ], [ 718.959706848351743, 836.801806725191682 ], [ 718.871263589264004, 840.870196545773979 ], [ 733.818173993847495, 840.870196541615883 ], [ 734.17194702487086, 866.076524741675371 ], [ 706.842980657391422, 865.103648916008638 ], [ 706.400764375856284, 848.65320314487019 ], [ 704.455012725563165, 846.265235209142929 ], [ 708.346516027448843, 842.462175163355028 ], [ 708.965618823131194, 840.339537002422162 ], [ 710.11538116346469, 836.801806725191682 ] ] ] } },
{ "type": "Feature", "properties": { "feature_type": "building", "subtype": "no-damage", "uid": "2419a761-290a-4760-8ade-479f87da40be" }, "geometry": { "type": "Polygon", "coordinates": [ [ [ 737.910598564039788, 836.975291030993617 ], [ 742.598091176275034, 834.85265286798176 ], [ 742.33276140420935, 829.28072768877621 ], [ 751.973076402954348, 829.899830486927726 ], [ 752.149962914113075, 834.233550069830244 ], [ 765.593337953317018, 834.321993328788153 ], [ 766.123997496928496, 857.140353591041276 ], [ 738.175928332467151, 857.051910338320567 ], [ 737.910598564039788, 836.975291030993617 ] ] ] } },
{ "type": "Feature", "properties": { "feature_type": "building", "subtype": "no-damage", "uid": "1c9ed6f6-775d-4afd-86d6-75e488d750b0" }, "geometry": { "type": "Polygon", "coordinates": [ [ [ 788.273999843481647, 845.718967655550728 ], [ 814.267518079153319, 845.718967653471623 ], [ 815.960695544853706, 872.922685679697793 ], [ 781.194118151562975, 873.938592162470854 ], [ 781.758510645240676, 858.587116429026423 ], [ 788.09081651834174, 857.684088444339295 ], [ 788.273999843481647, 845.718967655550728 ] ] ] } },
{ "type": "Feature", "properties": { "feature_type": "building", "subtype": "no-damage", "uid": "7426de10-302f-408a-8e73-37416c375b4d" }, "geometry": { "type": "Polygon", "coordinates": [ [ [ 791.114576302977298, 805.098197076027759 ], [ 816.73799535833075, 806.001225060714887 ], [ 818.88268682066257, 832.076158106082062 ], [ 791.340333299019107, 831.737522611824375 ], [ 791.114576302977298, 805.098197076027759 ] ] ] } },
{ "type": "Feature", "properties": { "feature_type": "building", "subtype": "no-damage", "uid": "7967b853-1695-4b1e-bee9-2e4f39f5b240" }, "geometry": { "type": "Polygon", "coordinates": [ [ [ 826.741560673497702, 816.022331126133849 ], [ 827.554441101969246, 805.603487607299144 ], [ 832.490372365939038, 804.966924020443344 ], [ 834.966783558284305, 800.014101637310205 ], [ 857.873587082605695, 801.694523515928154 ], [ 855.308732633771456, 830.703911761775544 ], [ 835.585886359424308, 830.261695477381636 ], [ 833.817021222498852, 825.662646123842705 ], [ 826.918447184656429, 825.308873094248497 ], [ 826.741560673497702, 816.022331126133849 ] ] ] } },
{ "type": "Feature", "properties": { "feature_type": "building", "subtype": "no-damage", "uid": "7745efd1-267c-4c9f-8138-cc0b81c863d6" }, "geometry": { "type": "Polygon", "coordinates": [ [ [ 783.635843700430996, 692.403909547435546 ], [ 810.257264005863703, 692.846125831829454 ], [ 810.52259377481073, 723.359049440458193 ], [ 810.699480291816826, 726.100790403700671 ], [ 782.397638104908083, 726.896779713530691 ], [ 778.771464574568313, 713.364961419392216 ], [ 783.635843700430996, 692.403909547435546 ] ] ] } },
{ "type": "Feature", "properties": { "feature_type": "building", "subtype": "no-damage", "uid": "26e65c41-0fc8-4f99-b80f-8ab65041dad7" }, "geometry": { "type": "Polygon", "coordinates": [ [ [ 780.945502654761299, 652.308986340163983 ], [ 793.239115354671299, 652.220543085364284 ], [ 793.06222884143358, 654.608511021091545 ], [ 812.696631859941476, 654.696954275891358 ], [ 813.050404883948204, 665.75236138158175 ], [ 810.75088021003819, 665.929247895339358 ], [ 810.131777410977293, 680.876158299538361 ], [ 798.81104053699346, 680.25705550554494 ], [ 799.076370303731551, 686.978743022095728 ], [ 781.210832423838269, 687.24407279273214 ], [ 781.653048708491951, 672.916265186684541 ], [ 777.14244260988437, 673.004708441484354 ], [ 777.40777238194994, 658.411571060642359 ], [ 779.884183571826384, 658.411571064800455 ], [ 780.945502654761299, 652.308986340163983 ] ] ] } },
{ "type": "Feature", "properties": { "feature_type": "building", "subtype": "no-damage", "uid": "b9355bed-dc53-4b40-9f6b-1429ea5311c7" }, "geometry": { "type": "Polygon", "coordinates": [ [ [ 774.416020187081017, 611.269362914773637 ], [ 815.809099008625594, 609.422599541660702 ], [ 811.553046041863922, 633.28067003112767 ], [ 806.134878132053814, 644.794276831730713 ], [ 768.772095286816466, 643.665491850871831 ], [ 767.869067303818952, 624.701904180757879 ], [ 773.512992201614566, 624.250390190493249 ], [ 774.416020187081017, 611.269362914773637 ] ] ] } },
{ "type": "Feature", "properties": { "feature_type": "building", "subtype": "no-damage", "uid": "253d4ab8-5186-44d3-a71d-ff6ea9179751" }, "geometry": { "type": "Polygon", "coordinates": [ [ [ 770.465272756674949, 570.068711138370873 ], [ 788.864467933884043, 570.068711134212776 ], [ 795.298542323088441, 574.132337067384015 ], [ 802.297009199473678, 573.455066074710544 ], [ 801.281102716571013, 596.030765683573122 ], [ 794.621271336782343, 595.805008685322264 ], [ 794.282635841225328, 603.819382047341719 ], [ 773.964506193568127, 604.270896037606235 ], [ 772.948599714563784, 587.56487832921016 ], [ 769.562244770168945, 584.855794377227767 ], [ 770.465272756674949, 570.068711138370873 ] ] ] } },
{ "type": "Feature", "properties": { "feature_type": "building", "subtype": "no-damage", "uid": "9e759b43-d04e-4906-a946-e7fcbf708bfd" }, "geometry": { "type": "Polygon", "coordinates": [ [ [ 774.063578126362358, 529.007720271936819 ], [ 809.503505602691348, 528.71959078066709 ], [ 808.92724661937234, 566.176424699795575 ], [ 772.622930671573158, 565.312036223907171 ], [ 772.622930668584559, 557.244410455878551 ], [ 768.012858801122775, 556.235957235394835 ], [ 768.73318253254547, 543.702324349565856 ], [ 771.758542192046662, 543.558259602891439 ], [ 774.063578126362358, 529.007720271936819 ] ] ] } },
{ "type": "Feature", "properties": { "feature_type": "building", "subtype": "no-damage", "uid": "a8d1a151-2dcc-47b7-86cb-46b785aa6e13" }, "geometry": { "type": "Polygon", "coordinates": [ [ [ 774.495285369848375, 494.661269696938803 ], [ 815.865400628026009, 495.396738414857623 ], [ 815.681533448416417, 525.550955755973291 ], [ 778.908097665405307, 527.205760366093159 ], [ 779.462478511875361, 526.51278430930472 ], [ 779.115990485950192, 524.572451341981036 ], [ 772.394122702230447, 523.671582461919115 ], [ 772.972529192494335, 510.754194531454175 ], [ 769.99273213336221, 510.477004108738925 ], [ 770.339220161496428, 497.726244609777609 ], [ 773.596207643863522, 497.310458973625487 ], [ 774.495285369848375, 494.661269696938803 ] ] ] } },
{ "type": "Feature", "properties": { "feature_type": "building", "subtype": "no-damage", "uid": "d0f046a8-79da-49e5-95a3-c9bf53b1be65" }, "geometry": { "type": "Polygon", "coordinates": [ [ [ 838.369322163868333, 952.818434816739 ], [ 844.805722624453097, 952.374545129533089 ], [ 844.472805356709841, 946.825924042578208 ], [ 863.671034310945288, 944.939392876631132 ], [ 870.773269300129527, 975.56778126265101 ], [ 837.925432475753041, 978.564036651810511 ], [ 836.593763416864704, 963.804704565209022 ], [ 839.922936069348225, 960.475531912204474 ], [ 838.369322163868333, 952.818434816739 ] ] ] } },
{ "type": "Feature", "properties": { "feature_type": "building", "subtype": "no-damage", "uid": "19e95bca-5445-4f7e-bb74-6ae2a8b7e757" }, "geometry": { "type": "Polygon", "coordinates": [ [ [ 919.318165996118182, 989.181326349582378 ], [ 930.082202235638647, 988.89806223627545 ], [ 936.738908854039892, 984.507468509124465 ], [ 956.142500490556245, 984.649100565777871 ], [ 953.168227319675793, 1022.181595337778958 ], [ 949.323097819325994, 1022.97808048059801 ], [ 921.971680891242841, 1022.978727453757983 ], [ 919.318165996118182, 989.181326349582378 ] ] ] } },
{ "type": "Feature", "properties": { "feature_type": "building", "subtype": "no-damage", "uid": "5a648e67-d8b9-48b8-af2a-830dbdbcd8bd" }, "geometry": { "type": "Polygon", "coordinates": [ [ [ 959.68330188376251, 975.584648996089754 ], [ 967.18980083857582, 975.0181207694759 ], [ 967.048168783351798, 971.4773193780876 ], [ 982.627694917383224, 970.910791157710833 ], [ 982.486062860210041, 977.000969554308313 ], [ 996.507636381189286, 976.57607338642697 ], [ 996.082740213827719, 1018.782426003043952 ], [ 961.807782720309888, 1017.932633667281948 ], [ 959.68330188376251, 975.584648996089754 ] ] ] } },
{ "type": "Feature", "properties": { "feature_type": "building", "subtype": "no-damage", "uid": "d513271d-db6e-40eb-a1f8-02b41ca8c0b0" }, "geometry": { "type": "Polygon", "coordinates": [ [ [ 1022.976274723738015, 1003.818795785140992 ], [ 1012.795322793809987, 1001.928211363153991 ], [ 1012.653690736637031, 994.846608576219523 ], [ 1003.872503280779029, 995.979665027368242 ], [ 1003.589239166951984, 976.009545159813115 ], [ 1008.121464953872987, 976.151177216466522 ], [ 1009.537785509233004, 972.043847602622463 ], [ 1022.976283007554002, 970.990995662915338 ], [ 1022.976274723738015, 1003.818795785140992 ] ] ] } },
{ "type": "Feature", "properties": { "feature_type": "building", "subtype": "no-damage", "uid": "e5b27488-44d3-4a8c-85ad-3968ab6e1ca3" }, "geometry": { "type": "Polygon", "coordinates": [ [ [ 1022.976296327331056, 912.584348553316886 ], [ 1003.330112961329974, 909.64715881075449 ], [ 1002.664278427792965, 871.250700903829284 ], [ 1022.976304380372994, 872.739798830214568 ], [ 1022.976296327331056, 912.584348553316886 ] ] ] } },
{ "type": "Feature", "properties": { "feature_type": "building", "subtype": "no-damage", "uid": "29457726-ffa4-4779-85a4-894c71cfd70a" }, "geometry": { "type": "Polygon", "coordinates": [ [ [ 960.846085499200854, 879.797075490343786 ], [ 974.0178666801296, 878.664019045432156 ], [ 974.301130794995743, 871.015888033962597 ], [ 995.970835323673441, 868.749775142060344 ], [ 994.554514767274554, 908.548382808042902 ], [ 963.112198387334047, 911.097759811173091 ], [ 960.846085499200854, 879.797075490343786 ] ] ] } },
{ "type": "Feature", "properties": { "feature_type": "building", "subtype": "no-damage", "uid": "a0080979-2800-4aa2-8c4a-169b63f054fb" }, "geometry": { "type": "Polygon", "coordinates": [ [ [ 922.038902220710725, 870.307727756932309 ], [ 932.802938459841357, 870.449359809427733 ], [ 932.661306400459239, 863.367757024572143 ], [ 954.472642985920288, 864.925709637365117 ], [ 956.313859714748332, 889.428055284566653 ], [ 953.481218600131342, 895.093337511203799 ], [ 935.777211630721922, 895.234969569936311 ], [ 936.485371909181254, 891.269272006508572 ], [ 922.322166331678545, 890.419479672824764 ], [ 922.038902220710725, 870.307727756932309 ] ] ] } },
{ "type": "Feature", "properties": { "feature_type": "building", "subtype": "no-damage", "uid": "fbb21b27-b24b-4807-b21a-b228380a5778" }, "geometry": { "type": "Polygon", "coordinates": [ [ [ 867.510560756733184, 869.316303366595207 ], [ 886.205992115050094, 863.084492913344206 ], [ 888.755369117529654, 866.908558420118425 ], [ 900.652461802740959, 863.651021133720974 ], [ 908.300592814467677, 887.161942390585409 ], [ 877.141540545105386, 900.050459464968753 ], [ 862.695070858064128, 873.99016120705312 ], [ 867.510560756733184, 869.316303366595207 ] ] ] } },
{ "type": "Feature", "properties": { "feature_type": "building", "subtype": "no-damage", "uid": "f513763e-b947-4e56-bda0-6d515d29c0b1" }, "geometry": { "type": "Polygon", "coordinates": [ [ [ 833.127613458647375, 916.982441818091047 ], [ 846.582658751843383, 892.196832057582583 ], [ 873.634381400736174, 906.501669686026389 ], [ 868.110731228285658, 920.806507322786388 ], [ 869.527051788452809, 921.231403488588626 ], [ 861.170760498916479, 936.527665507369647 ], [ 845.874498475982818, 929.729326829583783 ], [ 845.30797025469667, 923.214252269263056 ], [ 833.127613458647375, 916.982441818091047 ] ] ] } },
{ "type": "Feature", "properties": { "feature_type": "building", "subtype": "no-damage", "uid": "7c3b4df1-d18b-4711-8e11-2cecc56be97b" }, "geometry": { "type": "Polygon", "coordinates": [ [ [ 875.056716716089909, 800.709959738028033 ], [ 903.617172977365499, 801.613771646580972 ], [ 903.145790785897702, 831.309835661674924 ], [ 890.602281516817243, 835.597099349958853 ], [ 872.164518609890933, 835.05481220898514 ], [ 868.368508604105273, 829.812703143536055 ], [ 868.368508602675888, 822.401445507955145 ], [ 875.056716716089909, 800.709959738028033 ] ] ] } },
{ "type": "Feature", "properties": { "feature_type": "building", "subtype": "no-damage", "uid": "0227f5db-9bd8-4486-afd3-5bd386cb2bde" }, "geometry": { "type": "Polygon", "coordinates": [ [ [ 912.668924001585083, 805.017817588188677 ], [ 924.653945540936547, 804.351983060498469 ], [ 926.76242155724276, 800.578920720288011 ], [ 945.738705662807547, 801.022810405414816 ], [ 945.960650506020556, 840.639964952675996 ], [ 913.556703374827066, 840.639964950596891 ], [ 912.668924001585083, 805.017817588188677 ] ] ] } },
{ "type": "Feature", "properties": { "feature_type": "building", "subtype": "no-damage", "uid": "45af7394-8449-4a91-983c-8d9804e27eb9" }, "geometry": { "type": "Polygon", "coordinates": [ [ [ 958.137859570768228, 809.516461442424088 ], [ 961.268052236570384, 805.08202183639105 ], [ 961.181102437713776, 801.69097978337345 ], [ 976.658166150689567, 801.256230805202563 ], [ 978.397162078445263, 806.125419389406488 ], [ 989.265886595472693, 805.951519792732597 ], [ 989.874535169797355, 812.385804711657215 ], [ 981.788204127693348, 814.472599821846302 ], [ 983.005501271015078, 828.906265981942056 ], [ 983.52720004947173, 838.470743557833998 ], [ 958.398708958892144, 837.775145187771045 ], [ 958.398708958762199, 832.558157420614748 ], [ 958.83345794200045, 826.732521076534681 ], [ 958.485658757618808, 819.254838608752721 ], [ 958.137859570768228, 809.516461442424088 ] ] ] } },
{ "type": "Feature", "properties": { "feature_type": "building", "subtype": "no-damage", "uid": "18a162ac-db6d-45a9-a662-847138ed0e38" }, "geometry": { "type": "Polygon", "coordinates": [ [ [ 1022.976311104127944, 835.72135715390516 ], [ 1020.766546869319995, 836.426688437940243 ], [ 1019.775122481061999, 845.207875894321319 ], [ 999.238474397555137, 845.774404114698086 ], [ 999.946634673285644, 805.550900282913176 ], [ 1013.401679971159979, 805.550900282913176 ], [ 1013.684944084596054, 801.301938608257501 ], [ 1022.976316706108037, 801.301938874374969 ], [ 1022.976311104127944, 835.72135715390516 ] ] ] } },
{ "type": "Feature", "properties": { "feature_type": "building", "subtype": "no-damage", "uid": "726ac3c8-3443-4df7-b846-274066db765c" }, "geometry": { "type": "Polygon", "coordinates": [ [ [ 976.9787279817225, 722.158303589740399 ], [ 994.179453344051922, 721.714413904613593 ], [ 993.291673968081113, 730.148317951130025 ], [ 1007.385171523868962, 729.70442826600322 ], [ 1005.831557621118009, 748.347795109938716 ], [ 974.648307126751206, 748.014877844014563 ], [ 976.9787279817225, 722.158303589740399 ] ] ] } },
{ "type": "Feature", "properties": { "feature_type": "building", "subtype": "no-damage", "uid": "c247c314-51d4-4e72-9abc-2990dee957f8" }, "geometry": { "type": "Polygon", "coordinates": [ [ [ 976.978727982891996, 691.307970361157004 ], [ 994.068480921990613, 691.751860048362914 ], [ 993.513618812983395, 699.74187440975254 ], [ 1005.720585201784957, 698.521177771495672 ], [ 1008.272950899450052, 716.276765243098453 ], [ 977.977479778585007, 718.163296411124634 ], [ 976.978727982891996, 691.307970361157004 ] ] ] } },
{ "type": "Feature", "properties": { "feature_type": "building", "subtype": "no-damage", "uid": "dce14892-7a59-4c2a-b0b7-fb0f20194c03" }, "geometry": { "type": "Polygon", "coordinates": [ [ [ 977.517369485859945, 656.599021020307987 ], [ 1008.256730294840054, 657.486800392640703 ], [ 1007.923813028005952, 669.804739202728342 ], [ 995.383929381336884, 670.359601311215897 ], [ 996.382681175080847, 685.784767927586586 ], [ 978.294176439509556, 686.78351972120106 ], [ 979.29292823390324, 672.57904974516623 ], [ 975.186948631408427, 670.359601311215897 ], [ 977.517369485859945, 656.599021020307987 ] ] ] } },
{ "type": "Feature", "properties": { "feature_type": "building", "subtype": "no-damage", "uid": "8e40c457-a219-4d0d-9c24-fff54839f1c2" }, "geometry": { "type": "Polygon", "coordinates": [ [ [ 975.572499924165641, 649.567018680177284 ], [ 975.905417186321415, 633.586989957398032 ], [ 979.34556225930703, 633.586989957398032 ], [ 980.122369213736192, 621.712940836595294 ], [ 997.323094575415894, 621.490995991952786 ], [ 995.880453092387143, 635.695465967987616 ], [ 1011.638536973636974, 634.141852065885587 ], [ 1007.865474634986981, 651.675494690766868 ], [ 975.572499924165641, 649.567018680177284 ] ] ] } },
{ "type": "Feature", "properties": { "feature_type": "building", "subtype": "no-damage", "uid": "144463e0-130f-4c88-a54c-e26055ed71e7" }, "geometry": { "type": "Polygon", "coordinates": [ [ [ 980.073345600336552, 600.713870675897738 ], [ 975.810404134937244, 599.632381248501815 ], [ 974.767006581012538, 583.546668960545844 ], [ 1009.720824633526036, 583.894468145577434 ], [ 1010.242523413671051, 600.067130226672589 ], [ 997.105205713997861, 600.168851150888258 ], [ 997.990862438109957, 613.998721565000096 ], [ 980.89087488720088, 613.113064839198614 ], [ 980.073345600336552, 600.713870675897738 ] ] ] } },
{ "type": "Feature", "properties": { "feature_type": "building", "subtype": "no-damage", "uid": "55f8f9d2-ddb2-450f-a9b6-ae1b1890c4ea" }, "geometry": { "type": "Polygon", "coordinates": [ [ [ 976.867142899282271, 579.885380712192045 ], [ 977.089087744964104, 563.461462302206883 ], [ 981.527984610654244, 564.016324414852534 ], [ 981.749929452567926, 549.367964749532803 ], [ 996.398289118012372, 548.813102641045248 ], [ 996.953151225460147, 562.79562777243757 ], [ 1009.38206245487595, 563.572434727646623 ], [ 1010.713731518702048, 580.55121524404035 ], [ 976.867142899282271, 579.885380712192045 ] ] ] } },
{ "type": "Feature", "properties": { "feature_type": "building", "subtype": "no-damage", "uid": "5ed38752-3a64-49f1-bb85-a8ebf0b9e41f" }, "geometry": { "type": "Polygon", "coordinates": [ [ [ 977.754922275772742, 519.73832815920639 ], [ 1009.27109003294504, 519.627355733766535 ], [ 1010.269841832276029, 535.163494771418982 ], [ 996.176344276618465, 535.052522352216329 ], [ 996.287316697510278, 543.48642639873276 ], [ 978.642701647585341, 543.153509132808608 ], [ 977.754922275772742, 519.73832815920639 ] ] ] } },
{ "type": "Feature", "properties": { "feature_type": "building", "subtype": "no-damage", "uid": "b388d93a-9872-48c9-b277-2242cad7138e" }, "geometry": { "type": "Polygon", "coordinates": [ [ [ 975.313528997960475, 488.777022501025101 ], [ 998.062875443344524, 489.109939771107292 ], [ 1008.16136582025797, 495.990229913442818 ], [ 1008.383310661002042, 514.07873465096975 ], [ 975.5354738397441, 512.636093170149479 ], [ 975.313528997960475, 488.777022501025101 ] ] ] } },
{ "type": "Feature", "properties": { "feature_type": "building", "subtype": "no-damage", "uid": "af94755c-48c1-4350-8468-d21d7b584bb5" }, "geometry": { "type": "Polygon", "coordinates": [ [ [ 937.094903669319478, 488.066422436121911 ], [ 966.613567836274683, 488.066422436121911 ], [ 966.502595413823542, 497.831995546335122 ], [ 963.728284872296172, 504.712285694907621 ], [ 964.061202136531051, 513.922996692475067 ], [ 946.749504352919985, 512.813272475499957 ], [ 945.972697400309926, 506.043954752367085 ], [ 942.643524749125731, 505.489092643879587 ], [ 942.088662640768234, 509.262154979931893 ], [ 934.431565544655882, 508.485348028880878 ], [ 937.094903669319478, 488.066422436121911 ] ] ] } },
{ "type": "Feature", "properties": { "feature_type": "building", "subtype": "no-damage", "uid": "56fb448f-5394-4641-b6ac-257cbc9d271e" }, "geometry": { "type": "Polygon", "coordinates": [ [ [ 945.984542292205219, 518.947070268376478 ], [ 961.461606005181011, 518.686220880642395 ], [ 961.37465621126205, 534.337184186269496 ], [ 961.287706414224658, 547.379653612476432 ], [ 932.159524703060811, 544.336410744490308 ], [ 932.594273682790686, 526.94645151786392 ], [ 945.028094530900034, 527.642049881689786 ], [ 945.984542292205219, 518.947070268376478 ] ] ] } },
{ "type": "Feature", "properties": { "feature_type": "building", "subtype": "no-damage", "uid": "2fe41c88-24d9-457f-b35f-bf7e8ee7f3d8" }, "geometry": { "type": "Polygon", "coordinates": [ [ [ 932.886676595791755, 551.226033007091246 ], [ 962.710456678707487, 551.660781989420116 ], [ 961.754008921300624, 580.093365331440964 ], [ 943.668451320459553, 578.70216859547304 ], [ 943.668451319939777, 562.616456303359087 ], [ 931.408530061487454, 562.529506510219676 ], [ 932.886676595791755, 551.226033007091246 ] ] ] } },
{ "type": "Feature", "properties": { "feature_type": "building", "subtype": "no-damage", "uid": "9b2b8622-dd3e-4c9d-a9c7-761c285ac7c5" }, "geometry": { "type": "Polygon", "coordinates": [ [ [ 929.771252562056588, 596.841242403750243 ], [ 943.422370555956604, 596.928192201047636 ], [ 943.422370560244531, 589.10271054407599 ], [ 961.247078770233088, 589.189660343452488 ], [ 962.203526527639951, 615.88324776031584 ], [ 928.640905214602753, 617.274444498362755 ], [ 929.771252562056588, 596.841242403750243 ] ] ] } },
{ "type": "Feature", "properties": { "feature_type": "building", "subtype": "no-damage", "uid": "33348d88-5631-451b-88cd-8460c977b01f" }, "geometry": { "type": "Polygon", "coordinates": [ [ [ 931.616847836944544, 620.386760992592258 ], [ 964.353712234971681, 620.71967825851641 ], [ 963.354960443436653, 648.240838836174248 ], [ 941.049503679930694, 647.57500430848404 ], [ 941.049503680060639, 639.474017523733664 ], [ 929.286426980413921, 639.030127834448763 ], [ 929.286426983532465, 627.156078713646025 ], [ 932.282682366323797, 626.601216605158356 ], [ 931.616847836944544, 620.386760992592258 ] ] ] } },
{ "type": "Feature", "properties": { "feature_type": "building", "subtype": "no-damage", "uid": "7254096b-3255-4c3b-a9bd-dd91de82d150" }, "geometry": { "type": "Polygon", "coordinates": [ [ [ 943.728577517567942, 660.804496812731941 ], [ 962.161934305389536, 660.804496812731941 ], [ 962.335833895176393, 687.498084233753389 ], [ 930.599158299006035, 688.106732804439957 ], [ 928.860162376577932, 688.280632396955752 ], [ 929.729660339936004, 670.021175201513415 ], [ 943.206878744438882, 669.412526628747855 ], [ 943.728577517567942, 660.804496812731941 ] ] ] } },
{ "type": "Feature", "properties": { "feature_type": "building", "subtype": "no-damage", "uid": "18e8d1e8-cd10-40a4-a736-721cad9fb773" }, "geometry": { "type": "Polygon", "coordinates": [ [ [ 929.708367916992643, 692.789321335513705 ], [ 962.889122002875183, 692.123486803665401 ], [ 961.335508101293499, 717.758116217455154 ], [ 943.912837894451741, 718.09103347922121 ], [ 944.689644844332975, 707.992543107242 ], [ 930.929064556678441, 708.547405217808546 ], [ 929.708367916992643, 692.789321335513705 ] ] ] } },
{ "type": "Feature", "properties": { "feature_type": "building", "subtype": "no-damage", "uid": "fe8a123a-f7c5-4042-8d7c-c737b7fe7b4e" }, "geometry": { "type": "Polygon", "coordinates": [ [ [ 933.931147044154386, 747.69394420970707 ], [ 933.154340093753376, 731.048080959237609 ], [ 945.02838921143325, 729.383494631695839 ], [ 944.806444371598673, 720.727645738457795 ], [ 962.562031840986151, 722.059314800075413 ], [ 964.22661816813752, 747.58297178634632 ], [ 933.931147044154386, 747.69394420970707 ] ] ] } },
{ "type": "Feature", "properties": { "feature_type": "building", "subtype": "no-damage", "uid": "0c9df073-724c-40dd-8afd-2b3835d2621c" }, "geometry": { "type": "Polygon", "coordinates": [ [ [ 858.029124431794799, 734.732669956741347 ], [ 872.192330007998066, 734.024509677632068 ], [ 871.625801782943654, 721.844152880279012 ], [ 882.814734187356748, 721.41925671447666 ], [ 883.38126240981228, 726.093114554934687 ], [ 889.32980875287285, 726.234746611588093 ], [ 888.480016417110392, 749.462403755145601 ], [ 857.462596210248762, 748.754243476036322 ], [ 858.029124431794799, 734.732669956741347 ] ] ] } },
{ "type": "Feature", "properties": { "feature_type": "building", "subtype": "no-damage", "uid": "27e5a139-c0a9-4bb8-b188-5882b53f85e6" }, "geometry": { "type": "Polygon", "coordinates": [ [ [ 826.445175999488924, 720.002936158337093 ], [ 842.591230355846051, 720.852728489941796 ], [ 840.325117463814649, 734.44940584343442 ], [ 855.904643595897028, 733.59961350767162 ], [ 854.771587149686411, 749.179139641838674 ], [ 824.603959272220209, 748.329347308154979 ], [ 826.445175999488924, 720.002936158337093 ] ] ] } },
{ "type": "Feature", "properties": { "feature_type": "building", "subtype": "no-damage", "uid": "21e68dd8-dee7-42d3-ac8b-c5cb0667bf90" }, "geometry": { "type": "Polygon", "coordinates": [ [ [ 825.041384083943626, 675.906550916394394 ], [ 856.430260492743741, 676.254350103504976 ], [ 856.256360904126268, 692.253112590005344 ], [ 846.517983736111887, 695.122455865475786 ], [ 845.126786994816939, 708.77357386236929 ], [ 824.171886124483763, 705.208632218914886 ], [ 825.041384083943626, 675.906550916394394 ] ] ] } },
{ "type": "Feature", "properties": { "feature_type": "building", "subtype": "no-damage", "uid": "00abd89a-d54b-47ba-b5ed-bae3d8bbd045" }, "geometry": { "type": "Polygon", "coordinates": [ [ [ 860.603850709741778, 677.210797859223021 ], [ 888.427785477557677, 678.775894189785731 ], [ 889.732032423504393, 702.426238744900047 ], [ 873.124621357617343, 703.295736703320699 ], [ 873.124621357227511, 691.122765243850608 ], [ 859.821302545630147, 691.470564426803094 ], [ 860.603850709741778, 677.210797859223021 ] ] ] } },
{ "type": "Feature", "properties": { "feature_type": "building", "subtype": "no-damage", "uid": "4e84a1a4-b932-4b60-bb00-b0e9a0790069" }, "geometry": { "type": "Polygon", "coordinates": [ [ [ 860.373147016968005, 656.256129324250537 ], [ 872.893917662634522, 655.212731773314204 ], [ 873.502566232541312, 643.56145908931228 ], [ 891.153374853782339, 643.822308474967258 ], [ 889.327429133407122, 667.298753435486901 ], [ 859.7644984425134, 669.298598748378481 ], [ 860.373147016968005, 656.256129324250537 ] ] ] } },
{ "type": "Feature", "properties": { "feature_type": "building", "subtype": "no-damage", "uid": "f63a75aa-0660-4cd2-b649-da81de8e3c2d" }, "geometry": { "type": "Polygon", "coordinates": [ [ [ 825.245429368041073, 645.387404807609073 ], [ 839.766045326598601, 645.300455012390671 ], [ 839.852995121686945, 645.12655541987499 ], [ 840.635543287487735, 655.560530956266575 ], [ 856.895155172111686, 656.169179529032249 ], [ 856.895155167693702, 669.124699155862686 ], [ 825.854077944574783, 668.429100787878724 ], [ 825.245429368041073, 645.387404807609073 ] ] ] } },
{ "type": "Feature", "properties": { "feature_type": "building", "subtype": "no-damage", "uid": "41c9f98c-1e00-41ca-be0f-6076c226659a" }, "geometry": { "type": "Polygon", "coordinates": [ [ [ 859.690899855702128, 597.496359989894358 ], [ 887.691277881199539, 597.700742309953739 ], [ 888.304424843976335, 623.725424563148863 ], [ 873.180133066028588, 622.976022716000898 ], [ 873.112005624102949, 612.552524330599795 ], [ 859.622772414166434, 612.143759682164841 ], [ 859.690899855702128, 597.496359989894358 ] ] ] } },
{ "type": "Feature", "properties": { "feature_type": "building", "subtype": "no-damage", "uid": "45173f8a-c618-460b-8ad6-571b9944bffa" }, "geometry": { "type": "Polygon", "coordinates": [ [ [ 828.341452618894095, 598.750739992137937 ], [ 855.529695934386268, 598.41782272413468 ], [ 856.08455804430298, 613.62104449794208 ], [ 841.76911564660179, 612.844237546891009 ], [ 841.547170799750461, 629.601073220721332 ], [ 826.343949030756335, 628.491349003746109 ], [ 828.341452618894095, 598.750739992137937 ] ] ] } },
{ "type": "Feature", "properties": { "feature_type": "building", "subtype": "no-damage", "uid": "e91ba857-df3d-4943-8dee-76032d58a5a1" }, "geometry": { "type": "Polygon", "coordinates": [ [ [ 827.60507870524566, 558.934638663626856 ], [ 842.759708672045576, 559.642798944815127 ], [ 844.317661283018879, 574.655796854447317 ], [ 856.781282192245158, 575.788853297279843 ], [ 858.197602750203259, 589.10226653954453 ], [ 827.88834281907225, 587.119417758870213 ], [ 825.197333759679395, 582.16229580718425 ], [ 827.60507870524566, 558.934638663626856 ] ] ] } },
{ "type": "Feature", "properties": { "feature_type": "building", "subtype": "no-damage", "uid": "7bf134d2-23d4-40c3-ae13-142d3baae60e" }, "geometry": { "type": "Polygon", "coordinates": [ [ [ 861.596772086366286, 576.497013576389122 ], [ 872.502440378771894, 575.505589186051907 ], [ 872.50244038228027, 562.900336229133586 ], [ 894.030512851965682, 562.475440055015156 ], [ 890.914607627810142, 591.085115324377057 ], [ 861.030243863650753, 589.668794764079394 ], [ 861.596772086366286, 576.497013576389122 ] ] ] } },
{ "type": "Feature", "properties": { "feature_type": "building", "subtype": "no-damage", "uid": "b98f6cbd-d203-4117-8c5f-380d04923f6f" }, "geometry": { "type": "Polygon", "coordinates": [ [ [ 860.420564651692303, 517.497885279038201 ], [ 884.057690472137551, 518.607609493934319 ], [ 891.270897884552596, 534.032776110305008 ], [ 890.716035774375996, 542.133762897134488 ], [ 875.06892431635697, 539.692369620620752 ], [ 875.512814000704111, 531.702355252993925 ], [ 860.531537075312826, 531.591382833791272 ], [ 860.420564651692303, 517.497885279038201 ] ] ] } },
{ "type": "Feature", "properties": { "feature_type": "building", "subtype": "no-damage", "uid": "8c764982-0c74-45a8-bd0b-dac1758274f6" }, "geometry": { "type": "Polygon", "coordinates": [ [ [ 828.904396893740682, 518.163719808807514 ], [ 857.646254111854091, 518.274692230089158 ], [ 857.313336846969605, 541.689873205770482 ], [ 823.799665494383362, 541.024038678080274 ], [ 828.904396893740682, 518.163719808807514 ] ] ] } },
{ "type": "Feature", "properties": { "feature_type": "building", "subtype": "no-damage", "uid": "ccc53f3e-aa87-403c-9c32-f22525624550" }, "geometry": { "type": "Polygon", "coordinates": [ [ [ 820.47605610384278, 487.388766604316118 ], [ 841.083157793562577, 487.649615992050201 ], [ 841.430956976774723, 496.518495202037172 ], [ 866.73334766142932, 496.605444997255574 ], [ 866.472498272655798, 483.736875167722474 ], [ 882.99295953734736, 484.258573945269688 ], [ 883.079909335034472, 505.47432420308462 ], [ 869.689640729778034, 510.691311972319909 ], [ 826.475592040566426, 510.343512787288375 ], [ 820.910805088770417, 499.996487050273174 ], [ 820.47605610384278, 487.388766604316118 ] ] ] } },
{ "type": "Feature", "properties": { "feature_type": "building", "subtype": "no-damage", "uid": "377d3929-e1b9-4a8c-b780-9c5f441f3861" }, "geometry": { "type": "Polygon", "coordinates": [ [ [ 777.123749667907987, 418.476834909955528 ], [ 798.774248908953609, 418.998533687502686 ], [ 799.904596260305539, 416.824788788332512 ], [ 819.729149780586113, 417.085638173987491 ], [ 820.946446930015099, 439.605635376709984 ], [ 816.251157935599963, 435.953743940116397 ], [ 815.729459157792917, 431.693203926599097 ], [ 802.51309014492233, 430.997605558615078 ], [ 801.643592181304371, 440.127334152178207 ], [ 788.166373779140372, 439.866484766523172 ], [ 787.818574595148561, 436.301543123068882 ], [ 780.775641107099091, 435.345095365271789 ], [ 779.558343957540274, 428.389111668799899 ], [ 777.123749667907987, 418.476834909955528 ] ] ] } },
{ "type": "Feature", "properties": { "feature_type": "building", "subtype": "no-damage", "uid": "13d4eb1a-e41f-4bb1-97fc-a7b433ca76b4" }, "geometry": { "type": "Polygon", "coordinates": [ [ [ 782.377568398201674, 383.055878191837905 ], [ 820.699193258332002, 382.152066285364015 ], [ 821.964529924718249, 387.574937726286521 ], [ 814.010985143618541, 389.02103677789222 ], [ 811.480311801880134, 412.881671124188301 ], [ 785.450528880263846, 412.520146362846219 ], [ 784.72747935472114, 406.735750156423421 ], [ 776.954696954552446, 406.012700631660095 ], [ 776.05088504509024, 390.64789820912938 ], [ 785.992816024096101, 389.744086302655489 ], [ 782.377568398201674, 383.055878191837905 ] ] ] } },
{ "type": "Feature", "properties": { "feature_type": "building", "subtype": "no-damage", "uid": "6e38f135-4fe8-4bb3-a6a2-e072eb9e339c" }, "geometry": { "type": "Polygon", "coordinates": [ [ [ 780.213800117358005, 360.261487138802295 ], [ 790.128044021376013, 360.261487140881286 ], [ 790.552940186268529, 353.321516404363024 ], [ 819.020983392209928, 353.888044626818782 ], [ 819.304247504737077, 361.536175638288285 ], [ 813.922229386990921, 361.11127947248599 ], [ 814.630389667009581, 377.398965885762323 ], [ 782.621545063833878, 377.115701772455282 ], [ 781.630120677914988, 369.750834874292707 ], [ 780.213800117358005, 360.261487138802295 ] ] ] } },
{ "type": "Feature", "properties": { "feature_type": "building", "subtype": "no-damage", "uid": "e9250e20-b0f5-40d3-84e4-c1473d9597e7" }, "geometry": { "type": "Polygon", "coordinates": [ [ [ 783.976484598540651, 325.604902402803702 ], [ 817.598287542123558, 326.87023907269878 ], [ 819.225148979337405, 351.815447709258478 ], [ 804.221871319193724, 351.453922945837292 ], [ 801.329673218322341, 346.03105150283568 ], [ 782.168860788062261, 347.477150552362389 ], [ 783.976484598540651, 325.604902402803702 ] ] ] } },
{ "type": "Feature", "properties": { "feature_type": "building", "subtype": "no-damage", "uid": "d8c45fff-2672-4ae6-86ec-f2f2c1fb4af4" }, "geometry": { "type": "Polygon", "coordinates": [ [ [ 782.256807843052343, 299.273742775350286 ], [ 808.095621637597446, 301.811483415614305 ], [ 816.862362033170598, 305.5027425291035 ], [ 817.093065727633757, 322.113408543962976 ], [ 784.794548481626066, 321.190593760393085 ], [ 784.794548483315339, 317.499334651061986 ], [ 781.333993064810329, 315.423001398424901 ], [ 782.256807843052343, 299.273742775350286 ] ] ] } },
{ "type": "Feature", "properties": { "feature_type": "building", "subtype": "no-damage", "uid": "796d086f-854f-481e-889f-30ef282b81c0" }, "geometry": { "type": "Polygon", "coordinates": [ [ [ 781.513054057324325, 275.513295383540196 ], [ 810.254911276477287, 275.180378121774083 ], [ 809.478104324387004, 296.820000348631879 ], [ 786.728757877573571, 297.485834878401192 ], [ 786.284868190108, 288.829985989321301 ], [ 779.293605626363387, 288.719013565960609 ], [ 780.514302264230082, 276.401074755872912 ], [ 781.513054057324325, 275.513295383540196 ] ] ] } },
{ "type": "Feature", "properties": { "feature_type": "building", "subtype": "no-damage", "uid": "72dbffdb-e8e4-4d9f-89bc-afc357dc85b9" }, "geometry": { "type": "Polygon", "coordinates": [ [ [ 784.133736971808389, 249.191511771182292 ], [ 809.696977040298862, 249.017612182824593 ], [ 809.870876633853982, 260.668884864747497 ], [ 816.913810119824348, 261.364483232731516 ], [ 818.652806042252564, 270.320312235857784 ], [ 804.306089679719094, 272.841856328375684 ], [ 802.740993347597737, 271.189810200515581 ], [ 780.829644717518704, 271.189810200515581 ], [ 784.133736971808389, 249.191511771182292 ] ] ] } },
{ "type": "Feature", "properties": { "feature_type": "building", "subtype": "no-damage", "uid": "7837559b-15fe-4ab8-a8e6-562db58aa1b1" }, "geometry": { "type": "Polygon", "coordinates": [ [ [ 782.529331703286061, 221.97284252095821 ], [ 809.864318465745555, 221.831210464304689 ], [ 809.156158186116727, 234.294831368727614 ], [ 815.954496862600763, 234.436463423302001 ], [ 814.538176306851597, 246.1919240527738 ], [ 781.962803483169409, 246.191924054852791 ], [ 782.529331703286061, 221.97284252095821 ] ] ] } },
{ "type": "Feature", "properties": { "feature_type": "building", "subtype": "no-damage", "uid": "7ab78a60-e51d-44a2-abbd-5ce32eaf2647" }, "geometry": { "type": "Polygon", "coordinates": [ [ [ 783.703182553508668, 200.040528850764389 ], [ 806.657928736602685, 198.997131295669902 ], [ 807.266577310277626, 206.648713358046706 ], [ 814.831209578732796, 207.344311726030611 ], [ 814.831209576653691, 212.90909868029749 ], [ 821.874143066132433, 215.256743171983402 ], [ 821.26549449206766, 219.25643379776659 ], [ 781.96418663263978, 219.691182778016497 ], [ 783.703182553508668, 200.040528850764389 ] ] ] } },
{ "type": "Feature", "properties": { "feature_type": "building", "subtype": "no-damage", "uid": "2553db39-946c-48e2-bb02-f5ec1c9936f7" }, "geometry": { "type": "Polygon", "coordinates": [ [ [ 783.286164303186865, 169.574072806421412 ], [ 819.968866745129617, 169.574072804342308 ], [ 818.127650019550174, 194.642946673999688 ], [ 782.436371972362167, 194.642946673999688 ], [ 782.719636083070213, 188.552768277402208 ], [ 777.904146184920933, 186.85318361003479 ], [ 783.286164303186865, 169.574072806421412 ] ] ] } },
{ "type": "Feature", "properties": { "feature_type": "building", "subtype": "no-damage", "uid": "bb9be9c9-3bed-43a6-aae2-d6ab12fad4c0" }, "geometry": { "type": "Polygon", "coordinates": [ [ [ 785.20678892677472, 147.214295098964612 ], [ 813.674832132066399, 148.064087432648307 ], [ 814.099728298778132, 166.476254681173288 ], [ 785.206788927814273, 167.326047014857011 ], [ 785.490053037612711, 159.253019837585214 ], [ 781.807619587883096, 159.6779160054665 ], [ 785.20678892677472, 147.214295098964612 ] ] ] } },
{ "type": "Feature", "properties": { "feature_type": "building", "subtype": "no-damage", "uid": "7a03a3b6-cebd-455c-9019-9121ff6057a7" }, "geometry": { "type": "Polygon", "coordinates": [ [ [ 784.749629707396593, 119.741327306466303 ], [ 809.343635711720935, 119.196307779377705 ], [ 809.616145477474106, 130.505462892659494 ], [ 814.998213272777775, 131.118609854916713 ], [ 814.112556547106465, 140.724578966317409 ], [ 786.044051079813471, 141.065216162951288 ], [ 785.70341387499343, 134.729364203686913 ], [ 782.29704185369053, 134.593109320875186 ], [ 784.749629707396593, 119.741327306466303 ] ] ] } },
{ "type": "Feature", "properties": { "feature_type": "building", "subtype": "no-damage", "uid": "b2cadbfd-8fda-4585-b21e-f90e9f68a38e" }, "geometry": { "type": "Polygon", "coordinates": [ [ [ 827.195489309640834, 137.33154241688581 ], [ 831.038822830845334, 135.249736759852908 ], [ 821.910905719073071, 123.399458399477496 ], [ 834.988915618112173, 115.285754297234007 ], [ 843.369517880960984, 124.413671410438795 ], [ 853.778546169369861, 118.168254435182206 ], [ 863.707157769593664, 130.659088383616307 ], [ 861.625352113990971, 138.185616534990402 ], [ 836.056508263143769, 150.462931951299595 ], [ 827.195489309640834, 137.33154241688581 ] ] ] } },
{ "type": "Feature", "properties": { "feature_type": "building", "subtype": "no-damage", "uid": "c04f4753-55d1-476f-9fe7-a4a6ed2f977b" }, "geometry": { "type": "Polygon", "coordinates": [ [ [ 821.603377563855588, 179.560383818737392 ], [ 825.081369412090339, 171.908801758439694 ], [ 843.60167599058218, 159.474980907077395 ], [ 854.73124989885207, 172.778299718939394 ], [ 842.819127825820942, 181.212429946597496 ], [ 849.86206131581946, 191.733355278207512 ], [ 835.863144133249762, 200.689184281333894 ], [ 821.603377563855588, 179.560383818737392 ] ] ] } },
{ "type": "Feature", "properties": { "feature_type": "building", "subtype": "no-damage", "uid": "a990768b-6cbb-4ab6-8b30-8ad65601e109" }, "geometry": { "type": "Polygon", "coordinates": [ [ [ 845.079822529304465, 153.910193954889507 ], [ 868.208468303614836, 139.389577995417312 ], [ 885.859276921217543, 156.692587430983508 ], [ 878.729393637170119, 166.778763782343589 ], [ 873.338506275940745, 171.300153183595 ], [ 864.730476459668125, 161.561776017266311 ], [ 855.252948676529059, 168.86555889253259 ], [ 845.079822529304465, 153.910193954889507 ] ] ] } },
{ "type": "Feature", "properties": { "feature_type": "building", "subtype": "no-damage", "uid": "1fb9e71e-b832-4ec7-b671-f69b730cfe66" }, "geometry": { "type": "Polygon", "coordinates": [ [ [ 828.088678237685826, 213.445864066637199 ], [ 838.989068709805338, 206.769374900343593 ], [ 846.823724361413838, 218.82793186077339 ], [ 858.746026442925881, 210.652639008499989 ], [ 868.692632746538948, 224.891274060651597 ], [ 841.646038886429437, 244.988868994701193 ], [ 832.51696186747165, 231.363380902727698 ], [ 838.035284542598333, 228.161391204471613 ], [ 828.088678237685826, 213.445864066637199 ] ] ] } },
{ "type": "Feature", "properties": { "feature_type": "building", "subtype": "no-damage", "uid": "549db15e-4a68-4162-b93d-d6533b2f2cdb" }, "geometry": { "type": "Polygon", "coordinates": [ [ [ 842.810620710136845, 247.37846146326109 ], [ 865.852316691177975, 229.81460263996081 ], [ 874.286446918703177, 243.900469619183212 ], [ 864.548069751728235, 252.682399027714808 ], [ 868.286910986137627, 260.855679867638912 ], [ 853.592395436883635, 268.333362337499921 ], [ 842.810620710136845, 247.37846146326109 ] ] ] } },
{ "type": "Feature", "properties": { "feature_type": "building", "subtype": "no-damage", "uid": "2d06e338-1021-40eb-89ec-bbc0899aec4e" }, "geometry": { "type": "Polygon", "coordinates": [ [ [ 830.012893149963134, 270.621580343926098 ], [ 845.837756050049279, 271.143279119394322 ], [ 848.011500955066026, 278.794861179692077 ], [ 852.272040966632744, 280.620806902147024 ], [ 851.750342189215644, 287.489840795084319 ], [ 838.620922970263905, 287.489840795084319 ], [ 838.5339731732264, 300.097561241041376 ], [ 822.361311092266874, 300.010611437506896 ], [ 823.665558033795605, 277.838413423973975 ], [ 830.012893149963134, 270.621580343926098 ] ] ] } },
{ "type": "Feature", "properties": { "feature_type": "building", "subtype": "no-damage", "uid": "fd7509bb-6d80-4ffb-a0cb-8f610c59715a" }, "geometry": { "type": "Polygon", "coordinates": [ [ [ 825.436960889564602, 308.235204755661528 ], [ 858.043134445844544, 308.496054143395725 ], [ 861.521126288491814, 330.146553385618404 ], [ 824.480513128259531, 327.538059497882216 ], [ 825.436960889564602, 308.235204755661528 ] ] ] } },
{ "type": "Feature", "properties": { "feature_type": "building", "subtype": "no-damage", "uid": "377cf11d-e4a3-4621-9231-79aff708823a" }, "geometry": { "type": "Polygon", "coordinates": [ [ [ 830.47982550239567, 341.713594042767227 ], [ 846.913336972778438, 338.757300974157488 ], [ 854.304069646768767, 333.71421279535889 ], [ 867.781288051791421, 334.931509942969114 ], [ 867.520438663277787, 359.016603476254318 ], [ 831.523223052941944, 357.625406736128298 ], [ 831.523223052812, 350.321623860862019 ], [ 830.47982550239567, 341.713594042767227 ] ] ] } },
{ "type": "Feature", "properties": { "feature_type": "building", "subtype": "no-damage", "uid": "d21f8545-2c16-49a5-87a2-a6d39f04c610" }, "geometry": { "type": "Polygon", "coordinates": [ [ [ 828.981882869390461, 365.055565271757473 ], [ 857.501416009088302, 365.229464860115115 ], [ 856.458018453734326, 379.141432248900912 ], [ 842.372151475166675, 378.880582857008619 ], [ 842.024352291954415, 394.357646572198973 ], [ 826.98203755831878, 393.227299223965076 ], [ 828.981882869390461, 365.055565271757473 ] ] ] } },
{ "type": "Feature", "properties": { "feature_type": "building", "subtype": "no-damage", "uid": "93580f46-678b-4830-93c7-3f2c7413a6f8" }, "geometry": { "type": "Polygon", "coordinates": [ [ [ 861.153307448019518, 363.490468937036724 ], [ 875.586973609799429, 363.490468939115715 ], [ 878.021567897742443, 366.620661600241078 ], [ 887.499095678672461, 367.055410580491014 ], [ 890.368438952972383, 387.401662879885123 ], [ 874.456626257667835, 390.097106562839826 ], [ 874.630525848494244, 379.402281632476786 ], [ 861.240257244017471, 378.271934284243116 ], [ 861.153307448019518, 363.490468937036724 ] ] ] } },
{ "type": "Feature", "properties": { "feature_type": "building", "subtype": "no-damage", "uid": "eedf62c1-c5e2-4a41-a33d-cf355f37b578" }, "geometry": { "type": "Polygon", "coordinates": [ [ [ 827.681089195028562, 407.602470206008775 ], [ 839.875901036316577, 407.329960446622579 ], [ 841.306577287516916, 421.432340620120726 ], [ 855.000192819591916, 421.023575975843812 ], [ 854.932065379225605, 438.123563531696618 ], [ 843.146018176497023, 439.213602577557594 ], [ 836.401401572568261, 435.39846591080709 ], [ 826.591050146179441, 434.717191509223028 ], [ 827.681089195028562, 407.602470206008775 ] ] ] } },
{ "type": "Feature", "properties": { "feature_type": "building", "subtype": "no-damage", "uid": "91fc859f-781b-45f6-a170-52aee8efc62c" }, "geometry": { "type": "Polygon", "coordinates": [ [ [ 859.441765536246749, 419.611383527521014 ], [ 870.484389646959357, 420.915630468270479 ], [ 870.397439848362637, 409.5252071740818 ], [ 888.309097859416738, 409.525207176160791 ], [ 888.048248468044335, 429.958409272852407 ], [ 884.222457436857326, 431.7843549911492 ], [ 884.483306825500904, 435.349296632524386 ], [ 860.224313700618268, 437.870840722963294 ], [ 859.441765536246749, 419.611383527521014 ] ] ] } },
{ "type": "Feature", "properties": { "feature_type": "building", "subtype": "no-damage", "uid": "e84eadac-a923-40d8-97ea-d25bea4619cc" }, "geometry": { "type": "Polygon", "coordinates": [ [ [ 983.253100280927583, 399.157018879450618 ], [ 1007.188917703976017, 399.157018879450618 ], [ 1007.188917703196012, 413.46185651205252 ], [ 999.399154638194318, 414.170016791161686 ], [ 999.115890526446719, 426.208741527703296 ], [ 993.592240352436988, 425.783845361901001 ], [ 992.45918390284794, 429.891174977824107 ], [ 982.686572055483339, 429.324646753289301 ], [ 983.253100280927583, 399.157018879450618 ] ] ] } },
{ "type": "Feature", "properties": { "feature_type": "building", "subtype": "no-damage", "uid": "5a0dcbd1-84c4-4944-a4a1-2e09bfce9cef" }, "geometry": { "type": "Polygon", "coordinates": [ [ [ 937.998863858970594, 411.454763317190384 ], [ 971.956424898372688, 412.786432378808115 ], [ 972.4003145841491, 430.098130165283976 ], [ 944.324291896844329, 433.205357973646073 ], [ 944.546236739407618, 427.323819620766983 ], [ 938.997615654793663, 426.768957512279485 ], [ 937.998863858970594, 411.454763317190384 ] ] ] } },
{ "type": "Feature", "properties": { "feature_type": "building", "subtype": "no-damage", "uid": "45149a4b-3487-440a-9c54-2131de3dd645" }, "geometry": { "type": "Polygon", "coordinates": [ [ [ 938.664698387960016, 404.685445596136674 ], [ 937.887891436649397, 390.037085934975096 ], [ 944.102347053631206, 390.813892888105215 ], [ 944.54623673784829, 382.823878524636484 ], [ 971.845452475271941, 383.489713056484788 ], [ 971.956424895514033, 398.249045141007173 ], [ 976.728239028947428, 398.249045143086221 ], [ 976.950183874239428, 407.792673404498828 ], [ 961.857934522758796, 407.570728561935425 ], [ 959.527513665188621, 405.018362864139874 ], [ 938.664698387960016, 404.685445596136674 ] ] ] } },
{ "type": "Feature", "properties": { "feature_type": "building", "subtype": "no-damage", "uid": "9b451618-5f17-442e-b2af-738e98cabcd4" }, "geometry": { "type": "Polygon", "coordinates": [ [ [ 932.0493459842927, 361.433882619716314 ], [ 946.743861533936411, 361.086083436763886 ], [ 946.917761128011421, 348.043614012635999 ], [ 965.090268523551003, 347.434965439870382 ], [ 964.916368929865939, 362.564229972108308 ], [ 968.307410981063072, 365.433573245499474 ], [ 968.568260366977938, 378.823841852579903 ], [ 934.483940277303304, 379.258590830750677 ], [ 932.136295780680484, 373.606854083344615 ], [ 932.0493459842927, 361.433882619716314 ] ] ] } },
{ "type": "Feature", "properties": { "feature_type": "building", "subtype": "no-damage", "uid": "106bd201-7400-4e49-b1fb-1361e4a9178b" }, "geometry": { "type": "Polygon", "coordinates": [ [ [ 954.113205812341221, 313.237734161489016 ], [ 962.460386245037853, 307.933796594956277 ], [ 958.373745826246818, 301.41256188497141 ], [ 974.459458114716654, 290.804686753984925 ], [ 992.979764692558888, 310.716190075208317 ], [ 960.547490732043116, 332.36668931743111 ], [ 953.765406632117561, 324.454257867320109 ], [ 954.113205812341221, 313.237734161489016 ] ] ] } },
{ "type": "Feature", "properties": { "feature_type": "building", "subtype": "no-damage", "uid": "9729b441-13b6-4d07-853a-53546b2d1e29" }, "geometry": { "type": "Polygon", "coordinates": [ [ [ 969.795244952357962, 330.499218366500372 ], [ 991.793543379084667, 314.500455877920899 ], [ 999.358175645070901, 321.108640387282321 ], [ 998.401727886234653, 330.412268575440123 ], [ 990.14149725018558, 335.36840695486228 ], [ 986.141806630121209, 339.020298393534972 ], [ 993.445589506424426, 345.889332288551373 ], [ 980.924818858678691, 353.801763738662316 ], [ 966.665052288764855, 332.064314701221178 ], [ 969.795244952357962, 330.499218366500372 ] ] ] } },
{ "type": "Feature", "properties": { "feature_type": "building", "subtype": "no-damage", "uid": "0781e423-ded6-4025-be81-ae0284894b1f" }, "geometry": { "type": "Polygon", "coordinates": [ [ [ 988.170339068756675, 364.640964962337307 ], [ 1001.48702967193401, 354.986364277564007 ], [ 1006.25884380185903, 361.644709579415007 ], [ 1017.578030816898945, 355.65219880733332 ], [ 1022.460817369274992, 363.864158011286293 ], [ 1017.467058391849037, 371.743199951394217 ], [ 1020.574286200339998, 377.069876191627714 ], [ 1003.262588414650054, 386.3915596146349 ], [ 988.170339068756675, 364.640964962337307 ] ] ] } },
{ "type": "Feature", "properties": { "feature_type": "building", "subtype": "no-damage", "uid": "b9ce192d-3627-4f79-936a-049b60692788" }, "geometry": { "type": "Polygon", "coordinates": [ [ [ 1022.976335728959953, 401.019536288530787 ], [ 1019.747229189850032, 401.508794813737893 ], [ 1010.758463032639952, 387.526269682345628 ], [ 1022.976334301956967, 378.925219886509126 ], [ 1022.976335728959953, 401.019536288530787 ] ] ] } },
{ "type": "Feature", "properties": { "feature_type": "building", "subtype": "no-damage", "uid": "ce0e1d5c-42fa-4eb0-83af-51358ca1039f" }, "geometry": { "type": "Polygon", "coordinates": [ [ [ 948.531879220715609, 284.923567644237892 ], [ 939.609059709373355, 289.880689593844693 ], [ 935.643362147636253, 287.897840813170376 ], [ 928.606145055893876, 274.968060717106027 ], [ 951.187870603625811, 259.186235185140674 ], [ 971.193008142588724, 286.481520254951874 ], [ 956.463274345489253, 294.412915375570321 ], [ 948.531879220715609, 284.923567644237892 ] ] ] } },
{ "type": "Feature", "properties": { "feature_type": "building", "subtype": "no-damage", "uid": "239666f4-28f3-42fa-9b09-988348055488" }, "geometry": { "type": "Polygon", "coordinates": [ [ [ 913.009645144248452, 259.560719532750625 ], [ 922.052423943499548, 254.169832170999513 ], [ 913.705243512232187, 241.214312544168905 ], [ 926.22601415971792, 234.8669774246207 ], [ 941.96392726133729, 256.343577074327811 ], [ 922.921921906467787, 273.820486102409689 ], [ 913.009645144248452, 259.560719532750625 ] ] ] } },
{ "type": "Feature", "properties": { "feature_type": "building", "subtype": "no-damage", "uid": "ebf4578e-27fb-4b4f-9027-73d940b21758" }, "geometry": { "type": "Polygon", "coordinates": [ [ [ 888.10123781043319, 222.900239766351092 ], [ 912.950536167281598, 206.77996767106049 ], [ 929.374454578300401, 226.86597599997441 ], [ 915.059012178779994, 236.298631842184307 ], [ 909.621363515187795, 229.751258959535903 ], [ 901.631349154450731, 236.298631842184307 ], [ 888.10123781043319, 222.900239766351092 ] ] ] } },
{ "type": "Feature", "properties": { "feature_type": "building", "subtype": "no-damage", "uid": "f98183eb-dfd6-4402-9456-6b977dfbdee3" }, "geometry": { "type": "Polygon", "coordinates": [ [ [ 870.857461236800987, 208.542762384220907 ], [ 884.61920420534409, 198.459901197532702 ], [ 880.190920578157034, 191.306519949714414 ], [ 893.067006822198209, 186.128834475637689 ], [ 903.490505211883715, 202.820057387213694 ], [ 880.804067538854838, 219.715662616770004 ], [ 870.857461236800987, 208.542762384220907 ] ] ] } },
{ "type": "Feature", "properties": { "feature_type": "building", "subtype": "no-damage", "uid": "b3e26a08-5d6c-4216-9a21-78a85b7b3aec" }, "geometry": { "type": "Polygon", "coordinates": [ [ [ 860.642604929595223, 272.823200620236207 ], [ 871.406641164048096, 263.75874905054809 ], [ 876.78865928491291, 271.265248005364128 ], [ 889.677176360201202, 262.908956716864395 ], [ 894.067770084751828, 268.574238949738572 ], [ 895.200826531742109, 279.338275184715087 ], [ 873.38948994628106, 294.209641039772691 ], [ 860.642604929595223, 272.823200620236207 ] ] ] } },
{ "type": "Feature", "properties": { "feature_type": "building", "subtype": "no-damage", "uid": "97e64afe-97ed-4ed3-887c-dc122cdf9d4a" }, "geometry": { "type": "Polygon", "coordinates": [ [ [ 198.149882307687989, 294.805664679389622 ], [ 214.129911031760997, 294.250802570902124 ], [ 213.020186812057489, 306.12485169378391 ], [ 198.593771994763813, 306.457768955549909 ], [ 198.149882307687989, 294.805664679389622 ] ] ] } },
{ "type": "Feature", "properties": { "feature_type": "building", "subtype": "no-damage", "uid": "398125a9-d6fd-4f72-ac25-5e65bdb66a88" }, "geometry": { "type": "Polygon", "coordinates": [ [ [ 201.487485682468787, 554.534710123849891 ], [ 202.156553156485813, 565.439552440895 ], [ 175.714134810447206, 565.439552440895 ], [ 175.011773546335888, 553.681728883682354 ], [ 201.487485682468787, 554.534710123849891 ] ] ] } },
{ "type": "Feature", "properties": { "feature_type": "building", "subtype": "no-damage", "uid": "5b4977ab-8a0d-4dfa-a099-4decb46dc56d" }, "geometry": { "type": "Polygon", "coordinates": [ [ [ 1008.438774627185012, 0.000539725739494 ], [ 1010.428419490706005, 12.780707386516029 ], [ 1003.355867033181994, 12.78070738859507 ], [ 1003.034387375064966, 22.746576761769891 ], [ 1012.678777094406996, 24.675454706574602 ], [ 1012.678777092848009, 36.891681684100618 ], [ 1003.677346686490978, 36.248722369165719 ], [ 1003.034387373244954, 33.998364766893559 ], [ 993.389997655852312, 35.284283396763357 ], [ 981.173770677031257, 33.67688511150515 ], [ 982.138209648003908, 26.282852991832812 ], [ 972.493819929311371, 24.032495391639699 ], [ 971.207901304509733, 10.85182944171132 ], [ 984.388567251704558, 10.85182944379036 ], [ 983.10264862105555, 7.315553213727443 ], [ 978.280453762164143, 6.672593898792541 ], [ 980.122583931945655, 0.001302218832451 ], [ 1008.438774627185012, 0.000539725739494 ] ] ] } },
{ "type": "Feature", "properties": { "feature_type": "building", "subtype": "no-damage", "uid": "b79f169e-2d6b-4bb3-aad1-2307ddd415de" }, "geometry": { "type": "Polygon", "coordinates": [ [ [ 1022.97627848173795, 33.870534175769812 ], [ 1012.678777092848009, 36.891681684100618 ], [ 1014.035975326644007, 0.0003837122912 ], [ 1022.976269599806983, 0.000130890295495 ], [ 1022.97627848173795, 33.870534175769812 ] ] ] } },
{ "type": "Feature", "properties": { "feature_type": "building", "subtype": "no-damage", "uid": "674d81a5-3a98-46f2-9210-bb564a9d606e" }, "geometry": { "type": "Polygon", "coordinates": [ [ [ 1022.976290897781041, 85.712494768662722 ], [ 1016.536532979466983, 85.4351099346582 ], [ 1016.858012636285025, 73.540362618757726 ], [ 1022.976288300146962, 74.366561889878469 ], [ 1022.976290897781041, 85.712494768662722 ] ] ] } },
{ "type": "Feature", "properties": { "feature_type": "building", "subtype": "no-damage", "uid": "58090e34-a43b-4f63-9e59-4f3779ae7bef" }, "geometry": { "type": "Polygon", "coordinates": [ [ [ 864.197777561306339, 1014.077834382311949 ], [ 875.530827346220121, 995.319683013383838 ], [ 872.99066101594326, 990.434747759261199 ], [ 883.346723748031764, 978.320108335357304 ], [ 908.943784471917184, 997.07825970428587 ], [ 906.403618142939763, 1003.330976826568985 ], [ 909.52997670706884, 1005.480348338133012 ], [ 907.771400016037433, 1007.825117260028946 ], [ 904.449644042616796, 1009.779091361261976 ], [ 904.44964404209702, 1017.985782584779031 ], [ 899.564708791094631, 1019.744359277760054 ], [ 888.622453823984415, 1017.594987762037022 ], [ 882.565134110085637, 1022.284525607907995 ], [ 864.783969789051298, 1014.273231792643969 ], [ 864.197777561306339, 1014.077834382311949 ] ] ] } },
{ "type": "Feature", "properties": { "feature_type": "building", "subtype": "no-damage", "uid": "5e9104e5-fc5f-4874-aaad-1822daadf5f9" }, "geometry": { "type": "Polygon", "coordinates": [ [ [ 387.495555484826525, 1022.982997005091988 ], [ 387.495555481058318, 1010.85362453817504 ], [ 387.744937596813202, 1003.870925404104014 ], [ 374.527685667235005, 1002.125250622665021 ], [ 375.525214114402218, 984.668502789566674 ], [ 411.685620336622321, 984.668502787487682 ], [ 412.433766671153023, 997.885754717460372 ], [ 403.705392754216973, 998.13513683087649 ], [ 403.944970213431588, 1022.983103202595998 ], [ 387.495555484826525, 1022.982997005091988 ] ] ] } },
{ "type": "Feature", "properties": { "feature_type": "building", "subtype": "no-damage", "uid": "f5d42940-5099-4463-8c7f-91d87955f6bc" }, "geometry": { "type": "Polygon", "coordinates": [ [ [ 214.833977809889603, 619.87553225363024 ], [ 215.470541391417612, 598.868934018368577 ], [ 216.425386763514808, 597.595806852973169 ], [ 220.563050054816699, 597.595806852973169 ], [ 221.517895428602998, 601.096906558850037 ], [ 221.51789542626409, 620.512095834248953 ], [ 214.515696015032489, 620.193814041860492 ], [ 214.833977809889603, 619.87553225363024 ] ] ] } },
{ "type": "Feature", "properties": { "feature_type": "building", "subtype": "no-damage", "uid": "f2ef8be6-a63f-477c-a920-020ff2bafcf5" }, "geometry": { "type": "Polygon", "coordinates": [ [ [ 225.206655243307893, 324.098773912350111 ], [ 212.488167538482799, 323.849391798933993 ], [ 212.23878542311769, 316.367928444267818 ], [ 225.20665524460739, 317.116074782437181 ], [ 225.456037353475494, 322.8518633535856 ], [ 225.206655243307893, 324.098773912350111 ] ] ] } },
{ "type": "Feature", "properties": { "feature_type": "building", "subtype": "no-damage", "uid": "25f66902-d2a7-41cc-8bd3-813eee1e50e9" }, "geometry": { "type": "Polygon", "coordinates": [ [ [ 64.817048928426033, 377.204164828058424 ], [ 44.12873248828889, 376.249319457130412 ], [ 43.173887116451638, 360.335229887608477 ], [ 64.180485344948906, 360.97179346822719 ], [ 64.498767137986874, 376.249319455051307 ], [ 64.817048928426033, 377.204164828058424 ] ] ] } },
{ "type": "Feature", "properties": { "feature_type": "building", "subtype": "no-damage", "uid": "f03e7727-1620-4d37-ace0-f266714ae074" }, "geometry": { "type": "Polygon", "coordinates": [ [ [ 150.450925371154909, 396.123805685922207 ], [ 150.861887026853793, 378.489375820378712 ], [ 167.940349349457591, 379.113855576151479 ], [ 167.622067555770002, 395.664508732529214 ], [ 156.482204855835192, 395.664508730450223 ], [ 150.450925371154909, 396.123805685922207 ] ] ] } },
{ "type": "Feature", "properties": { "feature_type": "building", "subtype": "no-damage", "uid": "610f6d46-6e67-4c67-9305-e7ae4e13672b" }, "geometry": { "type": "Polygon", "coordinates": [ [ [ 550.364188490875904, 562.93060973012939 ], [ 533.655586997252044, 563.179991843545508 ], [ 533.655586998811259, 551.209650478574417 ], [ 550.114806379798779, 551.209650474416321 ], [ 550.613570602992468, 562.182463398197115 ], [ 550.364188490875904, 562.93060973012939 ] ] ] } },
{ "type": "Feature", "properties": { "feature_type": "building", "subtype": "no-damage", "uid": "6fd6f78f-fc90-423f-8f47-8ba506124a2a" }, "geometry": { "type": "Polygon", "coordinates": [ [ [ 518.538705905136567, 566.844357871468219 ], [ 518.147911089022045, 550.62637283684569 ], [ 530.848742745734285, 550.626372834766585 ], [ 530.848742742225909, 566.648960459058003 ], [ 518.538705905136567, 566.844357871468219 ] ] ] } }
]
}
