{
"type": "FeatureCollection",
"name": "socal-fire_00000806_post_disaster",
"features": [
{ "type": "Feature", "properties": { "feature_type": "building", "subtype": "no-damage", "uid": "8101c0cb-721d-4093-a3d6-b2176d01092b" }, "geometry": { "type": "Polygon", "coordinates": [ [ [ 155.188472906048389, 1022.981815523246951 ], [ 161.974063450355487, 996.307633009253209 ], [ 178.899710423421112, 999.745655049937454 ], [ 187.626997143109207, 1003.448140323268035 ], [ 184.982364805578413, 1011.382037342345029 ], [ 190.271629484200503, 1019.580397595084946 ], [ 188.136721915019194, 1022.982359539411959 ], [ 155.188472906048389, 1022.981815523246951 ] ] ] } },
{ "type": "Feature", "properties": { "feature_type": "building", "subtype": "no-damage", "uid": "6d6c4dc7-99f4-4d5d-887d-ab3d8222ab63" }, "geometry": { "type": "Polygon", "coordinates": [ [ [ 198.291187796871213, 1022.98251655256297 ], [ 200.056769137654811, 1003.448140323268035 ], [ 213.808857303318291, 1003.71260356100197 ], [ 213.808857303318291, 994.985316835846788 ], [ 233.379136619891, 994.191927134854609 ], [ 232.654525603264688, 1022.983010659566958 ], [ 198.291187796871213, 1022.98251655256297 ] ] ] } },
{ "type": "Feature", "properties": { "feature_type": "building", "subtype": "no-damage", "uid": "9c0e25c2-500d-4b9e-ba59-32d40e629c7d" }, "geometry": { "type": "Polygon", "coordinates": [ [ [ 240.532021055070089, 1022.98311583380098 ], [ 241.313033636806807, 1003.183677089603975 ], [ 259.82546001439988, 1002.919213857975024 ], [ 260.354386480710673, 991.282831561498483 ], [ 277.808959924537589, 991.018368327834423 ], [ 279.014064069429878, 1022.983586191685049 ], [ 240.532021055070089, 1022.98311583380098 ] ] ] } },
{ "type": "Feature", "properties": { "feature_type": "building", "subtype": "no-damage", "uid": "e3518c1e-df8e-41e8-ba9f-310fef3dc921" }, "geometry": { "type": "Polygon", "coordinates": [ [ [ 281.317867093754785, 1022.983612064857994 ], [ 281.804757950468286, 1005.20287949603096 ], [ 294.861974853979916, 1005.103206085248985 ], [ 295.790941345493991, 988.172849289608848 ], [ 314.949124501254687, 987.361061866517616 ], [ 318.033916706229775, 991.419998976887541 ], [ 318.520989157719612, 1016.098336605494978 ], [ 315.111481985720388, 1015.773621639106977 ], [ 312.509624768793628, 1022.983936932177016 ], [ 281.317867093754785, 1022.983612064857994 ] ] ] } },
{ "type": "Feature", "properties": { "feature_type": "building", "subtype": "no-damage", "uid": "3d3636f3-aa6b-43ce-ad02-8a33dd3a0c8e" }, "geometry": { "type": "Polygon", "coordinates": [ [ [ 320.944003860366308, 1022.984016643196014 ], [ 321.729515929181389, 987.720032142702053 ], [ 346.147667673121077, 987.643713434112783 ], [ 345.412198960907688, 993.31443576684444 ], [ 340.379116940182712, 993.639150733232668 ], [ 340.216759459023081, 998.185160298271171 ], [ 348.984063617118295, 998.83459023511648 ], [ 348.984063614448019, 1016.531556033481024 ], [ 342.489764240779778, 1017.018628488149943 ], [ 341.815447601726078, 1022.984199011732017 ], [ 320.944003860366308, 1022.984016643196014 ] ] ] } },
{ "type": "Feature", "properties": { "feature_type": "building", "subtype": "no-damage", "uid": "f6b959d4-8653-4c87-935a-d6406b6c41dc" }, "geometry": { "type": "Polygon", "coordinates": [ [ [ 367.378949738336416, 1022.984393490831962 ], [ 365.345813363472928, 1012.892544489244983 ], [ 361.907791322025219, 1009.454522448560056 ], [ 362.436717791387878, 989.619779901378024 ], [ 385.97394561241299, 990.413169604404629 ], [ 385.445019142287379, 1001.52062543355305 ], [ 388.618577951978409, 1002.578478366174977 ], [ 388.883041184879517, 1014.214860659599026 ], [ 392.056599992790211, 1015.537176829953978 ], [ 390.410061006845922, 1022.984541466581959 ], [ 367.378949738336416, 1022.984393490831962 ] ] ] } },
{ "type": "Feature", "properties": { "feature_type": "building", "subtype": "no-damage", "uid": "2070fa7f-a8fc-42ea-a898-00ae3849a568" }, "geometry": { "type": "Polygon", "coordinates": [ [ [ -0.000000563820322, 942.294515491436073 ], [ 8.566021722673639, 940.707736085382862 ], [ 12.53297023081363, 941.501125787392198 ], [ 22.053646653401401, 988.575581431470596 ], [ 12.004043766282971, 991.220213771162776 ], [ 15.706529040123099, 995.716088748537686 ], [ 9.09494819356221, 999.947500492248537 ], [ 4.334609981378216, 993.864846110854842 ], [ -0.000000564710431, 993.335919641492296 ], [ -0.000000563820322, 942.294515491436073 ] ] ] } },
{ "type": "Feature", "properties": { "feature_type": "building", "subtype": "no-damage", "uid": "8443872c-41da-4d92-8506-c784a492ffae" }, "geometry": { "type": "Polygon", "coordinates": [ [ [ 452.86581773260599, 1022.984812821578998 ], [ 453.98429441458569, 1005.498874089999958 ], [ 495.837958546916127, 1006.511462736768976 ], [ 494.042682058441414, 1022.984887876566972 ], [ 452.86581773260599, 1022.984812821578998 ] ] ] } },
{ "type": "Feature", "properties": { "feature_type": "building", "subtype": "no-damage", "uid": "81471130-1fd3-40e5-bc99-74bb3a1abd52" }, "geometry": { "type": "Polygon", "coordinates": [ [ [ 549.17386376887498, 1022.984859158097947 ], [ 542.417036373325004, 1000.43593084903398 ], [ 584.945759605027433, 987.609807970630072 ], [ 590.68376194384075, 1003.136167245503998 ], [ 588.321055098327292, 1004.486285439161975 ], [ 591.021291491746524, 1014.612171922111997 ], [ 589.656454482099662, 1022.984743877314031 ], [ 549.17386376887498, 1022.984859158097947 ] ] ] } },
{ "type": "Feature", "properties": { "feature_type": "building", "subtype": "no-damage", "uid": "f34ac782-e37d-43ba-9f16-af738a8125f6" }, "geometry": { "type": "Polygon", "coordinates": [ [ [ 117.660641624272202, 1022.981131529086952 ], [ 108.459399931630102, 1007.013452730692961 ], [ 113.859872723173297, 1002.625568583503991 ], [ 106.096693086752495, 987.77426841156182 ], [ 142.887413976208393, 966.172377242848597 ], [ 152.000711814806607, 987.774268408510011 ], [ 141.1997662301942, 994.187329853306778 ], [ 146.600239022118899, 1006.000864079854978 ], [ 124.998347857217496, 1015.114161916035982 ], [ 128.711172901729299, 1020.177105159036955 ], [ 126.978060166994496, 1022.981307749259031 ], [ 117.660641624272202, 1022.981131529086952 ] ] ] } },
{ "type": "Feature", "properties": { "feature_type": "building", "subtype": "no-damage", "uid": "53ee2208-f5fc-4c28-96bb-8ff98cff7a45" }, "geometry": { "type": "Polygon", "coordinates": [ [ [ 111.769449820410003, 899.134760300581661 ], [ 113.356229225573301, 896.754591192519001 ], [ 144.033964365319491, 918.96950284674665 ], [ 146.414133471220794, 916.58933373970126 ], [ 160.166221635739788, 926.110010160761931 ], [ 147.736449636743714, 944.622436539624005 ], [ 138.744699684790106, 955.729892365720616 ], [ 132.926508537568395, 952.29187032605364 ], [ 134.777751173725505, 950.17616445368958 ], [ 136.100067345097614, 949.382774751680245 ], [ 128.1661703253844, 944.093510073313269 ], [ 119.967810071752794, 945.680289477331939 ], [ 102.248773400492496, 932.457127776836842 ], [ 100.661993993040298, 926.374473396460417 ], [ 105.157868974230595, 919.762892548755985 ], [ 99.339677823829845, 916.853796977434399 ], [ 111.769449820410003, 899.134760300581661 ] ] ] } },
{ "type": "Feature", "properties": { "feature_type": "building", "subtype": "no-damage", "uid": "128d59ae-e5a8-48c6-b1de-8b3dd501522f" }, "geometry": { "type": "Polygon", "coordinates": [ [ [ 140.84177528066229, 882.683158191284519 ], [ 181.345321213612806, 870.869623956598389 ], [ 194.388154411316691, 915.519415570998945 ], [ 165.481432391212195, 925.88694052260746 ], [ 157.088177370088687, 898.604926563194113 ], [ 148.267425367905787, 900.572224314723599 ], [ 140.84177528066229, 882.683158191284519 ] ] ] } },
{ "type": "Feature", "properties": { "feature_type": "building", "subtype": "no-damage", "uid": "3183909f-8cc6-493b-bd02-e75e47495aa8" }, "geometry": { "type": "Polygon", "coordinates": [ [ [ 454.822540943971717, 974.052994264883523 ], [ 463.549827667093211, 974.581920732211529 ], [ 463.814290897578303, 966.119097246824367 ], [ 495.814342208951018, 968.234803119188427 ], [ 492.905246634577225, 1001.02824412506402 ], [ 470.954798218842484, 999.177001490432758 ], [ 470.954798217062319, 1002.350560296436015 ], [ 452.70683507580361, 1000.763780894451997 ], [ 454.822540943971717, 974.052994264883523 ] ] ] } },
{ "type": "Feature", "properties": { "feature_type": "building", "subtype": "no-damage", "uid": "15131b2f-b314-4cd9-9003-935cce81c04e" }, "geometry": { "type": "Polygon", "coordinates": [ [ [ 539.498504652453448, 954.128056567514136 ], [ 566.209291279227614, 955.450372733799782 ], [ 566.209291279227614, 951.48342422578753 ], [ 583.13493825509056, 952.012350697184615 ], [ 583.928327958117279, 976.871894686018095 ], [ 567.79607068718849, 975.814041753396509 ], [ 567.531607450345405, 982.690085834764886 ], [ 541.085284056980981, 983.483475533722526 ], [ 538.969578182454939, 982.42562260008367 ], [ 539.498504652453448, 954.128056567514136 ] ] ] } },
{ "type": "Feature", "properties": { "feature_type": "building", "subtype": "no-damage", "uid": "2d5fd112-59b0-487a-9286-853176b58e5c" }, "geometry": { "type": "Polygon", "coordinates": [ [ [ 200.445875618941812, 883.858709675570367 ], [ 212.934468947279498, 883.858709675570367 ], [ 213.947057595193201, 885.883886975212135 ], [ 227.110710027989313, 886.558946073058223 ], [ 228.460828222791491, 874.407882294535398 ], [ 238.58671470841341, 873.73282319567204 ], [ 238.526305093029009, 929.551294743033509 ], [ 220.727853395715897, 928.93664526184341 ], [ 220.36011903452291, 919.636841920413758 ], [ 209.221643902131888, 920.64943056718289 ], [ 207.871525705295113, 917.949194171729573 ], [ 199.770816521222798, 916.261546427114354 ], [ 200.445875618941812, 883.858709675570367 ] ] ] } },
{ "type": "Feature", "properties": { "feature_type": "building", "subtype": "no-damage", "uid": "c81375da-733b-4872-98ea-23eb93ad061a" }, "geometry": { "type": "Polygon", "coordinates": [ [ [ 248.341665400146013, 888.25262482436267 ], [ 279.611263897096876, 887.953055059211465 ], [ 279.273734348936784, 908.879887121940556 ], [ 269.822906965866025, 909.554946225890262 ], [ 267.460200116283488, 933.519544235030253 ], [ 243.495602104597111, 932.844485136166895 ], [ 243.495602105487194, 917.318125861292742 ], [ 247.545956698032001, 917.655655407163977 ], [ 248.341665400146013, 888.25262482436267 ] ] ] } },
{ "type": "Feature", "properties": { "feature_type": "building", "subtype": "no-damage", "uid": "d83f86be-988b-4475-9a0e-e894a66b0d08" }, "geometry": { "type": "Polygon", "coordinates": [ [ [ 285.686795788647999, 890.990821003587939 ], [ 320.452339381132106, 890.653291450595816 ], [ 319.575544623174892, 920.944557069102757 ], [ 298.901948520529913, 923.596997173283398 ], [ 296.150211824082987, 933.857073781918757 ], [ 285.349266239852113, 933.736424184008797 ], [ 283.324088944024822, 906.179650730556318 ], [ 285.686795788647999, 890.990821003587939 ] ] ] } },
{ "type": "Feature", "properties": { "feature_type": "building", "subtype": "no-damage", "uid": "23c83e58-155d-475a-a6b8-b70b7fd1a944" }, "geometry": { "type": "Polygon", "coordinates": [ [ [ 324.165164426406875, 890.653291450595816 ], [ 350.154939733157676, 892.003409649339801 ], [ 353.530235227347703, 894.0285869479643 ], [ 358.930708018890982, 898.754000641024959 ], [ 358.930708021688474, 911.917653068351456 ], [ 359.943296669602091, 912.255182618291769 ], [ 360.618355770372887, 921.706010002378548 ], [ 357.918119371485886, 925.41883504663565 ], [ 356.56800117286889, 933.857073784970567 ], [ 339.016464601148073, 935.207191982697282 ], [ 338.003875955268995, 922.043539552318862 ], [ 322.090587073382608, 918.820579658118731 ], [ 324.165164426406875, 890.653291450595816 ] ] ] } },
{ "type": "Feature", "properties": { "feature_type": "building", "subtype": "no-damage", "uid": "676f531a-3d97-45ed-91bb-287ba1e8a6d7" }, "geometry": { "type": "Polygon", "coordinates": [ [ [ 368.381535404504973, 892.003409648322531 ], [ 400.784372155290384, 890.990821003587939 ], [ 401.796960804857122, 900.779177934563222 ], [ 398.759194855902592, 924.406246397831978 ], [ 386.945660624012305, 925.756364594541424 ], [ 386.270601529472287, 931.831896485328684 ], [ 388.633308374731314, 932.169426036286268 ], [ 387.958249275740684, 945.670608011518539 ], [ 371.081771801866125, 946.008137564510662 ], [ 370.406712703384073, 931.156837387482597 ], [ 362.306003513335327, 931.49436693742291 ], [ 363.31859216264769, 915.630478112608557 ], [ 368.381535408573995, 914.955419015779739 ], [ 368.381535404504973, 892.003409648322531 ] ] ] } },
{ "type": "Feature", "properties": { "feature_type": "building", "subtype": "no-damage", "uid": "ce0fa5df-b68b-4e4f-9f52-655cfc1e7479" }, "geometry": { "type": "Polygon", "coordinates": [ [ [ 455.815320077814988, 925.665886250402309 ], [ 502.889775721136914, 926.988202420757034 ], [ 501.302996315083419, 942.062606754865897 ], [ 507.121187464339584, 943.120459686470213 ], [ 507.385650695587685, 962.426275770393545 ], [ 470.360797943707723, 963.748591938713616 ], [ 470.096334710425083, 959.25271695930428 ], [ 456.079783307537127, 956.872547859379779 ], [ 455.815320077814988, 925.665886250402309 ] ] ] } },
{ "type": "Feature", "properties": { "feature_type": "building", "subtype": "no-damage", "uid": "27de0dab-7865-4b5e-b19e-95c7fef726e3" }, "geometry": { "type": "Polygon", "coordinates": [ [ [ 84.561718426078428, 821.396581133963195 ], [ 100.505920442084701, 821.396581133963195 ], [ 100.505920440177306, 808.201379465826676 ], [ 119.1991228041786, 804.902579049809788 ], [ 123.418890954041203, 846.316216671547977 ], [ 86.372176610877247, 851.992849775077161 ], [ 84.561718426078428, 821.396581133963195 ] ] ] } },
{ "type": "Feature", "properties": { "feature_type": "building", "subtype": "no-damage", "uid": "1fbe630e-9d45-49db-bcdd-991781beac98" }, "geometry": { "type": "Polygon", "coordinates": [ [ [ 131.844524404294702, 804.352778979626009 ], [ 159.334527877760308, 801.603778634810169 ], [ 163.183128365741794, 819.747180926463443 ], [ 160.983928084878812, 837.890583220151143 ], [ 158.606095401053807, 852.185385027638176 ], [ 132.425801749613811, 853.932888658860406 ], [ 125.019239449425697, 831.454040364398907 ], [ 123.047723292922996, 818.097780716929151 ], [ 130.195124195650294, 815.34878037211331 ], [ 131.844524404294702, 804.352778979626009 ] ] ] } },
{ "type": "Feature", "properties": { "feature_type": "building", "subtype": "no-damage", "uid": "35696527-f48f-43be-8996-9aaf953c7868" }, "geometry": { "type": "Polygon", "coordinates": [ [ [ 168.131328991039311, 802.703378772126143 ], [ 185.724931215308601, 802.153578699907712 ], [ 188.473931560124697, 813.699380161561749 ], [ 203.318533437034603, 813.699380161561749 ], [ 203.318533435508698, 845.587784192552704 ], [ 167.031728852451693, 843.388583914868946 ], [ 168.131328991039311, 802.703378772126143 ] ] ] } },
{ "type": "Feature", "properties": { "feature_type": "building", "subtype": "no-damage", "uid": "e6caf265-2335-48b2-a991-8de0edabb3b7" }, "geometry": { "type": "Polygon", "coordinates": [ [ [ 209.749145461227499, 810.484074150864444 ], [ 224.559086559131202, 811.541927087555109 ], [ 224.55908656040279, 800.963397729803887 ], [ 240.69134383222169, 802.021250664460013 ], [ 238.840101192504193, 849.36016954220247 ], [ 206.575586649374912, 847.773390139201069 ], [ 209.749145461227499, 810.484074150864444 ] ] ] } },
{ "type": "Feature", "properties": { "feature_type": "building", "subtype": "no-damage", "uid": "3e023217-9b13-4f88-9241-7b3a8ac7e6c6" }, "geometry": { "type": "Polygon", "coordinates": [ [ [ 248.889704085980611, 803.343566834814737 ], [ 271.104615738812527, 803.079103600133408 ], [ 270.046762801740215, 818.94689763625172 ], [ 283.269924498168109, 817.889044702612864 ], [ 281.683145094276313, 847.508926906554279 ], [ 251.798799657811202, 846.186610733147745 ], [ 252.063262891348103, 828.467574059346816 ], [ 248.09631438498829, 826.616331425733051 ], [ 248.889704085980611, 803.343566834814737 ] ] ] } },
{ "type": "Feature", "properties": { "feature_type": "building", "subtype": "no-damage", "uid": "9c729061-9ed5-4654-a1f4-d9f165acdfed" }, "geometry": { "type": "Polygon", "coordinates": [ [ [ 288.030262707936117, 818.15350793525954 ], [ 306.278225850847889, 817.889044703630134 ], [ 306.013762620871375, 804.136956534789533 ], [ 325.319578700092507, 804.930346236798982 ], [ 323.997262526813017, 851.475875415583801 ], [ 286.443483304807273, 851.740338646196051 ], [ 288.030262707936117, 818.15350793525954 ] ] ] } },
{ "type": "Feature", "properties": { "feature_type": "building", "subtype": "no-damage", "uid": "11e38d67-d550-466a-bd88-b8469e59202d" }, "geometry": { "type": "Polygon", "coordinates": [ [ [ 328.164799246321422, 803.684331602546536 ], [ 348.471757904278604, 802.026620689606716 ], [ 350.958324271145614, 820.054226847355153 ], [ 354.688173820428688, 819.432585253603975 ], [ 354.89538768441912, 832.279844813374552 ], [ 356.553098594943208, 845.955959829106519 ], [ 341.840914259893509, 843.676607325467216 ], [ 332.723504251565998, 838.703474594785803 ], [ 333.759573570119016, 823.162434801869381 ], [ 328.786440834859206, 823.576862533410463 ], [ 327.750371520375325, 817.360446614209422 ], [ 328.164799246321422, 803.684331602546536 ] ] ] } },
{ "type": "Feature", "properties": { "feature_type": "building", "subtype": "no-damage", "uid": "4663bdd9-3724-436f-bc13-1714d8b637c7" }, "geometry": { "type": "Polygon", "coordinates": [ [ [ 366.30056344642469, 807.307284907208441 ], [ 387.457622163837414, 806.513895205199105 ], [ 387.722085397247213, 816.299034861958148 ], [ 400.416320625329718, 816.299034858906452 ], [ 399.887394158255915, 849.621402337196173 ], [ 381.639431013945398, 850.150328806558718 ], [ 380.581578076873086, 855.175130253296174 ], [ 365.771636979477989, 854.117277317622779 ], [ 366.30056344642469, 807.307284907208441 ] ] ] } },
{ "type": "Feature", "properties": { "feature_type": "building", "subtype": "no-damage", "uid": "882f7d7c-7d28-459f-9875-f62fc0afb94b" }, "geometry": { "type": "Polygon", "coordinates": [ [ [ 454.431694905709605, 903.127671584393283 ], [ 464.170746506643923, 903.127671587445093 ], [ 465.206815827104322, 889.658770435957877 ], [ 497.324964725645088, 890.902053617356614 ], [ 496.703323133928279, 908.515232045598509 ], [ 504.370236100808427, 909.75851523004917 ], [ 504.163022233511981, 923.641844106973849 ], [ 456.556304709468918, 923.972332509024341 ], [ 454.431694905709605, 903.127671584393283 ] ] ] } },
{ "type": "Feature", "properties": { "feature_type": "building", "subtype": "no-damage", "uid": "bbd2ce67-1238-4d1d-a8b5-c75b00f9e0a4" }, "geometry": { "type": "Polygon", "coordinates": [ [ [ 70.546509297158792, 701.798183755408104 ], [ 81.009925333738238, 700.785595107621702 ], [ 80.672395781127562, 693.697474568030771 ], [ 99.574050553881406, 689.647119975867895 ], [ 105.312052894220599, 723.737604468975292 ], [ 110.037466584738695, 722.049956720291107 ], [ 112.0626438851438, 740.951611491516474 ], [ 117.800646225737296, 739.939022840678263 ], [ 120.163353069979095, 755.802911667527269 ], [ 93.16098911213561, 759.515736710766987 ], [ 87.760516322372567, 740.276552393670386 ], [ 72.234157048640768, 743.314318341098556 ], [ 70.546509297158792, 701.798183755408104 ] ] ] } },
{ "type": "Feature", "properties": { "feature_type": "building", "subtype": "no-damage", "uid": "493840d3-155d-4c14-ae31-36300c263ab3" }, "geometry": { "type": "Polygon", "coordinates": [ [ [ 127.310669692885298, 698.673406321502171 ], [ 165.113979233560912, 698.673406320484901 ], [ 164.776449684764998, 728.376006671489222 ], [ 152.962915451730311, 731.076243071011618 ], [ 152.625385901281305, 733.438949912455655 ], [ 142.837028966744214, 734.114009012336169 ], [ 142.16196986711779, 740.86460000402144 ], [ 126.298081044971596, 740.527070448994778 ], [ 127.310669692885298, 698.673406321502171 ] ] ] } },
{ "type": "Feature", "properties": { "feature_type": "building", "subtype": "no-damage", "uid": "9b9c5d1d-6f53-4dd6-90ed-ce892f6fcb43" }, "geometry": { "type": "Polygon", "coordinates": [ [ [ 170.851981574917403, 701.373642715938217 ], [ 188.065988593900414, 701.711172264861261 ], [ 189.078577244992999, 695.635640375091157 ], [ 203.675037692833001, 696.18327960910517 ], [ 203.420197964024311, 704.283988793430694 ], [ 209.667879762107987, 704.073879112408918 ], [ 209.667879760963501, 729.38859531927551 ], [ 202.91728877194771, 729.38859531927551 ], [ 201.567170572949294, 739.852011353183229 ], [ 178.277631660380592, 740.527070448994778 ], [ 178.952690761278603, 732.763890814609567 ], [ 168.151745179209314, 731.076243067959808 ], [ 170.851981574917403, 701.373642715938217 ] ] ] } },
{ "type": "Feature", "properties": { "feature_type": "building", "subtype": "no-damage", "uid": "168cdab1-24e4-47a3-a529-74048a5cb2c8" }, "geometry": { "type": "Polygon", "coordinates": [ [ [ 215.347539665352912, 699.633412902967279 ], [ 247.07531731002689, 698.958353805121192 ], [ 246.062728661858898, 728.323424607202469 ], [ 233.911664883334311, 728.323424607202469 ], [ 233.574135334156892, 742.162136135426863 ], [ 211.297185071536489, 740.474488383690755 ], [ 211.284370488238608, 723.298925108754361 ], [ 216.317452506166205, 723.785997559353859 ], [ 215.347539665352912, 699.633412902967279 ] ] ] } },
{ "type": "Feature", "properties": { "feature_type": "building", "subtype": "no-damage", "uid": "1989c20f-7274-486f-8d3b-eed7392c031d" }, "geometry": { "type": "Polygon", "coordinates": [ [ [ 252.556027094236214, 690.400260458073262 ], [ 263.12393415494671, 690.210421526027289 ], [ 263.123934153929383, 699.517670468561278 ], [ 288.818453276525872, 698.067173418848711 ], [ 289.85452259177282, 746.762431432923449 ], [ 285.917459181296692, 746.969645292081736 ], [ 285.710245318959494, 757.123124625827472 ], [ 269.961991663322181, 757.123124622775663 ], [ 270.376419392065884, 749.456211662000214 ], [ 268.925922340954514, 749.663425526244851 ], [ 260.015726196744481, 745.933575975944905 ], [ 260.637367786299478, 736.608952100195097 ], [ 267.889853021384226, 736.816165964439733 ], [ 268.09706688550159, 731.843033233758206 ], [ 261.673437104725394, 732.671888687685055 ], [ 260.637367786299478, 729.770894592329114 ], [ 256.907518239686681, 729.356466868926191 ], [ 255.042593462120408, 727.698755951917178 ], [ 250.069460728768007, 727.284328226479715 ], [ 252.556027094236214, 690.400260458073262 ] ] ] } },
{ "type": "Feature", "properties": { "feature_type": "building", "subtype": "no-damage", "uid": "1062c7b4-3371-49cf-9461-0e7d3086cc46" }, "geometry": { "type": "Polygon", "coordinates": [ [ [ 292.54830282479179, 700.968167515221921 ], [ 306.224417838999727, 700.346525923505283 ], [ 324.447654572777992, 700.010285385332281 ], [ 325.314155713855882, 718.172709861753447 ], [ 324.666451724476985, 734.951241189289703 ], [ 311.404764439012808, 735.572882779989072 ], [ 310.575908983814315, 745.1047205210009 ], [ 291.719447366795919, 744.068651200794875 ], [ 292.54830282479179, 700.968167515221921 ] ] ] } },
{ "type": "Feature", "properties": { "feature_type": "building", "subtype": "no-damage", "uid": "ecfd9537-5209-4dd5-b6fe-5e4b53e27eb9" }, "geometry": { "type": "Polygon", "coordinates": [ [ [ 331.332182410972621, 702.976353728081449 ], [ 354.340483768993124, 702.976353727064179 ], [ 354.604946998969524, 700.067258153708053 ], [ 363.332233719547787, 700.331721388389383 ], [ 363.86116018827471, 743.703691755067666 ], [ 339.001616198420493, 744.232618226464865 ], [ 337.943763262874199, 733.654088869730913 ], [ 330.009866240999315, 723.868949209919947 ], [ 331.332182410972621, 702.976353728081449 ] ] ] } },
{ "type": "Feature", "properties": { "feature_type": "building", "subtype": "no-damage", "uid": "422d8ed5-c5d0-4989-aea0-2bc2994da340" }, "geometry": { "type": "Polygon", "coordinates": [ [ [ 370.697862478211675, 702.874858005259398 ], [ 392.299753642477413, 702.874858005259398 ], [ 393.987401387855698, 699.16203296100241 ], [ 403.438228774614117, 700.174621609806081 ], [ 405.125876521899784, 730.88981061063123 ], [ 387.236810398712691, 731.564869708477318 ], [ 386.72637773792718, 743.486000731863896 ], [ 370.302396191815319, 743.600967112483886 ], [ 370.697862478211675, 702.874858005259398 ] ] ] } },
{ "type": "Feature", "properties": { "feature_type": "building", "subtype": "no-damage", "uid": "1d434c1d-a864-45b5-8e27-0f6f83089f3d" }, "geometry": { "type": "Polygon", "coordinates": [ [ [ 66.934881968326948, 589.740928301095209 ], [ 83.86052894393562, 600.319457659863701 ], [ 77.513411327732683, 611.691376720641642 ], [ 88.091940686375466, 618.038494335699284 ], [ 62.967933459296837, 648.980692707960884 ], [ 47.364602654551668, 636.550920712526931 ], [ 48.422455590733847, 629.410413397494381 ], [ 39.9596321020394, 624.650075184420984 ], [ 44.191043845496523, 618.831884038725889 ], [ 46.835676186969224, 620.418663440710134 ], [ 53.447257035818957, 605.608722339247947 ], [ 66.934881968326948, 589.740928301095209 ] ] ] } },
{ "type": "Feature", "properties": { "feature_type": "building", "subtype": "no-damage", "uid": "cc3e5d14-8227-41f5-9a35-ae4684958c8c" }, "geometry": { "type": "Polygon", "coordinates": [ [ [ 86.505161279050412, 631.526119266806631 ], [ 98.40600681020976, 633.641825139170692 ], [ 103.4308082524974, 619.625273742769764 ], [ 124.323403738662094, 624.914538418084931 ], [ 124.058940501818995, 658.76583236472004 ], [ 120.091991992534602, 662.468317638051076 ], [ 83.331602473047056, 656.385663257674651 ], [ 80.951433369816115, 648.980692705926344 ], [ 86.505161279050412, 631.526119266806631 ] ] ] } },
{ "type": "Feature", "properties": { "feature_type": "building", "subtype": "no-damage", "uid": "935da1d5-5315-4ec5-a004-5165049d9649" }, "geometry": { "type": "Polygon", "coordinates": [ [ [ 130.670521350287288, 625.70792812009438 ], [ 142.306903648291211, 626.236854587422386 ], [ 143.629219813559814, 615.658325227636624 ], [ 164.257352063008597, 615.658325230688433 ], [ 165.050741763746487, 662.203854406421556 ], [ 126.703572839985597, 663.261707340060411 ], [ 127.4969625428852, 656.65012649133871 ], [ 130.406058115860304, 656.385663256657381 ], [ 130.670521350287288, 625.70792812009438 ] ] ] } },
{ "type": "Feature", "properties": { "feature_type": "building", "subtype": "no-damage", "uid": "85d5e27c-4701-4108-81be-eaf2e87bfe14" }, "geometry": { "type": "Polygon", "coordinates": [ [ [ 172.34058307396441, 611.14407410643355 ], [ 192.968715322904586, 612.201927039055136 ], [ 193.762105020590695, 626.747404907870418 ], [ 206.191877016534988, 626.218478441559682 ], [ 205.398487315034089, 653.193728304791762 ], [ 178.423237453069987, 652.664801835429103 ], [ 171.811656604347405, 644.995368051034006 ], [ 172.34058307396441, 611.14407410643355 ] ] ] } },
{ "type": "Feature", "properties": { "feature_type": "building", "subtype": "no-damage", "uid": "978cb286-6b66-40e4-bdc3-41758e36483c" }, "geometry": { "type": "Polygon", "coordinates": [ [ [ 212.5389946318478, 625.160625502834478 ], [ 227.3489357340749, 624.102772569195622 ], [ 228.406788669239802, 610.615147636053621 ], [ 248.505994452886398, 612.466390274753621 ], [ 250.621700325505003, 649.491243029426187 ], [ 249.034920919451508, 648.962316560063641 ], [ 248.770457685278814, 653.458191535403898 ], [ 211.481141695665713, 653.193728301739952 ], [ 212.5389946318478, 625.160625502834478 ] ] ] } },
{ "type": "Feature", "properties": { "feature_type": "building", "subtype": "no-damage", "uid": "4e538e5a-b21b-4fdb-8f24-c254d8dd6f08" }, "geometry": { "type": "Polygon", "coordinates": [ [ [ 252.737406196470602, 614.053169673686057 ], [ 258.555597340513373, 609.02836823203495 ], [ 270.72090610508252, 609.02836823406949 ], [ 278.919266357315507, 612.995316741064471 ], [ 278.654803120853899, 623.573846099832963 ], [ 284.208531035174474, 623.838309334514292 ], [ 284.472994267567003, 652.664801832377293 ], [ 254.059722365045303, 652.135875368101097 ], [ 252.737406196470602, 614.053169673686057 ] ] ] } },
{ "type": "Feature", "properties": { "feature_type": "building", "subtype": "no-damage", "uid": "52267c7b-6e79-4a61-b374-f535505998e5" }, "geometry": { "type": "Polygon", "coordinates": [ [ [ 292.510151929963683, 626.759589743033644 ], [ 304.524605775210773, 625.947802324011377 ], [ 305.336393200463874, 615.232208350803603 ], [ 328.066441015105397, 616.206353256071679 ], [ 327.862147814133891, 634.884774034374459 ], [ 321.085069186387216, 635.202178930161608 ], [ 319.948566796907585, 665.075956060653425 ], [ 305.336393198302176, 664.426526126859812 ], [ 306.310538105096327, 657.607511780827963 ], [ 301.926886026811587, 656.633366875559886 ], [ 300.140953696417625, 664.913598579493851 ], [ 291.86072199095662, 664.101811155385349 ], [ 292.834866897877816, 657.282796811388039 ], [ 290.074789663868614, 653.873289636846152 ], [ 292.510151929963683, 626.759589743033644 ] ] ] } },
{ "type": "Feature", "properties": { "feature_type": "building", "subtype": "no-damage", "uid": "7854d01c-0e7b-4e3e-9c04-f3580521df2a" }, "geometry": { "type": "Polygon", "coordinates": [ [ [ 332.433938640814688, 614.470297198692265 ], [ 349.888512084260185, 614.734760432356325 ], [ 349.888512083370074, 627.957922132851536 ], [ 366.285232590506212, 626.900069194126331 ], [ 367.872011993889316, 637.478598553912093 ], [ 367.343085525543927, 660.222436672416052 ], [ 334.020718043689214, 658.900120506130406 ], [ 331.376085707048617, 649.37944408201804 ], [ 332.433938640814688, 614.470297198692265 ] ] ] } },
{ "type": "Feature", "properties": { "feature_type": "building", "subtype": "no-damage", "uid": "eac3ec86-b1ad-4ac4-bcb0-76147326ae09" }, "geometry": { "type": "Polygon", "coordinates": [ [ [ 371.345081190974611, 614.346022599786124 ], [ 391.673703047942809, 614.375765080536553 ], [ 391.673703049214282, 629.280238302188877 ], [ 405.161327981722309, 630.073628005215596 ], [ 404.896864743226217, 644.883569103625859 ], [ 403.574548577957728, 657.577804332723872 ], [ 398.814210364883593, 657.048877867430406 ], [ 398.584794288764613, 664.872328732499341 ], [ 375.276982541442408, 663.924921947781513 ], [ 376.070372245867873, 647.528201445352465 ], [ 370.775802888289604, 647.233995729920821 ], [ 371.345081190974611, 614.346022599786124 ] ] ] } },
{ "type": "Feature", "properties": { "feature_type": "building", "subtype": "no-damage", "uid": "a567f535-a6d0-46e7-81e3-6a4d46a13c28" }, "geometry": { "type": "Polygon", "coordinates": [ [ [ 52.322337118072561, 528.847603488257619 ], [ 78.239734042964429, 539.95505931638877 ], [ 72.950469366631268, 552.649294543452243 ], [ 85.909167827742039, 559.789801862553759 ], [ 77.710807577543676, 581.475787045384322 ], [ 62.900866473282072, 573.806353259971957 ], [ 59.7273076654985, 563.227823903238004 ], [ 39.892565118694947, 552.384831313857262 ], [ 52.322337118072561, 528.847603488257619 ] ] ] } },
{ "type": "Feature", "properties": { "feature_type": "building", "subtype": "no-damage", "uid": "6d8398e6-2312-431f-a483-207781fdbb82" }, "geometry": { "type": "Polygon", "coordinates": [ [ [ 73.668381359097538, 506.408046120471909 ], [ 104.081653267341395, 499.267538802387719 ], [ 108.577528242046498, 510.639457863165489 ], [ 112.280013519192806, 530.474200409330592 ], [ 112.280013520464394, 538.937023894717754 ], [ 102.759337095206305, 542.639509171100485 ], [ 96.147756243940506, 527.829568070655682 ], [ 92.180807737707894, 528.358494534931992 ], [ 92.180807737962212, 542.110582704789749 ], [ 83.717984252701044, 541.84611946807388 ], [ 76.313013699425824, 524.656009259566417 ], [ 73.668381359097538, 506.408046120471909 ] ] ] } },
{ "type": "Feature", "properties": { "feature_type": "building", "subtype": "no-damage", "uid": "06a6a0f4-0bc2-494d-a581-4b2900d95680" }, "geometry": { "type": "Polygon", "coordinates": [ [ [ 137.993969943910514, 504.135525845514678 ], [ 168.661621797952108, 505.586022893192592 ], [ 168.868835656983208, 534.38874997436892 ], [ 165.967841563534307, 547.236009531087689 ], [ 148.561876998771709, 547.236009531087689 ], [ 145.45366904069661, 537.911385653303341 ], [ 136.750686759968403, 535.839247018995025 ], [ 137.993969943910514, 504.135525845514678 ] ] ] } },
{ "type": "Feature", "properties": { "feature_type": "building", "subtype": "no-damage", "uid": "2c4fa8b3-641b-4333-8124-4f9c4877d34b" }, "geometry": { "type": "Polygon", "coordinates": [ [ [ 173.966586644721787, 511.791318595121993 ], [ 203.352405574718205, 511.028050572403117 ], [ 201.57144684986929, 519.04236482468491 ], [ 204.497307609941089, 519.423998835535713 ], [ 205.26057563520331, 532.272343906847937 ], [ 202.970771563485812, 532.145132572610351 ], [ 202.46192621229369, 537.742431414359658 ], [ 208.949704417103987, 537.615220075035836 ], [ 208.695281743033888, 543.339730257126234 ], [ 204.751730286045813, 543.721364271028961 ], [ 205.006152959607306, 554.407116608421916 ], [ 186.306086370565794, 556.060863993183602 ], [ 186.051663691663606, 541.940405549995035 ], [ 176.63802472754449, 541.431560199820296 ], [ 173.076107285730586, 534.434936642801631 ], [ 173.966586644721787, 511.791318595121993 ] ] ] } },
{ "type": "Feature", "properties": { "feature_type": "building", "subtype": "no-damage", "uid": "649cd59d-0de5-42a4-94a7-bbdea4f6095e" }, "geometry": { "type": "Polygon", "coordinates": [ [ [ 215.691905296747393, 511.40968458325392 ], [ 249.911755041833004, 511.409684582236707 ], [ 245.204935562888807, 530.109751172928782 ], [ 244.187244861267601, 554.152693933843125 ], [ 213.910946572025807, 555.679229982332799 ], [ 215.691905296747393, 511.40968458325392 ] ] ] } },
{ "type": "Feature", "properties": { "feature_type": "building", "subtype": "no-damage", "uid": "82dcc921-e18a-4dd5-aeeb-9448a044938d" }, "geometry": { "type": "Polygon", "coordinates": [ [ [ 255.585874609445199, 516.261634345561447 ], [ 272.577411450550528, 516.261634344544177 ], [ 286.460740327477083, 517.297703663732932 ], [ 286.253526466284313, 530.973818678447515 ], [ 287.911237377698512, 556.461123935778573 ], [ 254.964233019000091, 556.66833780002321 ], [ 252.892094383419902, 533.874812772786186 ], [ 255.585874609445199, 516.261634345561447 ] ] ] } },
{ "type": "Feature", "properties": { "feature_type": "building", "subtype": "no-damage", "uid": "564c5589-791d-4b15-aca1-b58c084abef2" }, "geometry": { "type": "Polygon", "coordinates": [ [ [ 300.965710800443901, 513.153426386978254 ], [ 330.182865605281393, 512.117357068806768 ], [ 330.390079470543299, 527.451182996461284 ], [ 329.56122401229311, 528.901680042104658 ], [ 330.597293335550887, 541.74893960085808 ], [ 321.687097187780523, 543.613864379059805 ], [ 322.101524916269909, 557.082765527495212 ], [ 294.12765329346712, 557.704407120229121 ], [ 293.920439427060728, 537.190234595614015 ], [ 300.551283072463093, 534.910882091974827 ], [ 300.965710800443901, 513.153426386978254 ] ] ] } },
{ "type": "Feature", "properties": { "feature_type": "building", "subtype": "no-damage", "uid": "f5375fde-8d35-4912-b402-c4ce17f115c9" }, "geometry": { "type": "Polygon", "coordinates": [ [ [ 333.584524358091528, 516.139535911006647 ], [ 348.918350282950598, 516.761177503740669 ], [ 348.711136420486184, 508.887050675668718 ], [ 367.360384167283485, 509.715906132647319 ], [ 369.225308944722599, 516.139535911006647 ], [ 368.396453489015528, 519.662171597061956 ], [ 367.360384167156326, 535.617639117450381 ], [ 365.495459394294983, 559.44723345878981 ], [ 345.810142323476782, 558.411164138583899 ], [ 345.810142324621211, 550.744251176791181 ], [ 338.557657090299472, 550.329823448301909 ], [ 338.972084818407382, 547.636043219225144 ], [ 332.341241174530921, 546.18554617459904 ], [ 333.584524358091528, 516.139535911006647 ] ] ] } },
{ "type": "Feature", "properties": { "feature_type": "building", "subtype": "no-damage", "uid": "a8fa8987-7bed-4fe3-83d4-7598e84c66d8" }, "geometry": { "type": "Polygon", "coordinates": [ [ [ 374.902280163441219, 517.717283504502007 ], [ 384.687419821218896, 516.923893803509941 ], [ 384.687419822236222, 512.69248206183363 ], [ 392.621316839787823, 512.163555592470971 ], [ 392.621316842585315, 514.543724697481821 ], [ 408.753574112115416, 514.279261465852301 ], [ 409.546963816032189, 546.543776009485896 ], [ 390.770074201341799, 545.750386305442021 ], [ 389.712221269228678, 559.502474471230698 ], [ 374.637816931430223, 557.915695066194758 ], [ 374.373353697130312, 546.808239242132686 ], [ 378.075838974530882, 544.42807013508741 ], [ 374.637816933846182, 542.047901031093829 ], [ 374.902280163441219, 517.717283504502007 ] ] ] } },
{ "type": "Feature", "properties": { "feature_type": "building", "subtype": "no-damage", "uid": "115eb521-2752-4142-93a0-7dd876bf915c" }, "geometry": { "type": "Polygon", "coordinates": [ [ [ 15.503297689822141, 419.659173733921818 ], [ 37.718209342018312, 419.923636968603091 ], [ 37.982672578734167, 431.824482496708981 ], [ 46.445496062850921, 441.609622154485521 ], [ 46.97442253170496, 460.915438230270581 ], [ 41.420694621962028, 460.386511760907979 ], [ 40.098378449826939, 473.87413669404998 ], [ 45.387643126668749, 476.78323226740622 ], [ 44.594253425422217, 485.246055752793325 ], [ 36.131429942704223, 483.659276351826406 ], [ 35.338040238024419, 491.064246901540173 ], [ 14.445444755928809, 490.799783666858787 ], [ 15.503297689822141, 419.659173733921818 ] ] ] } },
{ "type": "Feature", "properties": { "feature_type": "building", "subtype": "no-damage", "uid": "6a79f81e-f5cc-4060-bbce-eba8999d4295" }, "geometry": { "type": "Polygon", "coordinates": [ [ [ 62.146970597732192, 431.478355304850822 ], [ 81.101411187535021, 431.909138043314272 ], [ 82.393759409538134, 451.294361382005093 ], [ 94.455676152387696, 450.863578638455181 ], [ 94.886458894411746, 470.248801973076979 ], [ 92.732545189377788, 487.480111605208208 ], [ 55.254446741750662, 485.326197897631289 ], [ 56.977577706667937, 431.478355304850822 ], [ 62.146970597732192, 431.478355304850822 ] ] ] } },
{ "type": "Feature", "properties": { "feature_type": "building", "subtype": "no-damage", "uid": "8fd32510-1d85-4c3f-a03b-349c9bf78fcc" }, "geometry": { "type": "Polygon", "coordinates": [ [ [ 98.332720819668609, 433.201486267860389 ], [ 111.256203045294697, 434.063051750891077 ], [ 111.686985783885504, 419.847221306315703 ], [ 131.502991858880904, 421.139569523740875 ], [ 132.364557343056106, 471.110367455090511 ], [ 107.379158377250803, 469.387236494115314 ], [ 97.683770506739862, 460.771581676015217 ], [ 98.332720819668609, 433.201486267860389 ] ] ] } },
{ "type": "Feature", "properties": { "feature_type": "building", "subtype": "no-damage", "uid": "aa23b3c9-08bf-4fc3-96c7-65b8fa295800" }, "geometry": { "type": "Polygon", "coordinates": [ [ [ 140.697119729685909, 424.842029419308119 ], [ 156.564913764534708, 424.577566186661386 ], [ 157.358303469595995, 436.478411714767276 ], [ 170.052538698187107, 437.007338182095395 ], [ 172.961634271543687, 452.081742517221528 ], [ 170.581465163735089, 483.552867354776708 ], [ 138.845877090349887, 486.197499696503314 ], [ 136.730171219129886, 457.899933662916624 ], [ 140.697119729685909, 424.842029419308119 ] ] ] } },
{ "type": "Feature", "properties": { "feature_type": "building", "subtype": "no-damage", "uid": "7241d298-061f-46ee-af9f-be994cd622d0" }, "geometry": { "type": "Polygon", "coordinates": [ [ [ 179.308751886983714, 433.569316141411207 ], [ 191.209597412675208, 433.569316138359284 ], [ 191.209597415345513, 426.9577352876031 ], [ 213.424509067033114, 427.48666175493122 ], [ 212.366656129706513, 451.288352813177596 ], [ 211.308803197211887, 461.073492468919483 ], [ 211.044339961767605, 481.437161485464401 ], [ 179.837678354438992, 474.561117400026887 ], [ 179.308751886983714, 433.569316141411207 ] ] ] } },
{ "type": "Feature", "properties": { "feature_type": "building", "subtype": "no-damage", "uid": "de7c5509-83b8-405e-92e4-497d731d0edb" }, "geometry": { "type": "Polygon", "coordinates": [ [ [ 219.771626681074309, 425.106492651954909 ], [ 243.573317739959805, 428.015588224293822 ], [ 243.837780969300496, 439.916433752399712 ], [ 256.532016202214891, 440.709823456443587 ], [ 253.622920628604106, 466.098293913622513 ], [ 236.697273654521297, 467.156146851330391 ], [ 235.903883954292098, 479.32145561411761 ], [ 216.862531106446198, 477.20574973971901 ], [ 219.771626681074309, 425.106492651954909 ] ] ] } },
{ "type": "Feature", "properties": { "feature_type": "building", "subtype": "no-damage", "uid": "36aebb10-7d2d-48a4-810d-a0bff3901111" }, "geometry": { "type": "Polygon", "coordinates": [ [ [ 261.402178473299728, 438.483334667848908 ], [ 269.682410177489089, 438.645692154094775 ], [ 269.357695213644092, 427.280668242007096 ], [ 296.958467557551273, 427.280668242007096 ], [ 296.796110076391699, 466.895894436369474 ], [ 279.748574212199799, 467.87003934265482 ], [ 278.44971433787299, 479.722135705341998 ], [ 258.479743756477774, 479.884493187518785 ], [ 259.291531177789011, 439.295122089922927 ], [ 261.402178473299728, 438.483334667848908 ] ] ] } },
{ "type": "Feature", "properties": { "feature_type": "building", "subtype": "no-damage", "uid": "68f13e1c-3a41-404e-aea8-19fc8a3555e8" }, "geometry": { "type": "Polygon", "coordinates": [ [ [ 299.622867354565187, 428.855106600335318 ], [ 321.308852543248008, 428.855106600335318 ], [ 321.573315774241792, 441.020415362105325 ], [ 335.325403939142177, 442.342731531442723 ], [ 335.325403939905186, 456.888209399240793 ], [ 333.474161304129609, 456.888209402292603 ], [ 333.474161300950584, 470.111371096684081 ], [ 303.854279099039616, 471.698150496633787 ], [ 303.060889400336293, 447.896459445508185 ], [ 299.358404123952994, 446.838606508817577 ], [ 299.622867354565187, 428.855106600335318 ] ] ] } },
{ "type": "Feature", "properties": { "feature_type": "building", "subtype": "no-damage", "uid": "4a800a33-804c-4b0b-b137-9699a1c26c0c" }, "geometry": { "type": "Polygon", "coordinates": [ [ [ 341.408058322443992, 437.053466854093017 ], [ 348.019639172819723, 437.582393319386483 ], [ 349.077492104932787, 427.532790429980594 ], [ 377.110594905367975, 427.532790427946111 ], [ 376.846131672212607, 436.260077150049085 ], [ 372.614719930789988, 436.260077152083625 ], [ 372.879183160893604, 467.466738756992015 ], [ 359.656021466627408, 467.731201988621478 ], [ 359.656021465482979, 475.400635775051114 ], [ 340.614668622341981, 474.607246076093588 ], [ 341.408058322443992, 437.053466854093017 ] ] ] } },
{ "type": "Feature", "properties": { "feature_type": "building", "subtype": "no-damage", "uid": "9cc4005b-e1af-4fcb-97fe-7af3b402f98b" }, "geometry": { "type": "Polygon", "coordinates": [ [ [ 378.317466180770282, 430.410149133703214 ], [ 379.778683538036773, 426.351212028419582 ], [ 404.619378655818593, 426.026497056945118 ], [ 403.645233748515921, 435.767946123867489 ], [ 399.911011604279224, 435.767946123867489 ], [ 399.911011604024907, 437.391520962929178 ], [ 410.626605576343991, 437.391520962929178 ], [ 410.139533123074102, 457.523849032602072 ], [ 412.737252872999193, 456.874419094739494 ], [ 414.036112747961681, 472.460737597339403 ], [ 411.600750480849285, 472.947810050990711 ], [ 412.087822935136387, 493.404853084000024 ], [ 375.719746428810822, 493.2424955977541 ], [ 376.369176366037721, 439.826883230168391 ], [ 378.317466181787609, 439.664525749008874 ], [ 378.317466180770282, 430.410149133703214 ] ] ] } },
{ "type": "Feature", "properties": { "feature_type": "building", "subtype": "no-damage", "uid": "57ff1a0b-a1f9-4815-b259-1b4dde1aea87" }, "geometry": { "type": "Polygon", "coordinates": [ [ [ 544.761770502056379, 909.313855603407433 ], [ 558.399799191324519, 907.20320830459093 ], [ 576.259122475555955, 908.50206818133347 ], [ 591.845440975487691, 909.63857057386474 ], [ 591.196011039913742, 927.822608825880593 ], [ 575.122620085186327, 926.848463917560821 ], [ 574.310832662349299, 943.084212357006095 ], [ 546.22298786301053, 941.135922547487212 ], [ 543.138195655110735, 936.752270469711789 ], [ 536.156823829317091, 934.479265686683902 ], [ 537.293326218542347, 920.191807060826591 ], [ 544.43705553147197, 920.841236996654629 ], [ 544.761770502056379, 909.313855603407433 ] ] ] } },
{ "type": "Feature", "properties": { "feature_type": "building", "subtype": "no-damage", "uid": "0088a151-8cd5-4e25-9a47-8c2af5d6857a" }, "geometry": { "type": "Polygon", "coordinates": [ [ [ 541.10057339085165, 881.029504301512702 ], [ 550.010769538876389, 881.443932035088324 ], [ 550.839624990768698, 868.182244745811204 ], [ 562.443601370159399, 868.182244747845743 ], [ 562.650815232750915, 866.52453383592308 ], [ 568.452803424862282, 866.52453383388854 ], [ 568.452803423845012, 868.803886337527842 ], [ 593.732894816172006, 869.839955656716484 ], [ 592.696825494694281, 888.07477567972694 ], [ 582.336132303314798, 888.903631128567326 ], [ 581.714490708291919, 907.138451151577669 ], [ 549.803555672978632, 905.48074024067239 ], [ 548.974700217907298, 899.264324329609394 ], [ 538.406793160757275, 897.813827277862401 ], [ 541.10057339085165, 881.029504301512702 ] ] ] } },
{ "type": "Feature", "properties": { "feature_type": "building", "subtype": "no-damage", "uid": "834fc180-8378-403d-a04f-d19cf806e223" }, "geometry": { "type": "Polygon", "coordinates": [ [ [ 457.264770842316295, 851.254157182260542 ], [ 495.743494645678595, 852.87773202640858 ], [ 495.094064707434427, 869.600552921539702 ], [ 505.16022873883901, 870.737055311019049 ], [ 504.348441317527772, 881.615006765386397 ], [ 493.145774893464704, 881.777364248580511 ], [ 492.171629986797825, 886.972803752498862 ], [ 464.733215123414425, 885.511586392562208 ], [ 464.733215123923003, 879.991431924290168 ], [ 455.803553483269582, 878.854929534810822 ], [ 457.264770842316295, 851.254157182260542 ] ] ] } },
{ "type": "Feature", "properties": { "feature_type": "building", "subtype": "no-damage", "uid": "35b840f5-a3fe-4a2c-9abe-8a94a9ed3f4d" }, "geometry": { "type": "Polygon", "coordinates": [ [ [ 551.773335242926237, 828.525042984519473 ], [ 580.576062316985485, 829.561112300656305 ], [ 581.197703911626832, 842.615585725688788 ], [ 595.49546051666141, 844.066082770315006 ], [ 594.666605064768987, 866.445180070080028 ], [ 575.810143450039391, 866.030752339556216 ], [ 566.692733441966311, 858.571053245059943 ], [ 552.602190695327181, 858.571053245059943 ], [ 551.773335242926237, 828.525042984519473 ] ] ] } },
{ "type": "Feature", "properties": { "feature_type": "building", "subtype": "no-damage", "uid": "f00e044f-35e7-4292-960f-ef2f92d2ad1f" }, "geometry": { "type": "Polygon", "coordinates": [ [ [ 457.32205581837502, 828.188495211319605 ], [ 469.473119598171081, 828.188495211319605 ], [ 469.810649148874518, 814.012254135189437 ], [ 485.674537974708301, 813.674724587283663 ], [ 502.888544992928416, 815.699901883873736 ], [ 500.525838148178025, 846.077561331706875 ], [ 477.23629923408339, 847.76520908039106 ], [ 455.296878519623021, 847.76520908039106 ], [ 457.32205581837502, 828.188495211319605 ] ] ] } },
{ "type": "Feature", "properties": { "feature_type": "building", "subtype": "no-damage", "uid": "3b332c69-d242-4408-98c4-64bc20d0cb77" }, "geometry": { "type": "Polygon", "coordinates": [ [ [ 457.322055817866385, 774.858826399081181 ], [ 476.223710585533922, 773.84623775027751 ], [ 476.223710589348627, 775.871415048902008 ], [ 499.850779048551487, 780.934358286816632 ], [ 499.513249502171618, 809.624369992069091 ], [ 471.160767344566807, 809.961899542009405 ], [ 472.17335599591371, 796.123188014802281 ], [ 458.33464446730602, 795.448128913904384 ], [ 457.322055817866385, 774.858826399081181 ] ] ] } },
{ "type": "Feature", "properties": { "feature_type": "building", "subtype": "no-damage", "uid": "62bd677b-7ded-4d4f-9b03-21585d608621" }, "geometry": { "type": "Polygon", "coordinates": [ [ [ 554.086948164314663, 789.314613440109724 ], [ 595.73693479992653, 789.936255029791937 ], [ 594.700865484552537, 815.21634641982655 ], [ 584.340172288086706, 815.009132557616454 ], [ 583.096889103890248, 825.784253479009635 ], [ 551.600381797066234, 823.090473248915714 ], [ 554.086948164314663, 789.314613440109724 ] ] ] } },
{ "type": "Feature", "properties": { "feature_type": "building", "subtype": "no-damage", "uid": "0ec9dbce-668f-4b0a-9e45-7e7cfa24dac8" }, "geometry": { "type": "Polygon", "coordinates": [ [ [ 551.35238468552609, 750.206292152716401 ], [ 565.633399318390502, 746.768270112032155 ], [ 581.5011933519678, 750.470755384345807 ], [ 582.294583054231566, 767.925328828551869 ], [ 591.550796243409536, 767.396402359189324 ], [ 592.079722710737656, 765.809622956187809 ], [ 597.104524155441368, 765.280696489877073 ], [ 595.624142013278174, 786.609503315672214 ], [ 551.07316128345451, 783.708509218281733 ], [ 551.35238468552609, 750.206292152716401 ] ] ] } },
{ "type": "Feature", "properties": { "feature_type": "building", "subtype": "no-damage", "uid": "8e7aacb4-c688-4d9a-a89a-b403583686b8" }, "geometry": { "type": "Polygon", "coordinates": [ [ [ 460.847692926254808, 733.984086155543196 ], [ 500.787634090316885, 735.770018482885234 ], [ 499.975846669514283, 752.330481895839512 ], [ 511.827943027116817, 753.142269314861778 ], [ 511.016155606060011, 769.053302784867014 ], [ 500.462919123420022, 767.916800398439477 ], [ 500.462919122911387, 769.540375239535592 ], [ 461.172407895440472, 768.403872851073515 ], [ 460.360620476672523, 753.466984284301702 ], [ 468.478494696904875, 753.791699252724356 ], [ 469.939712052009725, 745.998540001424431 ], [ 460.198262988646377, 746.323254970864355 ], [ 460.847692926254808, 733.984086155543196 ] ] ] } },
{ "type": "Feature", "properties": { "feature_type": "building", "subtype": "no-damage", "uid": "224b1a73-128b-4555-bf91-345b1fd7d019" }, "geometry": { "type": "Polygon", "coordinates": [ [ [ 555.771038332146645, 713.903030702509682 ], [ 579.069756302879455, 714.939100023732976 ], [ 580.503512823542678, 708.097057877360839 ], [ 610.880172815299147, 709.819281018952324 ], [ 610.452247990492879, 731.332341951617536 ], [ 583.952123817286747, 731.101781402262418 ], [ 582.294412906381126, 745.606751874972815 ], [ 554.113327422894145, 744.156254828312171 ], [ 555.771038332146645, 713.903030702509682 ] ] ] } },
{ "type": "Feature", "properties": { "feature_type": "building", "subtype": "no-damage", "uid": "dd2f40b2-b202-45f6-ad83-1d8be82d1a89" }, "geometry": { "type": "Polygon", "coordinates": [ [ [ 459.577436934923128, 696.154711884744074 ], [ 478.404714860872616, 695.773077869824192 ], [ 478.404714862398521, 697.681247931199209 ], [ 495.705456739730892, 698.190093282391103 ], [ 497.740838136360992, 698.190093281373834 ], [ 502.320446283738022, 701.752010724458842 ], [ 500.030642212147598, 731.901097681366423 ], [ 472.807416017342291, 731.901097678314613 ], [ 472.934627356539011, 718.798329931406442 ], [ 459.704648268906396, 718.798329933440982 ], [ 459.577436934923128, 696.154711884744074 ] ] ] } },
{ "type": "Feature", "properties": { "feature_type": "building", "subtype": "no-damage", "uid": "b08555de-13ba-4e32-8b0c-3b463fd64420" }, "geometry": { "type": "Polygon", "coordinates": [ [ [ 462.93633831221041, 669.260541937130597 ], [ 471.713920590136922, 669.260541937130597 ], [ 472.222765938658711, 658.574789598720372 ], [ 504.02560027422868, 660.228536983482059 ], [ 508.732419759785103, 661.119016346542139 ], [ 508.350785746391125, 673.840150080564968 ], [ 502.626275564935611, 673.840150083616777 ], [ 502.117430213870705, 677.529278865008337 ], [ 508.096363072575286, 677.529278861956641 ], [ 508.477997084443416, 692.667428006511841 ], [ 476.039106060010511, 692.667428006511841 ], [ 475.91189471954209, 691.649737311248714 ], [ 467.388735117593114, 691.522525972942162 ], [ 467.261523780049401, 693.557907369571922 ], [ 460.519322903839281, 693.049062021431723 ], [ 462.93633831221041, 669.260541937130597 ] ] ] } },
{ "type": "Feature", "properties": { "feature_type": "building", "subtype": "no-damage", "uid": "d1fc3be3-4c5c-4b3a-8a48-70d8f31bae53" }, "geometry": { "type": "Polygon", "coordinates": [ [ [ 553.395878426095692, 669.192602072570139 ], [ 567.520979569778092, 667.731384712633485 ], [ 585.705017821542242, 668.867887104147485 ], [ 585.217945369416725, 680.232911011148758 ], [ 587.16623518211486, 684.129490637307413 ], [ 587.54551908076246, 686.040951387034738 ], [ 596.832236128999511, 686.237860773420152 ], [ 596.420611789665031, 705.885393545024726 ], [ 550.311086219976119, 704.586533671333996 ], [ 553.071163457672924, 679.908196041708834 ], [ 544.141501814349226, 680.232911010131488 ], [ 543.816786846435093, 671.140891889209911 ], [ 553.395878426095692, 669.192602072570139 ] ] ] } },
{ "type": "Feature", "properties": { "feature_type": "building", "subtype": "no-damage", "uid": "1e199b14-1740-4100-ae99-2f305ab7a560" }, "geometry": { "type": "Polygon", "coordinates": [ [ [ 460.764038485991875, 618.737737225764818 ], [ 485.951883283277027, 617.338412512529999 ], [ 485.951883281751122, 623.444556706488584 ], [ 502.234934463947525, 622.17244333461224 ], [ 502.870991153191824, 626.243206130923681 ], [ 512.411841452184376, 625.988783453293195 ], [ 512.030207442223627, 641.762989283278102 ], [ 515.84654755963345, 644.688850042967942 ], [ 515.846547558997713, 647.869133478253957 ], [ 506.687331270601703, 648.2507674911393 ], [ 505.542429235633108, 651.939896274565399 ], [ 501.217243764360774, 655.501813718667563 ], [ 474.248440249729185, 655.501813718667563 ], [ 474.757285599013926, 642.017411962943129 ], [ 460.255193138741674, 641.890200625653733 ], [ 460.764038485991875, 618.737737225764818 ] ] ] } },
{ "type": "Feature", "properties": { "feature_type": "building", "subtype": "no-damage", "uid": "f0fb53f7-5766-4927-b4d6-302d0c0d1e3a" }, "geometry": { "type": "Polygon", "coordinates": [ [ [ 553.602120801476872, 629.1384064818958 ], [ 594.423251984560579, 629.967261936839805 ], [ 593.387182668042101, 646.958798771330635 ], [ 582.404847880749685, 647.166012635575271 ], [ 581.368778561433714, 665.60804652181298 ], [ 551.115554437788887, 665.60804652181298 ], [ 551.115554438424624, 663.743121745645794 ], [ 539.51157806094136, 663.535907882418428 ], [ 539.718791926330482, 650.067006732965638 ], [ 547.800132614324752, 650.067006730931098 ], [ 547.800132615342022, 628.723978753406527 ], [ 553.602120801476872, 629.1384064818958 ] ] ] } },
{ "type": "Feature", "properties": { "feature_type": "building", "subtype": "no-damage", "uid": "261e0afa-6806-4865-be97-c3b6ed85da29" }, "geometry": { "type": "Polygon", "coordinates": [ [ [ 463.881151988974807, 588.626124447944562 ], [ 472.319390726675124, 587.951065352133014 ], [ 472.656920273817889, 579.850356162721141 ], [ 501.346931979837279, 582.213063009251528 ], [ 501.009402430659918, 603.477424624972627 ], [ 496.959047834808928, 603.477424624972627 ], [ 497.296577386402419, 613.26578156103426 ], [ 463.206092891764513, 614.278370205768852 ], [ 463.881151988974807, 588.626124447944562 ] ] ] } },
{ "type": "Feature", "properties": { "feature_type": "building", "subtype": "no-damage", "uid": "3c94e20b-5729-4814-bfd2-64a348a58159" }, "geometry": { "type": "Polygon", "coordinates": [ [ [ 558.051896290214927, 589.638713095730964 ], [ 588.092026192180924, 589.638713095730964 ], [ 588.092026189002013, 604.827542821682073 ], [ 598.555442226344326, 604.827542821682073 ], [ 597.880383123411889, 626.76696353626653 ], [ 581.003905651063064, 626.76696353626653 ], [ 579.991317002386495, 621.366490747394323 ], [ 550.288716650615129, 621.028961197454009 ], [ 549.951187103345092, 600.777188229519311 ], [ 558.726955387552493, 601.452247325330859 ], [ 558.051896290214927, 589.638713095730964 ] ] ] } },
{ "type": "Feature", "properties": { "feature_type": "building", "subtype": "no-damage", "uid": "02385588-174e-4453-a63e-9021b6e40f70" }, "geometry": { "type": "Polygon", "coordinates": [ [ [ 461.385980542822494, 539.915799196631497 ], [ 500.876937830275324, 542.953565141007857 ], [ 501.889526477171728, 576.368990541355515 ], [ 471.511867026028312, 576.368990539320976 ], [ 469.149160178607588, 564.555456308703924 ], [ 460.035862345095723, 564.892985857626968 ], [ 461.385980542822494, 539.915799196631497 ] ] ] } },
{ "type": "Feature", "properties": { "feature_type": "building", "subtype": "no-damage", "uid": "47dd7247-c93c-4d7f-8e7c-74a4913c0dca" }, "geometry": { "type": "Polygon", "coordinates": [ [ [ 557.154228241067244, 549.048092207102968 ], [ 574.145765079247781, 547.597595159425055 ], [ 583.884816680054996, 549.462519934574971 ], [ 598.389787150860002, 551.534658569900557 ], [ 599.011428743212605, 567.282912225027076 ], [ 585.542527589053179, 567.282912225027076 ], [ 585.335313728623305, 585.103304519548146 ], [ 556.118158923658598, 584.688876791058874 ], [ 555.496517327491347, 576.400322237549517 ], [ 547.00074891100769, 574.742611326644123 ], [ 547.000748909990421, 563.55306267676167 ], [ 556.325372784470005, 563.345848811499764 ], [ 557.154228241067244, 549.048092207102968 ] ] ] } },
{ "type": "Feature", "properties": { "feature_type": "building", "subtype": "no-damage", "uid": "8cdcc71e-cb6a-49ea-be8d-65e4bb7b63a2" }, "geometry": { "type": "Polygon", "coordinates": [ [ [ 465.320531261712574, 521.969720584603351 ], [ 473.783354746719397, 521.969720584603351 ], [ 474.047817983816685, 505.308536845458377 ], [ 505.518942824427995, 506.36638977909729 ], [ 504.725553123435816, 539.159830793110814 ], [ 461.385980542822494, 539.915799196631497 ], [ 465.320531261712574, 521.969720584603351 ] ] ] } },
{ "type": "Feature", "properties": { "feature_type": "building", "subtype": "no-damage", "uid": "e1a93de7-529c-4039-9438-ee5f800f47a9" }, "geometry": { "type": "Polygon", "coordinates": [ [ [ 463.198990376088886, 465.384539546832627 ], [ 481.226596530660913, 465.177325681570721 ], [ 481.226596529389326, 470.979313873299816 ], [ 504.848977013226715, 473.465880236097291 ], [ 504.43454928766198, 502.061393454046197 ], [ 479.361671756782187, 501.646965724539712 ], [ 477.496746982776415, 499.989254815668914 ], [ 477.496746981123408, 491.493486397914921 ], [ 461.334065597759718, 490.457417076691627 ], [ 463.198990376088886, 465.384539546832627 ] ] ] } },
{ "type": "Feature", "properties": { "feature_type": "building", "subtype": "no-damage", "uid": "19227994-fb8c-4493-865b-bc13bbfc1993" }, "geometry": { "type": "Polygon", "coordinates": [ [ [ 557.346235810704911, 510.219255782456173 ], [ 585.908265076052203, 508.368013143756173 ], [ 588.023970948416604, 518.417616034179332 ], [ 599.92481647576119, 519.739932205551327 ], [ 601.776059110900974, 529.525071861293213 ], [ 601.511595878762819, 544.335012966824365 ], [ 558.404088744343881, 545.657329133110011 ], [ 548.883412323282073, 544.335012963772556 ], [ 548.090022618602234, 520.268858674913986 ], [ 557.346235809560426, 519.739932205551327 ], [ 557.346235810704911, 510.219255782456173 ] ] ] } },
{ "type": "Feature", "properties": { "feature_type": "building", "subtype": "no-damage", "uid": "090998b3-fd80-4b7d-ba8b-a58e3a569ac2" }, "geometry": { "type": "Polygon", "coordinates": [ [ [ 479.358327911134609, 426.32261137206882 ], [ 510.440407492393888, 426.737039102592576 ], [ 511.062049084365015, 437.304946157706695 ], [ 508.782696583268489, 440.827581843762005 ], [ 505.67448862404899, 442.485292753650128 ], [ 505.052847032459511, 447.872853215872624 ], [ 509.404338175621092, 448.908922536078478 ], [ 508.575482718261014, 462.170609821286575 ], [ 483.917032919685312, 460.720112773608605 ], [ 483.610145645421426, 463.720780279746691 ], [ 465.967951808672012, 463.222413224818581 ], [ 466.796807268066573, 443.951523885671293 ], [ 479.644066828601922, 443.744310021426713 ], [ 479.358327911134609, 426.32261137206882 ] ] ] } },
{ "type": "Feature", "properties": { "feature_type": "building", "subtype": "no-damage", "uid": "5d5239ac-1193-4cd9-a2e0-c882d04a4f28" }, "geometry": { "type": "Polygon", "coordinates": [ [ [ 561.314686998931734, 471.993338297038008 ], [ 587.496547161683907, 474.637970633678322 ], [ 587.761010397636824, 469.613169191009888 ], [ 603.628804432231391, 470.935485358312803 ], [ 605.480047070168666, 492.357007312565713 ], [ 601.513098559866989, 492.885933779893719 ], [ 600.190782391165158, 511.6628233893681 ], [ 589.313232800684432, 510.604970452677378 ], [ 587.718458216725253, 506.817380818540528 ], [ 561.005983938905388, 503.528158236279978 ], [ 560.356554000025426, 494.760854078694706 ], [ 553.375182170544235, 494.598496595500592 ], [ 553.862254623432591, 481.609897842316684 ], [ 557.758834251753456, 481.934612810739509 ], [ 557.758834252389306, 475.440313437199279 ], [ 559.707124063180004, 475.765028403587507 ], [ 561.314686998931734, 471.993338297038008 ] ] ] } },
{ "type": "Feature", "properties": { "feature_type": "building", "subtype": "no-damage", "uid": "635fd1ad-cab9-4b45-9440-4053e0e13f98" }, "geometry": { "type": "Polygon", "coordinates": [ [ [ 560.121182515807504, 427.969344874752323 ], [ 590.836371516636859, 428.981933525590478 ], [ 590.836371513076415, 448.89617694155038 ], [ 603.324964843703015, 450.246295139277095 ], [ 604.337553495431393, 466.785243061937592 ], [ 558.77106431693619, 465.772654416185787 ], [ 560.121182515807504, 427.969344874752323 ] ] ] } },
{ "type": "Feature", "properties": { "feature_type": "building", "subtype": "no-damage", "uid": "518c284b-639d-4aa1-8a26-580957c7c160" }, "geometry": { "type": "Polygon", "coordinates": [ [ [ 655.988554350797017, 915.001070293455882 ], [ 665.105964357598623, 915.208284157700518 ], [ 665.105964358234473, 916.865995069623182 ], [ 688.935558706697975, 918.730919841721288 ], [ 688.106703251753856, 960.588120346912774 ], [ 673.187305051569297, 960.795334208105601 ], [ 674.016160504733193, 952.092351926106971 ], [ 666.970889135292055, 951.677924197617699 ], [ 664.691536629617872, 947.948074649352293 ], [ 654.74527116723641, 946.912005328129112 ], [ 655.988554350797017, 915.001070293455882 ] ] ] } },
{ "type": "Feature", "properties": { "feature_type": "building", "subtype": "no-damage", "uid": "b1395d1f-4c1d-47b3-9862-32fad76131ba" }, "geometry": { "type": "Polygon", "coordinates": [ [ [ 750.850259462052009, 924.391380741236162 ], [ 766.189127028428288, 925.713696906504538 ], [ 766.189127031734415, 919.102116060834646 ], [ 778.618899025389851, 918.837652827170587 ], [ 778.089972557298779, 923.333527802510957 ], [ 790.784207791484846, 923.597991037192287 ], [ 788.139575447341826, 954.540189409453887 ], [ 770.94946523984936, 955.862505578791342 ], [ 769.098222607125535, 969.879056981295889 ], [ 751.114722697877824, 968.027814341578619 ], [ 750.850259462052009, 924.391380741236162 ] ] ] } },
{ "type": "Feature", "properties": { "feature_type": "building", "subtype": "no-damage", "uid": "262e5edc-33c5-4ee4-aae7-f0854917adf5" }, "geometry": { "type": "Polygon", "coordinates": [ [ [ 848.188831406932877, 939.136837532943787 ], [ 903.877448553230693, 940.110982439229133 ], [ 903.715091072325436, 945.955851875923827 ], [ 893.324212071608031, 947.741784207334945 ], [ 894.298356978656443, 977.940276303197606 ], [ 885.531052818526746, 979.23913618095753 ], [ 860.852715189915557, 977.290846366352298 ], [ 860.040927767078529, 966.737609883459413 ], [ 847.539401469324503, 966.899967365636257 ], [ 848.188831406932877, 939.136837532943787 ] ] ] } },
{ "type": "Feature", "properties": { "feature_type": "building", "subtype": "no-damage", "uid": "3b04b8b4-f0b7-479a-899e-eb1c269d6186" }, "geometry": { "type": "Polygon", "coordinates": [ [ [ 914.754822904057391, 926.308644920747952 ], [ 927.169492745576804, 925.839312337784349 ], [ 927.507022295262914, 921.788957747656013 ], [ 941.683263373429554, 921.45142819669843 ], [ 942.020792923369868, 926.851900987605177 ], [ 953.159268055379471, 926.851900987605177 ], [ 955.139461635011457, 969.997803771832992 ], [ 938.497650452109951, 970.746786356624511 ], [ 936.620320132462439, 961.61744458364501 ], [ 929.869729139758988, 961.279915033704697 ], [ 929.194670041658469, 969.38062421904749 ], [ 912.318192567529536, 968.705565120184247 ], [ 914.754822904057391, 926.308644920747952 ] ] ] } },
{ "type": "Feature", "properties": { "feature_type": "building", "subtype": "no-damage", "uid": "196c6d6a-def5-44fe-80c0-56438f1e8786" }, "geometry": { "type": "Polygon", "coordinates": [ [ [ 960.450490283637578, 925.407860107321198 ], [ 997.748985780411203, 926.651143288719936 ], [ 996.091274869505696, 971.823765612670286 ], [ 990.703714406646668, 971.202124020953647 ], [ 990.08207281849036, 975.968042891459504 ], [ 979.721379623804751, 974.51754584479886 ], [ 977.856454848145859, 958.562078327462245 ], [ 960.243276418502774, 956.904367416556852 ], [ 960.450490283637578, 925.407860107321198 ] ] ] } },
{ "type": "Feature", "properties": { "feature_type": "building", "subtype": "no-damage", "uid": "a4c1cd36-be44-418c-8861-72ef3ad57cb0" }, "geometry": { "type": "Polygon", "coordinates": [ [ [ 848.966568777655652, 899.566788154717415 ], [ 866.421142222499839, 899.037861685354756 ], [ 866.685605457181168, 902.475883725021731 ], [ 891.545149447543849, 905.120516064713911 ], [ 892.603002382581622, 936.856104141019387 ], [ 865.098826051254832, 935.533787968630122 ], [ 861.396340777033174, 925.484185079224289 ], [ 851.346737885082803, 923.632942442558715 ], [ 848.966568777655652, 899.566788154717415 ] ] ] } },
{ "type": "Feature", "properties": { "feature_type": "building", "subtype": "no-damage", "uid": "8a682d44-e0cb-4973-96f5-89a41244eea4" }, "geometry": { "type": "Polygon", "coordinates": [ [ [ 655.438596452758134, 881.086507374277062 ], [ 668.26471933205346, 882.099096022063463 ], [ 663.876835189695498, 878.386270977806475 ], [ 664.889423840279505, 869.610502691565785 ], [ 668.625397098536268, 864.442407002287382 ], [ 698.755257286174583, 864.879559278690976 ], [ 698.642378787774533, 877.373682330020074 ], [ 694.929553740083747, 877.373682330020074 ], [ 695.942142388251682, 895.26274844938996 ], [ 685.816255908479206, 895.26274845040723 ], [ 686.491315005180923, 903.700987187724877 ], [ 652.40083051117881, 901.338280342211874 ], [ 655.438596452758134, 881.086507374277062 ] ] ] } },
{ "type": "Feature", "properties": { "feature_type": "building", "subtype": "no-damage", "uid": "6ea7b414-de84-4780-b36b-e811fc7dd4e7" }, "geometry": { "type": "Polygon", "coordinates": [ [ [ 743.637464498650615, 868.16796440744406 ], [ 769.819324661275687, 869.754743809428192 ], [ 771.141640830358938, 872.399376153189451 ], [ 773.786273169797141, 872.134912919525391 ], [ 775.373052576104897, 881.920052574250008 ], [ 787.802824569506129, 884.035758446614068 ], [ 792.034236314870554, 894.3498245717185 ], [ 790.976383376780973, 902.019258355096326 ], [ 787.009434867242248, 902.283721587743116 ], [ 786.744971633196769, 907.044059800816626 ], [ 771.67056729908586, 909.688692138474153 ], [ 764.794523214791752, 902.019258356113596 ], [ 745.224243901270825, 899.903552482732266 ], [ 743.637464498650615, 868.16796440744406 ] ] ] } },
{ "type": "Feature", "properties": { "feature_type": "building", "subtype": "no-damage", "uid": "9e867dac-c33a-4649-96f7-5ed1907bee94" }, "geometry": { "type": "Polygon", "coordinates": [ [ [ 652.586928487887121, 824.962355354228066 ], [ 695.115651719843868, 825.637414452074154 ], [ 695.45318127029293, 861.415546696917659 ], [ 666.908306935192172, 861.372658836663618 ], [ 667.100699118282932, 848.926953363368057 ], [ 653.599517138979763, 848.251894268573778 ], [ 652.586928487887121, 824.962355354228066 ] ] ] } },
{ "type": "Feature", "properties": { "feature_type": "building", "subtype": "no-damage", "uid": "7e6d8b23-0acb-4259-ad02-a94e67dc6524" }, "geometry": { "type": "Polygon", "coordinates": [ [ [ 744.394965941833675, 834.413182738314845 ], [ 773.422507197666164, 835.76330093502429 ], [ 772.0723889994307, 830.362828143100273 ], [ 789.286396019558197, 831.712946340826988 ], [ 790.974043769132777, 855.340014803078475 ], [ 777.135332239380546, 854.664955704215117 ], [ 776.620916177848699, 868.438693321157757 ], [ 745.407554591527628, 864.115783090336436 ], [ 744.394965941833675, 834.413182738314845 ] ] ] } },
{ "type": "Feature", "properties": { "feature_type": "building", "subtype": "no-damage", "uid": "5d406d2c-e37f-4833-bd63-b3dc237d4058" }, "geometry": { "type": "Polygon", "coordinates": [ [ [ 652.498094607225198, 802.466121299776319 ], [ 667.011865230373019, 802.803650847682093 ], [ 667.686924328092005, 786.264702927056078 ], [ 671.737278926231738, 783.901996083577615 ], [ 691.216098258238731, 785.770526804275505 ], [ 695.176360739332495, 822.153934330040443 ], [ 651.502197434339905, 821.829219362635058 ], [ 652.498094607225198, 802.466121299776319 ] ] ] } },
{ "type": "Feature", "properties": { "feature_type": "building", "subtype": "no-damage", "uid": "9dbe601e-8394-416c-86d4-6e1b2b7de3c9" }, "geometry": { "type": "Polygon", "coordinates": [ [ [ 743.620431094953346, 788.90683055257125 ], [ 760.810541302700244, 785.733271747585604 ], [ 776.942798569941488, 789.964683493330995 ], [ 776.942798574900735, 799.749823147038342 ], [ 787.521327932017584, 800.014286383754211 ], [ 788.314717630848122, 807.948183399778827 ], [ 790.1659602701842, 811.650668675144288 ], [ 790.16596027120147, 826.725073012304961 ], [ 747.587379604619287, 826.460609778640901 ], [ 746.265063431085423, 818.526712759564589 ], [ 735.686534075112945, 814.295301015853738 ], [ 734.628681140202389, 802.923381954058527 ], [ 739.917945820858904, 803.187845188739857 ], [ 743.620431094953346, 788.90683055257125 ] ] ] } },
{ "type": "Feature", "properties": { "feature_type": "building", "subtype": "no-damage", "uid": "b7919c42-8dc7-480d-b171-4a6a5737b78d" }, "geometry": { "type": "Polygon", "coordinates": [ [ [ 651.009828438852196, 746.189996279402635 ], [ 670.249012759511857, 746.527525829342949 ], [ 670.249012759766174, 749.902821321625083 ], [ 692.525963025692818, 751.252939521386338 ], [ 691.850903927465197, 754.290705468814508 ], [ 700.289142663512393, 754.290705466779968 ], [ 699.951613113190547, 764.0790624028416 ], [ 693.201022125954978, 763.404003303978243 ], [ 690.651705765984048, 783.964470832926622 ], [ 664.263182932607606, 780.64363948752009 ], [ 663.289038028611003, 771.876335329934818 ], [ 650.138081791341165, 772.201050299374742 ], [ 651.009828438852196, 746.189996279402635 ] ] ] } },
{ "type": "Feature", "properties": { "feature_type": "building", "subtype": "no-damage", "uid": "222c8888-2f20-4327-a4e3-71ba50fe71ff" }, "geometry": { "type": "Polygon", "coordinates": [ [ [ 744.134588995443437, 754.270250176386412 ], [ 770.316449157686975, 754.270250174351872 ], [ 769.258596221631933, 750.038838427589212 ], [ 789.093338769325555, 751.096691363262607 ], [ 789.886728475022664, 771.724823613471585 ], [ 784.333000561210611, 771.724823613471585 ], [ 784.861927027267257, 784.947985311932143 ], [ 746.250294868062042, 783.361205908930742 ], [ 745.192441933278701, 782.038889737558748 ], [ 744.134588995443437, 754.270250176386412 ] ] ] } },
{ "type": "Feature", "properties": { "feature_type": "building", "subtype": "no-damage", "uid": "4d670210-69b4-4361-9306-1c97d23911e7" }, "geometry": { "type": "Polygon", "coordinates": [ [ [ 666.500137597270395, 708.848179368076899 ], [ 672.575669486659763, 705.472883874777494 ], [ 699.578033443994627, 707.835590721307767 ], [ 698.902974348818816, 718.636536303121261 ], [ 697.21532660216883, 718.974065848992495 ], [ 696.540267502160987, 742.938663862201565 ], [ 654.686603366143004, 742.263604764355478 ], [ 650.973778323411352, 734.16289558002984 ], [ 651.311307875004786, 725.38712729073734 ], [ 666.500137600576522, 726.39971594259282 ], [ 666.500137597270395, 708.848179368076899 ] ] ] } },
{ "type": "Feature", "properties": { "feature_type": "building", "subtype": "no-damage", "uid": "3e686ae1-a406-4e58-a885-b60639789f37" }, "geometry": { "type": "Polygon", "coordinates": [ [ [ 738.760075011976141, 704.834755562421378 ], [ 747.222898499144662, 705.099218796085324 ], [ 747.222898501179202, 708.27277760412278 ], [ 774.991538066170165, 709.066167305114959 ], [ 776.313854233981829, 711.710799643789755 ], [ 790.594868868880781, 710.91740993974588 ], [ 790.594868866083289, 722.553792235205037 ], [ 777.636170401539289, 724.405034874922308 ], [ 778.165096870393313, 728.107520150287883 ], [ 789.801479163819522, 729.694299552272128 ], [ 789.537015931681367, 748.206725931134201 ], [ 751.718773474104182, 745.562093594493945 ], [ 746.693972032198076, 740.801755383454974 ], [ 746.429508795609308, 732.603395127662793 ], [ 737.702222078972909, 731.545542193006668 ], [ 738.760075011976141, 704.834755562421378 ] ] ] } },
{ "type": "Feature", "properties": { "feature_type": "building", "subtype": "no-damage", "uid": "31bcd1fb-f2f8-44ea-8293-13490de9aa01" }, "geometry": { "type": "Polygon", "coordinates": [ [ [ 654.529432199438247, 667.02368149442259 ], [ 670.277685855075447, 666.609253765933317 ], [ 672.34982449612346, 671.582386499666541 ], [ 698.044343613124965, 674.068952866533209 ], [ 697.215488158180847, 704.736604717773048 ], [ 672.142610633404615, 702.457252217185669 ], [ 668.827188808287474, 691.474917431547738 ], [ 656.187143111996875, 691.060489702041195 ], [ 654.529432199438247, 667.02368149442259 ] ] ] } },
{ "type": "Feature", "properties": { "feature_type": "building", "subtype": "no-damage", "uid": "0294e02c-e685-45d8-a247-2cb3397c0b4a" }, "geometry": { "type": "Polygon", "coordinates": [ [ [ 745.933973548720019, 673.460826746284511 ], [ 774.231539583073527, 675.047606155389531 ], [ 774.496002820298031, 670.551731175980194 ], [ 793.008429194839323, 671.34512087493772 ], [ 792.215039495627366, 692.766642829190573 ], [ 783.75221600731436, 692.766642828173303 ], [ 783.487752773523198, 706.254267761315191 ], [ 750.245709766003984, 704.617285557800869 ], [ 744.775622264086451, 699.910466079111643 ], [ 745.933973548720019, 673.460826746284511 ] ] ] } },
{ "type": "Feature", "properties": { "feature_type": "building", "subtype": "no-damage", "uid": "05d5d894-a43f-4a06-9ed7-f367390dfa85" }, "geometry": { "type": "Polygon", "coordinates": [ [ [ 654.723188360655058, 649.29553329602652 ], [ 666.119950872494883, 649.088319436868233 ], [ 665.912737012827961, 630.414708509275783 ], [ 697.686103505619826, 632.049778346157836 ], [ 695.12989181588523, 665.665428545921486 ], [ 654.308760635471799, 664.007717636033362 ], [ 654.723188360655058, 649.29553329602652 ] ] ] } },
{ "type": "Feature", "properties": { "feature_type": "building", "subtype": "no-damage", "uid": "05c97ff9-3b2f-49ff-902a-d9fd88a88f65" }, "geometry": { "type": "Polygon", "coordinates": [ [ [ 746.716240372414063, 634.353408205163419 ], [ 771.241809616676846, 635.703526407976483 ], [ 771.878839426481136, 631.686467045143331 ], [ 791.793082840154966, 631.686467047177871 ], [ 791.118023741291609, 655.988594605240905 ], [ 776.604253114456128, 655.651065056317861 ], [ 776.454710214814213, 667.101440578028473 ], [ 744.123432354412557, 664.716507729941213 ], [ 746.716240372414063, 634.353408205163419 ] ] ] } },
{ "type": "Feature", "properties": { "feature_type": "building", "subtype": "no-damage", "uid": "e47b1214-f9d7-462d-ba9f-ce7c492b2b62" }, "geometry": { "type": "Polygon", "coordinates": [ [ [ 657.400413387812137, 588.461441686327362 ], [ 699.450067586176033, 589.254831390371351 ], [ 700.243457288694117, 628.659853248020113 ], [ 669.830185383756429, 625.750757673646717 ], [ 670.094648614495895, 608.825110697786045 ], [ 658.987192792593987, 607.767257765164345 ], [ 657.400413387812137, 588.461441686327362 ] ] ] } },
{ "type": "Feature", "properties": { "feature_type": "building", "subtype": "no-damage", "uid": "c11a6359-7ae5-4787-8a46-54a08f596970" }, "geometry": { "type": "Polygon", "coordinates": [ [ [ 748.576833280554524, 591.633692158590634 ], [ 792.455674711001052, 591.633692158590634 ], [ 791.780615612392012, 610.535346929816001 ], [ 778.954492731697883, 610.535346927781461 ], [ 779.292022279603657, 627.749353950322529 ], [ 746.551655983964224, 626.736765301518972 ], [ 742.501301391037941, 622.348881162467706 ], [ 742.501301388749084, 605.472403687832298 ], [ 749.589421926433715, 605.472403687832298 ], [ 748.576833280554524, 591.633692158590634 ] ] ] } },
{ "type": "Feature", "properties": { "feature_type": "building", "subtype": "no-damage", "uid": "0423fb46-ce88-4b01-849a-0bcef7ae7c9e" }, "geometry": { "type": "Polygon", "coordinates": [ [ [ 674.187867796164028, 550.943908194646951 ], [ 701.190231752227305, 550.268849095783594 ], [ 701.190231752227305, 554.994262788844253 ], [ 710.97858868905314, 556.681910537528552 ], [ 710.978588686509966, 582.671685843258615 ], [ 677.900692838895679, 581.32156764756644 ], [ 677.91350741888732, 586.833139598648586 ], [ 658.917681747846586, 586.021352178609163 ], [ 659.242396713471862, 564.42780675205131 ], [ 671.094493073744616, 563.778376813171462 ], [ 674.187867796164028, 550.943908194646951 ] ] ] } },
{ "type": "Feature", "properties": { "feature_type": "building", "subtype": "no-damage", "uid": "e2dfab47-8aa0-479e-b5c6-c77671d26285" }, "geometry": { "type": "Polygon", "coordinates": [ [ [ 753.031674439804419, 554.050825220862521 ], [ 776.833365495256658, 552.992972284171856 ], [ 776.568902264135772, 564.893817809225993 ], [ 793.494549237455544, 565.951670748968468 ], [ 794.287938936921819, 587.108729466505565 ], [ 751.973821503876593, 586.315339762461576 ], [ 753.031674439804419, 554.050825220862521 ] ] ] } },
{ "type": "Feature", "properties": { "feature_type": "building", "subtype": "no-damage", "uid": "49a0c089-e00b-4802-96dc-6bd7a260d797" }, "geometry": { "type": "Polygon", "coordinates": [ [ [ 660.175783732550713, 511.505009621485328 ], [ 687.528013767069979, 510.676154167558479 ], [ 700.996914914489935, 511.919437349974487 ], [ 701.618556510530084, 536.785101014571751 ], [ 704.105122875108236, 536.785101014571751 ], [ 704.105122874599601, 543.830372389734066 ], [ 701.411342646285448, 543.830372389734066 ], [ 701.777882178500704, 547.590430465456166 ], [ 675.146898609885852, 547.199946838664346 ], [ 673.978116510823043, 529.129544618850105 ], [ 659.80187543291072, 528.454485518969591 ], [ 660.175783732550713, 511.505009621485328 ] ] ] } },
{ "type": "Feature", "properties": { "feature_type": "building", "subtype": "no-damage", "uid": "c728e1ba-5d3e-4541-849c-5039f47773db" }, "geometry": { "type": "Polygon", "coordinates": [ [ [ 750.822514409651831, 512.787043798740001 ], [ 794.458948010635936, 513.844896734413396 ], [ 792.607705373970248, 535.530881919278386 ], [ 790.227536268577524, 536.059808388641045 ], [ 790.227536268450422, 540.820146597645476 ], [ 780.177933378280159, 540.291220132351896 ], [ 780.971323080162506, 550.340823022775112 ], [ 750.293587943340981, 550.340823020740572 ], [ 749.50019823853404, 540.026756897670566 ], [ 750.558051175224819, 539.762293662989237 ], [ 750.822514409651831, 512.787043798740001 ] ] ] } },
{ "type": "Feature", "properties": { "feature_type": "building", "subtype": "no-damage", "uid": "02586e5d-60a4-4c2a-9fac-e87e48c2f9bc" }, "geometry": { "type": "Polygon", "coordinates": [ [ [ 661.993407926899067, 489.706608735393672 ], [ 674.482001258161404, 490.719197385214613 ], [ 674.819530804541387, 471.81754261398919 ], [ 688.658242335819409, 471.81754261398919 ], [ 704.85966070650727, 474.517779008425293 ], [ 703.53517166952679, 511.171771578861808 ], [ 661.809298179393977, 508.736409311622481 ], [ 661.993407926899067, 489.706608735393672 ] ] ] } },
{ "type": "Feature", "properties": { "feature_type": "building", "subtype": "no-damage", "uid": "ce16b9e0-77f2-43b9-8b70-b5034b2d6eb5" }, "geometry": { "type": "Polygon", "coordinates": [ [ [ 753.952418837350251, 472.484409380688021 ], [ 782.249984870432286, 474.600115256103777 ], [ 782.249984869669333, 484.649718142457914 ], [ 797.059925971642087, 485.178644611820516 ], [ 795.86784262243475, 511.425621184125589 ], [ 776.630874209101307, 510.428887068165807 ], [ 776.331853973957323, 504.74750261390858 ], [ 750.952089168177849, 502.368476700504516 ], [ 753.952418837350251, 472.484409380688021 ] ] ] } },
{ "type": "Feature", "properties": { "feature_type": "building", "subtype": "no-damage", "uid": "fb2d0a91-5893-4d84-af02-866088d56592" }, "geometry": { "type": "Polygon", "coordinates": [ [ [ 670.778592360420703, 433.228125873207375 ], [ 703.181429108917314, 434.91577362087429 ], [ 701.395496780557778, 468.48074192188119 ], [ 660.643768196456108, 467.506597017630384 ], [ 660.968483165133193, 451.920278510961509 ], [ 669.573429837491062, 451.920278509944183 ], [ 670.778592360420703, 433.228125873207375 ] ] ] } },
{ "type": "Feature", "properties": { "feature_type": "building", "subtype": "no-damage", "uid": "6548bf11-c960-45a4-b14a-da0c39e781a7" }, "geometry": { "type": "Polygon", "coordinates": [ [ [ 755.117948753275641, 433.356153289676399 ], [ 785.833137754486529, 435.718860138241325 ], [ 786.170667304554058, 442.469451127891887 ], [ 795.959024240362623, 442.469451126874674 ], [ 795.283965142262218, 471.496992376981098 ], [ 755.284162505270388, 468.879862858923786 ], [ 745.495805568444553, 469.892451508744728 ], [ 747.858512416373856, 436.477026111448879 ], [ 755.117948753275641, 433.356153289676399 ] ] ] } },
{ "type": "Feature", "properties": { "feature_type": "building", "subtype": "no-damage", "uid": "1777b726-fca2-4770-8e0b-767d697bcb37" }, "geometry": { "type": "Polygon", "coordinates": [ [ [ 731.203722472283744, 460.28557912190638 ], [ 742.081673926525355, 460.772651573523092 ], [ 741.594601472238196, 472.137675483576288 ], [ 732.340224862526156, 471.975317998347691 ], [ 731.203722472283744, 460.28557912190638 ] ] ] } },
{ "type": "Feature", "properties": { "feature_type": "building", "subtype": "no-damage", "uid": "63138d2a-fafe-455e-8b8c-8e754388c7ac" }, "geometry": { "type": "Polygon", "coordinates": [ [ [ 849.462886045238747, 877.328203335692365 ], [ 862.613842282254154, 877.490560821938175 ], [ 863.425629701530852, 856.708802816437128 ], [ 892.649976894163956, 859.144165084693668 ], [ 892.64997689708855, 895.025169136091563 ], [ 849.787601015568839, 895.025169136091563 ], [ 849.462886045238747, 877.328203335692365 ] ] ] } },
{ "type": "Feature", "properties": { "feature_type": "building", "subtype": "no-damage", "uid": "44c53896-1815-4d8b-8b8e-e06784bfffb0" }, "geometry": { "type": "Polygon", "coordinates": [ [ [ 849.585083625702396, 814.751491053420068 ], [ 859.710970110179801, 814.751491051385528 ], [ 869.294978420996244, 811.418958903822841 ], [ 889.076040909849098, 815.426550151266156 ], [ 890.911071762797064, 824.62064062478612 ], [ 896.839220551483436, 825.552436637268102 ], [ 897.851809199397053, 838.716089063577328 ], [ 889.751100011382846, 839.053618610465833 ], [ 890.426159110373419, 853.567389237553584 ], [ 848.23496542568671, 852.554800588749913 ], [ 848.572494977661563, 834.665734470397297 ], [ 859.373440558713583, 833.315616272670582 ], [ 859.373440561765392, 829.602791226379054 ], [ 849.585083626973983, 829.940320777336638 ], [ 849.585083625702396, 814.751491053420068 ] ] ] } },
{ "type": "Feature", "properties": { "feature_type": "building", "subtype": "no-damage", "uid": "7d6c0110-f045-4013-92e5-a9d48f263b54" }, "geometry": { "type": "Polygon", "coordinates": [ [ [ 916.793702874704309, 832.387349021608316 ], [ 934.512739551050913, 832.122885786926986 ], [ 934.512739550542278, 819.69311379047565 ], [ 951.702849757271792, 821.015429962864914 ], [ 952.496239460044194, 857.51135625020936 ], [ 942.184371231040927, 858.451425757516063 ], [ 939.600161799998546, 880.825675197400756 ], [ 913.759558531871221, 880.275875127216864 ], [ 916.793702874704309, 832.387349021608316 ] ] ] } },
{ "type": "Feature", "properties": { "feature_type": "building", "subtype": "no-damage", "uid": "1ab2832e-2533-4506-b85a-87cbf371e780" }, "geometry": { "type": "Polygon", "coordinates": [ [ [ 957.820584843011829, 821.795984897724452 ], [ 980.063560205146359, 822.932487287203912 ], [ 979.73884523723234, 836.245801009827687 ], [ 995.974593678459996, 838.19409082341565 ], [ 993.53923141172902, 868.879655371912349 ], [ 957.333512393302385, 866.931365561376197 ], [ 956.521724970719561, 866.931365561376197 ], [ 955.060507609129672, 866.931365559341657 ], [ 957.820584843011829, 821.795984897724452 ] ] ] } },
{ "type": "Feature", "properties": { "feature_type": "building", "subtype": "no-damage", "uid": "045bdb87-f9bc-41dc-a900-22d1d800977f" }, "geometry": { "type": "Polygon", "coordinates": [ [ [ 999.118020394842347, 824.93051023109274 ], [ 1022.844927765420039, 826.401691548880535 ], [ 1022.844977189089946, 868.777310788476484 ], [ 1018.728827553190968, 868.519203531564017 ], [ 1018.566470069107027, 880.046584923793944 ], [ 1001.681291688617989, 879.721869957405829 ], [ 1002.493079114634043, 870.954565796768748 ], [ 997.297639611986142, 870.467493347186519 ], [ 999.118020394842347, 824.93051023109274 ] ] ] } },
{ "type": "Feature", "properties": { "feature_type": "building", "subtype": "no-damage", "uid": "3fa3a407-9924-4204-a7d3-8e6f3b2c0401" }, "geometry": { "type": "Polygon", "coordinates": [ [ [ 1022.844867933834962, 765.691550519169937 ], [ 1013.522917625384025, 766.022069389389003 ], [ 1013.092134886412055, 756.114066349794598 ], [ 1006.630393773599053, 756.54484909334451 ], [ 1008.353524739152022, 722.513012572631965 ], [ 1022.844833480012994, 722.829064897799753 ], [ 1022.844867933834962, 765.691550519169937 ] ] ] } },
{ "type": "Feature", "properties": { "feature_type": "building", "subtype": "no-damage", "uid": "4b539571-9eda-4050-9e4b-4523d4b0c3e8" }, "geometry": { "type": "Polygon", "coordinates": [ [ [ 964.333628443878638, 715.482662011307866 ], [ 1000.111760686820048, 716.495250656042458 ], [ 999.099172038651545, 764.086917133537554 ], [ 982.222694563505229, 761.386680737066854 ], [ 983.910342313588558, 750.24820560429589 ], [ 964.671157993818952, 750.248205605313046 ], [ 964.333628443878638, 715.482662011307866 ] ] ] } },
{ "type": "Feature", "properties": { "feature_type": "building", "subtype": "no-damage", "uid": "9982af24-6cd4-44cc-b9e3-37b7d3422413" }, "geometry": { "type": "Polygon", "coordinates": [ [ [ 843.115776582050557, 712.528089441536622 ], [ 876.103780752142029, 712.528089441536622 ], [ 873.354780403511199, 738.918492777809774 ], [ 880.50218130852727, 740.567892986326797 ], [ 880.766644541428377, 760.40263552944009 ], [ 842.419475615378701, 761.724951701829241 ], [ 843.115776582050557, 712.528089441536622 ] ] ] } },
{ "type": "Feature", "properties": { "feature_type": "building", "subtype": "no-damage", "uid": "90e4d22d-521f-417f-af99-65661bcd92e8" }, "geometry": { "type": "Polygon", "coordinates": [ [ [ 883.940203349720605, 715.708348992406968 ], [ 914.882401720460507, 717.559591630089699 ], [ 913.82454878593137, 738.452187111928197 ], [ 918.849350233051041, 738.452187114980006 ], [ 919.378276697835986, 762.782804636485366 ], [ 900.601387085561555, 761.989414934476031 ], [ 899.279070918639945, 751.410885577742079 ], [ 892.138563601317742, 753.526591447054329 ], [ 892.138563599155987, 746.121620900392372 ], [ 883.675740113004736, 741.625745919965652 ], [ 883.940203349720605, 715.708348992406968 ] ] ] } },
{ "type": "Feature", "properties": { "feature_type": "building", "subtype": "no-damage", "uid": "47162b2b-b3bd-45e5-9ed0-87daffc4bb76" }, "geometry": { "type": "Polygon", "coordinates": [ [ [ 929.468951695686201, 711.135340690093471 ], [ 957.01420012986091, 711.564092343795664 ], [ 959.576688261060099, 730.253826859187825 ], [ 959.312225024471445, 750.088569406370084 ], [ 946.353526560308865, 749.030716468662149 ], [ 945.295673625652512, 763.047267874218505 ], [ 924.932004613428262, 761.98941493651057 ], [ 923.080761975490873, 741.890209151595172 ], [ 929.956806059657765, 741.625745922000192 ], [ 929.468951695686201, 711.135340690093471 ] ] ] } },
{ "type": "Feature", "properties": { "feature_type": "building", "subtype": "no-damage", "uid": "b264062c-fa5b-40c1-8da5-43a155648f81" }, "geometry": { "type": "Polygon", "coordinates": [ [ [ 843.102839088211454, 639.451586020016748 ], [ 857.954139266640254, 639.451586021034018 ], [ 858.966727915316824, 623.925226744125325 ], [ 881.918737279471088, 624.262756293048369 ], [ 882.256266826105275, 642.826881515350692 ], [ 877.193323585646795, 642.826881514333422 ], [ 875.168146290709615, 672.867011416295327 ], [ 841.415191342070102, 672.529481865337743 ], [ 843.102839088211454, 639.451586020016748 ] ] ] } },
{ "type": "Feature", "properties": { "feature_type": "building", "subtype": "no-damage", "uid": "f059fa91-b9c9-48a6-a80d-aa7fecee14a0" }, "geometry": { "type": "Polygon", "coordinates": [ [ [ 886.981680518657981, 627.638051787365043 ], [ 910.946278532506085, 628.313110886228401 ], [ 909.596160335160675, 636.413820073605848 ], [ 920.05957636601795, 636.413820073605848 ], [ 921.747224116482698, 671.516893216534072 ], [ 910.27121943173529, 670.16677501982474 ], [ 913.984044475611313, 684.005486547031865 ], [ 901.495451146001983, 684.005486547031865 ], [ 896.094978355603189, 676.242306910612001 ], [ 886.981680521964108, 671.516893216534072 ], [ 889.006857815121066, 654.302886197044813 ], [ 883.268855478215187, 648.227354305240169 ], [ 886.981680518657981, 627.638051787365043 ] ] ] } },
{ "type": "Feature", "properties": { "feature_type": "building", "subtype": "no-damage", "uid": "d019f6cb-502c-4d00-9f42-a49b2eddde4b" }, "geometry": { "type": "Polygon", "coordinates": [ [ [ 940.311349336752983, 628.313110886228401 ], [ 962.250770047780065, 628.988169983057219 ], [ 961.238181403172462, 645.864647458709896 ], [ 964.613476895073632, 646.20217700763294 ], [ 963.600888246778482, 665.441361326764081 ], [ 958.537945003522509, 664.766302228917993 ], [ 958.200415456761107, 668.816656820063486 ], [ 954.150060862181817, 668.479127274192251 ], [ 954.1500608619275, 679.617602405946059 ], [ 925.797578709154664, 677.254895558398402 ], [ 926.472637805983595, 645.864647456675357 ], [ 939.973819784015177, 645.864647459727166 ], [ 940.311349336752983, 628.313110886228401 ] ] ] } },
{ "type": "Feature", "properties": { "feature_type": "building", "subtype": "no-damage", "uid": "422960ba-5696-41a0-b070-3843dacd63bd" }, "geometry": { "type": "Polygon", "coordinates": [ [ [ 965.963595094326479, 632.363465478391163 ], [ 990.940781752782073, 632.363465478391163 ], [ 990.603252205639251, 646.877236105478914 ], [ 1002.416786433969037, 645.864647459727166 ], [ 1001.40419778834405, 676.242306909594731 ], [ 998.703961390220229, 675.904777357619878 ], [ 994.316077246209147, 686.368193393562137 ], [ 980.477365717855719, 685.69313429368151 ], [ 979.127247520383207, 678.267484206184804 ], [ 972.714186081689149, 677.592425109355986 ], [ 972.376656533529058, 685.018075194818152 ], [ 963.938417797227544, 684.005486550083674 ], [ 965.963595094326479, 632.363465478391163 ] ] ] } },
{ "type": "Feature", "properties": { "feature_type": "building", "subtype": "no-damage", "uid": "1da7689c-b45a-4405-bec0-f08b33b2c2c3" }, "geometry": { "type": "Polygon", "coordinates": [ [ [ 1022.844806361450992, 681.498114992594765 ], [ 1013.367880494692031, 684.061494926814589 ], [ 1013.896806958714023, 674.805281738400822 ], [ 1005.433983476503954, 674.011892037408643 ], [ 1004.905057006124025, 659.20195093594657 ], [ 1006.491836408363042, 644.392009833467228 ], [ 1018.128218702044023, 645.449862772192432 ], [ 1018.392681938124042, 631.168848138058365 ], [ 1022.844781128138948, 630.429634588488966 ], [ 1022.844806361450992, 681.498114992594765 ] ] ] } },
{ "type": "Feature", "properties": { "feature_type": "building", "subtype": "no-damage", "uid": "49218210-bcb4-4a50-a51d-85d38d65d068" }, "geometry": { "type": "Polygon", "coordinates": [ [ [ 848.184038472103794, 527.612632788447399 ], [ 885.662136917696444, 528.474198269443605 ], [ 885.231354178469815, 572.844820571265927 ], [ 868.000044549642325, 573.2756033127813 ], [ 868.86161002873132, 559.490555606669432 ], [ 847.32247298958157, 557.336641903161649 ], [ 848.184038472103794, 527.612632788447399 ] ] ] } },
{ "type": "Feature", "properties": { "feature_type": "building", "subtype": "no-damage", "uid": "080dce47-dfff-45c1-aabf-8e5f017c3ba9" }, "geometry": { "type": "Polygon", "coordinates": [ [ [ 894.277791736179211, 528.474198270460874 ], [ 923.140235368121012, 528.474198269443605 ], [ 924.0018008501346, 561.213686568661842 ], [ 910.21675314198626, 561.213686569679112 ], [ 909.785970404794284, 569.829341384727513 ], [ 914.093797811810418, 568.106210421717833 ], [ 915.386146031906151, 576.721865235748851 ], [ 888.677616104871163, 575.860299756787185 ], [ 889.539181586121799, 559.490555606669432 ], [ 893.847008993900886, 559.490555606669432 ], [ 894.277791736179211, 528.474198270460874 ] ] ] } },
{ "type": "Feature", "properties": { "feature_type": "building", "subtype": "no-damage", "uid": "6c869b60-6cee-4895-a403-eccf83d8b11c" }, "geometry": { "type": "Polygon", "coordinates": [ [ [ 928.746922651116961, 530.108481259335008 ], [ 941.086091465676873, 530.433196225723236 ], [ 941.410806431302149, 521.50353458189204 ], [ 954.074690215556416, 522.640036975440466 ], [ 955.048835122350511, 528.647263895329274 ], [ 965.602071610076678, 528.809621381575198 ], [ 963.648723223449679, 564.941981048090383 ], [ 944.342907144610081, 564.148591346081048 ], [ 944.342907140922421, 572.875878067166809 ], [ 927.94618663772826, 572.082488363122934 ], [ 928.746922651116961, 530.108481259335008 ] ] ] } },
{ "type": "Feature", "properties": { "feature_type": "building", "subtype": "no-damage", "uid": "73f4c7e9-3534-4e90-9954-915043b44096" }, "geometry": { "type": "Polygon", "coordinates": [ [ [ 1022.844762088458992, 564.50402406148487 ], [ 1021.491217205204975, 565.227657874622196 ], [ 1021.226753974847043, 573.954944597742497 ], [ 1012.763930485897959, 572.368165192706442 ], [ 1011.706077549206952, 562.583025536964669 ], [ 1008.26805550699703, 562.3185623002488 ], [ 1006.416812869568048, 546.186305030466542 ], [ 1007.739129043229013, 531.905290397349745 ], [ 1022.844758200972024, 529.967641030375944 ], [ 1022.844762088458992, 564.50402406148487 ] ] ] } },
{ "type": "Feature", "properties": { "feature_type": "building", "subtype": "no-damage", "uid": "454c38ea-9b04-4331-b672-b3c4dd415986" }, "geometry": { "type": "Polygon", "coordinates": [ [ [ 968.448066908625606, 528.420876192128844 ], [ 997.458007848455395, 531.943511876149614 ], [ 997.250793985355244, 524.691026640811629 ], [ 1004.710493086338033, 524.898240507090804 ], [ 1005.332134673985024, 532.15072574344606 ], [ 1005.332134675002976, 558.466886456738507 ], [ 1002.845568310170052, 559.917383502381881 ], [ 1000.773429669504026, 575.458423291229224 ], [ 982.745823512515585, 573.80071238235837 ], [ 985.439603743372913, 560.53902509206398 ], [ 979.223187827731408, 557.223603273305116 ], [ 968.448066907862653, 554.737036902369482 ], [ 968.655280770581385, 541.889777345650714 ], [ 968.448066908625606, 528.420876192128844 ] ] ] } },
{ "type": "Feature", "properties": { "feature_type": "building", "subtype": "no-damage", "uid": "d00beaf3-f201-4521-983e-22dd1c6778d6" }, "geometry": { "type": "Polygon", "coordinates": [ [ [ 1022.844758555363001, 494.566296289468312 ], [ 1008.059359278762031, 492.113323780877977 ], [ 1009.910601917462031, 447.947963708121222 ], [ 1022.844765851584043, 447.462405934748688 ], [ 1022.844758555363001, 494.566296289468312 ] ] ] } },
{ "type": "Feature", "properties": { "feature_type": "building", "subtype": "no-damage", "uid": "72b7e243-c41a-4dbf-ab73-918113db9f52" }, "geometry": { "type": "Polygon", "coordinates": [ [ [ 988.753543197760564, 456.146323962896076 ], [ 989.546932900151546, 445.832257834739778 ], [ 1005.943653408050977, 446.890110772447827 ], [ 1005.679190170190054, 488.146375268796589 ], [ 1003.563484299352012, 488.675301736124709 ], [ 1002.770094597723983, 495.286882585863623 ], [ 967.596484482128062, 495.02241935219962 ], [ 970.241116821057631, 456.939713663888199 ], [ 988.753543197760564, 456.146323962896076 ] ] ] } },
{ "type": "Feature", "properties": { "feature_type": "building", "subtype": "no-damage", "uid": "58c0f504-90d7-4a71-a812-9272dbd870fa" }, "geometry": { "type": "Polygon", "coordinates": [ [ [ 929.513778792921357, 440.278529925760608 ], [ 954.637786020254339, 440.542993157390072 ], [ 953.844396316973302, 456.939713663888199 ], [ 965.480778611162464, 459.05541953421772 ], [ 964.687388910297386, 466.989316551259606 ], [ 964.422925675361739, 484.708353229129614 ], [ 929.77824202594968, 484.972816462793674 ], [ 931.100558197194687, 466.195926849250213 ], [ 927.926999389029561, 459.319882769916319 ], [ 929.513778792921357, 440.278529925760608 ] ] ] } },
{ "type": "Feature", "properties": { "feature_type": "building", "subtype": "no-damage", "uid": "a392edbe-0d62-431b-9625-0992ef5fc0cf" }, "geometry": { "type": "Polygon", "coordinates": [ [ [ 889.824518230886724, 441.799585168710223 ], [ 910.131476888208226, 443.250082213336327 ], [ 908.888193706809261, 453.817989271502199 ], [ 922.978736448489144, 454.232416996939719 ], [ 926.501372137215299, 463.557040871672314 ], [ 925.465302816246208, 485.728924307192699 ], [ 913.03247098432746, 484.692854990038484 ], [ 912.20361552760312, 488.83713226374141 ], [ 905.572771882709276, 488.21549067507658 ], [ 905.572771884743815, 484.900068853265907 ], [ 889.202876639170086, 482.413502485382025 ], [ 889.824518230886724, 441.799585168710223 ] ] ] } },
{ "type": "Feature", "properties": { "feature_type": "building", "subtype": "no-damage", "uid": "c11e1ec9-3886-48fa-a2bb-7654ad552872" }, "geometry": { "type": "Polygon", "coordinates": [ [ [ 865.352597237428199, 438.653639419480328 ], [ 886.606745616145986, 439.359980017489818 ], [ 884.491039745561807, 490.136920939985487 ], [ 871.532341277838782, 488.285678300268216 ], [ 870.738951575447913, 482.731950388237181 ], [ 853.548841368845387, 481.938560689279598 ], [ 853.81330460594279, 448.880656440584914 ], [ 865.978613367205753, 448.616193208955281 ], [ 865.352597237428199, 438.653639419480328 ] ] ] } },
{ "type": "Feature", "properties": { "feature_type": "building", "subtype": "no-damage", "uid": "94a638ec-f2dc-481a-a628-6702a11c65fc" }, "geometry": { "type": "Polygon", "coordinates": [ [ [ -0.000000563311688, 319.107471667919015 ], [ 30.989813587059949, 314.382057973841086 ], [ 37.065345476576539, 357.248310757258309 ], [ 20.86392710042086, 358.260899403010114 ], [ 18.838749803576238, 351.172778864436282 ], [ -0.000000563057371, 354.210544813899105 ], [ -0.000000563311688, 319.107471667919015 ] ] ] } },
{ "type": "Feature", "properties": { "feature_type": "building", "subtype": "no-damage", "uid": "276c1083-60b0-4d6a-9cad-98030d0fa3c9" }, "geometry": { "type": "Polygon", "coordinates": [ [ [ 37.740404576330079, 316.407235270431102 ], [ 67.443004926702628, 308.306526086105521 ], [ 72.843477717101464, 322.820296714210485 ], [ 72.168418619128133, 338.346655987050212 ], [ 64.067709435310107, 340.709362833580485 ], [ 67.443004928355691, 351.510308414376709 ], [ 48.203820606424443, 356.910781207317882 ], [ 37.740404576330079, 316.407235270431102 ] ] ] } },
{ "type": "Feature", "properties": { "feature_type": "building", "subtype": "no-damage", "uid": "a6f2cb3f-d1fc-4c0e-bf70-048b68816e18" }, "geometry": { "type": "Polygon", "coordinates": [ [ [ 88.369836996555392, 306.618878337421279 ], [ 104.908784915784906, 307.63146698520768 ], [ 103.896196267616901, 318.432412566003791 ], [ 122.460321491574803, 318.094883016063477 ], [ 122.797851036937402, 364.673960842720476 ], [ 105.921373564588606, 362.986313094036177 ], [ 104.233725819337494, 349.147601570898075 ], [ 84.65701195115345, 347.122424269221824 ], [ 88.369836996555392, 306.618878337421279 ] ] ] } },
{ "type": "Feature", "properties": { "feature_type": "building", "subtype": "no-damage", "uid": "e171dc04-dac1-441e-9789-17d1afe1d9a6" }, "geometry": { "type": "Polygon", "coordinates": [ [ [ 127.860794279176105, 321.807708066424198 ], [ 156.213276437289608, 320.457589865645673 ], [ 155.875746884424586, 352.522897060128514 ], [ 159.588571931098187, 350.835249319582374 ], [ 160.263631028308509, 369.061844989909901 ], [ 138.999269411948688, 367.711726792183185 ], [ 140.011858062787013, 359.273488051813672 ], [ 128.535853380709909, 357.248310755223713 ], [ 126.848205633169798, 354.210544811864622 ], [ 127.860794279176105, 321.807708066424198 ] ] ] } },
{ "type": "Feature", "properties": { "feature_type": "building", "subtype": "no-damage", "uid": "5133a28a-008d-4ec3-a699-a7af037382b1" }, "geometry": { "type": "Polygon", "coordinates": [ [ [ -0.000000562803055, 235.06723823334849 ], [ 20.051994124455799, 232.158142657957796 ], [ 20.316457360917351, 226.131215492860093 ], [ 36.810459443165627, 226.131215493877392 ], [ 35.161059235284142, 272.864221400504618 ], [ 22.727928158844911, 273.626291990931975 ], [ 22.727928159099228, 269.575937398769213 ], [ 8.214157529212029, 269.575937395717517 ], [ 8.214157530102137, 272.951232890034078 ], [ -0.000000563438847, 271.938644244282273 ], [ -0.000000562803055, 235.06723823334849 ] ] ] } },
{ "type": "Feature", "properties": { "feature_type": "building", "subtype": "no-damage", "uid": "a816dcf1-76b4-4149-904b-5d53dd08af4d" }, "geometry": { "type": "Polygon", "coordinates": [ [ [ 169.227742577641891, 314.332342906135807 ], [ 185.095536616814087, 314.33234290715302 ], [ 184.302146915821908, 324.117482562894907 ], [ 199.1120880139799, 323.588556095566787 ], [ 198.847624780061608, 345.539004511044084 ], [ 200.434404186496494, 346.332394217122612 ], [ 200.963330652171607, 366.960526464279724 ], [ 184.302146915186114, 368.018379399953119 ], [ 182.186441041295893, 355.059680935156621 ], [ 166.054183769858412, 353.472901532155106 ], [ 169.227742577641891, 314.332342906135807 ] ] ] } },
{ "type": "Feature", "properties": { "feature_type": "building", "subtype": "no-damage", "uid": "e8ce51fc-b30a-4286-a9bc-73d8c1c1ad3a" }, "geometry": { "type": "Polygon", "coordinates": [ [ [ 204.930279161201696, 327.026578138285572 ], [ 221.855926136047401, 326.762114901569817 ], [ 222.120389369965807, 319.886070821218595 ], [ 237.459256941555509, 320.414997287529388 ], [ 237.988183406467698, 365.373747059243726 ], [ 217.360051159562005, 369.076232333591975 ], [ 217.888977627144499, 361.142335318584685 ], [ 203.872426228071305, 360.08448238189402 ], [ 204.930279161201696, 327.026578138285572 ] ] ] } },
{ "type": "Feature", "properties": { "feature_type": "building", "subtype": "no-damage", "uid": "b8832918-b1fb-4f09-9cda-1cf33bee40c8" }, "geometry": { "type": "Polygon", "coordinates": [ [ [ 245.657617189719389, 320.943923756891991 ], [ 261.260947998279278, 321.47285022422011 ], [ 261.260947994210198, 316.44804877951708 ], [ 280.302300838241308, 317.770364949871805 ], [ 279.773374371294722, 355.853070639200382 ], [ 259.409705359070415, 357.43985004423638 ], [ 259.40970535754451, 361.671261783878208 ], [ 245.128690722391212, 360.613408848204813 ], [ 243.806374554579492, 338.927423666391519 ], [ 245.657617189719389, 320.943923756891991 ] ] ] } },
{ "type": "Feature", "properties": { "feature_type": "building", "subtype": "no-damage", "uid": "528763a3-fe9f-4aea-bca0-7c5276c097e5" }, "geometry": { "type": "Polygon", "coordinates": [ [ [ 286.120491989659286, 326.233188434241697 ], [ 304.632918364200577, 327.291041369915092 ], [ 305.426308068880417, 316.44804877849981 ], [ 316.798227125590813, 317.505901714173206 ], [ 318.649469764672517, 356.381997104494019 ], [ 319.442859467444919, 368.811769101962511 ], [ 304.897381600789288, 370.398548504964026 ], [ 303.839528662445389, 363.258041187896879 ], [ 285.327102284598027, 362.993577956267472 ], [ 286.120491989659286, 326.233188434241697 ] ] ] } },
{ "type": "Feature", "properties": { "feature_type": "building", "subtype": "no-damage", "uid": "a83f7bd2-4aa6-4682-9398-16a28d866381" }, "geometry": { "type": "Polygon", "coordinates": [ [ [ 323.981380155563272, 327.096382694235672 ], [ 346.982119041961823, 328.339665878686276 ], [ 347.189332910021221, 326.267527239291724 ], [ 357.964453827601176, 326.47474110150182 ], [ 357.342812238173281, 358.178462273964783 ], [ 341.594558583298976, 357.971248408702877 ], [ 338.900778351933013, 373.926715928074088 ], [ 318.801033555804509, 373.097860472112814 ], [ 322.530883107122179, 355.484682043870919 ], [ 323.981380155563272, 327.096382694235672 ] ] ] } },
{ "type": "Feature", "properties": { "feature_type": "building", "subtype": "no-damage", "uid": "1d523b4e-791f-4a47-ae71-4f1de3d1628c" }, "geometry": { "type": "Polygon", "coordinates": [ [ [ 365.936961801977304, 323.968044701173312 ], [ 379.421363561009684, 324.349678705920496 ], [ 379.930208914236289, 329.692554878177418 ], [ 393.541822009159375, 329.692554876142879 ], [ 394.335211712058992, 351.378540061007982 ], [ 397.773233752616477, 360.370290015757689 ], [ 397.508770519842528, 373.328988479537088 ], [ 380.58312354347089, 373.064525246890412 ], [ 371.326910358870578, 368.833113504196774 ], [ 371.062447123171978, 363.014922356467196 ], [ 363.128550103077316, 356.138878274081378 ], [ 363.128550102314307, 338.41984159824591 ], [ 365.936961801977304, 323.968044701173312 ] ] ] } },
{ "type": "Feature", "properties": { "feature_type": "building", "subtype": "no-damage", "uid": "bbf34240-0246-4b80-8075-69ddbf4cef77" }, "geometry": { "type": "Polygon", "coordinates": [ [ [ 44.126691522595223, 226.301915824084602 ], [ 65.469719501648626, 226.509129693415588 ], [ 65.469719504954739, 235.833753565096288 ], [ 69.613996781201351, 235.833753563061805 ], [ 71.686135417798752, 279.348664975089491 ], [ 58.217234268089904, 277.483740204008711 ], [ 58.631661996070598, 265.258122234937389 ], [ 43.297836066633813, 264.843694508482713 ], [ 44.126691522595223, 226.301915824084602 ] ] ] } },
{ "type": "Feature", "properties": { "feature_type": "building", "subtype": "no-damage", "uid": "7fd9883d-e062-4f0f-a9dc-8cce8bef0bd5" }, "geometry": { "type": "Polygon", "coordinates": [ [ [ 89.303983781574317, 239.389114194409387 ], [ 108.205638551530697, 240.064173294289986 ], [ 108.205638551785, 227.913109515767104 ], [ 127.107293322250001, 229.938286811339907 ], [ 122.044350078739697, 280.230189679201999 ], [ 83.228451892820672, 277.529953282731412 ], [ 89.303983781574317, 239.389114194409387 ] ] ] } },
{ "type": "Feature", "properties": { "feature_type": "building", "subtype": "no-damage", "uid": "c331b4cf-198b-41bc-aa2e-62d248d4ca8c" }, "geometry": { "type": "Polygon", "coordinates": [ [ [ 129.807529715541989, 240.401702842195789 ], [ 144.321300345302092, 241.076761944110899 ], [ 147.021536737449708, 226.225461766065592 ], [ 168.623427903368395, 228.925698163553506 ], [ 167.273309705641509, 283.94301472142439 ], [ 131.157647916702189, 278.880071480458014 ], [ 129.807529718721014, 270.779362294098007 ], [ 129.807529715541989, 240.401702842195789 ] ] ] } },
{ "type": "Feature", "properties": { "feature_type": "building", "subtype": "no-damage", "uid": "0e0cbbb1-d10e-4382-89bb-369b2aa32a76" }, "geometry": { "type": "Polygon", "coordinates": [ [ [ 174.698959794792387, 230.275816359245596 ], [ 192.250496366004597, 229.93828680930531 ], [ 193.263085016715706, 242.764409689743388 ], [ 214.527446633711293, 242.764409689743388 ], [ 214.864976178819688, 273.479598690568594 ], [ 202.038853301940293, 274.154657788414625 ], [ 202.038853301177397, 287.318310216758391 ], [ 172.673782498837909, 287.318310216758391 ], [ 172.673782498329189, 228.925698163553506 ], [ 174.698959794792387, 230.275816359245596 ] ] ] } },
{ "type": "Feature", "properties": { "feature_type": "building", "subtype": "no-damage", "uid": "35a4088a-d15d-4bc8-ba00-fd7d5d110361" }, "geometry": { "type": "Polygon", "coordinates": [ [ [ 217.565212577325212, 241.076761943093601 ], [ 232.754042299718009, 241.076761943093601 ], [ 232.754042303532714, 230.613345910203208 ], [ 256.043581214066819, 231.6259345549378 ], [ 256.718640314456195, 271.454421391943981 ], [ 255.368522115712011, 278.54254193356951 ], [ 233.766630948776111, 280.905248777048087 ], [ 234.104160501513888, 271.116891844038321 ], [ 217.227683024714594, 270.10430319320011 ], [ 217.565212577325212, 241.076761943093601 ] ] ] } },
{ "type": "Feature", "properties": { "feature_type": "building", "subtype": "no-damage", "uid": "932670c8-a80b-47c8-bfc3-2cf63f096d55" }, "geometry": { "type": "Polygon", "coordinates": [ [ [ 261.782704785503597, 241.994768036618609 ], [ 268.620762291336007, 241.994768037635907 ], [ 270.071259338632615, 240.337057125713301 ], [ 283.125732763158283, 240.337057126730514 ], [ 282.918518901329605, 232.670144162903313 ], [ 297.423489370227287, 233.291785758689002 ], [ 297.216275508780086, 248.21118395378511 ], [ 301.360552781974889, 248.418397815995291 ], [ 301.360552783755111, 266.86043170019849 ], [ 284.990657536655419, 266.65321783900572 ], [ 284.161802081456983, 273.491275345854319 ], [ 272.557825705880987, 273.491275344836993 ], [ 272.143397980061991, 280.329332854737515 ], [ 261.16106319429548, 279.914905124213703 ], [ 261.782704785503597, 241.994768036618609 ] ] ] } },
{ "type": "Feature", "properties": { "feature_type": "building", "subtype": "no-damage", "uid": "6b4b44b3-4321-4a51-90f0-1d2b08d42638" }, "geometry": { "type": "Polygon", "coordinates": [ [ [ 306.955327108697077, 231.634074844731913 ], [ 329.956065999546183, 231.841288707959308 ], [ 329.334424407702272, 241.787554173391186 ], [ 343.424967151416809, 241.994768036618609 ], [ 344.668250335867526, 285.924107178152894 ], [ 337.622978959941179, 285.924107176118412 ], [ 338.244620552548099, 299.185794466412688 ], [ 312.135673707438684, 299.600222193884804 ], [ 306.333685518379184, 285.509679450680892 ], [ 306.955327108697077, 231.634074844731913 ] ] ] } },
{ "type": "Feature", "properties": { "feature_type": "building", "subtype": "no-damage", "uid": "d91e6762-3637-4b5e-b55b-bf742dfef788" }, "geometry": { "type": "Polygon", "coordinates": [ [ [ 349.84859693333749, 233.291785757671789 ], [ 365.389636720788189, 233.084571893427096 ], [ 365.389636720915291, 250.283322591145208 ], [ 379.065751735250274, 249.66168100044581 ], [ 379.272965599622182, 253.184316688535688 ], [ 388.597589477662098, 253.598744412955909 ], [ 389.633658793544782, 266.860431701215816 ], [ 386.525450838012887, 272.455206024631082 ], [ 387.561520157328914, 281.158188308664307 ], [ 385.903809243498699, 290.275598320169479 ], [ 362.903070355319926, 290.897239911886118 ], [ 349.641383066676781, 266.860431701215816 ], [ 349.84859693333749, 233.291785757671789 ] ] ] } },
{ "type": "Feature", "properties": { "feature_type": "building", "subtype": "no-damage", "uid": "c7c527da-2e21-423b-aefb-6c85608b8c42" }, "geometry": { "type": "Polygon", "coordinates": [ [ [ 396.944024286158481, 233.641472806772214 ], [ 412.282891855586627, 234.170399274100191 ], [ 411.753965385969593, 240.253053655493801 ], [ 422.332494746265411, 241.310906588115387 ], [ 422.068031511202605, 246.600171268516988 ], [ 433.968877039691677, 246.071244803223408 ], [ 431.324244698091775, 272.253104963428882 ], [ 412.811818324440594, 271.195252026738217 ], [ 412.811818324949172, 280.45146521922112 ], [ 393.241539010665292, 278.60022258052112 ], [ 396.944024286158481, 233.641472806772214 ] ] ] } },
{ "type": "Feature", "properties": { "feature_type": "building", "subtype": "no-damage", "uid": "5bfc3bd4-4fff-4855-9aba-f95248e18243" }, "geometry": { "type": "Polygon", "coordinates": [ [ [ 438.993678484141014, 244.48446539818741 ], [ 453.803619585096385, 245.277855100196803 ], [ 454.597009288250376, 233.90593603941889 ], [ 474.696215067446417, 233.905936041453486 ], [ 473.638362131518477, 260.087796202676088 ], [ 477.07638417258471, 260.352259437357475 ], [ 476.282994472609687, 275.691127008182093 ], [ 459.092884264990118, 275.426663770449125 ], [ 450.894524013011505, 274.368810834775672 ], [ 450.365597542504418, 280.980391679428294 ], [ 436.349046145211389, 280.715928450850583 ], [ 438.993678484141014, 244.48446539818741 ] ] ] } },
{ "type": "Feature", "properties": { "feature_type": "building", "subtype": "no-damage", "uid": "a5204613-c5d5-4078-8580-2c3bc829ea38" }, "geometry": { "type": "Polygon", "coordinates": [ [ [ 483.970827823664706, 236.708242947207907 ], [ 499.834716644920888, 236.708242947207907 ], [ 500.172246196514322, 246.496599881234999 ], [ 522.111666911610428, 248.859306724713491 ], [ 521.774137359381143, 282.949791219855513 ], [ 507.260366731909983, 282.949791219855513 ], [ 507.59789628248609, 275.861670683316277 ], [ 481.945650525675717, 275.86167068128168 ], [ 483.970827823664706, 236.708242947207907 ] ] ] } },
{ "type": "Feature", "properties": { "feature_type": "building", "subtype": "no-damage", "uid": "d67676e3-919b-4685-9196-e8911276ef15" }, "geometry": { "type": "Polygon", "coordinates": [ [ [ 403.727532779221121, 328.197541073244679 ], [ 440.019350778955072, 328.197541073244679 ], [ 436.036238336165525, 360.506246630947714 ], [ 419.666494191258892, 360.937029371445817 ], [ 420.528059671619474, 371.706597892036427 ], [ 403.727532782781623, 370.845032406971086 ], [ 403.727532779221121, 328.197541073244679 ] ] ] } },
{ "type": "Feature", "properties": { "feature_type": "building", "subtype": "no-damage", "uid": "7bd69644-7fb3-4b34-b098-6f215aacfc82" }, "geometry": { "type": "Polygon", "coordinates": [ [ [ 442.777112848211289, 318.168131797515287 ], [ 459.662291227174592, 319.954064123840112 ], [ 459.662291227556125, 329.533155701464807 ], [ 478.17104444799719, 329.370798215218883 ], [ 475.086252246709591, 356.8092130794887 ], [ 476.222754634154683, 369.148381893792589 ], [ 460.311721161985474, 369.310739381055782 ], [ 459.987006192927026, 357.133928048928681 ], [ 439.692320647432382, 357.621000504614528 ], [ 439.854678131898083, 343.33354187773989 ], [ 441.965325425119886, 329.695513185676077 ], [ 442.777112848211289, 318.168131797515287 ] ] ] } },
{ "type": "Feature", "properties": { "feature_type": "building", "subtype": "no-damage", "uid": "8f1b3590-9de2-4efb-b789-3bf7c68c259b" }, "geometry": { "type": "Polygon", "coordinates": [ [ [ 480.434019878155084, 374.484719822489581 ], [ 479.758960778020082, 360.9835378442055 ], [ 484.484374471081424, 361.321067395163084 ], [ 484.484374472607328, 351.195180910178522 ], [ 499.335674646712675, 352.54529910688791 ], [ 499.335674649637383, 343.094471722801075 ], [ 503.386029242054974, 342.756942172860818 ], [ 503.386029241037818, 335.668821633269772 ], [ 515.537093021342457, 334.318703434525787 ], [ 517.224740767483809, 360.9835378442055 ], [ 501.698381493879197, 360.983537843188287 ], [ 502.035911043565193, 376.172367570156609 ], [ 480.434019878155084, 374.484719822489581 ] ] ] } },
{ "type": "Feature", "properties": { "feature_type": "building", "subtype": "no-damage", "uid": "b7d316b5-8d07-41da-bd60-15c8e3ebf8e4" }, "geometry": { "type": "Polygon", "coordinates": [ [ [ 569.356047752997483, 330.811829808677885 ], [ 604.543252199501353, 332.461230016177808 ], [ 603.443652060532258, 376.445235571885576 ], [ 583.101049491319827, 375.895435504753607 ], [ 583.650849559723497, 367.648434462168325 ], [ 568.25644761619003, 367.098634390967106 ], [ 569.356047752997483, 330.811829808677885 ] ] ] } },
{ "type": "Feature", "properties": { "feature_type": "building", "subtype": "no-damage", "uid": "e5afa76f-bcc6-40fc-97ee-e3f93cb32706" }, "geometry": { "type": "Polygon", "coordinates": [ [ [ 610.430957736880714, 335.008387933862309 ], [ 639.521913475532642, 335.801777637906184 ], [ 642.95993551647166, 349.818329033289899 ], [ 642.695472282298965, 367.801828941772214 ], [ 625.769825306435905, 368.066292179505297 ], [ 625.240898842413912, 375.20679949453779 ], [ 608.579715103266722, 376.000189195529913 ], [ 610.430957736880714, 335.008387933862309 ] ] ] } },
{ "type": "Feature", "properties": { "feature_type": "building", "subtype": "no-damage", "uid": "941d578b-01eb-478f-ac5d-965d83f1063d" }, "geometry": { "type": "Polygon", "coordinates": [ [ [ 648.778126663693342, 335.801777634854375 ], [ 656.447560447835144, 335.801777634854375 ], [ 657.240950147937269, 327.338954146415517 ], [ 668.083942741642886, 327.338954147432673 ], [ 667.555016275204821, 336.595167338898307 ], [ 683.687273544734921, 336.859630570527827 ], [ 683.185737329275412, 362.366879254850687 ], [ 685.621099593971735, 362.366879255868014 ], [ 685.296384625040446, 379.252057634193193 ], [ 668.248848766570632, 379.252057634193193 ], [ 667.924133796876276, 368.049391209368707 ], [ 646.980018310594346, 368.374106178808574 ], [ 646.330588368535359, 335.577894330478102 ], [ 648.778126663693342, 335.801777634854375 ] ] ] } },
{ "type": "Feature", "properties": { "feature_type": "building", "subtype": "no-damage", "uid": "60d57748-078b-4afc-b1a3-bb3faa654391" }, "geometry": { "type": "Polygon", "coordinates": [ [ [ 688.47211585032619, 336.178972250123707 ], [ 724.11290043873737, 337.007827702016016 ], [ 724.1129004377201, 356.071503179970421 ], [ 707.328577463911301, 355.864289316742997 ], [ 706.914149738092306, 381.14438070982942 ], [ 701.526589275360379, 381.558808435266883 ], [ 701.112161551194504, 395.234923452016119 ], [ 680.390775161823285, 394.61328185928221 ], [ 681.097248958251157, 381.088748427956375 ], [ 686.971568478783411, 380.721603455968079 ], [ 688.47211585032619, 336.178972250123707 ] ] ] } },
{ "type": "Feature", "properties": { "feature_type": "building", "subtype": "no-damage", "uid": "71bcc22a-016b-41e8-aa7e-aa1febf140eb" }, "geometry": { "type": "Polygon", "coordinates": [ [ [ 729.185798198460816, 336.389576801099508 ], [ 756.954437764723366, 335.331723862374304 ], [ 764.359408315201108, 359.926804620595476 ], [ 764.094945085097379, 379.497083934113789 ], [ 741.086643728602894, 379.232620699432516 ], [ 741.351106961758319, 366.538385468300021 ], [ 727.86348202886893, 366.80284870399862 ], [ 729.185798198460816, 336.389576801099508 ] ] ] } },
{ "type": "Feature", "properties": { "feature_type": "building", "subtype": "no-damage", "uid": "97ab3cc7-c4ea-4931-a181-dbc695a2085c" }, "geometry": { "type": "Polygon", "coordinates": [ [ [ 766.739577424535582, 326.868900378004412 ], [ 776.789180312671306, 327.92675331266048 ], [ 777.318106781652432, 338.505282669394489 ], [ 803.499966945040455, 338.240819434713217 ], [ 803.235503707815951, 368.654091339646811 ], [ 793.185900817900006, 368.125164873336018 ], [ 793.185900821079031, 377.381378060732516 ], [ 768.326356828936014, 376.852451596456319 ], [ 766.739577421992408, 350.935054664828499 ], [ 768.326356824739833, 338.240819432678677 ], [ 767.26850389008348, 337.182966499039821 ], [ 766.739577424535582, 326.868900378004412 ] ] ] } },
{ "type": "Feature", "properties": { "feature_type": "building", "subtype": "no-damage", "uid": "78544054-0ae0-4766-b184-1507bdc5e731" }, "geometry": { "type": "Polygon", "coordinates": [ [ [ 809.275219186940944, 337.418044797962011 ], [ 819.324822074186613, 337.682508035695093 ], [ 819.589285308995045, 339.798213908059211 ], [ 844.977755768466182, 340.591603609051219 ], [ 843.919902831648187, 382.641257809444028 ], [ 829.903351432193517, 382.376794572728215 ], [ 830.696741136873356, 361.74866232455372 ], [ 807.159513311651949, 361.219735859260197 ], [ 809.275219186940944, 337.418044797962011 ] ] ] } },
{ "type": "Feature", "properties": { "feature_type": "building", "subtype": "no-damage", "uid": "1f427493-467c-4d03-8f48-13a7f3c45ee2" }, "geometry": { "type": "Polygon", "coordinates": [ [ [ 850.531483682786757, 343.236235947726072 ], [ 863.225718909597731, 343.500699181390075 ], [ 862.961255678731163, 344.558552116046314 ], [ 883.324924693880121, 345.61640505171971 ], [ 883.324924694134438, 372.856118151667488 ], [ 871.688542400962433, 372.856118151667488 ], [ 871.688542397147785, 385.814816614429617 ], [ 846.828998408056577, 385.021426913437608 ], [ 850.531483682786757, 343.236235947726072 ] ] ] } },
{ "type": "Feature", "properties": { "feature_type": "building", "subtype": "no-damage", "uid": "7141789a-41f2-44e4-b1f2-af6bb5a2515a" }, "geometry": { "type": "Polygon", "coordinates": [ [ [ 889.143115841229019, 341.120530076379282 ], [ 897.60593932470988, 341.120530076379282 ], [ 898.134865793564018, 332.657706589974907 ], [ 909.771248089279084, 332.393243355293578 ], [ 910.035711324214731, 341.384993310043285 ], [ 923.25887302242279, 341.649456544724615 ], [ 923.78779948568183, 386.608206315421683 ], [ 906.597689280605323, 387.666059254146887 ], [ 906.068762813913054, 373.385044618995721 ], [ 886.498483500900647, 372.062728447623726 ], [ 889.143115841229019, 341.120530076379282 ] ] ] } },
{ "type": "Feature", "properties": { "feature_type": "building", "subtype": "no-damage", "uid": "917e428c-53d0-4956-8895-28dcc007966c" }, "geometry": { "type": "Polygon", "coordinates": [ [ [ 928.548137698883124, 341.384993310043285 ], [ 935.688645014552435, 342.178383011035521 ], [ 936.746497949717309, 335.831265395977823 ], [ 952.614291989779645, 335.831265398012306 ], [ 951.820902287388662, 342.9717727130448 ], [ 965.308527221549639, 343.765162416071519 ], [ 964.77960075015244, 385.814816614429617 ], [ 937.275424418825651, 386.608206316439009 ], [ 928.548137699391759, 387.401596019465615 ], [ 929.077064166592777, 373.649507850625128 ], [ 925.374578892498334, 373.649507850625128 ], [ 928.548137698883124, 341.384993310043285 ] ] ] } },
{ "type": "Feature", "properties": { "feature_type": "building", "subtype": "no-damage", "uid": "044b5e3a-ab41-4081-81a5-6402ee1a7cc2" }, "geometry": { "type": "Polygon", "coordinates": [ [ [ 974.300277171850098, 340.856066843732492 ], [ 1002.862306439232043, 341.120530075362126 ], [ 1004.449085844267984, 374.707360789350275 ], [ 990.168071210132211, 374.971824020979909 ], [ 988.581291809673758, 388.7239121877858 ], [ 967.688696323763338, 387.666059252112404 ], [ 967.68869632452629, 370.475949042587672 ], [ 972.7134977678312, 370.740412279303484 ], [ 974.300277171850098, 340.856066843732492 ] ] ] } },
{ "type": "Feature", "properties": { "feature_type": "building", "subtype": "no-damage", "uid": "5d6474e4-b46d-4f05-8780-e877701a9403" }, "geometry": { "type": "Polygon", "coordinates": [ [ [ 1022.84479204417903, 375.446153735572011 ], [ 1008.151571120523954, 376.294140193369117 ], [ 1008.680497586581055, 341.384993308008802 ], [ 1022.844810918427015, 341.148350600719994 ], [ 1022.84479204417903, 375.446153735572011 ] ] ] } },
{ "type": "Feature", "properties": { "feature_type": "building", "subtype": "no-damage", "uid": "b4d64668-af10-4aca-8ba0-9bd71ed428ad" }, "geometry": { "type": "Polygon", "coordinates": [ [ [ 650.143378362932594, 311.315689643759697 ], [ 686.144186830578178, 312.969437027504227 ], [ 685.126496131118643, 332.559982978204516 ], [ 669.097867626171364, 332.178348965319117 ], [ 669.861135648381833, 326.708261460859205 ], [ 655.995099879007057, 325.690570767630618 ], [ 655.231831854507845, 331.287869608362712 ], [ 648.235208303083255, 329.634122224618181 ], [ 650.143378362932594, 311.315689643759697 ] ] ] } },
{ "type": "Feature", "properties": { "feature_type": "building", "subtype": "no-damage", "uid": "0a17b12b-656c-42ce-b308-1771d18cda35" }, "geometry": { "type": "Polygon", "coordinates": [ [ [ 575.938010550545187, 251.743004175733887 ], [ 585.723150208831498, 252.271930642044708 ], [ 585.723150208577181, 248.569445368713701 ], [ 598.152922201851197, 248.3049821340324 ], [ 597.35953250098612, 238.519842478290514 ], [ 610.847157433239772, 238.519842478290514 ], [ 611.11162066677673, 281.362886379675388 ], [ 574.351231148815032, 279.7761069776912 ], [ 575.938010550545187, 251.743004175733887 ] ] ] } },
{ "type": "Feature", "properties": { "feature_type": "building", "subtype": "no-damage", "uid": "6b65b997-5aac-4d66-b62e-72b44be78ac8" }, "geometry": { "type": "Polygon", "coordinates": [ [ [ 623.805855896130765, 249.098371835024494 ], [ 639.673649932251237, 249.098371837059091 ], [ 639.673649935175831, 236.404136606943808 ], [ 662.153024820400333, 238.519842476256002 ], [ 662.946414524952957, 276.602548166601878 ], [ 665.855510096783519, 284.007518719367511 ], [ 645.756304317206059, 287.181077524353213 ], [ 642.847208741306304, 276.602548167619204 ], [ 624.070319133228168, 276.867011404335017 ], [ 623.805855896130765, 249.098371835024494 ] ] ] } },
{ "type": "Feature", "properties": { "feature_type": "building", "subtype": "no-damage", "uid": "4c904d75-c330-4230-b554-6649e6065c24" }, "geometry": { "type": "Polygon", "coordinates": [ [ [ 669.029068905965914, 248.569445368713701 ], [ 688.334884983788243, 246.982665965712187 ], [ 687.277032048877686, 236.139673375314288 ], [ 706.053921656447187, 233.495041032570299 ], [ 707.640701064026644, 261.263680597811685 ], [ 701.558046679326026, 261.792607064122478 ], [ 704.202679019527181, 277.660401102275273 ], [ 686.219179112568327, 277.924864337973872 ], [ 688.334884981626487, 283.478592250004908 ], [ 673.524943878509362, 285.329834886670426 ], [ 669.029068905965914, 248.569445368713701 ] ] ] } },
{ "type": "Feature", "properties": { "feature_type": "building", "subtype": "no-damage", "uid": "4e910bb7-8a22-4f5c-b227-8041545f041b" }, "geometry": { "type": "Polygon", "coordinates": [ [ [ 714.516745143997241, 241.428938050629398 ], [ 725.888664204649444, 240.106621884343809 ], [ 726.15312743907657, 237.197526306918604 ], [ 731.706855351108288, 235.346283673304896 ], [ 732.500245053626372, 227.412386652193987 ], [ 751.012671428676299, 225.825607244106209 ], [ 754.979619940758198, 254.387636514408797 ], [ 754.715156707857091, 264.172776170150712 ], [ 754.979619938723658, 274.486842295255087 ], [ 724.830811268467301, 280.040570207286123 ], [ 722.186178930555002, 278.453790802250126 ], [ 716.10352454661745, 268.668651149559992 ], [ 714.516745143997241, 241.428938050629398 ] ] ] } },
{ "type": "Feature", "properties": { "feature_type": "building", "subtype": "no-damage", "uid": "32a180a4-39a1-4526-be08-d7167bc4b2a0" }, "geometry": { "type": "Polygon", "coordinates": [ [ [ 755.244083174930893, 222.916511673801807 ], [ 774.285436019343479, 219.478489634134888 ], [ 778.252384530408108, 236.139673371245209 ], [ 802.376218011911078, 235.111788380363095 ], [ 806.253262679827685, 264.835797499146508 ], [ 764.467336823531468, 272.589886831164108 ], [ 755.244083174930893, 222.916511673801807 ] ] ] } },
{ "type": "Feature", "properties": { "feature_type": "building", "subtype": "no-damage", "uid": "58c7bf7e-8ab9-43f7-a322-6300e79fb962" }, "geometry": { "type": "Polygon", "coordinates": [ [ [ 800.918330943172691, 216.780773752034605 ], [ 819.144926614011297, 214.080537359633098 ], [ 821.507633459397539, 224.881482938394811 ], [ 842.771995076520398, 221.843716994018308 ], [ 845.134701921779424, 224.881482941446507 ], [ 849.8601156153494, 249.858669601424708 ], [ 849.860115612806226, 256.271731040117913 ], [ 837.709051835680384, 258.634437883596377 ], [ 834.333756342126208, 250.533728702322605 ], [ 831.633519945146531, 250.871258250228408 ], [ 830.958460846664593, 262.347262928870578 ], [ 815.769631117659628, 265.722558424204578 ], [ 800.918330943172691, 216.780773752034605 ] ] ] } },
{ "type": "Feature", "properties": { "feature_type": "building", "subtype": "no-damage", "uid": "69560465-3172-4aa2-a892-62b1de818584" }, "geometry": { "type": "Polygon", "coordinates": [ [ [ 847.159879220912899, 206.31735772016151 ], [ 864.711415792379398, 203.27959177375061 ], [ 865.386474887682425, 212.055360061008514 ], [ 878.212597767104967, 209.692653214478213 ], [ 878.212597770665411, 212.730419156820091 ], [ 888.338484252472426, 210.705241862264586 ], [ 897.114252539095787, 242.770549061833691 ], [ 880.912834166246284, 247.158433205971392 ], [ 879.562715969155192, 243.108078609739493 ], [ 876.862479573701421, 244.120667257525895 ], [ 879.562715965086113, 254.58408328939899 ], [ 861.33612029602773, 258.296908336707872 ], [ 847.159879220912899, 206.31735772016151 ] ] ] } },
{ "type": "Feature", "properties": { "feature_type": "building", "subtype": "no-damage", "uid": "30ce2d8e-85fb-4b7e-96bc-00190b47df87" }, "geometry": { "type": "Polygon", "coordinates": [ [ [ 892.681506037716758, 192.450831455846497 ], [ 907.808118099348462, 187.89212645060249 ], [ 911.952395374577804, 197.216750323300602 ], [ 916.718314245211559, 196.595108732601204 ], [ 913.195678561826071, 185.819987811207909 ], [ 928.322290623584877, 181.882924399715193 ], [ 946.349896778284005, 222.704055581648902 ], [ 943.448902684072209, 229.956540816986887 ], [ 906.772048778760904, 240.93887560262479 ], [ 892.681506037716758, 192.450831455846497 ] ] ] } },
{ "type": "Feature", "properties": { "feature_type": "building", "subtype": "no-damage", "uid": "cff33183-a28a-4db0-ad7a-b7e3407e90ae" }, "geometry": { "type": "Polygon", "coordinates": [ [ [ 939.059593167319008, 189.383900151809598 ], [ 957.623718383901746, 182.970838712099209 ], [ 952.560775145986327, 172.169893129268388 ], [ 971.462429913781079, 166.094361237463886 ], [ 985.976200538327589, 203.222611680033992 ], [ 974.500195857903577, 207.272966269144888 ], [ 971.79995946601025, 201.534963929315211 ], [ 959.311366135510866, 204.910259423631913 ], [ 963.699250277232977, 215.036145909633802 ], [ 949.523009200210822, 220.099089153651988 ], [ 939.059593167319008, 189.383900151809598 ] ] ] } },
{ "type": "Feature", "properties": { "feature_type": "building", "subtype": "no-damage", "uid": "313629ef-4e34-430c-b038-a0461083c57e" }, "geometry": { "type": "Polygon", "coordinates": [ [ [ 1022.844935629403949, 196.760238859830594 ], [ 993.752314332459946, 205.590746750582298 ], [ 984.010865265027519, 185.296061200767099 ], [ 978.97778325091474, 172.956892388497693 ], [ 978.653068282237655, 162.890728356204392 ], [ 993.752314330171089, 157.370573887932295 ], [ 997.161821504459112, 162.890728355187093 ], [ 1021.677801649368007, 157.5329313680746 ], [ 1022.844980278149023, 159.023536916990707 ], [ 1022.844935629403949, 196.760238859830594 ] ] ] } },
{ "type": "Feature", "properties": { "feature_type": "building", "subtype": "no-damage", "uid": "bc8bcd0e-258c-4d15-a050-9f88169ee9d9" }, "geometry": { "type": "Polygon", "coordinates": [ [ [ 91.017272252500732, 0.004604619095925 ], [ 90.488478843462431, 18.303030594568529 ], [ 75.056271305883214, 19.28310022652229 ], [ 73.609501849068266, 38.480019681169047 ], [ 30.190861498880629, 36.286530505085359 ], [ 32.042104134783429, 17.245177657877861 ], [ 37.860295285819923, 16.980714424213829 ], [ 37.860295283658232, 14.86500855388431 ], [ 29.661935030916709, 14.336082085538971 ], [ 32.041553891672038, 0.00331452495636 ], [ 91.017272252500732, 0.004604619095925 ] ] ] } },
{ "type": "Feature", "properties": { "feature_type": "building", "subtype": "no-damage", "uid": "2224f187-aa4e-4a5d-a7f4-3a1bcb7e66ab" }, "geometry": { "type": "Polygon", "coordinates": [ [ [ 27.878495056556641, 42.448163727321393 ], [ 32.262147135095567, 42.935236180972687 ], [ 33.236292038456391, 40.337516433591183 ], [ 59.375847029929091, 44.396453541926597 ], [ 59.051132061379199, 40.337516432573914 ], [ 74.79980804603089, 42.772878699813148 ], [ 74.150378106260774, 46.669458323937221 ], [ 79.345817607763905, 47.481245746011211 ], [ 80.157605033652757, 43.747023603046692 ], [ 91.847343910349949, 43.584666119852614 ], [ 89.41198164412765, 84.174037219483054 ], [ 34.535151916597869, 83.037534826951841 ], [ 35.346939338926283, 69.399506137939881 ], [ 29.50206989867031, 70.048936078854325 ], [ 25.443132790080028, 64.041709154896438 ], [ 27.878495056556641, 42.448163727321393 ] ] ] } },
{ "type": "Feature", "properties": { "feature_type": "building", "subtype": "no-damage", "uid": "bb11b4de-7c91-4fad-b4b3-b29d5f269b9f" }, "geometry": { "type": "Polygon", "coordinates": [ [ [ 34.218183355050648, 86.35154248058231 ], [ 78.672524880147805, 87.746970246791705 ], [ 78.373504644240811, 110.173487824352904 ], [ 64.817920679951783, 110.073814414588 ], [ 63.920859981640533, 125.024826136692198 ], [ 41.594015808754833, 125.523193194672103 ], [ 42.092382864445973, 109.376100537078301 ], [ 33.719816297960769, 108.479039829866096 ], [ 34.218183355050648, 86.35154248058231 ] ] ] } },
{ "type": "Feature", "properties": { "feature_type": "building", "subtype": "no-damage", "uid": "2b2d0071-f6af-4d7c-884b-fbdd95b0a04b" }, "geometry": { "type": "Polygon", "coordinates": [ [ [ 29.278330591130381, 149.157915675723103 ], [ 40.345716942808977, 149.539549688608389 ], [ 41.236196300274223, 132.747653157256792 ], [ 68.586633832877567, 133.510921180993108 ], [ 68.459422493299328, 129.949003736890802 ], [ 81.562190241608036, 130.076215073162899 ], [ 82.198246931488228, 147.758590963505497 ], [ 68.586633834021981, 149.03070433741641 ], [ 68.210905264760356, 151.978757522743507 ], [ 81.472592552259087, 151.978757522743507 ], [ 78.986026182848946, 168.141438906359298 ], [ 62.408917073030487, 167.934225045166386 ], [ 61.580061619230783, 165.447658679317101 ], [ 58.264639799072732, 165.033230951845098 ], [ 58.471853659248332, 170.213577546771205 ], [ 46.039021830254178, 171.249646865959789 ], [ 42.30917227690194, 168.348652771621204 ], [ 28.63305726447431, 168.555866634848599 ], [ 29.278330591130381, 149.157915675723103 ] ] ] } },
{ "type": "Feature", "properties": { "feature_type": "building", "subtype": "no-damage", "uid": "659c595b-b00a-4f98-8bdd-12ceb0233b17" }, "geometry": { "type": "Polygon", "coordinates": [ [ [ 107.579356805287304, 135.204481052422892 ], [ 125.814176822450904, 132.717914684539011 ], [ 137.003725473606607, 134.375625598496214 ], [ 158.346753452914299, 135.618908776843114 ], [ 157.31068413270819, 152.817659481682114 ], [ 147.364418668037814, 152.817659481682114 ], [ 144.329345012492013, 173.136807190736306 ], [ 113.588558853505205, 172.502976549318589 ], [ 113.381344993202504, 160.484572441440292 ], [ 106.957715214206402, 160.070144717020099 ], [ 107.579356805287304, 135.204481052422892 ] ] ] } },
{ "type": "Feature", "properties": { "feature_type": "building", "subtype": "no-damage", "uid": "32cfd2ed-1d87-4a32-8830-e8560ab09c25" }, "geometry": { "type": "Polygon", "coordinates": [ [ [ 130.92522536179689, 1.918856353168157 ], [ 166.773223813817111, 4.405422719017513 ], [ 165.322726765121701, 23.883525923426671 ], [ 148.538403792075798, 24.91959524363261 ], [ 147.502334474412891, 41.911132082192417 ], [ 135.276716506103014, 41.703918215913248 ], [ 135.483930368313111, 38.181282531892492 ], [ 124.501595581274998, 37.974068667647849 ], [ 125.952092627554407, 18.28875160001131 ], [ 130.510797633053301, 18.28875159899404 ], [ 130.510797633053301, 14.973329776166119 ], [ 127.817017405247796, 13.73004659375008 ], [ 129.060300588426912, 8.964127727313278 ], [ 130.92522536179689, 1.918856353168157 ] ] ] } },
{ "type": "Feature", "properties": { "feature_type": "building", "subtype": "no-damage", "uid": "8580095c-7180-4d6a-9f2d-d5a50e570086" }, "geometry": { "type": "Polygon", "coordinates": [ [ [ 111.844436747632997, 47.305443861701811 ], [ 118.268066527137705, 47.305443861701811 ], [ 123.241199260490106, 43.575594311401879 ], [ 163.855116581490904, 45.647732949779218 ], [ 162.611833395132805, 62.224842057815209 ], [ 157.845914530602698, 62.224842057815209 ], [ 157.224272937360098, 71.135038206093029 ], [ 161.575764079631597, 71.756679801878761 ], [ 159.918053168853191, 87.090505726481439 ], [ 114.952644705453693, 84.603939360632083 ], [ 115.781500162178105, 72.999962982260257 ], [ 111.637222885677204, 72.999962982260257 ], [ 111.844436747632997, 47.305443861701811 ] ] ] } },
{ "type": "Feature", "properties": { "feature_type": "building", "subtype": "no-damage", "uid": "057c9c1a-792c-4ad1-b276-4a30131c8970" }, "geometry": { "type": "Polygon", "coordinates": [ [ [ 115.325486977142702, 89.276321387840596 ], [ 126.690510886053005, 89.763393839457365 ], [ 126.365795919410502, 92.523471072067494 ], [ 151.693563481561, 94.471760885655428 ], [ 150.719418579853311, 131.164552360144512 ], [ 116.6243468528682, 126.618542798157804 ], [ 114.026627101544406, 121.098388329885793 ], [ 115.325486977142702, 89.276321387840596 ] ] ] } },
{ "type": "Feature", "properties": { "feature_type": "building", "subtype": "no-damage", "uid": "c2b3b102-6b12-4be2-a768-655722079694" }, "geometry": { "type": "Polygon", "coordinates": [ [ [ 226.854080015288588, 5.299414350544828 ], [ 273.95186718186261, 11.235149834272111 ], [ 273.95186717792069, 22.373624966025879 ], [ 267.201276191193813, 23.048684065906489 ], [ 266.863746641507703, 43.637986582764313 ], [ 238.173734937014302, 43.300457032823999 ], [ 239.186323586072405, 24.398802263633169 ], [ 226.327094001593196, 22.027818741283721 ], [ 226.854080015288588, 5.299414350544828 ] ] ] } },
{ "type": "Feature", "properties": { "feature_type": "building", "subtype": "no-damage", "uid": "98e2178a-6239-47c2-b757-b24c184e3c2c" }, "geometry": { "type": "Polygon", "coordinates": [ [ [ 311.846443248831122, 6.565300407585104 ], [ 349.144938749292407, 6.979728136074385 ], [ 350.802649658799226, 29.7732531622942 ], [ 333.396685092637824, 33.088674982070323 ], [ 333.39668509111192, 45.935934540823652 ], [ 310.603160066160626, 43.449368175991552 ], [ 311.846443248831122, 6.565300407585104 ] ] ] } },
{ "type": "Feature", "properties": { "feature_type": "building", "subtype": "no-damage", "uid": "6c5e4bb5-41e0-46f5-a178-344c7da1b763" }, "geometry": { "type": "Polygon", "coordinates": [ [ [ 230.569045965672188, 48.13291272556102 ], [ 264.684803148646211, 52.628787707004982 ], [ 262.833560509310075, 75.108162587775823 ], [ 268.800203283466772, 76.002954882816283 ], [ 267.593898721494213, 89.653640457608432 ], [ 226.337634223740906, 83.835449310896109 ], [ 230.569045965672188, 48.13291272556102 ] ] ] } },
{ "type": "Feature", "properties": { "feature_type": "building", "subtype": "no-damage", "uid": "e68815ef-79c1-4d1a-81e6-81031f480ab3" }, "geometry": { "type": "Polygon", "coordinates": [ [ [ 306.734457345611418, 51.042008298917182 ], [ 328.949368999842079, 52.099861234590577 ], [ 328.949368999842079, 48.926302427570377 ], [ 348.255185075375607, 49.455228895915717 ], [ 346.932868909598426, 69.818897911443372 ], [ 333.709707206939811, 69.818897909408832 ], [ 332.916317506074677, 89.918103691272464 ], [ 304.089825005028786, 87.802397819925659 ], [ 306.734457345611418, 51.042008298917182 ] ] ] } },
{ "type": "Feature", "properties": { "feature_type": "building", "subtype": "no-damage", "uid": "b72a7b26-1d4e-44bf-9289-3e3b5c5e5eab" }, "geometry": { "type": "Polygon", "coordinates": [ [ [ 230.086605013672909, 93.161063187991431 ], [ 259.718187545219621, 94.818774097879484 ], [ 258.474904364583608, 112.017524799666703 ], [ 263.448037097808822, 112.6391663903661 ], [ 262.204753913230888, 129.423489365698487 ], [ 251.222419128735993, 129.009061638226513 ], [ 251.429632990183109, 132.117269595792493 ], [ 218.897056365823403, 130.666772549131792 ], [ 219.725911819495991, 108.2876752493667 ], [ 229.672177286963802, 108.702102976838702 ], [ 230.086605013672909, 93.161063187991431 ] ] ] } },
{ "type": "Feature", "properties": { "feature_type": "building", "subtype": "no-damage", "uid": "b0321210-6b6d-43bf-9a82-a33153903aca" }, "geometry": { "type": "Polygon", "coordinates": [ [ [ 219.551536811322393, 136.741697360311491 ], [ 256.854813014483682, 137.898215156572206 ], [ 255.943290715294012, 161.25448992248559 ], [ 260.430316074185384, 162.097351231686105 ], [ 260.767845623362689, 172.966957802471399 ], [ 224.993563650525203, 173.945215956280492 ], [ 224.65603410338241, 162.469211274586513 ], [ 230.056506894289811, 161.456622626800112 ], [ 230.056506894925604, 155.718620283918511 ], [ 218.2429726616366, 155.381090737030007 ], [ 219.551536811322393, 136.741697360311491 ] ] ] } },
{ "type": "Feature", "properties": { "feature_type": "building", "subtype": "no-damage", "uid": "812399bf-7f97-4b92-b86e-772d9d90df5a" }, "geometry": { "type": "Polygon", "coordinates": [ [ [ 298.093362226989086, 93.78998188373231 ], [ 343.322321854145173, 95.477629630382026 ], [ 342.647262756171926, 114.379284398555598 ], [ 331.171258075493483, 114.379284398555598 ], [ 330.158669425799587, 132.605880069900309 ], [ 294.380537185274818, 130.918232322233393 ], [ 295.055596282866588, 118.767168539641403 ], [ 298.768421325089491, 119.1046980916162 ], [ 298.093362226989086, 93.78998188373231 ] ] ] } },
{ "type": "Feature", "properties": { "feature_type": "building", "subtype": "no-damage", "uid": "e2d2f5d5-4b61-4374-95bb-f4c3ade24185" }, "geometry": { "type": "Polygon", "coordinates": [ [ [ 291.652204961452298, 138.711275758684707 ], [ 311.222484277770718, 136.860033119984706 ], [ 340.04897677741792, 139.504665460694099 ], [ 340.577903243474509, 154.314606563173498 ], [ 327.354741547427977, 154.843533032536101 ], [ 326.296888611118675, 176.529518211297614 ], [ 289.087061690238386, 175.627421416211092 ], [ 291.652204961452298, 138.711275758684707 ] ] ] } },
{ "type": "Feature", "properties": { "feature_type": "building", "subtype": "no-damage", "uid": "042a6999-0c43-443b-851d-9ea0c8acca30" }, "geometry": { "type": "Polygon", "coordinates": [ [ [ 410.773257103140281, 8.595661568414778 ], [ 415.004668845198694, 6.744418932766551 ], [ 458.641102451650625, 10.446904210166609 ], [ 454.145227470969019, 48.529609896443453 ], [ 415.004668849140614, 47.20729372812329 ], [ 394.905463067147082, 44.562661388431167 ], [ 398.079021875184992, 23.934529143308549 ], [ 408.393088000163687, 24.198992372903511 ], [ 410.773257103140281, 8.595661568414778 ] ] ] } },
{ "type": "Feature", "properties": { "feature_type": "building", "subtype": "no-damage", "uid": "8ced1b79-0833-41d9-9bd7-898530472201" }, "geometry": { "type": "Polygon", "coordinates": [ [ [ 487.209327056965606, 8.963059316032586 ], [ 517.876978914313213, 10.41355636472781 ], [ 532.796377108521369, 9.791914771993884 ], [ 531.882198300711138, 32.329469728044288 ], [ 520.363545279272898, 34.243150704032693 ], [ 520.363545280162953, 42.531705263645662 ], [ 529.688169153116633, 47.919265723833647 ], [ 529.27374142755184, 54.550109367454951 ], [ 491.975245927472088, 50.820259817155012 ], [ 492.804101384959381, 29.684445699805991 ], [ 488.038182513562788, 28.026734793987 ], [ 487.209327056965606, 8.963059316032586 ] ] ] } },
{ "type": "Feature", "properties": { "feature_type": "building", "subtype": "no-damage", "uid": "f71bd916-02cb-4294-8cea-d3a68e8ad365" }, "geometry": { "type": "Polygon", "coordinates": [ [ [ 519.137843324095343, 0.008894141724472 ], [ 518.97580427527646, 4.534634494877772 ], [ 495.433969034618883, 3.073417134941136 ], [ 491.548655820373597, 0.008886674983539 ], [ 519.137843324095343, 0.008894141724472 ] ] ] } },
{ "type": "Feature", "properties": { "feature_type": "building", "subtype": "no-damage", "uid": "5fa60cfa-e0c3-497b-a423-889678256b79" }, "geometry": { "type": "Polygon", "coordinates": [ [ [ 547.062247826999624, 0.008863973649661 ], [ 545.602431717475952, 9.243001545144905 ], [ 533.263262903297459, 7.619426699979656 ], [ 526.768963523525713, 5.995851852779873 ], [ 526.76896352581457, 0.008889667783515 ], [ 547.062247826999624, 0.008863973649661 ] ] ] } },
{ "type": "Feature", "properties": { "feature_type": "building", "subtype": "no-damage", "uid": "327ac78e-e602-4021-a8a7-7dba5f8f5a3f" }, "geometry": { "type": "Polygon", "coordinates": [ [ [ 404.182388094502016, 51.386145326602872 ], [ 420.721336018817908, 53.07379307732166 ], [ 432.534870250708082, 50.711086227739528 ], [ 453.124172768585993, 55.098970369842618 ], [ 451.774054569841894, 83.788982075095078 ], [ 449.748877271725689, 83.788982075095078 ], [ 449.073818174896815, 94.252398109002769 ], [ 414.645804127393887, 91.8896912604379 ], [ 416.333451875569722, 79.738627480897762 ], [ 413.970745031073591, 78.3885092852056 ], [ 411.945567734356075, 66.237445502613653 ], [ 406.207565394144126, 67.58756369728853 ], [ 404.182388094502016, 51.386145326602872 ] ] ] } },
{ "type": "Feature", "properties": { "feature_type": "building", "subtype": "no-damage", "uid": "1485ffc8-20f6-4681-bee9-a8ef6a3e846c" }, "geometry": { "type": "Polygon", "coordinates": [ [ [ 402.506131480534123, 116.739339720947399 ], [ 419.228952374650191, 116.739339720947399 ], [ 419.391309860260321, 97.7435140458402 ], [ 447.803869627767483, 99.691803861462674 ], [ 447.316797174497594, 115.927552298873394 ], [ 438.874207986605427, 117.226412175616005 ], [ 438.711850501503875, 135.572807912860497 ], [ 401.856701542925578, 135.410450429666412 ], [ 402.506131480534123, 116.739339720947399 ] ] ] } },
{ "type": "Feature", "properties": { "feature_type": "building", "subtype": "no-damage", "uid": "22c18fd9-abdd-46e4-9529-af3f6ef69408" }, "geometry": { "type": "Polygon", "coordinates": [ [ [ 482.118248845732808, 53.989735248701507 ], [ 527.026457512285788, 54.928159223637628 ], [ 527.235842342137971, 70.004781361894445 ], [ 517.186146694242325, 70.259204034438639 ], [ 517.05893535390112, 76.874193578571948 ], [ 514.260285935314869, 77.89188427892141 ], [ 514.260285936077821, 91.376286034645887 ], [ 482.966296947885212, 90.231384000058867 ], [ 484.111198980692109, 71.404106073094724 ], [ 480.80370420887931, 70.64083804732401 ], [ 482.118248845732808, 53.989735248701507 ] ] ] } },
{ "type": "Feature", "properties": { "feature_type": "building", "subtype": "no-damage", "uid": "a4a0b74b-a14b-40b4-af49-71e051ae2ab1" }, "geometry": { "type": "Polygon", "coordinates": [ [ [ 482.192801173156283, 98.89950853749545 ], [ 501.130749354397494, 97.703427599971263 ], [ 526.24844904965687, 98.401141479515516 ], [ 526.348122463109348, 117.040069429043498 ], [ 516.679801549716444, 116.840722604427299 ], [ 514.454381705831452, 138.506626671121808 ], [ 477.958455418482117, 135.333067863084409 ], [ 482.192801173156283, 98.89950853749545 ] ] ] } },
{ "type": "Feature", "properties": { "feature_type": "building", "subtype": "no-damage", "uid": "94e32bba-3614-4b35-891b-67882d2c9710" }, "geometry": { "type": "Polygon", "coordinates": [ [ [ 401.077908485027024, 139.266979138011607 ], [ 424.615136308595424, 139.00251590434749 ], [ 448.416827362267327, 142.176074712385002 ], [ 445.772195022829123, 165.713302533915595 ], [ 436.780445066424988, 164.655449596207689 ], [ 436.515981832379509, 179.465390698687003 ], [ 410.598584904054292, 179.994317168049605 ], [ 411.656437842016828, 161.217427555523386 ], [ 399.755592313782017, 158.837258449495295 ], [ 401.077908485027024, 139.266979138011607 ] ] ] } },
{ "type": "Feature", "properties": { "feature_type": "building", "subtype": "no-damage", "uid": "f1527cae-8ceb-4121-b9fe-1815c2735c5d" }, "geometry": { "type": "Polygon", "coordinates": [ [ [ 481.099919705209174, 148.543705128017706 ], [ 487.73076335391778, 148.543705127000408 ], [ 488.974046537224126, 141.291219892679692 ], [ 508.452149739219919, 143.156144668846991 ], [ 522.749906347179035, 142.327289210851092 ], [ 523.993189528578, 145.021069440945212 ], [ 535.804379770814535, 145.435497169434399 ], [ 533.939454994774223, 156.625045819316995 ], [ 524.200403394857176, 157.039473545771699 ], [ 523.164334074142516, 165.742455830822195 ], [ 509.488219059171684, 164.291958782126898 ], [ 508.866577464657382, 181.49070948289679 ], [ 488.352404943345675, 180.661854027952813 ], [ 488.7668326703091, 176.517576748146411 ], [ 480.478278115527019, 177.553646070386804 ], [ 481.099919705209174, 148.543705128017706 ] ] ] } },
{ "type": "Feature", "properties": { "feature_type": "building", "subtype": "no-damage", "uid": "01307e9a-b83b-45fe-872b-2d4510ada745" }, "geometry": { "type": "Polygon", "coordinates": [ [ [ 977.391359105070592, 288.614816247164299 ], [ 990.14955577712567, 285.940418833218189 ], [ 991.606102357072359, 299.403263890173605 ], [ 979.969720063391833, 301.783432993149916 ], [ 977.391359105070592, 288.614816247164299 ] ] ] } },
{ "type": "Feature", "properties": { "feature_type": "building", "subtype": "no-damage", "uid": "077ce248-c6c6-4751-987f-e41ba37b3584" }, "geometry": { "type": "Polygon", "coordinates": [ [ [ 1022.844872464870036, 259.486839537206606 ], [ 1012.395106629545012, 265.962296615433672 ], [ 994.506040506612521, 225.796280231538987 ], [ 1022.844915349165944, 215.467675825737899 ], [ 1022.844872464870036, 259.486839537206606 ] ] ] } },
{ "type": "Feature", "properties": { "feature_type": "building", "subtype": "no-damage", "uid": "7dacd582-dbe1-45e8-bfb8-be745b8eea48" }, "geometry": { "type": "Polygon", "coordinates": [ [ [ 591.974320249312314, 59.320295873069213 ], [ 601.920585713601213, 59.320295873069213 ], [ 601.920585711566673, 56.004874052275831 ], [ 611.866851180306185, 55.797660188031188 ], [ 612.074065045695193, 42.535972898754054 ], [ 625.128538466151781, 42.74318676299869 ], [ 627.615104835434749, 81.699393170799752 ], [ 629.687243473812373, 81.906607035044388 ], [ 630.101671202937496, 94.546652734639409 ], [ 589.963126861474166, 94.75386659583225 ], [ 591.974320249312314, 59.320295873069213 ] ] ] } },
{ "type": "Feature", "properties": { "feature_type": "building", "subtype": "no-damage", "uid": "60148b07-3732-485c-acd9-868c1d48233c" }, "geometry": { "type": "Polygon", "coordinates": [ [ [ 630.517820328911739, 55.992273013445299 ], [ 640.049658067890164, 55.577845286990552 ], [ 640.46408579434501, 51.847995736690621 ], [ 650.410351261812821, 50.397498686978132 ], [ 652.068062175134401, 39.622377767619412 ], [ 669.681240600962724, 39.415163905409308 ], [ 671.131737649658135, 89.560918963092902 ], [ 645.437218528841868, 90.596988282281572 ], [ 645.022790802387021, 93.083554647113658 ], [ 631.968317376844197, 92.669126919641641 ], [ 630.517820328911739, 55.992273013445299 ] ] ] } },
{ "type": "Feature", "properties": { "feature_type": "building", "subtype": "no-damage", "uid": "9630c842-23cf-4229-90bd-0543ecf8a072" }, "geometry": { "type": "Polygon", "coordinates": [ [ [ 584.503397305104841, 131.871834604722409 ], [ 585.032323771924325, 124.995790519284895 ], [ 599.313338407077595, 124.995790522336705 ], [ 599.31333840758623, 129.491665499711587 ], [ 617.296838315816672, 130.549518435385011 ], [ 616.238985377599874, 152.764430090629901 ], [ 618.354691248184054, 174.714878506107198 ], [ 600.371191341225199, 174.979341739771286 ], [ 597.726559001532678, 160.962790339301307 ], [ 581.329838494142336, 158.847084468971701 ], [ 578.949669388749612, 144.566069835854989 ], [ 584.503397305104841, 131.871834604722409 ] ] ] } },
{ "type": "Feature", "properties": { "feature_type": "building", "subtype": "no-damage", "uid": "ef886863-08e4-4f0e-b4ac-26e2f9a1bd50" }, "geometry": { "type": "Polygon", "coordinates": [ [ [ 624.624569307383467, 124.3339499516064 ], [ 633.554230953504771, 124.171592467395001 ], [ 634.041303403468532, 131.477679264026392 ], [ 660.343215877880994, 130.828249328198297 ], [ 660.992645814726416, 160.377311487215593 ], [ 648.653476998894917, 161.676171364975403 ], [ 640.210887809476844, 161.026741427112711 ], [ 640.048530324629724, 171.742335397268704 ], [ 622.351564526771313, 172.878837786748107 ], [ 624.624569307383467, 124.3339499516064 ] ] ] } },
{ "type": "Feature", "properties": { "feature_type": "building", "subtype": "no-damage", "uid": "5dbd6548-7082-426a-90d3-dc7c26a250fb" }, "geometry": { "type": "Polygon", "coordinates": [ [ [ 666.11024609498736, 126.631646715886603 ], [ 680.072989754204173, 125.657501810618498 ], [ 680.235347239941461, 131.502371253416896 ], [ 703.777182476275584, 129.716438920988509 ], [ 710.10912437018294, 168.519877693276896 ], [ 690.788583724361501, 170.468167506864802 ], [ 689.002651398290823, 160.726718441976914 ], [ 668.220893393804204, 161.051433413451406 ], [ 666.11024609498736, 126.631646715886603 ] ] ] } },
{ "type": "Feature", "properties": { "feature_type": "building", "subtype": "no-damage", "uid": "1eb3bebf-5569-4bfb-93ea-745fa21696b9" }, "geometry": { "type": "Polygon", "coordinates": [ [ [ 676.402879310275694, 53.007094766981133 ], [ 698.679829577346709, 50.981917470391103 ], [ 696.654652278467552, 37.818265042047301 ], [ 711.168422906574506, 35.793087743422753 ], [ 718.594072994072349, 80.009458723549329 ], [ 709.480775158907363, 80.346988270437834 ], [ 706.443009215039069, 76.971692781207452 ], [ 703.06771372173921, 76.971692778155656 ], [ 701.380065971528893, 83.047224668942988 ], [ 695.304534083156682, 81.697106471216316 ], [ 695.304534081249358, 85.072401965533018 ], [ 681.128293005880209, 87.435108812063348 ], [ 676.402879310275694, 53.007094766981133 ] ] ] } },
{ "type": "Feature", "properties": { "feature_type": "building", "subtype": "no-damage", "uid": "5590329c-2598-49bd-bf3c-d33b2192d00a" }, "geometry": { "type": "Polygon", "coordinates": [ [ [ 718.257359246742112, 38.182419403218319 ], [ 732.273910643526392, 35.537787063526189 ], [ 735.447469453344524, 45.322926720285331 ], [ 747.87724145106904, 42.413831145911907 ], [ 748.141704683207195, 43.736147317283873 ], [ 760.835939910781121, 42.942757616291772 ], [ 766.389667826246068, 70.975860414179976 ], [ 738.356565027591159, 75.736198625218904 ], [ 739.149954727693284, 87.372580920678075 ], [ 723.811087158138093, 88.959360323679533 ], [ 718.257359246742112, 38.182419403218319 ] ] ] } },
{ "type": "Feature", "properties": { "feature_type": "building", "subtype": "no-damage", "uid": "21cfc43c-90ab-42df-a87e-dd1db2f64358" }, "geometry": { "type": "Polygon", "coordinates": [ [ [ 763.745035488460985, 37.917956173623352 ], [ 771.414469269678193, 37.124566467544923 ], [ 771.414469269042343, 34.744397360499548 ], [ 782.521925099845362, 29.719595917831139 ], [ 781.464072164298955, 23.37247830277348 ], [ 797.331866200164995, 22.843551835445421 ], [ 810.555027894685509, 72.827103050845466 ], [ 769.563226634411194, 76.794051562926825 ], [ 763.745035488460985, 37.917956173623352 ] ] ] } },
{ "type": "Feature", "properties": { "feature_type": "building", "subtype": "no-damage", "uid": "7e3b63c0-fcdf-4c88-99f3-1235c9db2cd5" }, "geometry": { "type": "Polygon", "coordinates": [ [ [ 709.148439075445594, 114.165982091700798 ], [ 727.383259095406629, 109.607277086456804 ], [ 728.212114550350861, 121.625681191283405 ], [ 747.068576165334775, 120.382398009884596 ], [ 751.834495031772235, 163.690095555633206 ], [ 731.7347502389498, 165.555020331800392 ], [ 728.833756144610788, 144.004778485962106 ], [ 715.572068854823101, 144.41920621648589 ], [ 710.598936119944824, 141.932639848602093 ], [ 709.148439075445594, 114.165982091700798 ] ] ] } },
{ "type": "Feature", "properties": { "feature_type": "building", "subtype": "no-damage", "uid": "f9fef3ce-2c80-44d9-84be-4e6df21b0696" }, "geometry": { "type": "Polygon", "coordinates": [ [ [ 753.051577705597538, 113.922976307135599 ], [ 765.645500105766018, 111.378749558296505 ], [ 766.281556792848733, 114.177398981714404 ], [ 788.670752163155157, 110.106636183368394 ], [ 797.575545779769868, 153.231279545825714 ], [ 775.313561744463868, 159.591846412328493 ], [ 769.589051563771363, 136.184960341929894 ], [ 758.140031199843179, 138.347553076866404 ], [ 753.051577705597538, 113.922976307135599 ] ] ] } },
{ "type": "Feature", "properties": { "feature_type": "building", "subtype": "no-damage", "uid": "34d8d3f4-af8a-4625-9923-4e274ccad238" }, "geometry": { "type": "Polygon", "coordinates": [ [ [ 796.431736060715707, 98.233168172980683 ], [ 807.147330030873036, 95.6354484215301 ], [ 810.881552174092462, 107.812259752639903 ], [ 833.936314955122157, 102.616820251773305 ], [ 837.183464643799994, 109.598192077947502 ], [ 839.943541882259865, 131.51645247597969 ], [ 824.032508406657371, 136.06246203898371 ], [ 826.305513191720138, 148.239273365007307 ], [ 806.66025758001922, 152.78528293004581 ], [ 797.568238448923694, 120.963215988000599 ], [ 798.867098326174983, 111.059409441953207 ], [ 796.431736060715707, 98.233168172980683 ] ] ] } },
{ "type": "Feature", "properties": { "feature_type": "building", "subtype": "no-damage", "uid": "68c49f6d-ce6c-4298-98fb-15969f7627bf" }, "geometry": { "type": "Polygon", "coordinates": [ [ [ 801.637748126722727, 19.841698923148179 ], [ 807.232522448994473, 13.625283005981631 ], [ 816.971574052853384, 11.967572095076299 ], [ 821.737492919926694, 25.022045521126071 ], [ 831.476544522259701, 22.328265291032071 ], [ 832.719827708745015, 22.949906881731462 ], [ 843.49494862963104, 21.292195969808869 ], [ 851.161861592187734, 51.130992368139268 ], [ 813.656152231042256, 60.870043970343851 ], [ 801.637748126722727, 19.841698923148179 ] ] ] } },
{ "type": "Feature", "properties": { "feature_type": "building", "subtype": "no-damage", "uid": "19747aee-2e05-4e7d-a4a0-201959e45555" }, "geometry": { "type": "Polygon", "coordinates": [ [ [ 845.981514994336294, 16.73349096558217 ], [ 859.450416147859983, 11.345930505394181 ], [ 860.072057740212472, 3.264589811043122 ], [ 863.594693423470744, 1.680877800149407 ], [ 865.866141779864734, 0.005829118831933 ], [ 878.517084607502511, 0.005606631314736 ], [ 891.982992775017237, 25.229259383336171 ], [ 889.910854136512398, 29.995178252824779 ], [ 893.433489821550893, 38.490946667526977 ], [ 879.135733215880691, 44.707362586728067 ], [ 876.234739122813153, 38.283732806334143 ], [ 856.134994322615626, 45.743431904899467 ], [ 845.981514994336294, 16.73349096558217 ] ] ] } },
{ "type": "Feature", "properties": { "feature_type": "building", "subtype": "no-damage", "uid": "c52331af-a4a1-4024-94d8-5b9bd1da30bd" }, "geometry": { "type": "Polygon", "coordinates": [ [ [ 930.317909581310801, 0.004614355359885 ], [ 932.838815790458739, 5.538526402648781 ], [ 932.309889322749086, 12.679033720733059 ], [ 936.276837829617534, 21.93524690812961 ], [ 921.995823200313566, 26.695585117134002 ], [ 920.144580560214536, 22.199710138741839 ], [ 910.888367371417985, 26.166658649805939 ], [ 913.268536475920541, 30.926996862879388 ], [ 901.103227714530362, 35.158408601503908 ], [ 899.251985078500411, 28.01790128952323 ], [ 900.57430124580344, 21.93524690812961 ], [ 890.329685987607604, 0.005391850613522 ], [ 930.317909581310801, 0.004614355359885 ] ] ] } },
{ "type": "Feature", "properties": { "feature_type": "building", "subtype": "no-damage", "uid": "c81ebd50-f747-4ff5-a52c-caf312bc1de7" }, "geometry": { "type": "Polygon", "coordinates": [ [ [ 975.95003784199082, 0.003632031329632 ], [ 942.59593102261249, 13.454273228191539 ], [ 938.542440922514061, 0.004444792183804 ], [ 975.95003784199082, 0.003632031329632 ] ] ] } },
{ "type": "Feature", "properties": { "feature_type": "building", "subtype": "no-damage", "uid": "a6a58d60-9f99-45b1-8c76-57c2b6b811ca" }, "geometry": { "type": "Polygon", "coordinates": [ [ [ 837.759903532474823, 97.260802664302943 ], [ 875.049219520562133, 88.004589472837324 ], [ 881.92526360523766, 113.393059935102499 ], [ 884.834359178594127, 113.128596697369403 ], [ 888.536844454087372, 128.731927504909891 ], [ 871.611197479623115, 134.021192182259597 ], [ 868.173175438175463, 121.062493718480297 ], [ 846.487190255087626, 126.087295166234995 ], [ 837.759903532474823, 97.260802664302943 ] ] ] } },
{ "type": "Feature", "properties": { "feature_type": "building", "subtype": "no-damage", "uid": "e7c25e6a-7197-4649-b3d9-8a6fd3ded81b" }, "geometry": { "type": "Polygon", "coordinates": [ [ [ 879.545094498064827, 80.335155691494037 ], [ 893.561645896375012, 76.63267041409398 ], [ 895.677351766577658, 81.657471858796939 ], [ 903.082322322014534, 81.128545393503401 ], [ 901.231079682297036, 75.574817478420584 ], [ 911.545145808928851, 72.401258670383129 ], [ 913.13192520989594, 77.426060116103343 ], [ 918.950116355464615, 76.103743949817726 ], [ 934.024520694534772, 123.971589290819196 ], [ 917.892263421444113, 130.054243673230104 ], [ 912.338535508522227, 114.715376105457196 ], [ 902.024469386341025, 117.624471675761498 ], [ 904.14017525336476, 125.822831928501898 ], [ 911.809609040812688, 124.500515761198997 ], [ 916.04102078630433, 136.401361289304987 ], [ 896.999667939094252, 141.42616273299069 ], [ 879.545094498064827, 80.335155691494037 ] ] ] } },
{ "type": "Feature", "properties": { "feature_type": "building", "subtype": "no-damage", "uid": "c8a8eedb-5a57-4484-b603-0fd3fc129d38" }, "geometry": { "type": "Polygon", "coordinates": [ [ [ 918.963507329327399, 62.962439814819419 ], [ 933.675691667174533, 57.367665488352252 ], [ 939.684893716409761, 71.458208235625222 ], [ 946.937378953528878, 69.800497323702629 ], [ 943.207529406280287, 60.89030117644208 ], [ 956.67643055395456, 56.746023897652861 ], [ 975.740106032165954, 96.945513487869974 ], [ 957.919713736625113, 105.648495769868603 ], [ 953.568222595879547, 97.152727354149135 ], [ 934.711760985218916, 103.783570996753198 ], [ 918.963507329327399, 62.962439814819419 ] ] ] } },
{ "type": "Feature", "properties": { "feature_type": "building", "subtype": "no-damage", "uid": "9e85b8ba-327a-4f90-8ff3-fd4800f09947" }, "geometry": { "type": "Polygon", "coordinates": [ [ [ 965.185744845224008, 54.635975848538678 ], [ 979.995685948341134, 48.817784698774567 ], [ 980.789075648824678, 41.148350913362208 ], [ 992.954384409960539, 36.652475933952793 ], [ 1009.880031385696043, 68.652527247991415 ], [ 994.012237347668588, 74.735181624298704 ], [ 994.012237344108144, 83.991394815764323 ], [ 995.86347998331712, 89.016196260467268 ], [ 1007.764325509643982, 83.991394814747053 ], [ 1013.846979891801993, 96.156703577534287 ], [ 987.400656496402917, 107.5286226383122 ], [ 965.185744845224008, 54.635975848538678 ] ] ] } },
{ "type": "Feature", "properties": { "feature_type": "building", "subtype": "no-damage", "uid": "730433fa-ae25-4a2e-8e4b-fde639b1d9f2" }, "geometry": { "type": "Polygon", "coordinates": [ [ [ 1022.845122101340053, 970.850243048051766 ], [ 1004.122946503586036, 971.505969713974991 ], [ 1002.962653630048976, 969.649501118554895 ], [ 1002.96265363208397, 955.725986677318474 ], [ 1009.460293704102014, 956.190103827190796 ], [ 1009.460293706644961, 926.486606343194353 ], [ 1022.845053801769041, 925.914343060011447 ], [ 1022.845122101340053, 970.850243048051766 ] ] ] } },
{ "type": "Feature", "properties": { "feature_type": "building", "subtype": "no-damage", "uid": "69f4ddac-b51d-4a31-a681-a7519734c20d" }, "geometry": { "type": "Polygon", "coordinates": [ [ [ 740.184489021005675, 918.837487223198309 ], [ 737.622276745829026, 946.167751529045404 ], [ 744.027807442862468, 944.88664539037643 ], [ 742.746701300378618, 968.373591278182062 ], [ 715.843472374338489, 968.373591278182062 ], [ 714.989401613699783, 950.865140706199668 ], [ 701.751304840330704, 950.438105328677807 ], [ 701.751304841347974, 917.983416466120161 ], [ 740.184489021005675, 918.837487223198309 ] ] ] } }
]
}
